"audio","label","labels","human_label","human_labels","path","dataset_source"
"255850.wav","/m/07pp_mv","[""/m/0242l"", ""/m/07pp_mv"", ""/t/dd00071""]","alarm","[""alarm"", ""Coin_(dropping)"", ""Domestic_sounds_and_home_sounds""]","zenodo/255850.wav","zenodo"
"87315.wav","/m/02mk9","[""/m/0242l"", ""/m/07pbtc8"", ""/m/01s0vc"", ""/m/01h8n0"", ""/m/01bjv"", ""/m/07pp_mv"", ""/m/02mk9"", ""/t/dd00071"", ""/m/09x0r"", ""/m/09l8g"", ""/m/012f08"", ""/m/07yv9""]","engine","[""Conversation"", ""Motor_vehicle_(road)"", ""Coin_(dropping)"", ""Domestic_sounds_and_home_sounds"", ""Human_voice"", ""Zipper_(clothing)"", ""Bus"", ""Speech"", ""Vehicle"", ""alarm"", ""engine"", ""Walk_and_footsteps""]","zenodo/87315.wav","zenodo"
"403457.wav","/m/0912c9","[""/m/0912c9"", ""/m/0k4j"", ""/m/012f08"", ""/m/07yv9"", ""/m/07pp_mv""]","car_horn","[""Motor_vehicle_(road)"", ""car_horn"", ""Car"", ""Vehicle"", ""alarm""]","zenodo/403457.wav","zenodo"
"402958.wav","/m/0912c9","[""/m/0912c9"", ""/m/0k4j"", ""/m/012f08"", ""/m/07yv9"", ""/m/07pp_mv""]","car_horn","[""Motor_vehicle_(road)"", ""car_horn"", ""Car"", ""Vehicle"", ""alarm""]","zenodo/402958.wav","zenodo"
"425496.wav","/m/0912c9","[""/m/0912c9"", ""/m/0k4j"", ""/m/012f08"", ""/m/07yv9"", ""/m/07pp_mv""]","car_horn","[""Motor_vehicle_(road)"", ""car_horn"", ""Car"", ""Vehicle"", ""alarm""]","zenodo/425496.wav","zenodo"
"66585.wav","/m/0912c9","[""/m/0912c9"", ""/m/0k4j"", ""/m/012f08"", ""/m/07yv9"", ""/m/07pp_mv""]","car_horn","[""Motor_vehicle_(road)"", ""car_horn"", ""Car"", ""Vehicle"", ""alarm""]","zenodo/66585.wav","zenodo"
"66586.wav","/m/0912c9","[""/m/0912c9"", ""/m/0k4j"", ""/m/012f08"", ""/m/07yv9"", ""/m/07pp_mv""]","car_horn","[""Motor_vehicle_(road)"", ""car_horn"", ""Car"", ""Vehicle"", ""alarm""]","zenodo/66586.wav","zenodo"
"29724.wav","/m/0912c9","[""/m/0912c9"", ""/m/0k4j"", ""/m/012f08"", ""/m/07yv9"", ""/m/07pp_mv""]","car_horn","[""Motor_vehicle_(road)"", ""car_horn"", ""Car"", ""Vehicle"", ""alarm""]","zenodo/29724.wav","zenodo"
"427039.wav","/m/0912c9","[""/m/0912c9"", ""/m/0k4j"", ""/m/012f08"", ""/m/07yv9"", ""/m/07pp_mv""]","car_horn","[""Motor_vehicle_(road)"", ""car_horn"", ""Car"", ""Vehicle"", ""alarm""]","zenodo/427039.wav","zenodo"
"83488.wav","/m/0912c9","[""/m/0912c9"", ""/m/0k4j"", ""/m/012f08"", ""/m/07yv9"", ""/m/07pp_mv""]","car_horn","[""Motor_vehicle_(road)"", ""car_horn"", ""Car"", ""Vehicle"", ""alarm""]","zenodo/83488.wav","zenodo"
"184355.wav","/m/0912c9","[""/m/0912c9"", ""/m/0k4j"", ""/m/012f08"", ""/m/07yv9"", ""/m/07pp_mv""]","car_horn","[""Motor_vehicle_(road)"", ""car_horn"", ""Car"", ""Vehicle"", ""alarm""]","zenodo/184355.wav","zenodo"
"254507.wav","/m/0912c9","[""/m/0912c9"", ""/m/012f08"", ""/m/0k4j"", ""/m/07yv9"", ""/m/07pp_mv""]","car_horn","[""Motor_vehicle_(road)"", ""car_horn"", ""Car"", ""Vehicle"", ""alarm""]","zenodo/254507.wav","zenodo"
"352305.wav","/m/0912c9","[""/m/0912c9"", ""/m/0k4j"", ""/m/012f08"", ""/m/07yv9"", ""/m/07pp_mv""]","car_horn","[""Motor_vehicle_(road)"", ""car_horn"", ""Car"", ""Vehicle"", ""alarm""]","zenodo/352305.wav","zenodo"
"68657.wav","/m/0912c9","[""/m/0912c9"", ""/m/0k4j"", ""/m/012f08"", ""/m/07yv9"", ""/m/07pp_mv""]","car_horn","[""Motor_vehicle_(road)"", ""car_horn"", ""Car"", ""Vehicle"", ""alarm""]","zenodo/68657.wav","zenodo"
"26176.wav","/m/0912c9","[""/m/0btp2"", ""/m/0912c9"", ""/m/0k4j"", ""/m/012f08"", ""/m/07yv9"", ""/m/07pp_mv""]","car_horn","[""Motor_vehicle_(road)"", ""car_horn"", ""Car"", ""Vehicle"", ""traffic_noise"", ""alarm""]","zenodo/26176.wav","zenodo"
"26177.wav","/m/0912c9","[""/m/0btp2"", ""/m/0912c9"", ""/m/0k4j"", ""/m/012f08"", ""/m/07yv9"", ""/m/07pp_mv""]","car_horn","[""Motor_vehicle_(road)"", ""car_horn"", ""Car"", ""Vehicle"", ""traffic_noise"", ""alarm""]","zenodo/26177.wav","zenodo"
"125520.wav","/m/0912c9","[""/m/0912c9"", ""/m/0k4j"", ""/m/012f08"", ""/m/07yv9"", ""/m/07pp_mv""]","car_horn","[""Motor_vehicle_(road)"", ""car_horn"", ""Car"", ""Vehicle"", ""alarm""]","zenodo/125520.wav","zenodo"
"322129.wav","/m/0912c9","[""/m/0912c9"", ""/m/0k4j"", ""/m/012f08"", ""/m/07yv9"", ""/m/07pp_mv""]","car_horn","[""Motor_vehicle_(road)"", ""car_horn"", ""Car"", ""Vehicle"", ""alarm""]","zenodo/322129.wav","zenodo"
"322130.wav","/m/0912c9","[""/m/0912c9"", ""/m/0k4j"", ""/m/012f08"", ""/m/07yv9"", ""/m/07pp_mv""]","car_horn","[""Motor_vehicle_(road)"", ""car_horn"", ""Car"", ""Vehicle"", ""alarm""]","zenodo/322130.wav","zenodo"
"19026.wav","/m/0912c9","[""/m/0912c9"", ""/m/0k4j"", ""/m/012f08"", ""/m/07yv9"", ""/m/07pp_mv""]","car_horn","[""Motor_vehicle_(road)"", ""car_horn"", ""Car"", ""Vehicle"", ""alarm""]","zenodo/19026.wav","zenodo"
"371833.wav","/m/0912c9","[""/m/0912c9"", ""/m/0k4j"", ""/m/012f08"", ""/m/07yv9"", ""/m/07pp_mv""]","car_horn","[""Motor_vehicle_(road)"", ""car_horn"", ""Car"", ""Vehicle"", ""alarm""]","zenodo/371833.wav","zenodo"
"371853.wav","/m/0912c9","[""/m/0912c9"", ""/m/0k4j"", ""/m/012f08"", ""/m/07yv9"", ""/m/07pp_mv""]","car_horn","[""Motor_vehicle_(road)"", ""car_horn"", ""Car"", ""Vehicle"", ""alarm""]","zenodo/371853.wav","zenodo"
"179858.wav","/m/0912c9","[""/m/0912c9"", ""/m/0k4j"", ""/m/012f08"", ""/m/07yv9"", ""/m/07pp_mv""]","car_horn","[""Motor_vehicle_(road)"", ""car_horn"", ""Car"", ""Vehicle"", ""alarm""]","zenodo/179858.wav","zenodo"
"179860.wav","/m/0912c9","[""/m/0btp2"", ""/m/0912c9"", ""/m/0k4j"", ""/m/012f08"", ""/m/07yv9"", ""/m/07pp_mv""]","car_horn","[""Motor_vehicle_(road)"", ""car_horn"", ""Car"", ""Vehicle"", ""traffic_noise"", ""alarm""]","zenodo/179860.wav","zenodo"
"179861.wav","/m/0912c9","[""/m/0btp2"", ""/m/0912c9"", ""/m/0k4j"", ""/m/012f08"", ""/m/07yv9"", ""/m/07pp_mv""]","car_horn","[""Motor_vehicle_(road)"", ""car_horn"", ""Car"", ""Vehicle"", ""traffic_noise"", ""alarm""]","zenodo/179861.wav","zenodo"
"179862.wav","/m/0912c9","[""/m/0btp2"", ""/m/0912c9"", ""/m/0k4j"", ""/m/012f08"", ""/m/07yv9"", ""/m/07pp_mv""]","car_horn","[""Motor_vehicle_(road)"", ""car_horn"", ""Car"", ""Vehicle"", ""traffic_noise"", ""alarm""]","zenodo/179862.wav","zenodo"
"179863.wav","/m/0912c9","[""/m/0btp2"", ""/m/0912c9"", ""/m/0k4j"", ""/m/012f08"", ""/m/07yv9"", ""/m/07pp_mv""]","car_horn","[""Motor_vehicle_(road)"", ""car_horn"", ""Car"", ""Vehicle"", ""traffic_noise"", ""alarm""]","zenodo/179863.wav","zenodo"
"179864.wav","/m/0912c9","[""/m/0btp2"", ""/m/0912c9"", ""/m/0k4j"", ""/m/012f08"", ""/m/07yv9"", ""/m/07pp_mv""]","car_horn","[""Motor_vehicle_(road)"", ""car_horn"", ""Car"", ""Vehicle"", ""traffic_noise"", ""alarm""]","zenodo/179864.wav","zenodo"
"179865.wav","/m/0912c9","[""/m/0btp2"", ""/m/0912c9"", ""/m/0k4j"", ""/m/012f08"", ""/m/07yv9"", ""/m/07pp_mv""]","car_horn","[""Motor_vehicle_(road)"", ""car_horn"", ""Car"", ""Vehicle"", ""traffic_noise"", ""alarm""]","zenodo/179865.wav","zenodo"
"379034.wav","/m/0912c9","[""/m/0912c9"", ""/m/0k4j"", ""/m/012f08"", ""/m/07yv9"", ""/m/07pp_mv""]","car_horn","[""Motor_vehicle_(road)"", ""car_horn"", ""Car"", ""Vehicle"", ""alarm""]","zenodo/379034.wav","zenodo"
"179867.wav","/m/0912c9","[""/m/0btp2"", ""/m/0912c9"", ""/m/0k4j"", ""/m/012f08"", ""/m/07yv9"", ""/m/07pp_mv""]","car_horn","[""Motor_vehicle_(road)"", ""car_horn"", ""Car"", ""Vehicle"", ""traffic_noise"", ""alarm""]","zenodo/179867.wav","zenodo"
"424604.wav","/m/0912c9","[""/m/0912c9"", ""/m/0k4j"", ""/m/012f08"", ""/m/07yv9"", ""/m/07pp_mv""]","car_horn","[""Motor_vehicle_(road)"", ""car_horn"", ""Car"", ""Vehicle"", ""alarm""]","zenodo/424604.wav","zenodo"
"424603.wav","/m/0912c9","[""/m/0912c9"", ""/m/0k4j"", ""/m/012f08"", ""/m/07yv9"", ""/m/07pp_mv""]","car_horn","[""Motor_vehicle_(road)"", ""car_horn"", ""Car"", ""Vehicle"", ""alarm""]","zenodo/424603.wav","zenodo"
"179868.wav","/m/0912c9","[""/m/0912c9"", ""/m/0k4j"", ""/m/012f08"", ""/m/07yv9"", ""/m/07pp_mv""]","car_horn","[""Motor_vehicle_(road)"", ""car_horn"", ""Car"", ""Vehicle"", ""alarm""]","zenodo/179868.wav","zenodo"
"179866.wav","/m/0912c9","[""/m/0btp2"", ""/m/0912c9"", ""/m/0k4j"", ""/m/012f08"", ""/m/07yv9"", ""/m/07pp_mv""]","car_horn","[""Motor_vehicle_(road)"", ""car_horn"", ""Car"", ""Vehicle"", ""traffic_noise"", ""alarm""]","zenodo/179866.wav","zenodo"
"377496.wav","/m/0912c9","[""/m/0912c9"", ""/m/0k4j"", ""/m/012f08"", ""/m/07yv9"", ""/m/07pp_mv""]","car_horn","[""Motor_vehicle_(road)"", ""car_horn"", ""Car"", ""Vehicle"", ""alarm""]","zenodo/377496.wav","zenodo"
"32417.wav","/m/0912c9","[""/m/0912c9"", ""/m/0k4j"", ""/m/012f08"", ""/m/07yv9"", ""/m/07pp_mv""]","car_horn","[""Motor_vehicle_(road)"", ""car_horn"", ""Car"", ""Vehicle"", ""alarm""]","zenodo/32417.wav","zenodo"
"113319.wav","/m/0912c9","[""/m/01bjv"", ""/m/0912c9"", ""/m/07yv9"", ""/m/0k4j"", ""/m/012f08"", ""/m/07pp_mv""]","car_horn","[""Motor_vehicle_(road)"", ""Bus"", ""car_horn"", ""Car"", ""Vehicle"", ""alarm""]","zenodo/113319.wav","zenodo"
"145577.wav","/m/0912c9","[""/m/0912c9"", ""/m/0k4j"", ""/m/012f08"", ""/m/07yv9"", ""/m/07pp_mv""]","car_horn","[""Motor_vehicle_(road)"", ""car_horn"", ""Car"", ""Vehicle"", ""alarm""]","zenodo/145577.wav","zenodo"
"47275.wav","/m/0912c9","[""/m/0912c9"", ""/m/09l8g"", ""/m/0k4j"", ""/m/012f08"", ""/m/07yv9"", ""/m/07pp_mv""]","car_horn","[""Motor_vehicle_(road)"", ""Human_voice"", ""car_horn"", ""Car"", ""Vehicle"", ""alarm""]","zenodo/47275.wav","zenodo"
"21687.wav","/m/0912c9","[""/m/0912c9"", ""/m/0k4j"", ""/m/012f08"", ""/m/07yv9"", ""/m/07pp_mv""]","car_horn","[""Motor_vehicle_(road)"", ""car_horn"", ""Car"", ""Vehicle"", ""alarm""]","zenodo/21687.wav","zenodo"
"77509.wav","/m/0912c9","[""/m/0912c9"", ""/m/0k4j"", ""/m/012f08"", ""/m/07yv9"", ""/m/07pp_mv""]","car_horn","[""Motor_vehicle_(road)"", ""car_horn"", ""Car"", ""Vehicle"", ""alarm""]","zenodo/77509.wav","zenodo"
"182474.wav","/m/0912c9","[""/m/0btp2"", ""/m/0912c9"", ""/m/0k4j"", ""/m/012f08"", ""/m/07yv9"", ""/m/07pp_mv""]","car_horn","[""Motor_vehicle_(road)"", ""car_horn"", ""Car"", ""Vehicle"", ""traffic_noise"", ""alarm""]","zenodo/182474.wav","zenodo"
"255699.wav","/m/0912c9","[""/m/0912c9"", ""/m/012f08"", ""/m/0k4j"", ""/m/07yv9"", ""/m/07pp_mv""]","car_horn","[""Motor_vehicle_(road)"", ""car_horn"", ""Car"", ""Vehicle"", ""alarm""]","zenodo/255699.wav","zenodo"
"255700.wav","/m/0912c9","[""/m/0912c9"", ""/m/012f08"", ""/m/0k4j"", ""/m/07yv9"", ""/m/07pp_mv""]","car_horn","[""Motor_vehicle_(road)"", ""car_horn"", ""Car"", ""Vehicle"", ""alarm""]","zenodo/255700.wav","zenodo"
"254678.wav","/m/0912c9","[""/m/0912c9"", ""/m/0k4j"", ""/m/012f08"", ""/m/07yv9"", ""/m/07pp_mv""]","car_horn","[""Motor_vehicle_(road)"", ""car_horn"", ""Car"", ""Vehicle"", ""alarm""]","zenodo/254678.wav","zenodo"
"212182.wav","/m/0912c9","[""/m/0btp2"", ""/m/0912c9"", ""/m/0k4j"", ""/m/012f08"", ""/m/07yv9"", ""/m/07pp_mv""]","car_horn","[""Motor_vehicle_(road)"", ""car_horn"", ""Car"", ""Vehicle"", ""traffic_noise"", ""alarm""]","zenodo/212182.wav","zenodo"
"212186.wav","/m/0912c9","[""/m/0btp2"", ""/m/0912c9"", ""/m/0k4j"", ""/m/012f08"", ""/m/07yv9"", ""/m/07pp_mv""]","car_horn","[""Motor_vehicle_(road)"", ""car_horn"", ""Car"", ""Vehicle"", ""traffic_noise"", ""alarm""]","zenodo/212186.wav","zenodo"
"212187.wav","/m/0912c9","[""/m/0btp2"", ""/m/0912c9"", ""/m/0k4j"", ""/m/012f08"", ""/m/07yv9"", ""/m/07pp_mv""]","car_horn","[""Motor_vehicle_(road)"", ""car_horn"", ""Car"", ""Vehicle"", ""traffic_noise"", ""alarm""]","zenodo/212187.wav","zenodo"
"431841.wav","/m/0912c9","[""/m/0912c9"", ""/m/0k4j"", ""/m/012f08"", ""/m/07yv9"", ""/m/07pp_mv""]","car_horn","[""Motor_vehicle_(road)"", ""car_horn"", ""Car"", ""Vehicle"", ""alarm""]","zenodo/431841.wav","zenodo"
"175842.wav","/m/0912c9","[""/m/0btp2"", ""/m/0912c9"", ""/m/0k4j"", ""/m/012f08"", ""/m/07yv9"", ""/m/07pp_mv""]","car_horn","[""Motor_vehicle_(road)"", ""car_horn"", ""Car"", ""Vehicle"", ""traffic_noise"", ""alarm""]","zenodo/175842.wav","zenodo"
"178402.wav","/m/0912c9","[""/m/0912c9"", ""/m/0k4j"", ""/m/012f08"", ""/m/07yv9"", ""/m/07pp_mv""]","car_horn","[""Motor_vehicle_(road)"", ""car_horn"", ""Car"", ""Vehicle"", ""alarm""]","zenodo/178402.wav","zenodo"
"175844.wav","/m/0912c9","[""/m/0btp2"", ""/m/0912c9"", ""/m/0k4j"", ""/m/012f08"", ""/m/07yv9"", ""/m/07pp_mv""]","car_horn","[""Motor_vehicle_(road)"", ""car_horn"", ""Car"", ""Vehicle"", ""traffic_noise"", ""alarm""]","zenodo/175844.wav","zenodo"
"175843.wav","/m/0912c9","[""/m/0btp2"", ""/m/0912c9"", ""/m/0k4j"", ""/m/012f08"", ""/m/07yv9"", ""/m/07pp_mv""]","car_horn","[""Motor_vehicle_(road)"", ""car_horn"", ""Car"", ""Vehicle"", ""traffic_noise"", ""alarm""]","zenodo/175843.wav","zenodo"
"175846.wav","/m/0912c9","[""/m/0btp2"", ""/m/0912c9"", ""/m/0k4j"", ""/m/012f08"", ""/m/07yv9"", ""/m/07pp_mv""]","car_horn","[""Motor_vehicle_(road)"", ""car_horn"", ""Car"", ""Vehicle"", ""traffic_noise"", ""alarm""]","zenodo/175846.wav","zenodo"
"175847.wav","/m/0912c9","[""/m/0912c9"", ""/m/0k4j"", ""/m/012f08"", ""/m/07yv9"", ""/m/07pp_mv""]","car_horn","[""Motor_vehicle_(road)"", ""car_horn"", ""Car"", ""Vehicle"", ""alarm""]","zenodo/175847.wav","zenodo"
"175848.wav","/m/0912c9","[""/m/0btp2"", ""/m/0912c9"", ""/m/0k4j"", ""/m/012f08"", ""/m/07yv9"", ""/m/07pp_mv""]","car_horn","[""Motor_vehicle_(road)"", ""car_horn"", ""Car"", ""Vehicle"", ""traffic_noise"", ""alarm""]","zenodo/175848.wav","zenodo"
"175849.wav","/m/0912c9","[""/m/0btp2"", ""/m/0912c9"", ""/m/0k4j"", ""/m/012f08"", ""/m/07yv9"", ""/m/07pp_mv""]","car_horn","[""Motor_vehicle_(road)"", ""car_horn"", ""Car"", ""Vehicle"", ""traffic_noise"", ""alarm""]","zenodo/175849.wav","zenodo"
"175850.wav","/m/0912c9","[""/m/0btp2"", ""/m/0912c9"", ""/m/0k4j"", ""/m/012f08"", ""/m/07yv9"", ""/m/07pp_mv""]","car_horn","[""Motor_vehicle_(road)"", ""car_horn"", ""Car"", ""Vehicle"", ""traffic_noise"", ""alarm""]","zenodo/175850.wav","zenodo"
"175851.wav","/m/0912c9","[""/m/0btp2"", ""/m/0912c9"", ""/m/0k4j"", ""/m/012f08"", ""/m/07yv9"", ""/m/07pp_mv""]","car_horn","[""Motor_vehicle_(road)"", ""car_horn"", ""Car"", ""Vehicle"", ""traffic_noise"", ""alarm""]","zenodo/175851.wav","zenodo"
"175852.wav","/m/0912c9","[""/m/0912c9"", ""/m/0k4j"", ""/m/012f08"", ""/m/07yv9"", ""/m/07pp_mv""]","car_horn","[""Motor_vehicle_(road)"", ""car_horn"", ""Car"", ""Vehicle"", ""alarm""]","zenodo/175852.wav","zenodo"
"162541.wav","/m/0912c9","[""/m/0912c9"", ""/m/0k4j"", ""/m/012f08"", ""/m/07yv9"", ""/m/07pp_mv""]","car_horn","[""Motor_vehicle_(road)"", ""car_horn"", ""Car"", ""Vehicle"", ""alarm""]","zenodo/162541.wav","zenodo"
"162540.wav","/m/0912c9","[""/m/0912c9"", ""/m/07yv9"", ""/m/0k4j"", ""/m/012f08"", ""/m/07pp_mv""]","car_horn","[""Motor_vehicle_(road)"", ""car_horn"", ""Car"", ""Vehicle"", ""alarm""]","zenodo/162540.wav","zenodo"
"175855.wav","/m/0912c9","[""/m/0912c9"", ""/m/0k4j"", ""/m/012f08"", ""/m/07yv9"", ""/m/07pp_mv""]","car_horn","[""Motor_vehicle_(road)"", ""car_horn"", ""Car"", ""Vehicle"", ""alarm""]","zenodo/175855.wav","zenodo"
"175856.wav","/m/0912c9","[""/m/0btp2"", ""/m/0912c9"", ""/m/0k4j"", ""/m/012f08"", ""/m/07yv9"", ""/m/07pp_mv""]","car_horn","[""Motor_vehicle_(road)"", ""car_horn"", ""Car"", ""Vehicle"", ""traffic_noise"", ""alarm""]","zenodo/175856.wav","zenodo"
"175853.wav","/m/0912c9","[""/m/0btp2"", ""/m/0912c9"", ""/m/0k4j"", ""/m/012f08"", ""/m/07yv9"", ""/m/07pp_mv""]","car_horn","[""Motor_vehicle_(road)"", ""car_horn"", ""Car"", ""Vehicle"", ""traffic_noise"", ""alarm""]","zenodo/175853.wav","zenodo"
"171249.wav","/m/0912c9","[""/m/0912c9"", ""/m/0k4j"", ""/m/012f08"", ""/m/07yv9"", ""/m/07pp_mv""]","car_horn","[""Motor_vehicle_(road)"", ""car_horn"", ""Car"", ""Vehicle"", ""alarm""]","zenodo/171249.wav","zenodo"
"175854.wav","/m/0912c9","[""/m/0912c9"", ""/m/0k4j"", ""/m/012f08"", ""/m/07yv9"", ""/m/07pp_mv""]","car_horn","[""Motor_vehicle_(road)"", ""car_horn"", ""Car"", ""Vehicle"", ""alarm""]","zenodo/175854.wav","zenodo"
"174840.wav","/m/0912c9","[""/m/0912c9"", ""/m/0k4j"", ""/m/012f08"", ""/m/07yv9"", ""/m/07pp_mv""]","car_horn","[""Motor_vehicle_(road)"", ""car_horn"", ""Car"", ""Vehicle"", ""alarm""]","zenodo/174840.wav","zenodo"
"174841.wav","/m/0912c9","[""/m/0912c9"", ""/m/0k4j"", ""/m/012f08"", ""/m/07yv9"", ""/m/07pp_mv""]","car_horn","[""Motor_vehicle_(road)"", ""car_horn"", ""Car"", ""Vehicle"", ""alarm""]","zenodo/174841.wav","zenodo"
"170243.wav","/m/0912c9","[""/m/0912c9"", ""/m/0k4j"", ""/m/012f08"", ""/m/07yv9"", ""/m/07pp_mv""]","car_horn","[""Motor_vehicle_(road)"", ""car_horn"", ""Car"", ""Vehicle"", ""alarm""]","zenodo/170243.wav","zenodo"
"164625.wav","/m/0912c9","[""/m/0912c9"", ""/m/0k4j"", ""/m/012f08"", ""/m/07yv9"", ""/m/07pp_mv""]","car_horn","[""Motor_vehicle_(road)"", ""car_horn"", ""Car"", ""Vehicle"", ""alarm""]","zenodo/164625.wav","zenodo"
"164626.wav","/m/0912c9","[""/m/0912c9"", ""/m/0k4j"", ""/m/012f08"", ""/m/07yv9"", ""/m/07pp_mv""]","car_horn","[""Motor_vehicle_(road)"", ""car_horn"", ""Car"", ""Vehicle"", ""alarm""]","zenodo/164626.wav","zenodo"
"164627.wav","/m/0912c9","[""/m/0912c9"", ""/m/0k4j"", ""/m/012f08"", ""/m/07yv9"", ""/m/07pp_mv""]","car_horn","[""Motor_vehicle_(road)"", ""car_horn"", ""Car"", ""Vehicle"", ""alarm""]","zenodo/164627.wav","zenodo"
"331540.wav","/m/0912c9","[""/m/0912c9"", ""/m/0k4j"", ""/m/012f08"", ""/m/07yv9"", ""/m/07pp_mv""]","car_horn","[""Motor_vehicle_(road)"", ""car_horn"", ""Car"", ""Vehicle"", ""alarm""]","zenodo/331540.wav","zenodo"
"331542.wav","/m/0912c9","[""/m/0912c9"", ""/m/07yv9"", ""/m/0k4j"", ""/m/012f08"", ""/m/07pp_mv""]","car_horn","[""Motor_vehicle_(road)"", ""car_horn"", ""Car"", ""Vehicle"", ""alarm""]","zenodo/331542.wav","zenodo"
"264993.wav","/m/0912c9","[""/m/0btp2"", ""/m/0912c9"", ""/m/0k4j"", ""/m/012f08"", ""/m/07yv9"", ""/m/07pp_mv""]","car_horn","[""Motor_vehicle_(road)"", ""car_horn"", ""Car"", ""Vehicle"", ""traffic_noise"", ""alarm""]","zenodo/264993.wav","zenodo"
"364839.wav","/m/0912c9","[""/m/0912c9"", ""/m/0k4j"", ""/m/012f08"", ""/m/07yv9"", ""/m/07pp_mv""]","car_horn","[""Motor_vehicle_(road)"", ""car_horn"", ""Car"", ""Vehicle"", ""alarm""]","zenodo/364839.wav","zenodo"
"49974.wav","/m/0912c9","[""/m/0912c9"", ""/m/0k4j"", ""/m/012f08"", ""/m/07yv9"", ""/m/07pp_mv""]","car_horn","[""Motor_vehicle_(road)"", ""car_horn"", ""Car"", ""Vehicle"", ""alarm""]","zenodo/49974.wav","zenodo"
"6984.wav","/m/0912c9","[""/m/0912c9"", ""/m/0k4j"", ""/m/012f08"", ""/m/07yv9"", ""/m/07pp_mv""]","car_horn","[""Motor_vehicle_(road)"", ""car_horn"", ""Car"", ""Vehicle"", ""alarm""]","zenodo/6984.wav","zenodo"
"381774.wav","/m/0912c9","[""/m/0912c9"", ""/m/012f08"", ""/m/0k4j"", ""/m/07yv9"", ""/m/07pp_mv""]","car_horn","[""Motor_vehicle_(road)"", ""car_horn"", ""Car"", ""Vehicle"", ""alarm""]","zenodo/381774.wav","zenodo"
"381775.wav","/m/0912c9","[""/m/0912c9"", ""/m/0k4j"", ""/m/012f08"", ""/m/07yv9"", ""/m/07pp_mv""]","car_horn","[""Motor_vehicle_(road)"", ""car_horn"", ""Car"", ""Vehicle"", ""alarm""]","zenodo/381775.wav","zenodo"
"419695.wav","/m/0912c9","[""/m/0912c9"", ""/m/0k4j"", ""/m/012f08"", ""/m/07yv9"", ""/m/07pp_mv""]","car_horn","[""Motor_vehicle_(road)"", ""car_horn"", ""Car"", ""Vehicle"", ""alarm""]","zenodo/419695.wav","zenodo"
"419698.wav","/m/0912c9","[""/m/0912c9"", ""/m/0k4j"", ""/m/012f08"", ""/m/07yv9"", ""/m/07pp_mv""]","car_horn","[""Motor_vehicle_(road)"", ""car_horn"", ""Car"", ""Vehicle"", ""alarm""]","zenodo/419698.wav","zenodo"
"425848.wav","/m/0912c9","[""/m/0912c9"", ""/m/07r04"", ""/m/0k4j"", ""/m/012f08"", ""/m/07yv9"", ""/m/07pp_mv""]","car_horn","[""Motor_vehicle_(road)"", ""Truck"", ""car_horn"", ""Car"", ""Vehicle"", ""alarm""]","zenodo/425848.wav","zenodo"
"2937.wav","/m/0912c9","[""/m/0912c9"", ""/m/0k4j"", ""/m/012f08"", ""/m/07yv9"", ""/m/07pp_mv""]","car_horn","[""Motor_vehicle_(road)"", ""car_horn"", ""Car"", ""Vehicle"", ""alarm""]","zenodo/2937.wav","zenodo"
"329612.wav","/m/0912c9","[""/m/0912c9"", ""/m/012f08"", ""/m/0k4j"", ""/m/07yv9"", ""/m/07pp_mv""]","car_horn","[""Motor_vehicle_(road)"", ""car_horn"", ""Car"", ""Vehicle"", ""alarm""]","zenodo/329612.wav","zenodo"
"162702.wav","/m/0912c9","[""/m/0912c9"", ""/m/0k4j"", ""/m/012f08"", ""/m/07yv9"", ""/m/07pp_mv""]","car_horn","[""Motor_vehicle_(road)"", ""car_horn"", ""Car"", ""Vehicle"", ""alarm""]","zenodo/162702.wav","zenodo"
"162703.wav","/m/0912c9","[""/m/0912c9"", ""/m/0k4j"", ""/m/012f08"", ""/m/07yv9"", ""/m/07pp_mv""]","car_horn","[""Motor_vehicle_(road)"", ""car_horn"", ""Car"", ""Vehicle"", ""alarm""]","zenodo/162703.wav","zenodo"
"399254.wav","/m/0912c9","[""/m/0912c9"", ""/m/0k4j"", ""/m/012f08"", ""/m/07yv9"", ""/m/07pp_mv""]","car_horn","[""Motor_vehicle_(road)"", ""car_horn"", ""Car"", ""Vehicle"", ""alarm""]","zenodo/399254.wav","zenodo"
"433578.wav","/m/0912c9","[""/m/0912c9"", ""/m/0k4j"", ""/m/012f08"", ""/m/07yv9"", ""/m/07pp_mv""]","car_horn","[""Motor_vehicle_(road)"", ""car_horn"", ""Car"", ""Vehicle"", ""alarm""]","zenodo/433578.wav","zenodo"
"117165.wav","/m/0912c9","[""/m/0912c9"", ""/m/0k4j"", ""/m/012f08"", ""/m/07yv9"", ""/m/07pp_mv""]","car_horn","[""Motor_vehicle_(road)"", ""car_horn"", ""Car"", ""Vehicle"", ""alarm""]","zenodo/117165.wav","zenodo"
"239030.wav","/m/0912c9","[""/m/0912c9"", ""/m/0k4j"", ""/m/012f08"", ""/m/07yv9"", ""/m/07pp_mv""]","car_horn","[""Motor_vehicle_(road)"", ""car_horn"", ""Car"", ""Vehicle"", ""alarm""]","zenodo/239030.wav","zenodo"
"239031.wav","/m/0912c9","[""/m/0912c9"", ""/m/0k4j"", ""/m/012f08"", ""/m/07yv9"", ""/m/07pp_mv""]","car_horn","[""Motor_vehicle_(road)"", ""car_horn"", ""Car"", ""Vehicle"", ""alarm""]","zenodo/239031.wav","zenodo"
"254907.wav","/m/0912c9","[""/m/0912c9"", ""/m/0k4j"", ""/m/012f08"", ""/m/07yv9"", ""/m/07pp_mv""]","car_horn","[""Motor_vehicle_(road)"", ""car_horn"", ""Car"", ""Vehicle"", ""alarm""]","zenodo/254907.wav","zenodo"
"178115.wav","/m/0912c9","[""/m/0912c9"", ""/m/0k4j"", ""/m/012f08"", ""/m/07yv9"", ""/m/07pp_mv""]","car_horn","[""Motor_vehicle_(road)"", ""car_horn"", ""Car"", ""Vehicle"", ""alarm""]","zenodo/178115.wav","zenodo"
"221644.wav","/m/0912c9","[""/m/0912c9"", ""/m/0k4j"", ""/m/012f08"", ""/m/07yv9"", ""/m/07pp_mv""]","car_horn","[""Motor_vehicle_(road)"", ""car_horn"", ""Car"", ""Vehicle"", ""alarm""]","zenodo/221644.wav","zenodo"
"73168.wav","/m/0912c9","[""/m/0912c9"", ""/m/0k4j"", ""/m/012f08"", ""/m/07yv9"", ""/m/07pp_mv""]","car_horn","[""Motor_vehicle_(road)"", ""car_horn"", ""Car"", ""Vehicle"", ""alarm""]","zenodo/73168.wav","zenodo"
"377300.wav","/m/0912c9","[""/m/0912c9"", ""/m/0k4j"", ""/m/012f08"", ""/m/07yv9"", ""/m/07pp_mv""]","car_horn","[""Motor_vehicle_(road)"", ""car_horn"", ""Car"", ""Vehicle"", ""alarm""]","zenodo/377300.wav","zenodo"
"377302.wav","/m/0912c9","[""/m/0912c9"", ""/m/0k4j"", ""/m/012f08"", ""/m/07yv9"", ""/m/07pp_mv""]","car_horn","[""Motor_vehicle_(road)"", ""car_horn"", ""Car"", ""Vehicle"", ""alarm""]","zenodo/377302.wav","zenodo"
"175845.wav","/m/0912c9","[""/m/0btp2"", ""/m/0912c9"", ""/m/0k4j"", ""/m/012f08"", ""/m/07yv9"", ""/m/07pp_mv""]","car_horn","[""Motor_vehicle_(road)"", ""car_horn"", ""Car"", ""Vehicle"", ""traffic_noise"", ""alarm""]","zenodo/175845.wav","zenodo"
"27881.wav","/m/0912c9","[""/m/0912c9"", ""/m/0k4j"", ""/m/012f08"", ""/m/07yv9"", ""/m/07pp_mv""]","car_horn","[""Motor_vehicle_(road)"", ""car_horn"", ""Car"", ""Vehicle"", ""alarm""]","zenodo/27881.wav","zenodo"
"27882.wav","/m/0912c9","[""/m/0912c9"", ""/m/0k4j"", ""/m/012f08"", ""/m/07yv9"", ""/m/07pp_mv""]","car_horn","[""Motor_vehicle_(road)"", ""car_horn"", ""Car"", ""Vehicle"", ""alarm""]","zenodo/27882.wav","zenodo"
"176634.wav","/m/0912c9","[""/m/0912c9"", ""/m/0k4j"", ""/m/012f08"", ""/m/07yv9"", ""/m/07pp_mv""]","car_horn","[""Motor_vehicle_(road)"", ""car_horn"", ""Car"", ""Vehicle"", ""alarm""]","zenodo/176634.wav","zenodo"
"176638.wav","/m/0912c9","[""/m/0912c9"", ""/m/0k4j"", ""/m/012f08"", ""/m/07yv9"", ""/m/07pp_mv""]","car_horn","[""Motor_vehicle_(road)"", ""car_horn"", ""Car"", ""Vehicle"", ""alarm""]","zenodo/176638.wav","zenodo"
"403455.wav","/m/0912c9","[""/m/0912c9"", ""/m/0k4j"", ""/m/012f08"", ""/m/07yv9"", ""/m/07pp_mv""]","car_horn","[""Motor_vehicle_(road)"", ""car_horn"", ""Car"", ""Vehicle"", ""alarm""]","zenodo/403455.wav","zenodo"
"379754.wav","/m/0912c9","[""/m/0912c9"", ""/m/06mb1"", ""/m/0k4j"", ""/m/012f08"", ""/m/07yv9"", ""/m/07pp_mv"", ""/m/0838f""]","car_horn","[""Rain"", ""Motor_vehicle_(road)"", ""car_horn"", ""Water"", ""Car"", ""Vehicle"", ""alarm""]","zenodo/379754.wav","zenodo"
"379756.wav","/m/0912c9","[""/m/07r10fb"", ""/m/07pqc89"", ""/m/0912c9"", ""/m/06mb1"", ""/m/0k4j"", ""/m/012f08"", ""/m/07yv9"", ""/m/07pp_mv"", ""/m/0838f"", ""/m/07prgkl"", ""/m/04k94""]","car_horn","[""Rain"", ""Motor_vehicle_(road)"", ""alarm"", ""Pour"", ""Water"", ""Car"", ""Liquid"", ""Vehicle"", ""car_horn"", ""Raindrop"", ""Trickle_and_dribble""]","zenodo/379756.wav","zenodo"
"162443.wav","/m/0912c9","[""/m/04_sv"", ""/m/0btp2"", ""/m/0912c9"", ""/m/02mk9"", ""/m/0k4j"", ""/m/012f08"", ""/m/07yv9"", ""/m/07pp_mv""]","car_horn","[""Motor_vehicle_(road)"", ""Car"", ""Vehicle"", ""car_horn"", ""traffic_noise"", ""alarm"", ""Motorcycle"", ""engine""]","zenodo/162443.wav","zenodo"
"268015.wav","/m/0912c9","[""/m/05zppz"", ""/m/0btp2"", ""/m/0912c9"", ""/m/02mk9"", ""/m/0k4j"", ""/m/012f08"", ""/m/07yv9"", ""/m/07pp_mv"", ""/m/09x0r"", ""/m/09l8g""]","car_horn","[""Motor_vehicle_(road)"", ""Human_voice"", ""Speech"", ""Car"", ""Male_speech_and_man_speaking"", ""Vehicle"", ""car_horn"", ""traffic_noise"", ""alarm"", ""engine""]","zenodo/268015.wav","zenodo"
"151359.wav","/m/0912c9","[""/m/0btp2"", ""/m/0912c9"", ""/m/0k4j"", ""/m/012f08"", ""/m/07yv9"", ""/m/07pp_mv""]","car_horn","[""Motor_vehicle_(road)"", ""car_horn"", ""Car"", ""Vehicle"", ""traffic_noise"", ""alarm""]","zenodo/151359.wav","zenodo"
"275558.wav","/m/0912c9","[""/m/07rkbfh"", ""/m/0btp2"", ""/m/0912c9"", ""/m/02mk9"", ""/m/0k4j"", ""/m/012f08"", ""/m/07yv9"", ""/m/07pp_mv"", ""/t/dd00012""]","car_horn","[""Motor_vehicle_(road)"", ""Human_group_actions"", ""Car"", ""Vehicle"", ""car_horn"", ""traffic_noise"", ""Chatter"", ""alarm"", ""engine""]","zenodo/275558.wav","zenodo"
"138465.wav","/m/0912c9","[""/m/0btp2"", ""/m/01bjv"", ""/m/0912c9"", ""/m/0k4j"", ""/m/012f08"", ""/m/07yv9"", ""/m/07pp_mv""]","car_horn","[""Motor_vehicle_(road)"", ""Bus"", ""Car"", ""Vehicle"", ""car_horn"", ""traffic_noise"", ""alarm""]","zenodo/138465.wav","zenodo"
"138468.wav","/m/0912c9","[""/m/0btp2"", ""/m/0912c9"", ""/m/0k4j"", ""/m/012f08"", ""/m/07yv9"", ""/m/07pp_mv""]","car_horn","[""Motor_vehicle_(road)"", ""car_horn"", ""Car"", ""Vehicle"", ""traffic_noise"", ""alarm""]","zenodo/138468.wav","zenodo"
"221639.wav","/m/0912c9","[""/m/05zppz"", ""/m/07rkbfh"", ""/t/dd00130"", ""/m/0btp2"", ""/m/0912c9"", ""/m/01j3sz"", ""/m/0k4j"", ""/m/012f08"", ""/m/07yv9"", ""/m/07pp_mv"", ""/m/09x0r"", ""/m/09l8g"", ""/t/dd00012"", ""/m/02mk9""]","car_horn","[""Motor_vehicle_(road)"", ""Human_group_actions"", ""Human_voice"", ""Speech"", ""Car"", ""Male_speech_and_man_speaking"", ""Engine_starting"", ""Vehicle"", ""car_horn"", ""traffic_noise"", ""Chatter"", ""alarm"", ""engine"", ""Laughter""]","zenodo/221639.wav","zenodo"
"418706.wav","/m/0912c9","[""/t/dd00134"", ""/m/0912c9"", ""/m/0199g"", ""/m/0k4j"", ""/m/012f08"", ""/m/07yv9"", ""/m/07pp_mv""]","car_horn","[""Motor_vehicle_(road)"", ""Car"", ""Vehicle"", ""car_horn"", ""alarm"", ""Car_passing_by"", ""Bicycle""]","zenodo/418706.wav","zenodo"
"138277.wav","/m/0912c9","[""/t/dd00134"", ""/m/0912c9"", ""/m/0k4j"", ""/m/012f08"", ""/m/07yv9"", ""/m/07pp_mv""]","car_horn","[""Motor_vehicle_(road)"", ""car_horn"", ""Car"", ""Vehicle"", ""alarm"", ""Car_passing_by""]","zenodo/138277.wav","zenodo"
"159745.wav","/m/03kmc9","[""/m/012f08"", ""/m/03kmc9"", ""/m/07yv9"", ""/m/07pp_mv""]","siren","[""Motor_vehicle_(road)"", ""alarm"", ""siren"", ""Vehicle""]","zenodo/159745.wav","zenodo"
"246275.wav","/m/02mk9","[""/m/02mk9"", ""/m/0k4j"", ""/m/012f08"", ""/m/07yv9""]","engine","[""Motor_vehicle_(road)"", ""Car"", ""engine"", ""Vehicle""]","zenodo/246275.wav","zenodo"
"257030.wav","/m/0btp2","[""/t/dd00134"", ""/m/0btp2"", ""/m/012f08"", ""/m/07yv9"", ""/m/0k4j""]","traffic_noise","[""Motor_vehicle_(road)"", ""Car"", ""Vehicle"", ""traffic_noise"", ""Car_passing_by""]","zenodo/257030.wav","zenodo"
"257034.wav","/m/02mk9","[""/t/dd00134"", ""/m/0btp2"", ""/m/012f08"", ""/m/07yv9"", ""/m/02mk9"", ""/m/0k4j""]","engine","[""Motor_vehicle_(road)"", ""Car"", ""Vehicle"", ""traffic_noise"", ""Car_passing_by"", ""engine""]","zenodo/257034.wav","zenodo"
"257028.wav","/m/02mk9","[""/t/dd00134"", ""/m/012f08"", ""/m/02mk9"", ""/m/07yv9"", ""/m/0k4j""]","engine","[""Motor_vehicle_(road)"", ""Car"", ""Vehicle"", ""Car_passing_by"", ""engine""]","zenodo/257028.wav","zenodo"
"159750.wav","/m/03kmc9","[""/m/012f08"", ""/m/03kmc9"", ""/m/07yv9"", ""/m/07pp_mv""]","siren","[""Motor_vehicle_(road)"", ""alarm"", ""siren"", ""Vehicle""]","zenodo/159750.wav","zenodo"
"159753.wav","/m/03kmc9","[""/m/012f08"", ""/m/03kmc9"", ""/m/07yv9"", ""/m/07pp_mv""]","siren","[""Motor_vehicle_(road)"", ""alarm"", ""siren"", ""Vehicle""]","zenodo/159753.wav","zenodo"
"268809.wav","/m/03kmc9","[""/m/012f08"", ""/m/03kmc9"", ""/m/07yv9"", ""/m/07pp_mv""]","siren","[""Motor_vehicle_(road)"", ""alarm"", ""siren"", ""Vehicle""]","zenodo/268809.wav","zenodo"
"159754.wav","/m/03kmc9","[""/m/012f08"", ""/m/03kmc9"", ""/m/07yv9"", ""/m/07pp_mv""]","siren","[""Motor_vehicle_(road)"", ""alarm"", ""siren"", ""Vehicle""]","zenodo/159754.wav","zenodo"
"159755.wav","/m/03kmc9","[""/m/012f08"", ""/m/03kmc9"", ""/m/07yv9"", ""/m/07pp_mv""]","siren","[""Motor_vehicle_(road)"", ""alarm"", ""siren"", ""Vehicle""]","zenodo/159755.wav","zenodo"
"253973.wav","/m/02mk9","[""/m/07rjwbb"", ""/m/01bjv"", ""/m/012f08"", ""/m/02mk9"", ""/m/07yv9""]","engine","[""Motor_vehicle_(road)"", ""Bus"", ""Vehicle"", ""Hiss"", ""engine""]","zenodo/253973.wav","zenodo"
"262679.wav","/m/02mk9","[""/t/dd00130"", ""/m/012f08"", ""/m/07yv9"", ""/m/02mk9""]","engine","[""Motor_vehicle_(road)"", ""Engine_starting"", ""engine"", ""Vehicle""]","zenodo/262679.wav","zenodo"
"274460.wav","/m/02mk9","[""/t/dd00130"", ""/m/012f08"", ""/m/0k4j"", ""/m/07yv9"", ""/m/02mk9""]","engine","[""Motor_vehicle_(road)"", ""Car"", ""Engine_starting"", ""Vehicle"", ""engine""]","zenodo/274460.wav","zenodo"
"338973.wav","/m/03kmc9","[""/m/012f08"", ""/m/03kmc9"", ""/m/07yv9"", ""/m/07pp_mv""]","siren","[""Motor_vehicle_(road)"", ""alarm"", ""siren"", ""Vehicle""]","zenodo/338973.wav","zenodo"
"106014.wav","/m/07pb8fc","[""/m/07pb8fc"", ""/t/dd00130"", ""/m/012f08"", ""/m/07yv9"", ""/m/02mk9""]","engine","[""Motor_vehicle_(road)"", ""Engine_starting"", ""engine"", ""Vehicle""]","zenodo/106014.wav","zenodo"
"156212.wav","/m/02mk9","[""/m/02mk9"", ""/m/0k4j"", ""/m/012f08"", ""/m/07yv9""]","engine","[""Motor_vehicle_(road)"", ""Car"", ""engine"", ""Vehicle""]","zenodo/156212.wav","zenodo"
"88121.wav","/m/03kmc9","[""/m/012f08"", ""/m/03kmc9"", ""/m/07yv9"", ""/m/07pp_mv""]","siren","[""Motor_vehicle_(road)"", ""alarm"", ""siren"", ""Vehicle""]","zenodo/88121.wav","zenodo"
"361532.wav","/m/02mk9","[""/m/02mk9"", ""/m/0k4j"", ""/m/012f08"", ""/m/07yv9""]","engine","[""Motor_vehicle_(road)"", ""Car"", ""engine"", ""Vehicle""]","zenodo/361532.wav","zenodo"
"251969.wav","/m/02mk9","[""/m/04_sv"", ""/m/012f08"", ""/m/07yv9"", ""/m/02mk9""]","engine","[""Motor_vehicle_(road)"", ""Motorcycle"", ""engine"", ""Vehicle""]","zenodo/251969.wav","zenodo"
"326208.wav","/m/02mk9","[""/t/dd00130"", ""/m/07q2z82"", ""/m/012f08"", ""/m/0k4j"", ""/m/07yv9"", ""/m/02mk9""]","engine","[""Motor_vehicle_(road)"", ""Car"", ""Engine_starting"", ""Vehicle"", ""Accelerating_and_revving_and_vroom"", ""engine""]","zenodo/326208.wav","zenodo"
"223824.wav","/m/03kmc9","[""/m/012f08"", ""/m/03kmc9"", ""/m/07yv9"", ""/m/07pp_mv""]","siren","[""Motor_vehicle_(road)"", ""alarm"", ""siren"", ""Vehicle""]","zenodo/223824.wav","zenodo"
"89682.wav","/m/03kmc9","[""/m/012f08"", ""/m/03kmc9"", ""/m/07yv9"", ""/m/07pp_mv""]","siren","[""Motor_vehicle_(road)"", ""alarm"", ""siren"", ""Vehicle""]","zenodo/89682.wav","zenodo"
"89683.wav","/m/03kmc9","[""/m/012f08"", ""/m/03kmc9"", ""/m/07yv9"", ""/m/07pp_mv""]","siren","[""Motor_vehicle_(road)"", ""alarm"", ""siren"", ""Vehicle""]","zenodo/89683.wav","zenodo"
"241756.wav","/m/02mk9","[""/t/dd00130"", ""/m/012f08"", ""/m/07yv9"", ""/m/02mk9""]","engine","[""Motor_vehicle_(road)"", ""Engine_starting"", ""engine"", ""Vehicle""]","zenodo/241756.wav","zenodo"
"392801.wav","/m/03kmc9","[""/m/012f08"", ""/m/03kmc9"", ""/m/07yv9"", ""/m/07pp_mv""]","siren","[""Motor_vehicle_(road)"", ""alarm"", ""siren"", ""Vehicle""]","zenodo/392801.wav","zenodo"
"421017.wav","/m/03kmc9","[""/m/012f08"", ""/m/03kmc9"", ""/m/07yv9"", ""/m/07pp_mv""]","siren","[""Motor_vehicle_(road)"", ""alarm"", ""siren"", ""Vehicle""]","zenodo/421017.wav","zenodo"
"262759.wav","/m/02mk9","[""/t/dd00134"", ""/m/0btp2"", ""/m/012f08"", ""/m/07yv9"", ""/m/02mk9"", ""/m/0k4j""]","engine","[""Motor_vehicle_(road)"", ""Car"", ""Vehicle"", ""traffic_noise"", ""Car_passing_by"", ""engine""]","zenodo/262759.wav","zenodo"
"133751.wav","/m/02mk9","[""/m/02mk9"", ""/m/0k4j"", ""/m/012f08"", ""/m/07yv9""]","engine","[""Motor_vehicle_(road)"", ""Car"", ""engine"", ""Vehicle""]","zenodo/133751.wav","zenodo"
"65152.wav","/m/03kmc9","[""/m/012f08"", ""/m/03kmc9"", ""/m/07yv9"", ""/m/07pp_mv""]","siren","[""Motor_vehicle_(road)"", ""alarm"", ""siren"", ""Vehicle""]","zenodo/65152.wav","zenodo"
"34952.wav","/m/03kmc9","[""/m/012f08"", ""/m/03kmc9"", ""/m/07yv9"", ""/m/07pp_mv""]","siren","[""Motor_vehicle_(road)"", ""alarm"", ""siren"", ""Vehicle""]","zenodo/34952.wav","zenodo"
"370318.wav","/m/02mk9","[""/m/02mk9"", ""/m/0k4j"", ""/m/012f08"", ""/m/07yv9""]","engine","[""Motor_vehicle_(road)"", ""Car"", ""engine"", ""Vehicle""]","zenodo/370318.wav","zenodo"
"370320.wav","/m/02mk9","[""/m/012f08"", ""/m/02mk9"", ""/m/07yv9""]","engine","[""Motor_vehicle_(road)"", ""engine"", ""Vehicle""]","zenodo/370320.wav","zenodo"
"370323.wav","/m/02mk9","[""/m/012f08"", ""/m/02mk9"", ""/m/07yv9""]","engine","[""Motor_vehicle_(road)"", ""engine"", ""Vehicle""]","zenodo/370323.wav","zenodo"
"251553.wav","/m/02mk9","[""/t/dd00130"", ""/m/012f08"", ""/m/0k4j"", ""/m/07yv9"", ""/m/02mk9""]","engine","[""Motor_vehicle_(road)"", ""Car"", ""Engine_starting"", ""Vehicle"", ""engine""]","zenodo/251553.wav","zenodo"
"322205.wav","/m/03kmc9","[""/m/012f08"", ""/m/03kmc9"", ""/m/07yv9"", ""/m/07pp_mv""]","siren","[""Motor_vehicle_(road)"", ""alarm"", ""siren"", ""Vehicle""]","zenodo/322205.wav","zenodo"
"108192.wav","/m/03kmc9","[""/m/012f08"", ""/m/03kmc9"", ""/m/07yv9"", ""/m/07pp_mv""]","siren","[""Motor_vehicle_(road)"", ""alarm"", ""siren"", ""Vehicle""]","zenodo/108192.wav","zenodo"
"269480.wav","/m/02mk9","[""/t/dd00130"", ""/m/012f08"", ""/m/07yv9"", ""/m/02mk9""]","engine","[""Motor_vehicle_(road)"", ""Engine_starting"", ""engine"", ""Vehicle""]","zenodo/269480.wav","zenodo"
"251562.wav","/m/02mk9","[""/t/dd00130"", ""/m/012f08"", ""/m/07yv9"", ""/m/02mk9""]","engine","[""Motor_vehicle_(road)"", ""Engine_starting"", ""engine"", ""Vehicle""]","zenodo/251562.wav","zenodo"
"168621.wav","/m/03kmc9","[""/m/012f08"", ""/m/03kmc9"", ""/m/07yv9"", ""/m/07pp_mv""]","siren","[""Motor_vehicle_(road)"", ""alarm"", ""siren"", ""Vehicle""]","zenodo/168621.wav","zenodo"
"253614.wav","/m/02mk9","[""/t/dd00130"", ""/m/012f08"", ""/m/0k4j"", ""/m/07yv9"", ""/m/02mk9""]","engine","[""Motor_vehicle_(road)"", ""Car"", ""Engine_starting"", ""Vehicle"", ""engine""]","zenodo/253614.wav","zenodo"
"156868.wav","/m/03kmc9","[""/m/012f08"", ""/m/03kmc9"", ""/m/07yv9"", ""/m/07pp_mv""]","siren","[""Motor_vehicle_(road)"", ""alarm"", ""siren"", ""Vehicle""]","zenodo/156868.wav","zenodo"
"23750.wav","/m/03kmc9","[""/m/05tny_"", ""/m/012f08"", ""/m/03kmc9"", ""/m/07yv9"", ""/m/0bt9lr"", ""/m/068hy"", ""/m/0jbk"", ""/m/07pp_mv""]","siren","[""Motor_vehicle_(road)"", ""Domestic_animals_and_pets"", ""dog_bark"", ""Animal"", ""siren"", ""Vehicle"", ""alarm"", ""Bark""]","zenodo/23750.wav","zenodo"
"319691.wav","/m/02mk9","[""/t/dd00130"", ""/m/07q2z82"", ""/m/012f08"", ""/m/07yv9"", ""/m/02mk9""]","engine","[""Motor_vehicle_(road)"", ""Engine_starting"", ""Vehicle"", ""Accelerating_and_revving_and_vroom"", ""engine""]","zenodo/319691.wav","zenodo"
"337635.wav","/m/0btp2","[""/t/dd00134"", ""/m/0btp2"", ""/m/012f08"", ""/m/07yv9"", ""/m/0k4j""]","traffic_noise","[""Motor_vehicle_(road)"", ""Car"", ""Vehicle"", ""traffic_noise"", ""Car_passing_by""]","zenodo/337635.wav","zenodo"
"98536.wav","/m/03kmc9","[""/m/012f08"", ""/m/03kmc9"", ""/m/07yv9"", ""/m/07pp_mv""]","siren","[""Motor_vehicle_(road)"", ""alarm"", ""siren"", ""Vehicle""]","zenodo/98536.wav","zenodo"
"326392.wav","/m/02mk9","[""/t/dd00130"", ""/m/012f08"", ""/m/0k4j"", ""/m/07yv9"", ""/m/02mk9""]","engine","[""Motor_vehicle_(road)"", ""Car"", ""Engine_starting"", ""Vehicle"", ""engine""]","zenodo/326392.wav","zenodo"
"31482.wav","/m/03kmc9","[""/m/012f08"", ""/m/03kmc9"", ""/m/07yv9"", ""/m/07pp_mv""]","siren","[""Motor_vehicle_(road)"", ""alarm"", ""siren"", ""Vehicle""]","zenodo/31482.wav","zenodo"
"55035.wav","/m/02mk9","[""/m/012f08"", ""/m/02mk9"", ""/m/07yv9""]","engine","[""Motor_vehicle_(road)"", ""engine"", ""Vehicle""]","zenodo/55035.wav","zenodo"
"320767.wav","/m/03kmc9","[""/m/012f08"", ""/m/03kmc9"", ""/m/07yv9"", ""/m/07pp_mv""]","siren","[""Motor_vehicle_(road)"", ""alarm"", ""siren"", ""Vehicle""]","zenodo/320767.wav","zenodo"
"244999.wav","/m/02mk9","[""/m/07q2z82"", ""/m/012f08"", ""/m/07yv9"", ""/m/02mk9""]","engine","[""Motor_vehicle_(road)"", ""Accelerating_and_revving_and_vroom"", ""engine"", ""Vehicle""]","zenodo/244999.wav","zenodo"
"319751.wav","/m/03kmc9","[""/m/012f08"", ""/m/03kmc9"", ""/m/07yv9"", ""/m/07pp_mv""]","siren","[""Motor_vehicle_(road)"", ""alarm"", ""siren"", ""Vehicle""]","zenodo/319751.wav","zenodo"
"148628.wav","/m/02mk9","[""/t/dd00130"", ""/m/07q2z82"", ""/m/012f08"", ""/m/07yv9"", ""/m/02mk9""]","engine","[""Motor_vehicle_(road)"", ""Engine_starting"", ""Vehicle"", ""Accelerating_and_revving_and_vroom"", ""engine""]","zenodo/148628.wav","zenodo"
"107273.wav","/m/02mk9","[""/m/01bjv"", ""/m/012f08"", ""/m/02mk9"", ""/m/07yv9""]","engine","[""Motor_vehicle_(road)"", ""Bus"", ""engine"", ""Vehicle""]","zenodo/107273.wav","zenodo"
"28426.wav","/m/03kmc9","[""/m/012f08"", ""/m/03kmc9"", ""/m/07yv9"", ""/m/07pp_mv""]","siren","[""Motor_vehicle_(road)"", ""alarm"", ""siren"", ""Vehicle""]","zenodo/28426.wav","zenodo"
"364836.wav","/m/07pb8fc","[""/m/07pb8fc"", ""/m/012f08"", ""/m/07yv9"", ""/m/0k4j"", ""/m/02mk9""]","engine","[""Motor_vehicle_(road)"", ""Car"", ""engine"", ""Vehicle""]","zenodo/364836.wav","zenodo"
"253732.wav","/m/07pb8fc","[""/m/07pb8fc"", ""/m/012f08"", ""/m/07yv9"", ""/m/02mk9""]","engine","[""Motor_vehicle_(road)"", ""engine"", ""Vehicle""]","zenodo/253732.wav","zenodo"
"364838.wav","/m/02mk9","[""/m/02mk9"", ""/m/0k4j"", ""/m/012f08"", ""/m/07yv9""]","engine","[""Motor_vehicle_(road)"", ""Car"", ""engine"", ""Vehicle""]","zenodo/364838.wav","zenodo"
"364837.wav","/m/02mk9","[""/m/02mk9"", ""/m/0k4j"", ""/m/012f08"", ""/m/07yv9""]","engine","[""Motor_vehicle_(road)"", ""Car"", ""engine"", ""Vehicle""]","zenodo/364837.wav","zenodo"
"364840.wav","/m/02mk9","[""/m/07q2z82"", ""/m/012f08"", ""/m/07yv9"", ""/m/02mk9""]","engine","[""Motor_vehicle_(road)"", ""Accelerating_and_revving_and_vroom"", ""engine"", ""Vehicle""]","zenodo/364840.wav","zenodo"
"143658.wav","/m/02mk9","[""/m/012f08"", ""/m/02mk9"", ""/m/07yv9""]","engine","[""Motor_vehicle_(road)"", ""engine"", ""Vehicle""]","zenodo/143658.wav","zenodo"
"165166.wav","/m/03kmc9","[""/m/012f08"", ""/m/03kmc9"", ""/m/07yv9"", ""/m/07pp_mv""]","siren","[""Motor_vehicle_(road)"", ""alarm"", ""siren"", ""Vehicle""]","zenodo/165166.wav","zenodo"
"184623.wav","/m/03kmc9","[""/m/012f08"", ""/m/03kmc9"", ""/m/07yv9"", ""/m/07pp_mv""]","siren","[""Motor_vehicle_(road)"", ""alarm"", ""siren"", ""Vehicle""]","zenodo/184623.wav","zenodo"
"151876.wav","/m/02mk9","[""/m/07q2z82"", ""/m/012f08"", ""/m/07yv9"", ""/m/02mk9""]","engine","[""Motor_vehicle_(road)"", ""Accelerating_and_revving_and_vroom"", ""engine"", ""Vehicle""]","zenodo/151876.wav","zenodo"
"151877.wav","/m/02mk9","[""/m/07q2z82"", ""/m/012f08"", ""/m/07yv9"", ""/m/02mk9""]","engine","[""Motor_vehicle_(road)"", ""Accelerating_and_revving_and_vroom"", ""engine"", ""Vehicle""]","zenodo/151877.wav","zenodo"
"381776.wav","/m/02mk9","[""/m/02mk9"", ""/m/0k4j"", ""/m/012f08"", ""/m/07yv9""]","engine","[""Motor_vehicle_(road)"", ""Car"", ""engine"", ""Vehicle""]","zenodo/381776.wav","zenodo"
"22877.wav","/m/07pp_mv","[""/m/07pp_mv"", ""/m/07r04"", ""/m/012f08"", ""/m/07yv9""]","alarm","[""Motor_vehicle_(road)"", ""Truck"", ""alarm"", ""Vehicle""]","zenodo/22877.wav","zenodo"
"181601.wav","/m/03kmc9","[""/m/012f08"", ""/m/03kmc9"", ""/m/07yv9"", ""/m/07pp_mv""]","siren","[""Motor_vehicle_(road)"", ""alarm"", ""siren"", ""Vehicle""]","zenodo/181601.wav","zenodo"
"370025.wav","/m/02mk9","[""/m/012f08"", ""/m/02mk9"", ""/m/07yv9""]","engine","[""Motor_vehicle_(road)"", ""engine"", ""Vehicle""]","zenodo/370025.wav","zenodo"
"388972.wav","/m/03kmc9","[""/m/012f08"", ""/m/03kmc9"", ""/m/07yv9"", ""/m/07pp_mv""]","siren","[""Motor_vehicle_(road)"", ""alarm"", ""siren"", ""Vehicle""]","zenodo/388972.wav","zenodo"
"315758.wav","/m/03kmc9","[""/m/012f08"", ""/m/03kmc9"", ""/m/07yv9"", ""/m/07pp_mv""]","siren","[""Motor_vehicle_(road)"", ""alarm"", ""siren"", ""Vehicle""]","zenodo/315758.wav","zenodo"
"364911.wav","/m/03kmc9","[""/m/012f08"", ""/m/03kmc9"", ""/m/07yv9"", ""/m/07pp_mv""]","siren","[""Motor_vehicle_(road)"", ""alarm"", ""siren"", ""Vehicle""]","zenodo/364911.wav","zenodo"
"159743.wav","/m/03kmc9","[""/m/012f08"", ""/m/03kmc9"", ""/m/07yv9"", ""/m/07pp_mv""]","siren","[""Motor_vehicle_(road)"", ""alarm"", ""siren"", ""Vehicle""]","zenodo/159743.wav","zenodo"
"65929.wav","/m/03kmc9","[""/m/012f08"", ""/m/03kmc9"", ""/m/07yv9"", ""/m/07pp_mv""]","siren","[""Motor_vehicle_(road)"", ""alarm"", ""siren"", ""Vehicle""]","zenodo/65929.wav","zenodo"
"329611.wav","/m/02mk9","[""/m/02mk9"", ""/m/0k4j"", ""/m/012f08"", ""/m/07yv9""]","engine","[""Motor_vehicle_(road)"", ""Car"", ""engine"", ""Vehicle""]","zenodo/329611.wav","zenodo"
"162188.wav","/m/02mk9","[""/m/012f08"", ""/m/02mk9"", ""/m/07yv9""]","engine","[""Motor_vehicle_(road)"", ""engine"", ""Vehicle""]","zenodo/162188.wav","zenodo"
"222607.wav","/m/02mk9","[""/t/dd00130"", ""/m/012f08"", ""/m/07yv9"", ""/m/02mk9""]","engine","[""Motor_vehicle_(road)"", ""Engine_starting"", ""engine"", ""Vehicle""]","zenodo/222607.wav","zenodo"
"62878.wav","/m/03kmc9","[""/m/012f08"", ""/m/03kmc9"", ""/m/07yv9"", ""/m/07pp_mv""]","siren","[""Motor_vehicle_(road)"", ""alarm"", ""siren"", ""Vehicle""]","zenodo/62878.wav","zenodo"
"162719.wav","/m/03kmc9","[""/m/012f08"", ""/m/03kmc9"", ""/m/07yv9"", ""/m/07pp_mv""]","siren","[""Motor_vehicle_(road)"", ""alarm"", ""siren"", ""Vehicle""]","zenodo/162719.wav","zenodo"
"116664.wav","/m/03kmc9","[""/m/012f08"", ""/m/03kmc9"", ""/m/07yv9"", ""/m/07pp_mv""]","siren","[""Motor_vehicle_(road)"", ""alarm"", ""siren"", ""Vehicle""]","zenodo/116664.wav","zenodo"
"268221.wav","/m/03kmc9","[""/m/012f08"", ""/m/03kmc9"", ""/m/07yv9"", ""/m/07pp_mv""]","siren","[""Motor_vehicle_(road)"", ""alarm"", ""siren"", ""Vehicle""]","zenodo/268221.wav","zenodo"
"362942.wav","/m/07pb8fc","[""/m/07pb8fc"", ""/t/dd00130"", ""/m/012f08"", ""/m/07yv9"", ""/m/02mk9""]","engine","[""Motor_vehicle_(road)"", ""Engine_starting"", ""engine"", ""Vehicle""]","zenodo/362942.wav","zenodo"
"362943.wav","/m/07pb8fc","[""/m/07pb8fc"", ""/t/dd00130"", ""/m/012f08"", ""/m/07yv9"", ""/m/02mk9""]","engine","[""Motor_vehicle_(road)"", ""Engine_starting"", ""engine"", ""Vehicle""]","zenodo/362943.wav","zenodo"
"362944.wav","/m/07pb8fc","[""/m/07pb8fc"", ""/t/dd00130"", ""/m/012f08"", ""/m/07yv9"", ""/m/02mk9""]","engine","[""Motor_vehicle_(road)"", ""Engine_starting"", ""engine"", ""Vehicle""]","zenodo/362944.wav","zenodo"
"393662.wav","/m/03kmc9","[""/m/012f08"", ""/m/03kmc9"", ""/m/07yv9"", ""/m/07pp_mv""]","siren","[""Motor_vehicle_(road)"", ""alarm"", ""siren"", ""Vehicle""]","zenodo/393662.wav","zenodo"
"393665.wav","/m/03kmc9","[""/m/012f08"", ""/m/03kmc9"", ""/m/07yv9"", ""/m/07pp_mv""]","siren","[""Motor_vehicle_(road)"", ""alarm"", ""siren"", ""Vehicle""]","zenodo/393665.wav","zenodo"
"393666.wav","/m/03kmc9","[""/m/012f08"", ""/m/03kmc9"", ""/m/07yv9"", ""/m/07pp_mv""]","siren","[""Motor_vehicle_(road)"", ""alarm"", ""siren"", ""Vehicle""]","zenodo/393666.wav","zenodo"
"393667.wav","/m/03kmc9","[""/m/012f08"", ""/m/03kmc9"", ""/m/07yv9"", ""/m/07pp_mv""]","siren","[""Motor_vehicle_(road)"", ""alarm"", ""siren"", ""Vehicle""]","zenodo/393667.wav","zenodo"
"203720.wav","/m/03kmc9","[""/m/012f08"", ""/m/03kmc9"", ""/m/07yv9"", ""/m/07pp_mv""]","siren","[""Motor_vehicle_(road)"", ""alarm"", ""siren"", ""Vehicle""]","zenodo/203720.wav","zenodo"
"128459.wav","/m/03kmc9","[""/m/012f08"", ""/m/03kmc9"", ""/m/07yv9"", ""/m/07pp_mv""]","siren","[""Motor_vehicle_(road)"", ""alarm"", ""siren"", ""Vehicle""]","zenodo/128459.wav","zenodo"
"256469.wav","/m/03kmc9","[""/m/012f08"", ""/m/03kmc9"", ""/m/07yv9"", ""/m/07pp_mv""]","siren","[""Motor_vehicle_(road)"", ""alarm"", ""siren"", ""Vehicle""]","zenodo/256469.wav","zenodo"
"34280.wav","/m/03kmc9","[""/m/012f08"", ""/m/03kmc9"", ""/m/07yv9"", ""/m/07pp_mv""]","siren","[""Motor_vehicle_(road)"", ""alarm"", ""siren"", ""Vehicle""]","zenodo/34280.wav","zenodo"
"93676.wav","/m/03kmc9","[""/m/012f08"", ""/m/03kmc9"", ""/m/07yv9"", ""/m/07pp_mv""]","siren","[""Motor_vehicle_(road)"", ""alarm"", ""siren"", ""Vehicle""]","zenodo/93676.wav","zenodo"
"379376.wav","/m/02mk9","[""/t/dd00130"", ""/m/01bjv"", ""/m/012f08"", ""/m/07yv9"", ""/m/02mk9""]","engine","[""Motor_vehicle_(road)"", ""Bus"", ""Engine_starting"", ""Vehicle"", ""engine""]","zenodo/379376.wav","zenodo"
"353265.wav","/m/03kmc9","[""/m/012f08"", ""/m/03kmc9"", ""/m/0k5j"", ""/m/07yv9"", ""/m/07pp_mv""]","siren","[""Motor_vehicle_(road)"", ""Aircraft"", ""siren"", ""Vehicle"", ""alarm""]","zenodo/353265.wav","zenodo"
"368626.wav","/m/02mk9","[""/m/012f08"", ""/m/02mk9"", ""/m/07yv9""]","engine","[""Motor_vehicle_(road)"", ""engine"", ""Vehicle""]","zenodo/368626.wav","zenodo"
"349171.wav","/m/02mk9","[""/m/012f08"", ""/m/02mk9"", ""/m/07yv9""]","engine","[""Motor_vehicle_(road)"", ""engine"", ""Vehicle""]","zenodo/349171.wav","zenodo"
"379381.wav","/m/02mk9","[""/t/dd00130"", ""/m/01bjv"", ""/m/012f08"", ""/m/07yv9"", ""/m/02mk9""]","engine","[""Motor_vehicle_(road)"", ""Bus"", ""Engine_starting"", ""Vehicle"", ""engine""]","zenodo/379381.wav","zenodo"
"379382.wav","/m/02mk9","[""/t/dd00130"", ""/m/01bjv"", ""/m/012f08"", ""/m/07yv9"", ""/m/02mk9""]","engine","[""Motor_vehicle_(road)"", ""Bus"", ""Engine_starting"", ""Vehicle"", ""engine""]","zenodo/379382.wav","zenodo"
"379383.wav","/m/02mk9","[""/m/01bjv"", ""/m/012f08"", ""/m/02mk9"", ""/m/07yv9""]","engine","[""Motor_vehicle_(road)"", ""Bus"", ""engine"", ""Vehicle""]","zenodo/379383.wav","zenodo"
"277508.wav","/m/03kmc9","[""/m/012f08"", ""/m/03kmc9"", ""/m/07yv9"", ""/m/07pp_mv""]","siren","[""Motor_vehicle_(road)"", ""alarm"", ""siren"", ""Vehicle""]","zenodo/277508.wav","zenodo"
"379385.wav","/m/02mk9","[""/m/01bjv"", ""/m/012f08"", ""/m/02mk9"", ""/m/07yv9""]","engine","[""Motor_vehicle_(road)"", ""Bus"", ""engine"", ""Vehicle""]","zenodo/379385.wav","zenodo"
"379386.wav","/m/02mk9","[""/t/dd00130"", ""/m/01bjv"", ""/m/012f08"", ""/m/07yv9"", ""/m/02mk9""]","engine","[""Motor_vehicle_(road)"", ""Bus"", ""Engine_starting"", ""Vehicle"", ""engine""]","zenodo/379386.wav","zenodo"
"379389.wav","/m/02mk9","[""/m/01bjv"", ""/m/012f08"", ""/m/02mk9"", ""/m/07yv9""]","engine","[""Motor_vehicle_(road)"", ""Bus"", ""engine"", ""Vehicle""]","zenodo/379389.wav","zenodo"
"115199.wav","/m/02mk9","[""/m/02mk9"", ""/m/0k4j"", ""/m/012f08"", ""/m/07yv9""]","engine","[""Motor_vehicle_(road)"", ""Car"", ""engine"", ""Vehicle""]","zenodo/115199.wav","zenodo"
"386800.wav","/m/07pb8fc","[""/m/07pb8fc"", ""/t/dd00130"", ""/m/012f08"", ""/m/07yv9"", ""/m/02mk9""]","engine","[""Motor_vehicle_(road)"", ""Engine_starting"", ""engine"", ""Vehicle""]","zenodo/386800.wav","zenodo"
"72113.wav","/m/02mk9","[""/m/039jq"", ""/m/02mk9"", ""/m/0k4j"", ""/m/012f08"", ""/m/07yv9""]","engine","[""Glass"", ""Motor_vehicle_(road)"", ""Car"", ""Vehicle"", ""engine""]","zenodo/72113.wav","zenodo"
"186049.wav","/m/032s66","[""/m/039jq"", ""/m/032s66"", ""/m/014zdl""]","gun_shot","[""Glass"", ""gun_shot"", ""Explosion""]","zenodo/186049.wav","zenodo"
"236064.wav","/m/0bt9lr","[""/m/05tny_"", ""/m/0jbk"", ""/m/0bt9lr"", ""/m/068hy""]","dog_bark","[""Domestic_animals_and_pets"", ""Animal"", ""dog_bark"", ""Bark""]","zenodo/236064.wav","zenodo"
"236070.wav","/m/0bt9lr","[""/m/0bt9lr"", ""/m/0jbk"", ""/m/068hy""]","dog_bark","[""Domestic_animals_and_pets"", ""Animal"", ""dog_bark""]","zenodo/236070.wav","zenodo"
"236082.wav","/m/0bt9lr","[""/m/0bt9lr"", ""/m/0jbk"", ""/m/068hy""]","dog_bark","[""Domestic_animals_and_pets"", ""Animal"", ""dog_bark""]","zenodo/236082.wav","zenodo"
"236107.wav","/m/0bt9lr","[""/m/05tny_"", ""/m/0jbk"", ""/m/0bt9lr"", ""/m/068hy""]","dog_bark","[""Domestic_animals_and_pets"", ""Animal"", ""dog_bark"", ""Bark""]","zenodo/236107.wav","zenodo"
"180300.wav","/m/03qc9zr","[""/m/03qc9zr"", ""/m/0jbk"", ""/m/09l8g""]","screaming","[""Animal"", ""Human_voice"", ""screaming""]","zenodo/180300.wav","zenodo"
"236129.wav","/m/0bt9lr","[""/m/05tny_"", ""/m/0jbk"", ""/m/0bt9lr"", ""/m/068hy""]","dog_bark","[""Domestic_animals_and_pets"", ""Animal"", ""dog_bark"", ""Bark""]","zenodo/236129.wav","zenodo"
"236130.wav","/m/0bt9lr","[""/m/05tny_"", ""/m/0jbk"", ""/m/0bt9lr"", ""/m/068hy""]","dog_bark","[""Domestic_animals_and_pets"", ""Animal"", ""dog_bark"", ""Bark""]","zenodo/236130.wav","zenodo"
"236132.wav","/m/0bt9lr","[""/m/05tny_"", ""/m/0jbk"", ""/m/0bt9lr"", ""/m/068hy""]","dog_bark","[""Domestic_animals_and_pets"", ""Animal"", ""dog_bark"", ""Bark""]","zenodo/236132.wav","zenodo"
"236164.wav","/m/0bt9lr","[""/m/05tny_"", ""/m/0jbk"", ""/m/0bt9lr"", ""/m/068hy""]","dog_bark","[""Domestic_animals_and_pets"", ""Animal"", ""dog_bark"", ""Bark""]","zenodo/236164.wav","zenodo"
"236209.wav","/m/0bt9lr","[""/m/05tny_"", ""/m/0jbk"", ""/m/0bt9lr"", ""/m/068hy""]","dog_bark","[""Domestic_animals_and_pets"", ""Animal"", ""dog_bark"", ""Bark""]","zenodo/236209.wav","zenodo"
"341178.wav","/m/0bt9lr","[""/m/0ghcn6"", ""/m/0jbk"", ""/m/0bt9lr"", ""/m/068hy""]","dog_bark","[""Domestic_animals_and_pets"", ""Growling"", ""Animal"", ""dog_bark""]","zenodo/341178.wav","zenodo"
"236224.wav","/m/0bt9lr","[""/m/05tny_"", ""/m/0jbk"", ""/m/0bt9lr"", ""/m/068hy""]","dog_bark","[""Domestic_animals_and_pets"", ""Animal"", ""dog_bark"", ""Bark""]","zenodo/236224.wav","zenodo"
"236231.wav","/m/0bt9lr","[""/m/05tny_"", ""/m/0jbk"", ""/m/0bt9lr"", ""/m/068hy""]","dog_bark","[""Domestic_animals_and_pets"", ""Animal"", ""dog_bark"", ""Bark""]","zenodo/236231.wav","zenodo"
"236254.wav","/m/0bt9lr","[""/m/05tny_"", ""/m/0jbk"", ""/m/0bt9lr"", ""/m/068hy""]","dog_bark","[""Domestic_animals_and_pets"", ""Animal"", ""dog_bark"", ""Bark""]","zenodo/236254.wav","zenodo"
"236268.wav","/m/0bt9lr","[""/m/05tny_"", ""/m/0jbk"", ""/m/0bt9lr"", ""/m/068hy""]","dog_bark","[""Domestic_animals_and_pets"", ""Animal"", ""dog_bark"", ""Bark""]","zenodo/236268.wav","zenodo"
"236277.wav","/m/0bt9lr","[""/m/05tny_"", ""/m/0jbk"", ""/m/0bt9lr"", ""/m/068hy""]","dog_bark","[""Domestic_animals_and_pets"", ""Animal"", ""dog_bark"", ""Bark""]","zenodo/236277.wav","zenodo"
"40964.wav","/m/07p6fty","[""/m/05zppz"", ""/m/07sr1lc"", ""/m/07p6fty"", ""/m/09x0r"", ""/m/09l8g""]","shout","[""Human_voice"", ""Yell"", ""Speech"", ""Male_speech_and_man_speaking"", ""shout""]","zenodo/40964.wav","zenodo"
"402642.wav","/m/07p6fty","[""/m/05zppz"", ""/m/09x0r"", ""/m/07p6fty"", ""/m/09l8g""]","shout","[""shout"", ""Male_speech_and_man_speaking"", ""Human_voice"", ""Speech""]","zenodo/402642.wav","zenodo"
"402643.wav","/m/07p6fty","[""/m/05zppz"", ""/m/09x0r"", ""/m/07p6fty"", ""/m/09l8g""]","shout","[""shout"", ""Male_speech_and_man_speaking"", ""Human_voice"", ""Speech""]","zenodo/402643.wav","zenodo"
"402644.wav","/m/07p6fty","[""/m/05zppz"", ""/m/09x0r"", ""/m/07p6fty"", ""/m/09l8g""]","shout","[""shout"", ""Male_speech_and_man_speaking"", ""Human_voice"", ""Speech""]","zenodo/402644.wav","zenodo"
"17643.wav","/m/07p6fty","[""/m/05zppz"", ""/m/07sr1lc"", ""/m/09x0r"", ""/m/09l8g"", ""/m/07p6fty""]","shout","[""Human_voice"", ""Yell"", ""Speech"", ""Male_speech_and_man_speaking"", ""shout""]","zenodo/17643.wav","zenodo"
"223521.wav","/m/07p6fty","[""/m/05zppz"", ""/m/07sr1lc"", ""/m/01j3sz"", ""/m/09x0r"", ""/m/09l8g"", ""/m/07p6fty""]","shout","[""Human_voice"", ""Yell"", ""Speech"", ""Male_speech_and_man_speaking"", ""shout"", ""Laughter""]","zenodo/223521.wav","zenodo"
"223527.wav","/m/07p6fty","[""/m/05zppz"", ""/m/07sr1lc"", ""/m/09x0r"", ""/m/09l8g"", ""/m/07p6fty""]","shout","[""Human_voice"", ""Yell"", ""Speech"", ""Male_speech_and_man_speaking"", ""shout""]","zenodo/223527.wav","zenodo"
"261589.wav","/m/03kmc9","[""/m/05zppz"", ""/m/03kmc9"", ""/m/09x0r"", ""/m/09l8g"", ""/m/07pp_mv""]","siren","[""Human_voice"", ""Speech"", ""Male_speech_and_man_speaking"", ""siren"", ""alarm""]","zenodo/261589.wav","zenodo"
"253611.wav","/m/07p6fty","[""/m/05zppz"", ""/m/07sr1lc"", ""/m/09x0r"", ""/m/09l8g"", ""/m/07p6fty""]","shout","[""Human_voice"", ""Yell"", ""Speech"", ""Male_speech_and_man_speaking"", ""shout""]","zenodo/253611.wav","zenodo"
"422724.wav","/m/07p6fty","[""/m/05zppz"", ""/m/07p6fty"", ""/m/09x0r"", ""/m/09l8g""]","shout","[""shout"", ""Male_speech_and_man_speaking"", ""Human_voice"", ""Speech""]","zenodo/422724.wav","zenodo"
"368525.wav","/m/07p6fty","[""/m/05zppz"", ""/m/07rkbfh"", ""/m/07sr1lc"", ""/m/01h8n0"", ""/t/dd00012"", ""/m/09x0r"", ""/m/09l8g"", ""/m/07p6fty""]","shout","[""Conversation"", ""Human_group_actions"", ""Human_voice"", ""Yell"", ""Speech"", ""Male_speech_and_man_speaking"", ""Chatter"", ""shout""]","zenodo/368525.wav","zenodo"
"397299.wav","/m/07p6fty","[""/m/05zppz"", ""/m/09x0r"", ""/m/07p6fty"", ""/m/09l8g""]","shout","[""shout"", ""Male_speech_and_man_speaking"", ""Human_voice"", ""Speech""]","zenodo/397299.wav","zenodo"
"184833.wav","/m/07p6fty","[""/m/05zppz"", ""/m/07rkbfh"", ""/m/03qtwd"", ""/m/053hz1"", ""/m/0l15bq"", ""/m/07p6fty"", ""/m/09x0r"", ""/m/09l8g"", ""/t/dd00012"", ""/m/0k65p""]","shout","[""Crowd"", ""Human_group_actions"", ""Human_voice"", ""Cheering"", ""Speech"", ""Hands"", ""Male_speech_and_man_speaking"", ""Chatter"", ""Clapping"", ""shout""]","zenodo/184833.wav","zenodo"
"416732.wav","/m/03qc9zr","[""/m/05zppz"", ""/m/03qc9zr"", ""/m/07q7njn"", ""/m/09x0r"", ""/m/09l8g"", ""/m/039jq""]","screaming","[""Glass"", ""Human_voice"", ""Chink_and_clink"", ""Speech"", ""screaming"", ""Male_speech_and_man_speaking""]","zenodo/416732.wav","zenodo"
"164057.wav","/m/07pb8fc","[""/m/05zppz"", ""/m/07pb8fc"", ""/t/dd00130"", ""/m/07q2z82"", ""/m/07yv9"", ""/m/09x0r"", ""/m/09l8g"", ""/m/02mk9""]","engine","[""Human_voice"", ""Speech"", ""Male_speech_and_man_speaking"", ""Engine_starting"", ""Vehicle"", ""Accelerating_and_revving_and_vroom"", ""engine""]","zenodo/164057.wav","zenodo"
"369247.wav","/m/07pb8fc","[""/m/05zppz"", ""/m/07rjzl8"", ""/m/07pb8fc"", ""/t/dd00130"", ""/m/0k4j"", ""/m/09x0r"", ""/m/09l8g"", ""/m/012f08"", ""/m/07yv9"", ""/m/02dgv"", ""/t/dd00071"", ""/m/02mk9""]","engine","[""Motor_vehicle_(road)"", ""Human_voice"", ""Domestic_sounds_and_home_sounds"", ""Door"", ""Slam"", ""Speech"", ""Car"", ""Male_speech_and_man_speaking"", ""Engine_starting"", ""Vehicle"", ""engine""]","zenodo/369247.wav","zenodo"
"420464.wav","/m/07pb8fc","[""/m/05zppz"", ""/m/07pb8fc"", ""/m/04_sv"", ""/m/07q2z82"", ""/m/09x0r"", ""/m/09l8g"", ""/m/02mk9"", ""/m/012f08"", ""/m/07yv9""]","engine","[""Motor_vehicle_(road)"", ""Human_voice"", ""Speech"", ""Motorcycle"", ""Male_speech_and_man_speaking"", ""Vehicle"", ""Accelerating_and_revving_and_vroom"", ""engine""]","zenodo/420464.wav","zenodo"
"232274.wav","/m/07pb8fc","[""/m/05zppz"", ""/m/07pb8fc"", ""/m/0k4j"", ""/m/09x0r"", ""/m/09l8g"", ""/m/012f08"", ""/m/07yv9"", ""/m/02mk9""]","engine","[""Motor_vehicle_(road)"", ""Human_voice"", ""Speech"", ""Car"", ""Male_speech_and_man_speaking"", ""Vehicle"", ""engine""]","zenodo/232274.wav","zenodo"
"324783.wav","/m/0btp2","[""/m/05zppz"", ""/m/02zsn"", ""/m/0btp2"", ""/m/01h8n0"", ""/m/09x0r"", ""/m/09l8g"", ""/m/012f08"", ""/m/07yv9""]","traffic_noise","[""Conversation"", ""Motor_vehicle_(road)"", ""Female_speech_and_woman_speaking"", ""Human_voice"", ""Speech"", ""Male_speech_and_man_speaking"", ""Vehicle"", ""traffic_noise""]","zenodo/324783.wav","zenodo"
"349401.wav","/m/07p6fty","[""/m/05zppz"", ""/m/03qtwd"", ""/m/053hz1"", ""/t/dd00012"", ""/m/07p6fty"", ""/m/09x0r"", ""/m/09l8g""]","shout","[""Crowd"", ""Human_group_actions"", ""Human_voice"", ""Cheering"", ""Speech"", ""Male_speech_and_man_speaking"", ""shout""]","zenodo/349401.wav","zenodo"
"69207.wav","/m/07pp_mv","[""/m/05zppz"", ""/m/07cx4"", ""/m/09x0r"", ""/m/09l8g"", ""/m/07pp_mv""]","alarm","[""telephone"", ""Human_voice"", ""Speech"", ""Male_speech_and_man_speaking"", ""alarm""]","zenodo/69207.wav","zenodo"
"233766.wav","/m/02mk9","[""/m/05zppz"", ""/m/01h8n0"", ""/m/01bjv"", ""/m/02mk9"", ""/m/04rlf"", ""/m/09x0r"", ""/m/09l8g"", ""/m/012f08"", ""/m/07yv9""]","engine","[""Conversation"", ""Motor_vehicle_(road)"", ""Human_voice"", ""Bus"", ""Music"", ""Speech"", ""Male_speech_and_man_speaking"", ""Vehicle"", ""engine""]","zenodo/233766.wav","zenodo"
"332914.wav","/m/07pp_mv","[""/m/07q6cd_"", ""/m/07rjzl8"", ""/m/07pp_mv"", ""/m/083vt"", ""/m/02dgv"", ""/t/dd00071""]","alarm","[""Domestic_sounds_and_home_sounds"", ""Door"", ""Slam"", ""Squeak"", ""alarm"", ""Wood""]","zenodo/332914.wav","zenodo"
"22885.wav","/m/07pb8fc","[""/m/07q6cd_"", ""/m/07pb8fc"", ""/m/02mk9""]","engine","[""Squeak"", ""engine""]","zenodo/22885.wav","zenodo"
"176641.wav","/m/02mk9","[""/m/07q6cd_"", ""/m/07q2z82"", ""/m/07yv9"", ""/m/02mk9""]","engine","[""Squeak"", ""Accelerating_and_revving_and_vroom"", ""engine"", ""Vehicle""]","zenodo/176641.wav","zenodo"
"379916.wav","/m/07pp_mv","[""/m/07q6cd_"", ""/m/07rjzl8"", ""/m/07pp_mv"", ""/m/0k4j"", ""/m/012f08"", ""/m/07yv9"", ""/m/02dgv"", ""/t/dd00071""]","alarm","[""Motor_vehicle_(road)"", ""Domestic_sounds_and_home_sounds"", ""Door"", ""Slam"", ""Car"", ""Squeak"", ""Vehicle"", ""alarm""]","zenodo/379916.wav","zenodo"
"72197.wav","/m/0btp2","[""/m/07q6cd_"", ""/m/07qn4z3"", ""/m/07rjzl8"", ""/m/0btp2"", ""/m/0395lw"", ""/m/02dgv"", ""/t/dd00071"", ""/m/012f08"", ""/m/07yv9""]","traffic_noise","[""Motor_vehicle_(road)"", ""Domestic_sounds_and_home_sounds"", ""Door"", ""Slam"", ""Squeak"", ""Vehicle"", ""Bell"", ""traffic_noise"", ""Rattle""]","zenodo/72197.wav","zenodo"
"178849.wav","/m/07p6fty","[""/m/09x0r"", ""/m/07p6fty"", ""/m/09l8g""]","shout","[""shout"", ""Human_voice"", ""Speech""]","zenodo/178849.wav","zenodo"
"187308.wav","/m/07p6fty","[""/m/0195fx"", ""/m/09x0r"", ""/m/07p6fty"", ""/m/09l8g"", ""/m/06d_3"", ""/m/07yv9""]","shout","[""Human_voice"", ""Speech"", ""Subway_and_metro_and_underground"", ""Vehicle"", ""shout"", ""Rail_transport""]","zenodo/187308.wav","zenodo"
"181347.wav","/m/07p6fty","[""/m/09x0r"", ""/m/07p6fty"", ""/m/09l8g""]","shout","[""shout"", ""Human_voice"", ""Speech""]","zenodo/181347.wav","zenodo"
"259609.wav","/m/0463cq4","[""/m/09x0r"", ""/m/0463cq4"", ""/m/09l8g""]","crying_and_sobbing","[""crying_and_sobbing"", ""Human_voice"", ""Speech""]","zenodo/259609.wav","zenodo"
"100357.wav","/m/07pp_mv","[""/m/07pp_mv""]","alarm","[""alarm""]","zenodo/100357.wav","zenodo"
"403471.wav","/m/07pp_mv","[""/m/07pp_mv""]","alarm","[""alarm""]","zenodo/403471.wav","zenodo"
"403473.wav","/m/07pp_mv","[""/m/07pp_mv""]","alarm","[""alarm""]","zenodo/403473.wav","zenodo"
"403474.wav","/m/07pp_mv","[""/m/07pp_mv""]","alarm","[""alarm""]","zenodo/403474.wav","zenodo"
"104475.wav","/m/07pp_mv","[""/m/07pp_mv""]","alarm","[""alarm""]","zenodo/104475.wav","zenodo"
"104476.wav","/m/07pp_mv","[""/m/07pp_mv""]","alarm","[""alarm""]","zenodo/104476.wav","zenodo"
"327711.wav","/m/07pp_mv","[""/m/07pp_mv""]","alarm","[""alarm""]","zenodo/327711.wav","zenodo"
"67616.wav","/m/07pp_mv","[""/m/07pp_mv""]","alarm","[""alarm""]","zenodo/67616.wav","zenodo"
"69663.wav","/m/07pp_mv","[""/m/07pp_mv"", ""/m/019jd"", ""/m/07yv9""]","alarm","[""Boat_and_Water_vehicle"", ""alarm"", ""Vehicle""]","zenodo/69663.wav","zenodo"
"102435.wav","/m/07pp_mv","[""/m/07pp_mv""]","alarm","[""alarm""]","zenodo/102435.wav","zenodo"
"258089.wav","/m/07pp_mv","[""/m/07pp_mv""]","alarm","[""alarm""]","zenodo/258089.wav","zenodo"
"249931.wav","/m/07pp_mv","[""/m/07pp_mv""]","alarm","[""alarm""]","zenodo/249931.wav","zenodo"
"182351.wav","/m/07pp_mv","[""/m/07pp_mv""]","alarm","[""alarm""]","zenodo/182351.wav","zenodo"
"223320.wav","/m/07pp_mv","[""/m/07pp_mv""]","alarm","[""alarm""]","zenodo/223320.wav","zenodo"
"71778.wav","/m/07pp_mv","[""/m/07rjwbb"", ""/m/07pp_mv"", ""/m/07jdr"", ""/m/06d_3"", ""/m/07yv9""]","alarm","[""Train"", ""Hiss"", ""Vehicle"", ""alarm"", ""Rail_transport""]","zenodo/71778.wav","zenodo"
"22627.wav","/m/07pp_mv","[""/m/07pp_mv""]","alarm","[""alarm""]","zenodo/22627.wav","zenodo"
"110692.wav","/m/07pp_mv","[""/m/07pp_mv"", ""/m/07r04"", ""/m/012f08"", ""/m/07yv9""]","alarm","[""Motor_vehicle_(road)"", ""Truck"", ""alarm"", ""Vehicle""]","zenodo/110692.wav","zenodo"
"100459.wav","/m/07pp_mv","[""/m/07pp_mv""]","alarm","[""alarm""]","zenodo/100459.wav","zenodo"
"100460.wav","/m/07pp_mv","[""/m/07pp_mv""]","alarm","[""alarm""]","zenodo/100460.wav","zenodo"
"100461.wav","/m/07pp_mv","[""/m/07pp_mv""]","alarm","[""alarm""]","zenodo/100461.wav","zenodo"
"100462.wav","/m/07pp_mv","[""/m/07pp_mv""]","alarm","[""alarm""]","zenodo/100462.wav","zenodo"
"219244.wav","/m/07pp_mv","[""/m/07pp_mv""]","alarm","[""alarm""]","zenodo/219244.wav","zenodo"
"321676.wav","/m/07pp_mv","[""/m/07pp_mv""]","alarm","[""alarm""]","zenodo/321676.wav","zenodo"
"321677.wav","/m/07pp_mv","[""/m/07pp_mv""]","alarm","[""alarm""]","zenodo/321677.wav","zenodo"
"321678.wav","/m/07pp_mv","[""/m/07pp_mv""]","alarm","[""alarm""]","zenodo/321678.wav","zenodo"
"258193.wav","/m/07pp_mv","[""/m/07pp_mv""]","alarm","[""alarm""]","zenodo/258193.wav","zenodo"
"321684.wav","/m/07pp_mv","[""/m/07pp_mv""]","alarm","[""alarm""]","zenodo/321684.wav","zenodo"
"264346.wav","/m/07pp_mv","[""/m/07cx4"", ""/m/07pp_mv""]","alarm","[""alarm"", ""telephone""]","zenodo/264346.wav","zenodo"
"211103.wav","/m/07pp_mv","[""/m/07pp_mv"", ""/m/01x3z"", ""/t/dd00077""]","alarm","[""alarm"", ""Clock"", ""Mechanisms""]","zenodo/211103.wav","zenodo"
"422051.wav","/m/07pp_mv","[""/m/07pp_mv"", ""/m/0k4j"", ""/m/012f08"", ""/m/07yv9""]","alarm","[""Motor_vehicle_(road)"", ""Car"", ""alarm"", ""Vehicle""]","zenodo/422051.wav","zenodo"
"329893.wav","/m/07pp_mv","[""/m/07pp_mv"", ""/m/01x3z"", ""/t/dd00077""]","alarm","[""alarm"", ""Clock"", ""Mechanisms""]","zenodo/329893.wav","zenodo"
"329894.wav","/m/07pp_mv","[""/m/07pp_mv""]","alarm","[""alarm""]","zenodo/329894.wav","zenodo"
"329895.wav","/m/07pp_mv","[""/m/07pp_mv""]","alarm","[""alarm""]","zenodo/329895.wav","zenodo"
"329896.wav","/m/07pp_mv","[""/m/07pp_mv""]","alarm","[""alarm""]","zenodo/329896.wav","zenodo"
"333993.wav","/m/07pp_mv","[""/m/07pp_mv""]","alarm","[""alarm""]","zenodo/333993.wav","zenodo"
"164006.wav","/m/07pp_mv","[""/m/07pp_mv""]","alarm","[""alarm""]","zenodo/164006.wav","zenodo"
"233645.wav","/m/07pp_mv","[""/m/07pp_mv""]","alarm","[""alarm""]","zenodo/233645.wav","zenodo"
"125102.wav","/m/07pp_mv","[""/m/07pp_mv""]","alarm","[""alarm""]","zenodo/125102.wav","zenodo"
"270522.wav","/m/07pp_mv","[""/m/07pp_mv""]","alarm","[""alarm""]","zenodo/270522.wav","zenodo"
"428221.wav","/m/07pp_mv","[""/m/07pp_mv""]","alarm","[""alarm""]","zenodo/428221.wav","zenodo"
"18632.wav","/m/07pp_mv","[""/m/07pp_mv""]","alarm","[""alarm""]","zenodo/18632.wav","zenodo"
"196838.wav","/m/07pp_mv","[""/m/07pp_mv""]","alarm","[""alarm""]","zenodo/196838.wav","zenodo"
"164089.wav","/m/07pp_mv","[""/m/07pp_mv""]","alarm","[""alarm""]","zenodo/164089.wav","zenodo"
"164090.wav","/m/07pp_mv","[""/m/07pp_mv""]","alarm","[""alarm""]","zenodo/164090.wav","zenodo"
"325894.wav","/m/07pp_mv","[""/m/07pp_mv"", ""/m/0k4j"", ""/m/012f08"", ""/m/07yv9""]","alarm","[""Motor_vehicle_(road)"", ""Car"", ""alarm"", ""Vehicle""]","zenodo/325894.wav","zenodo"
"327969.wav","/m/07pp_mv","[""/m/07pp_mv""]","alarm","[""alarm""]","zenodo/327969.wav","zenodo"
"327970.wav","/m/07pp_mv","[""/m/07pp_mv""]","alarm","[""alarm""]","zenodo/327970.wav","zenodo"
"270643.wav","/m/07pp_mv","[""/m/07pp_mv""]","alarm","[""alarm""]","zenodo/270643.wav","zenodo"
"393524.wav","/m/07pp_mv","[""/m/07pp_mv""]","alarm","[""alarm""]","zenodo/393524.wav","zenodo"
"106831.wav","/m/07pp_mv","[""/m/07pp_mv""]","alarm","[""alarm""]","zenodo/106831.wav","zenodo"
"26960.wav","/m/07pp_mv","[""/m/07pp_mv""]","alarm","[""alarm""]","zenodo/26960.wav","zenodo"
"26961.wav","/m/07pp_mv","[""/m/07pp_mv""]","alarm","[""alarm""]","zenodo/26961.wav","zenodo"
"26962.wav","/m/07pp_mv","[""/m/07pp_mv""]","alarm","[""alarm""]","zenodo/26962.wav","zenodo"
"26963.wav","/m/07pp_mv","[""/m/07pp_mv""]","alarm","[""alarm""]","zenodo/26963.wav","zenodo"
"26964.wav","/m/07pp_mv","[""/m/07pp_mv""]","alarm","[""alarm""]","zenodo/26964.wav","zenodo"
"26965.wav","/m/07pp_mv","[""/m/07pp_mv""]","alarm","[""alarm""]","zenodo/26965.wav","zenodo"
"221522.wav","/m/07pp_mv","[""/m/07pp_mv""]","alarm","[""alarm""]","zenodo/221522.wav","zenodo"
"22876.wav","/m/07pp_mv","[""/m/07pp_mv""]","alarm","[""alarm""]","zenodo/22876.wav","zenodo"
"274806.wav","/m/07pp_mv","[""/m/07pp_mv""]","alarm","[""alarm""]","zenodo/274806.wav","zenodo"
"389509.wav","/m/07pp_mv","[""/m/07pp_mv""]","alarm","[""alarm""]","zenodo/389509.wav","zenodo"
"348551.wav","/m/07pp_mv","[""/m/07pp_mv""]","alarm","[""alarm""]","zenodo/348551.wav","zenodo"
"250261.wav","/m/07pp_mv","[""/m/07pp_mv""]","alarm","[""alarm""]","zenodo/250261.wav","zenodo"
"377249.wav","/m/07pp_mv","[""/m/07pp_mv"", ""/m/07r04"", ""/m/012f08"", ""/m/07yv9""]","alarm","[""Motor_vehicle_(road)"", ""Truck"", ""alarm"", ""Vehicle""]","zenodo/377249.wav","zenodo"
"250285.wav","/m/07pp_mv","[""/m/07pp_mv""]","alarm","[""alarm""]","zenodo/250285.wav","zenodo"
"129464.wav","/m/07pp_mv","[""/m/07pp_mv""]","alarm","[""alarm""]","zenodo/129464.wav","zenodo"
"135613.wav","/m/07pp_mv","[""/m/07pp_mv""]","alarm","[""alarm""]","zenodo/135613.wav","zenodo"
"72125.wav","/m/07pp_mv","[""/m/07pp_mv""]","alarm","[""alarm""]","zenodo/72125.wav","zenodo"
"72126.wav","/m/07pp_mv","[""/m/07pp_mv""]","alarm","[""alarm""]","zenodo/72126.wav","zenodo"
"72127.wav","/m/07pp_mv","[""/m/07pp_mv""]","alarm","[""alarm""]","zenodo/72127.wav","zenodo"
"72128.wav","/m/07pp_mv","[""/m/07pp_mv""]","alarm","[""alarm""]","zenodo/72128.wav","zenodo"
"72129.wav","/m/07pp_mv","[""/m/07pp_mv""]","alarm","[""alarm""]","zenodo/72129.wav","zenodo"
"428484.wav","/m/07pp_mv","[""/m/07pp_mv"", ""/m/0k4j"", ""/m/012f08"", ""/m/07yv9""]","alarm","[""Motor_vehicle_(road)"", ""Car"", ""alarm"", ""Vehicle""]","zenodo/428484.wav","zenodo"
"381382.wav","/m/07pp_mv","[""/m/07pp_mv""]","alarm","[""alarm""]","zenodo/381382.wav","zenodo"
"25031.wav","/m/07pp_mv","[""/m/07pp_mv""]","alarm","[""alarm""]","zenodo/25031.wav","zenodo"
"84423.wav","/m/07pp_mv","[""/m/07pp_mv""]","alarm","[""alarm""]","zenodo/84423.wav","zenodo"
"25032.wav","/m/07pp_mv","[""/m/07pp_mv""]","alarm","[""alarm""]","zenodo/25032.wav","zenodo"
"387532.wav","/m/07pp_mv","[""/m/07pp_mv""]","alarm","[""alarm""]","zenodo/387532.wav","zenodo"
"344525.wav","/m/07pp_mv","[""/m/07pp_mv""]","alarm","[""alarm""]","zenodo/344525.wav","zenodo"
"387534.wav","/m/07pp_mv","[""/m/07pp_mv""]","alarm","[""alarm""]","zenodo/387534.wav","zenodo"
"211408.wav","/m/07pp_mv","[""/m/07pp_mv"", ""/m/0395lw""]","alarm","[""Bell"", ""alarm""]","zenodo/211408.wav","zenodo"
"387537.wav","/m/07pp_mv","[""/m/07pp_mv""]","alarm","[""alarm""]","zenodo/387537.wav","zenodo"
"166356.wav","/m/07pp_mv","[""/m/07pp_mv"", ""/m/09l8g""]","alarm","[""alarm"", ""Human_voice""]","zenodo/166356.wav","zenodo"
"121306.wav","/m/07pp_mv","[""/m/07pp_mv""]","alarm","[""alarm""]","zenodo/121306.wav","zenodo"
"147933.wav","/m/07pp_mv","[""/m/07pp_mv""]","alarm","[""alarm""]","zenodo/147933.wav","zenodo"
"379373.wav","/m/07pp_mv","[""/m/01bjv"", ""/m/07pp_mv"", ""/m/012f08"", ""/m/07yv9""]","alarm","[""Motor_vehicle_(road)"", ""Bus"", ""alarm"", ""Vehicle""]","zenodo/379373.wav","zenodo"
"428526.wav","/m/07pp_mv","[""/m/07pp_mv""]","alarm","[""alarm""]","zenodo/428526.wav","zenodo"
"379375.wav","/m/07pp_mv","[""/m/01bjv"", ""/m/07pp_mv"", ""/m/012f08"", ""/m/07yv9""]","alarm","[""Motor_vehicle_(road)"", ""Bus"", ""alarm"", ""Vehicle""]","zenodo/379375.wav","zenodo"
"238075.wav","/m/07pp_mv","[""/m/07pp_mv""]","alarm","[""alarm""]","zenodo/238075.wav","zenodo"
"379387.wav","/m/07pp_mv","[""/m/01bjv"", ""/m/07pp_mv"", ""/m/012f08"", ""/m/07yv9""]","alarm","[""Motor_vehicle_(road)"", ""Bus"", ""alarm"", ""Vehicle""]","zenodo/379387.wav","zenodo"
"379388.wav","/m/07pp_mv","[""/m/01bjv"", ""/m/07pp_mv"", ""/m/012f08"", ""/m/07yv9""]","alarm","[""Motor_vehicle_(road)"", ""Bus"", ""alarm"", ""Vehicle""]","zenodo/379388.wav","zenodo"
"94735.wav","/m/07pp_mv","[""/m/07pp_mv""]","alarm","[""alarm""]","zenodo/94735.wav","zenodo"
"203287.wav","/m/07pp_mv","[""/m/07pp_mv"", ""/m/0k4j"", ""/m/012f08"", ""/m/07yv9""]","alarm","[""Motor_vehicle_(road)"", ""Car"", ""alarm"", ""Vehicle""]","zenodo/203287.wav","zenodo"
"268823.wav","/m/07pp_mv","[""/m/07pp_mv""]","alarm","[""alarm""]","zenodo/268823.wav","zenodo"
"270883.wav","/m/07pp_mv","[""/m/07pp_mv""]","alarm","[""alarm""]","zenodo/270883.wav","zenodo"
"150052.wav","/m/07pp_mv","[""/m/07pp_mv""]","alarm","[""alarm""]","zenodo/150052.wav","zenodo"
"150053.wav","/m/07pp_mv","[""/m/07pp_mv""]","alarm","[""alarm""]","zenodo/150053.wav","zenodo"
"51747.wav","/m/07pp_mv","[""/m/07pp_mv"", ""/m/0k4j"", ""/m/012f08"", ""/m/07yv9""]","alarm","[""Motor_vehicle_(road)"", ""Car"", ""alarm"", ""Vehicle""]","zenodo/51747.wav","zenodo"
"350773.wav","/m/07pp_mv","[""/m/07pp_mv""]","alarm","[""alarm""]","zenodo/350773.wav","zenodo"
"246328.wav","/m/07pp_mv","[""/m/07pp_mv""]","alarm","[""alarm""]","zenodo/246328.wav","zenodo"
"426559.wav","/m/07pp_mv","[""/m/07pp_mv""]","alarm","[""alarm""]","zenodo/426559.wav","zenodo"
"39514.wav","/m/07pp_mv","[""/m/07pp_mv""]","alarm","[""alarm""]","zenodo/39514.wav","zenodo"
"371292.wav","/m/07pp_mv","[""/m/07pp_mv""]","alarm","[""alarm""]","zenodo/371292.wav","zenodo"
"266848.wav","/m/07pp_mv","[""/m/07pp_mv""]","alarm","[""alarm""]","zenodo/266848.wav","zenodo"
"35433.wav","/m/07pp_mv","[""/m/07pp_mv""]","alarm","[""alarm""]","zenodo/35433.wav","zenodo"
"35436.wav","/m/07pp_mv","[""/m/07pp_mv""]","alarm","[""alarm""]","zenodo/35436.wav","zenodo"
"35437.wav","/m/07pp_mv","[""/m/07pp_mv""]","alarm","[""alarm""]","zenodo/35437.wav","zenodo"
"201325.wav","/m/07pp_mv","[""/m/07pp_mv""]","alarm","[""alarm""]","zenodo/201325.wav","zenodo"
"35439.wav","/m/07pp_mv","[""/m/07pp_mv""]","alarm","[""alarm""]","zenodo/35439.wav","zenodo"
"35441.wav","/m/07pp_mv","[""/m/07pp_mv""]","alarm","[""alarm""]","zenodo/35441.wav","zenodo"
"96890.wav","/m/07pp_mv","[""/m/07pp_mv""]","alarm","[""alarm""]","zenodo/96890.wav","zenodo"
"342663.wav","/m/07pp_mv","[""/m/07pp_mv""]","alarm","[""alarm""]","zenodo/342663.wav","zenodo"
"342664.wav","/m/07pp_mv","[""/m/07pp_mv""]","alarm","[""alarm""]","zenodo/342664.wav","zenodo"
"389775.wav","/m/07pp_mv","[""/m/07pp_mv""]","alarm","[""alarm""]","zenodo/389775.wav","zenodo"
"70289.wav","/m/07pp_mv","[""/m/07pp_mv""]","alarm","[""alarm""]","zenodo/70289.wav","zenodo"
"324248.wav","/m/07pp_mv","[""/m/07pp_mv""]","alarm","[""alarm""]","zenodo/324248.wav","zenodo"
"98973.wav","/m/07pp_mv","[""/m/07pp_mv"", ""/m/0k4j"", ""/m/012f08"", ""/m/07yv9""]","alarm","[""Motor_vehicle_(road)"", ""Car"", ""alarm"", ""Vehicle""]","zenodo/98973.wav","zenodo"
"414366.wav","/m/07pp_mv","[""/m/07pp_mv""]","alarm","[""alarm""]","zenodo/414366.wav","zenodo"
"266924.wav","/m/07pp_mv","[""/m/0195fx"", ""/m/07pp_mv"", ""/m/06d_3"", ""/m/07yv9""]","alarm","[""alarm"", ""Subway_and_metro_and_underground"", ""Rail_transport"", ""Vehicle""]","zenodo/266924.wav","zenodo"
"139958.wav","/m/07pp_mv","[""/m/07pp_mv""]","alarm","[""alarm""]","zenodo/139958.wav","zenodo"
"404161.wav","/m/07pp_mv","[""/m/07pp_mv""]","alarm","[""alarm""]","zenodo/404161.wav","zenodo"
"262853.wav","/m/07pp_mv","[""/m/07pp_mv""]","alarm","[""alarm""]","zenodo/262853.wav","zenodo"
"96973.wav","/m/07pp_mv","[""/m/07pp_mv""]","alarm","[""alarm""]","zenodo/96973.wav","zenodo"
"271063.wav","/m/02mk9","[""/m/07pp_mv"", ""/m/02mk9"", ""/m/07jdr"", ""/m/06d_3"", ""/m/07yv9""]","engine","[""Train"", ""Vehicle"", ""alarm"", ""Rail_transport"", ""engine""]","zenodo/271063.wav","zenodo"
"33497.wav","/m/07pp_mv","[""/m/07pp_mv""]","alarm","[""alarm""]","zenodo/33497.wav","zenodo"
"262878.wav","/m/07pp_mv","[""/m/07pp_mv""]","alarm","[""alarm""]","zenodo/262878.wav","zenodo"
"92897.wav","/m/07pp_mv","[""/m/07pp_mv""]","alarm","[""alarm""]","zenodo/92897.wav","zenodo"
"74471.wav","/m/07pp_mv","[""/m/07pp_mv"", ""/m/019jd"", ""/m/07yv9""]","alarm","[""Boat_and_Water_vehicle"", ""alarm"", ""Vehicle""]","zenodo/74471.wav","zenodo"
"74474.wav","/m/07pp_mv","[""/m/07pp_mv""]","alarm","[""alarm""]","zenodo/74474.wav","zenodo"
"262897.wav","/m/07pp_mv","[""/m/07pp_mv""]","alarm","[""alarm""]","zenodo/262897.wav","zenodo"
"262900.wav","/m/07pp_mv","[""/m/07pp_mv""]","alarm","[""alarm""]","zenodo/262900.wav","zenodo"
"250629.wav","/m/07pp_mv","[""/m/07pp_mv""]","alarm","[""alarm""]","zenodo/250629.wav","zenodo"
"340750.wav","/m/07pp_mv","[""/m/07pp_mv""]","alarm","[""alarm""]","zenodo/340750.wav","zenodo"
"203539.wav","/m/07pp_mv","[""/m/07pp_mv""]","alarm","[""alarm""]","zenodo/203539.wav","zenodo"
"203540.wav","/m/07pp_mv","[""/m/07pp_mv""]","alarm","[""alarm""]","zenodo/203540.wav","zenodo"
"250654.wav","/m/07pp_mv","[""/m/07pp_mv""]","alarm","[""alarm""]","zenodo/250654.wav","zenodo"
"273187.wav","/m/07pp_mv","[""/m/07pp_mv""]","alarm","[""alarm""]","zenodo/273187.wav","zenodo"
"52004.wav","/m/07pp_mv","[""/m/07pp_mv"", ""/m/02dgv"", ""/t/dd00071""]","alarm","[""Door"", ""alarm"", ""Domestic_sounds_and_home_sounds""]","zenodo/52004.wav","zenodo"
"156453.wav","/m/07pp_mv","[""/m/07pp_mv""]","alarm","[""alarm""]","zenodo/156453.wav","zenodo"
"148266.wav","/m/07pp_mv","[""/m/07pp_mv"", ""/m/02dgv"", ""/m/07jdr"", ""/m/07yv9"", ""/t/dd00071"", ""/m/06d_3""]","alarm","[""Train"", ""Domestic_sounds_and_home_sounds"", ""Door"", ""Vehicle"", ""alarm"", ""Rail_transport""]","zenodo/148266.wav","zenodo"
"398123.wav","/m/07pp_mv","[""/m/07pp_mv""]","alarm","[""alarm""]","zenodo/398123.wav","zenodo"
"238390.wav","/m/07pp_mv","[""/m/07pp_mv""]","alarm","[""alarm""]","zenodo/238390.wav","zenodo"
"265017.wav","/m/07pp_mv","[""/m/0dv3j"", ""/m/07pp_mv"", ""/m/04k94""]","alarm","[""alarm"", ""Boiling"", ""Liquid""]","zenodo/265017.wav","zenodo"
"324415.wav","/m/07pp_mv","[""/m/07pp_mv""]","alarm","[""alarm""]","zenodo/324415.wav","zenodo"
"148297.wav","/m/07pp_mv","[""/m/07pp_mv""]","alarm","[""alarm""]","zenodo/148297.wav","zenodo"
"93020.wav","/m/07pp_mv","[""/m/07pp_mv""]","alarm","[""alarm""]","zenodo/93020.wav","zenodo"
"334684.wav","/m/07pp_mv","[""/m/07rjzl8"", ""/m/07pp_mv"", ""/m/02dgv"", ""/t/dd00071""]","alarm","[""Door"", ""alarm"", ""Slam"", ""Domestic_sounds_and_home_sounds""]","zenodo/334684.wav","zenodo"
"396137.wav","/m/07pp_mv","[""/m/07pp_mv"", ""/m/0k4j"", ""/m/012f08"", ""/m/07yv9""]","alarm","[""Motor_vehicle_(road)"", ""Car"", ""alarm"", ""Vehicle""]","zenodo/396137.wav","zenodo"
"324459.wav","/m/07pp_mv","[""/m/07pp_mv""]","alarm","[""alarm""]","zenodo/324459.wav","zenodo"
"82797.wav","/m/07pp_mv","[""/m/07pp_mv""]","alarm","[""alarm""]","zenodo/82797.wav","zenodo"
"185199.wav","/m/07pp_mv","[""/m/07pp_mv""]","alarm","[""alarm""]","zenodo/185199.wav","zenodo"
"9077.wav","/m/07pp_mv","[""/m/07pp_mv""]","alarm","[""alarm""]","zenodo/9077.wav","zenodo"
"213890.wav","/m/07pp_mv","[""/m/02zsn"", ""/m/07pbtc8"", ""/m/0195fx"", ""/m/02y_763"", ""/m/07pp_mv"", ""/m/09x0r"", ""/m/09l8g"", ""/m/06d_3"", ""/m/07yv9"", ""/m/02dgv"", ""/t/dd00071""]","alarm","[""Female_speech_and_woman_speaking"", ""Human_voice"", ""Domestic_sounds_and_home_sounds"", ""Door"", ""Sliding_door"", ""Speech"", ""Subway_and_metro_and_underground"", ""Vehicle"", ""alarm"", ""Rail_transport"", ""Walk_and_footsteps""]","zenodo/213890.wav","zenodo"
"217989.wav","/m/07pp_mv","[""/m/07pp_mv"", ""/m/0k4j"", ""/m/012f08"", ""/m/07yv9""]","alarm","[""Motor_vehicle_(road)"", ""Car"", ""alarm"", ""Vehicle""]","zenodo/217989.wav","zenodo"
"207751.wav","/m/07pp_mv","[""/m/07pp_mv""]","alarm","[""alarm""]","zenodo/207751.wav","zenodo"
"367500.wav","/m/07pp_mv","[""/m/07pp_mv""]","alarm","[""alarm""]","zenodo/367500.wav","zenodo"
"418705.wav","/m/07pp_mv","[""/m/07pp_mv""]","alarm","[""alarm""]","zenodo/418705.wav","zenodo"
"423929.wav","/m/07pp_mv","[""/m/07pp_mv""]","alarm","[""alarm""]","zenodo/423929.wav","zenodo"
"158622.wav","/m/07pp_mv","[""/m/07pp_mv""]","alarm","[""alarm""]","zenodo/158622.wav","zenodo"
"338853.wav","/m/07pp_mv","[""/m/07pp_mv""]","alarm","[""alarm""]","zenodo/338853.wav","zenodo"
"103335.wav","/m/07pp_mv","[""/m/07pp_mv""]","alarm","[""alarm""]","zenodo/103335.wav","zenodo"
"273320.wav","/m/07pp_mv","[""/m/07pp_mv"", ""/m/0g6b5"", ""/m/014zdl""]","alarm","[""Explosion"", ""alarm"", ""Fireworks""]","zenodo/273320.wav","zenodo"
"54193.wav","/m/07pp_mv","[""/m/07pp_mv""]","alarm","[""alarm""]","zenodo/54193.wav","zenodo"
"33723.wav","/m/07pp_mv","[""/m/07pp_mv""]","alarm","[""alarm""]","zenodo/33723.wav","zenodo"
"33724.wav","/m/07pp_mv","[""/m/07pp_mv""]","alarm","[""alarm""]","zenodo/33724.wav","zenodo"
"33725.wav","/m/07pp_mv","[""/m/07pp_mv""]","alarm","[""alarm""]","zenodo/33725.wav","zenodo"
"33726.wav","/m/07pp_mv","[""/m/07pp_mv""]","alarm","[""alarm""]","zenodo/33726.wav","zenodo"
"33727.wav","/m/07pp_mv","[""/m/07pp_mv""]","alarm","[""alarm""]","zenodo/33727.wav","zenodo"
"33728.wav","/m/07pp_mv","[""/m/07pp_mv""]","alarm","[""alarm""]","zenodo/33728.wav","zenodo"
"33729.wav","/m/07pp_mv","[""/m/07pp_mv""]","alarm","[""alarm""]","zenodo/33729.wav","zenodo"
"33730.wav","/m/07pp_mv","[""/m/07pp_mv""]","alarm","[""alarm""]","zenodo/33730.wav","zenodo"
"33731.wav","/m/07pp_mv","[""/m/07pp_mv""]","alarm","[""alarm""]","zenodo/33731.wav","zenodo"
"33732.wav","/m/07pp_mv","[""/m/07pp_mv""]","alarm","[""alarm""]","zenodo/33732.wav","zenodo"
"33733.wav","/m/07pp_mv","[""/m/07pp_mv""]","alarm","[""alarm""]","zenodo/33733.wav","zenodo"
"33734.wav","/m/07pp_mv","[""/m/07pp_mv""]","alarm","[""alarm""]","zenodo/33734.wav","zenodo"
"33735.wav","/m/07pp_mv","[""/m/07pp_mv""]","alarm","[""alarm""]","zenodo/33735.wav","zenodo"
"33736.wav","/m/07pp_mv","[""/m/07pp_mv""]","alarm","[""alarm""]","zenodo/33736.wav","zenodo"
"33737.wav","/m/07pp_mv","[""/m/07pp_mv""]","alarm","[""alarm""]","zenodo/33737.wav","zenodo"
"33738.wav","/m/07pp_mv","[""/m/07pp_mv""]","alarm","[""alarm""]","zenodo/33738.wav","zenodo"
"216009.wav","/m/07pp_mv","[""/m/02zsn"", ""/m/07pbtc8"", ""/m/02y_763"", ""/m/07pp_mv"", ""/m/09x0r"", ""/m/09l8g"", ""/m/02dgv"", ""/t/dd00071""]","alarm","[""Female_speech_and_woman_speaking"", ""Human_voice"", ""Domestic_sounds_and_home_sounds"", ""Door"", ""Sliding_door"", ""Speech"", ""alarm"", ""Walk_and_footsteps""]","zenodo/216009.wav","zenodo"
"33740.wav","/m/07pp_mv","[""/m/07pp_mv""]","alarm","[""alarm""]","zenodo/33740.wav","zenodo"
"33741.wav","/m/07pp_mv","[""/m/07pp_mv""]","alarm","[""alarm""]","zenodo/33741.wav","zenodo"
"33742.wav","/m/07pp_mv","[""/m/07pp_mv""]","alarm","[""alarm""]","zenodo/33742.wav","zenodo"
"33739.wav","/m/07pp_mv","[""/m/07pp_mv""]","alarm","[""alarm""]","zenodo/33739.wav","zenodo"
"340942.wav","/m/07pp_mv","[""/m/07pp_mv""]","alarm","[""alarm""]","zenodo/340942.wav","zenodo"
"33744.wav","/m/07pp_mv","[""/m/07pp_mv""]","alarm","[""alarm""]","zenodo/33744.wav","zenodo"
"33743.wav","/m/07pp_mv","[""/m/07pp_mv""]","alarm","[""alarm""]","zenodo/33743.wav","zenodo"
"99282.wav","/m/07pp_mv","[""/m/07pp_mv""]","alarm","[""alarm""]","zenodo/99282.wav","zenodo"
"33748.wav","/m/07pp_mv","[""/m/07pp_mv""]","alarm","[""alarm""]","zenodo/33748.wav","zenodo"
"33749.wav","/m/07pp_mv","[""/m/07pp_mv""]","alarm","[""alarm""]","zenodo/33749.wav","zenodo"
"33745.wav","/m/07pp_mv","[""/m/07pp_mv""]","alarm","[""alarm""]","zenodo/33745.wav","zenodo"
"33746.wav","/m/07pp_mv","[""/m/07pp_mv""]","alarm","[""alarm""]","zenodo/33746.wav","zenodo"
"33747.wav","/m/07pp_mv","[""/m/07pp_mv""]","alarm","[""alarm""]","zenodo/33747.wav","zenodo"
"33751.wav","/m/07pp_mv","[""/m/07pp_mv""]","alarm","[""alarm""]","zenodo/33751.wav","zenodo"
"33750.wav","/m/07pp_mv","[""/m/07pp_mv""]","alarm","[""alarm""]","zenodo/33750.wav","zenodo"
"33752.wav","/m/07pp_mv","[""/m/07pp_mv""]","alarm","[""alarm""]","zenodo/33752.wav","zenodo"
"404456.wav","/m/07pp_mv","[""/m/07pp_mv""]","alarm","[""alarm""]","zenodo/404456.wav","zenodo"
"199657.wav","/m/07pp_mv","[""/m/07pp_mv"", ""/m/03vt0"", ""/m/01280g"", ""/m/0jbk""]","alarm","[""Animal"", ""alarm"", ""Wild_animals"", ""Insect""]","zenodo/199657.wav","zenodo"
"324586.wav","/m/07pp_mv","[""/m/07pp_mv""]","alarm","[""alarm""]","zenodo/324586.wav","zenodo"
"132074.wav","/m/07pp_mv","[""/m/07pp_mv""]","alarm","[""alarm""]","zenodo/132074.wav","zenodo"
"156672.wav","/m/07pp_mv","[""/m/07pp_mv""]","alarm","[""alarm""]","zenodo/156672.wav","zenodo"
"336897.wav","/m/07pp_mv","[""/m/07pp_mv""]","alarm","[""alarm""]","zenodo/336897.wav","zenodo"
"336896.wav","/m/07pp_mv","[""/m/07pp_mv""]","alarm","[""alarm""]","zenodo/336896.wav","zenodo"
"277510.wav","/m/07pp_mv","[""/m/03wwcy"", ""/m/07pp_mv"", ""/m/02dgv"", ""/t/dd00071""]","alarm","[""Door"", ""alarm"", ""Domestic_sounds_and_home_sounds"", ""doorbell""]","zenodo/277510.wav","zenodo"
"58388.wav","/m/07pp_mv","[""/m/0ltv"", ""/m/07pp_mv"", ""/m/0k4j"", ""/m/012f08"", ""/m/07yv9""]","alarm","[""Motor_vehicle_(road)"", ""Race_car_and_auto_racing"", ""Car"", ""Vehicle"", ""alarm""]","zenodo/58388.wav","zenodo"
"128021.wav","/m/07pp_mv","[""/m/07pp_mv""]","alarm","[""alarm""]","zenodo/128021.wav","zenodo"
"322581.wav","/m/07pp_mv","[""/m/07pp_mv""]","alarm","[""alarm""]","zenodo/322581.wav","zenodo"
"48151.wav","/m/07pp_mv","[""/m/07pp_mv""]","alarm","[""alarm""]","zenodo/48151.wav","zenodo"
"322582.wav","/m/07pp_mv","[""/m/07pp_mv""]","alarm","[""alarm""]","zenodo/322582.wav","zenodo"
"216090.wav","/m/07pp_mv","[""/m/07pp_mv""]","alarm","[""alarm""]","zenodo/216090.wav","zenodo"
"37915.wav","/m/07pp_mv","[""/m/07pp_mv""]","alarm","[""alarm""]","zenodo/37915.wav","zenodo"
"271389.wav","/m/07pp_mv","[""/m/07pp_mv""]","alarm","[""alarm""]","zenodo/271389.wav","zenodo"
"117793.wav","/m/07pp_mv","[""/m/07pp_mv""]","alarm","[""alarm""]","zenodo/117793.wav","zenodo"
"62502.wav","/m/07pp_mv","[""/m/07pp_mv""]","alarm","[""alarm""]","zenodo/62502.wav","zenodo"
"121904.wav","/m/07pp_mv","[""/m/07rjwbb"", ""/m/07pp_mv""]","alarm","[""alarm"", ""Hiss""]","zenodo/121904.wav","zenodo"
"121908.wav","/m/07pp_mv","[""/m/07pp_mv""]","alarm","[""alarm""]","zenodo/121908.wav","zenodo"
"361537.wav","/m/07pp_mv","[""/m/03qtwd"", ""/m/07pp_mv"", ""/t/dd00012""]","alarm","[""alarm"", ""Crowd"", ""Human_group_actions""]","zenodo/361537.wav","zenodo"
"76878.wav","/m/0bt9lr","[""/m/07pp_mv"", ""/m/0bt9lr"", ""/m/068hy"", ""/m/0jbk""]","dog_bark","[""Domestic_animals_and_pets"", ""alarm"", ""Animal"", ""dog_bark""]","zenodo/76878.wav","zenodo"
"197713.wav","/m/07pp_mv","[""/m/07pp_mv""]","alarm","[""alarm""]","zenodo/197713.wav","zenodo"
"418898.wav","/m/07pp_mv","[""/m/07pp_mv""]","alarm","[""alarm""]","zenodo/418898.wav","zenodo"
"111707.wav","/m/07pp_mv","[""/m/07pp_mv""]","alarm","[""alarm""]","zenodo/111707.wav","zenodo"
"365667.wav","/m/07pp_mv","[""/m/07pp_mv""]","alarm","[""alarm""]","zenodo/365667.wav","zenodo"
"78948.wav","/m/07pp_mv","[""/m/07pp_mv""]","alarm","[""alarm""]","zenodo/78948.wav","zenodo"
"371836.wav","/m/07pp_mv","[""/m/07pp_mv""]","alarm","[""alarm""]","zenodo/371836.wav","zenodo"
"205951.wav","/m/07pp_mv","[""/m/07pp_mv""]","alarm","[""alarm""]","zenodo/205951.wav","zenodo"
"201855.wav","/m/07pp_mv","[""/m/07pp_mv""]","alarm","[""alarm""]","zenodo/201855.wav","zenodo"
"185474.wav","/m/07pp_mv","[""/m/07pp_mv"", ""/m/0k4j"", ""/m/07yv9"", ""/m/012f08""]","alarm","[""Motor_vehicle_(road)"", ""Car"", ""alarm"", ""Vehicle""]","zenodo/185474.wav","zenodo"
"390278.wav","/m/07pp_mv","[""/m/07qjznl"", ""/m/07pp_mv"", ""/m/01x3z"", ""/t/dd00077""]","alarm","[""alarm"", ""Clock"", ""Tick-tock"", ""Mechanisms""]","zenodo/390278.wav","zenodo"
"128138.wav","/m/07pp_mv","[""/m/07pp_mv""]","alarm","[""alarm""]","zenodo/128138.wav","zenodo"
"156831.wav","/m/07pp_mv","[""/m/07pp_mv""]","alarm","[""alarm""]","zenodo/156831.wav","zenodo"
"369847.wav","/m/07pp_mv","[""/m/07pp_mv""]","alarm","[""alarm""]","zenodo/369847.wav","zenodo"
"201917.wav","/m/07pp_mv","[""/m/07pp_mv""]","alarm","[""alarm""]","zenodo/201917.wav","zenodo"
"244927.wav","/m/07pp_mv","[""/m/07pp_mv""]","alarm","[""alarm""]","zenodo/244927.wav","zenodo"
"244932.wav","/m/07pp_mv","[""/m/07pp_mv""]","alarm","[""alarm""]","zenodo/244932.wav","zenodo"
"400583.wav","/m/07pp_mv","[""/m/07pp_mv""]","alarm","[""alarm""]","zenodo/400583.wav","zenodo"
"419023.wav","/m/07pp_mv","[""/m/07pp_mv""]","alarm","[""alarm""]","zenodo/419023.wav","zenodo"
"34005.wav","/m/07pp_mv","[""/m/07pp_mv""]","alarm","[""alarm""]","zenodo/34005.wav","zenodo"
"369879.wav","/m/07pp_mv","[""/m/07pp_mv""]","alarm","[""alarm""]","zenodo/369879.wav","zenodo"
"185560.wav","/m/07pp_mv","[""/m/07pp_mv"", ""/m/01x3z"", ""/t/dd00077""]","alarm","[""alarm"", ""Clock"", ""Mechanisms""]","zenodo/185560.wav","zenodo"
"369880.wav","/m/07pp_mv","[""/m/07pp_mv""]","alarm","[""alarm""]","zenodo/369880.wav","zenodo"
"255193.wav","/m/07pp_mv","[""/m/07pp_mv""]","alarm","[""alarm""]","zenodo/255193.wav","zenodo"
"255194.wav","/m/07pp_mv","[""/m/07pp_mv""]","alarm","[""alarm""]","zenodo/255194.wav","zenodo"
"255195.wav","/m/07pp_mv","[""/m/07pp_mv""]","alarm","[""alarm""]","zenodo/255195.wav","zenodo"
"367839.wav","/m/07pp_mv","[""/m/07pp_mv""]","alarm","[""alarm""]","zenodo/367839.wav","zenodo"
"410851.wav","/m/07pp_mv","[""/m/07pp_mv""]","alarm","[""alarm""]","zenodo/410851.wav","zenodo"
"269541.wav","/m/07pp_mv","[""/m/07pp_mv""]","alarm","[""alarm""]","zenodo/269541.wav","zenodo"
"423141.wav","/m/07pp_mv","[""/m/07pp_mv""]","alarm","[""alarm""]","zenodo/423141.wav","zenodo"
"169209.wav","/m/07pp_mv","[""/m/07pp_mv"", ""/m/09l8g""]","alarm","[""alarm"", ""Human_voice""]","zenodo/169209.wav","zenodo"
"154894.wav","/m/07pp_mv","[""/m/07pp_mv""]","alarm","[""alarm""]","zenodo/154894.wav","zenodo"
"382236.wav","/m/07pp_mv","[""/m/07pp_mv""]","alarm","[""alarm""]","zenodo/382236.wav","zenodo"
"245028.wav","/m/07pp_mv","[""/m/07pp_mv""]","alarm","[""alarm""]","zenodo/245028.wav","zenodo"
"13613.wav","/m/07pp_mv","[""/m/07pp_mv""]","alarm","[""alarm""]","zenodo/13613.wav","zenodo"
"99630.wav","/m/07pp_mv","[""/m/07pp_mv"", ""/m/05kq4"", ""/m/019jd"", ""/m/0838f"", ""/m/07yv9""]","alarm","[""Boat_and_Water_vehicle"", ""Water"", ""Vehicle"", ""alarm"", ""Ocean""]","zenodo/99630.wav","zenodo"
"249150.wav","/m/07pp_mv","[""/m/07pp_mv""]","alarm","[""alarm""]","zenodo/249150.wav","zenodo"
"36170.wav","/m/07pp_mv","[""/m/07pp_mv""]","alarm","[""alarm""]","zenodo/36170.wav","zenodo"
"365903.wav","/m/07pp_mv","[""/m/07pp_mv"", ""/m/0k4j"", ""/m/012f08"", ""/m/07yv9""]","alarm","[""Motor_vehicle_(road)"", ""Car"", ""alarm"", ""Vehicle""]","zenodo/365903.wav","zenodo"
"83280.wav","/m/07pp_mv","[""/m/07pp_mv""]","alarm","[""alarm""]","zenodo/83280.wav","zenodo"
"56671.wav","/m/07pp_mv","[""/m/07pp_mv""]","alarm","[""alarm""]","zenodo/56671.wav","zenodo"
"353635.wav","/m/07pp_mv","[""/m/07pp_mv""]","alarm","[""alarm""]","zenodo/353635.wav","zenodo"
"337257.wav","/m/07pp_mv","[""/m/07pp_mv""]","alarm","[""alarm""]","zenodo/337257.wav","zenodo"
"185708.wav","/m/07pp_mv","[""/m/07pp_mv""]","alarm","[""alarm""]","zenodo/185708.wav","zenodo"
"21871.wav","/m/07pp_mv","[""/m/07pp_mv""]","alarm","[""alarm""]","zenodo/21871.wav","zenodo"
"372087.wav","/m/07pp_mv","[""/m/07pp_mv""]","alarm","[""alarm""]","zenodo/372087.wav","zenodo"
"361856.wav","/m/07pp_mv","[""/m/07pp_mv""]","alarm","[""alarm""]","zenodo/361856.wav","zenodo"
"253313.wav","/m/07pp_mv","[""/m/07pp_mv""]","alarm","[""alarm""]","zenodo/253313.wav","zenodo"
"253314.wav","/m/07pp_mv","[""/m/07pp_mv""]","alarm","[""alarm""]","zenodo/253314.wav","zenodo"
"253315.wav","/m/07pp_mv","[""/m/07pp_mv""]","alarm","[""alarm""]","zenodo/253315.wav","zenodo"
"253316.wav","/m/07pp_mv","[""/m/07pp_mv""]","alarm","[""alarm""]","zenodo/253316.wav","zenodo"
"335248.wav","/m/07pp_mv","[""/m/07pp_mv""]","alarm","[""alarm""]","zenodo/335248.wav","zenodo"
"341395.wav","/m/07pp_mv","[""/m/07pp_mv""]","alarm","[""alarm""]","zenodo/341395.wav","zenodo"
"400792.wav","/m/07pp_mv","[""/m/07pp_mv""]","alarm","[""alarm""]","zenodo/400792.wav","zenodo"
"345497.wav","/m/07pp_mv","[""/m/07pp_mv""]","alarm","[""alarm""]","zenodo/345497.wav","zenodo"
"66973.wav","/m/07pp_mv","[""/m/07pp_mv""]","alarm","[""alarm""]","zenodo/66973.wav","zenodo"
"167337.wav","/m/07pp_mv","[""/m/07pp_mv""]","alarm","[""alarm""]","zenodo/167337.wav","zenodo"
"316843.wav","/m/07pp_mv","[""/m/07pp_mv""]","alarm","[""alarm""]","zenodo/316843.wav","zenodo"
"318910.wav","/m/07pp_mv","[""/m/07pp_mv""]","alarm","[""alarm""]","zenodo/318910.wav","zenodo"
"67010.wav","/m/07pp_mv","[""/m/07pp_mv"", ""/m/02dgv"", ""/t/dd00071""]","alarm","[""Door"", ""alarm"", ""Domestic_sounds_and_home_sounds""]","zenodo/67010.wav","zenodo"
"347586.wav","/m/07pp_mv","[""/m/07pp_mv""]","alarm","[""alarm""]","zenodo/347586.wav","zenodo"
"150981.wav","/m/07pp_mv","[""/m/07pp_mv"", ""/m/0k4j"", ""/m/012f08"", ""/m/07yv9""]","alarm","[""Motor_vehicle_(road)"", ""Car"", ""alarm"", ""Vehicle""]","zenodo/150981.wav","zenodo"
"275910.wav","/m/07pp_mv","[""/m/07pp_mv""]","alarm","[""alarm""]","zenodo/275910.wav","zenodo"
"15813.wav","/m/07pp_mv","[""/m/07pp_mv""]","alarm","[""alarm""]","zenodo/15813.wav","zenodo"
"323016.wav","/m/07pp_mv","[""/m/07pp_mv""]","alarm","[""alarm""]","zenodo/323016.wav","zenodo"
"9674.wav","/m/07pp_mv","[""/m/07pp_mv""]","alarm","[""alarm""]","zenodo/9674.wav","zenodo"
"93643.wav","/m/03kmc9","[""/m/03kmc9"", ""/m/07pp_mv""]","siren","[""alarm"", ""siren""]","zenodo/93643.wav","zenodo"
"323019.wav","/m/07pp_mv","[""/m/07pp_mv""]","alarm","[""alarm""]","zenodo/323019.wav","zenodo"
"251341.wav","/m/07pp_mv","[""/m/07pp_mv""]","alarm","[""alarm""]","zenodo/251341.wav","zenodo"
"249304.wav","/m/07pp_mv","[""/m/07pp_mv""]","alarm","[""alarm""]","zenodo/249304.wav","zenodo"
"318945.wav","/m/07pp_mv","[""/m/07pp_mv""]","alarm","[""alarm""]","zenodo/318945.wav","zenodo"
"171493.wav","/m/07pp_mv","[""/m/07pp_mv""]","alarm","[""alarm""]","zenodo/171493.wav","zenodo"
"171496.wav","/m/07pp_mv","[""/m/07pp_mv""]","alarm","[""alarm""]","zenodo/171496.wav","zenodo"
"67048.wav","/m/07pp_mv","[""/m/07pp_mv""]","alarm","[""alarm""]","zenodo/67048.wav","zenodo"
"89589.wav","/m/07pp_mv","[""/m/07pp_mv""]","alarm","[""alarm""]","zenodo/89589.wav","zenodo"
"171515.wav","/m/07pp_mv","[""/m/07pp_mv""]","alarm","[""alarm""]","zenodo/171515.wav","zenodo"
"400894.wav","/m/07pp_mv","[""/m/07pp_mv""]","alarm","[""alarm""]","zenodo/400894.wav","zenodo"
"5635.wav","/m/07pp_mv","[""/m/07pp_mv""]","alarm","[""alarm""]","zenodo/5635.wav","zenodo"
"392721.wav","/m/07pp_mv","[""/m/07pp_mv""]","alarm","[""alarm""]","zenodo/392721.wav","zenodo"
"202258.wav","/m/07pp_mv","[""/m/07pp_mv""]","alarm","[""alarm""]","zenodo/202258.wav","zenodo"
"81432.wav","/m/07pp_mv","[""/m/0195fx"", ""/m/07pp_mv"", ""/m/06d_3"", ""/m/07yv9""]","alarm","[""alarm"", ""Subway_and_metro_and_underground"", ""Rail_transport"", ""Vehicle""]","zenodo/81432.wav","zenodo"
"265769.wav","/m/07pp_mv","[""/m/07pp_mv""]","alarm","[""alarm""]","zenodo/265769.wav","zenodo"
"110133.wav","/m/07pp_mv","[""/m/07pp_mv""]","alarm","[""alarm""]","zenodo/110133.wav","zenodo"
"126519.wav","/m/07pp_mv","[""/m/07pp_mv""]","alarm","[""alarm""]","zenodo/126519.wav","zenodo"
"126559.wav","/m/07pp_mv","[""/m/07pp_mv""]","alarm","[""alarm""]","zenodo/126559.wav","zenodo"
"126560.wav","/m/07pp_mv","[""/m/07pp_mv""]","alarm","[""alarm""]","zenodo/126560.wav","zenodo"
"126561.wav","/m/07pp_mv","[""/m/07pp_mv""]","alarm","[""alarm""]","zenodo/126561.wav","zenodo"
"388709.wav","/m/07pp_mv","[""/m/07pp_mv""]","alarm","[""alarm""]","zenodo/388709.wav","zenodo"
"188012.wav","/m/07pp_mv","[""/m/07pp_mv""]","alarm","[""alarm""]","zenodo/188012.wav","zenodo"
"155251.wav","/m/07pp_mv","[""/m/07pp_mv""]","alarm","[""alarm""]","zenodo/155251.wav","zenodo"
"341621.wav","/m/07pp_mv","[""/m/07pp_mv""]","alarm","[""alarm""]","zenodo/341621.wav","zenodo"
"204423.wav","/m/07pp_mv","[""/m/07pp_mv""]","alarm","[""alarm""]","zenodo/204423.wav","zenodo"
"204424.wav","/m/07pp_mv","[""/m/07pp_mv""]","alarm","[""alarm""]","zenodo/204424.wav","zenodo"
"204425.wav","/m/07pp_mv","[""/m/07pp_mv""]","alarm","[""alarm""]","zenodo/204425.wav","zenodo"
"204426.wav","/m/07pp_mv","[""/m/07pp_mv""]","alarm","[""alarm""]","zenodo/204426.wav","zenodo"
"382614.wav","/m/07pp_mv","[""/m/07pp_mv""]","alarm","[""alarm""]","zenodo/382614.wav","zenodo"
"251542.wav","/m/02mk9","[""/t/dd00130"", ""/m/07pp_mv"", ""/m/07r04"", ""/m/012f08"", ""/m/07yv9"", ""/m/02mk9""]","engine","[""Motor_vehicle_(road)"", ""Truck"", ""Engine_starting"", ""Vehicle"", ""alarm"", ""engine""]","zenodo/251542.wav","zenodo"
"165542.wav","/m/07pp_mv","[""/m/07pp_mv""]","alarm","[""alarm""]","zenodo/165542.wav","zenodo"
"24232.wav","/m/07pp_mv","[""/m/07pp_mv""]","alarm","[""alarm""]","zenodo/24232.wav","zenodo"
"24233.wav","/m/07pp_mv","[""/m/07pp_mv""]","alarm","[""alarm""]","zenodo/24233.wav","zenodo"
"24236.wav","/m/07pp_mv","[""/m/07pp_mv""]","alarm","[""alarm""]","zenodo/24236.wav","zenodo"
"251564.wav","/m/07pp_mv","[""/m/07pp_mv""]","alarm","[""alarm""]","zenodo/251564.wav","zenodo"
"202423.wav","/m/07pp_mv","[""/m/07pp_mv""]","alarm","[""alarm""]","zenodo/202423.wav","zenodo"
"184000.wav","/m/07pp_mv","[""/m/07pp_mv"", ""/m/07r04"", ""/m/012f08"", ""/m/07yv9""]","alarm","[""Motor_vehicle_(road)"", ""Truck"", ""alarm"", ""Vehicle""]","zenodo/184000.wav","zenodo"
"184001.wav","/m/07pp_mv","[""/m/07pp_mv"", ""/m/07r04"", ""/m/012f08"", ""/m/07yv9""]","alarm","[""Motor_vehicle_(road)"", ""Truck"", ""alarm"", ""Vehicle""]","zenodo/184001.wav","zenodo"
"407240.wav","/m/07pp_mv","[""/m/07pp_mv""]","alarm","[""alarm""]","zenodo/407240.wav","zenodo"
"413391.wav","/m/07pp_mv","[""/m/07pp_mv""]","alarm","[""alarm""]","zenodo/413391.wav","zenodo"
"177874.wav","/m/07pp_mv","[""/m/07pp_mv""]","alarm","[""alarm""]","zenodo/177874.wav","zenodo"
"42707.wav","/m/07pp_mv","[""/m/07pp_mv""]","alarm","[""alarm""]","zenodo/42707.wav","zenodo"
"34524.wav","/m/07pp_mv","[""/m/07pp_mv""]","alarm","[""alarm""]","zenodo/34524.wav","zenodo"
"34525.wav","/m/07pp_mv","[""/m/07pp_mv""]","alarm","[""alarm""]","zenodo/34525.wav","zenodo"
"202474.wav","/m/07pp_mv","[""/m/07pp_mv""]","alarm","[""alarm""]","zenodo/202474.wav","zenodo"
"401132.wav","/m/07pp_mv","[""/m/07pp_mv""]","alarm","[""alarm""]","zenodo/401132.wav","zenodo"
"364270.wav","/m/07pp_mv","[""/m/07pp_mv""]","alarm","[""alarm""]","zenodo/364270.wav","zenodo"
"364271.wav","/m/07pp_mv","[""/m/07pp_mv""]","alarm","[""alarm""]","zenodo/364271.wav","zenodo"
"55031.wav","/m/07pp_mv","[""/m/07pp_mv""]","alarm","[""alarm""]","zenodo/55031.wav","zenodo"
"265977.wav","/m/07pp_mv","[""/m/07pp_mv""]","alarm","[""alarm""]","zenodo/265977.wav","zenodo"
"198408.wav","/m/07pp_mv","[""/m/07pp_mv""]","alarm","[""alarm""]","zenodo/198408.wav","zenodo"
"198409.wav","/m/07pp_mv","[""/m/07pp_mv""]","alarm","[""alarm""]","zenodo/198409.wav","zenodo"
"241419.wav","/m/07pp_mv","[""/m/07pp_mv""]","alarm","[""alarm""]","zenodo/241419.wav","zenodo"
"202512.wav","/m/07pp_mv","[""/m/07pp_mv""]","alarm","[""alarm""]","zenodo/202512.wav","zenodo"
"157468.wav","/m/07pp_mv","[""/m/07pp_mv""]","alarm","[""alarm""]","zenodo/157468.wav","zenodo"
"134952.wav","/m/07pp_mv","[""/m/0fx9l"", ""/m/07pp_mv"", ""/t/dd00071""]","alarm","[""Microwave_oven"", ""alarm"", ""Domestic_sounds_and_home_sounds""]","zenodo/134952.wav","zenodo"
"40751.wav","/m/07pp_mv","[""/m/07pp_mv""]","alarm","[""alarm""]","zenodo/40751.wav","zenodo"
"124734.wav","/m/07pp_mv","[""/m/07pp_mv""]","alarm","[""alarm""]","zenodo/124734.wav","zenodo"
"96063.wav","/m/07pp_mv","[""/m/07pp_mv""]","alarm","[""alarm""]","zenodo/96063.wav","zenodo"
"368450.wav","/m/07pp_mv","[""/m/07rjzl8"", ""/m/07pp_mv"", ""/m/02dgv"", ""/t/dd00071""]","alarm","[""Door"", ""alarm"", ""Slam"", ""Domestic_sounds_and_home_sounds""]","zenodo/368450.wav","zenodo"
"188240.wav","/m/07pp_mv","[""/m/07pp_mv""]","alarm","[""alarm""]","zenodo/188240.wav","zenodo"
"192343.wav","/m/07pp_mv","[""/m/07pp_mv""]","alarm","[""alarm""]","zenodo/192343.wav","zenodo"
"368471.wav","/m/07pp_mv","[""/m/07pp_mv"", ""/m/0k4j"", ""/m/012f08"", ""/m/07yv9""]","alarm","[""Motor_vehicle_(road)"", ""Car"", ""alarm"", ""Vehicle""]","zenodo/368471.wav","zenodo"
"198496.wav","/m/07pp_mv","[""/m/0ngt1"", ""/m/07pp_mv"", ""/m/015p6"", ""/m/020bb7"", ""/m/0k4j"", ""/m/01280g"", ""/m/0jbk"", ""/m/0jb2l"", ""/m/012f08"", ""/m/07yv9""]","alarm","[""Motor_vehicle_(road)"", ""Animal"", ""Wild_animals"", ""Bird_vocalization_and_bird_call_and_bird_song"", ""Car"", ""Thunder"", ""Thunderstorm"", ""Vehicle"", ""alarm"", ""Bird""]","zenodo/198496.wav","zenodo"
"407394.wav","/m/07pp_mv","[""/m/07rjwbb"", ""/m/07pp_mv"", ""/m/07jdr"", ""/m/06d_3"", ""/m/07yv9""]","alarm","[""Train"", ""Hiss"", ""Vehicle"", ""alarm"", ""Rail_transport""]","zenodo/407394.wav","zenodo"
"178032.wav","/m/07pp_mv","[""/m/07pp_mv""]","alarm","[""alarm""]","zenodo/178032.wav","zenodo"
"434055.wav","/m/07pp_mv","[""/m/07pp_mv""]","alarm","[""alarm""]","zenodo/434055.wav","zenodo"
"204684.wav","/m/07pp_mv","[""/m/07pp_mv""]","alarm","[""alarm""]","zenodo/204684.wav","zenodo"
"128910.wav","/m/07pp_mv","[""/m/07pp_mv""]","alarm","[""alarm""]","zenodo/128910.wav","zenodo"
"173978.wav","/m/07pp_mv","[""/m/07pp_mv"", ""/m/019jd"", ""/m/07yv9""]","alarm","[""Boat_and_Water_vehicle"", ""alarm"", ""Vehicle""]","zenodo/173978.wav","zenodo"
"221085.wav","/m/07pp_mv","[""/m/07pp_mv""]","alarm","[""alarm""]","zenodo/221085.wav","zenodo"
"221086.wav","/m/07pp_mv","[""/m/07pp_mv""]","alarm","[""alarm""]","zenodo/221086.wav","zenodo"
"221087.wav","/m/07pp_mv","[""/m/07pp_mv""]","alarm","[""alarm""]","zenodo/221087.wav","zenodo"
"221088.wav","/m/07pp_mv","[""/m/07pp_mv""]","alarm","[""alarm""]","zenodo/221088.wav","zenodo"
"55214.wav","/m/07pp_mv","[""/m/07pp_mv""]","alarm","[""alarm""]","zenodo/55214.wav","zenodo"
"69552.wav","/m/07pp_mv","[""/m/07pp_mv""]","alarm","[""alarm""]","zenodo/69552.wav","zenodo"
"368563.wav","/m/07pp_mv","[""/m/07pp_mv""]","alarm","[""alarm""]","zenodo/368563.wav","zenodo"
"202676.wav","/m/07pp_mv","[""/m/07pp_mv""]","alarm","[""alarm""]","zenodo/202676.wav","zenodo"
"14262.wav","/m/07pp_mv","[""/m/07pp_mv""]","alarm","[""alarm""]","zenodo/14262.wav","zenodo"
"14263.wav","/m/07pp_mv","[""/m/07pp_mv"", ""/m/01x3z"", ""/t/dd00077""]","alarm","[""alarm"", ""Clock"", ""Mechanisms""]","zenodo/14263.wav","zenodo"
"432063.wav","/m/07pp_mv","[""/m/07pp_mv""]","alarm","[""alarm""]","zenodo/432063.wav","zenodo"
"223176.wav","/m/07pp_mv","[""/m/07pp_mv""]","alarm","[""alarm""]","zenodo/223176.wav","zenodo"
"395213.wav","/m/07pp_mv","[""/m/07pp_mv""]","alarm","[""alarm""]","zenodo/395213.wav","zenodo"
"403430.wav","/m/07pp_mv","[""/m/07pp_mv"", ""/m/0k4j"", ""/m/012f08"", ""/m/07yv9""]","alarm","[""Motor_vehicle_(road)"", ""Car"", ""alarm"", ""Vehicle""]","zenodo/403430.wav","zenodo"
"417768.wav","/m/07pp_mv","[""/m/03w41f"", ""/m/07pp_mv"", ""/m/0k4j"", ""/m/012f08"", ""/m/07yv9"", ""/m/0395lw""]","alarm","[""Motor_vehicle_(road)"", ""Church_bell"", ""Car"", ""Vehicle"", ""Bell"", ""alarm""]","zenodo/417768.wav","zenodo"
"403449.wav","/m/07pp_mv","[""/m/07pp_mv""]","alarm","[""alarm""]","zenodo/403449.wav","zenodo"
"395415.wav","/m/07pp_mv","[""/m/07r10fb"", ""/m/07r5v4s"", ""/t/dd00134"", ""/m/07pp_mv"", ""/m/06mb1"", ""/m/0k4j"", ""/m/0838f"", ""/m/012f08"", ""/m/07yv9"", ""/m/04k94""]","alarm","[""Drip"", ""Rain"", ""Motor_vehicle_(road)"", ""Raindrop"", ""Water"", ""Car"", ""Liquid"", ""Vehicle"", ""alarm"", ""Car_passing_by""]","zenodo/395415.wav","zenodo"
"132340.wav","/m/07pp_mv","[""/m/07qjznl"", ""/m/07pp_mv"", ""/m/01x3z"", ""/t/dd00077""]","alarm","[""alarm"", ""Clock"", ""Tick-tock"", ""Mechanisms""]","zenodo/132340.wav","zenodo"
"87316.wav","/m/07pp_mv","[""/m/0btp2"", ""/m/07rjwbb"", ""/m/01bjv"", ""/m/07pp_mv"", ""/m/012f08"", ""/m/07yv9""]","alarm","[""Motor_vehicle_(road)"", ""alarm"", ""Bus"", ""Vehicle"", ""traffic_noise"", ""Hiss""]","zenodo/87316.wav","zenodo"
"408855.wav","/m/07pp_mv","[""/m/07qjznl"", ""/m/07pp_mv"", ""/m/01x3z"", ""/t/dd00077""]","alarm","[""alarm"", ""Clock"", ""Tick-tock"", ""Mechanisms""]","zenodo/408855.wav","zenodo"
"135509.wav","/m/07pp_mv","[""/m/07pp_mv"", ""/m/05148p4"", ""/m/04szw"", ""/m/04rlf""]","alarm","[""Keyboard_(musical)"", ""alarm"", ""Musical_instrument"", ""Music""]","zenodo/135509.wav","zenodo"
"135511.wav","/m/07pp_mv","[""/m/07pp_mv"", ""/m/05148p4"", ""/m/04szw"", ""/m/04rlf""]","alarm","[""Keyboard_(musical)"", ""alarm"", ""Musical_instrument"", ""Music""]","zenodo/135511.wav","zenodo"
"245888.wav","/m/07pp_mv","[""/m/03v3yw"", ""/t/dd00134"", ""/m/0btp2"", ""/m/07pp_mv"", ""/m/0k4j"", ""/m/012f08"", ""/m/07yv9"", ""/t/dd00071""]","alarm","[""Motor_vehicle_(road)"", ""Domestic_sounds_and_home_sounds"", ""Car"", ""Vehicle"", ""traffic_noise"", ""alarm"", ""Keys_jangling"", ""Car_passing_by""]","zenodo/245888.wav","zenodo"
"154954.wav","/m/07pp_mv","[""/m/07pp_mv""]","alarm","[""alarm""]","zenodo/154954.wav","zenodo"
"154956.wav","/m/07pp_mv","[""/m/07pp_mv""]","alarm","[""alarm""]","zenodo/154956.wav","zenodo"
"347658.wav","/m/07pp_mv","[""/m/0195fx"", ""/m/02y_763"", ""/m/07rjzl8"", ""/m/07pp_mv"", ""/m/06d_3"", ""/m/07yv9"", ""/m/02dgv"", ""/t/dd00071""]","alarm","[""Domestic_sounds_and_home_sounds"", ""Door"", ""Sliding_door"", ""Slam"", ""Subway_and_metro_and_underground"", ""Vehicle"", ""alarm"", ""Rail_transport""]","zenodo/347658.wav","zenodo"
"34853.wav","/m/07pp_mv","[""/m/07pjwq1"", ""/m/07pp_mv"", ""/m/03vt0"", ""/m/01280g"", ""/m/0jbk""]","alarm","[""Insect"", ""Animal"", ""Wild_animals"", ""Buzz"", ""alarm""]","zenodo/34853.wav","zenodo"
"344224.wav","/m/07pp_mv","[""/m/07rjwbb"", ""/m/07pp_mv"", ""/m/02dgv"", ""/t/dd00071""]","alarm","[""alarm"", ""Hiss"", ""Domestic_sounds_and_home_sounds"", ""Door""]","zenodo/344224.wav","zenodo"
"350642.wav","/m/07pp_mv","[""/m/0195fx"", ""/m/07rjzl8"", ""/m/07pp_mv"", ""/m/06d_3"", ""/m/07yv9"", ""/m/02dgv"", ""/t/dd00071""]","alarm","[""Domestic_sounds_and_home_sounds"", ""Door"", ""Slam"", ""Subway_and_metro_and_underground"", ""Vehicle"", ""alarm"", ""Rail_transport""]","zenodo/350642.wav","zenodo"
"392742.wav","/m/07pp_mv","[""/m/07pp_mv""]","alarm","[""alarm""]","zenodo/392742.wav","zenodo"
"392743.wav","/m/07pp_mv","[""/m/07pp_mv""]","alarm","[""alarm""]","zenodo/392743.wav","zenodo"
"209698.wav","/m/07pp_mv","[""/m/07qjznl"", ""/m/07pp_mv"", ""/m/01x3z"", ""/t/dd00077""]","alarm","[""alarm"", ""Clock"", ""Tick-tock"", ""Mechanisms""]","zenodo/209698.wav","zenodo"
"97758.wav","/m/02mk9","[""/m/01h8n0"", ""/m/01bjv"", ""/m/07pp_mv"", ""/m/02mk9"", ""/m/09x0r"", ""/m/09l8g"", ""/m/012f08"", ""/m/07yv9""]","engine","[""Conversation"", ""Motor_vehicle_(road)"", ""Human_voice"", ""Bus"", ""Speech"", ""Vehicle"", ""alarm"", ""engine""]","zenodo/97758.wav","zenodo"
"75704.wav","/m/0bt9lr","[""/m/02dgv"", ""/m/0bt9lr"", ""/t/dd00071"", ""/m/068hy"", ""/m/0jbk""]","dog_bark","[""Domestic_animals_and_pets"", ""Domestic_sounds_and_home_sounds"", ""dog_bark"", ""Door"", ""Animal""]","zenodo/75704.wav","zenodo"
"89948.wav","/m/07pb8fc","[""/m/07pb8fc"", ""/t/dd00130"", ""/m/02dgv"", ""/m/0k4j"", ""/t/dd00071"", ""/m/012f08"", ""/m/07yv9"", ""/m/02mk9""]","engine","[""Motor_vehicle_(road)"", ""Domestic_sounds_and_home_sounds"", ""Door"", ""Car"", ""Engine_starting"", ""Vehicle"", ""engine""]","zenodo/89948.wav","zenodo"
"368841.wav","/m/07p6fty","[""/m/02zsn"", ""/m/07p6fty"", ""/m/09x0r"", ""/m/09l8g""]","shout","[""shout"", ""Female_speech_and_woman_speaking"", ""Human_voice"", ""Speech""]","zenodo/368841.wav","zenodo"
"234034.wav","/m/07p6fty","[""/m/02zsn"", ""/m/07p6fty"", ""/m/09x0r"", ""/m/09l8g""]","shout","[""shout"", ""Female_speech_and_woman_speaking"", ""Human_voice"", ""Speech""]","zenodo/234034.wav","zenodo"
"234041.wav","/m/07p6fty","[""/m/02zsn"", ""/m/07sr1lc"", ""/m/09x0r"", ""/m/09l8g"", ""/m/07p6fty""]","shout","[""Female_speech_and_woman_speaking"", ""Human_voice"", ""Yell"", ""Speech"", ""shout""]","zenodo/234041.wav","zenodo"
"219766.wav","/m/07p6fty","[""/m/02zsn"", ""/m/07sr1lc"", ""/m/09x0r"", ""/m/09l8g"", ""/m/07p6fty""]","shout","[""Female_speech_and_woman_speaking"", ""Human_voice"", ""Yell"", ""Speech"", ""shout""]","zenodo/219766.wav","zenodo"
"67330.wav","/m/07p6fty","[""/m/02zsn"", ""/m/07sr1lc"", ""/m/09x0r"", ""/m/09l8g"", ""/m/07p6fty""]","shout","[""Female_speech_and_woman_speaking"", ""Human_voice"", ""Yell"", ""Speech"", ""shout""]","zenodo/67330.wav","zenodo"
"67333.wav","/m/07p6fty","[""/m/02zsn"", ""/m/07sr1lc"", ""/m/09x0r"", ""/m/09l8g"", ""/m/07p6fty""]","shout","[""Female_speech_and_woman_speaking"", ""Human_voice"", ""Yell"", ""Speech"", ""shout""]","zenodo/67333.wav","zenodo"
"67334.wav","/m/07p6fty","[""/m/02zsn"", ""/m/07sr1lc"", ""/m/09x0r"", ""/m/09l8g"", ""/m/07p6fty""]","shout","[""Female_speech_and_woman_speaking"", ""Human_voice"", ""Yell"", ""Speech"", ""shout""]","zenodo/67334.wav","zenodo"
"67335.wav","/m/07p6fty","[""/m/02zsn"", ""/m/07sr1lc"", ""/m/09x0r"", ""/m/09l8g"", ""/m/07p6fty""]","shout","[""Female_speech_and_woman_speaking"", ""Human_voice"", ""Yell"", ""Speech"", ""shout""]","zenodo/67335.wav","zenodo"
"67336.wav","/m/07p6fty","[""/m/02zsn"", ""/m/07sr1lc"", ""/m/09x0r"", ""/m/09l8g"", ""/m/07p6fty""]","shout","[""Female_speech_and_woman_speaking"", ""Human_voice"", ""Yell"", ""Speech"", ""shout""]","zenodo/67336.wav","zenodo"
"67337.wav","/m/07p6fty","[""/m/02zsn"", ""/m/07sr1lc"", ""/m/09x0r"", ""/m/09l8g"", ""/m/07p6fty""]","shout","[""Female_speech_and_woman_speaking"", ""Human_voice"", ""Yell"", ""Speech"", ""shout""]","zenodo/67337.wav","zenodo"
"67339.wav","/m/07p6fty","[""/m/02zsn"", ""/m/07sr1lc"", ""/m/09x0r"", ""/m/09l8g"", ""/m/07p6fty""]","shout","[""Female_speech_and_woman_speaking"", ""Human_voice"", ""Yell"", ""Speech"", ""shout""]","zenodo/67339.wav","zenodo"
"67340.wav","/m/07p6fty","[""/m/02zsn"", ""/m/07sr1lc"", ""/m/09x0r"", ""/m/09l8g"", ""/m/07p6fty""]","shout","[""Female_speech_and_woman_speaking"", ""Human_voice"", ""Yell"", ""Speech"", ""shout""]","zenodo/67340.wav","zenodo"
"67341.wav","/m/07p6fty","[""/m/02zsn"", ""/m/07sr1lc"", ""/m/09x0r"", ""/m/09l8g"", ""/m/07p6fty""]","shout","[""Female_speech_and_woman_speaking"", ""Human_voice"", ""Yell"", ""Speech"", ""shout""]","zenodo/67341.wav","zenodo"
"67345.wav","/m/07p6fty","[""/m/02zsn"", ""/m/07sr1lc"", ""/m/09x0r"", ""/m/09l8g"", ""/m/07p6fty""]","shout","[""Female_speech_and_woman_speaking"", ""Human_voice"", ""Yell"", ""Speech"", ""shout""]","zenodo/67345.wav","zenodo"
"33649.wav","/m/07p6fty","[""/m/02zsn"", ""/m/07sr1lc"", ""/m/09x0r"", ""/m/09l8g"", ""/m/07p6fty""]","shout","[""Female_speech_and_woman_speaking"", ""Human_voice"", ""Yell"", ""Speech"", ""shout""]","zenodo/33649.wav","zenodo"
"33651.wav","/m/07p6fty","[""/m/02zsn"", ""/m/07sr1lc"", ""/m/09x0r"", ""/m/09l8g"", ""/m/07p6fty""]","shout","[""Female_speech_and_woman_speaking"", ""Human_voice"", ""Yell"", ""Speech"", ""shout""]","zenodo/33651.wav","zenodo"
"33652.wav","/m/07p6fty","[""/m/02zsn"", ""/m/07sr1lc"", ""/m/09x0r"", ""/m/09l8g"", ""/m/07p6fty""]","shout","[""Female_speech_and_woman_speaking"", ""Human_voice"", ""Yell"", ""Speech"", ""shout""]","zenodo/33652.wav","zenodo"
"33654.wav","/m/07p6fty","[""/m/02zsn"", ""/m/07sr1lc"", ""/m/09x0r"", ""/m/09l8g"", ""/m/07p6fty""]","shout","[""Female_speech_and_woman_speaking"", ""Human_voice"", ""Yell"", ""Speech"", ""shout""]","zenodo/33654.wav","zenodo"
"33655.wav","/m/07p6fty","[""/m/02zsn"", ""/m/07sr1lc"", ""/m/09x0r"", ""/m/09l8g"", ""/m/07p6fty""]","shout","[""Female_speech_and_woman_speaking"", ""Human_voice"", ""Yell"", ""Speech"", ""shout""]","zenodo/33655.wav","zenodo"
"33656.wav","/m/07p6fty","[""/m/02zsn"", ""/m/07sr1lc"", ""/m/09x0r"", ""/m/09l8g"", ""/m/07p6fty""]","shout","[""Female_speech_and_woman_speaking"", ""Human_voice"", ""Yell"", ""Speech"", ""shout""]","zenodo/33656.wav","zenodo"
"33686.wav","/m/07p6fty","[""/m/02zsn"", ""/m/07sr1lc"", ""/m/09x0r"", ""/m/09l8g"", ""/m/07p6fty""]","shout","[""Female_speech_and_woman_speaking"", ""Human_voice"", ""Yell"", ""Speech"", ""shout""]","zenodo/33686.wav","zenodo"
"33687.wav","/m/07p6fty","[""/m/02zsn"", ""/m/07sr1lc"", ""/m/09x0r"", ""/m/09l8g"", ""/m/07p6fty""]","shout","[""Female_speech_and_woman_speaking"", ""Human_voice"", ""Yell"", ""Speech"", ""shout""]","zenodo/33687.wav","zenodo"
"33689.wav","/m/07p6fty","[""/m/02zsn"", ""/m/07sr1lc"", ""/m/09x0r"", ""/m/09l8g"", ""/m/07p6fty""]","shout","[""Female_speech_and_woman_speaking"", ""Human_voice"", ""Yell"", ""Speech"", ""shout""]","zenodo/33689.wav","zenodo"
"33694.wav","/m/07p6fty","[""/m/02zsn"", ""/m/07sr1lc"", ""/m/09x0r"", ""/m/09l8g"", ""/m/07p6fty""]","shout","[""Female_speech_and_woman_speaking"", ""Human_voice"", ""Yell"", ""Speech"", ""shout""]","zenodo/33694.wav","zenodo"
"379757.wav","/m/02mk9","[""/m/02zsn"", ""/m/07r10fb"", ""/m/07r5v4s"", ""/m/07pqc89"", ""/m/02mk9"", ""/m/09x0r"", ""/m/09l8g"", ""/m/06mb1"", ""/m/0838f"", ""/m/04k94"", ""/m/07prgkl""]","engine","[""Drip"", ""Rain"", ""Pour"", ""Female_speech_and_woman_speaking"", ""Human_voice"", ""Water"", ""Speech"", ""Liquid"", ""Raindrop"", ""engine"", ""Trickle_and_dribble""]","zenodo/379757.wav","zenodo"
"215999.wav","/m/0btp2","[""/m/02zsn"", ""/m/07r10fb"", ""/m/0btp2"", ""/m/01h8n0"", ""/m/09x0r"", ""/m/09l8g"", ""/m/06mb1"", ""/m/0838f"", ""/m/012f08"", ""/m/07yv9""]","traffic_noise","[""Conversation"", ""Rain"", ""Motor_vehicle_(road)"", ""Female_speech_and_woman_speaking"", ""Human_voice"", ""Water"", ""Speech"", ""Vehicle"", ""traffic_noise"", ""Raindrop""]","zenodo/215999.wav","zenodo"
"408911.wav","/m/0bt9lr","[""/m/02zsn"", ""/m/05tny_"", ""/m/07qjznl"", ""/m/04szw"", ""/m/09x0r"", ""/m/09l8g"", ""/m/0bt9lr"", ""/m/068hy"", ""/m/0jbk"", ""/m/01x3z"", ""/t/dd00077"", ""/m/04rlf""]","dog_bark","[""Domestic_animals_and_pets"", ""Female_speech_and_woman_speaking"", ""Human_voice"", ""Tick-tock"", ""dog_bark"", ""Mechanisms"", ""Animal"", ""Speech"", ""Music"", ""Clock"", ""Musical_instrument"", ""Bark""]","zenodo/408911.wav","zenodo"
"44182.wav","/m/07pp_mv","[""/m/02zsn"", ""/m/07cx4"", ""/m/09x0r"", ""/m/09l8g"", ""/m/07pp_mv""]","alarm","[""telephone"", ""Female_speech_and_woman_speaking"", ""Human_voice"", ""Speech"", ""alarm""]","zenodo/44182.wav","zenodo"
"60457.wav","/m/03qc9zr","[""/m/028ght"", ""/m/03qc9zr"", ""/m/0342h"", ""/m/0fx80y"", ""/m/04szw"", ""/m/04rlf"", ""/t/dd00012"", ""/m/09l8g""]","screaming","[""Human_group_actions"", ""Human_voice"", ""Music"", ""screaming"", ""Guitar"", ""Applause"", ""Plucked_string_instrument"", ""Musical_instrument""]","zenodo/60457.wav","zenodo"
"334903.wav","/m/02mk9","[""/t/dd00134"", ""/m/0btp2"", ""/m/03m9d0z"", ""/m/02mk9"", ""/m/0k4j"", ""/m/012f08"", ""/m/07yv9""]","engine","[""Motor_vehicle_(road)"", ""Wind"", ""Car"", ""Vehicle"", ""traffic_noise"", ""Car_passing_by"", ""engine""]","zenodo/334903.wav","zenodo"
"353953.wav","/m/0btp2","[""/m/0btp2"", ""/m/03m9d0z"", ""/m/012f08"", ""/m/07yv9""]","traffic_noise","[""traffic_noise"", ""Wind"", ""Motor_vehicle_(road)"", ""Vehicle""]","zenodo/353953.wav","zenodo"
"353954.wav","/m/0btp2","[""/m/0btp2"", ""/m/03m9d0z"", ""/m/012f08"", ""/m/07yv9""]","traffic_noise","[""traffic_noise"", ""Wind"", ""Motor_vehicle_(road)"", ""Vehicle""]","zenodo/353954.wav","zenodo"
"75825.wav","/m/0btp2","[""/t/dd00134"", ""/m/0btp2"", ""/m/03m9d0z"", ""/m/0k4j"", ""/m/012f08"", ""/m/07yv9""]","traffic_noise","[""Motor_vehicle_(road)"", ""Wind"", ""Car"", ""Vehicle"", ""traffic_noise"", ""Car_passing_by""]","zenodo/75825.wav","zenodo"
"72723.wav","/m/0bt9lr","[""/m/05tny_"", ""/m/0bt9lr"", ""/m/068hy"", ""/m/0jbk""]","dog_bark","[""Domestic_animals_and_pets"", ""Animal"", ""dog_bark"", ""Bark""]","zenodo/72723.wav","zenodo"
"221207.wav","/m/0bt9lr","[""/m/05tny_"", ""/m/0bt9lr"", ""/m/068hy"", ""/m/0jbk""]","dog_bark","[""Domestic_animals_and_pets"", ""Animal"", ""dog_bark"", ""Bark""]","zenodo/221207.wav","zenodo"
"328728.wav","/m/0bt9lr","[""/m/05tny_"", ""/m/0bt9lr"", ""/m/068hy"", ""/m/0jbk""]","dog_bark","[""Domestic_animals_and_pets"", ""Animal"", ""dog_bark"", ""Bark""]","zenodo/328728.wav","zenodo"
"328729.wav","/m/0bt9lr","[""/m/05tny_"", ""/m/0bt9lr"", ""/m/068hy"", ""/m/0jbk""]","dog_bark","[""Domestic_animals_and_pets"", ""Animal"", ""dog_bark"", ""Bark""]","zenodo/328729.wav","zenodo"
"370714.wav","/m/0bt9lr","[""/m/05tny_"", ""/m/0bt9lr"", ""/m/068hy"", ""/m/0jbk""]","dog_bark","[""Domestic_animals_and_pets"", ""Animal"", ""dog_bark"", ""Bark""]","zenodo/370714.wav","zenodo"
"170015.wav","/m/0bt9lr","[""/m/05tny_"", ""/m/0bt9lr"", ""/m/068hy"", ""/m/0jbk""]","dog_bark","[""Domestic_animals_and_pets"", ""Animal"", ""dog_bark"", ""Bark""]","zenodo/170015.wav","zenodo"
"121888.wav","/m/0bt9lr","[""/m/05tny_"", ""/m/0ghcn6"", ""/m/0bt9lr"", ""/m/068hy"", ""/m/0jbk""]","dog_bark","[""Domestic_animals_and_pets"", ""dog_bark"", ""Growling"", ""Animal"", ""Bark""]","zenodo/121888.wav","zenodo"
"36902.wav","/m/0bt9lr","[""/m/05tny_"", ""/m/0bt9lr"", ""/m/068hy"", ""/m/0jbk""]","dog_bark","[""Domestic_animals_and_pets"", ""Animal"", ""dog_bark"", ""Bark""]","zenodo/36902.wav","zenodo"
"128042.wav","/m/0bt9lr","[""/m/05tny_"", ""/m/0ghcn6"", ""/m/0bt9lr"", ""/m/068hy"", ""/m/0jbk""]","dog_bark","[""Domestic_animals_and_pets"", ""dog_bark"", ""Growling"", ""Animal"", ""Bark""]","zenodo/128042.wav","zenodo"
"34872.wav","/m/0bt9lr","[""/m/05tny_"", ""/m/0bt9lr"", ""/m/068hy"", ""/m/0jbk""]","dog_bark","[""Domestic_animals_and_pets"", ""Animal"", ""dog_bark"", ""Bark""]","zenodo/34872.wav","zenodo"
"33849.wav","/m/0bt9lr","[""/m/05tny_"", ""/m/0bt9lr"", ""/m/068hy"", ""/m/0jbk""]","dog_bark","[""Domestic_animals_and_pets"", ""Animal"", ""dog_bark"", ""Bark""]","zenodo/33849.wav","zenodo"
"55365.wav","/m/0bt9lr","[""/m/05tny_"", ""/m/0ghcn6"", ""/m/0bt9lr"", ""/m/068hy"", ""/m/0jbk""]","dog_bark","[""Domestic_animals_and_pets"", ""dog_bark"", ""Growling"", ""Animal"", ""Bark""]","zenodo/55365.wav","zenodo"
"348247.wav","/m/0bt9lr","[""/m/05tny_"", ""/m/0bt9lr"", ""/m/068hy"", ""/m/0jbk""]","dog_bark","[""Domestic_animals_and_pets"", ""Animal"", ""dog_bark"", ""Bark""]","zenodo/348247.wav","zenodo"
"108631.wav","/m/0bt9lr","[""/m/05tny_"", ""/m/0bt9lr"", ""/m/068hy"", ""/m/0jbk""]","dog_bark","[""Domestic_animals_and_pets"", ""Animal"", ""dog_bark"", ""Bark""]","zenodo/108631.wav","zenodo"
"333914.wav","/m/0bt9lr","[""/m/05tny_"", ""/m/0bt9lr"", ""/m/068hy"", ""/m/0jbk""]","dog_bark","[""Domestic_animals_and_pets"", ""Animal"", ""dog_bark"", ""Bark""]","zenodo/333914.wav","zenodo"
"77930.wav","/m/0bt9lr","[""/m/05tny_"", ""/m/0bt9lr"", ""/m/068hy"", ""/m/0jbk""]","dog_bark","[""Domestic_animals_and_pets"", ""Animal"", ""dog_bark"", ""Bark""]","zenodo/77930.wav","zenodo"
"364662.wav","/m/0bt9lr","[""/m/05tny_"", ""/m/0bt9lr"", ""/m/068hy"", ""/m/0jbk""]","dog_bark","[""Domestic_animals_and_pets"", ""Animal"", ""dog_bark"", ""Bark""]","zenodo/364662.wav","zenodo"
"182395.wav","/m/0bt9lr","[""/m/05tny_"", ""/m/0bt9lr"", ""/m/068hy"", ""/m/0jbk""]","dog_bark","[""Domestic_animals_and_pets"", ""Animal"", ""dog_bark"", ""Bark""]","zenodo/182395.wav","zenodo"
"72829.wav","/m/0bt9lr","[""/m/05tny_"", ""/m/0bt9lr"", ""/m/068hy"", ""/m/0jbk""]","dog_bark","[""Domestic_animals_and_pets"", ""Animal"", ""dog_bark"", ""Bark""]","zenodo/72829.wav","zenodo"
"389254.wav","/m/0bt9lr","[""/m/05tny_"", ""/m/0bt9lr"", ""/m/068hy"", ""/m/0jbk""]","dog_bark","[""Domestic_animals_and_pets"", ""Animal"", ""dog_bark"", ""Bark""]","zenodo/389254.wav","zenodo"
"264332.wav","/m/0bt9lr","[""/m/05tny_"", ""/m/0bt9lr"", ""/m/068hy"", ""/m/0jbk""]","dog_bark","[""Domestic_animals_and_pets"", ""Animal"", ""dog_bark"", ""Bark""]","zenodo/264332.wav","zenodo"
"261286.wav","/m/0bt9lr","[""/m/05tny_"", ""/m/0bt9lr"", ""/m/068hy"", ""/m/0jbk""]","dog_bark","[""Domestic_animals_and_pets"", ""Animal"", ""dog_bark"", ""Bark""]","zenodo/261286.wav","zenodo"
"348332.wav","/m/0bt9lr","[""/m/05tny_"", ""/m/0bt9lr"", ""/m/068hy"", ""/m/0jbk""]","dog_bark","[""Domestic_animals_and_pets"", ""Animal"", ""dog_bark"", ""Bark""]","zenodo/348332.wav","zenodo"
"118961.wav","/m/0bt9lr","[""/m/05tny_"", ""/m/0bt9lr"", ""/m/068hy"", ""/m/0jbk""]","dog_bark","[""Domestic_animals_and_pets"", ""Animal"", ""dog_bark"", ""Bark""]","zenodo/118961.wav","zenodo"
"118962.wav","/m/0bt9lr","[""/m/05tny_"", ""/m/0bt9lr"", ""/m/068hy"", ""/m/0jbk""]","dog_bark","[""Domestic_animals_and_pets"", ""Animal"", ""dog_bark"", ""Bark""]","zenodo/118962.wav","zenodo"
"118963.wav","/m/0bt9lr","[""/m/05tny_"", ""/m/0bt9lr"", ""/m/068hy"", ""/m/0jbk""]","dog_bark","[""Domestic_animals_and_pets"", ""Animal"", ""dog_bark"", ""Bark""]","zenodo/118963.wav","zenodo"
"118964.wav","/m/0bt9lr","[""/m/05tny_"", ""/m/0bt9lr"", ""/m/068hy"", ""/m/0jbk""]","dog_bark","[""Domestic_animals_and_pets"", ""Animal"", ""dog_bark"", ""Bark""]","zenodo/118964.wav","zenodo"
"131258.wav","/m/0bt9lr","[""/m/05tny_"", ""/m/0bt9lr"", ""/m/068hy"", ""/m/0jbk""]","dog_bark","[""Domestic_animals_and_pets"", ""Animal"", ""dog_bark"", ""Bark""]","zenodo/131258.wav","zenodo"
"400576.wav","/m/0bt9lr","[""/m/05tny_"", ""/m/0bt9lr"", ""/m/068hy"", ""/m/0jbk""]","dog_bark","[""Domestic_animals_and_pets"", ""Animal"", ""dog_bark"", ""Bark""]","zenodo/400576.wav","zenodo"
"194753.wav","/m/0bt9lr","[""/m/05tny_"", ""/m/0bt9lr"", ""/m/068hy"", ""/m/0jbk""]","dog_bark","[""Domestic_animals_and_pets"", ""Animal"", ""dog_bark"", ""Bark""]","zenodo/194753.wav","zenodo"
"194754.wav","/m/0bt9lr","[""/m/05tny_"", ""/m/0bt9lr"", ""/m/068hy"", ""/m/0jbk""]","dog_bark","[""Domestic_animals_and_pets"", ""Animal"", ""dog_bark"", ""Bark""]","zenodo/194754.wav","zenodo"
"147672.wav","/m/0bt9lr","[""/m/05tny_"", ""/m/0bt9lr"", ""/m/068hy"", ""/m/0jbk""]","dog_bark","[""Domestic_animals_and_pets"", ""Animal"", ""dog_bark"", ""Bark""]","zenodo/147672.wav","zenodo"
"342250.wav","/m/0bt9lr","[""/m/05tny_"", ""/m/0bt9lr"", ""/m/068hy"", ""/m/0jbk""]","dog_bark","[""Domestic_animals_and_pets"", ""Animal"", ""dog_bark"", ""Bark""]","zenodo/342250.wav","zenodo"
"236139.wav","/m/0bt9lr","[""/m/05tny_"", ""/m/0bt9lr"", ""/m/068hy"", ""/m/0jbk""]","dog_bark","[""Domestic_animals_and_pets"", ""Animal"", ""dog_bark"", ""Bark""]","zenodo/236139.wav","zenodo"
"254190.wav","/m/0bt9lr","[""/m/05tny_"", ""/m/0bt9lr"", ""/m/068hy"", ""/m/0jbk""]","dog_bark","[""Domestic_animals_and_pets"", ""Animal"", ""dog_bark"", ""Bark""]","zenodo/254190.wav","zenodo"
"254191.wav","/m/0bt9lr","[""/m/05tny_"", ""/m/0bt9lr"", ""/m/068hy"", ""/m/0jbk""]","dog_bark","[""Domestic_animals_and_pets"", ""Animal"", ""dog_bark"", ""Bark""]","zenodo/254191.wav","zenodo"
"254192.wav","/m/0bt9lr","[""/m/05tny_"", ""/m/0bt9lr"", ""/m/068hy"", ""/m/0jbk""]","dog_bark","[""Domestic_animals_and_pets"", ""Animal"", ""dog_bark"", ""Bark""]","zenodo/254192.wav","zenodo"
"29936.wav","/m/0bt9lr","[""/m/05tny_"", ""/m/07pbtc8"", ""/m/0bt9lr"", ""/m/068hy"", ""/m/0jbk""]","dog_bark","[""Domestic_animals_and_pets"", ""dog_bark"", ""Bark"", ""Animal"", ""Walk_and_footsteps""]","zenodo/29936.wav","zenodo"
"342264.wav","/m/0bt9lr","[""/m/05tny_"", ""/m/0bt9lr"", ""/m/068hy"", ""/m/0jbk""]","dog_bark","[""Domestic_animals_and_pets"", ""Animal"", ""dog_bark"", ""Bark""]","zenodo/342264.wav","zenodo"
"270586.wav","/m/0bt9lr","[""/m/05tny_"", ""/m/0bt9lr"", ""/m/068hy"", ""/m/0jbk""]","dog_bark","[""Domestic_animals_and_pets"", ""Animal"", ""dog_bark"", ""Bark""]","zenodo/270586.wav","zenodo"
"157950.wav","/m/0bt9lr","[""/m/05tny_"", ""/m/07pggtn"", ""/m/0bt9lr"", ""/m/068hy"", ""/m/0jbk"", ""/m/020bb7"", ""/m/015p6"", ""/m/01280g""]","dog_bark","[""Domestic_animals_and_pets"", ""dog_bark"", ""Animal"", ""Wild_animals"", ""Bird_vocalization_and_bird_call_and_bird_song"", ""Chirp_and_tweet"", ""Bird"", ""Bark""]","zenodo/157950.wav","zenodo"
"270590.wav","/m/0bt9lr","[""/m/05tny_"", ""/m/0bt9lr"", ""/m/068hy"", ""/m/0jbk""]","dog_bark","[""Domestic_animals_and_pets"", ""Animal"", ""dog_bark"", ""Bark""]","zenodo/270590.wav","zenodo"
"266511.wav","/m/0bt9lr","[""/m/05tny_"", ""/m/0bt9lr"", ""/m/068hy"", ""/m/0jbk""]","dog_bark","[""Domestic_animals_and_pets"", ""Animal"", ""dog_bark"", ""Bark""]","zenodo/266511.wav","zenodo"
"95532.wav","/m/0bt9lr","[""/m/05tny_"", ""/m/0bt9lr"", ""/m/068hy"", ""/m/0jbk""]","dog_bark","[""Domestic_animals_and_pets"", ""Animal"", ""dog_bark"", ""Bark""]","zenodo/95532.wav","zenodo"
"142641.wav","/m/0bt9lr","[""/m/05tny_"", ""/m/0ghcn6"", ""/m/0bt9lr"", ""/m/068hy"", ""/m/0jbk""]","dog_bark","[""Domestic_animals_and_pets"", ""dog_bark"", ""Growling"", ""Animal"", ""Bark""]","zenodo/142641.wav","zenodo"
"418105.wav","/m/0bt9lr","[""/m/05tny_"", ""/m/0bt9lr"", ""/m/068hy"", ""/m/0jbk""]","dog_bark","[""Domestic_animals_and_pets"", ""Animal"", ""dog_bark"", ""Bark""]","zenodo/418105.wav","zenodo"
"418106.wav","/m/0bt9lr","[""/m/05tny_"", ""/m/0bt9lr"", ""/m/068hy"", ""/m/0jbk""]","dog_bark","[""Domestic_animals_and_pets"", ""Animal"", ""dog_bark"", ""Bark""]","zenodo/418106.wav","zenodo"
"418107.wav","/m/0bt9lr","[""/m/05tny_"", ""/m/0bt9lr"", ""/m/068hy"", ""/m/0jbk""]","dog_bark","[""Domestic_animals_and_pets"", ""Animal"", ""dog_bark"", ""Bark""]","zenodo/418107.wav","zenodo"
"418108.wav","/m/0bt9lr","[""/m/05tny_"", ""/m/0bt9lr"", ""/m/068hy"", ""/m/0jbk""]","dog_bark","[""Domestic_animals_and_pets"", ""Animal"", ""dog_bark"", ""Bark""]","zenodo/418108.wav","zenodo"
"6457.wav","/m/0bt9lr","[""/m/05tny_"", ""/m/020bb7"", ""/m/0bt9lr"", ""/m/068hy"", ""/m/0jbk"", ""/m/015p6"", ""/m/01280g""]","dog_bark","[""Domestic_animals_and_pets"", ""dog_bark"", ""Animal"", ""Wild_animals"", ""Bird_vocalization_and_bird_call_and_bird_song"", ""Bird"", ""Bark""]","zenodo/6457.wav","zenodo"
"344.wav","/m/0bt9lr","[""/m/05tny_"", ""/m/0bt9lr"", ""/m/068hy"", ""/m/0jbk""]","dog_bark","[""Domestic_animals_and_pets"", ""Animal"", ""dog_bark"", ""Bark""]","zenodo/344.wav","zenodo"
"235865.wav","/m/0bt9lr","[""/m/05tny_"", ""/m/0bt9lr"", ""/m/068hy"", ""/m/0jbk""]","dog_bark","[""Domestic_animals_and_pets"", ""Animal"", ""dog_bark"", ""Bark""]","zenodo/235865.wav","zenodo"
"235864.wav","/m/0bt9lr","[""/m/05tny_"", ""/m/0bt9lr"", ""/m/068hy"", ""/m/0jbk""]","dog_bark","[""Domestic_animals_and_pets"", ""Animal"", ""dog_bark"", ""Bark""]","zenodo/235864.wav","zenodo"
"235867.wav","/m/0bt9lr","[""/m/05tny_"", ""/m/0bt9lr"", ""/m/068hy"", ""/m/0jbk""]","dog_bark","[""Domestic_animals_and_pets"", ""Animal"", ""dog_bark"", ""Bark""]","zenodo/235867.wav","zenodo"
"160092.wav","/m/0bt9lr","[""/m/05tny_"", ""/m/0bt9lr"", ""/m/068hy"", ""/m/0jbk""]","dog_bark","[""Domestic_animals_and_pets"", ""Animal"", ""dog_bark"", ""Bark""]","zenodo/160092.wav","zenodo"
"84317.wav","/m/0bt9lr","[""/m/05tny_"", ""/m/0bt9lr"", ""/m/068hy"", ""/m/0jbk""]","dog_bark","[""Domestic_animals_and_pets"", ""Animal"", ""dog_bark"", ""Bark""]","zenodo/84317.wav","zenodo"
"160094.wav","/m/0bt9lr","[""/m/05tny_"", ""/m/0bt9lr"", ""/m/068hy"", ""/m/0jbk""]","dog_bark","[""Domestic_animals_and_pets"", ""Animal"", ""dog_bark"", ""Bark""]","zenodo/160094.wav","zenodo"
"235869.wav","/m/0bt9lr","[""/m/05tny_"", ""/m/0bt9lr"", ""/m/068hy"", ""/m/0jbk""]","dog_bark","[""Domestic_animals_and_pets"", ""Animal"", ""dog_bark"", ""Bark""]","zenodo/235869.wav","zenodo"
"235872.wav","/m/0bt9lr","[""/m/05tny_"", ""/m/0bt9lr"", ""/m/068hy"", ""/m/0jbk""]","dog_bark","[""Domestic_animals_and_pets"", ""Animal"", ""dog_bark"", ""Bark""]","zenodo/235872.wav","zenodo"
"160093.wav","/m/0bt9lr","[""/m/05tny_"", ""/m/0bt9lr"", ""/m/068hy"", ""/m/0jbk""]","dog_bark","[""Domestic_animals_and_pets"", ""Animal"", ""dog_bark"", ""Bark""]","zenodo/160093.wav","zenodo"
"235871.wav","/m/0bt9lr","[""/m/05tny_"", ""/m/0bt9lr"", ""/m/068hy"", ""/m/0jbk""]","dog_bark","[""Domestic_animals_and_pets"", ""Animal"", ""dog_bark"", ""Bark""]","zenodo/235871.wav","zenodo"
"162148.wav","/m/0bt9lr","[""/m/05tny_"", ""/m/0bt9lr"", ""/m/068hy"", ""/m/0jbk""]","dog_bark","[""Domestic_animals_and_pets"", ""Animal"", ""dog_bark"", ""Bark""]","zenodo/162148.wav","zenodo"
"418154.wav","/m/0bt9lr","[""/m/05tny_"", ""/m/0bt9lr"", ""/m/068hy"", ""/m/0jbk""]","dog_bark","[""Domestic_animals_and_pets"", ""Animal"", ""dog_bark"", ""Bark""]","zenodo/418154.wav","zenodo"
"418155.wav","/m/0bt9lr","[""/m/05tny_"", ""/m/0bt9lr"", ""/m/068hy"", ""/m/0jbk""]","dog_bark","[""Domestic_animals_and_pets"", ""Animal"", ""dog_bark"", ""Bark""]","zenodo/418155.wav","zenodo"
"235884.wav","/m/0bt9lr","[""/m/05tny_"", ""/m/0bt9lr"", ""/m/068hy"", ""/m/0jbk""]","dog_bark","[""Domestic_animals_and_pets"", ""Animal"", ""dog_bark"", ""Bark""]","zenodo/235884.wav","zenodo"
"235885.wav","/m/0bt9lr","[""/m/05tny_"", ""/m/0bt9lr"", ""/m/068hy"", ""/m/0jbk""]","dog_bark","[""Domestic_animals_and_pets"", ""Animal"", ""dog_bark"", ""Bark""]","zenodo/235885.wav","zenodo"
"235886.wav","/m/0bt9lr","[""/m/05tny_"", ""/m/0bt9lr"", ""/m/068hy"", ""/m/0jbk""]","dog_bark","[""Domestic_animals_and_pets"", ""Animal"", ""dog_bark"", ""Bark""]","zenodo/235886.wav","zenodo"
"418156.wav","/m/0bt9lr","[""/m/05tny_"", ""/m/0bt9lr"", ""/m/068hy"", ""/m/0jbk""]","dog_bark","[""Domestic_animals_and_pets"", ""Animal"", ""dog_bark"", ""Bark""]","zenodo/418156.wav","zenodo"
"235890.wav","/m/0bt9lr","[""/m/05tny_"", ""/m/0bt9lr"", ""/m/068hy"", ""/m/0jbk""]","dog_bark","[""Domestic_animals_and_pets"", ""Animal"", ""dog_bark"", ""Bark""]","zenodo/235890.wav","zenodo"
"85362.wav","/m/0bt9lr","[""/m/05tny_"", ""/m/0bt9lr"", ""/m/068hy"", ""/m/0jbk""]","dog_bark","[""Domestic_animals_and_pets"", ""Animal"", ""dog_bark"", ""Bark""]","zenodo/85362.wav","zenodo"
"245114.wav","/m/0bt9lr","[""/m/05tny_"", ""/m/0bt9lr"", ""/m/068hy"", ""/m/0jbk""]","dog_bark","[""Domestic_animals_and_pets"", ""Animal"", ""dog_bark"", ""Bark""]","zenodo/245114.wav","zenodo"
"398724.wav","/m/0bt9lr","[""/m/05tny_"", ""/m/0bt9lr"", ""/m/068hy"", ""/m/0jbk""]","dog_bark","[""Domestic_animals_and_pets"", ""Animal"", ""dog_bark"", ""Bark""]","zenodo/398724.wav","zenodo"
"235913.wav","/m/0bt9lr","[""/m/05tny_"", ""/m/0bt9lr"", ""/m/068hy"", ""/m/0jbk""]","dog_bark","[""Domestic_animals_and_pets"", ""Animal"", ""dog_bark"", ""Bark""]","zenodo/235913.wav","zenodo"
"332173.wav","/m/0bt9lr","[""/m/05tny_"", ""/m/0bt9lr"", ""/m/068hy"", ""/m/0jbk""]","dog_bark","[""Domestic_animals_and_pets"", ""Animal"", ""dog_bark"", ""Bark""]","zenodo/332173.wav","zenodo"
"332175.wav","/m/0bt9lr","[""/m/05tny_"", ""/m/0bt9lr"", ""/m/068hy"", ""/m/0jbk""]","dog_bark","[""Domestic_animals_and_pets"", ""Animal"", ""dog_bark"", ""Bark""]","zenodo/332175.wav","zenodo"
"332176.wav","/m/0bt9lr","[""/m/05tny_"", ""/m/0bt9lr"", ""/m/068hy"", ""/m/0jbk""]","dog_bark","[""Domestic_animals_and_pets"", ""Animal"", ""dog_bark"", ""Bark""]","zenodo/332176.wav","zenodo"
"184725.wav","/m/0bt9lr","[""/m/05tny_"", ""/m/0bt9lr"", ""/m/068hy"", ""/m/0jbk""]","dog_bark","[""Domestic_animals_and_pets"", ""Animal"", ""dog_bark"", ""Bark""]","zenodo/184725.wav","zenodo"
"236967.wav","/m/0bt9lr","[""/m/05tny_"", ""/m/0bt9lr"", ""/m/068hy"", ""/m/0jbk""]","dog_bark","[""Domestic_animals_and_pets"", ""Animal"", ""dog_bark"", ""Bark""]","zenodo/236967.wav","zenodo"
"50612.wav","/m/0bt9lr","[""/m/05tny_"", ""/m/0bt9lr"", ""/m/068hy"", ""/m/0jbk""]","dog_bark","[""Domestic_animals_and_pets"", ""Animal"", ""dog_bark"", ""Bark""]","zenodo/50612.wav","zenodo"
"50613.wav","/m/0bt9lr","[""/m/05tny_"", ""/m/0bt9lr"", ""/m/068hy"", ""/m/0jbk""]","dog_bark","[""Domestic_animals_and_pets"", ""Animal"", ""dog_bark"", ""Bark""]","zenodo/50613.wav","zenodo"
"50614.wav","/m/0bt9lr","[""/m/05tny_"", ""/m/0bt9lr"", ""/m/068hy"", ""/m/0jbk""]","dog_bark","[""Domestic_animals_and_pets"", ""Animal"", ""dog_bark"", ""Bark""]","zenodo/50614.wav","zenodo"
"380350.wav","/m/0bt9lr","[""/m/05tny_"", ""/m/0bt9lr"", ""/m/068hy"", ""/m/0jbk""]","dog_bark","[""Domestic_animals_and_pets"", ""Animal"", ""dog_bark"", ""Bark""]","zenodo/380350.wav","zenodo"
"11722.wav","/m/0bt9lr","[""/m/05tny_"", ""/m/0bt9lr"", ""/m/068hy"", ""/m/0jbk""]","dog_bark","[""Domestic_animals_and_pets"", ""Animal"", ""dog_bark"", ""Bark""]","zenodo/11722.wav","zenodo"
"70098.wav","/m/0bt9lr","[""/m/05tny_"", ""/m/0bt9lr"", ""/m/068hy"", ""/m/0jbk""]","dog_bark","[""Domestic_animals_and_pets"", ""Animal"", ""dog_bark"", ""Bark""]","zenodo/70098.wav","zenodo"
"164311.wav","/m/0bt9lr","[""/m/05tny_"", ""/m/0bt9lr"", ""/m/068hy"", ""/m/0jbk""]","dog_bark","[""Domestic_animals_and_pets"", ""Animal"", ""dog_bark"", ""Bark""]","zenodo/164311.wav","zenodo"
"35296.wav","/m/0bt9lr","[""/m/05tny_"", ""/m/0bt9lr"", ""/m/068hy"", ""/m/0jbk""]","dog_bark","[""Domestic_animals_and_pets"", ""Animal"", ""dog_bark"", ""Bark""]","zenodo/35296.wav","zenodo"
"67049.wav","/m/0bt9lr","[""/m/05tny_"", ""/m/0bt9lr"", ""/m/068hy"", ""/m/0jbk""]","dog_bark","[""Domestic_animals_and_pets"", ""Animal"", ""dog_bark"", ""Bark""]","zenodo/67049.wav","zenodo"
"236011.wav","/m/0bt9lr","[""/m/05tny_"", ""/m/0bt9lr"", ""/m/068hy"", ""/m/0jbk""]","dog_bark","[""Domestic_animals_and_pets"", ""Animal"", ""dog_bark"", ""Bark""]","zenodo/236011.wav","zenodo"
"236013.wav","/m/0bt9lr","[""/m/05tny_"", ""/m/0bt9lr"", ""/m/068hy"", ""/m/0jbk""]","dog_bark","[""Domestic_animals_and_pets"", ""Animal"", ""dog_bark"", ""Bark""]","zenodo/236013.wav","zenodo"
"236016.wav","/m/0bt9lr","[""/m/05tny_"", ""/m/0bt9lr"", ""/m/068hy"", ""/m/0jbk""]","dog_bark","[""Domestic_animals_and_pets"", ""Animal"", ""dog_bark"", ""Bark""]","zenodo/236016.wav","zenodo"
"236017.wav","/m/0bt9lr","[""/m/05tny_"", ""/m/0bt9lr"", ""/m/068hy"", ""/m/0jbk""]","dog_bark","[""Domestic_animals_and_pets"", ""Animal"", ""dog_bark"", ""Bark""]","zenodo/236017.wav","zenodo"
"236018.wav","/m/0bt9lr","[""/m/05tny_"", ""/m/0bt9lr"", ""/m/068hy"", ""/m/0jbk""]","dog_bark","[""Domestic_animals_and_pets"", ""Animal"", ""dog_bark"", ""Bark""]","zenodo/236018.wav","zenodo"
"236019.wav","/m/0bt9lr","[""/m/05tny_"", ""/m/0bt9lr"", ""/m/068hy"", ""/m/0jbk""]","dog_bark","[""Domestic_animals_and_pets"", ""Animal"", ""dog_bark"", ""Bark""]","zenodo/236019.wav","zenodo"
"236020.wav","/m/0bt9lr","[""/m/05tny_"", ""/m/0bt9lr"", ""/m/068hy"", ""/m/0jbk""]","dog_bark","[""Domestic_animals_and_pets"", ""Animal"", ""dog_bark"", ""Bark""]","zenodo/236020.wav","zenodo"
"236021.wav","/m/0bt9lr","[""/m/05tny_"", ""/m/0bt9lr"", ""/m/068hy"", ""/m/0jbk""]","dog_bark","[""Domestic_animals_and_pets"", ""Animal"", ""dog_bark"", ""Bark""]","zenodo/236021.wav","zenodo"
"236022.wav","/m/0bt9lr","[""/m/05tny_"", ""/m/0bt9lr"", ""/m/068hy"", ""/m/0jbk""]","dog_bark","[""Domestic_animals_and_pets"", ""Animal"", ""dog_bark"", ""Bark""]","zenodo/236022.wav","zenodo"
"236025.wav","/m/0bt9lr","[""/m/05tny_"", ""/m/0bt9lr"", ""/m/068hy"", ""/m/0jbk""]","dog_bark","[""Domestic_animals_and_pets"", ""Animal"", ""dog_bark"", ""Bark""]","zenodo/236025.wav","zenodo"
"381434.wav","/m/0bt9lr","[""/m/05tny_"", ""/m/0bt9lr"", ""/m/068hy"", ""/m/0jbk""]","dog_bark","[""Domestic_animals_and_pets"", ""Animal"", ""dog_bark"", ""Bark""]","zenodo/381434.wav","zenodo"
"236027.wav","/m/0bt9lr","[""/m/05tny_"", ""/m/0bt9lr"", ""/m/068hy"", ""/m/0jbk""]","dog_bark","[""Domestic_animals_and_pets"", ""Animal"", ""dog_bark"", ""Bark""]","zenodo/236027.wav","zenodo"
"236028.wav","/m/0bt9lr","[""/m/05tny_"", ""/m/0bt9lr"", ""/m/068hy"", ""/m/0jbk""]","dog_bark","[""Domestic_animals_and_pets"", ""Animal"", ""dog_bark"", ""Bark""]","zenodo/236028.wav","zenodo"
"236029.wav","/m/0bt9lr","[""/m/05tny_"", ""/m/0bt9lr"", ""/m/068hy"", ""/m/0jbk""]","dog_bark","[""Domestic_animals_and_pets"", ""Animal"", ""dog_bark"", ""Bark""]","zenodo/236029.wav","zenodo"
"236030.wav","/m/0bt9lr","[""/m/05tny_"", ""/m/0bt9lr"", ""/m/068hy"", ""/m/0jbk""]","dog_bark","[""Domestic_animals_and_pets"", ""Animal"", ""dog_bark"", ""Bark""]","zenodo/236030.wav","zenodo"
"236031.wav","/m/0bt9lr","[""/m/05tny_"", ""/m/0bt9lr"", ""/m/068hy"", ""/m/0jbk""]","dog_bark","[""Domestic_animals_and_pets"", ""Animal"", ""dog_bark"", ""Bark""]","zenodo/236031.wav","zenodo"
"236032.wav","/m/0bt9lr","[""/m/05tny_"", ""/m/0bt9lr"", ""/m/068hy"", ""/m/0jbk""]","dog_bark","[""Domestic_animals_and_pets"", ""Animal"", ""dog_bark"", ""Bark""]","zenodo/236032.wav","zenodo"
"236026.wav","/m/0bt9lr","[""/m/05tny_"", ""/m/0bt9lr"", ""/m/068hy"", ""/m/0jbk""]","dog_bark","[""Domestic_animals_and_pets"", ""Animal"", ""dog_bark"", ""Bark""]","zenodo/236026.wav","zenodo"
"236034.wav","/m/0bt9lr","[""/m/05tny_"", ""/m/0bt9lr"", ""/m/068hy"", ""/m/0jbk""]","dog_bark","[""Domestic_animals_and_pets"", ""Animal"", ""dog_bark"", ""Bark""]","zenodo/236034.wav","zenodo"
"236035.wav","/m/0bt9lr","[""/m/05tny_"", ""/m/0bt9lr"", ""/m/068hy"", ""/m/0jbk""]","dog_bark","[""Domestic_animals_and_pets"", ""Animal"", ""dog_bark"", ""Bark""]","zenodo/236035.wav","zenodo"
"236037.wav","/m/0bt9lr","[""/m/05tny_"", ""/m/0bt9lr"", ""/m/068hy"", ""/m/0jbk""]","dog_bark","[""Domestic_animals_and_pets"", ""Animal"", ""dog_bark"", ""Bark""]","zenodo/236037.wav","zenodo"
"236038.wav","/m/0bt9lr","[""/m/05tny_"", ""/m/0bt9lr"", ""/m/068hy"", ""/m/0jbk""]","dog_bark","[""Domestic_animals_and_pets"", ""Animal"", ""dog_bark"", ""Bark""]","zenodo/236038.wav","zenodo"
"236039.wav","/m/0bt9lr","[""/m/05tny_"", ""/m/0bt9lr"", ""/m/068hy"", ""/m/0jbk""]","dog_bark","[""Domestic_animals_and_pets"", ""Animal"", ""dog_bark"", ""Bark""]","zenodo/236039.wav","zenodo"
"236040.wav","/m/0bt9lr","[""/m/05tny_"", ""/m/0bt9lr"", ""/m/068hy"", ""/m/0jbk""]","dog_bark","[""Domestic_animals_and_pets"", ""Animal"", ""dog_bark"", ""Bark""]","zenodo/236040.wav","zenodo"
"236041.wav","/m/0bt9lr","[""/m/05tny_"", ""/m/0bt9lr"", ""/m/068hy"", ""/m/0jbk""]","dog_bark","[""Domestic_animals_and_pets"", ""Animal"", ""dog_bark"", ""Bark""]","zenodo/236041.wav","zenodo"
"236042.wav","/m/0bt9lr","[""/m/05tny_"", ""/m/0bt9lr"", ""/m/068hy"", ""/m/0jbk""]","dog_bark","[""Domestic_animals_and_pets"", ""Animal"", ""dog_bark"", ""Bark""]","zenodo/236042.wav","zenodo"
"236043.wav","/m/0bt9lr","[""/m/05tny_"", ""/m/0bt9lr"", ""/m/068hy"", ""/m/0jbk""]","dog_bark","[""Domestic_animals_and_pets"", ""Animal"", ""dog_bark"", ""Bark""]","zenodo/236043.wav","zenodo"
"236044.wav","/m/0bt9lr","[""/m/05tny_"", ""/m/0bt9lr"", ""/m/068hy"", ""/m/0jbk""]","dog_bark","[""Domestic_animals_and_pets"", ""Animal"", ""dog_bark"", ""Bark""]","zenodo/236044.wav","zenodo"
"236045.wav","/m/0bt9lr","[""/m/05tny_"", ""/m/0bt9lr"", ""/m/068hy"", ""/m/0jbk""]","dog_bark","[""Domestic_animals_and_pets"", ""Animal"", ""dog_bark"", ""Bark""]","zenodo/236045.wav","zenodo"
"236046.wav","/m/0bt9lr","[""/m/05tny_"", ""/m/0bt9lr"", ""/m/068hy"", ""/m/0jbk""]","dog_bark","[""Domestic_animals_and_pets"", ""Animal"", ""dog_bark"", ""Bark""]","zenodo/236046.wav","zenodo"
"236047.wav","/m/0bt9lr","[""/m/05tny_"", ""/m/0bt9lr"", ""/m/068hy"", ""/m/0jbk""]","dog_bark","[""Domestic_animals_and_pets"", ""Animal"", ""dog_bark"", ""Bark""]","zenodo/236047.wav","zenodo"
"236048.wav","/m/0bt9lr","[""/m/05tny_"", ""/m/0bt9lr"", ""/m/068hy"", ""/m/0jbk""]","dog_bark","[""Domestic_animals_and_pets"", ""Animal"", ""dog_bark"", ""Bark""]","zenodo/236048.wav","zenodo"
"236049.wav","/m/0bt9lr","[""/m/05tny_"", ""/m/0bt9lr"", ""/m/068hy"", ""/m/0jbk""]","dog_bark","[""Domestic_animals_and_pets"", ""Animal"", ""dog_bark"", ""Bark""]","zenodo/236049.wav","zenodo"
"236050.wav","/m/0bt9lr","[""/m/05tny_"", ""/m/0bt9lr"", ""/m/068hy"", ""/m/0jbk""]","dog_bark","[""Domestic_animals_and_pets"", ""Animal"", ""dog_bark"", ""Bark""]","zenodo/236050.wav","zenodo"
"236051.wav","/m/0bt9lr","[""/m/05tny_"", ""/m/0bt9lr"", ""/m/068hy"", ""/m/0jbk""]","dog_bark","[""Domestic_animals_and_pets"", ""Animal"", ""dog_bark"", ""Bark""]","zenodo/236051.wav","zenodo"
"236052.wav","/m/0bt9lr","[""/m/05tny_"", ""/m/0bt9lr"", ""/m/068hy"", ""/m/0jbk""]","dog_bark","[""Domestic_animals_and_pets"", ""Animal"", ""dog_bark"", ""Bark""]","zenodo/236052.wav","zenodo"
"236053.wav","/m/0bt9lr","[""/m/05tny_"", ""/m/0bt9lr"", ""/m/068hy"", ""/m/0jbk""]","dog_bark","[""Domestic_animals_and_pets"", ""Animal"", ""dog_bark"", ""Bark""]","zenodo/236053.wav","zenodo"
"236054.wav","/m/0bt9lr","[""/m/05tny_"", ""/m/0bt9lr"", ""/m/068hy"", ""/m/0jbk""]","dog_bark","[""Domestic_animals_and_pets"", ""Animal"", ""dog_bark"", ""Bark""]","zenodo/236054.wav","zenodo"
"117271.wav","/m/0bt9lr","[""/m/05tny_"", ""/m/0bt9lr"", ""/m/068hy"", ""/m/0jbk""]","dog_bark","[""Domestic_animals_and_pets"", ""Animal"", ""dog_bark"", ""Bark""]","zenodo/117271.wav","zenodo"
"236056.wav","/m/0bt9lr","[""/m/05tny_"", ""/m/0bt9lr"", ""/m/068hy"", ""/m/0jbk""]","dog_bark","[""Domestic_animals_and_pets"", ""Animal"", ""dog_bark"", ""Bark""]","zenodo/236056.wav","zenodo"
"236057.wav","/m/0bt9lr","[""/m/05tny_"", ""/m/0bt9lr"", ""/m/068hy"", ""/m/0jbk""]","dog_bark","[""Domestic_animals_and_pets"", ""Animal"", ""dog_bark"", ""Bark""]","zenodo/236057.wav","zenodo"
"236058.wav","/m/0bt9lr","[""/m/05tny_"", ""/m/0bt9lr"", ""/m/068hy"", ""/m/0jbk""]","dog_bark","[""Domestic_animals_and_pets"", ""Animal"", ""dog_bark"", ""Bark""]","zenodo/236058.wav","zenodo"
"236059.wav","/m/0bt9lr","[""/m/05tny_"", ""/m/0bt9lr"", ""/m/068hy"", ""/m/0jbk""]","dog_bark","[""Domestic_animals_and_pets"", ""Animal"", ""dog_bark"", ""Bark""]","zenodo/236059.wav","zenodo"
"236060.wav","/m/0bt9lr","[""/m/05tny_"", ""/m/0bt9lr"", ""/m/068hy"", ""/m/0jbk""]","dog_bark","[""Domestic_animals_and_pets"", ""Animal"", ""dog_bark"", ""Bark""]","zenodo/236060.wav","zenodo"
"236061.wav","/m/0bt9lr","[""/m/05tny_"", ""/m/0bt9lr"", ""/m/068hy"", ""/m/0jbk""]","dog_bark","[""Domestic_animals_and_pets"", ""Animal"", ""dog_bark"", ""Bark""]","zenodo/236061.wav","zenodo"
"236062.wav","/m/0bt9lr","[""/m/05tny_"", ""/m/0bt9lr"", ""/m/068hy"", ""/m/0jbk""]","dog_bark","[""Domestic_animals_and_pets"", ""Animal"", ""dog_bark"", ""Bark""]","zenodo/236062.wav","zenodo"
"236055.wav","/m/0bt9lr","[""/m/05tny_"", ""/m/0bt9lr"", ""/m/068hy"", ""/m/0jbk""]","dog_bark","[""Domestic_animals_and_pets"", ""Animal"", ""dog_bark"", ""Bark""]","zenodo/236055.wav","zenodo"
"365089.wav","/m/0bt9lr","[""/m/05tny_"", ""/m/0bt9lr"", ""/m/068hy"", ""/m/0jbk""]","dog_bark","[""Domestic_animals_and_pets"", ""Animal"", ""dog_bark"", ""Bark""]","zenodo/365089.wav","zenodo"
"236066.wav","/m/0bt9lr","[""/m/05tny_"", ""/m/0bt9lr"", ""/m/068hy"", ""/m/0jbk""]","dog_bark","[""Domestic_animals_and_pets"", ""Animal"", ""dog_bark"", ""Bark""]","zenodo/236066.wav","zenodo"
"236067.wav","/m/0bt9lr","[""/m/05tny_"", ""/m/0bt9lr"", ""/m/068hy"", ""/m/0jbk""]","dog_bark","[""Domestic_animals_and_pets"", ""Animal"", ""dog_bark"", ""Bark""]","zenodo/236067.wav","zenodo"
"236068.wav","/m/0bt9lr","[""/m/05tny_"", ""/m/0bt9lr"", ""/m/068hy"", ""/m/0jbk""]","dog_bark","[""Domestic_animals_and_pets"", ""Animal"", ""dog_bark"", ""Bark""]","zenodo/236068.wav","zenodo"
"236065.wav","/m/0bt9lr","[""/m/05tny_"", ""/m/0bt9lr"", ""/m/068hy"", ""/m/0jbk""]","dog_bark","[""Domestic_animals_and_pets"", ""Animal"", ""dog_bark"", ""Bark""]","zenodo/236065.wav","zenodo"
"196127.wav","/m/0bt9lr","[""/m/05tny_"", ""/m/0bt9lr"", ""/m/068hy"", ""/m/0jbk""]","dog_bark","[""Domestic_animals_and_pets"", ""Animal"", ""dog_bark"", ""Bark""]","zenodo/196127.wav","zenodo"
"54823.wav","/m/0bt9lr","[""/m/05tny_"", ""/m/0bt9lr"", ""/m/068hy"", ""/m/0jbk""]","dog_bark","[""Domestic_animals_and_pets"", ""Animal"", ""dog_bark"", ""Bark""]","zenodo/54823.wav","zenodo"
"236071.wav","/m/0bt9lr","[""/m/05tny_"", ""/m/0bt9lr"", ""/m/068hy"", ""/m/0jbk""]","dog_bark","[""Domestic_animals_and_pets"", ""Animal"", ""dog_bark"", ""Bark""]","zenodo/236071.wav","zenodo"
"433697.wav","/m/0bt9lr","[""/m/05tny_"", ""/m/0bt9lr"", ""/m/068hy"", ""/m/0jbk""]","dog_bark","[""Domestic_animals_and_pets"", ""Animal"", ""dog_bark"", ""Bark""]","zenodo/433697.wav","zenodo"
"433698.wav","/m/0bt9lr","[""/m/05tny_"", ""/m/0bt9lr"", ""/m/068hy"", ""/m/0jbk""]","dog_bark","[""Domestic_animals_and_pets"", ""Animal"", ""dog_bark"", ""Bark""]","zenodo/433698.wav","zenodo"
"236074.wav","/m/0bt9lr","[""/m/05tny_"", ""/m/0bt9lr"", ""/m/068hy"", ""/m/0jbk""]","dog_bark","[""Domestic_animals_and_pets"", ""Animal"", ""dog_bark"", ""Bark""]","zenodo/236074.wav","zenodo"
"236075.wav","/m/0bt9lr","[""/m/05tny_"", ""/m/0bt9lr"", ""/m/068hy"", ""/m/0jbk""]","dog_bark","[""Domestic_animals_and_pets"", ""Animal"", ""dog_bark"", ""Bark""]","zenodo/236075.wav","zenodo"
"236076.wav","/m/0bt9lr","[""/m/05tny_"", ""/m/0bt9lr"", ""/m/068hy"", ""/m/0jbk""]","dog_bark","[""Domestic_animals_and_pets"", ""Animal"", ""dog_bark"", ""Bark""]","zenodo/236076.wav","zenodo"
"236077.wav","/m/0bt9lr","[""/m/05tny_"", ""/m/0bt9lr"", ""/m/068hy"", ""/m/0jbk""]","dog_bark","[""Domestic_animals_and_pets"", ""Animal"", ""dog_bark"", ""Bark""]","zenodo/236077.wav","zenodo"
"234030.wav","/m/0bt9lr","[""/m/05tny_"", ""/m/0bt9lr"", ""/m/068hy"", ""/m/0jbk""]","dog_bark","[""Domestic_animals_and_pets"", ""Animal"", ""dog_bark"", ""Bark""]","zenodo/234030.wav","zenodo"
"236078.wav","/m/0bt9lr","[""/m/05tny_"", ""/m/0bt9lr"", ""/m/068hy"", ""/m/0jbk""]","dog_bark","[""Domestic_animals_and_pets"", ""Animal"", ""dog_bark"", ""Bark""]","zenodo/236078.wav","zenodo"
"184880.wav","/m/0bt9lr","[""/m/05tny_"", ""/m/07pbtc8"", ""/m/0bt9lr"", ""/m/068hy"", ""/m/0jbk""]","dog_bark","[""Domestic_animals_and_pets"", ""dog_bark"", ""Bark"", ""Animal"", ""Walk_and_footsteps""]","zenodo/184880.wav","zenodo"
"236084.wav","/m/0bt9lr","[""/m/05tny_"", ""/m/0bt9lr"", ""/m/068hy"", ""/m/0jbk""]","dog_bark","[""Domestic_animals_and_pets"", ""Animal"", ""dog_bark"", ""Bark""]","zenodo/236084.wav","zenodo"
"236085.wav","/m/0bt9lr","[""/m/05tny_"", ""/m/0bt9lr"", ""/m/068hy"", ""/m/0jbk""]","dog_bark","[""Domestic_animals_and_pets"", ""Animal"", ""dog_bark"", ""Bark""]","zenodo/236085.wav","zenodo"
"236086.wav","/m/0bt9lr","[""/m/05tny_"", ""/m/0bt9lr"", ""/m/068hy"", ""/m/0jbk""]","dog_bark","[""Domestic_animals_and_pets"", ""Animal"", ""dog_bark"", ""Bark""]","zenodo/236086.wav","zenodo"
"236087.wav","/m/0bt9lr","[""/m/05tny_"", ""/m/0bt9lr"", ""/m/068hy"", ""/m/0jbk""]","dog_bark","[""Domestic_animals_and_pets"", ""Animal"", ""dog_bark"", ""Bark""]","zenodo/236087.wav","zenodo"
"236088.wav","/m/0bt9lr","[""/m/05tny_"", ""/m/0bt9lr"", ""/m/068hy"", ""/m/0jbk""]","dog_bark","[""Domestic_animals_and_pets"", ""Animal"", ""dog_bark"", ""Bark""]","zenodo/236088.wav","zenodo"
"236089.wav","/m/0bt9lr","[""/m/05tny_"", ""/m/0bt9lr"", ""/m/068hy"", ""/m/0jbk""]","dog_bark","[""Domestic_animals_and_pets"", ""Animal"", ""dog_bark"", ""Bark""]","zenodo/236089.wav","zenodo"
"236090.wav","/m/0bt9lr","[""/m/05tny_"", ""/m/0bt9lr"", ""/m/068hy"", ""/m/0jbk""]","dog_bark","[""Domestic_animals_and_pets"", ""Animal"", ""dog_bark"", ""Bark""]","zenodo/236090.wav","zenodo"
"236093.wav","/m/0bt9lr","[""/m/05tny_"", ""/m/0bt9lr"", ""/m/068hy"", ""/m/0jbk""]","dog_bark","[""Domestic_animals_and_pets"", ""Animal"", ""dog_bark"", ""Bark""]","zenodo/236093.wav","zenodo"
"236094.wav","/m/0bt9lr","[""/m/05tny_"", ""/m/0bt9lr"", ""/m/068hy"", ""/m/0jbk""]","dog_bark","[""Domestic_animals_and_pets"", ""Animal"", ""dog_bark"", ""Bark""]","zenodo/236094.wav","zenodo"
"236095.wav","/m/0bt9lr","[""/m/05tny_"", ""/m/0bt9lr"", ""/m/068hy"", ""/m/0jbk""]","dog_bark","[""Domestic_animals_and_pets"", ""Animal"", ""dog_bark"", ""Bark""]","zenodo/236095.wav","zenodo"
"236096.wav","/m/0bt9lr","[""/m/05tny_"", ""/m/0bt9lr"", ""/m/068hy"", ""/m/0jbk""]","dog_bark","[""Domestic_animals_and_pets"", ""Animal"", ""dog_bark"", ""Bark""]","zenodo/236096.wav","zenodo"
"236097.wav","/m/0bt9lr","[""/m/05tny_"", ""/m/0bt9lr"", ""/m/068hy"", ""/m/0jbk""]","dog_bark","[""Domestic_animals_and_pets"", ""Animal"", ""dog_bark"", ""Bark""]","zenodo/236097.wav","zenodo"
"277058.wav","/m/0bt9lr","[""/m/05tny_"", ""/m/0bt9lr"", ""/m/068hy"", ""/m/0jbk""]","dog_bark","[""Domestic_animals_and_pets"", ""Animal"", ""dog_bark"", ""Bark""]","zenodo/277058.wav","zenodo"
"236099.wav","/m/0bt9lr","[""/m/05tny_"", ""/m/0bt9lr"", ""/m/068hy"", ""/m/0jbk""]","dog_bark","[""Domestic_animals_and_pets"", ""Animal"", ""dog_bark"", ""Bark""]","zenodo/236099.wav","zenodo"
"236098.wav","/m/0bt9lr","[""/m/05tny_"", ""/m/0bt9lr"", ""/m/068hy"", ""/m/0jbk""]","dog_bark","[""Domestic_animals_and_pets"", ""Animal"", ""dog_bark"", ""Bark""]","zenodo/236098.wav","zenodo"
"236100.wav","/m/0bt9lr","[""/m/05tny_"", ""/m/0bt9lr"", ""/m/068hy"", ""/m/0jbk""]","dog_bark","[""Domestic_animals_and_pets"", ""Animal"", ""dog_bark"", ""Bark""]","zenodo/236100.wav","zenodo"
"236101.wav","/m/0bt9lr","[""/m/05tny_"", ""/m/0bt9lr"", ""/m/068hy"", ""/m/0jbk""]","dog_bark","[""Domestic_animals_and_pets"", ""Animal"", ""dog_bark"", ""Bark""]","zenodo/236101.wav","zenodo"
"236105.wav","/m/0bt9lr","[""/m/05tny_"", ""/m/0bt9lr"", ""/m/068hy"", ""/m/0jbk""]","dog_bark","[""Domestic_animals_and_pets"", ""Animal"", ""dog_bark"", ""Bark""]","zenodo/236105.wav","zenodo"
"236106.wav","/m/0bt9lr","[""/m/05tny_"", ""/m/0bt9lr"", ""/m/068hy"", ""/m/0jbk""]","dog_bark","[""Domestic_animals_and_pets"", ""Animal"", ""dog_bark"", ""Bark""]","zenodo/236106.wav","zenodo"
"137803.wav","/m/0bt9lr","[""/m/05tny_"", ""/m/0bt9lr"", ""/m/068hy"", ""/m/0jbk""]","dog_bark","[""Domestic_animals_and_pets"", ""Animal"", ""dog_bark"", ""Bark""]","zenodo/137803.wav","zenodo"
"236109.wav","/m/0bt9lr","[""/m/05tny_"", ""/m/0bt9lr"", ""/m/068hy"", ""/m/0jbk""]","dog_bark","[""Domestic_animals_and_pets"", ""Animal"", ""dog_bark"", ""Bark""]","zenodo/236109.wav","zenodo"
"236108.wav","/m/0bt9lr","[""/m/05tny_"", ""/m/0bt9lr"", ""/m/068hy"", ""/m/0jbk""]","dog_bark","[""Domestic_animals_and_pets"", ""Animal"", ""dog_bark"", ""Bark""]","zenodo/236108.wav","zenodo"
"236111.wav","/m/0bt9lr","[""/m/05tny_"", ""/m/0bt9lr"", ""/m/068hy"", ""/m/0jbk""]","dog_bark","[""Domestic_animals_and_pets"", ""Animal"", ""dog_bark"", ""Bark""]","zenodo/236111.wav","zenodo"
"236110.wav","/m/0bt9lr","[""/m/05tny_"", ""/m/0bt9lr"", ""/m/068hy"", ""/m/0jbk""]","dog_bark","[""Domestic_animals_and_pets"", ""Animal"", ""dog_bark"", ""Bark""]","zenodo/236110.wav","zenodo"
"236113.wav","/m/0bt9lr","[""/m/05tny_"", ""/m/0bt9lr"", ""/m/068hy"", ""/m/0jbk""]","dog_bark","[""Domestic_animals_and_pets"", ""Animal"", ""dog_bark"", ""Bark""]","zenodo/236113.wav","zenodo"
"236112.wav","/m/0bt9lr","[""/m/05tny_"", ""/m/0bt9lr"", ""/m/068hy"", ""/m/0jbk""]","dog_bark","[""Domestic_animals_and_pets"", ""Animal"", ""dog_bark"", ""Bark""]","zenodo/236112.wav","zenodo"
"236116.wav","/m/0bt9lr","[""/m/05tny_"", ""/m/0bt9lr"", ""/m/068hy"", ""/m/0jbk""]","dog_bark","[""Domestic_animals_and_pets"", ""Animal"", ""dog_bark"", ""Bark""]","zenodo/236116.wav","zenodo"
"236117.wav","/m/0bt9lr","[""/m/05tny_"", ""/m/0bt9lr"", ""/m/068hy"", ""/m/0jbk""]","dog_bark","[""Domestic_animals_and_pets"", ""Animal"", ""dog_bark"", ""Bark""]","zenodo/236117.wav","zenodo"
"236118.wav","/m/0bt9lr","[""/m/05tny_"", ""/m/0bt9lr"", ""/m/068hy"", ""/m/0jbk""]","dog_bark","[""Domestic_animals_and_pets"", ""Animal"", ""dog_bark"", ""Bark""]","zenodo/236118.wav","zenodo"
"236119.wav","/m/0bt9lr","[""/m/05tny_"", ""/m/0bt9lr"", ""/m/068hy"", ""/m/0jbk""]","dog_bark","[""Domestic_animals_and_pets"", ""Animal"", ""dog_bark"", ""Bark""]","zenodo/236119.wav","zenodo"
"236120.wav","/m/0bt9lr","[""/m/05tny_"", ""/m/0bt9lr"", ""/m/068hy"", ""/m/0jbk""]","dog_bark","[""Domestic_animals_and_pets"", ""Animal"", ""dog_bark"", ""Bark""]","zenodo/236120.wav","zenodo"
"236121.wav","/m/0bt9lr","[""/m/05tny_"", ""/m/0bt9lr"", ""/m/068hy"", ""/m/0jbk""]","dog_bark","[""Domestic_animals_and_pets"", ""Animal"", ""dog_bark"", ""Bark""]","zenodo/236121.wav","zenodo"
"236123.wav","/m/0bt9lr","[""/m/05tny_"", ""/m/0bt9lr"", ""/m/068hy"", ""/m/0jbk""]","dog_bark","[""Domestic_animals_and_pets"", ""Animal"", ""dog_bark"", ""Bark""]","zenodo/236123.wav","zenodo"
"211548.wav","/m/0bt9lr","[""/m/05tny_"", ""/m/0bt9lr"", ""/m/068hy"", ""/m/0jbk""]","dog_bark","[""Domestic_animals_and_pets"", ""Animal"", ""dog_bark"", ""Bark""]","zenodo/211548.wav","zenodo"
"236125.wav","/m/0bt9lr","[""/m/05tny_"", ""/m/0bt9lr"", ""/m/068hy"", ""/m/0jbk""]","dog_bark","[""Domestic_animals_and_pets"", ""Animal"", ""dog_bark"", ""Bark""]","zenodo/236125.wav","zenodo"
"236124.wav","/m/0bt9lr","[""/m/05tny_"", ""/m/0bt9lr"", ""/m/068hy"", ""/m/0jbk""]","dog_bark","[""Domestic_animals_and_pets"", ""Animal"", ""dog_bark"", ""Bark""]","zenodo/236124.wav","zenodo"
"236127.wav","/m/0bt9lr","[""/m/05tny_"", ""/m/0bt9lr"", ""/m/068hy"", ""/m/0jbk""]","dog_bark","[""Domestic_animals_and_pets"", ""Animal"", ""dog_bark"", ""Bark""]","zenodo/236127.wav","zenodo"
"236128.wav","/m/0bt9lr","[""/m/05tny_"", ""/m/0bt9lr"", ""/m/068hy"", ""/m/0jbk""]","dog_bark","[""Domestic_animals_and_pets"", ""Animal"", ""dog_bark"", ""Bark""]","zenodo/236128.wav","zenodo"
"236126.wav","/m/0bt9lr","[""/m/05tny_"", ""/m/0bt9lr"", ""/m/068hy"", ""/m/0jbk""]","dog_bark","[""Domestic_animals_and_pets"", ""Animal"", ""dog_bark"", ""Bark""]","zenodo/236126.wav","zenodo"
"420447.wav","/m/0bt9lr","[""/m/05tny_"", ""/m/0bt9lr"", ""/m/068hy"", ""/m/0jbk""]","dog_bark","[""Domestic_animals_and_pets"", ""Animal"", ""dog_bark"", ""Bark""]","zenodo/420447.wav","zenodo"
"420448.wav","/m/0bt9lr","[""/m/05tny_"", ""/m/0bt9lr"", ""/m/068hy"", ""/m/0jbk""]","dog_bark","[""Domestic_animals_and_pets"", ""Animal"", ""dog_bark"", ""Bark""]","zenodo/420448.wav","zenodo"
"236134.wav","/m/0bt9lr","[""/m/05tny_"", ""/m/0bt9lr"", ""/m/068hy"", ""/m/0jbk""]","dog_bark","[""Domestic_animals_and_pets"", ""Animal"", ""dog_bark"", ""Bark""]","zenodo/236134.wav","zenodo"
"420450.wav","/m/0bt9lr","[""/m/05tny_"", ""/m/0bt9lr"", ""/m/068hy"", ""/m/0jbk""]","dog_bark","[""Domestic_animals_and_pets"", ""Animal"", ""dog_bark"", ""Bark""]","zenodo/420450.wav","zenodo"
"236136.wav","/m/0bt9lr","[""/m/05tny_"", ""/m/0bt9lr"", ""/m/068hy"", ""/m/0jbk""]","dog_bark","[""Domestic_animals_and_pets"", ""Animal"", ""dog_bark"", ""Bark""]","zenodo/236136.wav","zenodo"
"236137.wav","/m/0bt9lr","[""/m/05tny_"", ""/m/0bt9lr"", ""/m/068hy"", ""/m/0jbk""]","dog_bark","[""Domestic_animals_and_pets"", ""Animal"", ""dog_bark"", ""Bark""]","zenodo/236137.wav","zenodo"
"114280.wav","/m/0bt9lr","[""/m/05tny_"", ""/m/0bt9lr"", ""/m/068hy"", ""/m/0jbk""]","dog_bark","[""Domestic_animals_and_pets"", ""Animal"", ""dog_bark"", ""Bark""]","zenodo/114280.wav","zenodo"
"236135.wav","/m/0bt9lr","[""/m/05tny_"", ""/m/0bt9lr"", ""/m/068hy"", ""/m/0jbk""]","dog_bark","[""Domestic_animals_and_pets"", ""Animal"", ""dog_bark"", ""Bark""]","zenodo/236135.wav","zenodo"
"236131.wav","/m/0bt9lr","[""/m/05tny_"", ""/m/0bt9lr"", ""/m/068hy"", ""/m/0jbk""]","dog_bark","[""Domestic_animals_and_pets"", ""Animal"", ""dog_bark"", ""Bark""]","zenodo/236131.wav","zenodo"
"236138.wav","/m/0bt9lr","[""/m/05tny_"", ""/m/0bt9lr"", ""/m/068hy"", ""/m/0jbk""]","dog_bark","[""Domestic_animals_and_pets"", ""Animal"", ""dog_bark"", ""Bark""]","zenodo/236138.wav","zenodo"
"387686.wav","/m/0bt9lr","[""/m/05tny_"", ""/m/0bt9lr"", ""/m/068hy"", ""/m/0jbk""]","dog_bark","[""Domestic_animals_and_pets"", ""Animal"", ""dog_bark"", ""Bark""]","zenodo/387686.wav","zenodo"
"236142.wav","/m/0bt9lr","[""/m/05tny_"", ""/m/0bt9lr"", ""/m/068hy"", ""/m/0jbk""]","dog_bark","[""Domestic_animals_and_pets"", ""Animal"", ""dog_bark"", ""Bark""]","zenodo/236142.wav","zenodo"
"387689.wav","/m/0bt9lr","[""/m/05tny_"", ""/m/0bt9lr"", ""/m/068hy"", ""/m/0jbk""]","dog_bark","[""Domestic_animals_and_pets"", ""Animal"", ""dog_bark"", ""Bark""]","zenodo/387689.wav","zenodo"
"236144.wav","/m/0bt9lr","[""/m/05tny_"", ""/m/0bt9lr"", ""/m/068hy"", ""/m/0jbk""]","dog_bark","[""Domestic_animals_and_pets"", ""Animal"", ""dog_bark"", ""Bark""]","zenodo/236144.wav","zenodo"
"236146.wav","/m/0bt9lr","[""/m/05tny_"", ""/m/0bt9lr"", ""/m/068hy"", ""/m/0jbk""]","dog_bark","[""Domestic_animals_and_pets"", ""Animal"", ""dog_bark"", ""Bark""]","zenodo/236146.wav","zenodo"
"236145.wav","/m/0bt9lr","[""/m/05tny_"", ""/m/0bt9lr"", ""/m/068hy"", ""/m/0jbk""]","dog_bark","[""Domestic_animals_and_pets"", ""Animal"", ""dog_bark"", ""Bark""]","zenodo/236145.wav","zenodo"
"236140.wav","/m/0bt9lr","[""/m/05tny_"", ""/m/0bt9lr"", ""/m/068hy"", ""/m/0jbk""]","dog_bark","[""Domestic_animals_and_pets"", ""Animal"", ""dog_bark"", ""Bark""]","zenodo/236140.wav","zenodo"
"236141.wav","/m/0bt9lr","[""/m/05tny_"", ""/m/0bt9lr"", ""/m/068hy"", ""/m/0jbk""]","dog_bark","[""Domestic_animals_and_pets"", ""Animal"", ""dog_bark"", ""Bark""]","zenodo/236141.wav","zenodo"
"125554.wav","/m/0bt9lr","[""/m/05tny_"", ""/m/0bt9lr"", ""/m/068hy"", ""/m/0jbk""]","dog_bark","[""Domestic_animals_and_pets"", ""Animal"", ""dog_bark"", ""Bark""]","zenodo/125554.wav","zenodo"
"432755.wav","/m/0bt9lr","[""/m/05tny_"", ""/m/0bt9lr"", ""/m/068hy"", ""/m/0jbk""]","dog_bark","[""Domestic_animals_and_pets"", ""Animal"", ""dog_bark"", ""Bark""]","zenodo/432755.wav","zenodo"
"236147.wav","/m/0bt9lr","[""/m/05tny_"", ""/m/0bt9lr"", ""/m/068hy"", ""/m/0jbk""]","dog_bark","[""Domestic_animals_and_pets"", ""Animal"", ""dog_bark"", ""Bark""]","zenodo/236147.wav","zenodo"
"236148.wav","/m/0bt9lr","[""/m/05tny_"", ""/m/0bt9lr"", ""/m/068hy"", ""/m/0jbk""]","dog_bark","[""Domestic_animals_and_pets"", ""Animal"", ""dog_bark"", ""Bark""]","zenodo/236148.wav","zenodo"
"236154.wav","/m/0bt9lr","[""/m/05tny_"", ""/m/0bt9lr"", ""/m/068hy"", ""/m/0jbk""]","dog_bark","[""Domestic_animals_and_pets"", ""Animal"", ""dog_bark"", ""Bark""]","zenodo/236154.wav","zenodo"
"236150.wav","/m/0bt9lr","[""/m/05tny_"", ""/m/0bt9lr"", ""/m/068hy"", ""/m/0jbk""]","dog_bark","[""Domestic_animals_and_pets"", ""Animal"", ""dog_bark"", ""Bark""]","zenodo/236150.wav","zenodo"
"236151.wav","/m/0bt9lr","[""/m/05tny_"", ""/m/0bt9lr"", ""/m/068hy"", ""/m/0jbk""]","dog_bark","[""Domestic_animals_and_pets"", ""Animal"", ""dog_bark"", ""Bark""]","zenodo/236151.wav","zenodo"
"236153.wav","/m/0bt9lr","[""/m/05tny_"", ""/m/0bt9lr"", ""/m/068hy"", ""/m/0jbk""]","dog_bark","[""Domestic_animals_and_pets"", ""Animal"", ""dog_bark"", ""Bark""]","zenodo/236153.wav","zenodo"
"236149.wav","/m/0bt9lr","[""/m/05tny_"", ""/m/0bt9lr"", ""/m/068hy"", ""/m/0jbk""]","dog_bark","[""Domestic_animals_and_pets"", ""Animal"", ""dog_bark"", ""Bark""]","zenodo/236149.wav","zenodo"
"236155.wav","/m/0bt9lr","[""/m/05tny_"", ""/m/0bt9lr"", ""/m/068hy"", ""/m/0jbk""]","dog_bark","[""Domestic_animals_and_pets"", ""Animal"", ""dog_bark"", ""Bark""]","zenodo/236155.wav","zenodo"
"119420.wav","/m/0bt9lr","[""/m/05tny_"", ""/m/0bt9lr"", ""/m/068hy"", ""/m/0jbk""]","dog_bark","[""Domestic_animals_and_pets"", ""Animal"", ""dog_bark"", ""Bark""]","zenodo/119420.wav","zenodo"
"236157.wav","/m/0bt9lr","[""/m/05tny_"", ""/m/0bt9lr"", ""/m/068hy"", ""/m/0jbk""]","dog_bark","[""Domestic_animals_and_pets"", ""Animal"", ""dog_bark"", ""Bark""]","zenodo/236157.wav","zenodo"
"236158.wav","/m/0bt9lr","[""/m/05tny_"", ""/m/0bt9lr"", ""/m/068hy"", ""/m/0jbk""]","dog_bark","[""Domestic_animals_and_pets"", ""Animal"", ""dog_bark"", ""Bark""]","zenodo/236158.wav","zenodo"
"236159.wav","/m/0bt9lr","[""/m/05tny_"", ""/m/0bt9lr"", ""/m/068hy"", ""/m/0jbk""]","dog_bark","[""Domestic_animals_and_pets"", ""Animal"", ""dog_bark"", ""Bark""]","zenodo/236159.wav","zenodo"
"236156.wav","/m/0bt9lr","[""/m/05tny_"", ""/m/0bt9lr"", ""/m/068hy"", ""/m/0jbk""]","dog_bark","[""Domestic_animals_and_pets"", ""Animal"", ""dog_bark"", ""Bark""]","zenodo/236156.wav","zenodo"
"264833.wav","/m/0bt9lr","[""/m/05tny_"", ""/m/0bt9lr"", ""/m/068hy"", ""/m/0jbk""]","dog_bark","[""Domestic_animals_and_pets"", ""Animal"", ""dog_bark"", ""Bark""]","zenodo/264833.wav","zenodo"
"236162.wav","/m/0bt9lr","[""/m/05tny_"", ""/m/0bt9lr"", ""/m/068hy"", ""/m/0jbk""]","dog_bark","[""Domestic_animals_and_pets"", ""Animal"", ""dog_bark"", ""Bark""]","zenodo/236162.wav","zenodo"
"236167.wav","/m/0bt9lr","[""/m/05tny_"", ""/m/0bt9lr"", ""/m/068hy"", ""/m/0jbk""]","dog_bark","[""Domestic_animals_and_pets"", ""Animal"", ""dog_bark"", ""Bark""]","zenodo/236167.wav","zenodo"
"236163.wav","/m/0bt9lr","[""/m/05tny_"", ""/m/0bt9lr"", ""/m/068hy"", ""/m/0jbk""]","dog_bark","[""Domestic_animals_and_pets"", ""Animal"", ""dog_bark"", ""Bark""]","zenodo/236163.wav","zenodo"
"236165.wav","/m/0bt9lr","[""/m/05tny_"", ""/m/0bt9lr"", ""/m/068hy"", ""/m/0jbk""]","dog_bark","[""Domestic_animals_and_pets"", ""Animal"", ""dog_bark"", ""Bark""]","zenodo/236165.wav","zenodo"
"236171.wav","/m/0bt9lr","[""/m/05tny_"", ""/m/0bt9lr"", ""/m/068hy"", ""/m/0jbk""]","dog_bark","[""Domestic_animals_and_pets"", ""Animal"", ""dog_bark"", ""Bark""]","zenodo/236171.wav","zenodo"
"125574.wav","/m/0bt9lr","[""/m/05tny_"", ""/m/0bt9lr"", ""/m/068hy"", ""/m/0jbk""]","dog_bark","[""Domestic_animals_and_pets"", ""Animal"", ""dog_bark"", ""Bark""]","zenodo/125574.wav","zenodo"
"236166.wav","/m/0bt9lr","[""/m/05tny_"", ""/m/0bt9lr"", ""/m/068hy"", ""/m/0jbk""]","dog_bark","[""Domestic_animals_and_pets"", ""Animal"", ""dog_bark"", ""Bark""]","zenodo/236166.wav","zenodo"
"164488.wav","/m/0bt9lr","[""/m/05tny_"", ""/m/09xqv"", ""/m/07pjwq1"", ""/m/03vt0"", ""/m/0bt9lr"", ""/m/068hy"", ""/m/0jbk"", ""/m/01280g""]","dog_bark","[""Cricket"", ""Domestic_animals_and_pets"", ""Insect"", ""dog_bark"", ""Animal"", ""Wild_animals"", ""Buzz"", ""Bark""]","zenodo/164488.wav","zenodo"
"236169.wav","/m/0bt9lr","[""/m/05tny_"", ""/m/0bt9lr"", ""/m/068hy"", ""/m/0jbk""]","dog_bark","[""Domestic_animals_and_pets"", ""Animal"", ""dog_bark"", ""Bark""]","zenodo/236169.wav","zenodo"
"236170.wav","/m/0bt9lr","[""/m/05tny_"", ""/m/0bt9lr"", ""/m/068hy"", ""/m/0jbk""]","dog_bark","[""Domestic_animals_and_pets"", ""Animal"", ""dog_bark"", ""Bark""]","zenodo/236170.wav","zenodo"
"379531.wav","/m/0bt9lr","[""/m/05tny_"", ""/m/0bt9lr"", ""/m/068hy"", ""/m/0jbk""]","dog_bark","[""Domestic_animals_and_pets"", ""Animal"", ""dog_bark"", ""Bark""]","zenodo/379531.wav","zenodo"
"236172.wav","/m/0bt9lr","[""/m/05tny_"", ""/m/0bt9lr"", ""/m/068hy"", ""/m/0jbk""]","dog_bark","[""Domestic_animals_and_pets"", ""Animal"", ""dog_bark"", ""Bark""]","zenodo/236172.wav","zenodo"
"236173.wav","/m/0bt9lr","[""/m/05tny_"", ""/m/0bt9lr"", ""/m/068hy"", ""/m/0jbk""]","dog_bark","[""Domestic_animals_and_pets"", ""Animal"", ""dog_bark"", ""Bark""]","zenodo/236173.wav","zenodo"
"390804.wav","/m/0bt9lr","[""/m/05tny_"", ""/m/0bt9lr"", ""/m/068hy"", ""/m/0jbk""]","dog_bark","[""Domestic_animals_and_pets"", ""Animal"", ""dog_bark"", ""Bark""]","zenodo/390804.wav","zenodo"
"390805.wav","/m/0bt9lr","[""/m/05tny_"", ""/m/0bt9lr"", ""/m/068hy"", ""/m/0jbk""]","dog_bark","[""Domestic_animals_and_pets"", ""Animal"", ""dog_bark"", ""Bark""]","zenodo/390805.wav","zenodo"
"236174.wav","/m/0bt9lr","[""/m/05tny_"", ""/m/0bt9lr"", ""/m/068hy"", ""/m/0jbk""]","dog_bark","[""Domestic_animals_and_pets"", ""Animal"", ""dog_bark"", ""Bark""]","zenodo/236174.wav","zenodo"
"236175.wav","/m/0bt9lr","[""/m/05tny_"", ""/m/0bt9lr"", ""/m/068hy"", ""/m/0jbk""]","dog_bark","[""Domestic_animals_and_pets"", ""Animal"", ""dog_bark"", ""Bark""]","zenodo/236175.wav","zenodo"
"236176.wav","/m/0bt9lr","[""/m/05tny_"", ""/m/0bt9lr"", ""/m/068hy"", ""/m/0jbk""]","dog_bark","[""Domestic_animals_and_pets"", ""Animal"", ""dog_bark"", ""Bark""]","zenodo/236176.wav","zenodo"
"236178.wav","/m/0bt9lr","[""/m/05tny_"", ""/m/0bt9lr"", ""/m/068hy"", ""/m/0jbk""]","dog_bark","[""Domestic_animals_and_pets"", ""Animal"", ""dog_bark"", ""Bark""]","zenodo/236178.wav","zenodo"
"236179.wav","/m/0bt9lr","[""/m/05tny_"", ""/m/0bt9lr"", ""/m/068hy"", ""/m/0jbk""]","dog_bark","[""Domestic_animals_and_pets"", ""Animal"", ""dog_bark"", ""Bark""]","zenodo/236179.wav","zenodo"
"236180.wav","/m/0bt9lr","[""/m/05tny_"", ""/m/0bt9lr"", ""/m/068hy"", ""/m/0jbk""]","dog_bark","[""Domestic_animals_and_pets"", ""Animal"", ""dog_bark"", ""Bark""]","zenodo/236180.wav","zenodo"
"236182.wav","/m/0bt9lr","[""/m/05tny_"", ""/m/0bt9lr"", ""/m/068hy"", ""/m/0jbk""]","dog_bark","[""Domestic_animals_and_pets"", ""Animal"", ""dog_bark"", ""Bark""]","zenodo/236182.wav","zenodo"
"236184.wav","/m/0bt9lr","[""/m/05tny_"", ""/m/0bt9lr"", ""/m/068hy"", ""/m/0jbk""]","dog_bark","[""Domestic_animals_and_pets"", ""Animal"", ""dog_bark"", ""Bark""]","zenodo/236184.wav","zenodo"
"236185.wav","/m/0bt9lr","[""/m/05tny_"", ""/m/0bt9lr"", ""/m/068hy"", ""/m/0jbk""]","dog_bark","[""Domestic_animals_and_pets"", ""Animal"", ""dog_bark"", ""Bark""]","zenodo/236185.wav","zenodo"
"236186.wav","/m/0bt9lr","[""/m/05tny_"", ""/m/0bt9lr"", ""/m/068hy"", ""/m/0jbk""]","dog_bark","[""Domestic_animals_and_pets"", ""Animal"", ""dog_bark"", ""Bark""]","zenodo/236186.wav","zenodo"
"236188.wav","/m/0bt9lr","[""/m/05tny_"", ""/m/0bt9lr"", ""/m/068hy"", ""/m/0jbk""]","dog_bark","[""Domestic_animals_and_pets"", ""Animal"", ""dog_bark"", ""Bark""]","zenodo/236188.wav","zenodo"
"236189.wav","/m/0bt9lr","[""/m/05tny_"", ""/m/0bt9lr"", ""/m/068hy"", ""/m/0jbk""]","dog_bark","[""Domestic_animals_and_pets"", ""Animal"", ""dog_bark"", ""Bark""]","zenodo/236189.wav","zenodo"
"144028.wav","/m/0bt9lr","[""/m/05tny_"", ""/m/0bt9lr"", ""/m/068hy"", ""/m/0jbk""]","dog_bark","[""Domestic_animals_and_pets"", ""Animal"", ""dog_bark"", ""Bark""]","zenodo/144028.wav","zenodo"
"236193.wav","/m/0bt9lr","[""/m/05tny_"", ""/m/0bt9lr"", ""/m/068hy"", ""/m/0jbk""]","dog_bark","[""Domestic_animals_and_pets"", ""Animal"", ""dog_bark"", ""Bark""]","zenodo/236193.wav","zenodo"
"85661.wav","/m/0bt9lr","[""/m/05tny_"", ""/m/0bt9lr"", ""/m/068hy"", ""/m/0jbk""]","dog_bark","[""Domestic_animals_and_pets"", ""Animal"", ""dog_bark"", ""Bark""]","zenodo/85661.wav","zenodo"
"236196.wav","/m/0bt9lr","[""/m/05tny_"", ""/m/0bt9lr"", ""/m/068hy"", ""/m/0jbk""]","dog_bark","[""Domestic_animals_and_pets"", ""Animal"", ""dog_bark"", ""Bark""]","zenodo/236196.wav","zenodo"
"236197.wav","/m/0bt9lr","[""/m/05tny_"", ""/m/0bt9lr"", ""/m/068hy"", ""/m/0jbk""]","dog_bark","[""Domestic_animals_and_pets"", ""Animal"", ""dog_bark"", ""Bark""]","zenodo/236197.wav","zenodo"
"85664.wav","/m/0bt9lr","[""/m/05tny_"", ""/m/0bt9lr"", ""/m/068hy"", ""/m/0jbk""]","dog_bark","[""Domestic_animals_and_pets"", ""Animal"", ""dog_bark"", ""Bark""]","zenodo/85664.wav","zenodo"
"236200.wav","/m/0bt9lr","[""/m/05tny_"", ""/m/0bt9lr"", ""/m/068hy"", ""/m/0jbk""]","dog_bark","[""Domestic_animals_and_pets"", ""Animal"", ""dog_bark"", ""Bark""]","zenodo/236200.wav","zenodo"
"236201.wav","/m/0bt9lr","[""/m/05tny_"", ""/m/0bt9lr"", ""/m/068hy"", ""/m/0jbk""]","dog_bark","[""Domestic_animals_and_pets"", ""Animal"", ""dog_bark"", ""Bark""]","zenodo/236201.wav","zenodo"
"236202.wav","/m/0bt9lr","[""/m/05tny_"", ""/m/0bt9lr"", ""/m/068hy"", ""/m/0jbk""]","dog_bark","[""Domestic_animals_and_pets"", ""Animal"", ""dog_bark"", ""Bark""]","zenodo/236202.wav","zenodo"
"236203.wav","/m/0bt9lr","[""/m/05tny_"", ""/m/0bt9lr"", ""/m/068hy"", ""/m/0jbk""]","dog_bark","[""Domestic_animals_and_pets"", ""Animal"", ""dog_bark"", ""Bark""]","zenodo/236203.wav","zenodo"
"236204.wav","/m/0bt9lr","[""/m/05tny_"", ""/m/0bt9lr"", ""/m/068hy"", ""/m/0jbk""]","dog_bark","[""Domestic_animals_and_pets"", ""Animal"", ""dog_bark"", ""Bark""]","zenodo/236204.wav","zenodo"
"155309.wav","/m/0bt9lr","[""/m/05tny_"", ""/m/0bt9lr"", ""/m/068hy"", ""/m/0jbk""]","dog_bark","[""Domestic_animals_and_pets"", ""Animal"", ""dog_bark"", ""Bark""]","zenodo/155309.wav","zenodo"
"236205.wav","/m/0bt9lr","[""/m/05tny_"", ""/m/0bt9lr"", ""/m/068hy"", ""/m/0jbk""]","dog_bark","[""Domestic_animals_and_pets"", ""Animal"", ""dog_bark"", ""Bark""]","zenodo/236205.wav","zenodo"
"155311.wav","/m/0bt9lr","[""/m/05tny_"", ""/m/0bt9lr"", ""/m/068hy"", ""/m/0jbk""]","dog_bark","[""Domestic_animals_and_pets"", ""Animal"", ""dog_bark"", ""Bark""]","zenodo/155311.wav","zenodo"
"155312.wav","/m/0bt9lr","[""/m/05tny_"", ""/m/0bt9lr"", ""/m/068hy"", ""/m/0jbk""]","dog_bark","[""Domestic_animals_and_pets"", ""Animal"", ""dog_bark"", ""Bark""]","zenodo/155312.wav","zenodo"
"236206.wav","/m/0bt9lr","[""/m/05tny_"", ""/m/0bt9lr"", ""/m/068hy"", ""/m/0jbk""]","dog_bark","[""Domestic_animals_and_pets"", ""Animal"", ""dog_bark"", ""Bark""]","zenodo/236206.wav","zenodo"
"236207.wav","/m/0bt9lr","[""/m/05tny_"", ""/m/0bt9lr"", ""/m/068hy"", ""/m/0jbk""]","dog_bark","[""Domestic_animals_and_pets"", ""Animal"", ""dog_bark"", ""Bark""]","zenodo/236207.wav","zenodo"
"236208.wav","/m/0bt9lr","[""/m/05tny_"", ""/m/0bt9lr"", ""/m/068hy"", ""/m/0jbk""]","dog_bark","[""Domestic_animals_and_pets"", ""Animal"", ""dog_bark"", ""Bark""]","zenodo/236208.wav","zenodo"
"155317.wav","/m/0bt9lr","[""/m/05tny_"", ""/m/0bt9lr"", ""/m/068hy"", ""/m/0jbk""]","dog_bark","[""Domestic_animals_and_pets"", ""Animal"", ""dog_bark"", ""Bark""]","zenodo/155317.wav","zenodo"
"236214.wav","/m/0bt9lr","[""/m/05tny_"", ""/m/0bt9lr"", ""/m/068hy"", ""/m/0jbk""]","dog_bark","[""Domestic_animals_and_pets"", ""Animal"", ""dog_bark"", ""Bark""]","zenodo/236214.wav","zenodo"
"236210.wav","/m/0bt9lr","[""/m/05tny_"", ""/m/0bt9lr"", ""/m/068hy"", ""/m/0jbk""]","dog_bark","[""Domestic_animals_and_pets"", ""Animal"", ""dog_bark"", ""Bark""]","zenodo/236210.wav","zenodo"
"183992.wav","/m/0bt9lr","[""/m/05tny_"", ""/m/0bt9lr"", ""/m/068hy"", ""/m/0jbk""]","dog_bark","[""Domestic_animals_and_pets"", ""Animal"", ""dog_bark"", ""Bark""]","zenodo/183992.wav","zenodo"
"236211.wav","/m/0bt9lr","[""/m/05tny_"", ""/m/0bt9lr"", ""/m/068hy"", ""/m/0jbk""]","dog_bark","[""Domestic_animals_and_pets"", ""Animal"", ""dog_bark"", ""Bark""]","zenodo/236211.wav","zenodo"
"236212.wav","/m/0bt9lr","[""/m/05tny_"", ""/m/0bt9lr"", ""/m/068hy"", ""/m/0jbk""]","dog_bark","[""Domestic_animals_and_pets"", ""Animal"", ""dog_bark"", ""Bark""]","zenodo/236212.wav","zenodo"
"236213.wav","/m/0bt9lr","[""/m/05tny_"", ""/m/0bt9lr"", ""/m/068hy"", ""/m/0jbk""]","dog_bark","[""Domestic_animals_and_pets"", ""Animal"", ""dog_bark"", ""Bark""]","zenodo/236213.wav","zenodo"
"107190.wav","/m/0bt9lr","[""/m/05tny_"", ""/m/0bt9lr"", ""/m/068hy"", ""/m/0jbk""]","dog_bark","[""Domestic_animals_and_pets"", ""Animal"", ""dog_bark"", ""Bark""]","zenodo/107190.wav","zenodo"
"236215.wav","/m/0bt9lr","[""/m/05tny_"", ""/m/0bt9lr"", ""/m/068hy"", ""/m/0jbk""]","dog_bark","[""Domestic_animals_and_pets"", ""Animal"", ""dog_bark"", ""Bark""]","zenodo/236215.wav","zenodo"
"236216.wav","/m/0bt9lr","[""/m/05tny_"", ""/m/0bt9lr"", ""/m/068hy"", ""/m/0jbk""]","dog_bark","[""Domestic_animals_and_pets"", ""Animal"", ""dog_bark"", ""Bark""]","zenodo/236216.wav","zenodo"
"236217.wav","/m/0bt9lr","[""/m/05tny_"", ""/m/0bt9lr"", ""/m/068hy"", ""/m/0jbk""]","dog_bark","[""Domestic_animals_and_pets"", ""Animal"", ""dog_bark"", ""Bark""]","zenodo/236217.wav","zenodo"
"236218.wav","/m/0bt9lr","[""/m/05tny_"", ""/m/0bt9lr"", ""/m/068hy"", ""/m/0jbk""]","dog_bark","[""Domestic_animals_and_pets"", ""Animal"", ""dog_bark"", ""Bark""]","zenodo/236218.wav","zenodo"
"236219.wav","/m/0bt9lr","[""/m/05tny_"", ""/m/0bt9lr"", ""/m/068hy"", ""/m/0jbk""]","dog_bark","[""Domestic_animals_and_pets"", ""Animal"", ""dog_bark"", ""Bark""]","zenodo/236219.wav","zenodo"
"236220.wav","/m/0bt9lr","[""/m/05tny_"", ""/m/0bt9lr"", ""/m/068hy"", ""/m/0jbk""]","dog_bark","[""Domestic_animals_and_pets"", ""Animal"", ""dog_bark"", ""Bark""]","zenodo/236220.wav","zenodo"
"236221.wav","/m/0bt9lr","[""/m/05tny_"", ""/m/0bt9lr"", ""/m/068hy"", ""/m/0jbk""]","dog_bark","[""Domestic_animals_and_pets"", ""Animal"", ""dog_bark"", ""Bark""]","zenodo/236221.wav","zenodo"
"236222.wav","/m/0bt9lr","[""/m/05tny_"", ""/m/0bt9lr"", ""/m/068hy"", ""/m/0jbk""]","dog_bark","[""Domestic_animals_and_pets"", ""Animal"", ""dog_bark"", ""Bark""]","zenodo/236222.wav","zenodo"
"50885.wav","/m/0bt9lr","[""/m/05tny_"", ""/m/0bt9lr"", ""/m/068hy"", ""/m/0jbk""]","dog_bark","[""Domestic_animals_and_pets"", ""Animal"", ""dog_bark"", ""Bark""]","zenodo/50885.wav","zenodo"
"236223.wav","/m/0bt9lr","[""/m/05tny_"", ""/m/0bt9lr"", ""/m/068hy"", ""/m/0jbk""]","dog_bark","[""Domestic_animals_and_pets"", ""Animal"", ""dog_bark"", ""Bark""]","zenodo/236223.wav","zenodo"
"236225.wav","/m/0bt9lr","[""/m/05tny_"", ""/m/0bt9lr"", ""/m/068hy"", ""/m/0jbk""]","dog_bark","[""Domestic_animals_and_pets"", ""Animal"", ""dog_bark"", ""Bark""]","zenodo/236225.wav","zenodo"
"236226.wav","/m/0bt9lr","[""/m/05tny_"", ""/m/0bt9lr"", ""/m/068hy"", ""/m/0jbk""]","dog_bark","[""Domestic_animals_and_pets"", ""Animal"", ""dog_bark"", ""Bark""]","zenodo/236226.wav","zenodo"
"236227.wav","/m/0bt9lr","[""/m/05tny_"", ""/m/0bt9lr"", ""/m/068hy"", ""/m/0jbk""]","dog_bark","[""Domestic_animals_and_pets"", ""Animal"", ""dog_bark"", ""Bark""]","zenodo/236227.wav","zenodo"
"236228.wav","/m/0bt9lr","[""/m/05tny_"", ""/m/0bt9lr"", ""/m/068hy"", ""/m/0jbk""]","dog_bark","[""Domestic_animals_and_pets"", ""Animal"", ""dog_bark"", ""Bark""]","zenodo/236228.wav","zenodo"
"236229.wav","/m/0bt9lr","[""/m/05tny_"", ""/m/0bt9lr"", ""/m/068hy"", ""/m/0jbk""]","dog_bark","[""Domestic_animals_and_pets"", ""Animal"", ""dog_bark"", ""Bark""]","zenodo/236229.wav","zenodo"
"236230.wav","/m/0bt9lr","[""/m/05tny_"", ""/m/0bt9lr"", ""/m/068hy"", ""/m/0jbk""]","dog_bark","[""Domestic_animals_and_pets"", ""Animal"", ""dog_bark"", ""Bark""]","zenodo/236230.wav","zenodo"
"236232.wav","/m/0bt9lr","[""/m/05tny_"", ""/m/0bt9lr"", ""/m/068hy"", ""/m/0jbk""]","dog_bark","[""Domestic_animals_and_pets"", ""Animal"", ""dog_bark"", ""Bark""]","zenodo/236232.wav","zenodo"
"236233.wav","/m/0bt9lr","[""/m/05tny_"", ""/m/0bt9lr"", ""/m/068hy"", ""/m/0jbk""]","dog_bark","[""Domestic_animals_and_pets"", ""Animal"", ""dog_bark"", ""Bark""]","zenodo/236233.wav","zenodo"
"236234.wav","/m/0bt9lr","[""/m/05tny_"", ""/m/0bt9lr"", ""/m/068hy"", ""/m/0jbk""]","dog_bark","[""Domestic_animals_and_pets"", ""Animal"", ""dog_bark"", ""Bark""]","zenodo/236234.wav","zenodo"
"236235.wav","/m/0bt9lr","[""/m/05tny_"", ""/m/0bt9lr"", ""/m/068hy"", ""/m/0jbk""]","dog_bark","[""Domestic_animals_and_pets"", ""Animal"", ""dog_bark"", ""Bark""]","zenodo/236235.wav","zenodo"
"236236.wav","/m/0bt9lr","[""/m/05tny_"", ""/m/0bt9lr"", ""/m/068hy"", ""/m/0jbk""]","dog_bark","[""Domestic_animals_and_pets"", ""Animal"", ""dog_bark"", ""Bark""]","zenodo/236236.wav","zenodo"
"236237.wav","/m/0bt9lr","[""/m/05tny_"", ""/m/0bt9lr"", ""/m/068hy"", ""/m/0jbk""]","dog_bark","[""Domestic_animals_and_pets"", ""Animal"", ""dog_bark"", ""Bark""]","zenodo/236237.wav","zenodo"
"236238.wav","/m/0bt9lr","[""/m/05tny_"", ""/m/0bt9lr"", ""/m/068hy"", ""/m/0jbk""]","dog_bark","[""Domestic_animals_and_pets"", ""Animal"", ""dog_bark"", ""Bark""]","zenodo/236238.wav","zenodo"
"236239.wav","/m/0bt9lr","[""/m/05tny_"", ""/m/0bt9lr"", ""/m/068hy"", ""/m/0jbk""]","dog_bark","[""Domestic_animals_and_pets"", ""Animal"", ""dog_bark"", ""Bark""]","zenodo/236239.wav","zenodo"
"236240.wav","/m/0bt9lr","[""/m/05tny_"", ""/m/0bt9lr"", ""/m/068hy"", ""/m/0jbk""]","dog_bark","[""Domestic_animals_and_pets"", ""Animal"", ""dog_bark"", ""Bark""]","zenodo/236240.wav","zenodo"
"236241.wav","/m/0bt9lr","[""/m/05tny_"", ""/m/0bt9lr"", ""/m/068hy"", ""/m/0jbk""]","dog_bark","[""Domestic_animals_and_pets"", ""Animal"", ""dog_bark"", ""Bark""]","zenodo/236241.wav","zenodo"
"236243.wav","/m/0bt9lr","[""/m/05tny_"", ""/m/0bt9lr"", ""/m/068hy"", ""/m/0jbk""]","dog_bark","[""Domestic_animals_and_pets"", ""Animal"", ""dog_bark"", ""Bark""]","zenodo/236243.wav","zenodo"
"236244.wav","/m/0bt9lr","[""/m/05tny_"", ""/m/0bt9lr"", ""/m/068hy"", ""/m/0jbk""]","dog_bark","[""Domestic_animals_and_pets"", ""Animal"", ""dog_bark"", ""Bark""]","zenodo/236244.wav","zenodo"
"347763.wav","/m/0bt9lr","[""/m/05tny_"", ""/m/0bt9lr"", ""/m/068hy"", ""/m/0jbk""]","dog_bark","[""Domestic_animals_and_pets"", ""Animal"", ""dog_bark"", ""Bark""]","zenodo/347763.wav","zenodo"
"236249.wav","/m/0bt9lr","[""/m/05tny_"", ""/m/0bt9lr"", ""/m/068hy"", ""/m/0jbk""]","dog_bark","[""Domestic_animals_and_pets"", ""Animal"", ""dog_bark"", ""Bark""]","zenodo/236249.wav","zenodo"
"236250.wav","/m/0bt9lr","[""/m/05tny_"", ""/m/0bt9lr"", ""/m/068hy"", ""/m/0jbk""]","dog_bark","[""Domestic_animals_and_pets"", ""Animal"", ""dog_bark"", ""Bark""]","zenodo/236250.wav","zenodo"
"236251.wav","/m/0bt9lr","[""/m/05tny_"", ""/m/0bt9lr"", ""/m/068hy"", ""/m/0jbk""]","dog_bark","[""Domestic_animals_and_pets"", ""Animal"", ""dog_bark"", ""Bark""]","zenodo/236251.wav","zenodo"
"236253.wav","/m/0bt9lr","[""/m/05tny_"", ""/m/0bt9lr"", ""/m/068hy"", ""/m/0jbk""]","dog_bark","[""Domestic_animals_and_pets"", ""Animal"", ""dog_bark"", ""Bark""]","zenodo/236253.wav","zenodo"
"236255.wav","/m/0bt9lr","[""/m/05tny_"", ""/m/0bt9lr"", ""/m/068hy"", ""/m/0jbk""]","dog_bark","[""Domestic_animals_and_pets"", ""Animal"", ""dog_bark"", ""Bark""]","zenodo/236255.wav","zenodo"
"236256.wav","/m/0bt9lr","[""/m/05tny_"", ""/m/0bt9lr"", ""/m/068hy"", ""/m/0jbk""]","dog_bark","[""Domestic_animals_and_pets"", ""Animal"", ""dog_bark"", ""Bark""]","zenodo/236256.wav","zenodo"
"242402.wav","/m/0bt9lr","[""/m/05tny_"", ""/m/0bt9lr"", ""/m/068hy"", ""/m/0jbk""]","dog_bark","[""Domestic_animals_and_pets"", ""Animal"", ""dog_bark"", ""Bark""]","zenodo/242402.wav","zenodo"
"242403.wav","/m/0bt9lr","[""/m/05tny_"", ""/m/0bt9lr"", ""/m/068hy"", ""/m/0jbk""]","dog_bark","[""Domestic_animals_and_pets"", ""Animal"", ""dog_bark"", ""Bark""]","zenodo/242403.wav","zenodo"
"55013.wav","/m/0bt9lr","[""/m/05tny_"", ""/m/0bt9lr"", ""/m/068hy"", ""/m/0jbk""]","dog_bark","[""Domestic_animals_and_pets"", ""Animal"", ""dog_bark"", ""Bark""]","zenodo/55013.wav","zenodo"
"236262.wav","/m/0bt9lr","[""/m/05tny_"", ""/m/0bt9lr"", ""/m/068hy"", ""/m/0jbk""]","dog_bark","[""Domestic_animals_and_pets"", ""Animal"", ""dog_bark"", ""Bark""]","zenodo/236262.wav","zenodo"
"236263.wav","/m/0bt9lr","[""/m/05tny_"", ""/m/0bt9lr"", ""/m/068hy"", ""/m/0jbk""]","dog_bark","[""Domestic_animals_and_pets"", ""Animal"", ""dog_bark"", ""Bark""]","zenodo/236263.wav","zenodo"
"236264.wav","/m/0bt9lr","[""/m/05tny_"", ""/m/0bt9lr"", ""/m/068hy"", ""/m/0jbk""]","dog_bark","[""Domestic_animals_and_pets"", ""Animal"", ""dog_bark"", ""Bark""]","zenodo/236264.wav","zenodo"
"220901.wav","/m/0bt9lr","[""/m/05tny_"", ""/m/0bt9lr"", ""/m/068hy"", ""/m/0jbk""]","dog_bark","[""Domestic_animals_and_pets"", ""Animal"", ""dog_bark"", ""Bark""]","zenodo/220901.wav","zenodo"
"220904.wav","/m/0bt9lr","[""/m/05tny_"", ""/m/0bt9lr"", ""/m/068hy"", ""/m/0jbk""]","dog_bark","[""Domestic_animals_and_pets"", ""Animal"", ""dog_bark"", ""Bark""]","zenodo/220904.wav","zenodo"
"236267.wav","/m/0bt9lr","[""/m/05tny_"", ""/m/0bt9lr"", ""/m/068hy"", ""/m/0jbk""]","dog_bark","[""Domestic_animals_and_pets"", ""Animal"", ""dog_bark"", ""Bark""]","zenodo/236267.wav","zenodo"
"236269.wav","/m/0bt9lr","[""/m/05tny_"", ""/m/0bt9lr"", ""/m/068hy"", ""/m/0jbk""]","dog_bark","[""Domestic_animals_and_pets"", ""Animal"", ""dog_bark"", ""Bark""]","zenodo/236269.wav","zenodo"
"236270.wav","/m/0bt9lr","[""/m/05tny_"", ""/m/0bt9lr"", ""/m/068hy"", ""/m/0jbk""]","dog_bark","[""Domestic_animals_and_pets"", ""Animal"", ""dog_bark"", ""Bark""]","zenodo/236270.wav","zenodo"
"236271.wav","/m/0bt9lr","[""/m/05tny_"", ""/m/0bt9lr"", ""/m/068hy"", ""/m/0jbk""]","dog_bark","[""Domestic_animals_and_pets"", ""Animal"", ""dog_bark"", ""Bark""]","zenodo/236271.wav","zenodo"
"236272.wav","/m/0bt9lr","[""/m/05tny_"", ""/m/0bt9lr"", ""/m/068hy"", ""/m/0jbk""]","dog_bark","[""Domestic_animals_and_pets"", ""Animal"", ""dog_bark"", ""Bark""]","zenodo/236272.wav","zenodo"
"236273.wav","/m/0bt9lr","[""/m/05tny_"", ""/m/0bt9lr"", ""/m/068hy"", ""/m/0jbk""]","dog_bark","[""Domestic_animals_and_pets"", ""Animal"", ""dog_bark"", ""Bark""]","zenodo/236273.wav","zenodo"
"236274.wav","/m/0bt9lr","[""/m/05tny_"", ""/m/0bt9lr"", ""/m/068hy"", ""/m/0jbk""]","dog_bark","[""Domestic_animals_and_pets"", ""Animal"", ""dog_bark"", ""Bark""]","zenodo/236274.wav","zenodo"
"236275.wav","/m/0bt9lr","[""/m/05tny_"", ""/m/0bt9lr"", ""/m/068hy"", ""/m/0jbk""]","dog_bark","[""Domestic_animals_and_pets"", ""Animal"", ""dog_bark"", ""Bark""]","zenodo/236275.wav","zenodo"
"236276.wav","/m/0bt9lr","[""/m/05tny_"", ""/m/0bt9lr"", ""/m/068hy"", ""/m/0jbk""]","dog_bark","[""Domestic_animals_and_pets"", ""Animal"", ""dog_bark"", ""Bark""]","zenodo/236276.wav","zenodo"
"244469.wav","/m/0bt9lr","[""/m/05tny_"", ""/m/0bt9lr"", ""/m/068hy"", ""/m/0jbk""]","dog_bark","[""Domestic_animals_and_pets"", ""Animal"", ""dog_bark"", ""Bark""]","zenodo/244469.wav","zenodo"
"86774.wav","/m/0bt9lr","[""/m/05tny_"", ""/m/0bt9lr"", ""/m/068hy"", ""/m/0jbk""]","dog_bark","[""Domestic_animals_and_pets"", ""Animal"", ""dog_bark"", ""Bark""]","zenodo/86774.wav","zenodo"
"236278.wav","/m/0bt9lr","[""/m/05tny_"", ""/m/0bt9lr"", ""/m/068hy"", ""/m/0jbk""]","dog_bark","[""Domestic_animals_and_pets"", ""Animal"", ""dog_bark"", ""Bark""]","zenodo/236278.wav","zenodo"
"236281.wav","/m/0bt9lr","[""/m/05tny_"", ""/m/0bt9lr"", ""/m/068hy"", ""/m/0jbk""]","dog_bark","[""Domestic_animals_and_pets"", ""Animal"", ""dog_bark"", ""Bark""]","zenodo/236281.wav","zenodo"
"236282.wav","/m/0bt9lr","[""/m/05tny_"", ""/m/0bt9lr"", ""/m/068hy"", ""/m/0jbk""]","dog_bark","[""Domestic_animals_and_pets"", ""Animal"", ""dog_bark"", ""Bark""]","zenodo/236282.wav","zenodo"
"236279.wav","/m/0bt9lr","[""/m/05tny_"", ""/m/0bt9lr"", ""/m/068hy"", ""/m/0jbk""]","dog_bark","[""Domestic_animals_and_pets"", ""Animal"", ""dog_bark"", ""Bark""]","zenodo/236279.wav","zenodo"
"381692.wav","/m/0bt9lr","[""/m/05tny_"", ""/m/0bt9lr"", ""/m/068hy"", ""/m/0jbk""]","dog_bark","[""Domestic_animals_and_pets"", ""Animal"", ""dog_bark"", ""Bark""]","zenodo/381692.wav","zenodo"
"236280.wav","/m/0bt9lr","[""/m/05tny_"", ""/m/0bt9lr"", ""/m/068hy"", ""/m/0jbk""]","dog_bark","[""Domestic_animals_and_pets"", ""Animal"", ""dog_bark"", ""Bark""]","zenodo/236280.wav","zenodo"
"156418.wav","/m/0bt9lr","[""/m/05tny_"", ""/m/0bt9lr"", ""/m/068hy"", ""/m/0jbk""]","dog_bark","[""Domestic_animals_and_pets"", ""Animal"", ""dog_bark"", ""Bark""]","zenodo/156418.wav","zenodo"
"404233.wav","/m/0bt9lr","[""/m/05tny_"", ""/m/0bt9lr"", ""/m/068hy"", ""/m/0jbk""]","dog_bark","[""Domestic_animals_and_pets"", ""Animal"", ""dog_bark"", ""Bark""]","zenodo/404233.wav","zenodo"
"43787.wav","/m/0bt9lr","[""/m/05tny_"", ""/m/0bt9lr"", ""/m/068hy"", ""/m/0jbk""]","dog_bark","[""Domestic_animals_and_pets"", ""Animal"", ""dog_bark"", ""Bark""]","zenodo/43787.wav","zenodo"
"74513.wav","/m/0bt9lr","[""/m/05tny_"", ""/m/0bt9lr"", ""/m/068hy"", ""/m/0jbk""]","dog_bark","[""Domestic_animals_and_pets"", ""Animal"", ""dog_bark"", ""Bark""]","zenodo/74513.wav","zenodo"
"63261.wav","/m/0bt9lr","[""/m/05tny_"", ""/m/0bt9lr"", ""/m/068hy"", ""/m/0jbk""]","dog_bark","[""Domestic_animals_and_pets"", ""Animal"", ""dog_bark"", ""Bark""]","zenodo/63261.wav","zenodo"
"372521.wav","/m/0bt9lr","[""/m/05tny_"", ""/m/0bt9lr"", ""/m/068hy"", ""/m/0jbk""]","dog_bark","[""Domestic_animals_and_pets"", ""Animal"", ""dog_bark"", ""Bark""]","zenodo/372521.wav","zenodo"
"372523.wav","/m/0bt9lr","[""/m/05tny_"", ""/m/0bt9lr"", ""/m/068hy"", ""/m/0jbk""]","dog_bark","[""Domestic_animals_and_pets"", ""Animal"", ""dog_bark"", ""Bark""]","zenodo/372523.wav","zenodo"
"35628.wav","/m/0bt9lr","[""/m/05tny_"", ""/m/0bt9lr"", ""/m/068hy"", ""/m/0jbk""]","dog_bark","[""Domestic_animals_and_pets"", ""Animal"", ""dog_bark"", ""Bark""]","zenodo/35628.wav","zenodo"
"372525.wav","/m/0bt9lr","[""/m/05tny_"", ""/m/0bt9lr"", ""/m/068hy"", ""/m/0jbk""]","dog_bark","[""Domestic_animals_and_pets"", ""Animal"", ""dog_bark"", ""Bark""]","zenodo/372525.wav","zenodo"
"4910.wav","/m/0bt9lr","[""/m/05tny_"", ""/m/0bt9lr"", ""/m/068hy"", ""/m/0jbk""]","dog_bark","[""Domestic_animals_and_pets"", ""Animal"", ""dog_bark"", ""Bark""]","zenodo/4910.wav","zenodo"
"372526.wav","/m/0bt9lr","[""/m/05tny_"", ""/m/0bt9lr"", ""/m/068hy"", ""/m/0jbk""]","dog_bark","[""Domestic_animals_and_pets"", ""Animal"", ""dog_bark"", ""Bark""]","zenodo/372526.wav","zenodo"
"4912.wav","/m/0bt9lr","[""/m/05tny_"", ""/m/0bt9lr"", ""/m/068hy"", ""/m/0jbk""]","dog_bark","[""Domestic_animals_and_pets"", ""Animal"", ""dog_bark"", ""Bark""]","zenodo/4912.wav","zenodo"
"372527.wav","/m/0bt9lr","[""/m/05tny_"", ""/m/0bt9lr"", ""/m/068hy"", ""/m/0jbk""]","dog_bark","[""Domestic_animals_and_pets"", ""Animal"", ""dog_bark"", ""Bark""]","zenodo/372527.wav","zenodo"
"372529.wav","/m/0bt9lr","[""/m/05tny_"", ""/m/0bt9lr"", ""/m/068hy"", ""/m/0jbk""]","dog_bark","[""Domestic_animals_and_pets"", ""Animal"", ""dog_bark"", ""Bark""]","zenodo/372529.wav","zenodo"
"372530.wav","/m/0bt9lr","[""/m/05tny_"", ""/m/0bt9lr"", ""/m/068hy"", ""/m/0jbk""]","dog_bark","[""Domestic_animals_and_pets"", ""Animal"", ""dog_bark"", ""Bark""]","zenodo/372530.wav","zenodo"
"47926.wav","/m/0bt9lr","[""/m/05tny_"", ""/m/0bt9lr"", ""/m/068hy"", ""/m/0jbk""]","dog_bark","[""Domestic_animals_and_pets"", ""Animal"", ""dog_bark"", ""Bark""]","zenodo/47926.wav","zenodo"
"420449.wav","/m/0bt9lr","[""/m/05tny_"", ""/m/0bt9lr"", ""/m/068hy"", ""/m/0jbk""]","dog_bark","[""Domestic_animals_and_pets"", ""Animal"", ""dog_bark"", ""Bark""]","zenodo/420449.wav","zenodo"
"387683.wav","/m/0bt9lr","[""/m/05tny_"", ""/m/0bt9lr"", ""/m/068hy"", ""/m/0jbk""]","dog_bark","[""Domestic_animals_and_pets"", ""Animal"", ""dog_bark"", ""Bark""]","zenodo/387683.wav","zenodo"
"420451.wav","/m/0bt9lr","[""/m/05tny_"", ""/m/0bt9lr"", ""/m/068hy"", ""/m/0jbk""]","dog_bark","[""Domestic_animals_and_pets"", ""Animal"", ""dog_bark"", ""Bark""]","zenodo/420451.wav","zenodo"
"387685.wav","/m/0bt9lr","[""/m/05tny_"", ""/m/0bt9lr"", ""/m/068hy"", ""/m/0jbk""]","dog_bark","[""Domestic_animals_and_pets"", ""Animal"", ""dog_bark"", ""Bark""]","zenodo/387685.wav","zenodo"
"180052.wav","/m/0bt9lr","[""/m/05tny_"", ""/m/0bt9lr"", ""/m/068hy"", ""/m/0jbk""]","dog_bark","[""Domestic_animals_and_pets"", ""Animal"", ""dog_bark"", ""Bark""]","zenodo/180052.wav","zenodo"
"72538.wav","/m/0bt9lr","[""/m/05tny_"", ""/m/0bt9lr"", ""/m/068hy"", ""/m/0jbk""]","dog_bark","[""Domestic_animals_and_pets"", ""Animal"", ""dog_bark"", ""Bark""]","zenodo/72538.wav","zenodo"
"325466.wav","/m/0bt9lr","[""/m/05tny_"", ""/m/0bt9lr"", ""/m/068hy"", ""/m/0jbk""]","dog_bark","[""Domestic_animals_and_pets"", ""Animal"", ""dog_bark"", ""Bark""]","zenodo/325466.wav","zenodo"
"387688.wav","/m/0bt9lr","[""/m/05tny_"", ""/m/0bt9lr"", ""/m/068hy"", ""/m/0jbk""]","dog_bark","[""Domestic_animals_and_pets"", ""Animal"", ""dog_bark"", ""Bark""]","zenodo/387688.wav","zenodo"
"372571.wav","/m/0bt9lr","[""/m/05tny_"", ""/m/0bt9lr"", ""/m/068hy"", ""/m/0jbk""]","dog_bark","[""Domestic_animals_and_pets"", ""Animal"", ""dog_bark"", ""Bark""]","zenodo/372571.wav","zenodo"
"325469.wav","/m/0bt9lr","[""/m/05tny_"", ""/m/0bt9lr"", ""/m/068hy"", ""/m/0jbk""]","dog_bark","[""Domestic_animals_and_pets"", ""Animal"", ""dog_bark"", ""Bark""]","zenodo/325469.wav","zenodo"
"325470.wav","/m/0bt9lr","[""/m/05tny_"", ""/m/0bt9lr"", ""/m/068hy"", ""/m/0jbk""]","dog_bark","[""Domestic_animals_and_pets"", ""Animal"", ""dog_bark"", ""Bark""]","zenodo/325470.wav","zenodo"
"239456.wav","/m/0bt9lr","[""/m/05tny_"", ""/m/0bt9lr"", ""/m/068hy"", ""/m/0jbk""]","dog_bark","[""Domestic_animals_and_pets"", ""Animal"", ""dog_bark"", ""Bark""]","zenodo/239456.wav","zenodo"
"325473.wav","/m/0bt9lr","[""/m/05tny_"", ""/m/0bt9lr"", ""/m/068hy"", ""/m/0jbk""]","dog_bark","[""Domestic_animals_and_pets"", ""Animal"", ""dog_bark"", ""Bark""]","zenodo/325473.wav","zenodo"
"325474.wav","/m/0bt9lr","[""/m/05tny_"", ""/m/0bt9lr"", ""/m/068hy"", ""/m/0jbk""]","dog_bark","[""Domestic_animals_and_pets"", ""Animal"", ""dog_bark"", ""Bark""]","zenodo/325474.wav","zenodo"
"387690.wav","/m/0bt9lr","[""/m/05tny_"", ""/m/0bt9lr"", ""/m/068hy"", ""/m/0jbk""]","dog_bark","[""Domestic_animals_and_pets"", ""Animal"", ""dog_bark"", ""Bark""]","zenodo/387690.wav","zenodo"
"381799.wav","/m/0bt9lr","[""/m/05tny_"", ""/m/0bt9lr"", ""/m/068hy"", ""/m/0jbk""]","dog_bark","[""Domestic_animals_and_pets"", ""Animal"", ""dog_bark"", ""Bark""]","zenodo/381799.wav","zenodo"
"325479.wav","/m/0bt9lr","[""/m/05tny_"", ""/m/0bt9lr"", ""/m/068hy"", ""/m/0jbk""]","dog_bark","[""Domestic_animals_and_pets"", ""Animal"", ""dog_bark"", ""Bark""]","zenodo/325479.wav","zenodo"
"33641.wav","/m/0bt9lr","[""/m/05tny_"", ""/m/0ch8v"", ""/m/0bt9lr"", ""/m/068hy"", ""/m/0jbk""]","dog_bark","[""Domestic_animals_and_pets"", ""Livestock_and_farm_animals_and_working_animals"", ""dog_bark"", ""Animal"", ""Bark""]","zenodo/33641.wav","zenodo"
"413544.wav","/m/0bt9lr","[""/m/05tny_"", ""/m/0bt9lr"", ""/m/068hy"", ""/m/0jbk""]","dog_bark","[""Domestic_animals_and_pets"", ""Animal"", ""dog_bark"", ""Bark""]","zenodo/413544.wav","zenodo"
"325481.wav","/m/0bt9lr","[""/m/05tny_"", ""/m/0bt9lr"", ""/m/068hy"", ""/m/0jbk""]","dog_bark","[""Domestic_animals_and_pets"", ""Animal"", ""dog_bark"", ""Bark""]","zenodo/325481.wav","zenodo"
"77674.wav","/m/0bt9lr","[""/m/05tny_"", ""/m/0bt9lr"", ""/m/068hy"", ""/m/0jbk""]","dog_bark","[""Domestic_animals_and_pets"", ""Animal"", ""dog_bark"", ""Bark""]","zenodo/77674.wav","zenodo"
"193394.wav","/m/0bt9lr","[""/m/05tny_"", ""/m/0bt9lr"", ""/m/068hy"", ""/m/0jbk""]","dog_bark","[""Domestic_animals_and_pets"", ""Animal"", ""dog_bark"", ""Bark""]","zenodo/193394.wav","zenodo"
"62048.wav","/m/0bt9lr","[""/m/05tny_"", ""/m/0bt9lr"", ""/m/068hy"", ""/m/0jbk""]","dog_bark","[""Domestic_animals_and_pets"", ""Animal"", ""dog_bark"", ""Bark""]","zenodo/62048.wav","zenodo"
"268019.wav","/m/0bt9lr","[""/m/05tny_"", ""/m/0ghcn6"", ""/m/04s8yn"", ""/m/0bt9lr"", ""/m/068hy"", ""/m/0jbk"", ""/m/015p6"", ""/m/01280g""]","dog_bark","[""Domestic_animals_and_pets"", ""dog_bark"", ""Growling"", ""Animal"", ""Wild_animals"", ""Crow"", ""Bird"", ""Bark""]","zenodo/268019.wav","zenodo"
"128891.wav","/m/0bt9lr","[""/m/05tny_"", ""/m/0bt9lr"", ""/m/068hy"", ""/m/0jbk""]","dog_bark","[""Domestic_animals_and_pets"", ""Animal"", ""dog_bark"", ""Bark""]","zenodo/128891.wav","zenodo"
"72579.wav","/m/0bt9lr","[""/m/05tny_"", ""/m/0bt9lr"", ""/m/068hy"", ""/m/0jbk""]","dog_bark","[""Domestic_animals_and_pets"", ""Animal"", ""dog_bark"", ""Bark""]","zenodo/72579.wav","zenodo"
"7913.wav","/m/0bt9lr","[""/m/05tny_"", ""/m/0bt9lr"", ""/m/068hy"", ""/m/0jbk""]","dog_bark","[""Domestic_animals_and_pets"", ""Animal"", ""dog_bark"", ""Bark""]","zenodo/7913.wav","zenodo"
"351876.wav","/m/0bt9lr","[""/m/05tny_"", ""/m/0bt9lr"", ""/m/068hy"", ""/m/0jbk""]","dog_bark","[""Domestic_animals_and_pets"", ""Animal"", ""dog_bark"", ""Bark""]","zenodo/351876.wav","zenodo"
"179096.wav","/m/0bt9lr","[""/m/05tny_"", ""/m/0bt9lr"", ""/m/068hy"", ""/m/0jbk""]","dog_bark","[""Domestic_animals_and_pets"", ""Animal"", ""dog_bark"", ""Bark""]","zenodo/179096.wav","zenodo"
"245666.wav","/m/0bt9lr","[""/m/05tny_"", ""/m/07rkbfh"", ""/m/07pggtn"", ""/m/0ch8v"", ""/m/0bt9lr"", ""/m/068hy"", ""/m/0jbk"", ""/t/dd00012"", ""/m/020bb7"", ""/m/015p6"", ""/m/01280g""]","dog_bark","[""Domestic_animals_and_pets"", ""Human_group_actions"", ""Livestock_and_farm_animals_and_working_animals"", ""dog_bark"", ""Animal"", ""Wild_animals"", ""Bird_vocalization_and_bird_call_and_bird_song"", ""Chirp_and_tweet"", ""Chatter"", ""Bird"", ""Bark""]","zenodo/245666.wav","zenodo"
"116400.wav","/m/0bt9lr","[""/m/05tny_"", ""/m/0bt9lr"", ""/m/068hy"", ""/m/0jbk""]","dog_bark","[""Domestic_animals_and_pets"", ""Animal"", ""dog_bark"", ""Bark""]","zenodo/116400.wav","zenodo"
"97193.wav","/m/0bt9lr","[""/m/05tny_"", ""/m/0ghcn6"", ""/m/0bt9lr"", ""/m/068hy"", ""/m/0jbk""]","dog_bark","[""Domestic_animals_and_pets"", ""dog_bark"", ""Growling"", ""Animal"", ""Bark""]","zenodo/97193.wav","zenodo"
"410555.wav","/m/0bt9lr","[""/m/05tny_"", ""/m/0bt9lr"", ""/m/068hy"", ""/m/0jbk""]","dog_bark","[""Domestic_animals_and_pets"", ""Animal"", ""dog_bark"", ""Bark""]","zenodo/410555.wav","zenodo"
"178118.wav","/m/0bt9lr","[""/m/05tny_"", ""/m/0bt9lr"", ""/m/068hy"", ""/m/0jbk""]","dog_bark","[""Domestic_animals_and_pets"", ""Animal"", ""dog_bark"", ""Bark""]","zenodo/178118.wav","zenodo"
"351182.wav","/m/0bt9lr","[""/m/05tny_"", ""/m/09xqv"", ""/m/0bt9lr"", ""/m/068hy"", ""/m/0jbk"", ""/m/03vt0"", ""/m/01280g""]","dog_bark","[""Cricket"", ""Domestic_animals_and_pets"", ""Insect"", ""dog_bark"", ""Animal"", ""Wild_animals"", ""Bark""]","zenodo/351182.wav","zenodo"
"98262.wav","/m/0bt9lr","[""/m/05tny_"", ""/m/0bt9lr"", ""/m/068hy"", ""/m/0jbk""]","dog_bark","[""Domestic_animals_and_pets"", ""Animal"", ""dog_bark"", ""Bark""]","zenodo/98262.wav","zenodo"
"360411.wav","/m/0bt9lr","[""/m/05tny_"", ""/m/0bt9lr"", ""/m/068hy"", ""/m/0jbk""]","dog_bark","[""Domestic_animals_and_pets"", ""Animal"", ""dog_bark"", ""Bark""]","zenodo/360411.wav","zenodo"
"28284.wav","/m/0bt9lr","[""/m/05tny_"", ""/m/0bt9lr"", ""/m/06mb1"", ""/m/068hy"", ""/m/0jbk"", ""/m/0838f""]","dog_bark","[""Rain"", ""Domestic_animals_and_pets"", ""dog_bark"", ""Animal"", ""Water"", ""Bark""]","zenodo/28284.wav","zenodo"
"157322.wav","/m/0bt9lr","[""/m/05tny_"", ""/m/0bt9lr"", ""/m/068hy"", ""/m/0jbk""]","dog_bark","[""Domestic_animals_and_pets"", ""Animal"", ""dog_bark"", ""Bark""]","zenodo/157322.wav","zenodo"
"130030.wav","/m/0bt9lr","[""/m/05tny_"", ""/m/0bt9lr"", ""/m/068hy"", ""/m/0jbk""]","dog_bark","[""Domestic_animals_and_pets"", ""Animal"", ""dog_bark"", ""Bark""]","zenodo/130030.wav","zenodo"
"369648.wav","/m/0bt9lr","[""/m/05tny_"", ""/m/0bt9lr"", ""/m/068hy"", ""/m/0jbk""]","dog_bark","[""Domestic_animals_and_pets"", ""Animal"", ""dog_bark"", ""Bark""]","zenodo/369648.wav","zenodo"
"257585.wav","/m/0bt9lr","[""/m/05tny_"", ""/m/07p7b8y"", ""/m/07pqc89"", ""/m/0bt9lr"", ""/m/068hy"", ""/m/0jbk"", ""/m/04k94"", ""/m/07prgkl""]","dog_bark","[""Domestic_animals_and_pets"", ""dog_bark"", ""Fill_(with_liquid)"", ""Animal"", ""Liquid"", ""Pour"", ""Trickle_and_dribble"", ""Bark""]","zenodo/257585.wav","zenodo"
"146343.wav","/m/0bt9lr","[""/m/05tny_"", ""/m/0bt9lr"", ""/m/068hy"", ""/m/0jbk""]","dog_bark","[""Domestic_animals_and_pets"", ""Animal"", ""dog_bark"", ""Bark""]","zenodo/146343.wav","zenodo"
"327138.wav","/m/0bt9lr","[""/m/05tny_"", ""/m/0bt9lr"", ""/m/068hy"", ""/m/0jbk""]","dog_bark","[""Domestic_animals_and_pets"", ""Animal"", ""dog_bark"", ""Bark""]","zenodo/327138.wav","zenodo"
"266603.wav","/m/0bt9lr","[""/m/05tny_"", ""/m/0bt9lr"", ""/m/068hy"", ""/m/0jbk""]","dog_bark","[""Domestic_animals_and_pets"", ""Animal"", ""dog_bark"", ""Bark""]","zenodo/266603.wav","zenodo"
"232271.wav","/m/0bt9lr","[""/m/05tny_"", ""/m/07q2z82"", ""/m/0k4j"", ""/m/0bt9lr"", ""/m/068hy"", ""/m/0jbk"", ""/m/012f08"", ""/m/07yv9"", ""/m/02mk9""]","dog_bark","[""Motor_vehicle_(road)"", ""Domestic_animals_and_pets"", ""dog_bark"", ""Animal"", ""Car"", ""Vehicle"", ""Accelerating_and_revving_and_vroom"", ""engine"", ""Bark""]","zenodo/232271.wav","zenodo"
"167487.wav","/m/0bt9lr","[""/m/05tny_"", ""/m/07pbtc8"", ""/m/07pggtn"", ""/m/0bt9lr"", ""/m/068hy"", ""/m/0jbk"", ""/m/020bb7"", ""/m/015p6"", ""/m/01280g""]","dog_bark","[""Domestic_animals_and_pets"", ""dog_bark"", ""Bark"", ""Animal"", ""Wild_animals"", ""Bird_vocalization_and_bird_call_and_bird_song"", ""Chirp_and_tweet"", ""Bird"", ""Walk_and_footsteps""]","zenodo/167487.wav","zenodo"
"4201.wav","/m/0bt9lr","[""/m/015p6"", ""/m/0bt9lr"", ""/m/01280g"", ""/m/0jbk"", ""/m/068hy""]","dog_bark","[""Domestic_animals_and_pets"", ""dog_bark"", ""Animal"", ""Wild_animals"", ""Bird""]","zenodo/4201.wav","zenodo"
"46128.wav","/m/0bt9lr","[""/m/015p6"", ""/m/0bt9lr"", ""/m/01280g"", ""/m/0jbk"", ""/m/068hy""]","dog_bark","[""Domestic_animals_and_pets"", ""dog_bark"", ""Animal"", ""Wild_animals"", ""Bird""]","zenodo/46128.wav","zenodo"
"99767.wav","/m/0bt9lr","[""/m/015p6"", ""/m/0bt9lr"", ""/m/01280g"", ""/m/0jbk"", ""/m/068hy""]","dog_bark","[""Domestic_animals_and_pets"", ""dog_bark"", ""Animal"", ""Wild_animals"", ""Bird""]","zenodo/99767.wav","zenodo"
"116220.wav","/m/0btp2","[""/m/0btp2"", ""/m/015p6"", ""/m/01280g"", ""/m/0jbk"", ""/m/012f08"", ""/m/07yv9""]","traffic_noise","[""Motor_vehicle_(road)"", ""Animal"", ""Wild_animals"", ""Vehicle"", ""traffic_noise"", ""Bird""]","zenodo/116220.wav","zenodo"
"159726.wav","/m/0bt9lr","[""/m/015p6"", ""/m/0bt9lr"", ""/m/01280g"", ""/m/0jbk"", ""/m/068hy""]","dog_bark","[""Domestic_animals_and_pets"", ""dog_bark"", ""Animal"", ""Wild_animals"", ""Bird""]","zenodo/159726.wav","zenodo"
"264436.wav","/m/02mk9","[""/m/07pggtn"", ""/t/dd00134"", ""/m/0btp2"", ""/m/015p6"", ""/m/02mk9"", ""/m/01280g"", ""/m/0jbk"", ""/m/020bb7"", ""/m/0k4j"", ""/m/012f08"", ""/m/07yv9""]","engine","[""Motor_vehicle_(road)"", ""Animal"", ""Wild_animals"", ""Bird_vocalization_and_bird_call_and_bird_song"", ""Car"", ""Car_passing_by"", ""Chirp_and_tweet"", ""Vehicle"", ""traffic_noise"", ""Bird"", ""engine""]","zenodo/264436.wav","zenodo"
"236322.wav","/m/01d380","[""/m/01d380"", ""/m/0_ksk"", ""/m/07k1x""]","drilling","[""Power_tool"", ""drilling"", ""Tools""]","zenodo/236322.wav","zenodo"
"236324.wav","/m/01d380","[""/m/01d380"", ""/m/0_ksk"", ""/m/07k1x""]","drilling","[""Power_tool"", ""drilling"", ""Tools""]","zenodo/236324.wav","zenodo"
"147019.wav","/m/01d380","[""/m/01d380"", ""/m/0_ksk"", ""/m/07k1x""]","drilling","[""Power_tool"", ""drilling"", ""Tools""]","zenodo/147019.wav","zenodo"
"212396.wav","/m/01d380","[""/m/01d380"", ""/m/0_ksk"", ""/m/07k1x""]","drilling","[""Power_tool"", ""drilling"", ""Tools""]","zenodo/212396.wav","zenodo"
"89099.wav","/m/01d380","[""/m/01d380"", ""/m/0_ksk"", ""/m/07k1x""]","drilling","[""Power_tool"", ""drilling"", ""Tools""]","zenodo/89099.wav","zenodo"
"405504.wav","/m/032s66","[""/m/032s66"", ""/m/014zdl""]","gun_shot","[""Explosion"", ""gun_shot""]","zenodo/405504.wav","zenodo"
"67585.wav","/m/032s66","[""/m/032s66"", ""/m/014zdl""]","gun_shot","[""Explosion"", ""gun_shot""]","zenodo/67585.wav","zenodo"
"178180.wav","/m/032s66","[""/m/032s66"", ""/m/014zdl""]","gun_shot","[""Explosion"", ""gun_shot""]","zenodo/178180.wav","zenodo"
"155654.wav","/m/032s66","[""/m/032s66"", ""/m/014zdl""]","gun_shot","[""Explosion"", ""gun_shot""]","zenodo/155654.wav","zenodo"
"67593.wav","/m/032s66","[""/m/032s66"", ""/m/014zdl""]","gun_shot","[""Explosion"", ""gun_shot""]","zenodo/67593.wav","zenodo"
"40971.wav","/m/032s66","[""/m/032s66"", ""/m/0g6b5"", ""/m/014zdl""]","gun_shot","[""Explosion"", ""gun_shot"", ""Fireworks""]","zenodo/40971.wav","zenodo"
"391180.wav","/m/032s66","[""/m/032s66"", ""/m/014zdl""]","gun_shot","[""Explosion"", ""gun_shot""]","zenodo/391180.wav","zenodo"
"67576.wav","/m/032s66","[""/m/032s66"", ""/m/014zdl""]","gun_shot","[""Explosion"", ""gun_shot""]","zenodo/67576.wav","zenodo"
"32799.wav","/m/032s66","[""/m/032s66"", ""/m/014zdl""]","gun_shot","[""Explosion"", ""gun_shot""]","zenodo/32799.wav","zenodo"
"350264.wav","/m/032s66","[""/m/032s66"", ""/m/014zdl""]","gun_shot","[""Explosion"", ""gun_shot""]","zenodo/350264.wav","zenodo"
"32841.wav","/m/032s66","[""/m/032s66"", ""/m/014zdl""]","gun_shot","[""Explosion"", ""gun_shot""]","zenodo/32841.wav","zenodo"
"32842.wav","/m/032s66","[""/m/032s66"", ""/m/014zdl""]","gun_shot","[""Explosion"", ""gun_shot""]","zenodo/32842.wav","zenodo"
"368736.wav","/m/032s66","[""/m/032s66"", ""/m/014zdl""]","gun_shot","[""Explosion"", ""gun_shot""]","zenodo/368736.wav","zenodo"
"184418.wav","/m/032s66","[""/m/032s66"", ""/m/014zdl""]","gun_shot","[""Explosion"", ""gun_shot""]","zenodo/184418.wav","zenodo"
"157799.wav","/m/032s66","[""/m/032s66"", ""/m/014zdl""]","gun_shot","[""Explosion"", ""gun_shot""]","zenodo/157799.wav","zenodo"
"157800.wav","/m/032s66","[""/m/032s66"", ""/m/014zdl""]","gun_shot","[""Explosion"", ""gun_shot""]","zenodo/157800.wav","zenodo"
"157801.wav","/m/032s66","[""/m/032s66"", ""/m/014zdl""]","gun_shot","[""Explosion"", ""gun_shot""]","zenodo/157801.wav","zenodo"
"100465.wav","/m/032s66","[""/m/032s66"", ""/m/014zdl""]","gun_shot","[""Explosion"", ""gun_shot""]","zenodo/100465.wav","zenodo"
"96376.wav","/m/032s66","[""/m/032s66"", ""/m/07k1x"", ""/m/014zdl""]","gun_shot","[""Explosion"", ""gun_shot"", ""Tools""]","zenodo/96376.wav","zenodo"
"155790.wav","/m/032s66","[""/m/032s66"", ""/m/014zdl""]","gun_shot","[""Explosion"", ""gun_shot""]","zenodo/155790.wav","zenodo"
"182429.wav","/m/032s66","[""/m/032s66"", ""/m/07qqyl4"", ""/m/014zdl""]","gun_shot","[""Explosion"", ""gun_shot"", ""Boom""]","zenodo/182429.wav","zenodo"
"182431.wav","/m/032s66","[""/m/032s66"", ""/m/014zdl""]","gun_shot","[""Explosion"", ""gun_shot""]","zenodo/182431.wav","zenodo"
"391328.wav","/m/032s66","[""/m/032s66"", ""/m/014zdl""]","gun_shot","[""Explosion"", ""gun_shot""]","zenodo/391328.wav","zenodo"
"182435.wav","/m/032s66","[""/m/032s66"", ""/m/014zdl""]","gun_shot","[""Explosion"", ""gun_shot""]","zenodo/182435.wav","zenodo"
"368805.wav","/m/032s66","[""/m/032s66"", ""/m/014zdl""]","gun_shot","[""Explosion"", ""gun_shot""]","zenodo/368805.wav","zenodo"
"145580.wav","/m/032s66","[""/m/032s66"", ""/m/014zdl""]","gun_shot","[""Explosion"", ""gun_shot""]","zenodo/145580.wav","zenodo"
"161968.wav","/m/032s66","[""/m/032s66"", ""/m/014zdl""]","gun_shot","[""Explosion"", ""gun_shot""]","zenodo/161968.wav","zenodo"
"161969.wav","/m/032s66","[""/m/032s66"", ""/m/014zdl""]","gun_shot","[""Explosion"", ""gun_shot""]","zenodo/161969.wav","zenodo"
"161970.wav","/m/032s66","[""/m/032s66"", ""/m/014zdl""]","gun_shot","[""Explosion"", ""gun_shot""]","zenodo/161970.wav","zenodo"
"164020.wav","/m/032s66","[""/m/032s66"", ""/m/014zdl""]","gun_shot","[""Explosion"", ""gun_shot""]","zenodo/164020.wav","zenodo"
"166076.wav","/m/032s66","[""/m/032s66"", ""/m/014zdl""]","gun_shot","[""Explosion"", ""gun_shot""]","zenodo/166076.wav","zenodo"
"145609.wav","/m/032s66","[""/m/032s66"", ""/m/014zdl""]","gun_shot","[""Explosion"", ""gun_shot""]","zenodo/145609.wav","zenodo"
"205011.wav","/m/032s66","[""/m/032s66"", ""/m/014zdl""]","gun_shot","[""Explosion"", ""gun_shot""]","zenodo/205011.wav","zenodo"
"65752.wav","/m/032s66","[""/m/032s66"", ""/m/014zdl""]","gun_shot","[""Explosion"", ""gun_shot""]","zenodo/65752.wav","zenodo"
"432366.wav","/m/032s66","[""/m/032s66"", ""/m/014zdl""]","gun_shot","[""Explosion"", ""gun_shot""]","zenodo/432366.wav","zenodo"
"387336.wav","/m/032s66","[""/m/032s66"", ""/m/014zdl""]","gun_shot","[""Explosion"", ""gun_shot""]","zenodo/387336.wav","zenodo"
"387337.wav","/m/032s66","[""/m/032s66"", ""/m/014zdl""]","gun_shot","[""Explosion"", ""gun_shot""]","zenodo/387337.wav","zenodo"
"221451.wav","/m/032s66","[""/m/032s66"", ""/m/014zdl""]","gun_shot","[""Explosion"", ""gun_shot""]","zenodo/221451.wav","zenodo"
"51470.wav","/m/032s66","[""/m/032s66"", ""/m/014zdl""]","gun_shot","[""Explosion"", ""gun_shot""]","zenodo/51470.wav","zenodo"
"221455.wav","/m/032s66","[""/m/032s66"", ""/m/014zdl""]","gun_shot","[""Explosion"", ""gun_shot""]","zenodo/221455.wav","zenodo"
"221457.wav","/m/032s66","[""/m/032s66"", ""/m/014zdl""]","gun_shot","[""Explosion"", ""gun_shot""]","zenodo/221457.wav","zenodo"
"198952.wav","/m/032s66","[""/m/032s66"", ""/m/014zdl""]","gun_shot","[""Explosion"", ""gun_shot""]","zenodo/198952.wav","zenodo"
"166192.wav","/m/032s66","[""/m/032s66"", ""/m/014zdl""]","gun_shot","[""Explosion"", ""gun_shot""]","zenodo/166192.wav","zenodo"
"219455.wav","/m/032s66","[""/m/032s66"", ""/m/014zdl""]","gun_shot","[""Explosion"", ""gun_shot""]","zenodo/219455.wav","zenodo"
"219457.wav","/m/032s66","[""/m/032s66"", ""/m/014zdl""]","gun_shot","[""Explosion"", ""gun_shot""]","zenodo/219457.wav","zenodo"
"184651.wav","/m/032s66","[""/m/032s66"", ""/m/014zdl""]","gun_shot","[""Explosion"", ""gun_shot""]","zenodo/184651.wav","zenodo"
"231765.wav","/m/032s66","[""/m/032s66"", ""/m/07qqyl4"", ""/m/014zdl""]","gun_shot","[""Explosion"", ""gun_shot"", ""Boom""]","zenodo/231765.wav","zenodo"
"397657.wav","/m/032s66","[""/m/032s66"", ""/m/014zdl""]","gun_shot","[""Explosion"", ""gun_shot""]","zenodo/397657.wav","zenodo"
"371041.wav","/m/032s66","[""/m/032s66"", ""/m/014zdl""]","gun_shot","[""Explosion"", ""gun_shot""]","zenodo/371041.wav","zenodo"
"49512.wav","/m/032s66","[""/m/032s66"", ""/m/014zdl""]","gun_shot","[""Explosion"", ""gun_shot""]","zenodo/49512.wav","zenodo"
"49513.wav","/m/032s66","[""/m/032s66"", ""/m/014zdl""]","gun_shot","[""Explosion"", ""gun_shot""]","zenodo/49513.wav","zenodo"
"96630.wav","/m/032s66","[""/m/032s66"", ""/m/014zdl""]","gun_shot","[""Explosion"", ""gun_shot""]","zenodo/96630.wav","zenodo"
"96635.wav","/m/032s66","[""/m/032s66"", ""/m/014zdl""]","gun_shot","[""Explosion"", ""gun_shot""]","zenodo/96635.wav","zenodo"
"96636.wav","/m/032s66","[""/m/032s66"", ""/m/014zdl""]","gun_shot","[""Explosion"", ""gun_shot""]","zenodo/96636.wav","zenodo"
"387477.wav","/m/032s66","[""/m/032s66"", ""/m/014zdl""]","gun_shot","[""Explosion"", ""gun_shot""]","zenodo/387477.wav","zenodo"
"346537.wav","/m/032s66","[""/m/032s66"", ""/m/014zdl""]","gun_shot","[""Explosion"", ""gun_shot""]","zenodo/346537.wav","zenodo"
"364976.wav","/m/032s66","[""/m/032s66"", ""/m/014zdl""]","gun_shot","[""Explosion"", ""gun_shot""]","zenodo/364976.wav","zenodo"
"98748.wav","/m/032s66","[""/m/032s66"", ""/m/014zdl""]","gun_shot","[""Explosion"", ""gun_shot""]","zenodo/98748.wav","zenodo"
"147901.wav","/m/032s66","[""/m/032s66"", ""/m/014zdl""]","gun_shot","[""Explosion"", ""gun_shot""]","zenodo/147901.wav","zenodo"
"221640.wav","/m/032s66","[""/m/032s66"", ""/m/014zdl""]","gun_shot","[""Explosion"", ""gun_shot""]","zenodo/221640.wav","zenodo"
"25037.wav","/m/032s66","[""/m/032s66"", ""/m/014zdl""]","gun_shot","[""Explosion"", ""gun_shot""]","zenodo/25037.wav","zenodo"
"25038.wav","/m/032s66","[""/m/032s66"", ""/m/014zdl""]","gun_shot","[""Explosion"", ""gun_shot""]","zenodo/25038.wav","zenodo"
"162258.wav","/m/032s66","[""/m/032s66"", ""/m/014zdl""]","gun_shot","[""Explosion"", ""gun_shot""]","zenodo/162258.wav","zenodo"
"315858.wav","/m/032s66","[""/m/032s66"", ""/m/014zdl""]","gun_shot","[""Explosion"", ""gun_shot""]","zenodo/315858.wav","zenodo"
"371158.wav","/m/032s66","[""/m/032s66"", ""/m/014zdl""]","gun_shot","[""Explosion"", ""gun_shot""]","zenodo/371158.wav","zenodo"
"162262.wav","/m/032s66","[""/m/032s66"", ""/m/014zdl""]","gun_shot","[""Explosion"", ""gun_shot""]","zenodo/162262.wav","zenodo"
"162263.wav","/m/032s66","[""/m/032s66"", ""/m/014zdl""]","gun_shot","[""Explosion"", ""gun_shot""]","zenodo/162263.wav","zenodo"
"369124.wav","/m/032s66","[""/m/032s66"", ""/m/014zdl""]","gun_shot","[""Explosion"", ""gun_shot""]","zenodo/369124.wav","zenodo"
"369126.wav","/m/032s66","[""/m/032s66"", ""/m/014zdl""]","gun_shot","[""Explosion"", ""gun_shot""]","zenodo/369126.wav","zenodo"
"348663.wav","/m/032s66","[""/m/032s66"", ""/m/014zdl""]","gun_shot","[""Explosion"", ""gun_shot""]","zenodo/348663.wav","zenodo"
"348664.wav","/m/032s66","[""/m/032s66"", ""/m/014zdl""]","gun_shot","[""Explosion"", ""gun_shot""]","zenodo/348664.wav","zenodo"
"348665.wav","/m/032s66","[""/m/032s66"", ""/m/014zdl""]","gun_shot","[""Explosion"", ""gun_shot""]","zenodo/348665.wav","zenodo"
"348666.wav","/m/032s66","[""/m/032s66"", ""/m/014zdl""]","gun_shot","[""Explosion"", ""gun_shot""]","zenodo/348666.wav","zenodo"
"348670.wav","/m/032s66","[""/m/032s66"", ""/m/014zdl""]","gun_shot","[""Explosion"", ""gun_shot""]","zenodo/348670.wav","zenodo"
"348671.wav","/m/032s66","[""/m/032s66"", ""/m/014zdl""]","gun_shot","[""Explosion"", ""gun_shot""]","zenodo/348671.wav","zenodo"
"182790.wav","/m/032s66","[""/m/032s66"", ""/m/014zdl""]","gun_shot","[""Explosion"", ""gun_shot""]","zenodo/182790.wav","zenodo"
"348685.wav","/m/032s66","[""/m/032s66"", ""/m/014zdl""]","gun_shot","[""Explosion"", ""gun_shot""]","zenodo/348685.wav","zenodo"
"395789.wav","/m/032s66","[""/m/032s66"", ""/m/014zdl""]","gun_shot","[""Explosion"", ""gun_shot""]","zenodo/395789.wav","zenodo"
"182806.wav","/m/032s66","[""/m/032s66"", ""/m/0g6b5"", ""/m/014zdl""]","gun_shot","[""Explosion"", ""gun_shot"", ""Fireworks""]","zenodo/182806.wav","zenodo"
"408099.wav","/m/032s66","[""/m/032s66"", ""/m/014zdl""]","gun_shot","[""Explosion"", ""gun_shot""]","zenodo/408099.wav","zenodo"
"51749.wav","/m/032s66","[""/m/032s66"", ""/m/014zdl""]","gun_shot","[""Explosion"", ""gun_shot""]","zenodo/51749.wav","zenodo"
"238159.wav","/m/032s66","[""/m/032s66"", ""/m/014zdl""]","gun_shot","[""Explosion"", ""gun_shot""]","zenodo/238159.wav","zenodo"
"381526.wav","/m/032s66","[""/m/032s66"", ""/m/014zdl""]","gun_shot","[""Explosion"", ""gun_shot""]","zenodo/381526.wav","zenodo"
"402010.wav","/m/032s66","[""/m/032s66"", ""/m/014zdl""]","gun_shot","[""Explosion"", ""gun_shot""]","zenodo/402010.wav","zenodo"
"402012.wav","/m/032s66","[""/m/032s66"", ""/m/014zdl""]","gun_shot","[""Explosion"", ""gun_shot""]","zenodo/402012.wav","zenodo"
"162397.wav","/m/032s66","[""/m/032s66"", ""/m/014zdl""]","gun_shot","[""Explosion"", ""gun_shot""]","zenodo/162397.wav","zenodo"
"162398.wav","/m/032s66","[""/m/032s66"", ""/m/014zdl""]","gun_shot","[""Explosion"", ""gun_shot""]","zenodo/162398.wav","zenodo"
"115295.wav","/m/032s66","[""/m/032s66"", ""/m/014zdl""]","gun_shot","[""Explosion"", ""gun_shot""]","zenodo/115295.wav","zenodo"
"162403.wav","/m/032s66","[""/m/032s66"", ""/m/014zdl""]","gun_shot","[""Explosion"", ""gun_shot""]","zenodo/162403.wav","zenodo"
"160355.wav","/m/032s66","[""/m/032s66"", ""/m/014zdl""]","gun_shot","[""Explosion"", ""gun_shot""]","zenodo/160355.wav","zenodo"
"150139.wav","/m/032s66","[""/m/032s66"", ""/m/014zdl""]","gun_shot","[""Explosion"", ""gun_shot""]","zenodo/150139.wav","zenodo"
"162431.wav","/m/032s66","[""/m/032s66"", ""/m/014zdl""]","gun_shot","[""Explosion"", ""gun_shot""]","zenodo/162431.wav","zenodo"
"381569.wav","/m/032s66","[""/m/032s66"", ""/m/014zdl""]","gun_shot","[""Explosion"", ""gun_shot""]","zenodo/381569.wav","zenodo"
"162434.wav","/m/032s66","[""/m/032s66"", ""/m/014zdl""]","gun_shot","[""Explosion"", ""gun_shot""]","zenodo/162434.wav","zenodo"
"162436.wav","/m/032s66","[""/m/032s66"", ""/m/014zdl""]","gun_shot","[""Explosion"", ""gun_shot""]","zenodo/162436.wav","zenodo"
"320135.wav","/m/032s66","[""/m/032s66"", ""/m/014zdl""]","gun_shot","[""Explosion"", ""gun_shot""]","zenodo/320135.wav","zenodo"
"320136.wav","/m/032s66","[""/m/032s66"", ""/m/014zdl""]","gun_shot","[""Explosion"", ""gun_shot""]","zenodo/320136.wav","zenodo"
"410260.wav","/m/032s66","[""/m/032s66"", ""/m/014zdl""]","gun_shot","[""Explosion"", ""gun_shot""]","zenodo/410260.wav","zenodo"
"410261.wav","/m/032s66","[""/m/032s66"", ""/m/014zdl""]","gun_shot","[""Explosion"", ""gun_shot""]","zenodo/410261.wav","zenodo"
"410262.wav","/m/032s66","[""/m/032s66"", ""/m/014zdl""]","gun_shot","[""Explosion"", ""gun_shot""]","zenodo/410262.wav","zenodo"
"162455.wav","/m/032s66","[""/m/032s66"", ""/m/014zdl""]","gun_shot","[""Explosion"", ""gun_shot""]","zenodo/162455.wav","zenodo"
"238241.wav","/m/032s66","[""/m/032s66"", ""/m/014zdl""]","gun_shot","[""Explosion"", ""gun_shot""]","zenodo/238241.wav","zenodo"
"397986.wav","/m/032s66","[""/m/032s66"", ""/m/014zdl""]","gun_shot","[""Explosion"", ""gun_shot""]","zenodo/397986.wav","zenodo"
"238243.wav","/m/032s66","[""/m/032s66"", ""/m/014zdl""]","gun_shot","[""Explosion"", ""gun_shot""]","zenodo/238243.wav","zenodo"
"238242.wav","/m/032s66","[""/m/032s66"", ""/m/014zdl""]","gun_shot","[""Explosion"", ""gun_shot""]","zenodo/238242.wav","zenodo"
"238244.wav","/m/032s66","[""/m/032s66"", ""/m/014zdl""]","gun_shot","[""Explosion"", ""gun_shot""]","zenodo/238244.wav","zenodo"
"238245.wav","/m/032s66","[""/m/032s66"", ""/m/014zdl""]","gun_shot","[""Explosion"", ""gun_shot""]","zenodo/238245.wav","zenodo"
"238247.wav","/m/032s66","[""/m/032s66"", ""/m/014zdl""]","gun_shot","[""Explosion"", ""gun_shot""]","zenodo/238247.wav","zenodo"
"238246.wav","/m/032s66","[""/m/032s66"", ""/m/014zdl""]","gun_shot","[""Explosion"", ""gun_shot""]","zenodo/238246.wav","zenodo"
"332479.wav","/m/032s66","[""/m/032s66"", ""/m/014zdl""]","gun_shot","[""Explosion"", ""gun_shot""]","zenodo/332479.wav","zenodo"
"148166.wav","/m/032s66","[""/m/032s66"", ""/m/014zdl""]","gun_shot","[""Explosion"", ""gun_shot""]","zenodo/148166.wav","zenodo"
"197322.wav","/m/032s66","[""/m/032s66"", ""/m/014zdl""]","gun_shot","[""Explosion"", ""gun_shot""]","zenodo/197322.wav","zenodo"
"217805.wav","/m/032s66","[""/m/032s66"", ""/m/014zdl""]","gun_shot","[""Explosion"", ""gun_shot""]","zenodo/217805.wav","zenodo"
"266977.wav","/m/032s66","[""/m/032s66"", ""/m/014zdl""]","gun_shot","[""Explosion"", ""gun_shot""]","zenodo/266977.wav","zenodo"
"180961.wav","/m/032s66","[""/m/032s66"", ""/m/014zdl""]","gun_shot","[""Explosion"", ""gun_shot""]","zenodo/180961.wav","zenodo"
"371440.wav","/m/032s66","[""/m/032s66"", ""/m/014zdl""]","gun_shot","[""Explosion"", ""gun_shot""]","zenodo/371440.wav","zenodo"
"369395.wav","/m/032s66","[""/m/032s66"", ""/m/014zdl""]","gun_shot","[""Explosion"", ""gun_shot""]","zenodo/369395.wav","zenodo"
"346904.wav","/m/032s66","[""/m/032s66"", ""/m/014zdl""]","gun_shot","[""Explosion"", ""gun_shot""]","zenodo/346904.wav","zenodo"
"346905.wav","/m/032s66","[""/m/032s66"", ""/m/014zdl""]","gun_shot","[""Explosion"", ""gun_shot""]","zenodo/346905.wav","zenodo"
"215842.wav","/m/032s66","[""/m/032s66"", ""/m/014zdl""]","gun_shot","[""Explosion"", ""gun_shot""]","zenodo/215842.wav","zenodo"
"215843.wav","/m/032s66","[""/m/032s66"", ""/m/014zdl""]","gun_shot","[""Explosion"", ""gun_shot""]","zenodo/215843.wav","zenodo"
"215845.wav","/m/032s66","[""/m/032s66"", ""/m/014zdl""]","gun_shot","[""Explosion"", ""gun_shot""]","zenodo/215845.wav","zenodo"
"215846.wav","/m/032s66","[""/m/032s66"", ""/m/014zdl""]","gun_shot","[""Explosion"", ""gun_shot""]","zenodo/215846.wav","zenodo"
"164646.wav","/m/032s66","[""/m/032s66"", ""/m/014zdl""]","gun_shot","[""Explosion"", ""gun_shot""]","zenodo/164646.wav","zenodo"
"215847.wav","/m/032s66","[""/m/032s66"", ""/m/014zdl""]","gun_shot","[""Explosion"", ""gun_shot""]","zenodo/215847.wav","zenodo"
"254772.wav","/m/032s66","[""/m/032s66"", ""/m/014zdl""]","gun_shot","[""Explosion"", ""gun_shot""]","zenodo/254772.wav","zenodo"
"164666.wav","/m/032s66","[""/m/032s66"", ""/m/014zdl""]","gun_shot","[""Explosion"", ""gun_shot""]","zenodo/164666.wav","zenodo"
"164667.wav","/m/032s66","[""/m/032s66"", ""/m/014zdl""]","gun_shot","[""Explosion"", ""gun_shot""]","zenodo/164667.wav","zenodo"
"353093.wav","/m/032s66","[""/m/032s66"", ""/m/014zdl""]","gun_shot","[""Explosion"", ""gun_shot""]","zenodo/353093.wav","zenodo"
"260939.wav","/m/032s66","[""/m/032s66"", ""/m/014zdl""]","gun_shot","[""Explosion"", ""gun_shot""]","zenodo/260939.wav","zenodo"
"160590.wav","/m/032s66","[""/m/032s66"", ""/m/014zdl""]","gun_shot","[""Explosion"", ""gun_shot""]","zenodo/160590.wav","zenodo"
"90966.wav","/m/032s66","[""/m/032s66"", ""/m/014zdl""]","gun_shot","[""Explosion"", ""gun_shot""]","zenodo/90966.wav","zenodo"
"64346.wav","/m/032s66","[""/m/032s66"", ""/m/014zdl""]","gun_shot","[""Explosion"", ""gun_shot""]","zenodo/64346.wav","zenodo"
"371548.wav","/m/032s66","[""/m/032s66"", ""/m/014zdl""]","gun_shot","[""Explosion"", ""gun_shot""]","zenodo/371548.wav","zenodo"
"127846.wav","/m/032s66","[""/m/032s66"", ""/m/014zdl""]","gun_shot","[""Explosion"", ""gun_shot""]","zenodo/127846.wav","zenodo"
"369525.wav","/m/032s66","[""/m/07qcpgn"", ""/m/0l15bq"", ""/m/032s66"", ""/m/014zdl"", ""/m/0k65p""]","gun_shot","[""Hands"", ""Tap"", ""Explosion"", ""gun_shot"", ""Clapping""]","zenodo/369525.wav","zenodo"
"371575.wav","/m/032s66","[""/m/032s66"", ""/m/014zdl""]","gun_shot","[""Explosion"", ""gun_shot""]","zenodo/371575.wav","zenodo"
"369530.wav","/m/032s66","[""/m/032s66"", ""/m/014zdl""]","gun_shot","[""Explosion"", ""gun_shot""]","zenodo/369530.wav","zenodo"
"146323.wav","/m/032s66","[""/m/032s66"", ""/m/014zdl""]","gun_shot","[""Explosion"", ""gun_shot""]","zenodo/146323.wav","zenodo"
"7062.wav","/m/032s66","[""/m/032s66"", ""/m/014zdl""]","gun_shot","[""Explosion"", ""gun_shot""]","zenodo/7062.wav","zenodo"
"273303.wav","/m/032s66","[""/m/032s66"", ""/m/014zdl""]","gun_shot","[""Explosion"", ""gun_shot""]","zenodo/273303.wav","zenodo"
"201667.wav","/m/032s66","[""/m/032s66"", ""/m/014zdl""]","gun_shot","[""Explosion"", ""gun_shot""]","zenodo/201667.wav","zenodo"
"388054.wav","/m/032s66","[""/m/032s66"", ""/m/014zdl""]","gun_shot","[""Explosion"", ""gun_shot""]","zenodo/388054.wav","zenodo"
"35799.wav","/m/032s66","[""/m/032s66"", ""/m/014zdl""]","gun_shot","[""Explosion"", ""gun_shot""]","zenodo/35799.wav","zenodo"
"35800.wav","/m/032s66","[""/m/032s66"", ""/m/014zdl""]","gun_shot","[""Explosion"", ""gun_shot""]","zenodo/35800.wav","zenodo"
"191449.wav","/m/032s66","[""/m/032s66"", ""/m/014zdl""]","gun_shot","[""Explosion"", ""gun_shot""]","zenodo/191449.wav","zenodo"
"220130.wav","/m/032s66","[""/m/032s66"", ""/m/014zdl""]","gun_shot","[""Explosion"", ""gun_shot""]","zenodo/220130.wav","zenodo"
"324585.wav","/m/032s66","[""/m/032s66"", ""/m/014zdl""]","gun_shot","[""Explosion"", ""gun_shot""]","zenodo/324585.wav","zenodo"
"46063.wav","/m/032s66","[""/m/032s66"", ""/m/014zdl""]","gun_shot","[""Explosion"", ""gun_shot""]","zenodo/46063.wav","zenodo"
"396271.wav","/m/032s66","[""/m/032s66"", ""/m/014zdl""]","gun_shot","[""Explosion"", ""gun_shot""]","zenodo/396271.wav","zenodo"
"201713.wav","/m/032s66","[""/m/032s66"", ""/m/014zdl""]","gun_shot","[""Explosion"", ""gun_shot""]","zenodo/201713.wav","zenodo"
"396274.wav","/m/032s66","[""/m/032s66"", ""/m/014zdl""]","gun_shot","[""Explosion"", ""gun_shot""]","zenodo/396274.wav","zenodo"
"396276.wav","/m/032s66","[""/m/032s66"", ""/m/014zdl""]","gun_shot","[""Explosion"", ""gun_shot""]","zenodo/396276.wav","zenodo"
"160772.wav","/m/032s66","[""/m/032s66"", ""/m/014zdl""]","gun_shot","[""Explosion"", ""gun_shot""]","zenodo/160772.wav","zenodo"
"160773.wav","/m/032s66","[""/m/032s66"", ""/m/014zdl""]","gun_shot","[""Explosion"", ""gun_shot""]","zenodo/160773.wav","zenodo"
"362487.wav","/m/032s66","[""/m/032s66"", ""/m/014zdl""]","gun_shot","[""Explosion"", ""gun_shot""]","zenodo/362487.wav","zenodo"
"396316.wav","/m/032s66","[""/m/032s66"", ""/m/014zdl""]","gun_shot","[""Explosion"", ""gun_shot""]","zenodo/396316.wav","zenodo"
"349217.wav","/m/032s66","[""/m/032s66"", ""/m/014zdl""]","gun_shot","[""Explosion"", ""gun_shot""]","zenodo/349217.wav","zenodo"
"392226.wav","/m/032s66","[""/m/032s66"", ""/m/014zdl""]","gun_shot","[""Explosion"", ""gun_shot""]","zenodo/392226.wav","zenodo"
"392229.wav","/m/032s66","[""/m/032s66"", ""/m/014zdl""]","gun_shot","[""Explosion"", ""gun_shot""]","zenodo/392229.wav","zenodo"
"89147.wav","/m/032s66","[""/m/032s66"", ""/m/014zdl""]","gun_shot","[""Explosion"", ""gun_shot""]","zenodo/89147.wav","zenodo"
"164937.wav","/m/032s66","[""/m/032s66"", ""/m/014zdl""]","gun_shot","[""Explosion"", ""gun_shot""]","zenodo/164937.wav","zenodo"
"267341.wav","/m/032s66","[""/m/032s66"", ""/m/014zdl""]","gun_shot","[""Explosion"", ""gun_shot""]","zenodo/267341.wav","zenodo"
"404561.wav","/m/032s66","[""/m/032s66"", ""/m/014zdl""]","gun_shot","[""Explosion"", ""gun_shot""]","zenodo/404561.wav","zenodo"
"404562.wav","/m/032s66","[""/m/032s66"", ""/m/014zdl""]","gun_shot","[""Explosion"", ""gun_shot""]","zenodo/404562.wav","zenodo"
"238675.wav","/m/032s66","[""/m/032s66"", ""/m/014zdl""]","gun_shot","[""Explosion"", ""gun_shot""]","zenodo/238675.wav","zenodo"
"238676.wav","/m/032s66","[""/m/032s66"", ""/m/014zdl""]","gun_shot","[""Explosion"", ""gun_shot""]","zenodo/238676.wav","zenodo"
"238677.wav","/m/032s66","[""/m/032s66"", ""/m/014zdl""]","gun_shot","[""Explosion"", ""gun_shot""]","zenodo/238677.wav","zenodo"
"414827.wav","/m/032s66","[""/m/032s66"", ""/m/014zdl""]","gun_shot","[""Explosion"", ""gun_shot""]","zenodo/414827.wav","zenodo"
"369781.wav","/m/032s66","[""/m/032s66"", ""/m/014zdl""]","gun_shot","[""Explosion"", ""gun_shot""]","zenodo/369781.wav","zenodo"
"369782.wav","/m/032s66","[""/m/032s66"", ""/m/014zdl""]","gun_shot","[""Explosion"", ""gun_shot""]","zenodo/369782.wav","zenodo"
"234615.wav","/m/032s66","[""/m/032s66"", ""/m/014zdl""]","gun_shot","[""Explosion"", ""gun_shot""]","zenodo/234615.wav","zenodo"
"234616.wav","/m/032s66","[""/m/032s66"", ""/m/014zdl""]","gun_shot","[""Explosion"", ""gun_shot""]","zenodo/234616.wav","zenodo"
"234617.wav","/m/032s66","[""/m/032s66"", ""/m/014zdl""]","gun_shot","[""Explosion"", ""gun_shot""]","zenodo/234617.wav","zenodo"
"234618.wav","/m/032s66","[""/m/032s66"", ""/m/014zdl""]","gun_shot","[""Explosion"", ""gun_shot""]","zenodo/234618.wav","zenodo"
"234619.wav","/m/032s66","[""/m/032s66"", ""/m/014zdl""]","gun_shot","[""Explosion"", ""gun_shot""]","zenodo/234619.wav","zenodo"
"251004.wav","/m/032s66","[""/m/032s66"", ""/m/014zdl""]","gun_shot","[""Explosion"", ""gun_shot""]","zenodo/251004.wav","zenodo"
"187534.wav","/m/032s66","[""/m/032s66"", ""/m/014zdl""]","gun_shot","[""Explosion"", ""gun_shot""]","zenodo/187534.wav","zenodo"
"369818.wav","/m/032s66","[""/m/032s66"", ""/m/014zdl""]","gun_shot","[""Explosion"", ""gun_shot""]","zenodo/369818.wav","zenodo"
"388273.wav","/m/032s66","[""/m/032s66"", ""/m/014zdl""]","gun_shot","[""Explosion"", ""gun_shot""]","zenodo/388273.wav","zenodo"
"46263.wav","/m/032s66","[""/m/032s66"", ""/m/014zdl""]","gun_shot","[""Explosion"", ""gun_shot""]","zenodo/46263.wav","zenodo"
"103626.wav","/m/032s66","[""/m/032s66"", ""/m/014zdl""]","gun_shot","[""Explosion"", ""gun_shot""]","zenodo/103626.wav","zenodo"
"156904.wav","/m/032s66","[""/m/032s66"", ""/m/014zdl""]","gun_shot","[""Explosion"", ""gun_shot""]","zenodo/156904.wav","zenodo"
"204009.wav","/m/032s66","[""/m/032s66"", ""/m/014zdl""]","gun_shot","[""Explosion"", ""gun_shot""]","zenodo/204009.wav","zenodo"
"204010.wav","/m/032s66","[""/m/032s66"", ""/m/014zdl""]","gun_shot","[""Explosion"", ""gun_shot""]","zenodo/204010.wav","zenodo"
"255216.wav","/m/032s66","[""/m/032s66"", ""/m/014zdl""]","gun_shot","[""Explosion"", ""gun_shot""]","zenodo/255216.wav","zenodo"
"216312.wav","/m/032s66","[""/m/032s66"", ""/m/014zdl""]","gun_shot","[""Explosion"", ""gun_shot""]","zenodo/216312.wav","zenodo"
"216315.wav","/m/032s66","[""/m/032s66"", ""/m/014zdl""]","gun_shot","[""Explosion"", ""gun_shot""]","zenodo/216315.wav","zenodo"
"216317.wav","/m/032s66","[""/m/032s66"", ""/m/014zdl""]","gun_shot","[""Explosion"", ""gun_shot""]","zenodo/216317.wav","zenodo"
"216318.wav","/m/032s66","[""/m/032s66"", ""/m/014zdl""]","gun_shot","[""Explosion"", ""gun_shot""]","zenodo/216318.wav","zenodo"
"216319.wav","/m/032s66","[""/m/032s66"", ""/m/014zdl""]","gun_shot","[""Explosion"", ""gun_shot""]","zenodo/216319.wav","zenodo"
"158977.wav","/m/032s66","[""/m/032s66"", ""/m/014zdl""]","gun_shot","[""Explosion"", ""gun_shot""]","zenodo/158977.wav","zenodo"
"158978.wav","/m/032s66","[""/m/032s66"", ""/m/014zdl""]","gun_shot","[""Explosion"", ""gun_shot""]","zenodo/158978.wav","zenodo"
"228611.wav","/m/032s66","[""/m/032s66"", ""/m/014zdl""]","gun_shot","[""Explosion"", ""gun_shot""]","zenodo/228611.wav","zenodo"
"158979.wav","/m/032s66","[""/m/032s66"", ""/m/014zdl""]","gun_shot","[""Explosion"", ""gun_shot""]","zenodo/158979.wav","zenodo"
"337166.wav","/m/032s66","[""/m/032s66"", ""/m/014zdl""]","gun_shot","[""Explosion"", ""gun_shot""]","zenodo/337166.wav","zenodo"
"128293.wav","/m/032s66","[""/m/032s66"", ""/m/014zdl""]","gun_shot","[""Explosion"", ""gun_shot""]","zenodo/128293.wav","zenodo"
"128294.wav","/m/032s66","[""/m/032s66"", ""/m/014zdl""]","gun_shot","[""Explosion"", ""gun_shot""]","zenodo/128294.wav","zenodo"
"128296.wav","/m/032s66","[""/m/032s66"", ""/m/014zdl""]","gun_shot","[""Explosion"", ""gun_shot""]","zenodo/128296.wav","zenodo"
"128297.wav","/m/032s66","[""/m/032s66"", ""/m/014zdl""]","gun_shot","[""Explosion"", ""gun_shot""]","zenodo/128297.wav","zenodo"
"128298.wav","/m/032s66","[""/m/032s66"", ""/m/014zdl""]","gun_shot","[""Explosion"", ""gun_shot""]","zenodo/128298.wav","zenodo"
"128299.wav","/m/032s66","[""/m/032s66"", ""/m/014zdl""]","gun_shot","[""Explosion"", ""gun_shot""]","zenodo/128299.wav","zenodo"
"255272.wav","/m/032s66","[""/m/032s66"", ""/m/014zdl""]","gun_shot","[""Explosion"", ""gun_shot""]","zenodo/255272.wav","zenodo"
"128301.wav","/m/032s66","[""/m/032s66"", ""/m/014zdl""]","gun_shot","[""Explosion"", ""gun_shot""]","zenodo/128301.wav","zenodo"
"187702.wav","/m/032s66","[""/m/032s66"", ""/m/014zdl""]","gun_shot","[""Explosion"", ""gun_shot""]","zenodo/187702.wav","zenodo"
"404816.wav","/m/032s66","[""/m/032s66"", ""/m/014zdl""]","gun_shot","[""Explosion"", ""gun_shot""]","zenodo/404816.wav","zenodo"
"365905.wav","/m/032s66","[""/m/032s66"", ""/m/014zdl""]","gun_shot","[""Explosion"", ""gun_shot""]","zenodo/365905.wav","zenodo"
"257364.wav","/m/032s66","[""/m/032s66"", ""/m/014zdl""]","gun_shot","[""Explosion"", ""gun_shot""]","zenodo/257364.wav","zenodo"
"148828.wav","/m/032s66","[""/m/032s66"", ""/m/014zdl""]","gun_shot","[""Explosion"", ""gun_shot""]","zenodo/148828.wav","zenodo"
"148831.wav","/m/032s66","[""/m/032s66"", ""/m/014zdl""]","gun_shot","[""Explosion"", ""gun_shot""]","zenodo/148831.wav","zenodo"
"148832.wav","/m/032s66","[""/m/032s66"", ""/m/014zdl""]","gun_shot","[""Explosion"", ""gun_shot""]","zenodo/148832.wav","zenodo"
"148836.wav","/m/032s66","[""/m/032s66"", ""/m/014zdl""]","gun_shot","[""Explosion"", ""gun_shot""]","zenodo/148836.wav","zenodo"
"148837.wav","/m/032s66","[""/m/032s66"", ""/m/014zdl""]","gun_shot","[""Explosion"", ""gun_shot""]","zenodo/148837.wav","zenodo"
"148838.wav","/m/032s66","[""/m/032s66"", ""/m/014zdl""]","gun_shot","[""Explosion"", ""gun_shot""]","zenodo/148838.wav","zenodo"
"52593.wav","/m/032s66","[""/m/032s66"", ""/m/014zdl""]","gun_shot","[""Explosion"", ""gun_shot""]","zenodo/52593.wav","zenodo"
"187767.wav","/m/032s66","[""/m/032s66"", ""/m/014zdl""]","gun_shot","[""Explosion"", ""gun_shot""]","zenodo/187767.wav","zenodo"
"87457.wav","/m/032s66","[""/m/032s66"", ""/m/014zdl""]","gun_shot","[""Explosion"", ""gun_shot""]","zenodo/87457.wav","zenodo"
"161195.wav","/m/032s66","[""/m/032s66"", ""/m/014zdl""]","gun_shot","[""Explosion"", ""gun_shot""]","zenodo/161195.wav","zenodo"
"413105.wav","/m/032s66","[""/m/032s66"", ""/m/014zdl""]","gun_shot","[""Explosion"", ""gun_shot""]","zenodo/413105.wav","zenodo"
"413106.wav","/m/032s66","[""/m/032s66"", ""/m/014zdl""]","gun_shot","[""Explosion"", ""gun_shot""]","zenodo/413106.wav","zenodo"
"138679.wav","/m/032s66","[""/m/032s66"", ""/m/014zdl""]","gun_shot","[""Explosion"", ""gun_shot""]","zenodo/138679.wav","zenodo"
"413113.wav","/m/032s66","[""/m/032s66"", ""/m/014zdl""]","gun_shot","[""Explosion"", ""gun_shot""]","zenodo/413113.wav","zenodo"
"413117.wav","/m/032s66","[""/m/032s66"", ""/m/014zdl""]","gun_shot","[""Explosion"", ""gun_shot""]","zenodo/413117.wav","zenodo"
"413120.wav","/m/032s66","[""/m/032s66"", ""/m/014zdl""]","gun_shot","[""Explosion"", ""gun_shot""]","zenodo/413120.wav","zenodo"
"413122.wav","/m/032s66","[""/m/032s66"", ""/m/014zdl""]","gun_shot","[""Explosion"", ""gun_shot""]","zenodo/413122.wav","zenodo"
"220612.wav","/m/032s66","[""/m/032s66"", ""/m/014zdl""]","gun_shot","[""Explosion"", ""gun_shot""]","zenodo/220612.wav","zenodo"
"220613.wav","/m/032s66","[""/m/032s66"", ""/m/014zdl""]","gun_shot","[""Explosion"", ""gun_shot""]","zenodo/220613.wav","zenodo"
"132551.wav","/m/032s66","[""/m/032s66"", ""/m/014zdl""]","gun_shot","[""Explosion"", ""gun_shot""]","zenodo/132551.wav","zenodo"
"171475.wav","/m/032s66","[""/m/032s66"", ""/m/014zdl""]","gun_shot","[""Explosion"", ""gun_shot""]","zenodo/171475.wav","zenodo"
"259539.wav","/m/032s66","[""/m/032s66"", ""/m/014zdl""]","gun_shot","[""Explosion"", ""gun_shot""]","zenodo/259539.wav","zenodo"
"30185.wav","/m/032s66","[""/m/032s66"", ""/m/014zdl""]","gun_shot","[""Explosion"", ""gun_shot""]","zenodo/30185.wav","zenodo"
"198121.wav","/m/032s66","[""/m/032s66"", ""/m/014zdl""]","gun_shot","[""Explosion"", ""gun_shot""]","zenodo/198121.wav","zenodo"
"253438.wav","/m/032s66","[""/m/032s66"", ""/m/014zdl""]","gun_shot","[""Explosion"", ""gun_shot""]","zenodo/253438.wav","zenodo"
"390663.wav","/m/032s66","[""/m/032s66"", ""/m/014zdl""]","gun_shot","[""Explosion"", ""gun_shot""]","zenodo/390663.wav","zenodo"
"108043.wav","/m/032s66","[""/m/032s66"", ""/m/014zdl""]","gun_shot","[""Explosion"", ""gun_shot""]","zenodo/108043.wav","zenodo"
"108044.wav","/m/032s66","[""/m/032s66"", ""/m/014zdl""]","gun_shot","[""Explosion"", ""gun_shot""]","zenodo/108044.wav","zenodo"
"108045.wav","/m/032s66","[""/m/032s66"", ""/m/014zdl""]","gun_shot","[""Explosion"", ""gun_shot""]","zenodo/108045.wav","zenodo"
"108046.wav","/m/032s66","[""/m/032s66"", ""/m/014zdl""]","gun_shot","[""Explosion"", ""gun_shot""]","zenodo/108046.wav","zenodo"
"108047.wav","/m/032s66","[""/m/032s66"", ""/m/014zdl""]","gun_shot","[""Explosion"", ""gun_shot""]","zenodo/108047.wav","zenodo"
"165391.wav","/m/032s66","[""/m/032s66"", ""/m/014zdl""]","gun_shot","[""Explosion"", ""gun_shot""]","zenodo/165391.wav","zenodo"
"165393.wav","/m/032s66","[""/m/032s66"", ""/m/014zdl""]","gun_shot","[""Explosion"", ""gun_shot""]","zenodo/165393.wav","zenodo"
"165394.wav","/m/032s66","[""/m/032s66"", ""/m/014zdl""]","gun_shot","[""Explosion"", ""gun_shot""]","zenodo/165394.wav","zenodo"
"157206.wav","/m/032s66","[""/m/032s66"", ""/m/014zdl""]","gun_shot","[""Explosion"", ""gun_shot""]","zenodo/157206.wav","zenodo"
"157207.wav","/m/032s66","[""/m/032s66"", ""/m/014zdl""]","gun_shot","[""Explosion"", ""gun_shot""]","zenodo/157207.wav","zenodo"
"151065.wav","/m/032s66","[""/m/032s66"", ""/m/014zdl""]","gun_shot","[""Explosion"", ""gun_shot""]","zenodo/151065.wav","zenodo"
"151066.wav","/m/032s66","[""/m/032s66"", ""/m/014zdl""]","gun_shot","[""Explosion"", ""gun_shot""]","zenodo/151066.wav","zenodo"
"216604.wav","/m/032s66","[""/m/032s66"", ""/m/0g6b5"", ""/m/07qqyl4"", ""/m/014zdl""]","gun_shot","[""Explosion"", ""gun_shot"", ""Fireworks"", ""Boom""]","zenodo/216604.wav","zenodo"
"151069.wav","/m/032s66","[""/m/032s66"", ""/m/014zdl""]","gun_shot","[""Explosion"", ""gun_shot""]","zenodo/151069.wav","zenodo"
"26141.wav","/m/032s66","[""/m/032s66"", ""/m/014zdl""]","gun_shot","[""Explosion"", ""gun_shot""]","zenodo/26141.wav","zenodo"
"319008.wav","/m/032s66","[""/m/032s66"", ""/m/014zdl""]","gun_shot","[""Explosion"", ""gun_shot""]","zenodo/319008.wav","zenodo"
"319009.wav","/m/032s66","[""/m/032s66"", ""/m/014zdl""]","gun_shot","[""Explosion"", ""gun_shot""]","zenodo/319009.wav","zenodo"
"239137.wav","/m/032s66","[""/m/032s66"", ""/m/014zdl""]","gun_shot","[""Explosion"", ""gun_shot""]","zenodo/239137.wav","zenodo"
"151075.wav","/m/032s66","[""/m/032s66"", ""/m/014zdl""]","gun_shot","[""Explosion"", ""gun_shot""]","zenodo/151075.wav","zenodo"
"151072.wav","/m/032s66","[""/m/032s66"", ""/m/014zdl""]","gun_shot","[""Explosion"", ""gun_shot""]","zenodo/151072.wav","zenodo"
"319010.wav","/m/032s66","[""/m/032s66"", ""/m/014zdl""]","gun_shot","[""Explosion"", ""gun_shot""]","zenodo/319010.wav","zenodo"
"239138.wav","/m/032s66","[""/m/032s66"", ""/m/014zdl""]","gun_shot","[""Explosion"", ""gun_shot""]","zenodo/239138.wav","zenodo"
"136766.wav","/m/032s66","[""/m/032s66"", ""/m/014zdl""]","gun_shot","[""Explosion"", ""gun_shot""]","zenodo/136766.wav","zenodo"
"56900.wav","/m/032s66","[""/m/03qc9zr"", ""/m/032s66"", ""/m/014zdl"", ""/m/09l8g""]","gun_shot","[""Explosion"", ""gun_shot"", ""Human_voice"", ""screaming""]","zenodo/56900.wav","zenodo"
"427592.wav","/m/032s66","[""/m/032s66"", ""/m/014zdl""]","gun_shot","[""Explosion"", ""gun_shot""]","zenodo/427592.wav","zenodo"
"101961.wav","/m/032s66","[""/m/032s66"", ""/m/014zdl""]","gun_shot","[""Explosion"", ""gun_shot""]","zenodo/101961.wav","zenodo"
"101962.wav","/m/032s66","[""/m/032s66"", ""/m/014zdl""]","gun_shot","[""Explosion"", ""gun_shot""]","zenodo/101962.wav","zenodo"
"427598.wav","/m/032s66","[""/m/032s66"", ""/m/014zdl""]","gun_shot","[""Explosion"", ""gun_shot""]","zenodo/427598.wav","zenodo"
"165478.wav","/m/032s66","[""/m/032s66"", ""/m/014zdl""]","gun_shot","[""Explosion"", ""gun_shot""]","zenodo/165478.wav","zenodo"
"212594.wav","/m/032s66","[""/m/032s66"", ""/m/07qqyl4"", ""/m/014zdl""]","gun_shot","[""Explosion"", ""gun_shot"", ""Boom""]","zenodo/212594.wav","zenodo"
"267893.wav","/m/032s66","[""/m/032s66"", ""/m/014zdl""]","gun_shot","[""Explosion"", ""gun_shot""]","zenodo/267893.wav","zenodo"
"163455.wav","/m/032s66","[""/m/032s66"", ""/m/014zdl""]","gun_shot","[""Explosion"", ""gun_shot""]","zenodo/163455.wav","zenodo"
"163456.wav","/m/032s66","[""/m/032s66"", ""/m/014zdl""]","gun_shot","[""Explosion"", ""gun_shot""]","zenodo/163456.wav","zenodo"
"370304.wav","/m/032s66","[""/m/032s66"", ""/m/014zdl""]","gun_shot","[""Explosion"", ""gun_shot""]","zenodo/370304.wav","zenodo"
"163460.wav","/m/032s66","[""/m/032s66"", ""/m/014zdl""]","gun_shot","[""Explosion"", ""gun_shot""]","zenodo/163460.wav","zenodo"
"165540.wav","/m/032s66","[""/m/032s66"", ""/m/014zdl""]","gun_shot","[""Explosion"", ""gun_shot""]","zenodo/165540.wav","zenodo"
"118450.wav","/m/032s66","[""/m/032s66"", ""/m/014zdl""]","gun_shot","[""Explosion"", ""gun_shot""]","zenodo/118450.wav","zenodo"
"149177.wav","/m/032s66","[""/m/032s66"", ""/m/014zdl""]","gun_shot","[""Explosion"", ""gun_shot""]","zenodo/149177.wav","zenodo"
"161475.wav","/m/032s66","[""/m/032s66"", ""/m/014zdl""]","gun_shot","[""Explosion"", ""gun_shot""]","zenodo/161475.wav","zenodo"
"378563.wav","/m/032s66","[""/m/032s66"", ""/m/014zdl""]","gun_shot","[""Explosion"", ""gun_shot""]","zenodo/378563.wav","zenodo"
"431822.wav","/m/032s66","[""/m/032s66"", ""/m/014zdl""]","gun_shot","[""Explosion"", ""gun_shot""]","zenodo/431822.wav","zenodo"
"431825.wav","/m/032s66","[""/m/032s66"", ""/m/014zdl""]","gun_shot","[""Explosion"", ""gun_shot""]","zenodo/431825.wav","zenodo"
"431827.wav","/m/032s66","[""/m/032s66"", ""/m/014zdl""]","gun_shot","[""Explosion"", ""gun_shot""]","zenodo/431827.wav","zenodo"
"431828.wav","/m/032s66","[""/m/032s66"", ""/m/014zdl""]","gun_shot","[""Explosion"", ""gun_shot""]","zenodo/431828.wav","zenodo"
"431831.wav","/m/032s66","[""/m/032s66"", ""/m/014zdl""]","gun_shot","[""Explosion"", ""gun_shot""]","zenodo/431831.wav","zenodo"
"237273.wav","/m/032s66","[""/m/032s66"", ""/m/014zdl""]","gun_shot","[""Explosion"", ""gun_shot""]","zenodo/237273.wav","zenodo"
"431837.wav","/m/032s66","[""/m/032s66"", ""/m/014zdl""]","gun_shot","[""Explosion"", ""gun_shot""]","zenodo/431837.wav","zenodo"
"345844.wav","/m/032s66","[""/m/032s66"", ""/m/014zdl""]","gun_shot","[""Explosion"", ""gun_shot""]","zenodo/345844.wav","zenodo"
"139028.wav","/m/032s66","[""/m/032s66"", ""/m/014zdl""]","gun_shot","[""Explosion"", ""gun_shot""]","zenodo/139028.wav","zenodo"
"386842.wav","/m/032s66","[""/m/032s66"", ""/m/014zdl""]","gun_shot","[""Explosion"", ""gun_shot""]","zenodo/386842.wav","zenodo"
"386845.wav","/m/032s66","[""/m/032s66"", ""/m/014zdl""]","gun_shot","[""Explosion"", ""gun_shot""]","zenodo/386845.wav","zenodo"
"182051.wav","/m/032s66","[""/m/032s66"", ""/m/014zdl""]","gun_shot","[""Explosion"", ""gun_shot""]","zenodo/182051.wav","zenodo"
"253734.wav","/m/032s66","[""/m/032s66"", ""/m/014zdl""]","gun_shot","[""Explosion"", ""gun_shot""]","zenodo/253734.wav","zenodo"
"100144.wav","/m/032s66","[""/m/032s66"", ""/m/0g6b5"", ""/m/014zdl""]","gun_shot","[""Explosion"", ""gun_shot"", ""Fireworks""]","zenodo/100144.wav","zenodo"
"145206.wav","/m/032s66","[""/m/032s66"", ""/m/014zdl""]","gun_shot","[""Explosion"", ""gun_shot""]","zenodo/145206.wav","zenodo"
"137034.wav","/m/032s66","[""/m/032s66"", ""/m/014zdl""]","gun_shot","[""Explosion"", ""gun_shot""]","zenodo/137034.wav","zenodo"
"231245.wav","/m/032s66","[""/m/032s66"", ""/m/014zdl""]","gun_shot","[""Explosion"", ""gun_shot""]","zenodo/231245.wav","zenodo"
"231247.wav","/m/032s66","[""/m/032s66"", ""/m/014zdl""]","gun_shot","[""Explosion"", ""gun_shot""]","zenodo/231247.wav","zenodo"
"231248.wav","/m/032s66","[""/m/032s66"", ""/m/014zdl""]","gun_shot","[""Explosion"", ""gun_shot""]","zenodo/231248.wav","zenodo"
"257873.wav","/m/032s66","[""/m/032s66"", ""/m/014zdl""]","gun_shot","[""Explosion"", ""gun_shot""]","zenodo/257873.wav","zenodo"
"257874.wav","/m/032s66","[""/m/032s66"", ""/m/014zdl""]","gun_shot","[""Explosion"", ""gun_shot""]","zenodo/257874.wav","zenodo"
"257875.wav","/m/032s66","[""/m/032s66"", ""/m/014zdl""]","gun_shot","[""Explosion"", ""gun_shot""]","zenodo/257875.wav","zenodo"
"257876.wav","/m/032s66","[""/m/032s66"", ""/m/014zdl""]","gun_shot","[""Explosion"", ""gun_shot""]","zenodo/257876.wav","zenodo"
"245602.wav","/m/032s66","[""/m/032s66"", ""/m/014zdl""]","gun_shot","[""Explosion"", ""gun_shot""]","zenodo/245602.wav","zenodo"
"233318.wav","/m/032s66","[""/m/032s66"", ""/m/014zdl""]","gun_shot","[""Explosion"", ""gun_shot""]","zenodo/233318.wav","zenodo"
"233321.wav","/m/032s66","[""/m/032s66"", ""/m/014zdl""]","gun_shot","[""Explosion"", ""gun_shot""]","zenodo/233321.wav","zenodo"
"233322.wav","/m/032s66","[""/m/032s66"", ""/m/014zdl""]","gun_shot","[""Explosion"", ""gun_shot""]","zenodo/233322.wav","zenodo"
"233323.wav","/m/032s66","[""/m/032s66"", ""/m/014zdl""]","gun_shot","[""Explosion"", ""gun_shot""]","zenodo/233323.wav","zenodo"
"147317.wav","/m/032s66","[""/m/032s66"", ""/m/014zdl""]","gun_shot","[""Explosion"", ""gun_shot""]","zenodo/147317.wav","zenodo"
"266105.wav","/m/032s66","[""/m/032s66"", ""/m/014zdl""]","gun_shot","[""Explosion"", ""gun_shot""]","zenodo/266105.wav","zenodo"
"34708.wav","/m/032s66","[""/m/032s66"", ""/m/014zdl""]","gun_shot","[""Explosion"", ""gun_shot""]","zenodo/34708.wav","zenodo"
"417686.wav","/m/032s66","[""/m/032s66"", ""/m/014zdl""]","gun_shot","[""Explosion"", ""gun_shot""]","zenodo/417686.wav","zenodo"
"417688.wav","/m/032s66","[""/m/032s66"", ""/m/014zdl""]","gun_shot","[""Explosion"", ""gun_shot""]","zenodo/417688.wav","zenodo"
"417689.wav","/m/032s66","[""/m/032s66"", ""/m/014zdl""]","gun_shot","[""Explosion"", ""gun_shot""]","zenodo/417689.wav","zenodo"
"399266.wav","/m/032s66","[""/m/032s66"", ""/m/014zdl""]","gun_shot","[""Explosion"", ""gun_shot""]","zenodo/399266.wav","zenodo"
"165795.wav","/m/032s66","[""/m/032s66"", ""/m/014zdl""]","gun_shot","[""Explosion"", ""gun_shot""]","zenodo/165795.wav","zenodo"
"36815.wav","/m/032s66","[""/m/032s66"", ""/m/014zdl""]","gun_shot","[""Explosion"", ""gun_shot""]","zenodo/36815.wav","zenodo"
"128979.wav","/m/032s66","[""/m/032s66"", ""/m/014zdl""]","gun_shot","[""Explosion"", ""gun_shot""]","zenodo/128979.wav","zenodo"
"184275.wav","/m/032s66","[""/m/032s66"", ""/m/014zdl""]","gun_shot","[""Explosion"", ""gun_shot""]","zenodo/184275.wav","zenodo"
"128981.wav","/m/032s66","[""/m/032s66"", ""/m/014zdl""]","gun_shot","[""Explosion"", ""gun_shot""]","zenodo/128981.wav","zenodo"
"380886.wav","/m/032s66","[""/m/032s66"", ""/m/014zdl""]","gun_shot","[""Explosion"", ""gun_shot""]","zenodo/380886.wav","zenodo"
"159703.wav","/m/032s66","[""/m/032s66"", ""/m/014zdl""]","gun_shot","[""Explosion"", ""gun_shot""]","zenodo/159703.wav","zenodo"
"159704.wav","/m/032s66","[""/m/032s66"", ""/m/014zdl""]","gun_shot","[""Explosion"", ""gun_shot""]","zenodo/159704.wav","zenodo"
"159705.wav","/m/032s66","[""/m/032s66"", ""/m/014zdl""]","gun_shot","[""Explosion"", ""gun_shot""]","zenodo/159705.wav","zenodo"
"159706.wav","/m/032s66","[""/m/032s66"", ""/m/014zdl""]","gun_shot","[""Explosion"", ""gun_shot""]","zenodo/159706.wav","zenodo"
"159708.wav","/m/032s66","[""/m/032s66"", ""/m/014zdl""]","gun_shot","[""Explosion"", ""gun_shot""]","zenodo/159708.wav","zenodo"
"159710.wav","/m/032s66","[""/m/032s66"", ""/m/014zdl""]","gun_shot","[""Explosion"", ""gun_shot""]","zenodo/159710.wav","zenodo"
"67556.wav","/m/032s66","[""/m/032s66"", ""/m/014zdl""]","gun_shot","[""Explosion"", ""gun_shot""]","zenodo/67556.wav","zenodo"
"67557.wav","/m/032s66","[""/m/032s66"", ""/m/014zdl""]","gun_shot","[""Explosion"", ""gun_shot""]","zenodo/67557.wav","zenodo"
"362471.wav","/m/032s66","[""/m/032s66"", ""/m/014zdl""]","gun_shot","[""Explosion"", ""gun_shot""]","zenodo/362471.wav","zenodo"
"67560.wav","/m/032s66","[""/m/032s66"", ""/m/014zdl""]","gun_shot","[""Explosion"", ""gun_shot""]","zenodo/67560.wav","zenodo"
"67561.wav","/m/032s66","[""/m/032s66"", ""/m/014zdl""]","gun_shot","[""Explosion"", ""gun_shot""]","zenodo/67561.wav","zenodo"
"67562.wav","/m/032s66","[""/m/032s66"", ""/m/014zdl""]","gun_shot","[""Explosion"", ""gun_shot""]","zenodo/67562.wav","zenodo"
"67563.wav","/m/032s66","[""/m/032s66"", ""/m/014zdl""]","gun_shot","[""Explosion"", ""gun_shot""]","zenodo/67563.wav","zenodo"
"67564.wav","/m/032s66","[""/m/032s66"", ""/m/014zdl""]","gun_shot","[""Explosion"", ""gun_shot""]","zenodo/67564.wav","zenodo"
"67566.wav","/m/032s66","[""/m/032s66"", ""/m/014zdl""]","gun_shot","[""Explosion"", ""gun_shot""]","zenodo/67566.wav","zenodo"
"67567.wav","/m/032s66","[""/m/032s66"", ""/m/014zdl""]","gun_shot","[""Explosion"", ""gun_shot""]","zenodo/67567.wav","zenodo"
"67571.wav","/m/032s66","[""/m/032s66"", ""/m/014zdl""]","gun_shot","[""Explosion"", ""gun_shot""]","zenodo/67571.wav","zenodo"
"329716.wav","/m/032s66","[""/m/032s66"", ""/m/014zdl""]","gun_shot","[""Explosion"", ""gun_shot""]","zenodo/329716.wav","zenodo"
"67573.wav","/m/032s66","[""/m/032s66"", ""/m/014zdl""]","gun_shot","[""Explosion"", ""gun_shot""]","zenodo/67573.wav","zenodo"
"362486.wav","/m/032s66","[""/m/032s66"", ""/m/014zdl""]","gun_shot","[""Explosion"", ""gun_shot""]","zenodo/362486.wav","zenodo"
"67575.wav","/m/032s66","[""/m/032s66"", ""/m/014zdl""]","gun_shot","[""Explosion"", ""gun_shot""]","zenodo/67575.wav","zenodo"
"67574.wav","/m/032s66","[""/m/032s66"", ""/m/014zdl""]","gun_shot","[""Explosion"", ""gun_shot""]","zenodo/67574.wav","zenodo"
"67577.wav","/m/032s66","[""/m/032s66"", ""/m/014zdl""]","gun_shot","[""Explosion"", ""gun_shot""]","zenodo/67577.wav","zenodo"
"67578.wav","/m/032s66","[""/m/032s66"", ""/m/014zdl""]","gun_shot","[""Explosion"", ""gun_shot""]","zenodo/67578.wav","zenodo"
"67572.wav","/m/032s66","[""/m/032s66"", ""/m/014zdl""]","gun_shot","[""Explosion"", ""gun_shot""]","zenodo/67572.wav","zenodo"
"67580.wav","/m/032s66","[""/m/032s66"", ""/m/014zdl""]","gun_shot","[""Explosion"", ""gun_shot""]","zenodo/67580.wav","zenodo"
"67581.wav","/m/032s66","[""/m/032s66"", ""/m/014zdl""]","gun_shot","[""Explosion"", ""gun_shot""]","zenodo/67581.wav","zenodo"
"67582.wav","/m/032s66","[""/m/032s66"", ""/m/014zdl""]","gun_shot","[""Explosion"", ""gun_shot""]","zenodo/67582.wav","zenodo"
"67583.wav","/m/032s66","[""/m/032s66"", ""/m/014zdl""]","gun_shot","[""Explosion"", ""gun_shot""]","zenodo/67583.wav","zenodo"
"212600.wav","/m/032s66","[""/m/032s66"", ""/m/014zdl""]","gun_shot","[""Explosion"", ""gun_shot""]","zenodo/212600.wav","zenodo"
"212602.wav","/m/032s66","[""/m/032s66"", ""/m/014zdl""]","gun_shot","[""Explosion"", ""gun_shot""]","zenodo/212602.wav","zenodo"
"257963.wav","/m/032s66","[""/m/032s66"", ""/m/014zdl""]","gun_shot","[""Explosion"", ""gun_shot""]","zenodo/257963.wav","zenodo"
"123022.wav","/m/02mk9","[""/m/07qn4z3"", ""/t/dd00130"", ""/m/0k4j"", ""/m/012f08"", ""/m/07yv9"", ""/m/02mk9""]","engine","[""Motor_vehicle_(road)"", ""Car"", ""Engine_starting"", ""Vehicle"", ""Rattle"", ""engine""]","zenodo/123022.wav","zenodo"
"259582.wav","/m/0btp2","[""/m/07qn4z3"", ""/m/0btp2"", ""/m/0199g"", ""/m/07yv9"", ""/m/012f08""]","traffic_noise","[""Motor_vehicle_(road)"", ""Vehicle"", ""traffic_noise"", ""Rattle"", ""Bicycle""]","zenodo/259582.wav","zenodo"
"164305.wav","/m/02mk9","[""/m/07qn4z3"", ""/m/07rkbfh"", ""/m/07rjwbb"", ""/m/02mk9"", ""/t/dd00077"", ""/t/dd00012""]","engine","[""Human_group_actions"", ""Rattle"", ""Chatter"", ""Hiss"", ""engine"", ""Mechanisms""]","zenodo/164305.wav","zenodo"
"138272.wav","/m/07pp_mv","[""/m/01hnzm"", ""/m/05148p4"", ""/m/04szw"", ""/m/04rlf"", ""/m/07cx4"", ""/m/07pp_mv""]","alarm","[""alarm"", ""telephone"", ""Music"", ""Keyboard_(musical)"", ""Ringtone"", ""Musical_instrument""]","zenodo/138272.wav","zenodo"
"92975.wav","/m/07pp_mv","[""/m/01hnzm"", ""/m/05148p4"", ""/m/04szw"", ""/m/04rlf"", ""/m/07cx4"", ""/m/07pp_mv""]","alarm","[""alarm"", ""telephone"", ""Music"", ""Keyboard_(musical)"", ""Ringtone"", ""Musical_instrument""]","zenodo/92975.wav","zenodo"
"386782.wav","/m/07pp_mv","[""/m/01hnzm"", ""/m/05148p4"", ""/m/04szw"", ""/m/04rlf"", ""/m/07cx4"", ""/m/07pp_mv""]","alarm","[""alarm"", ""telephone"", ""Music"", ""Keyboard_(musical)"", ""Ringtone"", ""Musical_instrument""]","zenodo/386782.wav","zenodo"
"168123.wav","/m/07pp_mv","[""/m/01hnzm"", ""/m/05148p4"", ""/m/04szw"", ""/m/04rlf"", ""/m/07cx4"", ""/m/07pp_mv""]","alarm","[""alarm"", ""telephone"", ""Music"", ""Keyboard_(musical)"", ""Ringtone"", ""Musical_instrument""]","zenodo/168123.wav","zenodo"
"168588.wav","/m/07pp_mv","[""/m/01hnzm"", ""/m/05148p4"", ""/m/04szw"", ""/m/04rlf"", ""/m/07cx4"", ""/m/07pp_mv""]","alarm","[""alarm"", ""telephone"", ""Music"", ""Keyboard_(musical)"", ""Ringtone"", ""Musical_instrument""]","zenodo/168588.wav","zenodo"
"168589.wav","/m/07pp_mv","[""/m/01hnzm"", ""/m/05148p4"", ""/m/04szw"", ""/m/04rlf"", ""/m/07cx4"", ""/m/07pp_mv""]","alarm","[""alarm"", ""telephone"", ""Music"", ""Keyboard_(musical)"", ""Ringtone"", ""Musical_instrument""]","zenodo/168589.wav","zenodo"
"389526.wav","/m/07pp_mv","[""/m/01hnzm"", ""/m/05148p4"", ""/m/04szw"", ""/m/04rlf"", ""/m/07cx4"", ""/m/07pp_mv""]","alarm","[""alarm"", ""telephone"", ""Music"", ""Keyboard_(musical)"", ""Ringtone"", ""Musical_instrument""]","zenodo/389526.wav","zenodo"
"423652.wav","/m/07pp_mv","[""/m/01hnzm"", ""/m/05148p4"", ""/m/04szw"", ""/m/04rlf"", ""/m/07cx4"", ""/m/07pp_mv""]","alarm","[""alarm"", ""telephone"", ""Music"", ""Keyboard_(musical)"", ""Ringtone"", ""Musical_instrument""]","zenodo/423652.wav","zenodo"
"77928.wav","/m/07pp_mv","[""/m/01hnzm"", ""/m/05148p4"", ""/m/09l8g"", ""/m/04szw"", ""/m/04rlf"", ""/m/07cx4"", ""/m/07pp_mv""]","alarm","[""alarm"", ""telephone"", ""Human_voice"", ""Music"", ""Keyboard_(musical)"", ""Ringtone"", ""Musical_instrument""]","zenodo/77928.wav","zenodo"
"77929.wav","/m/07pp_mv","[""/m/01hnzm"", ""/m/05148p4"", ""/m/09l8g"", ""/m/04szw"", ""/m/04rlf"", ""/m/07cx4"", ""/m/07pp_mv""]","alarm","[""alarm"", ""telephone"", ""Human_voice"", ""Music"", ""Keyboard_(musical)"", ""Ringtone"", ""Musical_instrument""]","zenodo/77929.wav","zenodo"
"178884.wav","/m/07pp_mv","[""/m/01hnzm"", ""/m/05148p4"", ""/m/04szw"", ""/m/04rlf"", ""/m/07cx4"", ""/m/07pp_mv""]","alarm","[""alarm"", ""telephone"", ""Music"", ""Keyboard_(musical)"", ""Ringtone"", ""Musical_instrument""]","zenodo/178884.wav","zenodo"
"273540.wav","/m/07pp_mv","[""/m/01hnzm"", ""/m/05148p4"", ""/m/04szw"", ""/m/04rlf"", ""/m/07cx4"", ""/m/07pp_mv""]","alarm","[""alarm"", ""telephone"", ""Music"", ""Keyboard_(musical)"", ""Ringtone"", ""Musical_instrument""]","zenodo/273540.wav","zenodo"
"390534.wav","/m/07pp_mv","[""/m/01hnzm"", ""/m/05148p4"", ""/m/04szw"", ""/m/04rlf"", ""/m/07cx4"", ""/m/07pp_mv""]","alarm","[""alarm"", ""telephone"", ""Music"", ""Keyboard_(musical)"", ""Ringtone"", ""Musical_instrument""]","zenodo/390534.wav","zenodo"
"250630.wav","/m/07pp_mv","[""/m/01hnzm"", ""/m/07cx4"", ""/m/07pp_mv""]","alarm","[""telephone"", ""Ringtone"", ""alarm""]","zenodo/250630.wav","zenodo"
"250631.wav","/m/07pp_mv","[""/m/01hnzm"", ""/m/07cx4"", ""/m/07pp_mv""]","alarm","[""telephone"", ""Ringtone"", ""alarm""]","zenodo/250631.wav","zenodo"
"250632.wav","/m/07pp_mv","[""/m/01hnzm"", ""/m/07cx4"", ""/m/07pp_mv""]","alarm","[""telephone"", ""Ringtone"", ""alarm""]","zenodo/250632.wav","zenodo"
"404758.wav","/m/07pp_mv","[""/m/01hnzm"", ""/m/07cx4"", ""/m/07pp_mv""]","alarm","[""telephone"", ""Ringtone"", ""alarm""]","zenodo/404758.wav","zenodo"
"234523.wav","/m/07pp_mv","[""/m/01hnzm"", ""/m/0dwsp"", ""/m/07cx4"", ""/m/07pp_mv"", ""/m/0j45pbj"", ""/m/0l14md"", ""/m/04szw"", ""/m/04rlf""]","alarm","[""alarm"", ""telephone"", ""Mallet_percussion"", ""Music"", ""Percussion"", ""Ringtone"", ""Marimba_and_xylophone"", ""Musical_instrument""]","zenodo/234523.wav","zenodo"
"234524.wav","/m/07pp_mv","[""/m/01hnzm"", ""/m/0dwsp"", ""/m/07cx4"", ""/m/07pp_mv"", ""/m/0j45pbj"", ""/m/0l14md"", ""/m/04szw"", ""/m/04rlf""]","alarm","[""alarm"", ""telephone"", ""Mallet_percussion"", ""Music"", ""Percussion"", ""Ringtone"", ""Marimba_and_xylophone"", ""Musical_instrument""]","zenodo/234524.wav","zenodo"
"351539.wav","/m/07pp_mv","[""/m/01hnzm"", ""/m/07cx4"", ""/m/07pp_mv""]","alarm","[""telephone"", ""Ringtone"", ""alarm""]","zenodo/351539.wav","zenodo"
"117561.wav","/m/07pp_mv","[""/m/01hnzm"", ""/m/07cx4"", ""/m/07pp_mv""]","alarm","[""telephone"", ""Ringtone"", ""alarm""]","zenodo/117561.wav","zenodo"
"117562.wav","/m/07pp_mv","[""/m/01hnzm"", ""/m/07cx4"", ""/m/07pp_mv""]","alarm","[""telephone"", ""Ringtone"", ""alarm""]","zenodo/117562.wav","zenodo"
"117563.wav","/m/07pp_mv","[""/m/01hnzm"", ""/m/07cx4"", ""/m/07pp_mv""]","alarm","[""telephone"", ""Ringtone"", ""alarm""]","zenodo/117563.wav","zenodo"
"117564.wav","/m/07pp_mv","[""/m/01hnzm"", ""/m/07cx4"", ""/m/07pp_mv""]","alarm","[""telephone"", ""Ringtone"", ""alarm""]","zenodo/117564.wav","zenodo"
"117565.wav","/m/07pp_mv","[""/m/01hnzm"", ""/m/07cx4"", ""/m/07pp_mv""]","alarm","[""telephone"", ""Ringtone"", ""alarm""]","zenodo/117565.wav","zenodo"
"117566.wav","/m/07pp_mv","[""/m/01hnzm"", ""/m/07cx4"", ""/m/07pp_mv""]","alarm","[""telephone"", ""Ringtone"", ""alarm""]","zenodo/117566.wav","zenodo"
"117567.wav","/m/07pp_mv","[""/m/01hnzm"", ""/m/07cx4"", ""/m/07pp_mv""]","alarm","[""telephone"", ""Ringtone"", ""alarm""]","zenodo/117567.wav","zenodo"
"117568.wav","/m/07pp_mv","[""/m/01hnzm"", ""/m/07cx4"", ""/m/07pp_mv""]","alarm","[""telephone"", ""Ringtone"", ""alarm""]","zenodo/117568.wav","zenodo"
"117569.wav","/m/07pp_mv","[""/m/01hnzm"", ""/m/07cx4"", ""/m/07pp_mv""]","alarm","[""telephone"", ""Ringtone"", ""alarm""]","zenodo/117569.wav","zenodo"
"117570.wav","/m/07pp_mv","[""/m/01hnzm"", ""/m/07cx4"", ""/m/07pp_mv""]","alarm","[""telephone"", ""Ringtone"", ""alarm""]","zenodo/117570.wav","zenodo"
"234563.wav","/m/07pp_mv","[""/m/01hnzm"", ""/m/0l14md"", ""/m/07cx4"", ""/m/07pp_mv"", ""/m/04szw"", ""/m/04rlf""]","alarm","[""alarm"", ""telephone"", ""Music"", ""Percussion"", ""Ringtone"", ""Musical_instrument""]","zenodo/234563.wav","zenodo"
"234564.wav","/m/07pp_mv","[""/m/01hnzm"", ""/m/07cx4"", ""/m/07pp_mv""]","alarm","[""telephone"", ""Ringtone"", ""alarm""]","zenodo/234564.wav","zenodo"
"234565.wav","/m/07pp_mv","[""/m/01hnzm"", ""/m/07cx4"", ""/m/07pp_mv""]","alarm","[""telephone"", ""Ringtone"", ""alarm""]","zenodo/234565.wav","zenodo"
"234566.wav","/m/07pp_mv","[""/m/01hnzm"", ""/m/07cx4"", ""/m/07pp_mv""]","alarm","[""telephone"", ""Ringtone"", ""alarm""]","zenodo/234566.wav","zenodo"
"117571.wav","/m/07pp_mv","[""/m/01hnzm"", ""/m/07cx4"", ""/m/07pp_mv""]","alarm","[""telephone"", ""Ringtone"", ""alarm""]","zenodo/117571.wav","zenodo"
"117572.wav","/m/07pp_mv","[""/m/01hnzm"", ""/m/07cx4"", ""/m/07pp_mv""]","alarm","[""telephone"", ""Ringtone"", ""alarm""]","zenodo/117572.wav","zenodo"
"24928.wav","/m/07pp_mv","[""/m/01hnzm"", ""/m/07cx4"", ""/m/07pp_mv""]","alarm","[""telephone"", ""Ringtone"", ""alarm""]","zenodo/24928.wav","zenodo"
"24929.wav","/m/07pp_mv","[""/m/01hnzm"", ""/m/07cx4"", ""/m/07pp_mv""]","alarm","[""telephone"", ""Ringtone"", ""alarm""]","zenodo/24929.wav","zenodo"
"56164.wav","/m/07pp_mv","[""/m/01hnzm"", ""/m/07cx4"", ""/m/07pp_mv""]","alarm","[""telephone"", ""Ringtone"", ""alarm""]","zenodo/56164.wav","zenodo"
"267881.wav","/m/07pp_mv","[""/m/01hnzm"", ""/m/07cx4"", ""/m/07pp_mv""]","alarm","[""telephone"", ""Ringtone"", ""alarm""]","zenodo/267881.wav","zenodo"
"167532.wav","/m/07pp_mv","[""/m/01hnzm"", ""/m/07cx4"", ""/m/07pp_mv""]","alarm","[""telephone"", ""Ringtone"", ""alarm""]","zenodo/167532.wav","zenodo"
"167533.wav","/m/07pp_mv","[""/m/01hnzm"", ""/m/07cx4"", ""/m/07pp_mv""]","alarm","[""telephone"", ""Ringtone"", ""alarm""]","zenodo/167533.wav","zenodo"
"167535.wav","/m/07pp_mv","[""/m/01hnzm"", ""/m/07cx4"", ""/m/07pp_mv""]","alarm","[""telephone"", ""Ringtone"", ""alarm""]","zenodo/167535.wav","zenodo"
"167536.wav","/m/07pp_mv","[""/m/01hnzm"", ""/m/07cx4"", ""/m/07pp_mv""]","alarm","[""telephone"", ""Ringtone"", ""alarm""]","zenodo/167536.wav","zenodo"
"167538.wav","/m/07pp_mv","[""/m/01hnzm"", ""/m/07cx4"", ""/m/07pp_mv""]","alarm","[""telephone"", ""Ringtone"", ""alarm""]","zenodo/167538.wav","zenodo"
"167539.wav","/m/07pp_mv","[""/m/01hnzm"", ""/m/07cx4"", ""/m/07pp_mv""]","alarm","[""telephone"", ""Ringtone"", ""alarm""]","zenodo/167539.wav","zenodo"
"167540.wav","/m/07pp_mv","[""/m/01hnzm"", ""/m/07cx4"", ""/m/07pp_mv""]","alarm","[""telephone"", ""Ringtone"", ""alarm""]","zenodo/167540.wav","zenodo"
"167541.wav","/m/07pp_mv","[""/m/01hnzm"", ""/m/07cx4"", ""/m/07pp_mv""]","alarm","[""telephone"", ""Ringtone"", ""alarm""]","zenodo/167541.wav","zenodo"
"246390.wav","/m/07pp_mv","[""/m/01hnzm"", ""/m/07cx4"", ""/m/07pp_mv""]","alarm","[""telephone"", ""Ringtone"", ""alarm""]","zenodo/246390.wav","zenodo"
"167544.wav","/m/07pp_mv","[""/m/01hnzm"", ""/m/07cx4"", ""/m/07pp_mv""]","alarm","[""telephone"", ""Ringtone"", ""alarm""]","zenodo/167544.wav","zenodo"
"167545.wav","/m/07pp_mv","[""/m/01hnzm"", ""/m/07cx4"", ""/m/07pp_mv""]","alarm","[""telephone"", ""Ringtone"", ""alarm""]","zenodo/167545.wav","zenodo"
"167546.wav","/m/07pp_mv","[""/m/01hnzm"", ""/m/07cx4"", ""/m/07pp_mv""]","alarm","[""telephone"", ""Ringtone"", ""alarm""]","zenodo/167546.wav","zenodo"
"167547.wav","/m/07pp_mv","[""/m/01hnzm"", ""/m/07cx4"", ""/m/07pp_mv""]","alarm","[""telephone"", ""Ringtone"", ""alarm""]","zenodo/167547.wav","zenodo"
"167548.wav","/m/07pp_mv","[""/m/01hnzm"", ""/m/07cx4"", ""/m/07pp_mv""]","alarm","[""telephone"", ""Ringtone"", ""alarm""]","zenodo/167548.wav","zenodo"
"167549.wav","/m/07pp_mv","[""/m/01hnzm"", ""/m/07cx4"", ""/m/07pp_mv""]","alarm","[""telephone"", ""Ringtone"", ""alarm""]","zenodo/167549.wav","zenodo"
"167550.wav","/m/07pp_mv","[""/m/01hnzm"", ""/m/07cx4"", ""/m/07pp_mv""]","alarm","[""telephone"", ""Ringtone"", ""alarm""]","zenodo/167550.wav","zenodo"
"167551.wav","/m/07pp_mv","[""/m/01hnzm"", ""/m/07cx4"", ""/m/07pp_mv""]","alarm","[""telephone"", ""Ringtone"", ""alarm""]","zenodo/167551.wav","zenodo"
"276608.wav","/m/07pp_mv","[""/m/01hnzm"", ""/m/07cx4"", ""/m/07pp_mv""]","alarm","[""telephone"", ""Ringtone"", ""alarm""]","zenodo/276608.wav","zenodo"
"167553.wav","/m/07pp_mv","[""/m/01hnzm"", ""/m/07cx4"", ""/m/07pp_mv""]","alarm","[""telephone"", ""Ringtone"", ""alarm""]","zenodo/167553.wav","zenodo"
"276607.wav","/m/07pp_mv","[""/m/01hnzm"", ""/m/07cx4"", ""/m/07pp_mv""]","alarm","[""telephone"", ""Ringtone"", ""alarm""]","zenodo/276607.wav","zenodo"
"258179.wav","/m/07pp_mv","[""/m/01hnzm"", ""/m/0395lw"", ""/m/07cx4"", ""/m/07pp_mv""]","alarm","[""Bell"", ""telephone"", ""Ringtone"", ""alarm""]","zenodo/258179.wav","zenodo"
"258180.wav","/m/07pp_mv","[""/m/01hnzm"", ""/m/0395lw"", ""/m/07cx4"", ""/m/07pp_mv""]","alarm","[""Bell"", ""telephone"", ""Ringtone"", ""alarm""]","zenodo/258180.wav","zenodo"
"276612.wav","/m/07pp_mv","[""/m/01hnzm"", ""/m/07cx4"", ""/m/07pp_mv""]","alarm","[""telephone"", ""Ringtone"", ""alarm""]","zenodo/276612.wav","zenodo"
"360831.wav","/m/07pp_mv","[""/m/01hnzm"", ""/m/07cx4"", ""/m/07pp_mv""]","alarm","[""telephone"", ""Ringtone"", ""alarm""]","zenodo/360831.wav","zenodo"
"156547.wav","/m/07pp_mv","[""/m/01hnzm"", ""/m/07cx4"", ""/m/07pp_mv""]","alarm","[""telephone"", ""Ringtone"", ""alarm""]","zenodo/156547.wav","zenodo"
"186255.wav","/m/07pp_mv","[""/m/01hnzm"", ""/m/07cx4"", ""/m/07pp_mv""]","alarm","[""telephone"", ""Ringtone"", ""alarm""]","zenodo/186255.wav","zenodo"
"352656.wav","/m/07pp_mv","[""/m/01hnzm"", ""/m/07cx4"", ""/m/07pp_mv""]","alarm","[""telephone"", ""Ringtone"", ""alarm""]","zenodo/352656.wav","zenodo"
"352657.wav","/m/07pp_mv","[""/m/01hnzm"", ""/m/07cx4"", ""/m/07pp_mv""]","alarm","[""telephone"", ""Ringtone"", ""alarm""]","zenodo/352657.wav","zenodo"
"352658.wav","/m/07pp_mv","[""/m/01hnzm"", ""/m/07cx4"", ""/m/07pp_mv""]","alarm","[""telephone"", ""Ringtone"", ""alarm""]","zenodo/352658.wav","zenodo"
"352659.wav","/m/07pp_mv","[""/m/01hnzm"", ""/m/07cx4"", ""/m/07pp_mv""]","alarm","[""telephone"", ""Ringtone"", ""alarm""]","zenodo/352659.wav","zenodo"
"352661.wav","/m/07pp_mv","[""/m/01hnzm"", ""/m/0f8s22"", ""/m/07cx4"", ""/m/07pp_mv"", ""/m/0395lw""]","alarm","[""alarm"", ""telephone"", ""Chime"", ""Bell"", ""Ringtone""]","zenodo/352661.wav","zenodo"
"352663.wav","/m/07pp_mv","[""/m/01hnzm"", ""/m/07cx4"", ""/m/07pp_mv""]","alarm","[""telephone"", ""Ringtone"", ""alarm""]","zenodo/352663.wav","zenodo"
"352665.wav","/m/07pp_mv","[""/m/01hnzm"", ""/m/07cx4"", ""/m/07pp_mv""]","alarm","[""telephone"", ""Ringtone"", ""alarm""]","zenodo/352665.wav","zenodo"
"122266.wav","/m/07pp_mv","[""/m/01hnzm"", ""/m/07cx4"", ""/m/07pp_mv""]","alarm","[""telephone"", ""Ringtone"", ""alarm""]","zenodo/122266.wav","zenodo"
"122267.wav","/m/07pp_mv","[""/m/01hnzm"", ""/m/07cx4"", ""/m/07pp_mv""]","alarm","[""telephone"", ""Ringtone"", ""alarm""]","zenodo/122267.wav","zenodo"
"352666.wav","/m/07pp_mv","[""/m/01hnzm"", ""/m/07cx4"", ""/m/07pp_mv""]","alarm","[""telephone"", ""Ringtone"", ""alarm""]","zenodo/352666.wav","zenodo"
"352669.wav","/m/07pp_mv","[""/m/01hnzm"", ""/m/0f8s22"", ""/m/07cx4"", ""/m/07pp_mv"", ""/m/0395lw""]","alarm","[""alarm"", ""telephone"", ""Chime"", ""Bell"", ""Ringtone""]","zenodo/352669.wav","zenodo"
"352667.wav","/m/07pp_mv","[""/m/01hnzm"", ""/m/07cx4"", ""/m/07pp_mv""]","alarm","[""telephone"", ""Ringtone"", ""alarm""]","zenodo/352667.wav","zenodo"
"122272.wav","/m/07pp_mv","[""/m/01hnzm"", ""/m/07cx4"", ""/m/07pp_mv""]","alarm","[""telephone"", ""Ringtone"", ""alarm""]","zenodo/122272.wav","zenodo"
"122274.wav","/m/07pp_mv","[""/m/01hnzm"", ""/m/07cx4"", ""/m/07pp_mv""]","alarm","[""telephone"", ""Ringtone"", ""alarm""]","zenodo/122274.wav","zenodo"
"122275.wav","/m/07pp_mv","[""/m/01hnzm"", ""/m/07cx4"", ""/m/07pp_mv""]","alarm","[""telephone"", ""Ringtone"", ""alarm""]","zenodo/122275.wav","zenodo"
"322469.wav","/m/07pp_mv","[""/m/01hnzm"", ""/m/07cx4"", ""/m/07pp_mv""]","alarm","[""telephone"", ""Ringtone"", ""alarm""]","zenodo/322469.wav","zenodo"
"122277.wav","/m/07pp_mv","[""/m/01hnzm"", ""/m/07cx4"", ""/m/07pp_mv""]","alarm","[""telephone"", ""Ringtone"", ""alarm""]","zenodo/122277.wav","zenodo"
"201946.wav","/m/07pp_mv","[""/m/01hnzm"", ""/m/07cx4"", ""/m/07pp_mv""]","alarm","[""telephone"", ""Ringtone"", ""alarm""]","zenodo/201946.wav","zenodo"
"163558.wav","/m/07pp_mv","[""/m/01hnzm"", ""/m/07cx4"", ""/m/07pp_mv""]","alarm","[""telephone"", ""Ringtone"", ""alarm""]","zenodo/163558.wav","zenodo"
"194279.wav","/m/07pp_mv","[""/m/01hnzm"", ""/m/07cx4"", ""/m/07pp_mv""]","alarm","[""telephone"", ""Ringtone"", ""alarm""]","zenodo/194279.wav","zenodo"
"194280.wav","/m/07pp_mv","[""/m/01hnzm"", ""/m/07cx4"", ""/m/07pp_mv""]","alarm","[""telephone"", ""Ringtone"", ""alarm""]","zenodo/194280.wav","zenodo"
"163561.wav","/m/07pp_mv","[""/m/01hnzm"", ""/m/07cx4"", ""/m/07pp_mv""]","alarm","[""telephone"", ""Ringtone"", ""alarm""]","zenodo/163561.wav","zenodo"
"163562.wav","/m/07pp_mv","[""/m/01hnzm"", ""/m/07cx4"", ""/m/07pp_mv""]","alarm","[""telephone"", ""Ringtone"", ""alarm""]","zenodo/163562.wav","zenodo"
"108797.wav","/m/07pp_mv","[""/m/01hnzm"", ""/m/07cx4"", ""/m/07pp_mv""]","alarm","[""telephone"", ""Ringtone"", ""alarm""]","zenodo/108797.wav","zenodo"
"258016.wav","/m/07pp_mv","[""/m/01hnzm"", ""/m/07rkbfh"", ""/m/07cx4"", ""/m/07pp_mv"", ""/t/dd00012""]","alarm","[""alarm"", ""telephone"", ""Human_group_actions"", ""Chatter"", ""Ringtone""]","zenodo/258016.wav","zenodo"
"134067.wav","/m/07pp_mv","[""/m/01hnzm"", ""/m/07cx4"", ""/m/07pp_mv""]","alarm","[""telephone"", ""Ringtone"", ""alarm""]","zenodo/134067.wav","zenodo"
"351711.wav","/m/07pp_mv","[""/m/01hnzm"", ""/m/07cx4"", ""/m/07pp_mv""]","alarm","[""telephone"", ""Ringtone"", ""alarm""]","zenodo/351711.wav","zenodo"
"102434.wav","/m/07pp_mv","[""/m/01hnzm"", ""/m/07cx4"", ""/m/07pp_mv""]","alarm","[""telephone"", ""Ringtone"", ""alarm""]","zenodo/102434.wav","zenodo"
"112211.wav","/m/07pp_mv","[""/m/01hnzm"", ""/m/07cx4"", ""/m/07pp_mv""]","alarm","[""telephone"", ""Ringtone"", ""alarm""]","zenodo/112211.wav","zenodo"
"178137.wav","/m/07pp_mv","[""/m/01hnzm"", ""/m/07cx4"", ""/m/07pp_mv""]","alarm","[""telephone"", ""Ringtone"", ""alarm""]","zenodo/178137.wav","zenodo"
"221359.wav","/m/07pp_mv","[""/m/01hnzm"", ""/m/07cx4"", ""/m/07pp_mv""]","alarm","[""telephone"", ""Ringtone"", ""alarm""]","zenodo/221359.wav","zenodo"
"315859.wav","/m/02mk9","[""/m/014zdl"", ""/m/02mk9"", ""/m/0k4j"", ""/m/012f08"", ""/m/07yv9""]","engine","[""Motor_vehicle_(road)"", ""Car"", ""Vehicle"", ""Explosion"", ""engine""]","zenodo/315859.wav","zenodo"
"9218.wav","/m/07pp_mv","[""/m/0gy1t2s"", ""/m/0395lw"", ""/m/07pp_mv"", ""/m/0199g"", ""/m/07yv9""]","alarm","[""Bicycle_bell"", ""Vehicle"", ""Bell"", ""alarm"", ""Bicycle""]","zenodo/9218.wav","zenodo"
"69181.wav","/m/07pp_mv","[""/m/0395lw"", ""/m/03wwcy"", ""/m/02dgv"", ""/t/dd00071"", ""/m/07pp_mv""]","alarm","[""Domestic_sounds_and_home_sounds"", ""Door"", ""Bell"", ""alarm"", ""doorbell""]","zenodo/69181.wav","zenodo"
"69184.wav","/m/07pp_mv","[""/m/0395lw"", ""/m/03wwcy"", ""/m/02dgv"", ""/t/dd00071"", ""/m/07pp_mv""]","alarm","[""Domestic_sounds_and_home_sounds"", ""Door"", ""Bell"", ""alarm"", ""doorbell""]","zenodo/69184.wav","zenodo"
"361564.wav","/m/07pp_mv","[""/m/0395lw"", ""/m/03wwcy"", ""/m/02dgv"", ""/t/dd00071"", ""/m/07pp_mv""]","alarm","[""Domestic_sounds_and_home_sounds"", ""Door"", ""Bell"", ""alarm"", ""doorbell""]","zenodo/361564.wav","zenodo"
"383595.wav","/m/07pp_mv","[""/m/0gy1t2s"", ""/m/0395lw"", ""/m/07pp_mv"", ""/m/0199g"", ""/m/07yv9""]","alarm","[""Bicycle_bell"", ""Vehicle"", ""Bell"", ""alarm"", ""Bicycle""]","zenodo/383595.wav","zenodo"
"78970.wav","/m/07pp_mv","[""/m/0gy1t2s"", ""/m/0395lw"", ""/m/07pp_mv"", ""/m/0199g"", ""/m/07yv9""]","alarm","[""Bicycle_bell"", ""Vehicle"", ""Bell"", ""alarm"", ""Bicycle""]","zenodo/78970.wav","zenodo"
"434818.wav","/m/07pp_mv","[""/m/0gy1t2s"", ""/m/0395lw"", ""/m/0199g"", ""/m/07yv9"", ""/m/07pp_mv""]","alarm","[""Bicycle_bell"", ""Vehicle"", ""Bell"", ""alarm"", ""Bicycle""]","zenodo/434818.wav","zenodo"
"78984.wav","/m/07pp_mv","[""/m/0gy1t2s"", ""/m/0395lw"", ""/m/07pp_mv"", ""/m/0199g"", ""/m/07yv9""]","alarm","[""Bicycle_bell"", ""Vehicle"", ""Bell"", ""alarm"", ""Bicycle""]","zenodo/78984.wav","zenodo"
"383629.wav","/m/07pp_mv","[""/m/0gy1t2s"", ""/m/0395lw"", ""/m/07pp_mv"", ""/m/0199g"", ""/m/07yv9""]","alarm","[""Bicycle_bell"", ""Vehicle"", ""Bell"", ""alarm"", ""Bicycle""]","zenodo/383629.wav","zenodo"
"203941.wav","/m/07pp_mv","[""/m/0395lw"", ""/m/03wwcy"", ""/m/02dgv"", ""/t/dd00071"", ""/m/07pp_mv""]","alarm","[""Domestic_sounds_and_home_sounds"", ""Door"", ""Bell"", ""alarm"", ""doorbell""]","zenodo/203941.wav","zenodo"
"203942.wav","/m/07pp_mv","[""/m/0395lw"", ""/m/03wwcy"", ""/m/02dgv"", ""/t/dd00071"", ""/m/07pp_mv""]","alarm","[""Domestic_sounds_and_home_sounds"", ""Door"", ""Bell"", ""alarm"", ""doorbell""]","zenodo/203942.wav","zenodo"
"203945.wav","/m/07pp_mv","[""/m/0395lw"", ""/m/03wwcy"", ""/m/02dgv"", ""/t/dd00071"", ""/m/07pp_mv""]","alarm","[""Domestic_sounds_and_home_sounds"", ""Door"", ""Bell"", ""alarm"", ""doorbell""]","zenodo/203945.wav","zenodo"
"203947.wav","/m/07pp_mv","[""/m/0395lw"", ""/m/03wwcy"", ""/m/02dgv"", ""/t/dd00071"", ""/m/07pp_mv""]","alarm","[""Domestic_sounds_and_home_sounds"", ""Door"", ""Bell"", ""alarm"", ""doorbell""]","zenodo/203947.wav","zenodo"
"275629.wav","/m/07pp_mv","[""/m/0395lw"", ""/m/03wwcy"", ""/m/02dgv"", ""/t/dd00071"", ""/m/07pp_mv""]","alarm","[""Domestic_sounds_and_home_sounds"", ""Door"", ""Bell"", ""alarm"", ""doorbell""]","zenodo/275629.wav","zenodo"
"192761.wav","/m/07pp_mv","[""/m/0395lw"", ""/m/03wwcy"", ""/m/02dgv"", ""/t/dd00071"", ""/m/07pp_mv""]","alarm","[""Domestic_sounds_and_home_sounds"", ""Door"", ""Bell"", ""alarm"", ""doorbell""]","zenodo/192761.wav","zenodo"
"235265.wav","/m/07pp_mv","[""/m/0395lw"", ""/m/07cx4"", ""/m/07pp_mv""]","alarm","[""Bell"", ""alarm"", ""telephone""]","zenodo/235265.wav","zenodo"
"196378.wav","/m/07pp_mv","[""/m/0395lw"", ""/m/03wwcy"", ""/m/02dgv"", ""/t/dd00071"", ""/m/07pp_mv""]","alarm","[""Domestic_sounds_and_home_sounds"", ""Door"", ""Bell"", ""alarm"", ""doorbell""]","zenodo/196378.wav","zenodo"
"196379.wav","/m/07pp_mv","[""/m/0395lw"", ""/m/03wwcy"", ""/m/02dgv"", ""/t/dd00071"", ""/m/07pp_mv""]","alarm","[""Domestic_sounds_and_home_sounds"", ""Door"", ""Bell"", ""alarm"", ""doorbell""]","zenodo/196379.wav","zenodo"
"196380.wav","/m/07pp_mv","[""/m/0395lw"", ""/m/03wwcy"", ""/m/02dgv"", ""/t/dd00071"", ""/m/07pp_mv""]","alarm","[""Domestic_sounds_and_home_sounds"", ""Door"", ""Bell"", ""alarm"", ""doorbell""]","zenodo/196380.wav","zenodo"
"223672.wav","/m/07pp_mv","[""/m/0395lw"", ""/m/03wwcy"", ""/m/02dgv"", ""/t/dd00071"", ""/m/07pp_mv""]","alarm","[""Domestic_sounds_and_home_sounds"", ""Door"", ""Bell"", ""alarm"", ""doorbell""]","zenodo/223672.wav","zenodo"
"70102.wav","/m/07pp_mv","[""/m/0395lw"", ""/m/03wwcy"", ""/m/02dgv"", ""/t/dd00071"", ""/m/07pp_mv""]","alarm","[""Domestic_sounds_and_home_sounds"", ""Door"", ""Bell"", ""alarm"", ""doorbell""]","zenodo/70102.wav","zenodo"
"21986.wav","/m/07pp_mv","[""/m/0395lw"", ""/m/03wwcy"", ""/m/02dgv"", ""/t/dd00071"", ""/m/07pp_mv""]","alarm","[""Domestic_sounds_and_home_sounds"", ""Door"", ""Bell"", ""alarm"", ""doorbell""]","zenodo/21986.wav","zenodo"
"403458.wav","/m/02mk9","[""/m/02mk9""]","engine","[""engine""]","zenodo/403458.wav","zenodo"
"258052.wav","/m/02mk9","[""/m/02mk9""]","engine","[""engine""]","zenodo/258052.wav","zenodo"
"256037.wav","/m/02mk9","[""/m/02mk9"", ""/t/dd00077""]","engine","[""engine"", ""Mechanisms""]","zenodo/256037.wav","zenodo"
"415791.wav","/m/02mk9","[""/m/02mk9""]","engine","[""engine""]","zenodo/415791.wav","zenodo"
"182328.wav","/m/02mk9","[""/m/02mk9""]","engine","[""engine""]","zenodo/182328.wav","zenodo"
"102459.wav","/m/02mk9","[""/m/02mk9""]","engine","[""engine""]","zenodo/102459.wav","zenodo"
"249920.wav","/m/02mk9","[""/m/04_sv"", ""/m/02mk9"", ""/m/012f08"", ""/m/07yv9""]","engine","[""Motor_vehicle_(road)"", ""Motorcycle"", ""Vehicle"", ""engine""]","zenodo/249920.wav","zenodo"
"256074.wav","/m/02mk9","[""/m/02mk9"", ""/t/dd00077""]","engine","[""engine"", ""Mechanisms""]","zenodo/256074.wav","zenodo"
"47190.wav","/m/02mk9","[""/m/02mk9""]","engine","[""engine""]","zenodo/47190.wav","zenodo"
"407647.wav","/m/02mk9","[""/m/02mk9""]","engine","[""engine""]","zenodo/407647.wav","zenodo"
"407648.wav","/m/02mk9","[""/m/02mk9""]","engine","[""engine""]","zenodo/407648.wav","zenodo"
"407649.wav","/m/02mk9","[""/m/02mk9""]","engine","[""engine""]","zenodo/407649.wav","zenodo"
"190581.wav","/m/02mk9","[""/m/0fx9l"", ""/m/02mk9"", ""/t/dd00071""]","engine","[""Microwave_oven"", ""engine"", ""Domestic_sounds_and_home_sounds""]","zenodo/190581.wav","zenodo"
"168060.wav","/m/02mk9","[""/m/02mk9""]","engine","[""engine""]","zenodo/168060.wav","zenodo"
"69759.wav","/m/02mk9","[""/m/02mk9""]","engine","[""engine""]","zenodo/69759.wav","zenodo"
"141450.wav","/m/02mk9","[""/m/02mk9""]","engine","[""engine""]","zenodo/141450.wav","zenodo"
"401547.wav","/m/02mk9","[""/m/02mk9""]","engine","[""engine""]","zenodo/401547.wav","zenodo"
"45198.wav","/m/02mk9","[""/m/02mk9""]","engine","[""engine""]","zenodo/45198.wav","zenodo"
"401551.wav","/m/02mk9","[""/m/02mk9""]","engine","[""engine""]","zenodo/401551.wav","zenodo"
"383122.wav","/m/02mk9","[""/m/02mk9""]","engine","[""engine""]","zenodo/383122.wav","zenodo"
"401555.wav","/m/02mk9","[""/m/02mk9""]","engine","[""engine""]","zenodo/401555.wav","zenodo"
"383124.wav","/m/02mk9","[""/m/02mk9""]","engine","[""engine""]","zenodo/383124.wav","zenodo"
"250007.wav","/m/02mk9","[""/m/02mk9"", ""/m/0k4j"", ""/m/012f08"", ""/m/07yv9""]","engine","[""Motor_vehicle_(road)"", ""Car"", ""engine"", ""Vehicle""]","zenodo/250007.wav","zenodo"
"270493.wav","/m/02mk9","[""/m/02mk9"", ""/m/0k4j"", ""/m/012f08"", ""/m/07yv9""]","engine","[""Motor_vehicle_(road)"", ""Car"", ""engine"", ""Vehicle""]","zenodo/270493.wav","zenodo"
"34991.wav","/m/02mk9","[""/m/02mk9""]","engine","[""engine""]","zenodo/34991.wav","zenodo"
"325808.wav","/m/02mk9","[""/m/02mk9""]","engine","[""engine""]","zenodo/325808.wav","zenodo"
"325809.wav","/m/02mk9","[""/m/02mk9""]","engine","[""engine""]","zenodo/325809.wav","zenodo"
"22706.wav","/m/02mk9","[""/m/02mk9"", ""/t/dd00071""]","engine","[""engine"", ""Domestic_sounds_and_home_sounds""]","zenodo/22706.wav","zenodo"
"118971.wav","/m/02mk9","[""/m/02mk9""]","engine","[""engine""]","zenodo/118971.wav","zenodo"
"118972.wav","/m/02mk9","[""/m/01b82r"", ""/m/02mk9"", ""/m/07k1x""]","engine","[""Sawing"", ""engine"", ""Tools""]","zenodo/118972.wav","zenodo"
"250057.wav","/m/02mk9","[""/m/02mk9"", ""/m/01d380"", ""/m/0_ksk"", ""/m/07k1x""]","engine","[""engine"", ""Power_tool"", ""drilling"", ""Tools""]","zenodo/250057.wav","zenodo"
"143562.wav","/m/02mk9","[""/m/02mk9"", ""/m/0k5j"", ""/m/07yv9""]","engine","[""engine"", ""Vehicle"", ""Aircraft""]","zenodo/143562.wav","zenodo"
"250061.wav","/m/02mk9","[""/m/02mk9"", ""/m/01d380"", ""/m/0_ksk"", ""/m/07k1x""]","engine","[""engine"", ""Power_tool"", ""drilling"", ""Tools""]","zenodo/250061.wav","zenodo"
"250062.wav","/m/02mk9","[""/m/02mk9"", ""/m/01d380"", ""/m/0_ksk"", ""/m/07k1x""]","engine","[""engine"", ""Power_tool"", ""drilling"", ""Tools""]","zenodo/250062.wav","zenodo"
"250063.wav","/m/02mk9","[""/m/02mk9"", ""/m/01d380"", ""/m/0_ksk"", ""/m/07k1x""]","engine","[""engine"", ""Power_tool"", ""drilling"", ""Tools""]","zenodo/250063.wav","zenodo"
"237.wav","/m/02mk9","[""/t/dd00134"", ""/m/02mk9"", ""/m/0k4j"", ""/m/012f08"", ""/m/07yv9""]","engine","[""Motor_vehicle_(road)"", ""Car"", ""Vehicle"", ""Car_passing_by"", ""engine""]","zenodo/237.wav","zenodo"
"211187.wav","/m/02mk9","[""/m/02mk9"", ""/m/01d380"", ""/m/0_ksk"", ""/m/07k1x""]","engine","[""engine"", ""Power_tool"", ""drilling"", ""Tools""]","zenodo/211187.wav","zenodo"
"20737.wav","/m/02mk9","[""/m/02mk9""]","engine","[""engine""]","zenodo/20737.wav","zenodo"
"170248.wav","/m/02mk9","[""/m/02mk9""]","engine","[""engine""]","zenodo/170248.wav","zenodo"
"45383.wav","/m/02mk9","[""/m/02mk9"", ""/m/01d380"", ""/m/0_ksk"", ""/m/07k1x""]","engine","[""engine"", ""Power_tool"", ""drilling"", ""Tools""]","zenodo/45383.wav","zenodo"
"254296.wav","/m/02mk9","[""/m/02mk9"", ""/m/01d380"", ""/t/dd00077"", ""/m/0_ksk"", ""/m/07k1x""]","engine","[""drilling"", ""Tools"", ""engine"", ""Power_tool"", ""Mechanisms""]","zenodo/254296.wav","zenodo"
"254298.wav","/m/02mk9","[""/m/02mk9"", ""/m/01d380"", ""/t/dd00077"", ""/m/0_ksk"", ""/m/07k1x""]","engine","[""drilling"", ""Tools"", ""engine"", ""Power_tool"", ""Mechanisms""]","zenodo/254298.wav","zenodo"
"254299.wav","/m/02mk9","[""/m/02mk9"", ""/m/01d380"", ""/t/dd00077"", ""/m/0_ksk"", ""/m/07k1x""]","engine","[""drilling"", ""Tools"", ""engine"", ""Power_tool"", ""Mechanisms""]","zenodo/254299.wav","zenodo"
"26972.wav","/m/02mk9","[""/m/02mk9"", ""/m/019jd"", ""/m/07yv9""]","engine","[""Boat_and_Water_vehicle"", ""engine"", ""Vehicle""]","zenodo/26972.wav","zenodo"
"254302.wav","/m/02mk9","[""/m/02mk9"", ""/m/01d380"", ""/m/0_ksk"", ""/m/07k1x""]","engine","[""engine"", ""Power_tool"", ""drilling"", ""Tools""]","zenodo/254302.wav","zenodo"
"254303.wav","/m/02mk9","[""/m/02mk9"", ""/m/01d380"", ""/m/0_ksk"", ""/m/07k1x""]","engine","[""engine"", ""Power_tool"", ""drilling"", ""Tools""]","zenodo/254303.wav","zenodo"
"395652.wav","/m/02mk9","[""/m/02mk9""]","engine","[""engine""]","zenodo/395652.wav","zenodo"
"190892.wav","/m/02mk9","[""/m/02mk9""]","engine","[""engine""]","zenodo/190892.wav","zenodo"
"240075.wav","/m/02mk9","[""/m/02mk9""]","engine","[""engine""]","zenodo/240075.wav","zenodo"
"156107.wav","/m/02mk9","[""/m/02mk9"", ""/t/dd00077""]","engine","[""engine"", ""Mechanisms""]","zenodo/156107.wav","zenodo"
"377297.wav","/m/02mk9","[""/m/02mk9""]","engine","[""engine""]","zenodo/377297.wav","zenodo"
"377301.wav","/m/02mk9","[""/m/02mk9"", ""/m/0k4j"", ""/m/012f08"", ""/m/07yv9""]","engine","[""Motor_vehicle_(road)"", ""Car"", ""engine"", ""Vehicle""]","zenodo/377301.wav","zenodo"
"66011.wav","/m/02mk9","[""/m/02mk9""]","engine","[""engine""]","zenodo/66011.wav","zenodo"
"70114.wav","/m/07pb8fc","[""/m/07pb8fc"", ""/m/02mk9""]","engine","[""engine""]","zenodo/70114.wav","zenodo"
"70115.wav","/m/07pb8fc","[""/m/07pb8fc"", ""/m/02mk9""]","engine","[""engine""]","zenodo/70115.wav","zenodo"
"70116.wav","/m/02mk9","[""/m/02mk9""]","engine","[""engine""]","zenodo/70116.wav","zenodo"
"70117.wav","/m/02mk9","[""/m/02mk9""]","engine","[""engine""]","zenodo/70117.wav","zenodo"
"70118.wav","/m/02mk9","[""/m/02mk9""]","engine","[""engine""]","zenodo/70118.wav","zenodo"
"70119.wav","/m/02mk9","[""/m/02mk9""]","engine","[""engine""]","zenodo/70119.wav","zenodo"
"70120.wav","/m/02mk9","[""/t/dd00130"", ""/m/02mk9""]","engine","[""Engine_starting"", ""engine""]","zenodo/70120.wav","zenodo"
"70121.wav","/m/02mk9","[""/t/dd00130"", ""/m/02mk9""]","engine","[""Engine_starting"", ""engine""]","zenodo/70121.wav","zenodo"
"70122.wav","/m/02mk9","[""/t/dd00130"", ""/m/02mk9""]","engine","[""Engine_starting"", ""engine""]","zenodo/70122.wav","zenodo"
"70123.wav","/m/02mk9","[""/t/dd00130"", ""/m/02mk9""]","engine","[""Engine_starting"", ""engine""]","zenodo/70123.wav","zenodo"
"70155.wav","/m/02mk9","[""/m/02mk9""]","engine","[""engine""]","zenodo/70155.wav","zenodo"
"70156.wav","/m/02mk9","[""/m/02mk9""]","engine","[""engine""]","zenodo/70156.wav","zenodo"
"70157.wav","/m/02mk9","[""/m/02mk9""]","engine","[""engine""]","zenodo/70157.wav","zenodo"
"70158.wav","/m/02mk9","[""/m/02mk9""]","engine","[""engine""]","zenodo/70158.wav","zenodo"
"70159.wav","/m/02mk9","[""/m/02mk9""]","engine","[""engine""]","zenodo/70159.wav","zenodo"
"70160.wav","/m/02mk9","[""/m/02mk9""]","engine","[""engine""]","zenodo/70160.wav","zenodo"
"256529.wav","/m/02mk9","[""/m/02mk9""]","engine","[""engine""]","zenodo/256529.wav","zenodo"
"70162.wav","/m/02mk9","[""/m/02mk9""]","engine","[""engine""]","zenodo/70162.wav","zenodo"
"70163.wav","/m/02mk9","[""/m/02mk9""]","engine","[""engine""]","zenodo/70163.wav","zenodo"
"70164.wav","/m/02mk9","[""/m/02mk9""]","engine","[""engine""]","zenodo/70164.wav","zenodo"
"70165.wav","/m/02mk9","[""/m/02mk9""]","engine","[""engine""]","zenodo/70165.wav","zenodo"
"70161.wav","/m/02mk9","[""/m/02mk9""]","engine","[""engine""]","zenodo/70161.wav","zenodo"
"70167.wav","/m/02mk9","[""/m/02mk9""]","engine","[""engine""]","zenodo/70167.wav","zenodo"
"365080.wav","/m/02mk9","[""/m/02mk9"", ""/t/dd00077""]","engine","[""engine"", ""Mechanisms""]","zenodo/365080.wav","zenodo"
"70166.wav","/m/02mk9","[""/m/02mk9""]","engine","[""engine""]","zenodo/70166.wav","zenodo"
"113180.wav","/m/02mk9","[""/m/02mk9"", ""/m/0k4j"", ""/m/012f08"", ""/m/07yv9""]","engine","[""Motor_vehicle_(road)"", ""Car"", ""engine"", ""Vehicle""]","zenodo/113180.wav","zenodo"
"113183.wav","/m/02mk9","[""/m/02mk9"", ""/m/0k4j"", ""/m/07yv9"", ""/m/012f08""]","engine","[""Motor_vehicle_(road)"", ""Car"", ""engine"", ""Vehicle""]","zenodo/113183.wav","zenodo"
"113184.wav","/m/02mk9","[""/m/02mk9"", ""/m/0k4j"", ""/m/07yv9"", ""/m/012f08""]","engine","[""Motor_vehicle_(road)"", ""Car"", ""engine"", ""Vehicle""]","zenodo/113184.wav","zenodo"
"168479.wav","/m/02mk9","[""/m/02mk9""]","engine","[""engine""]","zenodo/168479.wav","zenodo"
"168480.wav","/m/02mk9","[""/m/02mk9""]","engine","[""engine""]","zenodo/168480.wav","zenodo"
"168481.wav","/m/02mk9","[""/m/02mk9""]","engine","[""engine""]","zenodo/168481.wav","zenodo"
"113190.wav","/m/02mk9","[""/m/02mk9"", ""/m/0k4j"", ""/m/012f08"", ""/m/07yv9""]","engine","[""Motor_vehicle_(road)"", ""Car"", ""engine"", ""Vehicle""]","zenodo/113190.wav","zenodo"
"113192.wav","/m/02mk9","[""/m/02mk9"", ""/m/07yv9""]","engine","[""engine"", ""Vehicle""]","zenodo/113192.wav","zenodo"
"113193.wav","/m/02mk9","[""/m/02mk9"", ""/m/0k4j"", ""/m/07yv9"", ""/m/012f08""]","engine","[""Motor_vehicle_(road)"", ""Car"", ""engine"", ""Vehicle""]","zenodo/113193.wav","zenodo"
"113194.wav","/m/02mk9","[""/m/02mk9""]","engine","[""engine""]","zenodo/113194.wav","zenodo"
"213548.wav","/m/02mk9","[""/m/02mk9""]","engine","[""engine""]","zenodo/213548.wav","zenodo"
"113197.wav","/m/02mk9","[""/m/02mk9"", ""/m/0k4j"", ""/m/07yv9"", ""/m/012f08""]","engine","[""Motor_vehicle_(road)"", ""Car"", ""engine"", ""Vehicle""]","zenodo/113197.wav","zenodo"
"113198.wav","/m/02mk9","[""/m/02mk9"", ""/m/0k4j"", ""/m/07yv9"", ""/m/012f08""]","engine","[""Motor_vehicle_(road)"", ""Car"", ""engine"", ""Vehicle""]","zenodo/113198.wav","zenodo"
"113199.wav","/m/02mk9","[""/m/02mk9""]","engine","[""engine""]","zenodo/113199.wav","zenodo"
"268848.wav","/m/02mk9","[""/m/01m4t"", ""/m/02mk9"", ""/t/dd00077""]","engine","[""Mechanisms"", ""Printer"", ""engine""]","zenodo/268848.wav","zenodo"
"420402.wav","/m/02mk9","[""/m/02mk9""]","engine","[""engine""]","zenodo/420402.wav","zenodo"
"420403.wav","/m/02mk9","[""/m/02mk9""]","engine","[""engine""]","zenodo/420403.wav","zenodo"
"113209.wav","/m/02mk9","[""/m/02mk9""]","engine","[""engine""]","zenodo/113209.wav","zenodo"
"113210.wav","/m/02mk9","[""/m/02mk9"", ""/m/0k4j"", ""/m/07yv9"", ""/m/012f08""]","engine","[""Motor_vehicle_(road)"", ""Car"", ""engine"", ""Vehicle""]","zenodo/113210.wav","zenodo"
"113211.wav","/m/02mk9","[""/m/02mk9"", ""/m/07yv9""]","engine","[""engine"", ""Vehicle""]","zenodo/113211.wav","zenodo"
"113215.wav","/m/02mk9","[""/m/02mk9"", ""/m/0k4j"", ""/m/012f08"", ""/m/07yv9""]","engine","[""Motor_vehicle_(road)"", ""Car"", ""engine"", ""Vehicle""]","zenodo/113215.wav","zenodo"
"113216.wav","/m/02mk9","[""/m/02mk9""]","engine","[""engine""]","zenodo/113216.wav","zenodo"
"113217.wav","/m/02mk9","[""/m/02mk9"", ""/m/0k4j"", ""/m/07yv9"", ""/m/012f08""]","engine","[""Motor_vehicle_(road)"", ""Car"", ""engine"", ""Vehicle""]","zenodo/113217.wav","zenodo"
"156223.wav","/m/02mk9","[""/m/02mk9""]","engine","[""engine""]","zenodo/156223.wav","zenodo"
"264773.wav","/m/02mk9","[""/m/04_sv"", ""/m/02mk9"", ""/m/012f08"", ""/m/07yv9""]","engine","[""Motor_vehicle_(road)"", ""Motorcycle"", ""Vehicle"", ""engine""]","zenodo/264773.wav","zenodo"
"92741.wav","/m/02mk9","[""/m/02mk9""]","engine","[""engine""]","zenodo/92741.wav","zenodo"
"137821.wav","/m/02mk9","[""/m/02mk9"", ""/t/dd00077""]","engine","[""engine"", ""Mechanisms""]","zenodo/137821.wav","zenodo"
"162405.wav","/m/02mk9","[""/m/02mk9""]","engine","[""engine""]","zenodo/162405.wav","zenodo"
"387694.wav","/m/02mk9","[""/m/02mk9"", ""/m/01d380"", ""/m/0_ksk"", ""/m/07k1x""]","engine","[""engine"", ""Power_tool"", ""drilling"", ""Tools""]","zenodo/387694.wav","zenodo"
"387699.wav","/m/02mk9","[""/m/02mk9"", ""/m/01d380"", ""/m/0_ksk"", ""/m/07k1x""]","engine","[""engine"", ""Power_tool"", ""drilling"", ""Tools""]","zenodo/387699.wav","zenodo"
"387701.wav","/m/02mk9","[""/m/02mk9"", ""/m/01d380"", ""/m/0_ksk"", ""/m/07k1x""]","engine","[""engine"", ""Power_tool"", ""drilling"", ""Tools""]","zenodo/387701.wav","zenodo"
"387702.wav","/m/02mk9","[""/m/02mk9"", ""/m/01d380"", ""/m/0_ksk"", ""/m/07k1x""]","engine","[""engine"", ""Power_tool"", ""drilling"", ""Tools""]","zenodo/387702.wav","zenodo"
"387703.wav","/m/02mk9","[""/m/02mk9"", ""/m/01d380"", ""/t/dd00077"", ""/m/0_ksk"", ""/m/07k1x""]","engine","[""drilling"", ""Tools"", ""engine"", ""Power_tool"", ""Mechanisms""]","zenodo/387703.wav","zenodo"
"125560.wav","/m/02mk9","[""/m/02mk9"", ""/m/0k5j"", ""/m/07yv9""]","engine","[""engine"", ""Vehicle"", ""Aircraft""]","zenodo/125560.wav","zenodo"
"340627.wav","/m/02mk9","[""/m/02mk9""]","engine","[""engine""]","zenodo/340627.wav","zenodo"
"340630.wav","/m/02mk9","[""/m/02mk9""]","engine","[""engine""]","zenodo/340630.wav","zenodo"
"340631.wav","/m/02mk9","[""/m/02mk9""]","engine","[""engine""]","zenodo/340631.wav","zenodo"
"340632.wav","/m/02mk9","[""/m/02mk9"", ""/t/dd00077""]","engine","[""engine"", ""Mechanisms""]","zenodo/340632.wav","zenodo"
"340635.wav","/m/02mk9","[""/m/07q2z82"", ""/m/02mk9""]","engine","[""Accelerating_and_revving_and_vroom"", ""engine""]","zenodo/340635.wav","zenodo"
"340637.wav","/m/02mk9","[""/m/02mk9""]","engine","[""engine""]","zenodo/340637.wav","zenodo"
"340638.wav","/m/02mk9","[""/m/02mk9""]","engine","[""engine""]","zenodo/340638.wav","zenodo"
"340639.wav","/m/02mk9","[""/m/02mk9""]","engine","[""engine""]","zenodo/340639.wav","zenodo"
"340640.wav","/m/02mk9","[""/m/02mk9""]","engine","[""engine""]","zenodo/340640.wav","zenodo"
"365219.wav","/m/02mk9","[""/m/02mk9"", ""/m/0k4j"", ""/m/012f08"", ""/m/07yv9""]","engine","[""Motor_vehicle_(road)"", ""Car"", ""engine"", ""Vehicle""]","zenodo/365219.wav","zenodo"
"336549.wav","/m/02mk9","[""/m/04_sv"", ""/m/02mk9"", ""/m/012f08"", ""/m/07yv9""]","engine","[""Motor_vehicle_(road)"", ""Motorcycle"", ""Vehicle"", ""engine""]","zenodo/336549.wav","zenodo"
"266919.wav","/m/02mk9","[""/m/0195fx"", ""/m/02mk9"", ""/m/06d_3"", ""/m/07yv9""]","engine","[""Subway_and_metro_and_underground"", ""Rail_transport"", ""engine"", ""Vehicle""]","zenodo/266919.wav","zenodo"
"328359.wav","/m/02mk9","[""/m/02mk9"", ""/t/dd00077""]","engine","[""engine"", ""Mechanisms""]","zenodo/328359.wav","zenodo"
"340651.wav","/m/02mk9","[""/m/02mk9""]","engine","[""engine""]","zenodo/340651.wav","zenodo"
"340652.wav","/m/02mk9","[""/m/07q2z82"", ""/m/02mk9""]","engine","[""Accelerating_and_revving_and_vroom"", ""engine""]","zenodo/340652.wav","zenodo"
"340653.wav","/m/02mk9","[""/m/02mk9""]","engine","[""engine""]","zenodo/340653.wav","zenodo"
"340654.wav","/m/02mk9","[""/m/02mk9""]","engine","[""engine""]","zenodo/340654.wav","zenodo"
"82606.wav","/m/02mk9","[""/m/02mk9""]","engine","[""engine""]","zenodo/82606.wav","zenodo"
"340658.wav","/m/02mk9","[""/m/02mk9""]","engine","[""engine""]","zenodo/340658.wav","zenodo"
"213685.wav","/m/02mk9","[""/m/02mk9""]","engine","[""engine""]","zenodo/213685.wav","zenodo"
"340668.wav","/m/02mk9","[""/m/02mk9""]","engine","[""engine""]","zenodo/340668.wav","zenodo"
"340669.wav","/m/02mk9","[""/m/02mk9""]","engine","[""engine""]","zenodo/340669.wav","zenodo"
"340670.wav","/m/02mk9","[""/m/02mk9""]","engine","[""engine""]","zenodo/340670.wav","zenodo"
"340671.wav","/m/02mk9","[""/m/07q2z82"", ""/m/02mk9""]","engine","[""Accelerating_and_revving_and_vroom"", ""engine""]","zenodo/340671.wav","zenodo"
"340675.wav","/m/02mk9","[""/m/07q2z82"", ""/m/02mk9""]","engine","[""Accelerating_and_revving_and_vroom"", ""engine""]","zenodo/340675.wav","zenodo"
"340676.wav","/m/02mk9","[""/m/02mk9""]","engine","[""engine""]","zenodo/340676.wav","zenodo"
"340677.wav","/m/02mk9","[""/m/02mk9""]","engine","[""engine""]","zenodo/340677.wav","zenodo"
"191171.wav","/m/02mk9","[""/m/02mk9""]","engine","[""engine""]","zenodo/191171.wav","zenodo"
"191172.wav","/m/02mk9","[""/m/02mk9""]","engine","[""engine""]","zenodo/191172.wav","zenodo"
"340680.wav","/m/02mk9","[""/m/02mk9""]","engine","[""engine""]","zenodo/340680.wav","zenodo"
"340681.wav","/m/02mk9","[""/m/07q2z82"", ""/m/02mk9""]","engine","[""Accelerating_and_revving_and_vroom"", ""engine""]","zenodo/340681.wav","zenodo"
"340682.wav","/m/02mk9","[""/m/02mk9""]","engine","[""engine""]","zenodo/340682.wav","zenodo"
"340683.wav","/m/02mk9","[""/m/07q2z82"", ""/m/02mk9""]","engine","[""Accelerating_and_revving_and_vroom"", ""engine""]","zenodo/340683.wav","zenodo"
"340684.wav","/m/02mk9","[""/m/02mk9""]","engine","[""engine""]","zenodo/340684.wav","zenodo"
"340685.wav","/m/02mk9","[""/m/07q2z82"", ""/m/02mk9""]","engine","[""Accelerating_and_revving_and_vroom"", ""engine""]","zenodo/340685.wav","zenodo"
"340686.wav","/m/02mk9","[""/m/02mk9""]","engine","[""engine""]","zenodo/340686.wav","zenodo"
"340687.wav","/m/02mk9","[""/m/02mk9""]","engine","[""engine""]","zenodo/340687.wav","zenodo"
"191175.wav","/m/02mk9","[""/m/02mk9""]","engine","[""engine""]","zenodo/191175.wav","zenodo"
"68301.wav","/m/02mk9","[""/m/02mk9""]","engine","[""engine""]","zenodo/68301.wav","zenodo"
"162514.wav","/m/02mk9","[""/m/02mk9"", ""/m/0k4j"", ""/m/012f08"", ""/m/07yv9""]","engine","[""Motor_vehicle_(road)"", ""Car"", ""engine"", ""Vehicle""]","zenodo/162514.wav","zenodo"
"340693.wav","/m/02mk9","[""/m/02mk9""]","engine","[""engine""]","zenodo/340693.wav","zenodo"
"340696.wav","/m/02mk9","[""/m/02mk9"", ""/t/dd00077""]","engine","[""engine"", ""Mechanisms""]","zenodo/340696.wav","zenodo"
"340699.wav","/m/02mk9","[""/m/02mk9""]","engine","[""engine""]","zenodo/340699.wav","zenodo"
"340700.wav","/m/02mk9","[""/m/02mk9""]","engine","[""engine""]","zenodo/340700.wav","zenodo"
"340701.wav","/m/02mk9","[""/m/02mk9""]","engine","[""engine""]","zenodo/340701.wav","zenodo"
"387807.wav","/m/02mk9","[""/m/02mk9""]","engine","[""engine""]","zenodo/387807.wav","zenodo"
"340704.wav","/m/02mk9","[""/m/02mk9"", ""/t/dd00077""]","engine","[""engine"", ""Mechanisms""]","zenodo/340704.wav","zenodo"
"340705.wav","/m/02mk9","[""/m/02mk9""]","engine","[""engine""]","zenodo/340705.wav","zenodo"
"340707.wav","/m/02mk9","[""/m/02mk9""]","engine","[""engine""]","zenodo/340707.wav","zenodo"
"340708.wav","/m/02mk9","[""/m/02mk9"", ""/t/dd00077""]","engine","[""engine"", ""Mechanisms""]","zenodo/340708.wav","zenodo"
"387812.wav","/m/02mk9","[""/m/02mk9""]","engine","[""engine""]","zenodo/387812.wav","zenodo"
"387813.wav","/m/02mk9","[""/m/02mk9""]","engine","[""engine""]","zenodo/387813.wav","zenodo"
"387814.wav","/m/02mk9","[""/m/02mk9""]","engine","[""engine""]","zenodo/387814.wav","zenodo"
"340712.wav","/m/02mk9","[""/m/02mk9"", ""/t/dd00077""]","engine","[""engine"", ""Mechanisms""]","zenodo/340712.wav","zenodo"
"340713.wav","/m/02mk9","[""/m/02mk9"", ""/t/dd00077""]","engine","[""engine"", ""Mechanisms""]","zenodo/340713.wav","zenodo"
"340714.wav","/m/02mk9","[""/m/07q2z82"", ""/m/02mk9""]","engine","[""Accelerating_and_revving_and_vroom"", ""engine""]","zenodo/340714.wav","zenodo"
"387817.wav","/m/02mk9","[""/m/02mk9""]","engine","[""engine""]","zenodo/387817.wav","zenodo"
"340716.wav","/m/02mk9","[""/m/02mk9"", ""/t/dd00077""]","engine","[""engine"", ""Mechanisms""]","zenodo/340716.wav","zenodo"
"340717.wav","/m/02mk9","[""/m/02mk9"", ""/t/dd00077""]","engine","[""engine"", ""Mechanisms""]","zenodo/340717.wav","zenodo"
"146158.wav","/m/02mk9","[""/m/02mk9""]","engine","[""engine""]","zenodo/146158.wav","zenodo"
"340720.wav","/m/02mk9","[""/m/02mk9""]","engine","[""engine""]","zenodo/340720.wav","zenodo"
"393969.wav","/m/02mk9","[""/m/02mk9"", ""/t/dd00077""]","engine","[""engine"", ""Mechanisms""]","zenodo/393969.wav","zenodo"
"340722.wav","/m/02mk9","[""/m/07q2z82"", ""/m/02mk9"", ""/t/dd00077""]","engine","[""Accelerating_and_revving_and_vroom"", ""engine"", ""Mechanisms""]","zenodo/340722.wav","zenodo"
"340724.wav","/m/02mk9","[""/m/07q2z82"", ""/m/02mk9""]","engine","[""Accelerating_and_revving_and_vroom"", ""engine""]","zenodo/340724.wav","zenodo"
"340725.wav","/m/02mk9","[""/m/02mk9""]","engine","[""engine""]","zenodo/340725.wav","zenodo"
"340726.wav","/m/02mk9","[""/m/02mk9""]","engine","[""engine""]","zenodo/340726.wav","zenodo"
"340727.wav","/m/02mk9","[""/m/02mk9""]","engine","[""engine""]","zenodo/340727.wav","zenodo"
"340728.wav","/m/02mk9","[""/m/02mk9""]","engine","[""engine""]","zenodo/340728.wav","zenodo"
"340729.wav","/m/02mk9","[""/m/02mk9"", ""/t/dd00077""]","engine","[""engine"", ""Mechanisms""]","zenodo/340729.wav","zenodo"
"340730.wav","/m/02mk9","[""/m/02mk9""]","engine","[""engine""]","zenodo/340730.wav","zenodo"
"340731.wav","/m/02mk9","[""/m/02mk9"", ""/t/dd00077""]","engine","[""engine"", ""Mechanisms""]","zenodo/340731.wav","zenodo"
"340732.wav","/m/02mk9","[""/m/02mk9"", ""/t/dd00077""]","engine","[""engine"", ""Mechanisms""]","zenodo/340732.wav","zenodo"
"340733.wav","/m/02mk9","[""/m/02mk9"", ""/t/dd00077""]","engine","[""engine"", ""Mechanisms""]","zenodo/340733.wav","zenodo"
"254714.wav","/m/02mk9","[""/m/02mk9""]","engine","[""engine""]","zenodo/254714.wav","zenodo"
"17158.wav","/m/02mk9","[""/m/04_sv"", ""/m/02mk9"", ""/m/012f08"", ""/m/07yv9""]","engine","[""Motor_vehicle_(road)"", ""Motorcycle"", ""Vehicle"", ""engine""]","zenodo/17158.wav","zenodo"
"176904.wav","/m/02mk9","[""/m/02mk9""]","engine","[""engine""]","zenodo/176904.wav","zenodo"
"107272.wav","/m/02mk9","[""/m/01bjv"", ""/m/02mk9"", ""/m/012f08"", ""/m/07yv9""]","engine","[""Motor_vehicle_(road)"", ""Bus"", ""engine"", ""Vehicle""]","zenodo/107272.wav","zenodo"
"168719.wav","/m/02mk9","[""/m/01b82r"", ""/m/02mk9"", ""/m/07k1x""]","engine","[""Sawing"", ""engine"", ""Tools""]","zenodo/168719.wav","zenodo"
"166717.wav","/m/02mk9","[""/m/02mk9""]","engine","[""engine""]","zenodo/166717.wav","zenodo"
"168768.wav","/m/02mk9","[""/m/02mk9""]","engine","[""engine""]","zenodo/168768.wav","zenodo"
"6989.wav","/m/02mk9","[""/m/02mk9""]","engine","[""engine""]","zenodo/6989.wav","zenodo"
"6990.wav","/m/02mk9","[""/m/02mk9""]","engine","[""engine""]","zenodo/6990.wav","zenodo"
"267087.wav","/m/02mk9","[""/m/02mk9"", ""/t/dd00071""]","engine","[""engine"", ""Domestic_sounds_and_home_sounds""]","zenodo/267087.wav","zenodo"
"95056.wav","/m/02mk9","[""/m/02mk9"", ""/m/07yv9""]","engine","[""engine"", ""Vehicle""]","zenodo/95056.wav","zenodo"
"2931.wav","/m/02mk9","[""/m/02mk9""]","engine","[""engine""]","zenodo/2931.wav","zenodo"
"217977.wav","/m/02mk9","[""/m/02mk9""]","engine","[""engine""]","zenodo/217977.wav","zenodo"
"217978.wav","/m/02mk9","[""/m/02mk9""]","engine","[""engine""]","zenodo/217978.wav","zenodo"
"2939.wav","/m/02mk9","[""/m/02mk9""]","engine","[""engine""]","zenodo/2939.wav","zenodo"
"217981.wav","/m/02mk9","[""/m/02mk9"", ""/m/0k4j"", ""/m/012f08"", ""/m/07yv9""]","engine","[""Motor_vehicle_(road)"", ""Car"", ""engine"", ""Vehicle""]","zenodo/217981.wav","zenodo"
"205694.wav","/m/02mk9","[""/m/02mk9""]","engine","[""engine""]","zenodo/205694.wav","zenodo"
"58245.wav","/m/02mk9","[""/m/01bjv"", ""/m/02mk9"", ""/m/012f08"", ""/m/07yv9""]","engine","[""Motor_vehicle_(road)"", ""Bus"", ""engine"", ""Vehicle""]","zenodo/58245.wav","zenodo"
"103301.wav","/m/02mk9","[""/m/02mk9""]","engine","[""engine""]","zenodo/103301.wav","zenodo"
"385929.wav","/m/02mk9","[""/m/02mk9"", ""/m/07yv9""]","engine","[""engine"", ""Vehicle""]","zenodo/385929.wav","zenodo"
"385930.wav","/m/02mk9","[""/m/02mk9"", ""/m/07yv9""]","engine","[""engine"", ""Vehicle""]","zenodo/385930.wav","zenodo"
"385931.wav","/m/02mk9","[""/m/02mk9"", ""/m/07yv9""]","engine","[""engine"", ""Vehicle""]","zenodo/385931.wav","zenodo"
"385932.wav","/m/02mk9","[""/m/02mk9"", ""/m/07yv9""]","engine","[""engine"", ""Vehicle""]","zenodo/385932.wav","zenodo"
"158631.wav","/m/02mk9","[""/m/02mk9""]","engine","[""engine""]","zenodo/158631.wav","zenodo"
"29609.wav","/m/02mk9","[""/m/01bjv"", ""/m/02mk9"", ""/m/012f08"", ""/m/07yv9""]","engine","[""Motor_vehicle_(road)"", ""Bus"", ""engine"", ""Vehicle""]","zenodo/29609.wav","zenodo"
"107451.wav","/m/02mk9","[""/m/02mk9""]","engine","[""engine""]","zenodo/107451.wav","zenodo"
"320474.wav","/m/02mk9","[""/m/02mk9""]","engine","[""engine""]","zenodo/320474.wav","zenodo"
"66522.wav","/m/02mk9","[""/m/02mk9""]","engine","[""engine""]","zenodo/66522.wav","zenodo"
"160737.wav","/m/02mk9","[""/m/02mk9""]","engine","[""engine""]","zenodo/160737.wav","zenodo"
"72674.wav","/m/02mk9","[""/m/02mk9"", ""/t/dd00077""]","engine","[""engine"", ""Mechanisms""]","zenodo/72674.wav","zenodo"
"70637.wav","/m/02mk9","[""/m/02mk9"", ""/t/dd00077""]","engine","[""engine"", ""Mechanisms""]","zenodo/70637.wav","zenodo"
"349170.wav","/m/02mk9","[""/m/02mk9""]","engine","[""engine""]","zenodo/349170.wav","zenodo"
"410616.wav","/m/02mk9","[""/m/02mk9"", ""/t/dd00077""]","engine","[""engine"", ""Mechanisms""]","zenodo/410616.wav","zenodo"
"257021.wav","/m/02mk9","[""/m/02mk9"", ""/t/dd00077""]","engine","[""engine"", ""Mechanisms""]","zenodo/257021.wav","zenodo"
"257024.wav","/m/02mk9","[""/m/02mk9""]","engine","[""engine""]","zenodo/257024.wav","zenodo"
"257026.wav","/m/02mk9","[""/m/02mk9""]","engine","[""engine""]","zenodo/257026.wav","zenodo"
"103429.wav","/m/02mk9","[""/m/04_sv"", ""/m/02mk9"", ""/m/012f08"", ""/m/07yv9""]","engine","[""Motor_vehicle_(road)"", ""Motorcycle"", ""Vehicle"", ""engine""]","zenodo/103429.wav","zenodo"
"103431.wav","/m/02mk9","[""/m/04_sv"", ""/m/02mk9"", ""/m/012f08"", ""/m/07yv9""]","engine","[""Motor_vehicle_(road)"", ""Motorcycle"", ""Vehicle"", ""engine""]","zenodo/103431.wav","zenodo"
"103432.wav","/m/02mk9","[""/m/04_sv"", ""/m/02mk9"", ""/m/012f08"", ""/m/07yv9""]","engine","[""Motor_vehicle_(road)"", ""Motorcycle"", ""Vehicle"", ""engine""]","zenodo/103432.wav","zenodo"
"103434.wav","/m/02mk9","[""/m/02mk9""]","engine","[""engine""]","zenodo/103434.wav","zenodo"
"384021.wav","/m/02mk9","[""/m/02x984l"", ""/m/02mk9"", ""/t/dd00077""]","engine","[""Mechanical_fan"", ""engine"", ""Mechanisms""]","zenodo/384021.wav","zenodo"
"44066.wav","/m/02mk9","[""/m/02mk9""]","engine","[""engine""]","zenodo/44066.wav","zenodo"
"52259.wav","/m/02mk9","[""/m/07swgks"", ""/m/02mk9"", ""/m/0838f""]","engine","[""Gurgling"", ""engine"", ""Water""]","zenodo/52259.wav","zenodo"
"52260.wav","/m/02mk9","[""/m/02mk9""]","engine","[""engine""]","zenodo/52260.wav","zenodo"
"265255.wav","/m/02mk9","[""/m/02mk9""]","engine","[""engine""]","zenodo/265255.wav","zenodo"
"394287.wav","/m/02mk9","[""/m/02mk9"", ""/m/019jd"", ""/m/07yv9""]","engine","[""Boat_and_Water_vehicle"", ""engine"", ""Vehicle""]","zenodo/394287.wav","zenodo"
"242738.wav","/m/02mk9","[""/m/02mk9"", ""/m/07r04"", ""/m/012f08"", ""/m/07yv9""]","engine","[""Motor_vehicle_(road)"", ""Truck"", ""engine"", ""Vehicle""]","zenodo/242738.wav","zenodo"
"242739.wav","/m/02mk9","[""/m/02mk9"", ""/m/07r04"", ""/m/0k4j"", ""/m/012f08"", ""/m/07yv9""]","engine","[""Motor_vehicle_(road)"", ""Truck"", ""Car"", ""Vehicle"", ""engine""]","zenodo/242739.wav","zenodo"
"242740.wav","/m/02mk9","[""/m/02mk9"", ""/m/07r04"", ""/m/0k4j"", ""/m/012f08"", ""/m/07yv9""]","engine","[""Motor_vehicle_(road)"", ""Truck"", ""Car"", ""Vehicle"", ""engine""]","zenodo/242740.wav","zenodo"
"242741.wav","/m/02mk9","[""/m/02mk9"", ""/m/07r04"", ""/m/0k4j"", ""/m/012f08"", ""/m/07yv9""]","engine","[""Motor_vehicle_(road)"", ""Truck"", ""Car"", ""Vehicle"", ""engine""]","zenodo/242741.wav","zenodo"
"44086.wav","/m/02mk9","[""/m/0ltv"", ""/t/dd00130"", ""/m/02mk9"", ""/m/0k4j"", ""/m/012f08"", ""/m/07yv9""]","engine","[""Motor_vehicle_(road)"", ""Race_car_and_auto_racing"", ""Car"", ""Engine_starting"", ""Vehicle"", ""engine""]","zenodo/44086.wav","zenodo"
"46138.wav","/m/02mk9","[""/m/02mk9""]","engine","[""engine""]","zenodo/46138.wav","zenodo"
"250942.wav","/m/02mk9","[""/m/02mk9"", ""/m/0k4j"", ""/m/012f08"", ""/m/07yv9""]","engine","[""Motor_vehicle_(road)"", ""Car"", ""engine"", ""Vehicle""]","zenodo/250942.wav","zenodo"
"130117.wav","/m/02mk9","[""/m/02mk9""]","engine","[""engine""]","zenodo/130117.wav","zenodo"
"119891.wav","/m/02mk9","[""/m/02mk9""]","engine","[""engine""]","zenodo/119891.wav","zenodo"
"212068.wav","/m/02mk9","[""/m/02mk9""]","engine","[""engine""]","zenodo/212068.wav","zenodo"
"371816.wav","/m/02mk9","[""/m/02mk9""]","engine","[""engine""]","zenodo/371816.wav","zenodo"
"3185.wav","/m/02mk9","[""/m/02mk9""]","engine","[""engine""]","zenodo/3185.wav","zenodo"
"384116.wav","/m/02mk9","[""/m/02mk9""]","engine","[""engine""]","zenodo/384116.wav","zenodo"
"371829.wav","/m/02mk9","[""/m/02mk9""]","engine","[""engine""]","zenodo/371829.wav","zenodo"
"384119.wav","/m/02mk9","[""/m/02mk9""]","engine","[""engine""]","zenodo/384119.wav","zenodo"
"238712.wav","/m/02mk9","[""/m/02mk9""]","engine","[""engine""]","zenodo/238712.wav","zenodo"
"384121.wav","/m/02mk9","[""/m/02mk9""]","engine","[""engine""]","zenodo/384121.wav","zenodo"
"72828.wav","/m/02mk9","[""/m/02mk9""]","engine","[""engine""]","zenodo/72828.wav","zenodo"
"54404.wav","/m/02mk9","[""/m/02mk9"", ""/m/07jdr"", ""/m/06d_3"", ""/m/07yv9""]","engine","[""Train"", ""Rail_transport"", ""engine"", ""Vehicle""]","zenodo/54404.wav","zenodo"
"421001.wav","/m/02mk9","[""/m/02mk9""]","engine","[""engine""]","zenodo/421001.wav","zenodo"
"212107.wav","/m/02mk9","[""/m/02mk9""]","engine","[""engine""]","zenodo/212107.wav","zenodo"
"17560.wav","/m/02mk9","[""/m/02mk9""]","engine","[""engine""]","zenodo/17560.wav","zenodo"
"19622.wav","/m/02mk9","[""/m/02mk9""]","engine","[""engine""]","zenodo/19622.wav","zenodo"
"44199.wav","/m/02mk9","[""/m/02mk9""]","engine","[""engine""]","zenodo/44199.wav","zenodo"
"169136.wav","/m/02mk9","[""/m/01b82r"", ""/m/02mk9"", ""/m/07k1x""]","engine","[""Sawing"", ""engine"", ""Tools""]","zenodo/169136.wav","zenodo"
"169137.wav","/m/02mk9","[""/m/01b82r"", ""/m/02mk9"", ""/m/07k1x""]","engine","[""Sawing"", ""engine"", ""Tools""]","zenodo/169137.wav","zenodo"
"44223.wav","/m/02mk9","[""/m/0ltv"", ""/m/07q2z82"", ""/m/02mk9"", ""/t/dd00077"", ""/m/0k4j"", ""/m/012f08"", ""/m/07yv9""]","engine","[""Motor_vehicle_(road)"", ""Race_car_and_auto_racing"", ""Car"", ""Vehicle"", ""Accelerating_and_revving_and_vroom"", ""engine"", ""Mechanisms""]","zenodo/44223.wav","zenodo"
"183489.wav","/m/02mk9","[""/m/02mk9""]","engine","[""engine""]","zenodo/183489.wav","zenodo"
"332997.wav","/m/02mk9","[""/m/02mk9""]","engine","[""engine""]","zenodo/332997.wav","zenodo"
"87246.wav","/m/02mk9","[""/m/02mk9""]","engine","[""engine""]","zenodo/87246.wav","zenodo"
"87247.wav","/m/02mk9","[""/m/02mk9""]","engine","[""engine""]","zenodo/87247.wav","zenodo"
"87248.wav","/m/02mk9","[""/m/02mk9""]","engine","[""engine""]","zenodo/87248.wav","zenodo"
"195791.wav","/m/02mk9","[""/m/02mk9""]","engine","[""engine""]","zenodo/195791.wav","zenodo"
"87250.wav","/m/02mk9","[""/m/02mk9""]","engine","[""engine""]","zenodo/87250.wav","zenodo"
"60640.wav","/m/02mk9","[""/m/02mk9"", ""/t/dd00077""]","engine","[""engine"", ""Mechanisms""]","zenodo/60640.wav","zenodo"
"204001.wav","/m/02mk9","[""/m/02mk9""]","engine","[""engine""]","zenodo/204001.wav","zenodo"
"56558.wav","/m/02mk9","[""/m/02mk9""]","engine","[""engine""]","zenodo/56558.wav","zenodo"
"345337.wav","/m/02mk9","[""/m/02mk9""]","engine","[""engine""]","zenodo/345337.wav","zenodo"
"259328.wav","/m/02mk9","[""/m/02mk9""]","engine","[""engine""]","zenodo/259328.wav","zenodo"
"351505.wav","/m/02mk9","[""/m/02mk9""]","engine","[""engine""]","zenodo/351505.wav","zenodo"
"132385.wav","/m/02mk9","[""/m/02mk9""]","engine","[""engine""]","zenodo/132385.wav","zenodo"
"191173.wav","/m/02mk9","[""/m/02mk9""]","engine","[""engine""]","zenodo/191173.wav","zenodo"
"425268.wav","/m/02mk9","[""/m/02mk9"", ""/m/0k5j"", ""/m/07yv9""]","engine","[""engine"", ""Vehicle"", ""Aircraft""]","zenodo/425268.wav","zenodo"
"216373.wav","/m/02mk9","[""/m/02mk9""]","engine","[""engine""]","zenodo/216373.wav","zenodo"
"191174.wav","/m/02mk9","[""/m/02mk9""]","engine","[""engine""]","zenodo/191174.wav","zenodo"
"216375.wav","/m/02mk9","[""/m/02mk9""]","engine","[""engine""]","zenodo/216375.wav","zenodo"
"54586.wav","/m/02mk9","[""/m/02mk9""]","engine","[""engine""]","zenodo/54586.wav","zenodo"
"216378.wav","/m/02mk9","[""/m/02mk9""]","engine","[""engine""]","zenodo/216378.wav","zenodo"
"97595.wav","/m/02mk9","[""/m/02mk9""]","engine","[""engine""]","zenodo/97595.wav","zenodo"
"181565.wav","/m/02mk9","[""/m/02mk9""]","engine","[""engine""]","zenodo/181565.wav","zenodo"
"97596.wav","/m/02mk9","[""/m/02mk9""]","engine","[""engine""]","zenodo/97596.wav","zenodo"
"216381.wav","/m/02mk9","[""/m/02mk9""]","engine","[""engine""]","zenodo/216381.wav","zenodo"
"216382.wav","/m/02mk9","[""/m/02mk9""]","engine","[""engine""]","zenodo/216382.wav","zenodo"
"181569.wav","/m/02mk9","[""/m/07rjzl8"", ""/t/dd00130"", ""/m/02mk9"", ""/m/02dgv"", ""/t/dd00071""]","engine","[""Domestic_sounds_and_home_sounds"", ""Door"", ""Slam"", ""Engine_starting"", ""engine""]","zenodo/181569.wav","zenodo"
"326986.wav","/m/02mk9","[""/m/02mk9"", ""/t/dd00077""]","engine","[""engine"", ""Mechanisms""]","zenodo/326986.wav","zenodo"
"111948.wav","/m/02mk9","[""/m/02mk9"", ""/m/07yv9""]","engine","[""engine"", ""Vehicle""]","zenodo/111948.wav","zenodo"
"111949.wav","/m/02mk9","[""/m/02mk9"", ""/m/07yv9""]","engine","[""engine"", ""Vehicle""]","zenodo/111949.wav","zenodo"
"128334.wav","/m/02mk9","[""/m/04_sv"", ""/m/02mk9"", ""/m/012f08"", ""/m/07yv9""]","engine","[""Motor_vehicle_(road)"", ""Motorcycle"", ""Vehicle"", ""engine""]","zenodo/128334.wav","zenodo"
"161103.wav","/m/02mk9","[""/m/02mk9""]","engine","[""engine""]","zenodo/161103.wav","zenodo"
"28014.wav","/m/02mk9","[""/m/02mk9""]","engine","[""engine""]","zenodo/28014.wav","zenodo"
"56688.wav","/m/02mk9","[""/m/02mk9""]","engine","[""engine""]","zenodo/56688.wav","zenodo"
"431478.wav","/m/07pb8fc","[""/m/07pb8fc"", ""/t/dd00130"", ""/m/02mk9""]","engine","[""Engine_starting"", ""engine""]","zenodo/431478.wav","zenodo"
"56703.wav","/m/02mk9","[""/m/02mk9""]","engine","[""engine""]","zenodo/56703.wav","zenodo"
"56704.wav","/m/02mk9","[""/m/02mk9""]","engine","[""engine""]","zenodo/56704.wav","zenodo"
"56706.wav","/m/02mk9","[""/m/02mk9""]","engine","[""engine""]","zenodo/56706.wav","zenodo"
"56707.wav","/m/02mk9","[""/m/02mk9""]","engine","[""engine""]","zenodo/56707.wav","zenodo"
"56708.wav","/m/02mk9","[""/m/02mk9""]","engine","[""engine""]","zenodo/56708.wav","zenodo"
"56709.wav","/m/02mk9","[""/m/02mk9""]","engine","[""engine""]","zenodo/56709.wav","zenodo"
"56710.wav","/m/02mk9","[""/m/02mk9""]","engine","[""engine""]","zenodo/56710.wav","zenodo"
"339335.wav","/m/02mk9","[""/m/02mk9""]","engine","[""engine""]","zenodo/339335.wav","zenodo"
"327048.wav","/m/02mk9","[""/m/02mk9"", ""/m/01d380"", ""/m/0_ksk"", ""/m/07k1x""]","engine","[""engine"", ""Power_tool"", ""drilling"", ""Tools""]","zenodo/327048.wav","zenodo"
"185744.wav","/m/02mk9","[""/m/02mk9"", ""/m/0k4j"", ""/m/012f08"", ""/m/07yv9""]","engine","[""Motor_vehicle_(road)"", ""Car"", ""engine"", ""Vehicle""]","zenodo/185744.wav","zenodo"
"189877.wav","/m/02mk9","[""/m/02mk9""]","engine","[""engine""]","zenodo/189877.wav","zenodo"
"58808.wav","/m/02mk9","[""/m/02mk9""]","engine","[""engine""]","zenodo/58808.wav","zenodo"
"13764.wav","/m/02mk9","[""/m/02mk9"", ""/t/dd00077""]","engine","[""engine"", ""Mechanisms""]","zenodo/13764.wav","zenodo"
"345557.wav","/m/02mk9","[""/m/02mk9"", ""/m/0k4j"", ""/m/012f08"", ""/m/07yv9""]","engine","[""Motor_vehicle_(road)"", ""Car"", ""engine"", ""Vehicle""]","zenodo/345557.wav","zenodo"
"345559.wav","/m/02mk9","[""/m/02mk9"", ""/m/0k4j"", ""/m/07yv9"", ""/m/012f08""]","engine","[""Motor_vehicle_(road)"", ""Car"", ""engine"", ""Vehicle""]","zenodo/345559.wav","zenodo"
"148957.wav","/m/02mk9","[""/m/02mk9"", ""/t/dd00077""]","engine","[""engine"", ""Mechanisms""]","zenodo/148957.wav","zenodo"
"378338.wav","/m/02mk9","[""/m/04_sv"", ""/m/02mk9"", ""/m/012f08"", ""/m/07yv9""]","engine","[""Motor_vehicle_(road)"", ""Motorcycle"", ""Vehicle"", ""engine""]","zenodo/378338.wav","zenodo"
"378339.wav","/m/02mk9","[""/m/04_sv"", ""/m/02mk9"", ""/m/012f08"", ""/m/07yv9""]","engine","[""Motor_vehicle_(road)"", ""Motorcycle"", ""Vehicle"", ""engine""]","zenodo/378339.wav","zenodo"
"378341.wav","/m/02mk9","[""/m/04_sv"", ""/m/02mk9"", ""/m/012f08"", ""/m/07yv9""]","engine","[""Motor_vehicle_(road)"", ""Motorcycle"", ""Vehicle"", ""engine""]","zenodo/378341.wav","zenodo"
"378342.wav","/m/02mk9","[""/m/02mk9""]","engine","[""engine""]","zenodo/378342.wav","zenodo"
"232935.wav","/m/02mk9","[""/m/02mk9""]","engine","[""engine""]","zenodo/232935.wav","zenodo"
"378347.wav","/m/02mk9","[""/m/04_sv"", ""/m/02mk9"", ""/m/012f08"", ""/m/07yv9""]","engine","[""Motor_vehicle_(road)"", ""Motorcycle"", ""Vehicle"", ""engine""]","zenodo/378347.wav","zenodo"
"378349.wav","/m/02mk9","[""/m/02mk9""]","engine","[""engine""]","zenodo/378349.wav","zenodo"
"17911.wav","/m/02mk9","[""/m/02mk9""]","engine","[""engine""]","zenodo/17911.wav","zenodo"
"433662.wav","/m/02mk9","[""/m/02mk9"", ""/t/dd00077""]","engine","[""engine"", ""Mechanisms""]","zenodo/433662.wav","zenodo"
"433666.wav","/m/02mk9","[""/m/02mk9""]","engine","[""engine""]","zenodo/433666.wav","zenodo"
"257541.wav","/m/02mk9","[""/m/02mk9""]","engine","[""engine""]","zenodo/257541.wav","zenodo"
"257542.wav","/m/02mk9","[""/m/02mk9""]","engine","[""engine""]","zenodo/257542.wav","zenodo"
"370189.wav","/m/02mk9","[""/m/02mk9"", ""/t/dd00077""]","engine","[""engine"", ""Mechanisms""]","zenodo/370189.wav","zenodo"
"423448.wav","/m/02mk9","[""/m/02mk9"", ""/t/dd00077""]","engine","[""engine"", ""Mechanisms""]","zenodo/423448.wav","zenodo"
"106013.wav","/m/02mk9","[""/t/dd00130"", ""/m/02mk9""]","engine","[""Engine_starting"", ""engine""]","zenodo/106013.wav","zenodo"
"351775.wav","/m/02mk9","[""/m/01b82r"", ""/m/02mk9"", ""/m/07k1x""]","engine","[""Sawing"", ""engine"", ""Tools""]","zenodo/351775.wav","zenodo"
"425525.wav","/m/02mk9","[""/t/dd00134"", ""/m/02mk9"", ""/m/07r04"", ""/m/012f08"", ""/m/07yv9"", ""/m/0k4j""]","engine","[""Motor_vehicle_(road)"", ""Truck"", ""Car"", ""Vehicle"", ""Car_passing_by"", ""engine""]","zenodo/425525.wav","zenodo"
"425526.wav","/m/02mk9","[""/t/dd00134"", ""/m/02mk9"", ""/m/07r04"", ""/m/012f08"", ""/m/07yv9"", ""/m/0k4j""]","engine","[""Motor_vehicle_(road)"", ""Truck"", ""Car"", ""Vehicle"", ""Car_passing_by"", ""engine""]","zenodo/425526.wav","zenodo"
"48695.wav","/m/02mk9","[""/m/02mk9""]","engine","[""engine""]","zenodo/48695.wav","zenodo"
"48696.wav","/m/02mk9","[""/m/02mk9""]","engine","[""engine""]","zenodo/48696.wav","zenodo"
"48702.wav","/m/02mk9","[""/m/02mk9""]","engine","[""engine""]","zenodo/48702.wav","zenodo"
"177738.wav","/m/02mk9","[""/m/02mk9""]","engine","[""engine""]","zenodo/177738.wav","zenodo"
"46668.wav","/m/02mk9","[""/m/02mk9"", ""/m/01d380"", ""/m/0_ksk"", ""/m/07k1x""]","engine","[""engine"", ""Power_tool"", ""drilling"", ""Tools""]","zenodo/46668.wav","zenodo"
"89680.wav","/m/02mk9","[""/m/04_sv"", ""/m/02mk9"", ""/m/012f08"", ""/m/07yv9""]","engine","[""Motor_vehicle_(road)"", ""Motorcycle"", ""Vehicle"", ""engine""]","zenodo/89680.wav","zenodo"
"368209.wav","/m/02mk9","[""/m/04_sv"", ""/m/02mk9"", ""/m/012f08"", ""/m/07yv9""]","engine","[""Motor_vehicle_(road)"", ""Motorcycle"", ""Vehicle"", ""engine""]","zenodo/368209.wav","zenodo"
"368210.wav","/m/02mk9","[""/m/04_sv"", ""/m/02mk9"", ""/m/012f08"", ""/m/07yv9""]","engine","[""Motor_vehicle_(road)"", ""Motorcycle"", ""Vehicle"", ""engine""]","zenodo/368210.wav","zenodo"
"368212.wav","/m/02mk9","[""/m/04_sv"", ""/m/02mk9"", ""/m/012f08"", ""/m/07yv9""]","engine","[""Motor_vehicle_(road)"", ""Motorcycle"", ""Vehicle"", ""engine""]","zenodo/368212.wav","zenodo"
"368213.wav","/m/02mk9","[""/m/04_sv"", ""/m/02mk9"", ""/m/012f08"", ""/m/07yv9""]","engine","[""Motor_vehicle_(road)"", ""Motorcycle"", ""Vehicle"", ""engine""]","zenodo/368213.wav","zenodo"
"368214.wav","/m/02mk9","[""/m/04_sv"", ""/m/02mk9"", ""/m/012f08"", ""/m/07yv9""]","engine","[""Motor_vehicle_(road)"", ""Motorcycle"", ""Vehicle"", ""engine""]","zenodo/368214.wav","zenodo"
"368215.wav","/m/02mk9","[""/m/04_sv"", ""/m/02mk9"", ""/m/012f08"", ""/m/07yv9""]","engine","[""Motor_vehicle_(road)"", ""Motorcycle"", ""Vehicle"", ""engine""]","zenodo/368215.wav","zenodo"
"222804.wav","/m/02mk9","[""/m/02mk9""]","engine","[""engine""]","zenodo/222804.wav","zenodo"
"222805.wav","/m/02mk9","[""/m/02mk9""]","engine","[""engine""]","zenodo/222805.wav","zenodo"
"222807.wav","/m/02mk9","[""/t/dd00130"", ""/m/02mk9""]","engine","[""Engine_starting"", ""engine""]","zenodo/222807.wav","zenodo"
"222808.wav","/m/02mk9","[""/t/dd00130"", ""/m/02mk9""]","engine","[""Engine_starting"", ""engine""]","zenodo/222808.wav","zenodo"
"251485.wav","/m/02mk9","[""/m/02mk9"", ""/t/dd00077""]","engine","[""engine"", ""Mechanisms""]","zenodo/251485.wav","zenodo"
"128614.wav","/m/02mk9","[""/m/02mk9"", ""/m/0k5j"", ""/m/07yv9""]","engine","[""engine"", ""Vehicle"", ""Aircraft""]","zenodo/128614.wav","zenodo"
"114283.wav","/m/02mk9","[""/m/02mk9""]","engine","[""engine""]","zenodo/114283.wav","zenodo"
"114284.wav","/m/02mk9","[""/m/02mk9""]","engine","[""engine""]","zenodo/114284.wav","zenodo"
"114285.wav","/m/02mk9","[""/m/02mk9""]","engine","[""engine""]","zenodo/114285.wav","zenodo"
"114286.wav","/m/02mk9","[""/m/02mk9""]","engine","[""engine""]","zenodo/114286.wav","zenodo"
"200303.wav","/m/02mk9","[""/m/02mk9""]","engine","[""engine""]","zenodo/200303.wav","zenodo"
"114287.wav","/m/02mk9","[""/m/02mk9""]","engine","[""engine""]","zenodo/114287.wav","zenodo"
"237170.wav","/m/02mk9","[""/m/02mk9""]","engine","[""engine""]","zenodo/237170.wav","zenodo"
"425588.wav","/m/02mk9","[""/t/dd00130"", ""/m/01b82r"", ""/m/02mk9"", ""/m/07k1x""]","engine","[""Sawing"", ""Engine_starting"", ""engine"", ""Tools""]","zenodo/425588.wav","zenodo"
"366201.wav","/m/02mk9","[""/m/02mk9""]","engine","[""engine""]","zenodo/366201.wav","zenodo"
"431739.wav","/m/02mk9","[""/m/01b82r"", ""/m/02mk9"", ""/m/07k1x""]","engine","[""Sawing"", ""engine"", ""Tools""]","zenodo/431739.wav","zenodo"
"431740.wav","/m/02mk9","[""/m/01b82r"", ""/m/02mk9"", ""/m/07k1x""]","engine","[""Sawing"", ""engine"", ""Tools""]","zenodo/431740.wav","zenodo"
"431742.wav","/m/02mk9","[""/m/01b82r"", ""/m/02mk9"", ""/m/07k1x""]","engine","[""Sawing"", ""engine"", ""Tools""]","zenodo/431742.wav","zenodo"
"362120.wav","/m/02mk9","[""/m/02mk9"", ""/m/07r04"", ""/m/012f08"", ""/m/07yv9""]","engine","[""Motor_vehicle_(road)"", ""Truck"", ""engine"", ""Vehicle""]","zenodo/362120.wav","zenodo"
"343688.wav","/m/02mk9","[""/m/02mk9""]","engine","[""engine""]","zenodo/343688.wav","zenodo"
"245392.wav","/m/02mk9","[""/m/02mk9""]","engine","[""engine""]","zenodo/245392.wav","zenodo"
"157335.wav","/m/02mk9","[""/m/02mk9""]","engine","[""engine""]","zenodo/157335.wav","zenodo"
"237212.wav","/m/02mk9","[""/m/07rjzl8"", ""/m/02mk9"", ""/m/02dgv"", ""/t/dd00071""]","engine","[""Door"", ""Slam"", ""Domestic_sounds_and_home_sounds"", ""engine""]","zenodo/237212.wav","zenodo"
"16031.wav","/m/02mk9","[""/m/02mk9""]","engine","[""engine""]","zenodo/16031.wav","zenodo"
"245413.wav","/m/02mk9","[""/m/02mk9""]","engine","[""engine""]","zenodo/245413.wav","zenodo"
"394932.wav","/m/02mk9","[""/m/02mk9"", ""/m/019jd"", ""/m/07yv9""]","engine","[""Boat_and_Water_vehicle"", ""engine"", ""Vehicle""]","zenodo/394932.wav","zenodo"
"124597.wav","/m/02mk9","[""/m/02mk9""]","engine","[""engine""]","zenodo/124597.wav","zenodo"
"145084.wav","/m/02mk9","[""/m/02mk9""]","engine","[""engine""]","zenodo/145084.wav","zenodo"
"145086.wav","/m/02mk9","[""/m/02mk9""]","engine","[""engine""]","zenodo/145086.wav","zenodo"
"44735.wav","/m/02mk9","[""/m/02mk9""]","engine","[""engine""]","zenodo/44735.wav","zenodo"
"267973.wav","/m/02mk9","[""/m/02mk9""]","engine","[""engine""]","zenodo/267973.wav","zenodo"
"343765.wav","/m/02mk9","[""/m/02mk9""]","engine","[""engine""]","zenodo/343765.wav","zenodo"
"261846.wav","/m/02mk9","[""/m/02mk9"", ""/m/019jd"", ""/m/07yv9""]","engine","[""Boat_and_Water_vehicle"", ""engine"", ""Vehicle""]","zenodo/261846.wav","zenodo"
"55025.wav","/m/02mk9","[""/m/02mk9"", ""/m/019jd"", ""/m/07yv9""]","engine","[""Boat_and_Water_vehicle"", ""engine"", ""Vehicle""]","zenodo/55025.wav","zenodo"
"155396.wav","/m/02mk9","[""/m/02mk9""]","engine","[""engine""]","zenodo/155396.wav","zenodo"
"165640.wav","/m/02mk9","[""/m/02mk9"", ""/m/07k1x""]","engine","[""engine"", ""Tools""]","zenodo/165640.wav","zenodo"
"165641.wav","/m/02mk9","[""/m/02mk9"", ""/m/07k1x""]","engine","[""engine"", ""Tools""]","zenodo/165641.wav","zenodo"
"55050.wav","/m/02mk9","[""/m/02mk9"", ""/m/019jd"", ""/m/07yv9""]","engine","[""Boat_and_Water_vehicle"", ""engine"", ""Vehicle""]","zenodo/55050.wav","zenodo"
"165642.wav","/m/02mk9","[""/m/02mk9"", ""/m/07k1x""]","engine","[""engine"", ""Tools""]","zenodo/165642.wav","zenodo"
"165644.wav","/m/02mk9","[""/m/02mk9"", ""/m/07k1x""]","engine","[""engine"", ""Tools""]","zenodo/165644.wav","zenodo"
"55053.wav","/m/02mk9","[""/m/02mk9"", ""/m/019jd"", ""/m/07yv9""]","engine","[""Boat_and_Water_vehicle"", ""engine"", ""Vehicle""]","zenodo/55053.wav","zenodo"
"24332.wav","/m/02mk9","[""/m/04_sv"", ""/m/02mk9"", ""/m/012f08"", ""/m/07yv9""]","engine","[""Motor_vehicle_(road)"", ""Motorcycle"", ""Vehicle"", ""engine""]","zenodo/24332.wav","zenodo"
"55055.wav","/m/02mk9","[""/m/02mk9""]","engine","[""engine""]","zenodo/55055.wav","zenodo"
"165648.wav","/m/02mk9","[""/m/02mk9"", ""/m/07k1x""]","engine","[""engine"", ""Tools""]","zenodo/165648.wav","zenodo"
"93965.wav","/m/02mk9","[""/m/02mk9""]","engine","[""engine""]","zenodo/93965.wav","zenodo"
"14104.wav","/m/02mk9","[""/m/02mk9""]","engine","[""engine""]","zenodo/14104.wav","zenodo"
"392987.wav","/m/02mk9","[""/m/02mk9""]","engine","[""engine""]","zenodo/392987.wav","zenodo"
"388899.wav","/m/02mk9","[""/m/02mk9""]","engine","[""engine""]","zenodo/388899.wav","zenodo"
"14117.wav","/m/02mk9","[""/m/02mk9""]","engine","[""engine""]","zenodo/14117.wav","zenodo"
"14118.wav","/m/02mk9","[""/m/02mk9""]","engine","[""engine""]","zenodo/14118.wav","zenodo"
"380716.wav","/m/02mk9","[""/m/02mk9"", ""/m/0k4j"", ""/m/012f08"", ""/m/07yv9""]","engine","[""Motor_vehicle_(road)"", ""Car"", ""engine"", ""Vehicle""]","zenodo/380716.wav","zenodo"
"380717.wav","/m/02mk9","[""/m/02mk9""]","engine","[""engine""]","zenodo/380717.wav","zenodo"
"386889.wav","/m/02mk9","[""/m/02mk9""]","engine","[""engine""]","zenodo/386889.wav","zenodo"
"433998.wav","/m/02mk9","[""/m/02mk9""]","engine","[""engine""]","zenodo/433998.wav","zenodo"
"91986.wav","/m/02mk9","[""/m/02mk9""]","engine","[""engine""]","zenodo/91986.wav","zenodo"
"327513.wav","/m/02mk9","[""/m/02mk9""]","engine","[""engine""]","zenodo/327513.wav","zenodo"
"61281.wav","/m/02mk9","[""/m/02mk9""]","engine","[""engine""]","zenodo/61281.wav","zenodo"
"51051.wav","/m/02mk9","[""/m/02mk9"", ""/t/dd00077""]","engine","[""engine"", ""Mechanisms""]","zenodo/51051.wav","zenodo"
"71531.wav","/m/02mk9","[""/m/02mk9""]","engine","[""engine""]","zenodo/71531.wav","zenodo"
"71537.wav","/m/02mk9","[""/m/02mk9""]","engine","[""engine""]","zenodo/71537.wav","zenodo"
"366456.wav","/m/02mk9","[""/m/02mk9""]","engine","[""engine""]","zenodo/366456.wav","zenodo"
"413566.wav","/m/02mk9","[""/m/02mk9""]","engine","[""engine""]","zenodo/413566.wav","zenodo"
"118659.wav","/m/02mk9","[""/m/02mk9""]","engine","[""engine""]","zenodo/118659.wav","zenodo"
"380805.wav","/m/02mk9","[""/m/02mk9"", ""/m/0k4j"", ""/m/012f08"", ""/m/07yv9""]","engine","[""Motor_vehicle_(road)"", ""Car"", ""engine"", ""Vehicle""]","zenodo/380805.wav","zenodo"
"425861.wav","/m/02mk9","[""/m/02mk9"", ""/m/0k4j"", ""/m/012f08"", ""/m/07yv9""]","engine","[""Motor_vehicle_(road)"", ""Car"", ""engine"", ""Vehicle""]","zenodo/425861.wav","zenodo"
"345994.wav","/m/02mk9","[""/m/01b82r"", ""/m/02mk9"", ""/m/07k1x""]","engine","[""Sawing"", ""engine"", ""Tools""]","zenodo/345994.wav","zenodo"
"180129.wav","/m/02mk9","[""/m/02mk9"", ""/m/01d380"", ""/m/0_ksk"", ""/m/07k1x""]","engine","[""engine"", ""Power_tool"", ""drilling"", ""Tools""]","zenodo/180129.wav","zenodo"
"157610.wav","/m/02mk9","[""/m/02mk9""]","engine","[""engine""]","zenodo/157610.wav","zenodo"
"157611.wav","/m/02mk9","[""/m/01b82r"", ""/m/02mk9"", ""/m/07k1x""]","engine","[""Sawing"", ""engine"", ""Tools""]","zenodo/157611.wav","zenodo"
"133044.wav","/m/02mk9","[""/m/02mk9"", ""/t/dd00077""]","engine","[""engine"", ""Mechanisms""]","zenodo/133044.wav","zenodo"
"133048.wav","/m/02mk9","[""/m/02mk9"", ""/t/dd00077""]","engine","[""engine"", ""Mechanisms""]","zenodo/133048.wav","zenodo"
"51128.wav","/m/02mk9","[""/m/02mk9""]","engine","[""engine""]","zenodo/51128.wav","zenodo"
"167874.wav","/m/02mk9","[""/m/02mk9"", ""/t/dd00071""]","engine","[""engine"", ""Domestic_sounds_and_home_sounds""]","zenodo/167874.wav","zenodo"
"49095.wav","/m/02mk9","[""/m/02mk9""]","engine","[""engine""]","zenodo/49095.wav","zenodo"
"118727.wav","/m/02mk9","[""/m/02mk9""]","engine","[""engine""]","zenodo/118727.wav","zenodo"
"118728.wav","/m/02mk9","[""/m/02mk9""]","engine","[""engine""]","zenodo/118728.wav","zenodo"
"49098.wav","/m/02mk9","[""/m/02mk9""]","engine","[""engine""]","zenodo/49098.wav","zenodo"
"49099.wav","/m/02mk9","[""/m/02mk9""]","engine","[""engine""]","zenodo/49099.wav","zenodo"
"49100.wav","/m/02mk9","[""/m/02mk9""]","engine","[""engine""]","zenodo/49100.wav","zenodo"
"55245.wav","/m/02mk9","[""/m/04_sv"", ""/m/02mk9"", ""/m/012f08"", ""/m/07yv9""]","engine","[""Motor_vehicle_(road)"", ""Motorcycle"", ""Vehicle"", ""engine""]","zenodo/55245.wav","zenodo"
"118729.wav","/m/02mk9","[""/m/02mk9""]","engine","[""engine""]","zenodo/118729.wav","zenodo"
"118744.wav","/m/02mk9","[""/m/02mk9""]","engine","[""engine""]","zenodo/118744.wav","zenodo"
"382953.wav","/m/02mk9","[""/m/02mk9"", ""/m/01d380"", ""/t/dd00077"", ""/m/0_ksk"", ""/m/07k1x""]","engine","[""drilling"", ""Tools"", ""engine"", ""Power_tool"", ""Mechanisms""]","zenodo/382953.wav","zenodo"
"403454.wav","/m/02mk9","[""/m/02mk9"", ""/m/0k4j"", ""/m/012f08"", ""/m/07yv9""]","engine","[""Motor_vehicle_(road)"", ""Car"", ""engine"", ""Vehicle""]","zenodo/403454.wav","zenodo"
"432775.wav","/m/02mk9","[""/m/07p7b8y"", ""/m/07pqc89"", ""/m/02mk9"", ""/m/04k94"", ""/m/07prgkl""]","engine","[""Fill_(with_liquid)"", ""Liquid"", ""Pour"", ""engine"", ""Trickle_and_dribble""]","zenodo/432775.wav","zenodo"
"200978.wav","/m/02mk9","[""/m/02mk9""]","engine","[""engine""]","zenodo/200978.wav","zenodo"
"200979.wav","/m/02mk9","[""/m/02mk9""]","engine","[""engine""]","zenodo/200979.wav","zenodo"
"420938.wav","/m/02mk9","[""/m/02mk9""]","engine","[""engine""]","zenodo/420938.wav","zenodo"
"420940.wav","/m/02mk9","[""/m/02mk9""]","engine","[""engine""]","zenodo/420940.wav","zenodo"
"347918.wav","/m/02mk9","[""/m/07qcpgn"", ""/m/07p7b8y"", ""/m/07pqc89"", ""/m/07pggtn"", ""/m/02mk9"", ""/m/04k94"", ""/m/07prgkl"", ""/m/020bb7"", ""/m/015p6"", ""/m/01280g"", ""/m/0jbk""]","engine","[""Fill_(with_liquid)"", ""Bird"", ""Animal"", ""Wild_animals"", ""Bird_vocalization_and_bird_call_and_bird_song"", ""Liquid"", ""Tap"", ""Chirp_and_tweet"", ""Pour"", ""engine"", ""Trickle_and_dribble""]","zenodo/347918.wav","zenodo"
"336847.wav","/m/02mk9","[""/t/dd00134"", ""/m/02mk9"", ""/m/0k4j"", ""/m/012f08"", ""/m/07yv9""]","engine","[""Motor_vehicle_(road)"", ""Car"", ""Vehicle"", ""Car_passing_by"", ""engine""]","zenodo/336847.wav","zenodo"
"425170.wav","/m/02mk9","[""/m/07pggtn"", ""/m/04_sv"", ""/m/02mk9"", ""/m/020bb7"", ""/m/015p6"", ""/m/01280g"", ""/m/0jbk"", ""/m/012f08"", ""/m/07yv9""]","engine","[""Motor_vehicle_(road)"", ""Bird"", ""Animal"", ""Wild_animals"", ""Bird_vocalization_and_bird_call_and_bird_song"", ""Motorcycle"", ""Chirp_and_tweet"", ""Vehicle"", ""engine""]","zenodo/425170.wav","zenodo"
"316686.wav","/m/02mk9","[""/m/07p7b8y"", ""/m/07pqc89"", ""/m/02mk9"", ""/m/04k94"", ""/m/07prgkl""]","engine","[""Fill_(with_liquid)"", ""Liquid"", ""Pour"", ""engine"", ""Trickle_and_dribble""]","zenodo/316686.wav","zenodo"
"316687.wav","/m/02mk9","[""/m/07p7b8y"", ""/m/07pqc89"", ""/m/02mk9"", ""/m/04k94"", ""/m/07prgkl""]","engine","[""Fill_(with_liquid)"", ""Liquid"", ""Pour"", ""engine"", ""Trickle_and_dribble""]","zenodo/316687.wav","zenodo"
"97159.wav","/m/02mk9","[""/t/dd00130"", ""/m/07q2z82"", ""/m/02mk9""]","engine","[""Engine_starting"", ""engine"", ""Accelerating_and_revving_and_vroom""]","zenodo/97159.wav","zenodo"
"215992.wav","/m/02mk9","[""/m/02mk9""]","engine","[""engine""]","zenodo/215992.wav","zenodo"
"164309.wav","/m/02mk9","[""/m/02x984l"", ""/m/02mk9"", ""/t/dd00077""]","engine","[""Mechanical_fan"", ""engine"", ""Mechanisms""]","zenodo/164309.wav","zenodo"
"434344.wav","/m/02mk9","[""/m/07pjwq1"", ""/m/02mk9"", ""/m/03vt0"", ""/m/01280g"", ""/m/0jbk""]","engine","[""Insect"", ""Animal"", ""Wild_animals"", ""Buzz"", ""engine""]","zenodo/434344.wav","zenodo"
"402752.wav","/m/07pb8fc","[""/m/07pb8fc"", ""/m/01b82r"", ""/m/07q2z82"", ""/m/02mk9"", ""/m/07k1x""]","engine","[""Sawing"", ""Accelerating_and_revving_and_vroom"", ""engine"", ""Tools""]","zenodo/402752.wav","zenodo"
"161399.wav","/m/07pb8fc","[""/m/07pb8fc"", ""/m/02mk9""]","engine","[""engine""]","zenodo/161399.wav","zenodo"
"51839.wav","/m/02mk9","[""/m/02mk9""]","engine","[""engine""]","zenodo/51839.wav","zenodo"
"326049.wav","/m/02mk9","[""/m/02mk9""]","engine","[""engine""]","zenodo/326049.wav","zenodo"
"83675.wav","/m/02mk9","[""/t/dd00134"", ""/m/0btp2"", ""/m/02mk9"", ""/m/0k4j"", ""/m/012f08"", ""/m/07yv9""]","engine","[""Motor_vehicle_(road)"", ""Car"", ""Vehicle"", ""traffic_noise"", ""Car_passing_by"", ""engine""]","zenodo/83675.wav","zenodo"
"350674.wav","/m/02mk9","[""/t/dd00134"", ""/m/0ltv"", ""/m/02mk9"", ""/m/0k4j"", ""/m/012f08"", ""/m/07yv9""]","engine","[""Motor_vehicle_(road)"", ""Race_car_and_auto_racing"", ""Car"", ""Car_passing_by"", ""Vehicle"", ""engine""]","zenodo/350674.wav","zenodo"
"433860.wav","/m/02mk9","[""/m/02mk9""]","engine","[""engine""]","zenodo/433860.wav","zenodo"
"22354.wav","/m/02mk9","[""/m/0btp2"", ""/m/02mk9"", ""/m/0k4j"", ""/m/0199g"", ""/m/012f08"", ""/m/07yv9""]","engine","[""Motor_vehicle_(road)"", ""Car"", ""Vehicle"", ""traffic_noise"", ""engine"", ""Bicycle""]","zenodo/22354.wav","zenodo"
"241721.wav","/m/02mk9","[""/m/07pbtc8"", ""/t/dd00134"", ""/m/02mk9"", ""/m/0k4j"", ""/m/012f08"", ""/m/07yv9""]","engine","[""Motor_vehicle_(road)"", ""Car"", ""Car_passing_by"", ""Vehicle"", ""engine"", ""Walk_and_footsteps""]","zenodo/241721.wav","zenodo"
"241724.wav","/m/02mk9","[""/t/dd00134"", ""/m/0btp2"", ""/m/02mk9"", ""/m/0k4j"", ""/m/012f08"", ""/m/07yv9""]","engine","[""Motor_vehicle_(road)"", ""Car"", ""Vehicle"", ""traffic_noise"", ""Car_passing_by"", ""engine""]","zenodo/241724.wav","zenodo"
"164948.wav","/m/02mk9","[""/t/dd00134"", ""/m/0btp2"", ""/m/02mk9"", ""/m/0k4j"", ""/m/012f08"", ""/m/07yv9""]","engine","[""Motor_vehicle_(road)"", ""Car"", ""Vehicle"", ""traffic_noise"", ""Car_passing_by"", ""engine""]","zenodo/164948.wav","zenodo"
"387991.wav","/m/02mk9","[""/m/07pggtn"", ""/t/dd00134"", ""/m/0btp2"", ""/m/02mk9"", ""/m/020bb7"", ""/m/015p6"", ""/m/01280g"", ""/m/0jbk"", ""/m/0k4j"", ""/m/012f08"", ""/m/07yv9""]","engine","[""Motor_vehicle_(road)"", ""Bird"", ""Animal"", ""Wild_animals"", ""Bird_vocalization_and_bird_call_and_bird_song"", ""Car"", ""Chirp_and_tweet"", ""Vehicle"", ""traffic_noise"", ""Car_passing_by"", ""engine""]","zenodo/387991.wav","zenodo"
"280204.wav","/m/02mk9","[""/t/dd00134"", ""/m/0btp2"", ""/m/02mk9"", ""/m/0k4j"", ""/m/012f08"", ""/m/07yv9""]","engine","[""Motor_vehicle_(road)"", ""Car"", ""Vehicle"", ""traffic_noise"", ""Car_passing_by"", ""engine""]","zenodo/280204.wav","zenodo"
"353178.wav","/m/02mk9","[""/m/0btp2"", ""/m/01bjv"", ""/m/02mk9"", ""/m/012f08"", ""/m/07yv9""]","engine","[""Motor_vehicle_(road)"", ""Bus"", ""Vehicle"", ""traffic_noise"", ""engine""]","zenodo/353178.wav","zenodo"
"244807.wav","/m/02mk9","[""/m/0btp2"", ""/m/02mk9"", ""/m/012f08"", ""/m/07yv9""]","engine","[""traffic_noise"", ""Motor_vehicle_(road)"", ""engine"", ""Vehicle""]","zenodo/244807.wav","zenodo"
"380029.wav","/m/02mk9","[""/t/dd00134"", ""/m/0btp2"", ""/m/02mk9"", ""/m/0k4j"", ""/m/012f08"", ""/m/07yv9""]","engine","[""Motor_vehicle_(road)"", ""Car"", ""Vehicle"", ""traffic_noise"", ""Car_passing_by"", ""engine""]","zenodo/380029.wav","zenodo"
"29558.wav","/m/02mk9","[""/m/0btp2"", ""/m/02mk9"", ""/m/0k4j"", ""/m/012f08"", ""/m/07yv9""]","engine","[""Motor_vehicle_(road)"", ""Car"", ""Vehicle"", ""traffic_noise"", ""engine""]","zenodo/29558.wav","zenodo"
"360843.wav","/m/02mk9","[""/m/07rkbfh"", ""/t/dd00134"", ""/m/0btp2"", ""/m/02mk9"", ""/t/dd00012"", ""/m/0k4j"", ""/m/012f08"", ""/m/07yv9""]","engine","[""Motor_vehicle_(road)"", ""Human_group_actions"", ""Car"", ""Vehicle"", ""traffic_noise"", ""Chatter"", ""Car_passing_by"", ""engine""]","zenodo/360843.wav","zenodo"
"394913.wav","/m/02mk9","[""/m/07q8k13"", ""/m/07pggtn"", ""/m/0btp2"", ""/m/02mk9"", ""/m/020bb7"", ""/m/015p6"", ""/m/01280g"", ""/m/0jbk"", ""/m/012f08"", ""/m/07yv9""]","engine","[""Motor_vehicle_(road)"", ""Bird"", ""Screech"", ""Wild_animals"", ""Animal"", ""Bird_vocalization_and_bird_call_and_bird_song"", ""Chirp_and_tweet"", ""Vehicle"", ""traffic_noise"", ""engine""]","zenodo/394913.wav","zenodo"
"160679.wav","/m/02mk9","[""/m/03l9g"", ""/m/02mk9"", ""/m/07k1x""]","engine","[""Hammer"", ""engine"", ""Tools""]","zenodo/160679.wav","zenodo"
"160684.wav","/m/02mk9","[""/m/0btp2"", ""/m/02mk9"", ""/m/0k4j"", ""/m/012f08"", ""/m/07yv9""]","engine","[""Motor_vehicle_(road)"", ""Car"", ""Vehicle"", ""traffic_noise"", ""engine""]","zenodo/160684.wav","zenodo"
"176215.wav","/m/02mk9","[""/t/dd00134"", ""/m/02mk9"", ""/m/0k4j"", ""/m/012f08"", ""/m/07yv9""]","engine","[""Motor_vehicle_(road)"", ""Car"", ""Vehicle"", ""Car_passing_by"", ""engine""]","zenodo/176215.wav","zenodo"
"254788.wav","/m/02mk9","[""/t/dd00134"", ""/m/02mk9"", ""/m/0k4j"", ""/m/012f08"", ""/m/07yv9""]","engine","[""Motor_vehicle_(road)"", ""Car"", ""Vehicle"", ""Car_passing_by"", ""engine""]","zenodo/254788.wav","zenodo"
"39120.wav","/m/02mk9","[""/t/dd00134"", ""/m/02mk9"", ""/m/0k4j"", ""/m/012f08"", ""/m/07yv9""]","engine","[""Motor_vehicle_(road)"", ""Car"", ""Vehicle"", ""Car_passing_by"", ""engine""]","zenodo/39120.wav","zenodo"
"265992.wav","/m/02mk9","[""/t/dd00134"", ""/m/0ltv"", ""/m/02mk9"", ""/m/0k4j"", ""/m/012f08"", ""/m/07yv9""]","engine","[""Motor_vehicle_(road)"", ""Race_car_and_auto_racing"", ""Car"", ""Car_passing_by"", ""Vehicle"", ""engine""]","zenodo/265992.wav","zenodo"
"342114.wav","/m/02mk9","[""/t/dd00134"", ""/m/02mk9"", ""/m/0k4j"", ""/m/012f08"", ""/m/07yv9""]","engine","[""Motor_vehicle_(road)"", ""Car"", ""Vehicle"", ""Car_passing_by"", ""engine""]","zenodo/342114.wav","zenodo"
"275164.wav","/m/02mk9","[""/t/dd00134"", ""/m/02mk9"", ""/m/0k4j"", ""/m/012f08"", ""/m/07yv9""]","engine","[""Motor_vehicle_(road)"", ""Car"", ""Vehicle"", ""Car_passing_by"", ""engine""]","zenodo/275164.wav","zenodo"
"223476.wav","/m/02mk9","[""/t/dd00134"", ""/m/02mk9"", ""/m/0k4j"", ""/m/012f08"", ""/m/07yv9""]","engine","[""Motor_vehicle_(road)"", ""Car"", ""Vehicle"", ""Car_passing_by"", ""engine""]","zenodo/223476.wav","zenodo"
"13590.wav","/m/02mk9","[""/t/dd00134"", ""/m/02mk9"", ""/m/0k4j"", ""/m/012f08"", ""/m/07yv9""]","engine","[""Motor_vehicle_(road)"", ""Car"", ""Vehicle"", ""Car_passing_by"", ""engine""]","zenodo/13590.wav","zenodo"
"53807.wav","/m/02mk9","[""/m/0ltv"", ""/m/02mk9"", ""/m/0k4j"", ""/m/012f08"", ""/m/07yv9""]","engine","[""Motor_vehicle_(road)"", ""Race_car_and_auto_racing"", ""Car"", ""Vehicle"", ""engine""]","zenodo/53807.wav","zenodo"
"53810.wav","/m/02mk9","[""/t/dd00134"", ""/m/0ltv"", ""/m/02mk9"", ""/m/0k4j"", ""/m/012f08"", ""/m/07yv9""]","engine","[""Motor_vehicle_(road)"", ""Race_car_and_auto_racing"", ""Car"", ""Car_passing_by"", ""Vehicle"", ""engine""]","zenodo/53810.wav","zenodo"
"167485.wav","/m/02mk9","[""/t/dd00134"", ""/m/02mk9"", ""/m/0k4j"", ""/m/012f08"", ""/m/07yv9""]","engine","[""Motor_vehicle_(road)"", ""Car"", ""Vehicle"", ""Car_passing_by"", ""engine""]","zenodo/167485.wav","zenodo"
"253763.wav","/m/02mk9","[""/m/0ngt1"", ""/t/dd00134"", ""/m/02mk9"", ""/m/06mb1"", ""/m/0838f"", ""/m/0jb2l"", ""/m/0k4j"", ""/m/012f08"", ""/m/07yv9""]","engine","[""Rain"", ""Motor_vehicle_(road)"", ""Water"", ""Car"", ""Thunder"", ""Thunderstorm"", ""Vehicle"", ""Car_passing_by"", ""engine""]","zenodo/253763.wav","zenodo"
"345761.wav","/m/02mk9","[""/m/07pggtn"", ""/t/dd00134"", ""/m/02mk9"", ""/m/020bb7"", ""/m/015p6"", ""/m/01280g"", ""/m/0jbk"", ""/m/0k4j"", ""/m/012f08"", ""/m/07yv9""]","engine","[""Motor_vehicle_(road)"", ""Animal"", ""Wild_animals"", ""Bird_vocalization_and_bird_call_and_bird_song"", ""Car"", ""Car_passing_by"", ""Chirp_and_tweet"", ""Vehicle"", ""Bird"", ""engine""]","zenodo/345761.wav","zenodo"
"138247.wav","/m/02mk9","[""/m/01bjv"", ""/m/02mk9"", ""/m/012f08"", ""/m/07yv9""]","engine","[""Motor_vehicle_(road)"", ""Bus"", ""engine"", ""Vehicle""]","zenodo/138247.wav","zenodo"
"2835.wav","/m/02mk9","[""/t/dd00134"", ""/m/02mk9"", ""/m/0k4j"", ""/m/012f08"", ""/m/07yv9""]","engine","[""Motor_vehicle_(road)"", ""Car"", ""Vehicle"", ""Car_passing_by"", ""engine""]","zenodo/2835.wav","zenodo"
"331520.wav","/m/02mk9","[""/t/dd00134"", ""/m/0btp2"", ""/m/01bjv"", ""/m/02mk9"", ""/m/0k4j"", ""/m/012f08"", ""/m/07yv9""]","engine","[""Motor_vehicle_(road)"", ""Bus"", ""Car"", ""Vehicle"", ""traffic_noise"", ""Car_passing_by"", ""engine""]","zenodo/331520.wav","zenodo"
"380801.wav","/m/02mk9","[""/t/dd00134"", ""/m/0btp2"", ""/m/02mk9"", ""/m/0k4j"", ""/m/012f08"", ""/m/07yv9""]","engine","[""Motor_vehicle_(road)"", ""Car"", ""Vehicle"", ""traffic_noise"", ""Car_passing_by"", ""engine""]","zenodo/380801.wav","zenodo"
"322946.wav","/m/02mk9","[""/m/02mk9""]","engine","[""engine""]","zenodo/322946.wav","zenodo"
"34856.wav","/m/02mk9","[""/m/07pjwq1"", ""/m/02mk9"", ""/t/dd00071"", ""/m/03vt0"", ""/m/01280g"", ""/m/0jbk""]","engine","[""Insect"", ""Domestic_sounds_and_home_sounds"", ""Animal"", ""Wild_animals"", ""Buzz"", ""engine""]","zenodo/34856.wav","zenodo"
"215447.wav","/m/02mk9","[""/m/07rkbfh"", ""/m/02mk9"", ""/m/0k5j"", ""/t/dd00012"", ""/m/07yv9""]","engine","[""Human_group_actions"", ""Aircraft"", ""Vehicle"", ""Chatter"", ""engine""]","zenodo/215447.wav","zenodo"
"203175.wav","/m/02mk9","[""/m/07rjwbb"", ""/m/02mk9"", ""/m/07jdr"", ""/m/06d_3"", ""/m/07yv9""]","engine","[""Train"", ""Vehicle"", ""Hiss"", ""Rail_transport"", ""engine""]","zenodo/203175.wav","zenodo"
"263116.wav","/m/02mk9","[""/m/07rjwbb"", ""/m/01bjv"", ""/m/02mk9"", ""/m/012f08"", ""/m/07yv9""]","engine","[""Motor_vehicle_(road)"", ""Bus"", ""Vehicle"", ""Hiss"", ""engine""]","zenodo/263116.wav","zenodo"
"327525.wav","/m/02mk9","[""/m/02mk9"", ""/t/dd00077""]","engine","[""engine"", ""Mechanisms""]","zenodo/327525.wav","zenodo"
"327113.wav","/m/02mk9","[""/m/02x984l"", ""/m/02mk9"", ""/t/dd00077""]","engine","[""Mechanical_fan"", ""engine"", ""Mechanisms""]","zenodo/327113.wav","zenodo"
"251008.wav","/m/02mk9","[""/m/04_sv"", ""/m/02mk9"", ""/m/012f08"", ""/m/07yv9""]","engine","[""Motor_vehicle_(road)"", ""Motorcycle"", ""Vehicle"", ""engine""]","zenodo/251008.wav","zenodo"
"353769.wav","/m/02mk9","[""/m/0ytgt"", ""/m/01h8n0"", ""/m/01bjv"", ""/m/02mk9"", ""/m/09x0r"", ""/m/09l8g"", ""/m/012f08"", ""/m/07yv9""]","engine","[""Conversation"", ""Motor_vehicle_(road)"", ""Human_voice"", ""Bus"", ""Speech"", ""Child_speech_and_kid_speaking"", ""Vehicle"", ""engine""]","zenodo/353769.wav","zenodo"
"353770.wav","/m/02mk9","[""/m/0ytgt"", ""/m/01h8n0"", ""/m/01bjv"", ""/m/02mk9"", ""/m/015lz1"", ""/m/09l8g"", ""/m/09x0r"", ""/m/012f08"", ""/m/07yv9""]","engine","[""Conversation"", ""Motor_vehicle_(road)"", ""Human_voice"", ""Bus"", ""Child_speech_and_kid_speaking"", ""Speech"", ""Vehicle"", ""Singing"", ""engine""]","zenodo/353770.wav","zenodo"
"170992.wav","/m/02mk9","[""/m/0ltv"", ""/m/02mk9"", ""/m/0k4j"", ""/m/012f08"", ""/m/07yv9""]","engine","[""Motor_vehicle_(road)"", ""Race_car_and_auto_racing"", ""Car"", ""Vehicle"", ""engine""]","zenodo/170992.wav","zenodo"
"397317.wav","/m/07p6fty","[""/t/dd00012"", ""/m/07p6fty"", ""/m/09l8g""]","shout","[""shout"", ""Human_group_actions"", ""Human_voice""]","zenodo/397317.wav","zenodo"
"341509.wav","/m/07p6fty","[""/t/dd00012"", ""/m/07p6fty"", ""/m/09l8g""]","shout","[""shout"", ""Human_group_actions"", ""Human_voice""]","zenodo/341509.wav","zenodo"
"165898.wav","/m/07p6fty","[""/t/dd00012"", ""/m/07p6fty"", ""/m/09l8g""]","shout","[""shout"", ""Human_group_actions"", ""Human_voice""]","zenodo/165898.wav","zenodo"
"41008.wav","/m/07p6fty","[""/t/dd00012"", ""/m/07p6fty"", ""/m/09l8g""]","shout","[""shout"", ""Human_group_actions"", ""Human_voice""]","zenodo/41008.wav","zenodo"
"346814.wav","/m/07p6fty","[""/t/dd00012"", ""/m/07p6fty"", ""/m/09l8g""]","shout","[""shout"", ""Human_group_actions"", ""Human_voice""]","zenodo/346814.wav","zenodo"
"17602.wav","/m/07p6fty","[""/t/dd00012"", ""/m/07p6fty"", ""/m/09l8g""]","shout","[""shout"", ""Human_group_actions"", ""Human_voice""]","zenodo/17602.wav","zenodo"
"17603.wav","/m/07p6fty","[""/m/07sr1lc"", ""/t/dd00012"", ""/m/07p6fty"", ""/m/09l8g""]","shout","[""Yell"", ""shout"", ""Human_group_actions"", ""Human_voice""]","zenodo/17603.wav","zenodo"
"68038.wav","/m/03qc9zr","[""/m/03qc9zr"", ""/m/0ytgt"", ""/t/dd00012"", ""/m/07p6fty"", ""/m/09l8g"", ""/m/09x0r""]","screaming","[""Human_group_actions"", ""Human_voice"", ""Child_speech_and_kid_speaking"", ""screaming"", ""Speech"", ""shout""]","zenodo/68038.wav","zenodo"
"243406.wav","/m/07p6fty","[""/m/053hz1"", ""/t/dd00012"", ""/m/07p6fty"", ""/m/09l8g""]","shout","[""shout"", ""Human_group_actions"", ""Human_voice"", ""Cheering""]","zenodo/243406.wav","zenodo"
"68058.wav","/m/03qc9zr","[""/m/03qc9zr"", ""/m/03qtwd"", ""/t/dd00012"", ""/m/07p6fty"", ""/m/09l8g""]","screaming","[""Crowd"", ""Human_group_actions"", ""Human_voice"", ""screaming"", ""shout""]","zenodo/68058.wav","zenodo"
"350438.wav","/m/07p6fty","[""/t/dd00012"", ""/m/07p6fty"", ""/m/09l8g""]","shout","[""shout"", ""Human_group_actions"", ""Human_voice""]","zenodo/350438.wav","zenodo"
"350439.wav","/m/07p6fty","[""/m/07sr1lc"", ""/t/dd00012"", ""/m/07p6fty"", ""/m/09l8g""]","shout","[""Yell"", ""shout"", ""Human_group_actions"", ""Human_voice""]","zenodo/350439.wav","zenodo"
"350446.wav","/m/07p6fty","[""/m/07sr1lc"", ""/t/dd00012"", ""/m/07p6fty"", ""/m/09l8g""]","shout","[""Yell"", ""shout"", ""Human_group_actions"", ""Human_voice""]","zenodo/350446.wav","zenodo"
"350451.wav","/m/07p6fty","[""/m/07sr1lc"", ""/t/dd00012"", ""/m/07p6fty"", ""/m/09l8g""]","shout","[""Yell"", ""shout"", ""Human_group_actions"", ""Human_voice""]","zenodo/350451.wav","zenodo"
"350452.wav","/m/07p6fty","[""/m/07sr1lc"", ""/t/dd00012"", ""/m/07p6fty"", ""/m/09l8g""]","shout","[""Yell"", ""shout"", ""Human_group_actions"", ""Human_voice""]","zenodo/350452.wav","zenodo"
"361400.wav","/m/07p6fty","[""/m/07sr1lc"", ""/m/0ytgt"", ""/t/dd00012"", ""/m/01j3sz"", ""/m/07p6fty"", ""/m/09l8g"", ""/m/09x0r""]","shout","[""Human_group_actions"", ""Human_voice"", ""Yell"", ""Child_speech_and_kid_speaking"", ""Speech"", ""shout"", ""Laughter""]","zenodo/361400.wav","zenodo"
"390658.wav","/m/0463cq4","[""/m/0463cq4"", ""/m/09l8g""]","crying_and_sobbing","[""crying_and_sobbing"", ""Human_voice""]","zenodo/390658.wav","zenodo"
"254473.wav","/m/0463cq4","[""/m/0463cq4"", ""/m/09l8g""]","crying_and_sobbing","[""crying_and_sobbing"", ""Human_voice""]","zenodo/254473.wav","zenodo"
"254474.wav","/m/0463cq4","[""/m/0463cq4"", ""/m/09l8g""]","crying_and_sobbing","[""crying_and_sobbing"", ""Human_voice""]","zenodo/254474.wav","zenodo"
"254475.wav","/m/0463cq4","[""/m/0463cq4"", ""/m/09l8g""]","crying_and_sobbing","[""crying_and_sobbing"", ""Human_voice""]","zenodo/254475.wav","zenodo"
"254476.wav","/m/0463cq4","[""/m/07q8k13"", ""/m/0463cq4"", ""/m/09l8g""]","crying_and_sobbing","[""Screech"", ""crying_and_sobbing"", ""Human_voice""]","zenodo/254476.wav","zenodo"
"391181.wav","/m/0463cq4","[""/m/0463cq4"", ""/m/09l8g""]","crying_and_sobbing","[""crying_and_sobbing"", ""Human_voice""]","zenodo/391181.wav","zenodo"
"254477.wav","/m/0463cq4","[""/m/03qc9zr"", ""/m/0463cq4"", ""/m/09l8g""]","crying_and_sobbing","[""crying_and_sobbing"", ""Human_voice"", ""screaming""]","zenodo/254477.wav","zenodo"
"254478.wav","/m/0463cq4","[""/m/07q8k13"", ""/m/0463cq4"", ""/m/09l8g""]","crying_and_sobbing","[""Screech"", ""crying_and_sobbing"", ""Human_voice""]","zenodo/254478.wav","zenodo"
"390156.wav","/m/0463cq4","[""/m/0463cq4"", ""/m/09l8g""]","crying_and_sobbing","[""crying_and_sobbing"", ""Human_voice""]","zenodo/390156.wav","zenodo"
"259606.wav","/m/0463cq4","[""/m/0463cq4"", ""/m/09l8g""]","crying_and_sobbing","[""crying_and_sobbing"", ""Human_voice""]","zenodo/259606.wav","zenodo"
"259608.wav","/m/0463cq4","[""/m/0463cq4"", ""/m/09l8g""]","crying_and_sobbing","[""crying_and_sobbing"", ""Human_voice""]","zenodo/259608.wav","zenodo"
"71193.wav","/m/0463cq4","[""/m/0463cq4"", ""/m/09l8g""]","crying_and_sobbing","[""crying_and_sobbing"", ""Human_voice""]","zenodo/71193.wav","zenodo"
"259610.wav","/m/0463cq4","[""/m/0463cq4"", ""/m/09l8g""]","crying_and_sobbing","[""crying_and_sobbing"", ""Human_voice""]","zenodo/259610.wav","zenodo"
"102431.wav","/m/0463cq4","[""/m/0463cq4"", ""/m/09l8g""]","crying_and_sobbing","[""crying_and_sobbing"", ""Human_voice""]","zenodo/102431.wav","zenodo"
"26147.wav","/m/0463cq4","[""/m/0463cq4"", ""/m/09l8g""]","crying_and_sobbing","[""crying_and_sobbing"", ""Human_voice""]","zenodo/26147.wav","zenodo"
"246309.wav","/m/0463cq4","[""/m/0463cq4"", ""/m/09l8g""]","crying_and_sobbing","[""crying_and_sobbing"", ""Human_voice""]","zenodo/246309.wav","zenodo"
"346663.wav","/m/0463cq4","[""/m/0463cq4"", ""/m/09l8g""]","crying_and_sobbing","[""crying_and_sobbing"", ""Human_voice""]","zenodo/346663.wav","zenodo"
"151081.wav","/m/0463cq4","[""/m/0463cq4"", ""/m/09l8g""]","crying_and_sobbing","[""crying_and_sobbing"", ""Human_voice""]","zenodo/151081.wav","zenodo"
"393769.wav","/m/0463cq4","[""/m/0463cq4"", ""/m/09l8g""]","crying_and_sobbing","[""crying_and_sobbing"", ""Human_voice""]","zenodo/393769.wav","zenodo"
"319019.wav","/m/0463cq4","[""/m/0463cq4"", ""/m/09l8g""]","crying_and_sobbing","[""crying_and_sobbing"", ""Human_voice""]","zenodo/319019.wav","zenodo"
"425002.wav","/m/0463cq4","[""/m/0463cq4"", ""/m/09l8g""]","crying_and_sobbing","[""crying_and_sobbing"", ""Human_voice""]","zenodo/425002.wav","zenodo"
"151085.wav","/m/0463cq4","[""/m/0463cq4"", ""/m/09l8g""]","crying_and_sobbing","[""crying_and_sobbing"", ""Human_voice""]","zenodo/151085.wav","zenodo"
"143919.wav","/m/0463cq4","[""/m/0463cq4"", ""/m/09l8g""]","crying_and_sobbing","[""crying_and_sobbing"", ""Human_voice""]","zenodo/143919.wav","zenodo"
"319537.wav","/m/0463cq4","[""/m/0463cq4"", ""/m/09l8g""]","crying_and_sobbing","[""crying_and_sobbing"", ""Human_voice""]","zenodo/319537.wav","zenodo"
"245300.wav","/m/0463cq4","[""/m/0463cq4"", ""/m/09l8g""]","crying_and_sobbing","[""crying_and_sobbing"", ""Human_voice""]","zenodo/245300.wav","zenodo"
"34874.wav","/m/0463cq4","[""/m/0463cq4"", ""/m/09l8g""]","crying_and_sobbing","[""crying_and_sobbing"", ""Human_voice""]","zenodo/34874.wav","zenodo"
"196156.wav","/m/0463cq4","[""/m/0463cq4"", ""/m/09l8g""]","crying_and_sobbing","[""crying_and_sobbing"", ""Human_voice""]","zenodo/196156.wav","zenodo"
"179773.wav","/m/0463cq4","[""/m/0463cq4"", ""/m/09l8g""]","crying_and_sobbing","[""crying_and_sobbing"", ""Human_voice""]","zenodo/179773.wav","zenodo"
"162880.wav","/m/0463cq4","[""/m/0463cq4"", ""/m/09l8g""]","crying_and_sobbing","[""crying_and_sobbing"", ""Human_voice""]","zenodo/162880.wav","zenodo"
"197718.wav","/m/0463cq4","[""/m/0463cq4"", ""/m/09l8g""]","crying_and_sobbing","[""crying_and_sobbing"", ""Human_voice""]","zenodo/197718.wav","zenodo"
"180314.wav","/m/0463cq4","[""/m/0463cq4"", ""/m/09l8g""]","crying_and_sobbing","[""crying_and_sobbing"", ""Human_voice""]","zenodo/180314.wav","zenodo"
"180315.wav","/m/0463cq4","[""/m/03qc9zr"", ""/m/0463cq4"", ""/m/09l8g""]","crying_and_sobbing","[""crying_and_sobbing"", ""Human_voice"", ""screaming""]","zenodo/180315.wav","zenodo"
"80477.wav","/m/0463cq4","[""/m/0463cq4"", ""/m/09l8g""]","crying_and_sobbing","[""crying_and_sobbing"", ""Human_voice""]","zenodo/80477.wav","zenodo"
"80478.wav","/m/0463cq4","[""/m/0463cq4"", ""/m/09l8g""]","crying_and_sobbing","[""crying_and_sobbing"", ""Human_voice""]","zenodo/80478.wav","zenodo"
"80479.wav","/m/0463cq4","[""/m/0463cq4"", ""/m/09l8g""]","crying_and_sobbing","[""crying_and_sobbing"", ""Human_voice""]","zenodo/80479.wav","zenodo"
"80480.wav","/m/0463cq4","[""/m/0463cq4"", ""/m/09l8g""]","crying_and_sobbing","[""crying_and_sobbing"", ""Human_voice""]","zenodo/80480.wav","zenodo"
"80481.wav","/m/0463cq4","[""/m/0463cq4"", ""/m/09l8g""]","crying_and_sobbing","[""crying_and_sobbing"", ""Human_voice""]","zenodo/80481.wav","zenodo"
"80482.wav","/m/0463cq4","[""/m/0463cq4"", ""/m/09l8g""]","crying_and_sobbing","[""crying_and_sobbing"", ""Human_voice""]","zenodo/80482.wav","zenodo"
"371303.wav","/m/0463cq4","[""/m/0463cq4"", ""/m/09l8g""]","crying_and_sobbing","[""crying_and_sobbing"", ""Human_voice""]","zenodo/371303.wav","zenodo"
"390256.wav","/m/0463cq4","[""/m/0463cq4"", ""/m/09l8g""]","crying_and_sobbing","[""crying_and_sobbing"", ""Human_voice""]","zenodo/390256.wav","zenodo"
"389774.wav","/m/0463cq4","[""/m/0463cq4"", ""/m/09l8g""]","crying_and_sobbing","[""crying_and_sobbing"", ""Human_voice""]","zenodo/389774.wav","zenodo"
"336538.wav","/m/0463cq4","[""/m/0463cq4"", ""/m/09l8g""]","crying_and_sobbing","[""crying_and_sobbing"", ""Human_voice""]","zenodo/336538.wav","zenodo"
"238250.wav","/m/0463cq4","[""/m/0463cq4"", ""/m/09l8g""]","crying_and_sobbing","[""crying_and_sobbing"", ""Human_voice""]","zenodo/238250.wav","zenodo"
"99499.wav","/m/0463cq4","[""/m/0463cq4"", ""/m/09l8g""]","crying_and_sobbing","[""crying_and_sobbing"", ""Human_voice""]","zenodo/99499.wav","zenodo"
"179392.wav","/m/0463cq4","[""/m/0463cq4"", ""/m/09l8g""]","crying_and_sobbing","[""crying_and_sobbing"", ""Human_voice""]","zenodo/179392.wav","zenodo"
"179393.wav","/m/0463cq4","[""/m/0463cq4"", ""/m/09l8g""]","crying_and_sobbing","[""crying_and_sobbing"", ""Human_voice""]","zenodo/179393.wav","zenodo"
"179403.wav","/m/0463cq4","[""/m/0463cq4"", ""/m/09l8g""]","crying_and_sobbing","[""crying_and_sobbing"", ""Human_voice""]","zenodo/179403.wav","zenodo"
"179411.wav","/m/0463cq4","[""/m/0463cq4"", ""/m/09l8g""]","crying_and_sobbing","[""crying_and_sobbing"", ""Human_voice""]","zenodo/179411.wav","zenodo"
"9428.wav","/m/0463cq4","[""/m/0463cq4"", ""/m/09l8g""]","crying_and_sobbing","[""crying_and_sobbing"", ""Human_voice""]","zenodo/9428.wav","zenodo"
"9429.wav","/m/0463cq4","[""/m/03qc9zr"", ""/m/0463cq4"", ""/m/09l8g""]","crying_and_sobbing","[""crying_and_sobbing"", ""Human_voice"", ""screaming""]","zenodo/9429.wav","zenodo"
"113364.wav","/m/0463cq4","[""/m/0463cq4"", ""/m/09l8g""]","crying_and_sobbing","[""crying_and_sobbing"", ""Human_voice""]","zenodo/113364.wav","zenodo"
"398548.wav","/m/0463cq4","[""/m/0463cq4"", ""/m/09l8g""]","crying_and_sobbing","[""crying_and_sobbing"", ""Human_voice""]","zenodo/398548.wav","zenodo"
"242911.wav","/m/0463cq4","[""/m/0463cq4"", ""/m/09l8g""]","crying_and_sobbing","[""crying_and_sobbing"", ""Human_voice""]","zenodo/242911.wav","zenodo"
"86240.wav","/m/0463cq4","[""/m/0463cq4"", ""/m/09l8g""]","crying_and_sobbing","[""crying_and_sobbing"", ""Human_voice""]","zenodo/86240.wav","zenodo"
"326882.wav","/m/0463cq4","[""/m/0463cq4"", ""/m/09l8g""]","crying_and_sobbing","[""crying_and_sobbing"", ""Human_voice""]","zenodo/326882.wav","zenodo"
"326883.wav","/m/0463cq4","[""/m/07sr1lc"", ""/m/0463cq4"", ""/m/09l8g"", ""/m/07p6fty""]","crying_and_sobbing","[""Yell"", ""shout"", ""crying_and_sobbing"", ""Human_voice""]","zenodo/326883.wav","zenodo"
"240372.wav","/m/0463cq4","[""/m/0463cq4"", ""/m/09l8g""]","crying_and_sobbing","[""crying_and_sobbing"", ""Human_voice""]","zenodo/240372.wav","zenodo"
"368388.wav","/m/0463cq4","[""/m/0463cq4"", ""/m/09l8g""]","crying_and_sobbing","[""crying_and_sobbing"", ""Human_voice""]","zenodo/368388.wav","zenodo"
"263.wav","/m/0463cq4","[""/m/0463cq4"", ""/m/09l8g""]","crying_and_sobbing","[""crying_and_sobbing"", ""Human_voice""]","zenodo/263.wav","zenodo"
"168723.wav","/m/0463cq4","[""/m/0463cq4"", ""/m/09l8g""]","crying_and_sobbing","[""crying_and_sobbing"", ""Human_voice""]","zenodo/168723.wav","zenodo"
"168729.wav","/m/0463cq4","[""/m/0463cq4"", ""/m/09l8g""]","crying_and_sobbing","[""crying_and_sobbing"", ""Human_voice""]","zenodo/168729.wav","zenodo"
"136480.wav","/m/0463cq4","[""/m/0463cq4"", ""/m/09l8g""]","crying_and_sobbing","[""crying_and_sobbing"", ""Human_voice""]","zenodo/136480.wav","zenodo"
"393010.wav","/m/0463cq4","[""/m/0463cq4"", ""/m/01j3sz"", ""/m/09l8g""]","crying_and_sobbing","[""crying_and_sobbing"", ""Human_voice"", ""Laughter""]","zenodo/393010.wav","zenodo"
"250679.wav","/m/0463cq4","[""/m/0463cq4"", ""/m/0lyf6"", ""/m/09l8g"", ""/m/09hlz4""]","crying_and_sobbing","[""Breathing"", ""crying_and_sobbing"", ""Human_voice"", ""Respiratory_sounds""]","zenodo/250679.wav","zenodo"
"154427.wav","/m/0463cq4","[""/m/0463cq4"", ""/m/09l8g""]","crying_and_sobbing","[""crying_and_sobbing"", ""Human_voice""]","zenodo/154427.wav","zenodo"
"154428.wav","/m/0463cq4","[""/m/0463cq4"", ""/m/09l8g""]","crying_and_sobbing","[""crying_and_sobbing"", ""Human_voice""]","zenodo/154428.wav","zenodo"
"27451.wav","/m/0463cq4","[""/m/0463cq4"", ""/m/09l8g""]","crying_and_sobbing","[""crying_and_sobbing"", ""Human_voice""]","zenodo/27451.wav","zenodo"
"58178.wav","/m/0463cq4","[""/m/0463cq4"", ""/m/09l8g""]","crying_and_sobbing","[""crying_and_sobbing"", ""Human_voice""]","zenodo/58178.wav","zenodo"
"23880.wav","/m/0463cq4","[""/m/0463cq4"", ""/m/09l8g""]","crying_and_sobbing","[""crying_and_sobbing"", ""Human_voice""]","zenodo/23880.wav","zenodo"
"387403.wav","/m/0463cq4","[""/m/0463cq4"", ""/m/09l8g""]","crying_and_sobbing","[""crying_and_sobbing"", ""Human_voice""]","zenodo/387403.wav","zenodo"
"387405.wav","/m/0463cq4","[""/m/0463cq4"", ""/m/09l8g""]","crying_and_sobbing","[""crying_and_sobbing"", ""Human_voice""]","zenodo/387405.wav","zenodo"
"107351.wav","/m/0463cq4","[""/m/0463cq4"", ""/m/09l8g""]","crying_and_sobbing","[""crying_and_sobbing"", ""Human_voice""]","zenodo/107351.wav","zenodo"
"18276.wav","/m/0463cq4","[""/m/0463cq4"", ""/m/09l8g""]","crying_and_sobbing","[""crying_and_sobbing"", ""Human_voice""]","zenodo/18276.wav","zenodo"
"386923.wav","/m/0463cq4","[""/m/0463cq4"", ""/m/09l8g""]","crying_and_sobbing","[""crying_and_sobbing"", ""Human_voice""]","zenodo/386923.wav","zenodo"
"386924.wav","/m/0463cq4","[""/m/0463cq4"", ""/m/09l8g""]","crying_and_sobbing","[""crying_and_sobbing"", ""Human_voice""]","zenodo/386924.wav","zenodo"
"237419.wav","/m/0463cq4","[""/m/0463cq4"", ""/m/09l8g""]","crying_and_sobbing","[""crying_and_sobbing"", ""Human_voice""]","zenodo/237419.wav","zenodo"
"18284.wav","/m/0463cq4","[""/m/0463cq4"", ""/m/09l8g""]","crying_and_sobbing","[""crying_and_sobbing"", ""Human_voice""]","zenodo/18284.wav","zenodo"
"343411.wav","/m/0463cq4","[""/m/0463cq4"", ""/m/09l8g""]","crying_and_sobbing","[""crying_and_sobbing"", ""Human_voice""]","zenodo/343411.wav","zenodo"
"46963.wav","/m/0463cq4","[""/m/0463cq4"", ""/m/09l8g""]","crying_and_sobbing","[""crying_and_sobbing"", ""Human_voice""]","zenodo/46963.wav","zenodo"
"18291.wav","/m/0463cq4","[""/m/0ytgt"", ""/m/0463cq4"", ""/m/09l8g"", ""/m/09x0r""]","crying_and_sobbing","[""Speech"", ""crying_and_sobbing"", ""Human_voice"", ""Child_speech_and_kid_speaking""]","zenodo/18291.wav","zenodo"
"46964.wav","/m/0463cq4","[""/m/0463cq4"", ""/m/09l8g""]","crying_and_sobbing","[""crying_and_sobbing"", ""Human_voice""]","zenodo/46964.wav","zenodo"
"402814.wav","/m/0463cq4","[""/m/0463cq4"", ""/m/09l8g""]","crying_and_sobbing","[""crying_and_sobbing"", ""Human_voice""]","zenodo/402814.wav","zenodo"
"335233.wav","/m/0463cq4","[""/m/0195fx"", ""/m/0463cq4"", ""/m/09l8g"", ""/m/06d_3"", ""/m/07yv9""]","crying_and_sobbing","[""crying_and_sobbing"", ""Human_voice"", ""Subway_and_metro_and_underground"", ""Vehicle"", ""Rail_transport""]","zenodo/335233.wav","zenodo"
"33670.wav","/m/0463cq4","[""/m/0463cq4"", ""/m/09l8g""]","crying_and_sobbing","[""crying_and_sobbing"", ""Human_voice""]","zenodo/33670.wav","zenodo"
"33671.wav","/m/0463cq4","[""/m/0463cq4"", ""/m/09l8g""]","crying_and_sobbing","[""crying_and_sobbing"", ""Human_voice""]","zenodo/33671.wav","zenodo"
"33672.wav","/m/0463cq4","[""/m/0463cq4"", ""/m/09l8g""]","crying_and_sobbing","[""crying_and_sobbing"", ""Human_voice""]","zenodo/33672.wav","zenodo"
"33673.wav","/m/0463cq4","[""/m/0463cq4"", ""/m/09l8g""]","crying_and_sobbing","[""crying_and_sobbing"", ""Human_voice""]","zenodo/33673.wav","zenodo"
"351629.wav","/m/0463cq4","[""/m/03qc9zr"", ""/m/0463cq4"", ""/m/09l8g""]","crying_and_sobbing","[""crying_and_sobbing"", ""Human_voice"", ""screaming""]","zenodo/351629.wav","zenodo"
"351631.wav","/m/0463cq4","[""/m/03qc9zr"", ""/m/0463cq4"", ""/m/09l8g""]","crying_and_sobbing","[""crying_and_sobbing"", ""Human_voice"", ""screaming""]","zenodo/351631.wav","zenodo"
"351634.wav","/m/0463cq4","[""/m/03qc9zr"", ""/m/0463cq4"", ""/m/09l8g""]","crying_and_sobbing","[""crying_and_sobbing"", ""Human_voice"", ""screaming""]","zenodo/351634.wav","zenodo"
"402835.wav","/m/0463cq4","[""/m/0463cq4"", ""/m/09l8g""]","crying_and_sobbing","[""crying_and_sobbing"", ""Human_voice""]","zenodo/402835.wav","zenodo"
"254869.wav","/m/0463cq4","[""/m/0463cq4"", ""/m/09l8g""]","crying_and_sobbing","[""crying_and_sobbing"", ""Human_voice""]","zenodo/254869.wav","zenodo"
"343976.wav","/m/0463cq4","[""/m/0463cq4"", ""/m/09l8g""]","crying_and_sobbing","[""crying_and_sobbing"", ""Human_voice""]","zenodo/343976.wav","zenodo"
"14265.wav","/m/0463cq4","[""/m/0463cq4"", ""/m/09l8g""]","crying_and_sobbing","[""crying_and_sobbing"", ""Human_voice""]","zenodo/14265.wav","zenodo"
"14268.wav","/m/0463cq4","[""/m/0463cq4"", ""/m/09l8g""]","crying_and_sobbing","[""crying_and_sobbing"", ""Human_voice""]","zenodo/14268.wav","zenodo"
"14269.wav","/m/0463cq4","[""/m/0463cq4"", ""/m/09l8g""]","crying_and_sobbing","[""crying_and_sobbing"", ""Human_voice""]","zenodo/14269.wav","zenodo"
"364481.wav","/m/0463cq4","[""/m/0463cq4"", ""/m/09l8g""]","crying_and_sobbing","[""crying_and_sobbing"", ""Human_voice""]","zenodo/364481.wav","zenodo"
"243661.wav","/m/0463cq4","[""/m/0463cq4"", ""/m/09l8g""]","crying_and_sobbing","[""crying_and_sobbing"", ""Human_voice""]","zenodo/243661.wav","zenodo"
"45523.wav","/m/0463cq4","[""/m/0463cq4"", ""/m/09l8g""]","crying_and_sobbing","[""crying_and_sobbing"", ""Human_voice""]","zenodo/45523.wav","zenodo"
"344030.wav","/m/0463cq4","[""/m/0463cq4"", ""/m/09l8g""]","crying_and_sobbing","[""crying_and_sobbing"", ""Human_voice""]","zenodo/344030.wav","zenodo"
"344039.wav","/m/0463cq4","[""/m/0463cq4"", ""/m/09l8g""]","crying_and_sobbing","[""crying_and_sobbing"", ""Human_voice""]","zenodo/344039.wav","zenodo"
"13800.wav","/m/0463cq4","[""/m/0463cq4"", ""/m/09l8g""]","crying_and_sobbing","[""crying_and_sobbing"", ""Human_voice""]","zenodo/13800.wav","zenodo"
"202730.wav","/m/0463cq4","[""/m/0463cq4"", ""/m/09l8g""]","crying_and_sobbing","[""crying_and_sobbing"", ""Human_voice""]","zenodo/202730.wav","zenodo"
"157163.wav","/m/0463cq4","[""/m/0463cq4"", ""/m/09l8g""]","crying_and_sobbing","[""crying_and_sobbing"", ""Human_voice""]","zenodo/157163.wav","zenodo"
"13803.wav","/m/0463cq4","[""/m/0463cq4"", ""/m/09l8g""]","crying_and_sobbing","[""crying_and_sobbing"", ""Human_voice""]","zenodo/13803.wav","zenodo"
"13802.wav","/m/0463cq4","[""/m/0463cq4"", ""/m/09l8g""]","crying_and_sobbing","[""crying_and_sobbing"", ""Human_voice""]","zenodo/13802.wav","zenodo"
"39920.wav","/m/0463cq4","[""/m/0463cq4"", ""/m/09l8g""]","crying_and_sobbing","[""crying_and_sobbing"", ""Human_voice""]","zenodo/39920.wav","zenodo"
"207860.wav","/m/0463cq4","[""/m/07sr1lc"", ""/m/0463cq4"", ""/m/09l8g"", ""/m/07p6fty""]","crying_and_sobbing","[""Yell"", ""shout"", ""crying_and_sobbing"", ""Human_voice""]","zenodo/207860.wav","zenodo"
"60446.wav","/m/03qc9zr","[""/m/028ght"", ""/m/03qc9zr"", ""/m/03qtwd"", ""/t/dd00012"", ""/m/09l8g""]","screaming","[""Crowd"", ""Human_group_actions"", ""Human_voice"", ""screaming"", ""Applause""]","zenodo/60446.wav","zenodo"
"99966.wav","/m/07p6fty","[""/m/028ght"", ""/m/053hz1"", ""/m/07p6fty"", ""/t/dd00012"", ""/m/09l8g""]","shout","[""Human_group_actions"", ""Human_voice"", ""Cheering"", ""Applause"", ""shout""]","zenodo/99966.wav","zenodo"
"78490.wav","/m/03qc9zr","[""/m/028ght"", ""/m/03qc9zr"", ""/m/03qtwd"", ""/t/dd00012"", ""/m/09l8g""]","screaming","[""Crowd"", ""Human_group_actions"", ""Human_voice"", ""screaming"", ""Applause""]","zenodo/78490.wav","zenodo"
"139972.wav","/m/07p6fty","[""/m/028ght"", ""/m/053hz1"", ""/m/0l15bq"", ""/m/07p6fty"", ""/t/dd00012"", ""/m/09l8g"", ""/m/0k65p""]","shout","[""Human_group_actions"", ""Human_voice"", ""Cheering"", ""Hands"", ""Applause"", ""shout"", ""Clapping""]","zenodo/139972.wav","zenodo"
"403057.wav","/m/03qc9zr","[""/m/028ght"", ""/m/03qc9zr"", ""/m/03qtwd"", ""/m/053hz1"", ""/m/0l15bq"", ""/m/07p6fty"", ""/t/dd00012"", ""/m/09l8g"", ""/m/0k65p""]","screaming","[""Crowd"", ""Human_group_actions"", ""Human_voice"", ""Cheering"", ""screaming"", ""Hands"", ""Applause"", ""shout"", ""Clapping""]","zenodo/403057.wav","zenodo"
"180301.wav","/m/03qc9zr","[""/m/07q8k13"", ""/m/03qc9zr"", ""/m/09l8g""]","screaming","[""Screech"", ""Human_voice"", ""screaming""]","zenodo/180301.wav","zenodo"
"180302.wav","/m/03qc9zr","[""/m/07q8k13"", ""/m/03qc9zr"", ""/m/09l8g""]","screaming","[""Screech"", ""Human_voice"", ""screaming""]","zenodo/180302.wav","zenodo"
"316409.wav","/m/03qc9zr","[""/m/07q8k13"", ""/m/03qc9zr"", ""/m/09l8g""]","screaming","[""Screech"", ""Human_voice"", ""screaming""]","zenodo/316409.wav","zenodo"
"316411.wav","/m/03qc9zr","[""/m/07q8k13"", ""/m/03qc9zr"", ""/m/09l8g""]","screaming","[""Screech"", ""Human_voice"", ""screaming""]","zenodo/316411.wav","zenodo"
"54510.wav","/m/07pb8fc","[""/m/07q8k13"", ""/m/07pb8fc"", ""/m/01bjv"", ""/m/02mk9"", ""/m/012f08"", ""/m/07yv9""]","engine","[""Motor_vehicle_(road)"", ""Bus"", ""Screech"", ""Vehicle"", ""engine""]","zenodo/54510.wav","zenodo"
"256494.wav","/m/03qc9zr","[""/m/07q8k13"", ""/m/03qc9zr"", ""/m/0ytgt"", ""/m/09l8g"", ""/m/09x0r""]","screaming","[""Human_voice"", ""Screech"", ""Speech"", ""Child_speech_and_kid_speaking"", ""screaming""]","zenodo/256494.wav","zenodo"
"168258.wav","/m/03kmc9","[""/m/07pbtc8"", ""/m/03kmc9"", ""/m/07pp_mv""]","siren","[""alarm"", ""siren"", ""Walk_and_footsteps""]","zenodo/168258.wav","zenodo"
"340454.wav","/m/0btp2","[""/m/07pbtc8"", ""/m/0btp2"", ""/m/012f08"", ""/m/07yv9""]","traffic_noise","[""traffic_noise"", ""Motor_vehicle_(road)"", ""Vehicle"", ""Walk_and_footsteps""]","zenodo/340454.wav","zenodo"
"410483.wav","/m/0btp2","[""/m/07pbtc8"", ""/m/07pggtn"", ""/t/dd00134"", ""/m/0btp2"", ""/m/020bb7"", ""/m/015p6"", ""/m/01280g"", ""/m/0jbk"", ""/m/0k4j"", ""/m/012f08"", ""/m/07yv9""]","traffic_noise","[""Motor_vehicle_(road)"", ""Bird"", ""Animal"", ""Wild_animals"", ""Bird_vocalization_and_bird_call_and_bird_song"", ""Car"", ""Chirp_and_tweet"", ""Vehicle"", ""traffic_noise"", ""Car_passing_by"", ""Walk_and_footsteps""]","zenodo/410483.wav","zenodo"
"242184.wav","/m/0btp2","[""/m/07r4wb8"", ""/m/0j6m2"", ""/m/07pqc89"", ""/m/0btp2"", ""/m/0ytgt"", ""/m/020bb7"", ""/m/0838f"", ""/m/015p6"", ""/m/01280g"", ""/m/0jbk"", ""/m/07prgkl"", ""/m/04k94"", ""/m/012f08"", ""/m/07yv9"", ""/m/09x0r"", ""/m/09l8g"", ""/m/02dgv"", ""/t/dd00071""]","traffic_noise","[""Pour"", ""Motor_vehicle_(road)"", ""Human_voice"", ""Domestic_sounds_and_home_sounds"", ""Knock"", ""Door"", ""Animal"", ""Wild_animals"", ""Water"", ""Child_speech_and_kid_speaking"", ""Bird_vocalization_and_bird_call_and_bird_song"", ""Speech"", ""Liquid"", ""Vehicle"", ""traffic_noise"", ""Stream"", ""Bird"", ""Trickle_and_dribble""]","zenodo/242184.wav","zenodo"
"186935.wav","/m/07pb8fc","[""/m/07pb8fc"", ""/m/07r04"", ""/m/012f08"", ""/m/07yv9"", ""/m/02mk9""]","engine","[""Motor_vehicle_(road)"", ""Truck"", ""engine"", ""Vehicle""]","zenodo/186935.wav","zenodo"
"254555.wav","/m/02mk9","[""/t/dd00130"", ""/m/07r04"", ""/m/012f08"", ""/m/07yv9"", ""/m/02mk9""]","engine","[""Motor_vehicle_(road)"", ""Truck"", ""Engine_starting"", ""Vehicle"", ""engine""]","zenodo/254555.wav","zenodo"
"251547.wav","/m/07pb8fc","[""/m/07pb8fc"", ""/m/07r04"", ""/m/012f08"", ""/m/07yv9"", ""/m/02mk9""]","engine","[""Motor_vehicle_(road)"", ""Truck"", ""engine"", ""Vehicle""]","zenodo/251547.wav","zenodo"
"63219.wav","/m/0btp2","[""/m/0btp2"", ""/m/07r04"", ""/m/012f08"", ""/m/07yv9""]","traffic_noise","[""traffic_noise"", ""Truck"", ""Motor_vehicle_(road)"", ""Vehicle""]","zenodo/63219.wav","zenodo"
"22882.wav","/m/07pb8fc","[""/m/07pb8fc"", ""/m/07r04"", ""/m/012f08"", ""/m/07yv9"", ""/m/02mk9""]","engine","[""Motor_vehicle_(road)"", ""Truck"", ""engine"", ""Vehicle""]","zenodo/22882.wav","zenodo"
"406889.wav","/m/02mk9","[""/m/07q2z82"", ""/m/07r04"", ""/m/012f08"", ""/m/07yv9"", ""/m/02mk9""]","engine","[""Motor_vehicle_(road)"", ""Truck"", ""Vehicle"", ""Accelerating_and_revving_and_vroom"", ""engine""]","zenodo/406889.wav","zenodo"
"425842.wav","/m/07pb8fc","[""/m/07pb8fc"", ""/m/07r04"", ""/m/012f08"", ""/m/07yv9"", ""/m/02mk9""]","engine","[""Motor_vehicle_(road)"", ""Truck"", ""engine"", ""Vehicle""]","zenodo/425842.wav","zenodo"
"425849.wav","/m/02mk9","[""/m/07q2z82"", ""/m/07r04"", ""/m/012f08"", ""/m/07yv9"", ""/m/02mk9""]","engine","[""Motor_vehicle_(road)"", ""Truck"", ""Vehicle"", ""Accelerating_and_revving_and_vroom"", ""engine""]","zenodo/425849.wav","zenodo"
"270291.wav","/m/0btp2","[""/m/0btp2"", ""/m/07r04"", ""/m/012f08"", ""/m/07yv9""]","traffic_noise","[""traffic_noise"", ""Truck"", ""Motor_vehicle_(road)"", ""Vehicle""]","zenodo/270291.wav","zenodo"
"58497.wav","/m/01d380","[""/m/07qjznt"", ""/m/02bm9n"", ""/t/dd00077"", ""/m/01d380"", ""/m/0_ksk"", ""/m/07k1x""]","drilling","[""drilling"", ""Tick"", ""Ratchet_and_pawl"", ""Tools"", ""Power_tool"", ""Mechanisms""]","zenodo/58497.wav","zenodo"
"381957.wav","/m/03kmc9","[""/m/03kmc9"", ""/m/07pp_mv""]","siren","[""alarm"", ""siren""]","zenodo/381957.wav","zenodo"
"46092.wav","/m/03kmc9","[""/m/03kmc9"", ""/m/07pp_mv""]","siren","[""alarm"", ""siren""]","zenodo/46092.wav","zenodo"
"372251.wav","/m/03kmc9","[""/m/03kmc9"", ""/m/07pp_mv""]","siren","[""alarm"", ""siren""]","zenodo/372251.wav","zenodo"
"332918.wav","/m/03kmc9","[""/m/03kmc9"", ""/m/07pp_mv""]","siren","[""alarm"", ""siren""]","zenodo/332918.wav","zenodo"
"258169.wav","/m/03kmc9","[""/m/03kmc9"", ""/m/07pp_mv""]","siren","[""alarm"", ""siren""]","zenodo/258169.wav","zenodo"
"262278.wav","/m/03kmc9","[""/m/03kmc9"", ""/m/07pp_mv""]","siren","[""alarm"", ""siren""]","zenodo/262278.wav","zenodo"
"382620.wav","/m/03kmc9","[""/m/03kmc9"", ""/m/07pp_mv""]","siren","[""alarm"", ""siren""]","zenodo/382620.wav","zenodo"
"353956.wav","/m/03kmc9","[""/m/03kmc9"", ""/m/07pp_mv""]","siren","[""alarm"", ""siren""]","zenodo/353956.wav","zenodo"
"202418.wav","/m/03kmc9","[""/m/03kmc9"", ""/m/07pp_mv""]","siren","[""alarm"", ""siren""]","zenodo/202418.wav","zenodo"
"324275.wav","/m/03kmc9","[""/m/03kmc9"", ""/m/07pp_mv""]","siren","[""alarm"", ""siren""]","zenodo/324275.wav","zenodo"
"410825.wav","/m/03kmc9","[""/m/01dwxx"", ""/m/034srq"", ""/m/03kmc9"", ""/m/07pp_mv"", ""/m/015p6"", ""/m/01280g"", ""/m/0jbk"", ""/m/05kq4"", ""/m/0838f""]","siren","[""Animal"", ""Wild_animals"", ""Water"", ""siren"", ""Waves_and_surf"", ""alarm"", ""Bird"", ""Ocean"", ""Gull_and_seagull""]","zenodo/410825.wav","zenodo"
"201945.wav","/m/03kmc9","[""/m/03kmc9"", ""/m/07pp_mv""]","siren","[""alarm"", ""siren""]","zenodo/201945.wav","zenodo"
"208652.wav","/m/03kmc9","[""/m/03kmc9"", ""/m/0bt9lr"", ""/m/07pp_mv"", ""/m/068hy"", ""/m/0jbk""]","siren","[""Domestic_animals_and_pets"", ""dog_bark"", ""Animal"", ""siren"", ""alarm""]","zenodo/208652.wav","zenodo"
"67358.wav","/m/03kmc9","[""/m/03kmc9"", ""/m/07pp_mv""]","siren","[""alarm"", ""siren""]","zenodo/67358.wav","zenodo"
"67359.wav","/m/03kmc9","[""/m/03kmc9"", ""/m/07pp_mv""]","siren","[""alarm"", ""siren""]","zenodo/67359.wav","zenodo"
"377125.wav","/m/03kmc9","[""/m/03kmc9"", ""/m/07pp_mv""]","siren","[""alarm"", ""siren""]","zenodo/377125.wav","zenodo"
"377126.wav","/m/03kmc9","[""/m/03kmc9"", ""/m/07pp_mv""]","siren","[""alarm"", ""siren""]","zenodo/377126.wav","zenodo"
"273750.wav","/m/03kmc9","[""/m/03kmc9"", ""/m/07pp_mv""]","siren","[""alarm"", ""siren""]","zenodo/273750.wav","zenodo"
"87393.wav","/m/03kmc9","[""/m/03kmc9"", ""/m/07pp_mv""]","siren","[""alarm"", ""siren""]","zenodo/87393.wav","zenodo"
"201611.wav","/m/03kmc9","[""/m/03kmc9"", ""/m/07pp_mv""]","siren","[""alarm"", ""siren""]","zenodo/201611.wav","zenodo"
"34733.wav","/m/03kmc9","[""/m/03kmc9"", ""/m/07pp_mv""]","siren","[""alarm"", ""siren""]","zenodo/34733.wav","zenodo"
"326074.wav","/m/03kmc9","[""/m/03kmc9"", ""/m/07pp_mv""]","siren","[""alarm"", ""siren""]","zenodo/326074.wav","zenodo"
"93639.wav","/m/03kmc9","[""/m/03kmc9"", ""/m/07pp_mv""]","siren","[""alarm"", ""siren""]","zenodo/93639.wav","zenodo"
"261593.wav","/m/03kmc9","[""/m/03kmc9"", ""/m/07pp_mv""]","siren","[""alarm"", ""siren""]","zenodo/261593.wav","zenodo"
"324579.wav","/m/03kmc9","[""/m/03kmc9"", ""/m/07pp_mv""]","siren","[""alarm"", ""siren""]","zenodo/324579.wav","zenodo"
"336894.wav","/m/03kmc9","[""/m/03kmc9"", ""/m/07pp_mv""]","siren","[""alarm"", ""siren""]","zenodo/336894.wav","zenodo"
"66350.wav","/m/0bt9lr","[""/m/01yrx"", ""/m/0bt9lr"", ""/m/068hy"", ""/m/0jbk""]","dog_bark","[""Domestic_animals_and_pets"", ""Animal"", ""Cat"", ""dog_bark""]","zenodo/66350.wav","zenodo"
"23086.wav","/m/0bt9lr","[""/m/06mb1"", ""/m/0bt9lr"", ""/m/0838f"", ""/m/068hy"", ""/m/0jbk""]","dog_bark","[""Rain"", ""Domestic_animals_and_pets"", ""dog_bark"", ""Animal"", ""Water""]","zenodo/23086.wav","zenodo"
"195985.wav","/m/0btp2","[""/m/0ngt1"", ""/m/0btp2"", ""/m/06mb1"", ""/m/03vt0"", ""/m/0838f"", ""/m/0jb2l"", ""/m/01280g"", ""/m/0jbk"", ""/m/012f08"", ""/m/07yv9""]","traffic_noise","[""Rain"", ""Motor_vehicle_(road)"", ""Insect"", ""Animal"", ""Wild_animals"", ""Water"", ""Thunder"", ""Thunderstorm"", ""Vehicle"", ""traffic_noise""]","zenodo/195985.wav","zenodo"
"202752.wav","/m/01d380","[""/m/01d380"", ""/m/0_ksk"", ""/m/07k1x""]","drilling","[""Power_tool"", ""drilling"", ""Tools""]","zenodo/202752.wav","zenodo"
"425995.wav","/m/01d380","[""/m/01d380"", ""/m/0_ksk"", ""/m/07k1x""]","drilling","[""Power_tool"", ""drilling"", ""Tools""]","zenodo/425995.wav","zenodo"
"179725.wav","/m/01d380","[""/m/01d380"", ""/m/0_ksk"", ""/m/07k1x""]","drilling","[""Power_tool"", ""drilling"", ""Tools""]","zenodo/179725.wav","zenodo"
"244242.wav","/m/01d380","[""/m/01d380"", ""/m/0_ksk"", ""/m/07k1x""]","drilling","[""Power_tool"", ""drilling"", ""Tools""]","zenodo/244242.wav","zenodo"
"29722.wav","/m/01d380","[""/m/01d380"", ""/m/0_ksk"", ""/m/07k1x""]","drilling","[""Power_tool"", ""drilling"", ""Tools""]","zenodo/29722.wav","zenodo"
"188444.wav","/m/01d380","[""/m/01d380"", ""/m/0_ksk"", ""/m/07k1x""]","drilling","[""Power_tool"", ""drilling"", ""Tools""]","zenodo/188444.wav","zenodo"
"73247.wav","/m/01d380","[""/m/01d380"", ""/m/0_ksk"", ""/m/07k1x""]","drilling","[""Power_tool"", ""drilling"", ""Tools""]","zenodo/73247.wav","zenodo"
"69159.wav","/m/01d380","[""/m/01d380"", ""/t/dd00077"", ""/m/0_ksk"", ""/m/07k1x""]","drilling","[""Tools"", ""Power_tool"", ""drilling"", ""Mechanisms""]","zenodo/69159.wav","zenodo"
"69160.wav","/m/01d380","[""/m/01d380"", ""/t/dd00077"", ""/m/0_ksk"", ""/m/07k1x""]","drilling","[""Tools"", ""Power_tool"", ""drilling"", ""Mechanisms""]","zenodo/69160.wav","zenodo"
"157737.wav","/m/01d380","[""/m/01d380"", ""/m/0_ksk"", ""/m/07k1x""]","drilling","[""Power_tool"", ""drilling"", ""Tools""]","zenodo/157737.wav","zenodo"
"127538.wav","/m/01d380","[""/m/01d380"", ""/m/0_ksk"", ""/m/07k1x""]","drilling","[""Power_tool"", ""drilling"", ""Tools""]","zenodo/127538.wav","zenodo"
"66622.wav","/m/01d380","[""/m/01d380"", ""/m/0_ksk"", ""/m/07k1x""]","drilling","[""Power_tool"", ""drilling"", ""Tools""]","zenodo/66622.wav","zenodo"
"66623.wav","/m/01d380","[""/m/01d380"", ""/m/0_ksk"", ""/m/07k1x""]","drilling","[""Power_tool"", ""drilling"", ""Tools""]","zenodo/66623.wav","zenodo"
"69187.wav","/m/01d380","[""/m/01d380"", ""/m/0_ksk"", ""/m/07k1x""]","drilling","[""Power_tool"", ""drilling"", ""Tools""]","zenodo/69187.wav","zenodo"
"262213.wav","/m/01d380","[""/m/01d380"", ""/m/0_ksk"", ""/m/07k1x""]","drilling","[""Power_tool"", ""drilling"", ""Tools""]","zenodo/262213.wav","zenodo"
"137815.wav","/m/01d380","[""/m/01d380"", ""/m/0_ksk"", ""/m/07k1x""]","drilling","[""Power_tool"", ""drilling"", ""Tools""]","zenodo/137815.wav","zenodo"
"387693.wav","/m/01d380","[""/m/01d380"", ""/m/0_ksk"", ""/m/07k1x""]","drilling","[""Power_tool"", ""drilling"", ""Tools""]","zenodo/387693.wav","zenodo"
"387698.wav","/m/01d380","[""/m/01d380"", ""/m/0_ksk"", ""/m/07k1x""]","drilling","[""Power_tool"", ""drilling"", ""Tools""]","zenodo/387698.wav","zenodo"
"387700.wav","/m/01d380","[""/m/01d380"", ""/m/0_ksk"", ""/m/07k1x""]","drilling","[""Power_tool"", ""drilling"", ""Tools""]","zenodo/387700.wav","zenodo"
"386178.wav","/m/01d380","[""/m/01d380"", ""/m/0_ksk"", ""/m/07k1x""]","drilling","[""Power_tool"", ""drilling"", ""Tools""]","zenodo/386178.wav","zenodo"
"386179.wav","/m/01d380","[""/m/01d380"", ""/m/0_ksk"", ""/m/07k1x""]","drilling","[""Power_tool"", ""drilling"", ""Tools""]","zenodo/386179.wav","zenodo"
"211615.wav","/m/01d380","[""/m/01d380"", ""/m/0_ksk"", ""/m/07k1x""]","drilling","[""Power_tool"", ""drilling"", ""Tools""]","zenodo/211615.wav","zenodo"
"59051.wav","/m/01d380","[""/m/01d380"", ""/m/0_ksk"", ""/m/07k1x""]","drilling","[""Power_tool"", ""drilling"", ""Tools""]","zenodo/59051.wav","zenodo"
"377521.wav","/m/01d380","[""/m/01d380"", ""/m/0_ksk"", ""/m/07k1x""]","drilling","[""Power_tool"", ""drilling"", ""Tools""]","zenodo/377521.wav","zenodo"
"377525.wav","/m/01d380","[""/m/01d380"", ""/m/0_ksk"", ""/m/07k1x""]","drilling","[""Power_tool"", ""drilling"", ""Tools""]","zenodo/377525.wav","zenodo"
"417983.wav","/m/01d380","[""/m/01d380"", ""/m/0_ksk"", ""/m/07k1x""]","drilling","[""Power_tool"", ""drilling"", ""Tools""]","zenodo/417983.wav","zenodo"
"386248.wav","/m/01d380","[""/m/01d380"", ""/m/0_ksk"", ""/m/07k1x""]","drilling","[""Power_tool"", ""drilling"", ""Tools""]","zenodo/386248.wav","zenodo"
"386249.wav","/m/01d380","[""/m/01d380"", ""/m/0_ksk"", ""/m/07k1x""]","drilling","[""Power_tool"", ""drilling"", ""Tools""]","zenodo/386249.wav","zenodo"
"386251.wav","/m/01d380","[""/m/01d380"", ""/m/0_ksk"", ""/m/07k1x""]","drilling","[""Power_tool"", ""drilling"", ""Tools""]","zenodo/386251.wav","zenodo"
"386252.wav","/m/01d380","[""/m/01d380"", ""/m/0_ksk"", ""/m/07k1x""]","drilling","[""Power_tool"", ""drilling"", ""Tools""]","zenodo/386252.wav","zenodo"
"386253.wav","/m/01d380","[""/m/01d380"", ""/m/0_ksk"", ""/m/07k1x""]","drilling","[""Power_tool"", ""drilling"", ""Tools""]","zenodo/386253.wav","zenodo"
"386255.wav","/m/01d380","[""/m/01d380"", ""/m/0_ksk"", ""/m/07k1x""]","drilling","[""Power_tool"", ""drilling"", ""Tools""]","zenodo/386255.wav","zenodo"
"386254.wav","/m/01d380","[""/m/01d380"", ""/m/0_ksk"", ""/m/07k1x""]","drilling","[""Power_tool"", ""drilling"", ""Tools""]","zenodo/386254.wav","zenodo"
"386256.wav","/m/01d380","[""/m/01d380"", ""/m/0_ksk"", ""/m/07k1x""]","drilling","[""Power_tool"", ""drilling"", ""Tools""]","zenodo/386256.wav","zenodo"
"386258.wav","/m/01d380","[""/m/01d380"", ""/m/0_ksk"", ""/m/07k1x""]","drilling","[""Power_tool"", ""drilling"", ""Tools""]","zenodo/386258.wav","zenodo"
"386259.wav","/m/01d380","[""/m/01d380"", ""/m/0_ksk"", ""/m/07k1x""]","drilling","[""Power_tool"", ""drilling"", ""Tools""]","zenodo/386259.wav","zenodo"
"386262.wav","/m/01d380","[""/m/01d380"", ""/m/0_ksk"", ""/m/07k1x""]","drilling","[""Power_tool"", ""drilling"", ""Tools""]","zenodo/386262.wav","zenodo"
"386261.wav","/m/01d380","[""/m/01d380"", ""/m/0_ksk"", ""/m/07k1x""]","drilling","[""Power_tool"", ""drilling"", ""Tools""]","zenodo/386261.wav","zenodo"
"74965.wav","/m/01d380","[""/m/01d380"", ""/m/0_ksk"", ""/m/07k1x""]","drilling","[""Power_tool"", ""drilling"", ""Tools""]","zenodo/74965.wav","zenodo"
"386263.wav","/m/01d380","[""/m/01d380"", ""/m/0_ksk"", ""/m/07k1x""]","drilling","[""Power_tool"", ""drilling"", ""Tools""]","zenodo/386263.wav","zenodo"
"386264.wav","/m/01d380","[""/m/01d380"", ""/m/0_ksk"", ""/m/07k1x""]","drilling","[""Power_tool"", ""drilling"", ""Tools""]","zenodo/386264.wav","zenodo"
"434393.wav","/m/01d380","[""/m/01d380"", ""/m/0_ksk"", ""/m/07k1x""]","drilling","[""Power_tool"", ""drilling"", ""Tools""]","zenodo/434393.wav","zenodo"
"420056.wav","/m/01d380","[""/m/01d380"", ""/m/0_ksk"", ""/m/07k1x""]","drilling","[""Power_tool"", ""drilling"", ""Tools""]","zenodo/420056.wav","zenodo"
"386266.wav","/m/01d380","[""/m/01d380"", ""/m/0_ksk"", ""/m/07k1x""]","drilling","[""Power_tool"", ""drilling"", ""Tools""]","zenodo/386266.wav","zenodo"
"386265.wav","/m/01d380","[""/m/01d380"", ""/m/0_ksk"", ""/m/07k1x""]","drilling","[""Power_tool"", ""drilling"", ""Tools""]","zenodo/386265.wav","zenodo"
"386269.wav","/m/01d380","[""/m/01d380"", ""/m/0_ksk"", ""/m/07k1x""]","drilling","[""Power_tool"", ""drilling"", ""Tools""]","zenodo/386269.wav","zenodo"
"386271.wav","/m/01d380","[""/m/01d380"", ""/m/0_ksk"", ""/m/07k1x""]","drilling","[""Power_tool"", ""drilling"", ""Tools""]","zenodo/386271.wav","zenodo"
"386272.wav","/m/01d380","[""/m/01d380"", ""/m/0_ksk"", ""/m/07k1x""]","drilling","[""Power_tool"", ""drilling"", ""Tools""]","zenodo/386272.wav","zenodo"
"386273.wav","/m/01d380","[""/m/01d380"", ""/m/0_ksk"", ""/m/07k1x""]","drilling","[""Power_tool"", ""drilling"", ""Tools""]","zenodo/386273.wav","zenodo"
"386274.wav","/m/01d380","[""/m/01d380"", ""/m/0_ksk"", ""/m/07k1x""]","drilling","[""Power_tool"", ""drilling"", ""Tools""]","zenodo/386274.wav","zenodo"
"386276.wav","/m/01d380","[""/m/01d380"", ""/m/0_ksk"", ""/m/07k1x""]","drilling","[""Power_tool"", ""drilling"", ""Tools""]","zenodo/386276.wav","zenodo"
"386277.wav","/m/01d380","[""/m/01d380"", ""/m/0_ksk"", ""/m/07k1x""]","drilling","[""Power_tool"", ""drilling"", ""Tools""]","zenodo/386277.wav","zenodo"
"386278.wav","/m/01d380","[""/m/01d380"", ""/m/0_ksk"", ""/m/07k1x""]","drilling","[""Power_tool"", ""drilling"", ""Tools""]","zenodo/386278.wav","zenodo"
"386275.wav","/m/01d380","[""/m/01d380"", ""/m/0_ksk"", ""/m/07k1x""]","drilling","[""Power_tool"", ""drilling"", ""Tools""]","zenodo/386275.wav","zenodo"
"386280.wav","/m/01d380","[""/m/01d380"", ""/m/0_ksk"", ""/m/07k1x""]","drilling","[""Power_tool"", ""drilling"", ""Tools""]","zenodo/386280.wav","zenodo"
"66281.wav","/m/01d380","[""/m/01d380"", ""/m/0_ksk"", ""/m/07k1x""]","drilling","[""Power_tool"", ""drilling"", ""Tools""]","zenodo/66281.wav","zenodo"
"386282.wav","/m/01d380","[""/m/01d380"", ""/m/0_ksk"", ""/m/07k1x""]","drilling","[""Power_tool"", ""drilling"", ""Tools""]","zenodo/386282.wav","zenodo"
"386283.wav","/m/01d380","[""/m/01d380"", ""/m/0_ksk"", ""/m/07k1x""]","drilling","[""Power_tool"", ""drilling"", ""Tools""]","zenodo/386283.wav","zenodo"
"386284.wav","/m/01d380","[""/m/01d380"", ""/m/0_ksk"", ""/m/07k1x""]","drilling","[""Power_tool"", ""drilling"", ""Tools""]","zenodo/386284.wav","zenodo"
"50413.wav","/m/01d380","[""/m/01d380"", ""/m/0_ksk"", ""/m/07k1x""]","drilling","[""Power_tool"", ""drilling"", ""Tools""]","zenodo/50413.wav","zenodo"
"386279.wav","/m/01d380","[""/m/01d380"", ""/m/0_ksk"", ""/m/07k1x""]","drilling","[""Power_tool"", ""drilling"", ""Tools""]","zenodo/386279.wav","zenodo"
"50415.wav","/m/01d380","[""/m/01d380"", ""/m/0_ksk"", ""/m/07k1x""]","drilling","[""Power_tool"", ""drilling"", ""Tools""]","zenodo/50415.wav","zenodo"
"50414.wav","/m/01d380","[""/m/01d380"", ""/m/0_ksk"", ""/m/07k1x""]","drilling","[""Power_tool"", ""drilling"", ""Tools""]","zenodo/50414.wav","zenodo"
"386288.wav","/m/01d380","[""/m/01d380"", ""/m/0_ksk"", ""/m/07k1x""]","drilling","[""Power_tool"", ""drilling"", ""Tools""]","zenodo/386288.wav","zenodo"
"50416.wav","/m/01d380","[""/m/01d380"", ""/m/0_ksk"", ""/m/07k1x""]","drilling","[""Power_tool"", ""drilling"", ""Tools""]","zenodo/50416.wav","zenodo"
"386290.wav","/m/01d380","[""/m/01d380"", ""/m/0_ksk"", ""/m/07k1x""]","drilling","[""Power_tool"", ""drilling"", ""Tools""]","zenodo/386290.wav","zenodo"
"386289.wav","/m/01d380","[""/m/01d380"", ""/m/0_ksk"", ""/m/07k1x""]","drilling","[""Power_tool"", ""drilling"", ""Tools""]","zenodo/386289.wav","zenodo"
"386292.wav","/m/01d380","[""/m/01d380"", ""/m/0_ksk"", ""/m/07k1x""]","drilling","[""Power_tool"", ""drilling"", ""Tools""]","zenodo/386292.wav","zenodo"
"386293.wav","/m/01d380","[""/m/01d380"", ""/m/0_ksk"", ""/m/07k1x""]","drilling","[""Power_tool"", ""drilling"", ""Tools""]","zenodo/386293.wav","zenodo"
"386295.wav","/m/01d380","[""/m/01d380"", ""/m/0_ksk"", ""/m/07k1x""]","drilling","[""Power_tool"", ""drilling"", ""Tools""]","zenodo/386295.wav","zenodo"
"386294.wav","/m/01d380","[""/m/01d380"", ""/m/0_ksk"", ""/m/07k1x""]","drilling","[""Power_tool"", ""drilling"", ""Tools""]","zenodo/386294.wav","zenodo"
"139000.wav","/m/01d380","[""/m/01d380"", ""/m/0_ksk"", ""/m/07k1x""]","drilling","[""Power_tool"", ""drilling"", ""Tools""]","zenodo/139000.wav","zenodo"
"353531.wav","/m/01d380","[""/m/01d380"", ""/m/0_ksk"", ""/m/07k1x""]","drilling","[""Power_tool"", ""drilling"", ""Tools""]","zenodo/353531.wav","zenodo"
"353532.wav","/m/01d380","[""/m/01d380"", ""/m/07k1x"", ""/m/0_ksk""]","drilling","[""Power_tool"", ""drilling"", ""Tools""]","zenodo/353532.wav","zenodo"
"386296.wav","/m/01d380","[""/m/01d380"", ""/m/0_ksk"", ""/m/07k1x""]","drilling","[""Power_tool"", ""drilling"", ""Tools""]","zenodo/386296.wav","zenodo"
"340241.wav","/m/01d380","[""/m/01d380"", ""/m/0_ksk"", ""/m/07k1x""]","drilling","[""Power_tool"", ""drilling"", ""Tools""]","zenodo/340241.wav","zenodo"
"333080.wav","/m/01d380","[""/m/01d380"", ""/m/0_ksk"", ""/m/07k1x""]","drilling","[""Power_tool"", ""drilling"", ""Tools""]","zenodo/333080.wav","zenodo"
"386250.wav","/m/01d380","[""/m/01d380"", ""/m/0_ksk"", ""/m/07k1x""]","drilling","[""Power_tool"", ""drilling"", ""Tools""]","zenodo/386250.wav","zenodo"
"236321.wav","/m/01d380","[""/m/01d380"", ""/m/0_ksk"", ""/m/07k1x""]","drilling","[""Power_tool"", ""drilling"", ""Tools""]","zenodo/236321.wav","zenodo"
"236325.wav","/m/01d380","[""/m/01d380"", ""/m/0_ksk"", ""/m/07k1x""]","drilling","[""Power_tool"", ""drilling"", ""Tools""]","zenodo/236325.wav","zenodo"
"236326.wav","/m/01d380","[""/m/01d380"", ""/m/0_ksk"", ""/m/07k1x""]","drilling","[""Power_tool"", ""drilling"", ""Tools""]","zenodo/236326.wav","zenodo"
"236327.wav","/m/01d380","[""/m/01d380"", ""/m/0_ksk"", ""/m/07k1x""]","drilling","[""Power_tool"", ""drilling"", ""Tools""]","zenodo/236327.wav","zenodo"
"236328.wav","/m/01d380","[""/m/01d380"", ""/m/0_ksk"", ""/m/07k1x""]","drilling","[""Power_tool"", ""drilling"", ""Tools""]","zenodo/236328.wav","zenodo"
"216816.wav","/m/01d380","[""/m/01d380"", ""/m/0_ksk"", ""/m/07k1x""]","drilling","[""Power_tool"", ""drilling"", ""Tools""]","zenodo/216816.wav","zenodo"
"205610.wav","/m/01d380","[""/m/01d380"", ""/m/0_ksk"", ""/m/07k1x""]","drilling","[""Power_tool"", ""drilling"", ""Tools""]","zenodo/205610.wav","zenodo"
"71905.wav","/m/01d380","[""/m/01d380"", ""/m/0_ksk"", ""/m/07k1x""]","drilling","[""Power_tool"", ""drilling"", ""Tools""]","zenodo/71905.wav","zenodo"
"386257.wav","/m/01d380","[""/m/01d380"", ""/m/0_ksk"", ""/m/07k1x""]","drilling","[""Power_tool"", ""drilling"", ""Tools""]","zenodo/386257.wav","zenodo"
"34621.wav","/m/01d380","[""/m/01d380"", ""/m/0_ksk"", ""/m/07k1x""]","drilling","[""Power_tool"", ""drilling"", ""Tools""]","zenodo/34621.wav","zenodo"
"146249.wav","/m/01d380","[""/m/01d380"", ""/m/0_ksk"", ""/m/07k1x""]","drilling","[""Power_tool"", ""drilling"", ""Tools""]","zenodo/146249.wav","zenodo"
"95562.wav","/m/01d380","[""/m/01d380"", ""/m/0_ksk"", ""/m/07k1x""]","drilling","[""Power_tool"", ""drilling"", ""Tools""]","zenodo/95562.wav","zenodo"
"386260.wav","/m/01d380","[""/m/01d380"", ""/m/0_ksk"", ""/m/07k1x""]","drilling","[""Power_tool"", ""drilling"", ""Tools""]","zenodo/386260.wav","zenodo"
"185170.wav","/m/01d380","[""/m/01d380"", ""/m/0_ksk"", ""/m/07k1x""]","drilling","[""Power_tool"", ""drilling"", ""Tools""]","zenodo/185170.wav","zenodo"
"254297.wav","/m/01d380","[""/m/01d380"", ""/m/0_ksk"", ""/m/07k1x""]","drilling","[""Power_tool"", ""drilling"", ""Tools""]","zenodo/254297.wav","zenodo"
"220507.wav","/m/01d380","[""/m/01d380"", ""/m/0_ksk"", ""/m/07k1x""]","drilling","[""Power_tool"", ""drilling"", ""Tools""]","zenodo/220507.wav","zenodo"
"71529.wav","/m/01d380","[""/m/01d380"", ""/m/0_ksk"", ""/m/07k1x""]","drilling","[""Power_tool"", ""drilling"", ""Tools""]","zenodo/71529.wav","zenodo"
"212845.wav","/m/01d380","[""/m/01d380"", ""/m/0_ksk"", ""/m/07k1x""]","drilling","[""Power_tool"", ""drilling"", ""Tools""]","zenodo/212845.wav","zenodo"
"386267.wav","/m/01d380","[""/m/01d380"", ""/m/0_ksk"", ""/m/07k1x""]","drilling","[""Power_tool"", ""drilling"", ""Tools""]","zenodo/386267.wav","zenodo"
"254319.wav","/m/01d380","[""/m/01d380"", ""/m/0_ksk"", ""/m/07k1x""]","drilling","[""Power_tool"", ""drilling"", ""Tools""]","zenodo/254319.wav","zenodo"
"104817.wav","/m/01d380","[""/m/01d380"", ""/m/0_ksk"", ""/m/07k1x""]","drilling","[""Power_tool"", ""drilling"", ""Tools""]","zenodo/104817.wav","zenodo"
"262002.wav","/m/01d380","[""/m/01d380"", ""/m/0_ksk"", ""/m/07k1x""]","drilling","[""Power_tool"", ""drilling"", ""Tools""]","zenodo/262002.wav","zenodo"
"386268.wav","/m/01d380","[""/m/01d380"", ""/m/0_ksk"", ""/m/07k1x""]","drilling","[""Power_tool"", ""drilling"", ""Tools""]","zenodo/386268.wav","zenodo"
"254324.wav","/m/01d380","[""/m/01d380"", ""/m/0_ksk"", ""/m/07k1x""]","drilling","[""Power_tool"", ""drilling"", ""Tools""]","zenodo/254324.wav","zenodo"
"254325.wav","/m/01d380","[""/m/01d380"", ""/t/dd00077"", ""/m/0_ksk"", ""/m/07k1x""]","drilling","[""Tools"", ""Power_tool"", ""drilling"", ""Mechanisms""]","zenodo/254325.wav","zenodo"
"212849.wav","/m/01d380","[""/m/01d380"", ""/m/0_ksk"", ""/m/07k1x""]","drilling","[""Power_tool"", ""drilling"", ""Tools""]","zenodo/212849.wav","zenodo"
"386270.wav","/m/01d380","[""/m/01d380"", ""/m/0_ksk"", ""/m/07k1x""]","drilling","[""Power_tool"", ""drilling"", ""Tools""]","zenodo/386270.wav","zenodo"
"362908.wav","/m/01d380","[""/m/01d380"", ""/m/0_ksk"", ""/m/07k1x""]","drilling","[""Power_tool"", ""drilling"", ""Tools""]","zenodo/362908.wav","zenodo"
"96157.wav","/m/01d380","[""/m/01d380"", ""/m/0_ksk"", ""/m/07k1x""]","drilling","[""Power_tool"", ""drilling"", ""Tools""]","zenodo/96157.wav","zenodo"
"96158.wav","/m/01d380","[""/m/01d380"", ""/m/0_ksk"", ""/m/07k1x""]","drilling","[""Power_tool"", ""drilling"", ""Tools""]","zenodo/96158.wav","zenodo"
"215967.wav","/m/01d380","[""/m/01d380"", ""/m/0_ksk"", ""/m/07k1x""]","drilling","[""Power_tool"", ""drilling"", ""Tools""]","zenodo/215967.wav","zenodo"
"96159.wav","/m/01d380","[""/m/01d380"", ""/m/0_ksk"", ""/m/07k1x""]","drilling","[""Power_tool"", ""drilling"", ""Tools""]","zenodo/96159.wav","zenodo"
"362909.wav","/m/01d380","[""/m/01d380"", ""/m/0_ksk"", ""/m/07k1x""]","drilling","[""Power_tool"", ""drilling"", ""Tools""]","zenodo/362909.wav","zenodo"
"180131.wav","/m/01d380","[""/m/01d380"", ""/m/0_ksk"", ""/m/07k1x""]","drilling","[""Power_tool"", ""drilling"", ""Tools""]","zenodo/180131.wav","zenodo"
"274853.wav","/m/01d380","[""/m/01d380"", ""/m/0_ksk"", ""/m/07k1x""]","drilling","[""Power_tool"", ""drilling"", ""Tools""]","zenodo/274853.wav","zenodo"
"274854.wav","/m/01d380","[""/m/01d380"", ""/m/0_ksk"", ""/m/07k1x""]","drilling","[""Power_tool"", ""drilling"", ""Tools""]","zenodo/274854.wav","zenodo"
"274855.wav","/m/01d380","[""/m/01d380"", ""/m/0_ksk"", ""/m/07k1x""]","drilling","[""Power_tool"", ""drilling"", ""Tools""]","zenodo/274855.wav","zenodo"
"71080.wav","/m/01d380","[""/m/01d380"", ""/m/0_ksk"", ""/m/07k1x""]","drilling","[""Power_tool"", ""drilling"", ""Tools""]","zenodo/71080.wav","zenodo"
"274856.wav","/m/01d380","[""/m/01d380"", ""/m/0_ksk"", ""/m/07k1x""]","drilling","[""Power_tool"", ""drilling"", ""Tools""]","zenodo/274856.wav","zenodo"
"71079.wav","/m/01d380","[""/m/01d380"", ""/m/0_ksk"", ""/m/07k1x""]","drilling","[""Power_tool"", ""drilling"", ""Tools""]","zenodo/71079.wav","zenodo"
"71082.wav","/m/01d380","[""/m/01d380"", ""/m/0_ksk"", ""/m/07k1x""]","drilling","[""Power_tool"", ""drilling"", ""Tools""]","zenodo/71082.wav","zenodo"
"322475.wav","/m/01d380","[""/m/01d380"", ""/m/0_ksk"", ""/m/07k1x""]","drilling","[""Power_tool"", ""drilling"", ""Tools""]","zenodo/322475.wav","zenodo"
"212397.wav","/m/01d380","[""/m/01d380"", ""/m/0_ksk"", ""/m/07k1x""]","drilling","[""Power_tool"", ""drilling"", ""Tools""]","zenodo/212397.wav","zenodo"
"71086.wav","/m/01d380","[""/m/01d380"", ""/m/0_ksk"", ""/m/07k1x""]","drilling","[""Power_tool"", ""drilling"", ""Tools""]","zenodo/71086.wav","zenodo"
"71088.wav","/m/01d380","[""/m/01d380"", ""/m/0_ksk"", ""/m/07k1x""]","drilling","[""Power_tool"", ""drilling"", ""Tools""]","zenodo/71088.wav","zenodo"
"71081.wav","/m/01d380","[""/m/01d380"", ""/m/0_ksk"", ""/m/07k1x""]","drilling","[""Power_tool"", ""drilling"", ""Tools""]","zenodo/71081.wav","zenodo"
"22962.wav","/m/01d380","[""/m/01d380"", ""/m/0_ksk"", ""/m/07k1x""]","drilling","[""Power_tool"", ""drilling"", ""Tools""]","zenodo/22962.wav","zenodo"
"71087.wav","/m/01d380","[""/m/01d380"", ""/m/0_ksk"", ""/m/07k1x""]","drilling","[""Power_tool"", ""drilling"", ""Tools""]","zenodo/71087.wav","zenodo"
"386281.wav","/m/01d380","[""/m/01d380"", ""/m/0_ksk"", ""/m/07k1x""]","drilling","[""Power_tool"", ""drilling"", ""Tools""]","zenodo/386281.wav","zenodo"
"42937.wav","/m/01d380","[""/m/01d380"", ""/m/0_ksk"", ""/m/07k1x""]","drilling","[""Power_tool"", ""drilling"", ""Tools""]","zenodo/42937.wav","zenodo"
"26344.wav","/m/01d380","[""/m/01d380"", ""/m/0_ksk"", ""/m/07k1x""]","drilling","[""Power_tool"", ""drilling"", ""Tools""]","zenodo/26344.wav","zenodo"
"77774.wav","/m/01d380","[""/m/01d380"", ""/m/0_ksk"", ""/m/07k1x""]","drilling","[""Power_tool"", ""drilling"", ""Tools""]","zenodo/77774.wav","zenodo"
"386287.wav","/m/01d380","[""/m/01d380"", ""/m/0_ksk"", ""/m/07k1x""]","drilling","[""Power_tool"", ""drilling"", ""Tools""]","zenodo/386287.wav","zenodo"
"187863.wav","/m/01d380","[""/m/01d380"", ""/m/0_ksk"", ""/m/07k1x""]","drilling","[""Power_tool"", ""drilling"", ""Tools""]","zenodo/187863.wav","zenodo"
"97993.wav","/m/01d380","[""/m/03l9g"", ""/m/01d380"", ""/m/0_ksk"", ""/m/07k1x""]","drilling","[""Hammer"", ""Power_tool"", ""drilling"", ""Tools""]","zenodo/97993.wav","zenodo"
"382950.wav","/m/01d380","[""/m/01d380"", ""/t/dd00077"", ""/m/0_ksk"", ""/m/07k1x""]","drilling","[""Tools"", ""Power_tool"", ""drilling"", ""Mechanisms""]","zenodo/382950.wav","zenodo"
"386291.wav","/m/01d380","[""/m/01d380"", ""/m/0_ksk"", ""/m/07k1x""]","drilling","[""Power_tool"", ""drilling"", ""Tools""]","zenodo/386291.wav","zenodo"
"382952.wav","/m/01d380","[""/m/01d380"", ""/m/0_ksk"", ""/m/07k1x""]","drilling","[""Power_tool"", ""drilling"", ""Tools""]","zenodo/382952.wav","zenodo"
"382954.wav","/m/01d380","[""/m/01d380"", ""/t/dd00077"", ""/m/0_ksk"", ""/m/07k1x""]","drilling","[""Tools"", ""Power_tool"", ""drilling"", ""Mechanisms""]","zenodo/382954.wav","zenodo"
"84971.wav","/m/01d380","[""/m/01d380"", ""/m/0_ksk"", ""/m/07k1x""]","drilling","[""Power_tool"", ""drilling"", ""Tools""]","zenodo/84971.wav","zenodo"
"187377.wav","/m/01d380","[""/m/01d380"", ""/m/0_ksk"", ""/m/07k1x""]","drilling","[""Power_tool"", ""drilling"", ""Tools""]","zenodo/187377.wav","zenodo"
"195063.wav","/m/01d380","[""/m/01d380"", ""/m/0_ksk"", ""/m/07k1x""]","drilling","[""Power_tool"", ""drilling"", ""Tools""]","zenodo/195063.wav","zenodo"
"258043.wav","/m/01d380","[""/m/01d380"", ""/m/0_ksk"", ""/m/07k1x""]","drilling","[""Power_tool"", ""drilling"", ""Tools""]","zenodo/258043.wav","zenodo"
"258044.wav","/m/01d380","[""/m/01d380"", ""/m/0_ksk"", ""/m/07k1x""]","drilling","[""Power_tool"", ""drilling"", ""Tools""]","zenodo/258044.wav","zenodo"
"220159.wav","/m/01d380","[""/m/01d380"", ""/m/0_ksk"", ""/m/07k1x""]","drilling","[""Power_tool"", ""drilling"", ""Tools""]","zenodo/220159.wav","zenodo"
"316416.wav","/m/03qc9zr","[""/m/03qc9zr"", ""/m/09l8g""]","screaming","[""Human_voice"", ""screaming""]","zenodo/316416.wav","zenodo"
"223745.wav","/m/03qc9zr","[""/m/03qc9zr"", ""/m/03qtwd"", ""/m/053hz1"", ""/m/09l8g"", ""/t/dd00012""]","screaming","[""Crowd"", ""Human_group_actions"", ""Human_voice"", ""Cheering"", ""screaming""]","zenodo/223745.wav","zenodo"
"219653.wav","/m/03qc9zr","[""/m/03qc9zr"", ""/m/09l8g""]","screaming","[""Human_voice"", ""screaming""]","zenodo/219653.wav","zenodo"
"353285.wav","/m/03qc9zr","[""/m/03qc9zr"", ""/m/09l8g""]","screaming","[""Human_voice"", ""screaming""]","zenodo/353285.wav","zenodo"
"353286.wav","/m/03qc9zr","[""/m/03qc9zr"", ""/m/09l8g""]","screaming","[""Human_voice"", ""screaming""]","zenodo/353286.wav","zenodo"
"353287.wav","/m/03qc9zr","[""/m/03qc9zr"", ""/m/09l8g""]","screaming","[""Human_voice"", ""screaming""]","zenodo/353287.wav","zenodo"
"219657.wav","/m/03qc9zr","[""/m/03qc9zr"", ""/m/09l8g""]","screaming","[""Human_voice"", ""screaming""]","zenodo/219657.wav","zenodo"
"219658.wav","/m/03qc9zr","[""/m/03qc9zr"", ""/m/09l8g""]","screaming","[""Human_voice"", ""screaming""]","zenodo/219658.wav","zenodo"
"353288.wav","/m/03qc9zr","[""/m/03qc9zr"", ""/m/09l8g""]","screaming","[""Human_voice"", ""screaming""]","zenodo/353288.wav","zenodo"
"219660.wav","/m/03qc9zr","[""/m/03qc9zr"", ""/m/09l8g""]","screaming","[""Human_voice"", ""screaming""]","zenodo/219660.wav","zenodo"
"219661.wav","/m/03qc9zr","[""/m/03qc9zr"", ""/m/09l8g""]","screaming","[""Human_voice"", ""screaming""]","zenodo/219661.wav","zenodo"
"219663.wav","/m/03qc9zr","[""/m/03qc9zr"", ""/m/09l8g""]","screaming","[""Human_voice"", ""screaming""]","zenodo/219663.wav","zenodo"
"353291.wav","/m/03qc9zr","[""/m/03qc9zr"", ""/m/09l8g""]","screaming","[""Human_voice"", ""screaming""]","zenodo/353291.wav","zenodo"
"219665.wav","/m/03qc9zr","[""/m/03qc9zr"", ""/m/09l8g""]","screaming","[""Human_voice"", ""screaming""]","zenodo/219665.wav","zenodo"
"219666.wav","/m/03qc9zr","[""/m/03qc9zr"", ""/m/09l8g""]","screaming","[""Human_voice"", ""screaming""]","zenodo/219666.wav","zenodo"
"173070.wav","/m/03qc9zr","[""/m/03qc9zr"", ""/m/09l8g""]","screaming","[""Human_voice"", ""screaming""]","zenodo/173070.wav","zenodo"
"353295.wav","/m/03qc9zr","[""/m/03qc9zr"", ""/m/09l8g""]","screaming","[""Human_voice"", ""screaming""]","zenodo/353295.wav","zenodo"
"353296.wav","/m/03qc9zr","[""/m/03qc9zr"", ""/m/09l8g""]","screaming","[""Human_voice"", ""screaming""]","zenodo/353296.wav","zenodo"
"353294.wav","/m/03qc9zr","[""/m/03qc9zr"", ""/m/09l8g""]","screaming","[""Human_voice"", ""screaming""]","zenodo/353294.wav","zenodo"
"166943.wav","/m/03qc9zr","[""/m/03qc9zr"", ""/m/09l8g""]","screaming","[""Human_voice"", ""screaming""]","zenodo/166943.wav","zenodo"
"85538.wav","/m/03qc9zr","[""/m/03qc9zr"", ""/m/09l8g""]","screaming","[""Human_voice"", ""screaming""]","zenodo/85538.wav","zenodo"
"68136.wav","/m/03qc9zr","[""/m/03qc9zr"", ""/m/09l8g""]","screaming","[""Human_voice"", ""screaming""]","zenodo/68136.wav","zenodo"
"394282.wav","/m/03qc9zr","[""/m/03qc9zr"", ""/m/09l8g""]","screaming","[""Human_voice"", ""screaming""]","zenodo/394282.wav","zenodo"
"85554.wav","/m/03qc9zr","[""/m/03qc9zr"", ""/m/09l8g""]","screaming","[""Human_voice"", ""screaming""]","zenodo/85554.wav","zenodo"
"144435.wav","/m/03qc9zr","[""/m/03qc9zr"", ""/m/09l8g""]","screaming","[""Human_voice"", ""screaming""]","zenodo/144435.wav","zenodo"
"184373.wav","/m/03qc9zr","[""/m/03qc9zr"", ""/m/09l8g""]","screaming","[""Human_voice"", ""screaming""]","zenodo/184373.wav","zenodo"
"110139.wav","/m/03qc9zr","[""/m/03qc9zr"", ""/m/09l8g""]","screaming","[""Human_voice"", ""screaming""]","zenodo/110139.wav","zenodo"
"110140.wav","/m/03qc9zr","[""/m/03qc9zr"", ""/m/09l8g""]","screaming","[""Human_voice"", ""screaming""]","zenodo/110140.wav","zenodo"
"110141.wav","/m/03qc9zr","[""/m/03qc9zr"", ""/m/09l8g""]","screaming","[""Human_voice"", ""screaming""]","zenodo/110141.wav","zenodo"
"110142.wav","/m/03qc9zr","[""/m/03qc9zr"", ""/m/09l8g""]","screaming","[""Human_voice"", ""screaming""]","zenodo/110142.wav","zenodo"
"56899.wav","/m/03qc9zr","[""/m/03qc9zr"", ""/m/09l8g""]","screaming","[""Human_voice"", ""screaming""]","zenodo/56899.wav","zenodo"
"30276.wav","/m/03qc9zr","[""/m/03qc9zr"", ""/m/09l8g""]","screaming","[""Human_voice"", ""screaming""]","zenodo/30276.wav","zenodo"
"30277.wav","/m/03qc9zr","[""/m/03qc9zr"", ""/m/09l8g""]","screaming","[""Human_voice"", ""screaming""]","zenodo/30277.wav","zenodo"
"56901.wav","/m/03qc9zr","[""/m/03qc9zr"", ""/m/09l8g""]","screaming","[""Human_voice"", ""screaming""]","zenodo/56901.wav","zenodo"
"30279.wav","/m/03qc9zr","[""/m/03qc9zr"", ""/m/09l8g""]","screaming","[""Human_voice"", ""screaming""]","zenodo/30279.wav","zenodo"
"180299.wav","/m/03qc9zr","[""/m/03qc9zr"", ""/m/09l8g""]","screaming","[""Human_voice"", ""screaming""]","zenodo/180299.wav","zenodo"
"161360.wav","/m/03qc9zr","[""/m/03qc9zr"", ""/m/09l8g""]","screaming","[""Human_voice"", ""screaming""]","zenodo/161360.wav","zenodo"
"180305.wav","/m/03qc9zr","[""/m/03qc9zr"", ""/m/07sr1lc"", ""/m/09l8g"", ""/m/07p6fty""]","screaming","[""Yell"", ""shout"", ""Human_voice"", ""screaming""]","zenodo/180305.wav","zenodo"
"180307.wav","/m/03qc9zr","[""/m/03qc9zr"", ""/m/09l8g""]","screaming","[""Human_voice"", ""screaming""]","zenodo/180307.wav","zenodo"
"180309.wav","/m/03qc9zr","[""/m/03qc9zr"", ""/m/09l8g""]","screaming","[""Human_voice"", ""screaming""]","zenodo/180309.wav","zenodo"
"180310.wav","/m/03qc9zr","[""/m/03qc9zr"", ""/m/09l8g""]","screaming","[""Human_voice"", ""screaming""]","zenodo/180310.wav","zenodo"
"50776.wav","/m/03qc9zr","[""/m/03qc9zr"", ""/m/09l8g""]","screaming","[""Human_voice"", ""screaming""]","zenodo/50776.wav","zenodo"
"180313.wav","/m/03qc9zr","[""/m/03qc9zr"", ""/m/09l8g""]","screaming","[""Human_voice"", ""screaming""]","zenodo/180313.wav","zenodo"
"27225.wav","/m/03qc9zr","[""/m/03qc9zr"", ""/m/09l8g""]","screaming","[""Human_voice"", ""screaming""]","zenodo/27225.wav","zenodo"
"104028.wav","/m/03qc9zr","[""/m/03qc9zr"", ""/m/09l8g""]","screaming","[""Human_voice"", ""screaming""]","zenodo/104028.wav","zenodo"
"104029.wav","/m/03qc9zr","[""/m/03qc9zr"", ""/m/07sr1lc"", ""/m/09l8g"", ""/m/07p6fty""]","screaming","[""Yell"", ""shout"", ""Human_voice"", ""screaming""]","zenodo/104029.wav","zenodo"
"104030.wav","/m/03qc9zr","[""/m/03qc9zr"", ""/m/09l8g""]","screaming","[""Human_voice"", ""screaming""]","zenodo/104030.wav","zenodo"
"104031.wav","/m/03qc9zr","[""/m/03qc9zr"", ""/m/09l8g""]","screaming","[""Human_voice"", ""screaming""]","zenodo/104031.wav","zenodo"
"104032.wav","/m/03qc9zr","[""/m/03qc9zr"", ""/m/09l8g""]","screaming","[""Human_voice"", ""screaming""]","zenodo/104032.wav","zenodo"
"104033.wav","/m/03qc9zr","[""/m/03qc9zr"", ""/m/09l8g""]","screaming","[""Human_voice"", ""screaming""]","zenodo/104033.wav","zenodo"
"104035.wav","/m/03qc9zr","[""/m/03qc9zr"", ""/m/09l8g""]","screaming","[""Human_voice"", ""screaming""]","zenodo/104035.wav","zenodo"
"351334.wav","/m/03qc9zr","[""/m/03qc9zr"", ""/m/09l8g""]","screaming","[""Human_voice"", ""screaming""]","zenodo/351334.wav","zenodo"
"351335.wav","/m/03qc9zr","[""/m/03qc9zr"", ""/m/09l8g""]","screaming","[""Human_voice"", ""screaming""]","zenodo/351335.wav","zenodo"
"104038.wav","/m/03qc9zr","[""/m/03qc9zr"", ""/m/07sr1lc"", ""/m/09l8g"", ""/m/07p6fty""]","screaming","[""Yell"", ""shout"", ""Human_voice"", ""screaming""]","zenodo/104038.wav","zenodo"
"351337.wav","/m/03qc9zr","[""/m/03qc9zr"", ""/m/09l8g""]","screaming","[""Human_voice"", ""screaming""]","zenodo/351337.wav","zenodo"
"351339.wav","/m/03qc9zr","[""/m/03qc9zr"", ""/m/09l8g""]","screaming","[""Human_voice"", ""screaming""]","zenodo/351339.wav","zenodo"
"270446.wav","/m/03qc9zr","[""/m/03qc9zr"", ""/m/09l8g""]","screaming","[""Human_voice"", ""screaming""]","zenodo/270446.wav","zenodo"
"179313.wav","/m/03qc9zr","[""/m/03qc9zr"", ""/m/09l8g""]","screaming","[""Human_voice"", ""screaming""]","zenodo/179313.wav","zenodo"
"179315.wav","/m/03qc9zr","[""/m/03qc9zr"", ""/m/07sr1lc"", ""/m/09l8g"", ""/m/07p6fty""]","screaming","[""Yell"", ""shout"", ""Human_voice"", ""screaming""]","zenodo/179315.wav","zenodo"
"180341.wav","/m/03qc9zr","[""/m/03qc9zr"", ""/m/07sr1lc"", ""/m/09l8g"", ""/m/07p6fty""]","screaming","[""Yell"", ""shout"", ""Human_voice"", ""screaming""]","zenodo/180341.wav","zenodo"
"179317.wav","/m/03qc9zr","[""/m/03qc9zr"", ""/m/09l8g""]","screaming","[""Human_voice"", ""screaming""]","zenodo/179317.wav","zenodo"
"135799.wav","/m/03qc9zr","[""/m/03qc9zr"", ""/m/09l8g""]","screaming","[""Human_voice"", ""screaming""]","zenodo/135799.wav","zenodo"
"180344.wav","/m/03qc9zr","[""/m/03qc9zr"", ""/m/07sr1lc"", ""/m/09l8g"", ""/m/07p6fty""]","screaming","[""Yell"", ""shout"", ""Human_voice"", ""screaming""]","zenodo/180344.wav","zenodo"
"179319.wav","/m/03qc9zr","[""/m/03qc9zr"", ""/m/09l8g""]","screaming","[""Human_voice"", ""screaming""]","zenodo/179319.wav","zenodo"
"179321.wav","/m/03qc9zr","[""/m/03qc9zr"", ""/m/09l8g""]","screaming","[""Human_voice"", ""screaming""]","zenodo/179321.wav","zenodo"
"180348.wav","/m/03qc9zr","[""/m/03qc9zr"", ""/m/09l8g""]","screaming","[""Human_voice"", ""screaming""]","zenodo/180348.wav","zenodo"
"131709.wav","/m/03qc9zr","[""/m/03qc9zr"", ""/m/09l8g""]","screaming","[""Human_voice"", ""screaming""]","zenodo/131709.wav","zenodo"
"180350.wav","/m/03qc9zr","[""/m/03qc9zr"", ""/m/09l8g""]","screaming","[""Human_voice"", ""screaming""]","zenodo/180350.wav","zenodo"
"338049.wav","/m/03qc9zr","[""/m/03qc9zr"", ""/m/09l8g""]","screaming","[""Human_voice"", ""screaming""]","zenodo/338049.wav","zenodo"
"220289.wav","/m/03qc9zr","[""/m/03qc9zr"", ""/m/09l8g""]","screaming","[""Human_voice"", ""screaming""]","zenodo/220289.wav","zenodo"
"220291.wav","/m/03qc9zr","[""/m/03qc9zr"", ""/m/09l8g""]","screaming","[""Human_voice"", ""screaming""]","zenodo/220291.wav","zenodo"
"220292.wav","/m/03qc9zr","[""/m/03qc9zr"", ""/m/09l8g""]","screaming","[""Human_voice"", ""screaming""]","zenodo/220292.wav","zenodo"
"220293.wav","/m/03qc9zr","[""/m/03qc9zr"", ""/m/09l8g""]","screaming","[""Human_voice"", ""screaming""]","zenodo/220293.wav","zenodo"
"132738.wav","/m/03qc9zr","[""/m/03qc9zr"", ""/m/07sr1lc"", ""/m/01j3sz"", ""/m/09l8g"", ""/m/07p6fty""]","screaming","[""Human_voice"", ""Yell"", ""screaming"", ""shout"", ""Laughter""]","zenodo/132738.wav","zenodo"
"220295.wav","/m/03qc9zr","[""/m/03qc9zr"", ""/m/09l8g""]","screaming","[""Human_voice"", ""screaming""]","zenodo/220295.wav","zenodo"
"270474.wav","/m/03qc9zr","[""/m/03qc9zr"", ""/m/09l8g""]","screaming","[""Human_voice"", ""screaming""]","zenodo/270474.wav","zenodo"
"182924.wav","/m/03qc9zr","[""/m/03qc9zr"", ""/m/09l8g""]","screaming","[""Human_voice"", ""screaming""]","zenodo/182924.wav","zenodo"
"220302.wav","/m/03qc9zr","[""/m/03qc9zr"", ""/m/09l8g""]","screaming","[""Human_voice"", ""screaming""]","zenodo/220302.wav","zenodo"
"220814.wav","/m/03qc9zr","[""/m/03qc9zr"", ""/m/09l8g""]","screaming","[""Human_voice"", ""screaming""]","zenodo/220814.wav","zenodo"
"63632.wav","/m/03qc9zr","[""/m/03qc9zr"", ""/m/09l8g""]","screaming","[""Human_voice"", ""screaming""]","zenodo/63632.wav","zenodo"
"220815.wav","/m/03qc9zr","[""/m/03qc9zr"", ""/m/09l8g""]","screaming","[""Human_voice"", ""screaming""]","zenodo/220815.wav","zenodo"
"220817.wav","/m/03qc9zr","[""/m/03qc9zr"", ""/m/07sr1lc"", ""/m/09l8g"", ""/m/07p6fty""]","screaming","[""Yell"", ""shout"", ""Human_voice"", ""screaming""]","zenodo/220817.wav","zenodo"
"220818.wav","/m/03qc9zr","[""/m/03qc9zr"", ""/m/07sr1lc"", ""/m/09l8g"", ""/m/07p6fty""]","screaming","[""Yell"", ""shout"", ""Human_voice"", ""screaming""]","zenodo/220818.wav","zenodo"
"63637.wav","/m/03qc9zr","[""/m/03qc9zr"", ""/m/09l8g""]","screaming","[""Human_voice"", ""screaming""]","zenodo/63637.wav","zenodo"
"220822.wav","/m/03qc9zr","[""/m/03qc9zr"", ""/m/07sr1lc"", ""/m/09l8g"", ""/m/07p6fty""]","screaming","[""Yell"", ""shout"", ""Human_voice"", ""screaming""]","zenodo/220822.wav","zenodo"
"220823.wav","/m/03qc9zr","[""/m/03qc9zr"", ""/m/07sr1lc"", ""/m/09l8g"", ""/m/07p6fty""]","screaming","[""Yell"", ""shout"", ""Human_voice"", ""screaming""]","zenodo/220823.wav","zenodo"
"63641.wav","/m/03qc9zr","[""/m/03qc9zr"", ""/m/09l8g""]","screaming","[""Human_voice"", ""screaming""]","zenodo/63641.wav","zenodo"
"336537.wav","/m/03qc9zr","[""/m/03qc9zr"", ""/m/09l8g""]","screaming","[""Human_voice"", ""screaming""]","zenodo/336537.wav","zenodo"
"29849.wav","/m/03qc9zr","[""/m/03qc9zr"", ""/m/09l8g""]","screaming","[""Human_voice"", ""screaming""]","zenodo/29849.wav","zenodo"
"91294.wav","/m/03qc9zr","[""/m/03qc9zr"", ""/m/09l8g""]","screaming","[""Human_voice"", ""screaming""]","zenodo/91294.wav","zenodo"
"208034.wav","/m/03qc9zr","[""/m/03qc9zr"", ""/m/09l8g""]","screaming","[""Human_voice"", ""screaming""]","zenodo/208034.wav","zenodo"
"33443.wav","/m/03qc9zr","[""/m/03qc9zr"", ""/m/09l8g""]","screaming","[""Human_voice"", ""screaming""]","zenodo/33443.wav","zenodo"
"219815.wav","/m/03qc9zr","[""/m/03qc9zr"", ""/m/09l8g""]","screaming","[""Human_voice"", ""screaming""]","zenodo/219815.wav","zenodo"
"250550.wav","/m/03qc9zr","[""/m/03qc9zr"", ""/m/07sr1lc"", ""/m/09l8g"", ""/m/07p6fty""]","screaming","[""Yell"", ""shout"", ""Human_voice"", ""screaming""]","zenodo/250550.wav","zenodo"
"368824.wav","/m/03qc9zr","[""/m/03qc9zr"", ""/m/09l8g""]","screaming","[""Human_voice"", ""screaming""]","zenodo/368824.wav","zenodo"
"391358.wav","/m/03qc9zr","[""/m/03qc9zr"", ""/m/09l8g""]","screaming","[""Human_voice"", ""screaming""]","zenodo/391358.wav","zenodo"
"393918.wav","/m/03qc9zr","[""/m/03qc9zr"", ""/m/09l8g""]","screaming","[""Human_voice"", ""screaming""]","zenodo/393918.wav","zenodo"
"391362.wav","/m/03qc9zr","[""/m/03qc9zr"", ""/m/09l8g""]","screaming","[""Human_voice"", ""screaming""]","zenodo/391362.wav","zenodo"
"125130.wav","/m/03qc9zr","[""/m/03qc9zr"", ""/m/09l8g""]","screaming","[""Human_voice"", ""screaming""]","zenodo/125130.wav","zenodo"
"125131.wav","/m/03qc9zr","[""/m/03qc9zr"", ""/m/09l8g""]","screaming","[""Human_voice"", ""screaming""]","zenodo/125131.wav","zenodo"
"220365.wav","/m/03qc9zr","[""/m/03qc9zr"", ""/m/09l8g""]","screaming","[""Human_voice"", ""screaming""]","zenodo/220365.wav","zenodo"
"220665.wav","/m/03qc9zr","[""/m/03qc9zr"", ""/m/09l8g""]","screaming","[""Human_voice"", ""screaming""]","zenodo/220665.wav","zenodo"
"220368.wav","/m/03qc9zr","[""/m/03qc9zr"", ""/m/09l8g""]","screaming","[""Human_voice"", ""screaming""]","zenodo/220368.wav","zenodo"
"219858.wav","/m/03qc9zr","[""/m/03qc9zr"", ""/m/09l8g""]","screaming","[""Human_voice"", ""screaming""]","zenodo/219858.wav","zenodo"
"384213.wav","/m/03qc9zr","[""/m/03qc9zr"", ""/m/09l8g""]","screaming","[""Human_voice"", ""screaming""]","zenodo/384213.wav","zenodo"
"402645.wav","/m/03qc9zr","[""/m/03qc9zr"", ""/m/07p6fty"", ""/m/09l8g""]","screaming","[""shout"", ""Human_voice"", ""screaming""]","zenodo/402645.wav","zenodo"
"9432.wav","/m/03qc9zr","[""/m/03qc9zr"", ""/m/09l8g""]","screaming","[""Human_voice"", ""screaming""]","zenodo/9432.wav","zenodo"
"9433.wav","/m/03qc9zr","[""/m/03qc9zr"", ""/m/09l8g""]","screaming","[""Human_voice"", ""screaming""]","zenodo/9433.wav","zenodo"
"9434.wav","/m/03qc9zr","[""/m/03qc9zr"", ""/m/09l8g""]","screaming","[""Human_voice"", ""screaming""]","zenodo/9434.wav","zenodo"
"166619.wav","/m/03qc9zr","[""/m/03qc9zr"", ""/m/09l8g""]","screaming","[""Human_voice"", ""screaming""]","zenodo/166619.wav","zenodo"
"63708.wav","/m/03qc9zr","[""/m/03qc9zr"", ""/m/09l8g""]","screaming","[""Human_voice"", ""screaming""]","zenodo/63708.wav","zenodo"
"219868.wav","/m/03qc9zr","[""/m/03qc9zr"", ""/m/09l8g""]","screaming","[""Human_voice"", ""screaming""]","zenodo/219868.wav","zenodo"
"166621.wav","/m/03qc9zr","[""/m/03qc9zr"", ""/m/09l8g""]","screaming","[""Human_voice"", ""screaming""]","zenodo/166621.wav","zenodo"
"219871.wav","/m/03qc9zr","[""/m/03qc9zr"", ""/m/09l8g""]","screaming","[""Human_voice"", ""screaming""]","zenodo/219871.wav","zenodo"
"166623.wav","/m/03qc9zr","[""/m/03qc9zr"", ""/m/09l8g""]","screaming","[""Human_voice"", ""screaming""]","zenodo/166623.wav","zenodo"
"9435.wav","/m/03qc9zr","[""/m/03qc9zr"", ""/m/09l8g""]","screaming","[""Human_voice"", ""screaming""]","zenodo/9435.wav","zenodo"
"261853.wav","/m/03qc9zr","[""/m/03qc9zr"", ""/m/09l8g""]","screaming","[""Human_voice"", ""screaming""]","zenodo/261853.wav","zenodo"
"178410.wav","/m/03qc9zr","[""/m/03qc9zr"", ""/m/09l8g""]","screaming","[""Human_voice"", ""screaming""]","zenodo/178410.wav","zenodo"
"76522.wav","/m/03qc9zr","[""/m/03qc9zr"", ""/m/09l8g""]","screaming","[""Human_voice"", ""screaming""]","zenodo/76522.wav","zenodo"
"432875.wav","/m/03qc9zr","[""/m/03qc9zr"", ""/m/07p6fty"", ""/m/09l8g""]","screaming","[""shout"", ""Human_voice"", ""screaming""]","zenodo/432875.wav","zenodo"
"219883.wav","/m/03qc9zr","[""/m/03qc9zr"", ""/m/09l8g""]","screaming","[""Human_voice"", ""screaming""]","zenodo/219883.wav","zenodo"
"219882.wav","/m/03qc9zr","[""/m/03qc9zr"", ""/m/09l8g""]","screaming","[""Human_voice"", ""screaming""]","zenodo/219882.wav","zenodo"
"320247.wav","/m/03qc9zr","[""/m/03qc9zr"", ""/m/09l8g""]","screaming","[""Human_voice"", ""screaming""]","zenodo/320247.wav","zenodo"
"67324.wav","/m/03qc9zr","[""/m/03qc9zr"", ""/m/09l8g""]","screaming","[""Human_voice"", ""screaming""]","zenodo/67324.wav","zenodo"
"427774.wav","/m/03qc9zr","[""/m/03qc9zr"", ""/m/09l8g""]","screaming","[""Human_voice"", ""screaming""]","zenodo/427774.wav","zenodo"
"273151.wav","/m/03qc9zr","[""/m/03qc9zr"", ""/m/09l8g""]","screaming","[""Human_voice"", ""screaming""]","zenodo/273151.wav","zenodo"
"273153.wav","/m/03qc9zr","[""/m/03qc9zr"", ""/m/09l8g""]","screaming","[""Human_voice"", ""screaming""]","zenodo/273153.wav","zenodo"
"166154.wav","/m/03qc9zr","[""/m/03qc9zr"", ""/m/09l8g""]","screaming","[""Human_voice"", ""screaming""]","zenodo/166154.wav","zenodo"
"209164.wav","/m/03qc9zr","[""/m/03qc9zr"", ""/m/09l8g""]","screaming","[""Human_voice"", ""screaming""]","zenodo/209164.wav","zenodo"
"166157.wav","/m/03qc9zr","[""/m/03qc9zr"", ""/m/09l8g""]","screaming","[""Human_voice"", ""screaming""]","zenodo/166157.wav","zenodo"
"89362.wav","/m/03qc9zr","[""/m/03qc9zr"", ""/m/09l8g""]","screaming","[""Human_voice"", ""screaming""]","zenodo/89362.wav","zenodo"
"168725.wav","/m/03qc9zr","[""/m/03qc9zr"", ""/m/07sr1lc"", ""/m/09l8g"", ""/m/07p6fty""]","screaming","[""Yell"", ""shout"", ""Human_voice"", ""screaming""]","zenodo/168725.wav","zenodo"
"175385.wav","/m/03qc9zr","[""/m/03qc9zr"", ""/m/09l8g""]","screaming","[""Human_voice"", ""screaming""]","zenodo/175385.wav","zenodo"
"59163.wav","/m/03qc9zr","[""/m/03qc9zr"", ""/m/09l8g""]","screaming","[""Human_voice"", ""screaming""]","zenodo/59163.wav","zenodo"
"175389.wav","/m/03qc9zr","[""/m/03qc9zr"", ""/m/09l8g""]","screaming","[""Human_voice"", ""screaming""]","zenodo/175389.wav","zenodo"
"239902.wav","/m/03qc9zr","[""/m/03qc9zr"", ""/m/09l8g""]","screaming","[""Human_voice"", ""screaming""]","zenodo/239902.wav","zenodo"
"61219.wav","/m/03qc9zr","[""/m/03qc9zr"", ""/m/09l8g""]","screaming","[""Human_voice"", ""screaming""]","zenodo/61219.wav","zenodo"
"399675.wav","/m/03qc9zr","[""/m/03qc9zr"", ""/m/09l8g""]","screaming","[""Human_voice"", ""screaming""]","zenodo/399675.wav","zenodo"
"219453.wav","/m/03qc9zr","[""/m/03qc9zr"", ""/m/09l8g""]","screaming","[""Human_voice"", ""screaming""]","zenodo/219453.wav","zenodo"
"241472.wav","/m/03qc9zr","[""/m/03qc9zr"", ""/m/09l8g""]","screaming","[""Human_voice"", ""screaming""]","zenodo/241472.wav","zenodo"
"149825.wav","/m/03qc9zr","[""/m/03qc9zr"", ""/m/09l8g""]","screaming","[""Human_voice"", ""screaming""]","zenodo/149825.wav","zenodo"
"222530.wav","/m/03qc9zr","[""/m/03qc9zr"", ""/m/09l8g""]","screaming","[""Human_voice"", ""screaming""]","zenodo/222530.wav","zenodo"
"222534.wav","/m/03qc9zr","[""/m/03qc9zr"", ""/m/09l8g""]","screaming","[""Human_voice"", ""screaming""]","zenodo/222534.wav","zenodo"
"222535.wav","/m/03qc9zr","[""/m/03qc9zr"", ""/m/09l8g""]","screaming","[""Human_voice"", ""screaming""]","zenodo/222535.wav","zenodo"
"343879.wav","/m/03qc9zr","[""/m/03qc9zr"", ""/m/09l8g""]","screaming","[""Human_voice"", ""screaming""]","zenodo/343879.wav","zenodo"
"168777.wav","/m/03qc9zr","[""/m/03qc9zr"", ""/m/09l8g""]","screaming","[""Human_voice"", ""screaming""]","zenodo/168777.wav","zenodo"
"222537.wav","/m/03qc9zr","[""/m/03qc9zr"", ""/m/09l8g""]","screaming","[""Human_voice"", ""screaming""]","zenodo/222537.wav","zenodo"
"21323.wav","/m/03qc9zr","[""/m/03qc9zr"", ""/m/09l8g""]","screaming","[""Human_voice"", ""screaming""]","zenodo/21323.wav","zenodo"
"21324.wav","/m/03qc9zr","[""/m/03qc9zr"", ""/m/09l8g""]","screaming","[""Human_voice"", ""screaming""]","zenodo/21324.wav","zenodo"
"253771.wav","/m/03qc9zr","[""/m/03qc9zr"", ""/m/09l8g""]","screaming","[""Human_voice"", ""screaming""]","zenodo/253771.wav","zenodo"
"139086.wav","/m/03qc9zr","[""/m/03qc9zr"", ""/m/09l8g""]","screaming","[""Human_voice"", ""screaming""]","zenodo/139086.wav","zenodo"
"139087.wav","/m/03qc9zr","[""/m/03qc9zr"", ""/m/09l8g""]","screaming","[""Human_voice"", ""screaming""]","zenodo/139087.wav","zenodo"
"387409.wav","/m/03qc9zr","[""/m/03qc9zr"", ""/m/09l8g""]","screaming","[""Human_voice"", ""screaming""]","zenodo/387409.wav","zenodo"
"222545.wav","/m/03qc9zr","[""/m/03qc9zr"", ""/m/09l8g""]","screaming","[""Human_voice"", ""screaming""]","zenodo/222545.wav","zenodo"
"169810.wav","/m/03qc9zr","[""/m/03qc9zr"", ""/m/07sr1lc"", ""/m/09l8g"", ""/m/07p6fty""]","screaming","[""Yell"", ""shout"", ""Human_voice"", ""screaming""]","zenodo/169810.wav","zenodo"
"252244.wav","/m/03qc9zr","[""/m/03qc9zr"", ""/m/09l8g""]","screaming","[""Human_voice"", ""screaming""]","zenodo/252244.wav","zenodo"
"169811.wav","/m/03qc9zr","[""/m/03qc9zr"", ""/m/07sr1lc"", ""/m/09l8g"", ""/m/07p6fty""]","screaming","[""Yell"", ""shout"", ""Human_voice"", ""screaming""]","zenodo/169811.wav","zenodo"
"343897.wav","/m/03qc9zr","[""/m/03qc9zr"", ""/m/09l8g""]","screaming","[""Human_voice"", ""screaming""]","zenodo/343897.wav","zenodo"
"42849.wav","/m/03qc9zr","[""/m/03qc9zr"", ""/m/09l8g""]","screaming","[""Human_voice"", ""screaming""]","zenodo/42849.wav","zenodo"
"76644.wav","/m/03qc9zr","[""/m/03qc9zr"", ""/m/09l8g""]","screaming","[""Human_voice"", ""screaming""]","zenodo/76644.wav","zenodo"
"381801.wav","/m/03qc9zr","[""/m/03qc9zr"", ""/m/09l8g""]","screaming","[""Human_voice"", ""screaming""]","zenodo/381801.wav","zenodo"
"381802.wav","/m/03qc9zr","[""/m/03qc9zr"", ""/m/09l8g""]","screaming","[""Human_voice"", ""screaming""]","zenodo/381802.wav","zenodo"
"381803.wav","/m/03qc9zr","[""/m/03qc9zr"", ""/m/09l8g""]","screaming","[""Human_voice"", ""screaming""]","zenodo/381803.wav","zenodo"
"345450.wav","/m/03qc9zr","[""/m/03qc9zr"", ""/m/09l8g""]","screaming","[""Human_voice"", ""screaming""]","zenodo/345450.wav","zenodo"
"381805.wav","/m/03qc9zr","[""/m/03qc9zr"", ""/m/09l8g""]","screaming","[""Human_voice"", ""screaming""]","zenodo/381805.wav","zenodo"
"241515.wav","/m/03qc9zr","[""/m/03qc9zr"", ""/m/09l8g""]","screaming","[""Human_voice"", ""screaming""]","zenodo/241515.wav","zenodo"
"343915.wav","/m/03qc9zr","[""/m/03qc9zr"", ""/m/09l8g""]","screaming","[""Human_voice"", ""screaming""]","zenodo/343915.wav","zenodo"
"343918.wav","/m/03qc9zr","[""/m/03qc9zr"", ""/m/07sr1lc"", ""/m/09l8g"", ""/m/07p6fty""]","screaming","[""Yell"", ""shout"", ""Human_voice"", ""screaming""]","zenodo/343918.wav","zenodo"
"222583.wav","/m/03qc9zr","[""/m/03qc9zr"", ""/m/09l8g""]","screaming","[""Human_voice"", ""screaming""]","zenodo/222583.wav","zenodo"
"222584.wav","/m/03qc9zr","[""/m/03qc9zr"", ""/m/09l8g""]","screaming","[""Human_voice"", ""screaming""]","zenodo/222584.wav","zenodo"
"222586.wav","/m/03qc9zr","[""/m/03qc9zr"", ""/m/09l8g""]","screaming","[""Human_voice"", ""screaming""]","zenodo/222586.wav","zenodo"
"343930.wav","/m/03qc9zr","[""/m/03qc9zr"", ""/m/07sr1lc"", ""/m/09l8g"", ""/m/07p6fty""]","screaming","[""Yell"", ""shout"", ""Human_voice"", ""screaming""]","zenodo/343930.wav","zenodo"
"222589.wav","/m/03qc9zr","[""/m/03qc9zr"", ""/m/09l8g""]","screaming","[""Human_voice"", ""screaming""]","zenodo/222589.wav","zenodo"
"124800.wav","/m/03qc9zr","[""/m/03qc9zr"", ""/m/09l8g""]","screaming","[""Human_voice"", ""screaming""]","zenodo/124800.wav","zenodo"
"134021.wav","/m/03qc9zr","[""/m/03qc9zr"", ""/m/09l8g""]","screaming","[""Human_voice"", ""screaming""]","zenodo/134021.wav","zenodo"
"66949.wav","/m/03qc9zr","[""/m/03qc9zr"", ""/m/09l8g""]","screaming","[""Human_voice"", ""screaming""]","zenodo/66949.wav","zenodo"
"124805.wav","/m/03qc9zr","[""/m/03qc9zr"", ""/m/09l8g""]","screaming","[""Human_voice"", ""screaming""]","zenodo/124805.wav","zenodo"
"351627.wav","/m/03qc9zr","[""/m/03qc9zr"", ""/m/09l8g""]","screaming","[""Human_voice"", ""screaming""]","zenodo/351627.wav","zenodo"
"351628.wav","/m/03qc9zr","[""/m/03qc9zr"", ""/m/09l8g""]","screaming","[""Human_voice"", ""screaming""]","zenodo/351628.wav","zenodo"
"351630.wav","/m/03qc9zr","[""/m/03qc9zr"", ""/m/09l8g""]","screaming","[""Human_voice"", ""screaming""]","zenodo/351630.wav","zenodo"
"343948.wav","/m/03qc9zr","[""/m/03qc9zr"", ""/m/09l8g""]","screaming","[""Human_voice"", ""screaming""]","zenodo/343948.wav","zenodo"
"187793.wav","/m/03qc9zr","[""/m/03qc9zr"", ""/m/09l8g""]","screaming","[""Human_voice"", ""screaming""]","zenodo/187793.wav","zenodo"
"163728.wav","/m/03qc9zr","[""/m/03qc9zr"", ""/m/07p6fty"", ""/m/09l8g""]","screaming","[""shout"", ""Human_voice"", ""screaming""]","zenodo/163728.wav","zenodo"
"163729.wav","/m/03qc9zr","[""/m/03qc9zr"", ""/m/09l8g""]","screaming","[""Human_voice"", ""screaming""]","zenodo/163729.wav","zenodo"
"343954.wav","/m/03qc9zr","[""/m/03qc9zr"", ""/m/07sr1lc"", ""/m/09l8g"", ""/m/07p6fty""]","screaming","[""Yell"", ""shout"", ""Human_voice"", ""screaming""]","zenodo/343954.wav","zenodo"
"323080.wav","/m/03qc9zr","[""/m/03qc9zr"", ""/m/07p6fty"", ""/m/09l8g""]","screaming","[""shout"", ""Human_voice"", ""screaming""]","zenodo/323080.wav","zenodo"
"149919.wav","/m/03qc9zr","[""/m/03qc9zr"", ""/m/09l8g""]","screaming","[""Human_voice"", ""screaming""]","zenodo/149919.wav","zenodo"
"343974.wav","/m/03qc9zr","[""/m/03qc9zr"", ""/m/09l8g""]","screaming","[""Human_voice"", ""screaming""]","zenodo/343974.wav","zenodo"
"323083.wav","/m/03qc9zr","[""/m/03qc9zr"", ""/m/07p6fty"", ""/m/09l8g""]","screaming","[""shout"", ""Human_voice"", ""screaming""]","zenodo/323083.wav","zenodo"
"58794.wav","/m/03qc9zr","[""/m/03qc9zr"", ""/m/09l8g""]","screaming","[""Human_voice"", ""screaming""]","zenodo/58794.wav","zenodo"
"64940.wav","/m/03qc9zr","[""/m/03qc9zr"", ""/m/09l8g""]","screaming","[""Human_voice"", ""screaming""]","zenodo/64940.wav","zenodo"
"58797.wav","/m/03qc9zr","[""/m/03qc9zr"", ""/m/09l8g""]","screaming","[""Human_voice"", ""screaming""]","zenodo/58797.wav","zenodo"
"323084.wav","/m/03qc9zr","[""/m/03qc9zr"", ""/m/07p6fty"", ""/m/09l8g""]","screaming","[""shout"", ""Human_voice"", ""screaming""]","zenodo/323084.wav","zenodo"
"321971.wav","/m/03qc9zr","[""/m/03qc9zr"", ""/m/07sr1lc"", ""/m/09l8g"", ""/m/07p6fty""]","screaming","[""Yell"", ""shout"", ""Human_voice"", ""screaming""]","zenodo/321971.wav","zenodo"
"315828.wav","/m/03qc9zr","[""/m/03qc9zr"", ""/m/09l8g""]","screaming","[""Human_voice"", ""screaming""]","zenodo/315828.wav","zenodo"
"58803.wav","/m/03qc9zr","[""/m/03qc9zr"", ""/m/09l8g""]","screaming","[""Human_voice"", ""screaming""]","zenodo/58803.wav","zenodo"
"241591.wav","/m/03qc9zr","[""/m/03qc9zr"", ""/m/09l8g""]","screaming","[""Human_voice"", ""screaming""]","zenodo/241591.wav","zenodo"
"241592.wav","/m/03qc9zr","[""/m/03qc9zr"", ""/m/09l8g""]","screaming","[""Human_voice"", ""screaming""]","zenodo/241592.wav","zenodo"
"315833.wav","/m/03qc9zr","[""/m/03qc9zr"", ""/m/09l8g""]","screaming","[""Human_voice"", ""screaming""]","zenodo/315833.wav","zenodo"
"178105.wav","/m/03qc9zr","[""/m/03qc9zr"", ""/m/09l8g""]","screaming","[""Human_voice"", ""screaming""]","zenodo/178105.wav","zenodo"
"344000.wav","/m/03qc9zr","[""/m/03qc9zr"", ""/m/09l8g""]","screaming","[""Human_voice"", ""screaming""]","zenodo/344000.wav","zenodo"
"381893.wav","/m/03qc9zr","[""/m/03qc9zr"", ""/m/09l8g""]","screaming","[""Human_voice"", ""screaming""]","zenodo/381893.wav","zenodo"
"381894.wav","/m/03qc9zr","[""/m/03qc9zr"", ""/m/09l8g""]","screaming","[""Human_voice"", ""screaming""]","zenodo/381894.wav","zenodo"
"381895.wav","/m/03qc9zr","[""/m/03qc9zr"", ""/m/09l8g""]","screaming","[""Human_voice"", ""screaming""]","zenodo/381895.wav","zenodo"
"220617.wav","/m/03qc9zr","[""/m/03qc9zr"", ""/m/09l8g""]","screaming","[""Human_voice"", ""screaming""]","zenodo/220617.wav","zenodo"
"220619.wav","/m/03qc9zr","[""/m/03qc9zr"", ""/m/09l8g""]","screaming","[""Human_voice"", ""screaming""]","zenodo/220619.wav","zenodo"
"144337.wav","/m/03qc9zr","[""/m/03qc9zr"", ""/m/09l8g""]","screaming","[""Human_voice"", ""screaming""]","zenodo/144337.wav","zenodo"
"144338.wav","/m/03qc9zr","[""/m/03qc9zr"", ""/m/09l8g""]","screaming","[""Human_voice"", ""screaming""]","zenodo/144338.wav","zenodo"
"395736.wav","/m/03qc9zr","[""/m/03qc9zr"", ""/m/09l8g""]","screaming","[""Human_voice"", ""screaming""]","zenodo/395736.wav","zenodo"
"344028.wav","/m/03qc9zr","[""/m/03qc9zr"", ""/m/07sr1lc"", ""/m/09l8g"", ""/m/07p6fty""]","screaming","[""Yell"", ""shout"", ""Human_voice"", ""screaming""]","zenodo/344028.wav","zenodo"
"344029.wav","/m/03qc9zr","[""/m/03qc9zr"", ""/m/09l8g""]","screaming","[""Human_voice"", ""screaming""]","zenodo/344029.wav","zenodo"
"221150.wav","/m/03qc9zr","[""/m/03qc9zr"", ""/m/09l8g""]","screaming","[""Human_voice"", ""screaming""]","zenodo/221150.wav","zenodo"
"221151.wav","/m/03qc9zr","[""/m/03qc9zr"", ""/m/09l8g""]","screaming","[""Human_voice"", ""screaming""]","zenodo/221151.wav","zenodo"
"221152.wav","/m/03qc9zr","[""/m/03qc9zr"", ""/m/09l8g""]","screaming","[""Human_voice"", ""screaming""]","zenodo/221152.wav","zenodo"
"221153.wav","/m/03qc9zr","[""/m/03qc9zr"", ""/m/09l8g""]","screaming","[""Human_voice"", ""screaming""]","zenodo/221153.wav","zenodo"
"344037.wav","/m/03qc9zr","[""/m/03qc9zr"", ""/m/09l8g""]","screaming","[""Human_voice"", ""screaming""]","zenodo/344037.wav","zenodo"
"9704.wav","/m/03qc9zr","[""/m/03qc9zr"", ""/m/09l8g""]","screaming","[""Human_voice"", ""screaming""]","zenodo/9704.wav","zenodo"
"220649.wav","/m/03qc9zr","[""/m/03qc9zr"", ""/m/09l8g""]","screaming","[""Human_voice"", ""screaming""]","zenodo/220649.wav","zenodo"
"34281.wav","/m/03qc9zr","[""/m/03qc9zr"", ""/m/09l8g""]","screaming","[""Human_voice"", ""screaming""]","zenodo/34281.wav","zenodo"
"9706.wav","/m/03qc9zr","[""/m/03qc9zr"", ""/m/09l8g""]","screaming","[""Human_voice"", ""screaming""]","zenodo/9706.wav","zenodo"
"34283.wav","/m/03qc9zr","[""/m/03qc9zr"", ""/m/09l8g""]","screaming","[""Human_voice"", ""screaming""]","zenodo/34283.wav","zenodo"
"239592.wav","/m/03qc9zr","[""/m/03qc9zr"", ""/m/09l8g""]","screaming","[""Human_voice"", ""screaming""]","zenodo/239592.wav","zenodo"
"316398.wav","/m/03qc9zr","[""/m/03qc9zr"", ""/m/09l8g""]","screaming","[""Human_voice"", ""screaming""]","zenodo/316398.wav","zenodo"
"220655.wav","/m/03qc9zr","[""/m/03qc9zr"", ""/m/09l8g""]","screaming","[""Human_voice"", ""screaming""]","zenodo/220655.wav","zenodo"
"220657.wav","/m/03qc9zr","[""/m/03qc9zr"", ""/m/09l8g""]","screaming","[""Human_voice"", ""screaming""]","zenodo/220657.wav","zenodo"
"220658.wav","/m/03qc9zr","[""/m/03qc9zr"", ""/m/09l8g""]","screaming","[""Human_voice"", ""screaming""]","zenodo/220658.wav","zenodo"
"220660.wav","/m/03qc9zr","[""/m/03qc9zr"", ""/m/09l8g""]","screaming","[""Human_voice"", ""screaming""]","zenodo/220660.wav","zenodo"
"220663.wav","/m/03qc9zr","[""/m/03qc9zr"", ""/m/09l8g""]","screaming","[""Human_voice"", ""screaming""]","zenodo/220663.wav","zenodo"
"344056.wav","/m/03qc9zr","[""/m/03qc9zr"", ""/m/09l8g""]","screaming","[""Human_voice"", ""screaming""]","zenodo/344056.wav","zenodo"
"208893.wav","/m/03qc9zr","[""/m/03qc9zr"", ""/m/09l8g""]","screaming","[""Human_voice"", ""screaming""]","zenodo/208893.wav","zenodo"
"396799.wav","/m/03qc9zr","[""/m/03qc9zr"", ""/m/09l8g""]","screaming","[""Human_voice"", ""screaming""]","zenodo/396799.wav","zenodo"
"145801.wav","/m/03qc9zr","[""/m/03qc9zr"", ""/m/09l8g""]","screaming","[""Human_voice"", ""screaming""]","zenodo/145801.wav","zenodo"
"169628.wav","/m/03qc9zr","[""/m/03qc9zr"", ""/m/09l8g""]","screaming","[""Human_voice"", ""screaming""]","zenodo/169628.wav","zenodo"
"350605.wav","/m/03qc9zr","[""/m/03qc9zr"", ""/m/0ytgt"", ""/m/09l8g"", ""/m/09x0r""]","screaming","[""Speech"", ""Human_voice"", ""Child_speech_and_kid_speaking"", ""screaming""]","zenodo/350605.wav","zenodo"
"170955.wav","/m/0btp2","[""/m/0btp2"", ""/m/07jdr"", ""/m/06d_3"", ""/m/07yv9"", ""/m/012f08""]","traffic_noise","[""Motor_vehicle_(road)"", ""Train"", ""Vehicle"", ""traffic_noise"", ""Rail_transport""]","zenodo/170955.wav","zenodo"
"351483.wav","/m/0bt9lr","[""/m/07jdr"", ""/m/0bt9lr"", ""/m/06d_3"", ""/m/07yv9"", ""/m/068hy"", ""/m/0jbk""]","dog_bark","[""Domestic_animals_and_pets"", ""Train"", ""dog_bark"", ""Animal"", ""Vehicle"", ""Rail_transport""]","zenodo/351483.wav","zenodo"
"398683.wav","/m/0btp2","[""/m/07rkbfh"", ""/m/0btp2"", ""/m/07jdr"", ""/m/06d_3"", ""/m/07yv9"", ""/t/dd00012"", ""/m/012f08""]","traffic_noise","[""Motor_vehicle_(road)"", ""Human_group_actions"", ""Train"", ""Vehicle"", ""traffic_noise"", ""Chatter"", ""Rail_transport""]","zenodo/398683.wav","zenodo"
"327127.wav","/m/0btp2","[""/m/07rkbfh"", ""/m/07qjznl"", ""/m/0btp2"", ""/t/dd00012"", ""/m/01x3z"", ""/t/dd00077"", ""/m/012f08"", ""/m/07yv9""]","traffic_noise","[""Motor_vehicle_(road)"", ""Human_group_actions"", ""Tick-tock"", ""Vehicle"", ""traffic_noise"", ""Chatter"", ""Clock"", ""Mechanisms""]","zenodo/327127.wav","zenodo"
"233042.wav","/m/02mk9","[""/m/07rkbfh"", ""/t/dd00134"", ""/m/04_sv"", ""/m/0btp2"", ""/m/07q2z82"", ""/t/dd00012"", ""/m/0k4j"", ""/m/012f08"", ""/m/07yv9"", ""/m/02mk9""]","engine","[""Motor_vehicle_(road)"", ""Human_group_actions"", ""Motorcycle"", ""Car"", ""Vehicle"", ""traffic_noise"", ""Chatter"", ""Accelerating_and_revving_and_vroom"", ""Car_passing_by"", ""engine""]","zenodo/233042.wav","zenodo"
"381197.wav","/m/0btp2","[""/m/0j6m2"", ""/m/07pqc89"", ""/m/0btp2"", ""/m/0838f"", ""/m/07prgkl"", ""/m/04k94"", ""/m/012f08"", ""/m/07yv9""]","traffic_noise","[""Pour"", ""Motor_vehicle_(road)"", ""Water"", ""Liquid"", ""Vehicle"", ""traffic_noise"", ""Stream"", ""Trickle_and_dribble""]","zenodo/381197.wav","zenodo"
"420482.wav","/m/0btp2","[""/m/0j6m2"", ""/m/0btp2"", ""/m/07swgks"", ""/m/0838f"", ""/m/012f08"", ""/m/07yv9""]","traffic_noise","[""Motor_vehicle_(road)"", ""Water"", ""Gurgling"", ""Vehicle"", ""traffic_noise"", ""Stream""]","zenodo/420482.wav","zenodo"
"243607.wav","/m/07pp_mv","[""/m/01x3z"", ""/m/03wwcy"", ""/t/dd00077"", ""/m/02dgv"", ""/t/dd00071"", ""/m/07pp_mv""]","alarm","[""Domestic_sounds_and_home_sounds"", ""Door"", ""alarm"", ""Clock"", ""doorbell"", ""Mechanisms""]","zenodo/243607.wav","zenodo"
"59444.wav","/m/02mk9","[""/m/03qtwd"", ""/m/0ltv"", ""/m/07q2z82"", ""/t/dd00012"", ""/m/0k4j"", ""/m/012f08"", ""/m/07yv9"", ""/m/02mk9""]","engine","[""Motor_vehicle_(road)"", ""Crowd"", ""Human_group_actions"", ""Race_car_and_auto_racing"", ""Car"", ""Vehicle"", ""Accelerating_and_revving_and_vroom"", ""engine""]","zenodo/59444.wav","zenodo"
"59446.wav","/m/02mk9","[""/m/03qtwd"", ""/m/0ltv"", ""/m/07q2z82"", ""/t/dd00012"", ""/m/0k4j"", ""/m/012f08"", ""/m/07yv9"", ""/m/02mk9""]","engine","[""Motor_vehicle_(road)"", ""Crowd"", ""Human_group_actions"", ""Race_car_and_auto_racing"", ""Car"", ""Vehicle"", ""Accelerating_and_revving_and_vroom"", ""engine""]","zenodo/59446.wav","zenodo"
"316640.wav","/m/07p6fty","[""/m/03qtwd"", ""/m/07sr1lc"", ""/t/dd00012"", ""/m/07p6fty"", ""/m/09l8g""]","shout","[""Crowd"", ""Human_group_actions"", ""Human_voice"", ""Yell"", ""shout""]","zenodo/316640.wav","zenodo"
"253587.wav","/m/07p6fty","[""/m/03qtwd"", ""/m/053hz1"", ""/m/07sr1lc"", ""/t/dd00012"", ""/m/07p6fty"", ""/m/09l8g""]","shout","[""Crowd"", ""Human_group_actions"", ""Human_voice"", ""Yell"", ""Cheering"", ""shout""]","zenodo/253587.wav","zenodo"
"346933.wav","/m/0bt9lr","[""/m/020bb7"", ""/m/0bt9lr"", ""/m/015p6"", ""/m/01280g"", ""/m/0jbk"", ""/m/068hy""]","dog_bark","[""Domestic_animals_and_pets"", ""dog_bark"", ""Animal"", ""Wild_animals"", ""Bird_vocalization_and_bird_call_and_bird_song"", ""Bird""]","zenodo/346933.wav","zenodo"
"250096.wav","/m/07pp_mv","[""/m/020bb7"", ""/m/07cx4"", ""/m/015p6"", ""/m/01280g"", ""/m/0jbk"", ""/m/07pp_mv""]","alarm","[""telephone"", ""Animal"", ""Wild_animals"", ""Bird_vocalization_and_bird_call_and_bird_song"", ""alarm"", ""Bird""]","zenodo/250096.wav","zenodo"
"368083.wav","/m/02mk9","[""/m/07q2z82"", ""/m/020bb7"", ""/m/0k4j"", ""/m/015p6"", ""/m/01280g"", ""/m/0jbk"", ""/m/012f08"", ""/m/07yv9"", ""/m/02mk9""]","engine","[""Motor_vehicle_(road)"", ""Animal"", ""Wild_animals"", ""Bird_vocalization_and_bird_call_and_bird_song"", ""Car"", ""Vehicle"", ""Accelerating_and_revving_and_vroom"", ""Bird"", ""engine""]","zenodo/368083.wav","zenodo"
"244767.wav","/m/0btp2","[""/m/0btp2"", ""/m/0g6b5"", ""/m/014zdl"", ""/m/012f08"", ""/m/07yv9""]","traffic_noise","[""Motor_vehicle_(road)"", ""Fireworks"", ""Explosion"", ""Vehicle"", ""traffic_noise""]","zenodo/244767.wav","zenodo"
"274759.wav","/m/07pp_mv","[""/m/09l8g"", ""/m/07cx4"", ""/m/07pp_mv""]","alarm","[""alarm"", ""telephone"", ""Human_voice""]","zenodo/274759.wav","zenodo"
"101313.wav","/m/07p6fty","[""/m/053hz1"", ""/m/09l8g"", ""/m/07p6fty"", ""/t/dd00012""]","shout","[""shout"", ""Human_group_actions"", ""Human_voice"", ""Cheering""]","zenodo/101313.wav","zenodo"
"108049.wav","/m/07p6fty","[""/m/07sr1lc"", ""/m/09l8g"", ""/m/07p6fty""]","shout","[""Yell"", ""shout"", ""Human_voice""]","zenodo/108049.wav","zenodo"
"421872.wav","/m/07p6fty","[""/m/07p6fty"", ""/m/09l8g""]","shout","[""shout"", ""Human_voice""]","zenodo/421872.wav","zenodo"
"249791.wav","/m/07p6fty","[""/m/07p6fty"", ""/m/09l8g""]","shout","[""shout"", ""Human_voice""]","zenodo/249791.wav","zenodo"
"253603.wav","/m/07p6fty","[""/m/053hz1"", ""/m/07sr1lc"", ""/t/dd00012"", ""/m/07p6fty"", ""/m/09l8g""]","shout","[""Human_group_actions"", ""Human_voice"", ""Yell"", ""Cheering"", ""shout""]","zenodo/253603.wav","zenodo"
"235191.wav","/m/07p6fty","[""/m/053hz1"", ""/m/07sr1lc"", ""/t/dd00012"", ""/m/07p6fty"", ""/m/09l8g""]","shout","[""Human_group_actions"", ""Human_voice"", ""Yell"", ""Cheering"", ""shout""]","zenodo/235191.wav","zenodo"
"221958.wav","/m/07p6fty","[""/m/053hz1"", ""/m/07p6fty"", ""/t/dd00012"", ""/m/09l8g""]","shout","[""shout"", ""Human_group_actions"", ""Human_voice"", ""Cheering""]","zenodo/221958.wav","zenodo"
"101309.wav","/m/07p6fty","[""/m/053hz1"", ""/m/07p6fty"", ""/t/dd00012"", ""/m/09l8g""]","shout","[""shout"", ""Human_group_actions"", ""Human_voice"", ""Cheering""]","zenodo/101309.wav","zenodo"
"101310.wav","/m/07p6fty","[""/m/053hz1"", ""/m/07p6fty"", ""/t/dd00012"", ""/m/09l8g""]","shout","[""shout"", ""Human_group_actions"", ""Human_voice"", ""Cheering""]","zenodo/101310.wav","zenodo"
"101311.wav","/m/07p6fty","[""/m/053hz1"", ""/m/07p6fty"", ""/t/dd00012"", ""/m/09l8g""]","shout","[""shout"", ""Human_group_actions"", ""Human_voice"", ""Cheering""]","zenodo/101311.wav","zenodo"
"101312.wav","/m/07p6fty","[""/m/053hz1"", ""/m/07p6fty"", ""/t/dd00012"", ""/m/09l8g""]","shout","[""shout"", ""Human_group_actions"", ""Human_voice"", ""Cheering""]","zenodo/101312.wav","zenodo"
"101314.wav","/m/07p6fty","[""/m/053hz1"", ""/m/07p6fty"", ""/t/dd00012"", ""/m/09l8g""]","shout","[""shout"", ""Human_group_actions"", ""Human_voice"", ""Cheering""]","zenodo/101314.wav","zenodo"
"101315.wav","/m/07p6fty","[""/m/053hz1"", ""/m/07p6fty"", ""/t/dd00012"", ""/m/09l8g""]","shout","[""shout"", ""Human_group_actions"", ""Human_voice"", ""Cheering""]","zenodo/101315.wav","zenodo"
"101318.wav","/m/07p6fty","[""/m/053hz1"", ""/m/07p6fty"", ""/t/dd00012"", ""/m/09l8g""]","shout","[""shout"", ""Human_group_actions"", ""Human_voice"", ""Cheering""]","zenodo/101318.wav","zenodo"
"63342.wav","/m/07p6fty","[""/m/053hz1"", ""/m/0l15bq"", ""/m/0ytgt"", ""/m/07p6fty"", ""/t/dd00012"", ""/m/09l8g"", ""/m/0k65p"", ""/m/09x0r""]","shout","[""Human_group_actions"", ""Human_voice"", ""Cheering"", ""Child_speech_and_kid_speaking"", ""Speech"", ""Hands"", ""shout"", ""Clapping""]","zenodo/63342.wav","zenodo"
"75778.wav","/m/0bt9lr","[""/m/0bt9lr"", ""/m/068hy"", ""/m/0jbk""]","dog_bark","[""Domestic_animals_and_pets"", ""Animal"", ""dog_bark""]","zenodo/75778.wav","zenodo"
"18453.wav","/m/0bt9lr","[""/m/0bt9lr"", ""/m/068hy"", ""/m/0jbk""]","dog_bark","[""Domestic_animals_and_pets"", ""Animal"", ""dog_bark""]","zenodo/18453.wav","zenodo"
"221206.wav","/m/0bt9lr","[""/m/0bt9lr"", ""/m/068hy"", ""/m/0jbk""]","dog_bark","[""Domestic_animals_and_pets"", ""Animal"", ""dog_bark""]","zenodo/221206.wav","zenodo"
"32794.wav","/m/0bt9lr","[""/m/0bt9lr"", ""/m/068hy"", ""/m/0jbk""]","dog_bark","[""Domestic_animals_and_pets"", ""Animal"", ""dog_bark""]","zenodo/32794.wav","zenodo"
"32795.wav","/m/0bt9lr","[""/m/0bt9lr"", ""/m/068hy"", ""/m/0jbk""]","dog_bark","[""Domestic_animals_and_pets"", ""Animal"", ""dog_bark""]","zenodo/32795.wav","zenodo"
"106582.wav","/m/0bt9lr","[""/m/0bt9lr"", ""/m/068hy"", ""/m/0jbk""]","dog_bark","[""Domestic_animals_and_pets"", ""Animal"", ""dog_bark""]","zenodo/106582.wav","zenodo"
"391262.wav","/m/0bt9lr","[""/m/0bt9lr"", ""/m/068hy"", ""/m/0jbk""]","dog_bark","[""Domestic_animals_and_pets"", ""Animal"", ""dog_bark""]","zenodo/391262.wav","zenodo"
"317538.wav","/m/0bt9lr","[""/m/0bt9lr"", ""/m/068hy"", ""/m/0jbk""]","dog_bark","[""Domestic_animals_and_pets"", ""Animal"", ""dog_bark""]","zenodo/317538.wav","zenodo"
"391273.wav","/m/0bt9lr","[""/m/0bt9lr"", ""/m/068hy"", ""/m/0jbk""]","dog_bark","[""Domestic_animals_and_pets"", ""Animal"", ""dog_bark""]","zenodo/391273.wav","zenodo"
"352366.wav","/m/0bt9lr","[""/m/0bt9lr"", ""/m/068hy"", ""/m/0jbk""]","dog_bark","[""Domestic_animals_and_pets"", ""Animal"", ""dog_bark""]","zenodo/352366.wav","zenodo"
"120960.wav","/m/0bt9lr","[""/m/0bt9lr"", ""/m/068hy"", ""/m/0jbk""]","dog_bark","[""Domestic_animals_and_pets"", ""Animal"", ""dog_bark""]","zenodo/120960.wav","zenodo"
"262275.wav","/m/0bt9lr","[""/m/0bt9lr"", ""/m/068hy"", ""/m/0jbk""]","dog_bark","[""Domestic_animals_and_pets"", ""Animal"", ""dog_bark""]","zenodo/262275.wav","zenodo"
"327813.wav","/m/0bt9lr","[""/m/0bt9lr"", ""/m/068hy"", ""/m/0jbk""]","dog_bark","[""Domestic_animals_and_pets"", ""Animal"", ""dog_bark""]","zenodo/327813.wav","zenodo"
"127111.wav","/m/0bt9lr","[""/m/0bt9lr"", ""/m/068hy"", ""/m/0jbk""]","dog_bark","[""Domestic_animals_and_pets"", ""Animal"", ""dog_bark""]","zenodo/127111.wav","zenodo"
"213140.wav","/m/0bt9lr","[""/m/0bt9lr"", ""/m/068hy"", ""/m/0jbk""]","dog_bark","[""Domestic_animals_and_pets"", ""Animal"", ""dog_bark""]","zenodo/213140.wav","zenodo"
"260248.wav","/m/0bt9lr","[""/m/0bt9lr"", ""/m/068hy"", ""/m/0jbk""]","dog_bark","[""Domestic_animals_and_pets"", ""Animal"", ""dog_bark""]","zenodo/260248.wav","zenodo"
"34973.wav","/m/0bt9lr","[""/m/0bt9lr"", ""/m/068hy"", ""/m/0jbk""]","dog_bark","[""Domestic_animals_and_pets"", ""Animal"", ""dog_bark""]","zenodo/34973.wav","zenodo"
"389291.wav","/m/0bt9lr","[""/m/0bt9lr"", ""/m/068hy"", ""/m/0jbk""]","dog_bark","[""Domestic_animals_and_pets"", ""Animal"", ""dog_bark""]","zenodo/389291.wav","zenodo"
"389298.wav","/m/0bt9lr","[""/m/0bt9lr"", ""/m/068hy"", ""/m/0jbk""]","dog_bark","[""Domestic_animals_and_pets"", ""Animal"", ""dog_bark""]","zenodo/389298.wav","zenodo"
"118965.wav","/m/0bt9lr","[""/m/0bt9lr"", ""/m/068hy"", ""/m/0jbk""]","dog_bark","[""Domestic_animals_and_pets"", ""Animal"", ""dog_bark""]","zenodo/118965.wav","zenodo"
"118966.wav","/m/0bt9lr","[""/m/0bt9lr"", ""/m/068hy"", ""/m/0jbk""]","dog_bark","[""Domestic_animals_and_pets"", ""Animal"", ""dog_bark""]","zenodo/118966.wav","zenodo"
"118967.wav","/m/0bt9lr","[""/m/0bt9lr"", ""/m/068hy"", ""/m/0jbk""]","dog_bark","[""Domestic_animals_and_pets"", ""Animal"", ""dog_bark""]","zenodo/118967.wav","zenodo"
"118968.wav","/m/0bt9lr","[""/m/0bt9lr"", ""/m/068hy"", ""/m/0jbk""]","dog_bark","[""Domestic_animals_and_pets"", ""Animal"", ""dog_bark""]","zenodo/118968.wav","zenodo"
"118969.wav","/m/0bt9lr","[""/m/0bt9lr"", ""/m/068hy"", ""/m/0jbk""]","dog_bark","[""Domestic_animals_and_pets"", ""Animal"", ""dog_bark""]","zenodo/118969.wav","zenodo"
"118970.wav","/m/0bt9lr","[""/m/0bt9lr"", ""/m/068hy"", ""/m/0jbk""]","dog_bark","[""Domestic_animals_and_pets"", ""Animal"", ""dog_bark""]","zenodo/118970.wav","zenodo"
"61702.wav","/m/0bt9lr","[""/m/0bt9lr"", ""/m/068hy"", ""/m/0jbk""]","dog_bark","[""Domestic_animals_and_pets"", ""Animal"", ""dog_bark""]","zenodo/61702.wav","zenodo"
"432758.wav","/m/0bt9lr","[""/m/0bt9lr"", ""/m/068hy"", ""/m/0jbk""]","dog_bark","[""Domestic_animals_and_pets"", ""Animal"", ""dog_bark""]","zenodo/432758.wav","zenodo"
"221496.wav","/m/0bt9lr","[""/m/0bt9lr"", ""/m/068hy"", ""/m/0jbk""]","dog_bark","[""Domestic_animals_and_pets"", ""Animal"", ""dog_bark""]","zenodo/221496.wav","zenodo"
"379205.wav","/m/0bt9lr","[""/m/0bt9lr"", ""/m/068hy"", ""/m/0jbk""]","dog_bark","[""Domestic_animals_and_pets"", ""Animal"", ""dog_bark""]","zenodo/379205.wav","zenodo"
"45390.wav","/m/0bt9lr","[""/m/0bt9lr"", ""/m/068hy"", ""/m/0jbk""]","dog_bark","[""Domestic_animals_and_pets"", ""Animal"", ""dog_bark""]","zenodo/45390.wav","zenodo"
"45391.wav","/m/0bt9lr","[""/m/0bt9lr"", ""/m/0lyf6"", ""/m/068hy"", ""/m/0jbk"", ""/m/09hlz4""]","dog_bark","[""Breathing"", ""Domestic_animals_and_pets"", ""dog_bark"", ""Animal"", ""Respiratory_sounds""]","zenodo/45391.wav","zenodo"
"45392.wav","/m/0bt9lr","[""/m/0bt9lr"", ""/m/068hy"", ""/m/0jbk""]","dog_bark","[""Domestic_animals_and_pets"", ""Animal"", ""dog_bark""]","zenodo/45392.wav","zenodo"
"336217.wav","/m/0bt9lr","[""/m/0bt9lr"", ""/m/068hy"", ""/m/0jbk""]","dog_bark","[""Domestic_animals_and_pets"", ""Animal"", ""dog_bark""]","zenodo/336217.wav","zenodo"
"393569.wav","/m/0bt9lr","[""/m/0bt9lr"", ""/m/068hy"", ""/m/0jbk""]","dog_bark","[""Domestic_animals_and_pets"", ""Animal"", ""dog_bark""]","zenodo/393569.wav","zenodo"
"393570.wav","/m/0bt9lr","[""/m/0bt9lr"", ""/m/068hy"", ""/m/0jbk""]","dog_bark","[""Domestic_animals_and_pets"", ""Animal"", ""dog_bark""]","zenodo/393570.wav","zenodo"
"393568.wav","/m/0bt9lr","[""/m/0bt9lr"", ""/m/068hy"", ""/m/0jbk""]","dog_bark","[""Domestic_animals_and_pets"", ""Animal"", ""dog_bark""]","zenodo/393568.wav","zenodo"
"235876.wav","/m/0bt9lr","[""/m/0bt9lr"", ""/m/068hy"", ""/m/0jbk""]","dog_bark","[""Domestic_animals_and_pets"", ""Animal"", ""dog_bark""]","zenodo/235876.wav","zenodo"
"393573.wav","/m/0bt9lr","[""/m/0ghcn6"", ""/m/0bt9lr"", ""/m/068hy"", ""/m/0jbk""]","dog_bark","[""Domestic_animals_and_pets"", ""Growling"", ""Animal"", ""dog_bark""]","zenodo/393573.wav","zenodo"
"235877.wav","/m/0bt9lr","[""/m/0bt9lr"", ""/m/068hy"", ""/m/0jbk""]","dog_bark","[""Domestic_animals_and_pets"", ""Animal"", ""dog_bark""]","zenodo/235877.wav","zenodo"
"235878.wav","/m/0bt9lr","[""/m/0bt9lr"", ""/m/068hy"", ""/m/0jbk""]","dog_bark","[""Domestic_animals_and_pets"", ""Animal"", ""dog_bark""]","zenodo/235878.wav","zenodo"
"235879.wav","/m/0bt9lr","[""/m/0bt9lr"", ""/m/068hy"", ""/m/0jbk""]","dog_bark","[""Domestic_animals_and_pets"", ""Animal"", ""dog_bark""]","zenodo/235879.wav","zenodo"
"235875.wav","/m/0bt9lr","[""/m/0bt9lr"", ""/m/068hy"", ""/m/0jbk""]","dog_bark","[""Domestic_animals_and_pets"", ""Animal"", ""dog_bark""]","zenodo/235875.wav","zenodo"
"12647.wav","/m/0bt9lr","[""/m/0bt9lr"", ""/m/068hy"", ""/m/0jbk""]","dog_bark","[""Domestic_animals_and_pets"", ""Animal"", ""dog_bark""]","zenodo/12647.wav","zenodo"
"235883.wav","/m/0bt9lr","[""/m/0bt9lr"", ""/m/068hy"", ""/m/0jbk""]","dog_bark","[""Domestic_animals_and_pets"", ""Animal"", ""dog_bark""]","zenodo/235883.wav","zenodo"
"235881.wav","/m/0bt9lr","[""/m/0bt9lr"", ""/m/068hy"", ""/m/0jbk""]","dog_bark","[""Domestic_animals_and_pets"", ""Animal"", ""dog_bark""]","zenodo/235881.wav","zenodo"
"235887.wav","/m/0bt9lr","[""/m/0bt9lr"", ""/m/068hy"", ""/m/0jbk""]","dog_bark","[""Domestic_animals_and_pets"", ""Animal"", ""dog_bark""]","zenodo/235887.wav","zenodo"
"235888.wav","/m/0bt9lr","[""/m/0bt9lr"", ""/m/068hy"", ""/m/0jbk""]","dog_bark","[""Domestic_animals_and_pets"", ""Animal"", ""dog_bark""]","zenodo/235888.wav","zenodo"
"235889.wav","/m/0bt9lr","[""/m/0bt9lr"", ""/m/068hy"", ""/m/0jbk""]","dog_bark","[""Domestic_animals_and_pets"", ""Animal"", ""dog_bark""]","zenodo/235889.wav","zenodo"
"235891.wav","/m/0bt9lr","[""/m/0bt9lr"", ""/m/068hy"", ""/m/0jbk""]","dog_bark","[""Domestic_animals_and_pets"", ""Animal"", ""dog_bark""]","zenodo/235891.wav","zenodo"
"235892.wav","/m/0bt9lr","[""/m/0bt9lr"", ""/m/068hy"", ""/m/0jbk""]","dog_bark","[""Domestic_animals_and_pets"", ""Animal"", ""dog_bark""]","zenodo/235892.wav","zenodo"
"350592.wav","/m/0bt9lr","[""/m/0ghcn6"", ""/m/0bt9lr"", ""/m/068hy"", ""/m/0jbk""]","dog_bark","[""Domestic_animals_and_pets"", ""Growling"", ""Animal"", ""dog_bark""]","zenodo/350592.wav","zenodo"
"235915.wav","/m/0bt9lr","[""/m/0bt9lr"", ""/m/068hy"", ""/m/0jbk""]","dog_bark","[""Domestic_animals_and_pets"", ""Animal"", ""dog_bark""]","zenodo/235915.wav","zenodo"
"321934.wav","/m/0bt9lr","[""/m/0bt9lr"", ""/m/068hy"", ""/m/0jbk""]","dog_bark","[""Domestic_animals_and_pets"", ""Animal"", ""dog_bark""]","zenodo/321934.wav","zenodo"
"321935.wav","/m/0bt9lr","[""/m/0bt9lr"", ""/m/068hy"", ""/m/0jbk""]","dog_bark","[""Domestic_animals_and_pets"", ""Animal"", ""dog_bark""]","zenodo/321935.wav","zenodo"
"235926.wav","/m/0bt9lr","[""/m/0bt9lr"", ""/m/068hy"", ""/m/0jbk""]","dog_bark","[""Domestic_animals_and_pets"", ""Animal"", ""dog_bark""]","zenodo/235926.wav","zenodo"
"274841.wav","/m/0bt9lr","[""/m/0bt9lr"", ""/m/068hy"", ""/m/0jbk""]","dog_bark","[""Domestic_animals_and_pets"", ""Animal"", ""dog_bark""]","zenodo/274841.wav","zenodo"
"100795.wav","/m/0bt9lr","[""/m/0bt9lr"", ""/m/068hy"", ""/m/0jbk""]","dog_bark","[""Domestic_animals_and_pets"", ""Animal"", ""dog_bark""]","zenodo/100795.wav","zenodo"
"236012.wav","/m/0bt9lr","[""/m/0bt9lr"", ""/m/068hy"", ""/m/0jbk""]","dog_bark","[""Domestic_animals_and_pets"", ""Animal"", ""dog_bark""]","zenodo/236012.wav","zenodo"
"236014.wav","/m/0bt9lr","[""/m/0bt9lr"", ""/m/068hy"", ""/m/0jbk""]","dog_bark","[""Domestic_animals_and_pets"", ""Animal"", ""dog_bark""]","zenodo/236014.wav","zenodo"
"236015.wav","/m/0bt9lr","[""/m/0bt9lr"", ""/m/068hy"", ""/m/0jbk""]","dog_bark","[""Domestic_animals_and_pets"", ""Animal"", ""dog_bark""]","zenodo/236015.wav","zenodo"
"78324.wav","/m/0bt9lr","[""/m/0ghcn6"", ""/m/0bt9lr"", ""/m/068hy"", ""/m/0jbk""]","dog_bark","[""Domestic_animals_and_pets"", ""Growling"", ""Animal"", ""dog_bark""]","zenodo/78324.wav","zenodo"
"236023.wav","/m/0bt9lr","[""/m/0bt9lr"", ""/m/068hy"", ""/m/0jbk""]","dog_bark","[""Domestic_animals_and_pets"", ""Animal"", ""dog_bark""]","zenodo/236023.wav","zenodo"
"236024.wav","/m/0bt9lr","[""/m/0bt9lr"", ""/m/068hy"", ""/m/0jbk""]","dog_bark","[""Domestic_animals_and_pets"", ""Animal"", ""dog_bark""]","zenodo/236024.wav","zenodo"
"248315.wav","/m/0bt9lr","[""/m/0bt9lr"", ""/m/068hy"", ""/m/0jbk""]","dog_bark","[""Domestic_animals_and_pets"", ""Animal"", ""dog_bark""]","zenodo/248315.wav","zenodo"
"236033.wav","/m/0bt9lr","[""/m/0bt9lr"", ""/m/068hy"", ""/m/0jbk""]","dog_bark","[""Domestic_animals_and_pets"", ""Animal"", ""dog_bark""]","zenodo/236033.wav","zenodo"
"236036.wav","/m/0bt9lr","[""/m/0bt9lr"", ""/m/068hy"", ""/m/0jbk""]","dog_bark","[""Domestic_animals_and_pets"", ""Animal"", ""dog_bark""]","zenodo/236036.wav","zenodo"
"57877.wav","/m/0bt9lr","[""/m/0bt9lr"", ""/m/068hy"", ""/m/0jbk""]","dog_bark","[""Domestic_animals_and_pets"", ""Animal"", ""dog_bark""]","zenodo/57877.wav","zenodo"
"367127.wav","/m/0bt9lr","[""/m/03cczk"", ""/m/0bt9lr"", ""/m/068hy"", ""/m/0jbk""]","dog_bark","[""Domestic_animals_and_pets"", ""Animal"", ""Chewing_and_mastication"", ""dog_bark""]","zenodo/367127.wav","zenodo"
"365081.wav","/m/0bt9lr","[""/m/0bt9lr"", ""/m/04k94"", ""/m/068hy"", ""/m/0jbk""]","dog_bark","[""Liquid"", ""Domestic_animals_and_pets"", ""Animal"", ""dog_bark""]","zenodo/365081.wav","zenodo"
"236063.wav","/m/0bt9lr","[""/m/0bt9lr"", ""/m/068hy"", ""/m/0jbk""]","dog_bark","[""Domestic_animals_and_pets"", ""Animal"", ""dog_bark""]","zenodo/236063.wav","zenodo"
"236069.wav","/m/0bt9lr","[""/m/0bt9lr"", ""/m/068hy"", ""/m/0jbk""]","dog_bark","[""Domestic_animals_and_pets"", ""Animal"", ""dog_bark""]","zenodo/236069.wav","zenodo"
"236072.wav","/m/0bt9lr","[""/m/0bt9lr"", ""/m/068hy"", ""/m/0jbk""]","dog_bark","[""Domestic_animals_and_pets"", ""Animal"", ""dog_bark""]","zenodo/236072.wav","zenodo"
"236073.wav","/m/0bt9lr","[""/m/0bt9lr"", ""/m/068hy"", ""/m/0jbk""]","dog_bark","[""Domestic_animals_and_pets"", ""Animal"", ""dog_bark""]","zenodo/236073.wav","zenodo"
"236081.wav","/m/0bt9lr","[""/m/0bt9lr"", ""/m/068hy"", ""/m/0jbk""]","dog_bark","[""Domestic_animals_and_pets"", ""Animal"", ""dog_bark""]","zenodo/236081.wav","zenodo"
"236079.wav","/m/0bt9lr","[""/m/0bt9lr"", ""/m/068hy"", ""/m/0jbk""]","dog_bark","[""Domestic_animals_and_pets"", ""Animal"", ""dog_bark""]","zenodo/236079.wav","zenodo"
"236080.wav","/m/0bt9lr","[""/m/0bt9lr"", ""/m/068hy"", ""/m/0jbk""]","dog_bark","[""Domestic_animals_and_pets"", ""Animal"", ""dog_bark""]","zenodo/236080.wav","zenodo"
"236083.wav","/m/0bt9lr","[""/m/0bt9lr"", ""/m/068hy"", ""/m/0jbk""]","dog_bark","[""Domestic_animals_and_pets"", ""Animal"", ""dog_bark""]","zenodo/236083.wav","zenodo"
"397882.wav","/m/0bt9lr","[""/m/0bt9lr"", ""/m/068hy"", ""/m/0jbk""]","dog_bark","[""Domestic_animals_and_pets"", ""Animal"", ""dog_bark""]","zenodo/397882.wav","zenodo"
"236091.wav","/m/0bt9lr","[""/m/0bt9lr"", ""/m/068hy"", ""/m/0jbk""]","dog_bark","[""Domestic_animals_and_pets"", ""Animal"", ""dog_bark""]","zenodo/236091.wav","zenodo"
"236092.wav","/m/0bt9lr","[""/m/0bt9lr"", ""/m/068hy"", ""/m/0jbk""]","dog_bark","[""Domestic_animals_and_pets"", ""Animal"", ""dog_bark""]","zenodo/236092.wav","zenodo"
"326212.wav","/m/0bt9lr","[""/m/0bt9lr"", ""/m/068hy"", ""/m/0jbk""]","dog_bark","[""Domestic_animals_and_pets"", ""Animal"", ""dog_bark""]","zenodo/326212.wav","zenodo"
"236102.wav","/m/0bt9lr","[""/m/0bt9lr"", ""/m/068hy"", ""/m/0jbk""]","dog_bark","[""Domestic_animals_and_pets"", ""Animal"", ""dog_bark""]","zenodo/236102.wav","zenodo"
"125514.wav","/m/0bt9lr","[""/m/0bt9lr"", ""/m/068hy"", ""/m/0jbk""]","dog_bark","[""Domestic_animals_and_pets"", ""Animal"", ""dog_bark""]","zenodo/125514.wav","zenodo"
"236103.wav","/m/0bt9lr","[""/m/0bt9lr"", ""/m/068hy"", ""/m/0jbk""]","dog_bark","[""Domestic_animals_and_pets"", ""Animal"", ""dog_bark""]","zenodo/236103.wav","zenodo"
"236104.wav","/m/0bt9lr","[""/m/0bt9lr"", ""/m/068hy"", ""/m/0jbk""]","dog_bark","[""Domestic_animals_and_pets"", ""Animal"", ""dog_bark""]","zenodo/236104.wav","zenodo"
"371279.wav","/m/0bt9lr","[""/m/0ghcn6"", ""/m/0bt9lr"", ""/m/068hy"", ""/m/0jbk""]","dog_bark","[""Domestic_animals_and_pets"", ""Growling"", ""Animal"", ""dog_bark""]","zenodo/371279.wav","zenodo"
"236114.wav","/m/0bt9lr","[""/m/0bt9lr"", ""/m/068hy"", ""/m/0jbk""]","dog_bark","[""Domestic_animals_and_pets"", ""Animal"", ""dog_bark""]","zenodo/236114.wav","zenodo"
"236115.wav","/m/0bt9lr","[""/m/0bt9lr"", ""/m/068hy"", ""/m/0jbk""]","dog_bark","[""Domestic_animals_and_pets"", ""Animal"", ""dog_bark""]","zenodo/236115.wav","zenodo"
"404066.wav","/m/0bt9lr","[""/m/0bt9lr"", ""/m/068hy"", ""/m/0jbk""]","dog_bark","[""Domestic_animals_and_pets"", ""Animal"", ""dog_bark""]","zenodo/404066.wav","zenodo"
"420452.wav","/m/0bt9lr","[""/m/0bt9lr"", ""/m/068hy"", ""/m/0jbk""]","dog_bark","[""Domestic_animals_and_pets"", ""Animal"", ""dog_bark""]","zenodo/420452.wav","zenodo"
"57963.wav","/m/0bt9lr","[""/m/0bt9lr"", ""/m/068hy"", ""/m/0jbk""]","dog_bark","[""Domestic_animals_and_pets"", ""Animal"", ""dog_bark""]","zenodo/57963.wav","zenodo"
"236133.wav","/m/0bt9lr","[""/m/0bt9lr"", ""/m/068hy"", ""/m/0jbk""]","dog_bark","[""Domestic_animals_and_pets"", ""Animal"", ""dog_bark""]","zenodo/236133.wav","zenodo"
"236143.wav","/m/0bt9lr","[""/m/0bt9lr"", ""/m/068hy"", ""/m/0jbk""]","dog_bark","[""Domestic_animals_and_pets"", ""Animal"", ""dog_bark""]","zenodo/236143.wav","zenodo"
"172652.wav","/m/0bt9lr","[""/m/0bt9lr"", ""/m/068hy"", ""/m/0jbk""]","dog_bark","[""Domestic_animals_and_pets"", ""Animal"", ""dog_bark""]","zenodo/172652.wav","zenodo"
"197243.wav","/m/0bt9lr","[""/m/0bt9lr"", ""/m/068hy"", ""/m/0jbk""]","dog_bark","[""Domestic_animals_and_pets"", ""Animal"", ""dog_bark""]","zenodo/197243.wav","zenodo"
"432757.wav","/m/0bt9lr","[""/m/0bt9lr"", ""/m/068hy"", ""/m/0jbk""]","dog_bark","[""Domestic_animals_and_pets"", ""Animal"", ""dog_bark""]","zenodo/432757.wav","zenodo"
"236152.wav","/m/0bt9lr","[""/m/0bt9lr"", ""/m/068hy"", ""/m/0jbk""]","dog_bark","[""Domestic_animals_and_pets"", ""Animal"", ""dog_bark""]","zenodo/236152.wav","zenodo"
"236160.wav","/m/0bt9lr","[""/m/0bt9lr"", ""/m/068hy"", ""/m/0jbk""]","dog_bark","[""Domestic_animals_and_pets"", ""Animal"", ""dog_bark""]","zenodo/236160.wav","zenodo"
"236161.wav","/m/0bt9lr","[""/m/0bt9lr"", ""/m/068hy"", ""/m/0jbk""]","dog_bark","[""Domestic_animals_and_pets"", ""Animal"", ""dog_bark""]","zenodo/236161.wav","zenodo"
"408200.wav","/m/0bt9lr","[""/m/0bt9lr"", ""/m/068hy"", ""/m/0jbk""]","dog_bark","[""Domestic_animals_and_pets"", ""Animal"", ""dog_bark""]","zenodo/408200.wav","zenodo"
"125577.wav","/m/0bt9lr","[""/m/0bt9lr"", ""/m/068hy"", ""/m/0jbk""]","dog_bark","[""Domestic_animals_and_pets"", ""Animal"", ""dog_bark""]","zenodo/125577.wav","zenodo"
"414350.wav","/m/0bt9lr","[""/m/0bt9lr"", ""/m/068hy"", ""/m/0jbk""]","dog_bark","[""Domestic_animals_and_pets"", ""Animal"", ""dog_bark""]","zenodo/414350.wav","zenodo"
"236168.wav","/m/0bt9lr","[""/m/0bt9lr"", ""/m/068hy"", ""/m/0jbk""]","dog_bark","[""Domestic_animals_and_pets"", ""Animal"", ""dog_bark""]","zenodo/236168.wav","zenodo"
"395921.wav","/m/0bt9lr","[""/m/0ghcn6"", ""/m/0bt9lr"", ""/m/068hy"", ""/m/0jbk""]","dog_bark","[""Domestic_animals_and_pets"", ""Growling"", ""Animal"", ""dog_bark""]","zenodo/395921.wav","zenodo"
"236181.wav","/m/0bt9lr","[""/m/0bt9lr"", ""/m/068hy"", ""/m/0jbk""]","dog_bark","[""Domestic_animals_and_pets"", ""Animal"", ""dog_bark""]","zenodo/236181.wav","zenodo"
"236177.wav","/m/0bt9lr","[""/m/0bt9lr"", ""/m/068hy"", ""/m/0jbk""]","dog_bark","[""Domestic_animals_and_pets"", ""Animal"", ""dog_bark""]","zenodo/236177.wav","zenodo"
"244379.wav","/m/0bt9lr","[""/m/0bt9lr"", ""/m/068hy"", ""/m/0jbk""]","dog_bark","[""Domestic_animals_and_pets"", ""Animal"", ""dog_bark""]","zenodo/244379.wav","zenodo"
"236183.wav","/m/0bt9lr","[""/m/0bt9lr"", ""/m/068hy"", ""/m/0jbk""]","dog_bark","[""Domestic_animals_and_pets"", ""Animal"", ""dog_bark""]","zenodo/236183.wav","zenodo"
"236187.wav","/m/0bt9lr","[""/m/0bt9lr"", ""/m/068hy"", ""/m/0jbk""]","dog_bark","[""Domestic_animals_and_pets"", ""Animal"", ""dog_bark""]","zenodo/236187.wav","zenodo"
"115357.wav","/m/0bt9lr","[""/m/0bt9lr"", ""/m/068hy"", ""/m/0jbk""]","dog_bark","[""Domestic_animals_and_pets"", ""Animal"", ""dog_bark""]","zenodo/115357.wav","zenodo"
"236190.wav","/m/0bt9lr","[""/m/0bt9lr"", ""/m/068hy"", ""/m/0jbk""]","dog_bark","[""Domestic_animals_and_pets"", ""Animal"", ""dog_bark""]","zenodo/236190.wav","zenodo"
"236192.wav","/m/0bt9lr","[""/m/0bt9lr"", ""/m/068hy"", ""/m/0jbk""]","dog_bark","[""Domestic_animals_and_pets"", ""Animal"", ""dog_bark""]","zenodo/236192.wav","zenodo"
"236194.wav","/m/0bt9lr","[""/m/0bt9lr"", ""/m/068hy"", ""/m/0jbk""]","dog_bark","[""Domestic_animals_and_pets"", ""Animal"", ""dog_bark""]","zenodo/236194.wav","zenodo"
"236195.wav","/m/0bt9lr","[""/m/0bt9lr"", ""/m/068hy"", ""/m/0jbk""]","dog_bark","[""Domestic_animals_and_pets"", ""Animal"", ""dog_bark""]","zenodo/236195.wav","zenodo"
"84649.wav","/m/0bt9lr","[""/m/0ghcn6"", ""/m/0bt9lr"", ""/m/068hy"", ""/m/0jbk""]","dog_bark","[""Domestic_animals_and_pets"", ""Growling"", ""Animal"", ""dog_bark""]","zenodo/84649.wav","zenodo"
"84650.wav","/m/0bt9lr","[""/m/0ghcn6"", ""/m/0bt9lr"", ""/m/068hy"", ""/m/0jbk""]","dog_bark","[""Domestic_animals_and_pets"", ""Growling"", ""Animal"", ""dog_bark""]","zenodo/84650.wav","zenodo"
"84652.wav","/m/0bt9lr","[""/m/0bt9lr"", ""/m/068hy"", ""/m/0jbk""]","dog_bark","[""Domestic_animals_and_pets"", ""Animal"", ""dog_bark""]","zenodo/84652.wav","zenodo"
"84653.wav","/m/0bt9lr","[""/m/0bt9lr"", ""/m/068hy"", ""/m/0jbk""]","dog_bark","[""Domestic_animals_and_pets"", ""Animal"", ""dog_bark""]","zenodo/84653.wav","zenodo"
"84655.wav","/m/0bt9lr","[""/m/0ghcn6"", ""/m/0bt9lr"", ""/m/068hy"", ""/m/0jbk""]","dog_bark","[""Domestic_animals_and_pets"", ""Growling"", ""Animal"", ""dog_bark""]","zenodo/84655.wav","zenodo"
"84654.wav","/m/0bt9lr","[""/m/0ghcn6"", ""/m/0bt9lr"", ""/m/068hy"", ""/m/0jbk""]","dog_bark","[""Domestic_animals_and_pets"", ""Growling"", ""Animal"", ""dog_bark""]","zenodo/84654.wav","zenodo"
"84651.wav","/m/0bt9lr","[""/m/0ghcn6"", ""/m/0bt9lr"", ""/m/068hy"", ""/m/0jbk""]","dog_bark","[""Domestic_animals_and_pets"", ""Growling"", ""Animal"", ""dog_bark""]","zenodo/84651.wav","zenodo"
"84656.wav","/m/0bt9lr","[""/m/0ghcn6"", ""/m/0bt9lr"", ""/m/068hy"", ""/m/0jbk""]","dog_bark","[""Domestic_animals_and_pets"", ""Growling"", ""Animal"", ""dog_bark""]","zenodo/84656.wav","zenodo"
"84657.wav","/m/0bt9lr","[""/m/0bt9lr"", ""/m/068hy"", ""/m/0jbk""]","dog_bark","[""Domestic_animals_and_pets"", ""Animal"", ""dog_bark""]","zenodo/84657.wav","zenodo"
"84658.wav","/m/0bt9lr","[""/m/0bt9lr"", ""/m/068hy"", ""/m/0jbk""]","dog_bark","[""Domestic_animals_and_pets"", ""Animal"", ""dog_bark""]","zenodo/84658.wav","zenodo"
"84659.wav","/m/0bt9lr","[""/m/0bt9lr"", ""/m/068hy"", ""/m/0jbk""]","dog_bark","[""Domestic_animals_and_pets"", ""Animal"", ""dog_bark""]","zenodo/84659.wav","zenodo"
"84663.wav","/m/0bt9lr","[""/m/0ghcn6"", ""/m/0bt9lr"", ""/m/068hy"", ""/m/0jbk""]","dog_bark","[""Domestic_animals_and_pets"", ""Growling"", ""Animal"", ""dog_bark""]","zenodo/84663.wav","zenodo"
"84664.wav","/m/0bt9lr","[""/m/0bt9lr"", ""/m/068hy"", ""/m/0jbk""]","dog_bark","[""Domestic_animals_and_pets"", ""Animal"", ""dog_bark""]","zenodo/84664.wav","zenodo"
"84666.wav","/m/0bt9lr","[""/m/0ghcn6"", ""/m/0bt9lr"", ""/m/068hy"", ""/m/0jbk""]","dog_bark","[""Domestic_animals_and_pets"", ""Growling"", ""Animal"", ""dog_bark""]","zenodo/84666.wav","zenodo"
"84667.wav","/m/0bt9lr","[""/m/0ghcn6"", ""/m/0bt9lr"", ""/m/068hy"", ""/m/0jbk""]","dog_bark","[""Domestic_animals_and_pets"", ""Growling"", ""Animal"", ""dog_bark""]","zenodo/84667.wav","zenodo"
"84660.wav","/m/0bt9lr","[""/m/0bt9lr"", ""/m/068hy"", ""/m/0jbk""]","dog_bark","[""Domestic_animals_and_pets"", ""Animal"", ""dog_bark""]","zenodo/84660.wav","zenodo"
"84661.wav","/m/0bt9lr","[""/m/0bt9lr"", ""/m/068hy"", ""/m/0jbk""]","dog_bark","[""Domestic_animals_and_pets"", ""Animal"", ""dog_bark""]","zenodo/84661.wav","zenodo"
"84662.wav","/m/0bt9lr","[""/m/0bt9lr"", ""/m/068hy"", ""/m/0jbk""]","dog_bark","[""Domestic_animals_and_pets"", ""Animal"", ""dog_bark""]","zenodo/84662.wav","zenodo"
"84665.wav","/m/0bt9lr","[""/m/0ghcn6"", ""/m/0bt9lr"", ""/m/068hy"", ""/m/0jbk""]","dog_bark","[""Domestic_animals_and_pets"", ""Growling"", ""Animal"", ""dog_bark""]","zenodo/84665.wav","zenodo"
"254662.wav","/m/0bt9lr","[""/m/0bt9lr"", ""/m/068hy"", ""/m/0jbk""]","dog_bark","[""Domestic_animals_and_pets"", ""Animal"", ""dog_bark""]","zenodo/254662.wav","zenodo"
"277195.wav","/m/0bt9lr","[""/m/0bt9lr"", ""/m/068hy"", ""/m/0jbk""]","dog_bark","[""Domestic_animals_and_pets"", ""Animal"", ""dog_bark""]","zenodo/277195.wav","zenodo"
"180941.wav","/m/0bt9lr","[""/m/0bt9lr"", ""/m/068hy"", ""/m/0jbk""]","dog_bark","[""Domestic_animals_and_pets"", ""Animal"", ""dog_bark""]","zenodo/180941.wav","zenodo"
"236242.wav","/m/0bt9lr","[""/m/0bt9lr"", ""/m/068hy"", ""/m/0jbk""]","dog_bark","[""Domestic_animals_and_pets"", ""Animal"", ""dog_bark""]","zenodo/236242.wav","zenodo"
"236247.wav","/m/0bt9lr","[""/m/0bt9lr"", ""/m/068hy"", ""/m/0jbk""]","dog_bark","[""Domestic_animals_and_pets"", ""Animal"", ""dog_bark""]","zenodo/236247.wav","zenodo"
"352984.wav","/m/0bt9lr","[""/m/0bt9lr"", ""/m/068hy"", ""/m/0jbk""]","dog_bark","[""Domestic_animals_and_pets"", ""Animal"", ""dog_bark""]","zenodo/352984.wav","zenodo"
"160474.wav","/m/0bt9lr","[""/m/0bt9lr"", ""/m/068hy"", ""/m/0jbk""]","dog_bark","[""Domestic_animals_and_pets"", ""Animal"", ""dog_bark""]","zenodo/160474.wav","zenodo"
"352983.wav","/m/0bt9lr","[""/m/0bt9lr"", ""/m/068hy"", ""/m/0jbk""]","dog_bark","[""Domestic_animals_and_pets"", ""Animal"", ""dog_bark""]","zenodo/352983.wav","zenodo"
"160476.wav","/m/0bt9lr","[""/m/0bt9lr"", ""/m/068hy"", ""/m/0jbk""]","dog_bark","[""Domestic_animals_and_pets"", ""Animal"", ""dog_bark""]","zenodo/160476.wav","zenodo"
"160477.wav","/m/0bt9lr","[""/m/0bt9lr"", ""/m/068hy"", ""/m/0jbk""]","dog_bark","[""Domestic_animals_and_pets"", ""Animal"", ""dog_bark""]","zenodo/160477.wav","zenodo"
"160478.wav","/m/0bt9lr","[""/m/0bt9lr"", ""/m/068hy"", ""/m/0jbk""]","dog_bark","[""Domestic_animals_and_pets"", ""Animal"", ""dog_bark""]","zenodo/160478.wav","zenodo"
"393949.wav","/m/0bt9lr","[""/m/0bt9lr"", ""/m/068hy"", ""/m/0jbk""]","dog_bark","[""Domestic_animals_and_pets"", ""Animal"", ""dog_bark""]","zenodo/393949.wav","zenodo"
"236248.wav","/m/0bt9lr","[""/m/0bt9lr"", ""/m/068hy"", ""/m/0jbk""]","dog_bark","[""Domestic_animals_and_pets"", ""Animal"", ""dog_bark""]","zenodo/236248.wav","zenodo"
"236252.wav","/m/0bt9lr","[""/m/0bt9lr"", ""/m/068hy"", ""/m/0jbk""]","dog_bark","[""Domestic_animals_and_pets"", ""Animal"", ""dog_bark""]","zenodo/236252.wav","zenodo"
"115423.wav","/m/0bt9lr","[""/m/0bt9lr"", ""/m/068hy"", ""/m/0jbk""]","dog_bark","[""Domestic_animals_and_pets"", ""Animal"", ""dog_bark""]","zenodo/115423.wav","zenodo"
"236257.wav","/m/0bt9lr","[""/m/0bt9lr"", ""/m/068hy"", ""/m/0jbk""]","dog_bark","[""Domestic_animals_and_pets"", ""Animal"", ""dog_bark""]","zenodo/236257.wav","zenodo"
"236258.wav","/m/0bt9lr","[""/m/0bt9lr"", ""/m/068hy"", ""/m/0jbk""]","dog_bark","[""Domestic_animals_and_pets"", ""Animal"", ""dog_bark""]","zenodo/236258.wav","zenodo"
"236259.wav","/m/0bt9lr","[""/m/0bt9lr"", ""/m/068hy"", ""/m/0jbk""]","dog_bark","[""Domestic_animals_and_pets"", ""Animal"", ""dog_bark""]","zenodo/236259.wav","zenodo"
"236260.wav","/m/0bt9lr","[""/m/0bt9lr"", ""/m/068hy"", ""/m/0jbk""]","dog_bark","[""Domestic_animals_and_pets"", ""Animal"", ""dog_bark""]","zenodo/236260.wav","zenodo"
"236261.wav","/m/0bt9lr","[""/m/0bt9lr"", ""/m/068hy"", ""/m/0jbk""]","dog_bark","[""Domestic_animals_and_pets"", ""Animal"", ""dog_bark""]","zenodo/236261.wav","zenodo"
"242414.wav","/m/0bt9lr","[""/m/0bt9lr"", ""/m/068hy"", ""/m/0jbk""]","dog_bark","[""Domestic_animals_and_pets"", ""Animal"", ""dog_bark""]","zenodo/242414.wav","zenodo"
"21233.wav","/m/0bt9lr","[""/m/0ghcn6"", ""/m/0bt9lr"", ""/m/068hy"", ""/m/0jbk""]","dog_bark","[""Domestic_animals_and_pets"", ""Growling"", ""Animal"", ""dog_bark""]","zenodo/21233.wav","zenodo"
"236265.wav","/m/0bt9lr","[""/m/0bt9lr"", ""/m/068hy"", ""/m/0jbk""]","dog_bark","[""Domestic_animals_and_pets"", ""Animal"", ""dog_bark""]","zenodo/236265.wav","zenodo"
"236266.wav","/m/0bt9lr","[""/m/0bt9lr"", ""/m/068hy"", ""/m/0jbk""]","dog_bark","[""Domestic_animals_and_pets"", ""Animal"", ""dog_bark""]","zenodo/236266.wav","zenodo"
"244470.wav","/m/0bt9lr","[""/m/0bt9lr"", ""/m/068hy"", ""/m/0jbk""]","dog_bark","[""Domestic_animals_and_pets"", ""Animal"", ""dog_bark""]","zenodo/244470.wav","zenodo"
"236246.wav","/m/0bt9lr","[""/m/0bt9lr"", ""/m/068hy"", ""/m/0jbk""]","dog_bark","[""Domestic_animals_and_pets"", ""Animal"", ""dog_bark""]","zenodo/236246.wav","zenodo"
"252678.wav","/m/0bt9lr","[""/m/0bt9lr"", ""/m/068hy"", ""/m/0jbk""]","dog_bark","[""Domestic_animals_and_pets"", ""Animal"", ""dog_bark""]","zenodo/252678.wav","zenodo"
"43784.wav","/m/0bt9lr","[""/m/0bt9lr"", ""/m/068hy"", ""/m/0jbk""]","dog_bark","[""Domestic_animals_and_pets"", ""Animal"", ""dog_bark""]","zenodo/43784.wav","zenodo"
"43786.wav","/m/0bt9lr","[""/m/0bt9lr"", ""/m/068hy"", ""/m/0jbk""]","dog_bark","[""Domestic_animals_and_pets"", ""Animal"", ""dog_bark""]","zenodo/43786.wav","zenodo"
"234259.wav","/m/0bt9lr","[""/m/0bt9lr"", ""/m/068hy"", ""/m/0jbk""]","dog_bark","[""Domestic_animals_and_pets"", ""Animal"", ""dog_bark""]","zenodo/234259.wav","zenodo"
"74518.wav","/m/0bt9lr","[""/m/0bt9lr"", ""/m/068hy"", ""/m/0jbk""]","dog_bark","[""Domestic_animals_and_pets"", ""Animal"", ""dog_bark""]","zenodo/74518.wav","zenodo"
"138015.wav","/m/0bt9lr","[""/m/0bt9lr"", ""/m/068hy"", ""/m/0jbk""]","dog_bark","[""Domestic_animals_and_pets"", ""Animal"", ""dog_bark""]","zenodo/138015.wav","zenodo"
"4916.wav","/m/0bt9lr","[""/m/0bt9lr"", ""/m/068hy"", ""/m/0jbk""]","dog_bark","[""Domestic_animals_and_pets"", ""Animal"", ""dog_bark""]","zenodo/4916.wav","zenodo"
"4917.wav","/m/0bt9lr","[""/m/0bt9lr"", ""/m/068hy"", ""/m/0jbk""]","dog_bark","[""Domestic_animals_and_pets"", ""Animal"", ""dog_bark""]","zenodo/4917.wav","zenodo"
"4918.wav","/m/0bt9lr","[""/m/0bt9lr"", ""/m/068hy"", ""/m/0jbk""]","dog_bark","[""Domestic_animals_and_pets"", ""Animal"", ""dog_bark""]","zenodo/4918.wav","zenodo"
"72511.wav","/m/0bt9lr","[""/m/0bt9lr"", ""/m/068hy"", ""/m/0jbk""]","dog_bark","[""Domestic_animals_and_pets"", ""Animal"", ""dog_bark""]","zenodo/72511.wav","zenodo"
"150341.wav","/m/0bt9lr","[""/m/0bt9lr"", ""/m/068hy"", ""/m/0jbk""]","dog_bark","[""Domestic_animals_and_pets"", ""Animal"", ""dog_bark""]","zenodo/150341.wav","zenodo"
"236198.wav","/m/0bt9lr","[""/m/0bt9lr"", ""/m/068hy"", ""/m/0jbk""]","dog_bark","[""Domestic_animals_and_pets"", ""Animal"", ""dog_bark""]","zenodo/236198.wav","zenodo"
"353107.wav","/m/0bt9lr","[""/m/0bt9lr"", ""/m/068hy"", ""/m/0jbk""]","dog_bark","[""Domestic_animals_and_pets"", ""Animal"", ""dog_bark""]","zenodo/353107.wav","zenodo"
"66398.wav","/m/0bt9lr","[""/m/0bt9lr"", ""/m/068hy"", ""/m/0jbk""]","dog_bark","[""Domestic_animals_and_pets"", ""Animal"", ""dog_bark""]","zenodo/66398.wav","zenodo"
"236199.wav","/m/0bt9lr","[""/m/0bt9lr"", ""/m/068hy"", ""/m/0jbk""]","dog_bark","[""Domestic_animals_and_pets"", ""Animal"", ""dog_bark""]","zenodo/236199.wav","zenodo"
"25451.wav","/m/0bt9lr","[""/m/0bt9lr"", ""/m/068hy"", ""/m/0jbk""]","dog_bark","[""Domestic_animals_and_pets"", ""Animal"", ""dog_bark""]","zenodo/25451.wav","zenodo"
"103300.wav","/m/0bt9lr","[""/m/0bt9lr"", ""/m/04s8yn"", ""/m/068hy"", ""/m/0jbk"", ""/m/015p6"", ""/m/01280g""]","dog_bark","[""Domestic_animals_and_pets"", ""dog_bark"", ""Animal"", ""Wild_animals"", ""Crow"", ""Bird""]","zenodo/103300.wav","zenodo"
"103303.wav","/m/0bt9lr","[""/m/0bt9lr"", ""/m/09ld4"", ""/m/068hy"", ""/m/0jbk"", ""/m/01280g""]","dog_bark","[""Domestic_animals_and_pets"", ""Frog"", ""dog_bark"", ""Animal"", ""Wild_animals""]","zenodo/103303.wav","zenodo"
"158607.wav","/m/0bt9lr","[""/m/0bt9lr"", ""/m/068hy"", ""/m/0jbk""]","dog_bark","[""Domestic_animals_and_pets"", ""Animal"", ""dog_bark""]","zenodo/158607.wav","zenodo"
"369577.wav","/m/0bt9lr","[""/m/0bt9lr"", ""/m/068hy"", ""/m/0jbk""]","dog_bark","[""Domestic_animals_and_pets"", ""Animal"", ""dog_bark""]","zenodo/369577.wav","zenodo"
"369589.wav","/m/0bt9lr","[""/m/0bt9lr"", ""/m/068hy"", ""/m/0jbk""]","dog_bark","[""Domestic_animals_and_pets"", ""Animal"", ""dog_bark""]","zenodo/369589.wav","zenodo"
"74707.wav","/m/0bt9lr","[""/m/0bt9lr"", ""/m/068hy"", ""/m/0jbk""]","dog_bark","[""Domestic_animals_and_pets"", ""Animal"", ""dog_bark""]","zenodo/74707.wav","zenodo"
"238565.wav","/m/0bt9lr","[""/m/0bt9lr"", ""/m/068hy"", ""/m/0jbk""]","dog_bark","[""Domestic_animals_and_pets"", ""Animal"", ""dog_bark""]","zenodo/238565.wav","zenodo"
"130025.wav","/m/0bt9lr","[""/m/0bt9lr"", ""/m/068hy"", ""/m/0jbk""]","dog_bark","[""Domestic_animals_and_pets"", ""Animal"", ""dog_bark""]","zenodo/130025.wav","zenodo"
"400380.wav","/m/0bt9lr","[""/m/0bt9lr"", ""/m/068hy"", ""/m/0jbk""]","dog_bark","[""Domestic_animals_and_pets"", ""Animal"", ""dog_bark""]","zenodo/400380.wav","zenodo"
"369666.wav","/m/0bt9lr","[""/m/0bt9lr"", ""/m/068hy"", ""/m/0jbk""]","dog_bark","[""Domestic_animals_and_pets"", ""Animal"", ""dog_bark""]","zenodo/369666.wav","zenodo"
"72712.wav","/m/0bt9lr","[""/m/0bt9lr"", ""/m/068hy"", ""/m/0jbk""]","dog_bark","[""Domestic_animals_and_pets"", ""Animal"", ""dog_bark""]","zenodo/72712.wav","zenodo"
"128023.wav","/m/0bt9lr","[""/m/0bt9lr"", ""/m/068hy"", ""/m/0jbk""]","dog_bark","[""Domestic_animals_and_pets"", ""Animal"", ""dog_bark""]","zenodo/128023.wav","zenodo"
"128026.wav","/m/0bt9lr","[""/m/0bt9lr"", ""/m/068hy"", ""/m/0jbk""]","dog_bark","[""Domestic_animals_and_pets"", ""Animal"", ""dog_bark""]","zenodo/128026.wav","zenodo"
"341018.wav","/m/0bt9lr","[""/m/0bt9lr"", ""/m/068hy"", ""/m/0jbk""]","dog_bark","[""Domestic_animals_and_pets"", ""Animal"", ""dog_bark""]","zenodo/341018.wav","zenodo"
"365596.wav","/m/0bt9lr","[""/m/0bt9lr"", ""/m/068hy"", ""/m/0jbk""]","dog_bark","[""Domestic_animals_and_pets"", ""Animal"", ""dog_bark""]","zenodo/365596.wav","zenodo"
"128028.wav","/m/0bt9lr","[""/m/0bt9lr"", ""/m/068hy"", ""/m/0jbk""]","dog_bark","[""Domestic_animals_and_pets"", ""Animal"", ""dog_bark""]","zenodo/128028.wav","zenodo"
"128031.wav","/m/0bt9lr","[""/m/03cczk"", ""/m/0bt9lr"", ""/m/068hy"", ""/m/0jbk""]","dog_bark","[""Domestic_animals_and_pets"", ""Animal"", ""Chewing_and_mastication"", ""dog_bark""]","zenodo/128031.wav","zenodo"
"320544.wav","/m/0bt9lr","[""/m/0bt9lr"", ""/m/068hy"", ""/m/0jbk""]","dog_bark","[""Domestic_animals_and_pets"", ""Animal"", ""dog_bark""]","zenodo/320544.wav","zenodo"
"121889.wav","/m/0bt9lr","[""/m/0ghcn6"", ""/m/0bt9lr"", ""/m/068hy"", ""/m/0jbk""]","dog_bark","[""Domestic_animals_and_pets"", ""Growling"", ""Animal"", ""dog_bark""]","zenodo/121889.wav","zenodo"
"121890.wav","/m/0bt9lr","[""/m/0bt9lr"", ""/m/068hy"", ""/m/0jbk""]","dog_bark","[""Domestic_animals_and_pets"", ""Animal"", ""dog_bark""]","zenodo/121890.wav","zenodo"
"121891.wav","/m/0bt9lr","[""/m/0bt9lr"", ""/m/068hy"", ""/m/0jbk""]","dog_bark","[""Domestic_animals_and_pets"", ""Animal"", ""dog_bark""]","zenodo/121891.wav","zenodo"
"128033.wav","/m/0bt9lr","[""/m/0bt9lr"", ""/m/068hy"", ""/m/0jbk""]","dog_bark","[""Domestic_animals_and_pets"", ""Animal"", ""dog_bark""]","zenodo/128033.wav","zenodo"
"128034.wav","/m/0bt9lr","[""/m/0bt9lr"", ""/m/068hy"", ""/m/0jbk""]","dog_bark","[""Domestic_animals_and_pets"", ""Animal"", ""dog_bark""]","zenodo/128034.wav","zenodo"
"128038.wav","/m/0bt9lr","[""/m/0bt9lr"", ""/m/068hy"", ""/m/0jbk""]","dog_bark","[""Domestic_animals_and_pets"", ""Animal"", ""dog_bark""]","zenodo/128038.wav","zenodo"
"128035.wav","/m/0bt9lr","[""/m/0bt9lr"", ""/m/068hy"", ""/m/0jbk""]","dog_bark","[""Domestic_animals_and_pets"", ""Animal"", ""dog_bark""]","zenodo/128035.wav","zenodo"
"128040.wav","/m/0bt9lr","[""/m/0bt9lr"", ""/m/068hy"", ""/m/0jbk""]","dog_bark","[""Domestic_animals_and_pets"", ""Animal"", ""dog_bark""]","zenodo/128040.wav","zenodo"
"128036.wav","/m/0bt9lr","[""/m/0bt9lr"", ""/m/068hy"", ""/m/0jbk""]","dog_bark","[""Domestic_animals_and_pets"", ""Animal"", ""dog_bark""]","zenodo/128036.wav","zenodo"
"39980.wav","/m/0bt9lr","[""/m/0bt9lr"", ""/m/068hy"", ""/m/0jbk""]","dog_bark","[""Domestic_animals_and_pets"", ""Animal"", ""dog_bark""]","zenodo/39980.wav","zenodo"
"46129.wav","/m/0bt9lr","[""/m/0bt9lr"", ""/m/068hy"", ""/m/0jbk""]","dog_bark","[""Domestic_animals_and_pets"", ""Animal"", ""dog_bark""]","zenodo/46129.wav","zenodo"
"341041.wav","/m/0bt9lr","[""/m/0bt9lr"", ""/m/068hy"", ""/m/0jbk""]","dog_bark","[""Domestic_animals_and_pets"", ""Animal"", ""dog_bark""]","zenodo/341041.wav","zenodo"
"273480.wav","/m/0bt9lr","[""/m/0bt9lr"", ""/m/068hy"", ""/m/0jbk""]","dog_bark","[""Domestic_animals_and_pets"", ""Animal"", ""dog_bark""]","zenodo/273480.wav","zenodo"
"128073.wav","/m/0bt9lr","[""/m/0bt9lr"", ""/m/068hy"", ""/m/0jbk""]","dog_bark","[""Domestic_animals_and_pets"", ""Animal"", ""dog_bark""]","zenodo/128073.wav","zenodo"
"398430.wav","/m/0bt9lr","[""/m/0bt9lr"", ""/m/068hy"", ""/m/0jbk""]","dog_bark","[""Domestic_animals_and_pets"", ""Animal"", ""dog_bark""]","zenodo/398430.wav","zenodo"
"341090.wav","/m/0bt9lr","[""/m/0ghcn6"", ""/m/0bt9lr"", ""/m/068hy"", ""/m/0jbk""]","dog_bark","[""Domestic_animals_and_pets"", ""Growling"", ""Animal"", ""dog_bark""]","zenodo/341090.wav","zenodo"
"128130.wav","/m/0bt9lr","[""/m/0bt9lr"", ""/m/068hy"", ""/m/0jbk""]","dog_bark","[""Domestic_animals_and_pets"", ""Animal"", ""dog_bark""]","zenodo/128130.wav","zenodo"
"128131.wav","/m/0bt9lr","[""/m/0bt9lr"", ""/m/068hy"", ""/m/0jbk""]","dog_bark","[""Domestic_animals_and_pets"", ""Animal"", ""dog_bark""]","zenodo/128131.wav","zenodo"
"128132.wav","/m/0bt9lr","[""/m/0bt9lr"", ""/m/068hy"", ""/m/0jbk""]","dog_bark","[""Domestic_animals_and_pets"", ""Animal"", ""dog_bark""]","zenodo/128132.wav","zenodo"
"128134.wav","/m/0bt9lr","[""/m/0bt9lr"", ""/m/068hy"", ""/m/0jbk""]","dog_bark","[""Domestic_animals_and_pets"", ""Animal"", ""dog_bark""]","zenodo/128134.wav","zenodo"
"128136.wav","/m/0bt9lr","[""/m/0bt9lr"", ""/m/068hy"", ""/m/0jbk""]","dog_bark","[""Domestic_animals_and_pets"", ""Animal"", ""dog_bark""]","zenodo/128136.wav","zenodo"
"128137.wav","/m/0bt9lr","[""/m/0bt9lr"", ""/m/068hy"", ""/m/0jbk""]","dog_bark","[""Domestic_animals_and_pets"", ""Animal"", ""dog_bark""]","zenodo/128137.wav","zenodo"
"208031.wav","/m/0bt9lr","[""/m/0bt9lr"", ""/m/068hy"", ""/m/0jbk""]","dog_bark","[""Domestic_animals_and_pets"", ""Animal"", ""dog_bark""]","zenodo/208031.wav","zenodo"
"208033.wav","/m/0bt9lr","[""/m/0bt9lr"", ""/m/068hy"", ""/m/0jbk""]","dog_bark","[""Domestic_animals_and_pets"", ""Animal"", ""dog_bark""]","zenodo/208033.wav","zenodo"
"396459.wav","/m/0bt9lr","[""/m/0bt9lr"", ""/m/068hy"", ""/m/0jbk""]","dog_bark","[""Domestic_animals_and_pets"", ""Animal"", ""dog_bark""]","zenodo/396459.wav","zenodo"
"169142.wav","/m/0bt9lr","[""/m/0bt9lr"", ""/m/068hy"", ""/m/0jbk""]","dog_bark","[""Domestic_animals_and_pets"", ""Animal"", ""dog_bark""]","zenodo/169142.wav","zenodo"
"169143.wav","/m/0bt9lr","[""/m/0ghcn6"", ""/m/0bt9lr"", ""/m/068hy"", ""/m/0jbk""]","dog_bark","[""Domestic_animals_and_pets"", ""Growling"", ""Animal"", ""dog_bark""]","zenodo/169143.wav","zenodo"
"152815.wav","/m/0bt9lr","[""/m/0bt9lr"", ""/m/068hy"", ""/m/0jbk""]","dog_bark","[""Domestic_animals_and_pets"", ""Animal"", ""dog_bark""]","zenodo/152815.wav","zenodo"
"152816.wav","/m/0bt9lr","[""/m/0bt9lr"", ""/m/068hy"", ""/m/0jbk""]","dog_bark","[""Domestic_animals_and_pets"", ""Animal"", ""dog_bark""]","zenodo/152816.wav","zenodo"
"152817.wav","/m/0bt9lr","[""/m/0bt9lr"", ""/m/0lyf6"", ""/m/068hy"", ""/m/0jbk"", ""/m/09hlz4""]","dog_bark","[""Breathing"", ""Domestic_animals_and_pets"", ""dog_bark"", ""Animal"", ""Respiratory_sounds""]","zenodo/152817.wav","zenodo"
"152819.wav","/m/0bt9lr","[""/m/0bt9lr"", ""/m/068hy"", ""/m/0jbk""]","dog_bark","[""Domestic_animals_and_pets"", ""Animal"", ""dog_bark""]","zenodo/152819.wav","zenodo"
"380156.wav","/m/0bt9lr","[""/m/0bt9lr"", ""/m/068hy"", ""/m/0jbk""]","dog_bark","[""Domestic_animals_and_pets"", ""Animal"", ""dog_bark""]","zenodo/380156.wav","zenodo"
"79101.wav","/m/0bt9lr","[""/m/0bt9lr"", ""/m/068hy"", ""/m/0jbk""]","dog_bark","[""Domestic_animals_and_pets"", ""Animal"", ""dog_bark""]","zenodo/79101.wav","zenodo"
"158974.wav","/m/0bt9lr","[""/m/0bt9lr"", ""/m/068hy"", ""/m/0jbk""]","dog_bark","[""Domestic_animals_and_pets"", ""Animal"", ""dog_bark""]","zenodo/158974.wav","zenodo"
"158975.wav","/m/0bt9lr","[""/m/0bt9lr"", ""/m/068hy"", ""/m/0jbk""]","dog_bark","[""Domestic_animals_and_pets"", ""Animal"", ""dog_bark""]","zenodo/158975.wav","zenodo"
"158976.wav","/m/0bt9lr","[""/m/0bt9lr"", ""/m/068hy"", ""/m/0jbk""]","dog_bark","[""Domestic_animals_and_pets"", ""Animal"", ""dog_bark""]","zenodo/158976.wav","zenodo"
"337167.wav","/m/0bt9lr","[""/m/0ghcn6"", ""/m/0bt9lr"", ""/m/068hy"", ""/m/0jbk""]","dog_bark","[""Domestic_animals_and_pets"", ""Growling"", ""Animal"", ""dog_bark""]","zenodo/337167.wav","zenodo"
"406814.wav","/m/0bt9lr","[""/m/0bt9lr"", ""/m/068hy"", ""/m/0jbk""]","dog_bark","[""Domestic_animals_and_pets"", ""Animal"", ""dog_bark""]","zenodo/406814.wav","zenodo"
"245024.wav","/m/0bt9lr","[""/m/0bt9lr"", ""/m/068hy"", ""/m/0jbk""]","dog_bark","[""Domestic_animals_and_pets"", ""Animal"", ""dog_bark""]","zenodo/245024.wav","zenodo"
"142642.wav","/m/0bt9lr","[""/m/0bt9lr"", ""/m/068hy"", ""/m/0jbk""]","dog_bark","[""Domestic_animals_and_pets"", ""Animal"", ""dog_bark""]","zenodo/142642.wav","zenodo"
"142643.wav","/m/0bt9lr","[""/m/0bt9lr"", ""/m/068hy"", ""/m/0jbk""]","dog_bark","[""Domestic_animals_and_pets"", ""Animal"", ""dog_bark""]","zenodo/142643.wav","zenodo"
"142644.wav","/m/0bt9lr","[""/m/0bt9lr"", ""/m/068hy"", ""/m/0jbk""]","dog_bark","[""Domestic_animals_and_pets"", ""Animal"", ""dog_bark""]","zenodo/142644.wav","zenodo"
"52546.wav","/m/0bt9lr","[""/m/0bt9lr"", ""/m/068hy"", ""/m/0jbk""]","dog_bark","[""Domestic_animals_and_pets"", ""Animal"", ""dog_bark""]","zenodo/52546.wav","zenodo"
"71012.wav","/m/0bt9lr","[""/m/0bt9lr"", ""/m/068hy"", ""/m/0jbk""]","dog_bark","[""Domestic_animals_and_pets"", ""Animal"", ""dog_bark""]","zenodo/71012.wav","zenodo"
"34153.wav","/m/0bt9lr","[""/m/0bt9lr"", ""/m/068hy"", ""/m/0jbk""]","dog_bark","[""Domestic_animals_and_pets"", ""Animal"", ""dog_bark""]","zenodo/34153.wav","zenodo"
"398731.wav","/m/0bt9lr","[""/m/0bt9lr"", ""/m/068hy"", ""/m/0jbk""]","dog_bark","[""Domestic_animals_and_pets"", ""Animal"", ""dog_bark""]","zenodo/398731.wav","zenodo"
"67009.wav","/m/0bt9lr","[""/m/0bt9lr"", ""/m/07yv9"", ""/m/068hy"", ""/m/0jbk""]","dog_bark","[""Domestic_animals_and_pets"", ""Animal"", ""dog_bark"", ""Vehicle""]","zenodo/67009.wav","zenodo"
"163276.wav","/m/0bt9lr","[""/m/0ghcn6"", ""/m/0bt9lr"", ""/m/068hy"", ""/m/0jbk""]","dog_bark","[""Domestic_animals_and_pets"", ""Growling"", ""Animal"", ""dog_bark""]","zenodo/163276.wav","zenodo"
"163277.wav","/m/0bt9lr","[""/m/0ghcn6"", ""/m/0bt9lr"", ""/m/068hy"", ""/m/0jbk""]","dog_bark","[""Domestic_animals_and_pets"", ""Growling"", ""Animal"", ""dog_bark""]","zenodo/163277.wav","zenodo"
"163278.wav","/m/0bt9lr","[""/m/0ghcn6"", ""/m/0bt9lr"", ""/m/068hy"", ""/m/0jbk""]","dog_bark","[""Domestic_animals_and_pets"", ""Growling"", ""Animal"", ""dog_bark""]","zenodo/163278.wav","zenodo"
"163279.wav","/m/0bt9lr","[""/m/0ghcn6"", ""/m/0bt9lr"", ""/m/068hy"", ""/m/0jbk""]","dog_bark","[""Domestic_animals_and_pets"", ""Growling"", ""Animal"", ""dog_bark""]","zenodo/163279.wav","zenodo"
"163280.wav","/m/0bt9lr","[""/m/0bt9lr"", ""/m/068hy"", ""/m/0jbk""]","dog_bark","[""Domestic_animals_and_pets"", ""Animal"", ""dog_bark""]","zenodo/163280.wav","zenodo"
"163281.wav","/m/0bt9lr","[""/m/0bt9lr"", ""/m/068hy"", ""/m/0jbk""]","dog_bark","[""Domestic_animals_and_pets"", ""Animal"", ""dog_bark""]","zenodo/163281.wav","zenodo"
"163282.wav","/m/0bt9lr","[""/m/0bt9lr"", ""/m/068hy"", ""/m/0jbk""]","dog_bark","[""Domestic_animals_and_pets"", ""Animal"", ""dog_bark""]","zenodo/163282.wav","zenodo"
"394704.wav","/m/0bt9lr","[""/m/0bt9lr"", ""/m/068hy"", ""/m/0jbk""]","dog_bark","[""Domestic_animals_and_pets"", ""Animal"", ""dog_bark""]","zenodo/394704.wav","zenodo"
"128468.wav","/m/0bt9lr","[""/m/0bt9lr"", ""/m/068hy"", ""/m/0jbk""]","dog_bark","[""Domestic_animals_and_pets"", ""Animal"", ""dog_bark""]","zenodo/128468.wav","zenodo"
"220629.wav","/m/0bt9lr","[""/m/0bt9lr"", ""/m/068hy"", ""/m/0jbk""]","dog_bark","[""Domestic_animals_and_pets"", ""Animal"", ""dog_bark""]","zenodo/220629.wav","zenodo"
"128469.wav","/m/0bt9lr","[""/m/0bt9lr"", ""/m/068hy"", ""/m/0jbk""]","dog_bark","[""Domestic_animals_and_pets"", ""Animal"", ""dog_bark""]","zenodo/128469.wav","zenodo"
"128470.wav","/m/0bt9lr","[""/m/0bt9lr"", ""/m/068hy"", ""/m/0jbk""]","dog_bark","[""Domestic_animals_and_pets"", ""Animal"", ""dog_bark""]","zenodo/128470.wav","zenodo"
"13789.wav","/m/0bt9lr","[""/m/0bt9lr"", ""/m/068hy"", ""/m/0jbk""]","dog_bark","[""Domestic_animals_and_pets"", ""Animal"", ""dog_bark""]","zenodo/13789.wav","zenodo"
"378334.wav","/m/0bt9lr","[""/m/0bt9lr"", ""/m/068hy"", ""/m/0jbk""]","dog_bark","[""Domestic_animals_and_pets"", ""Animal"", ""dog_bark""]","zenodo/378334.wav","zenodo"
"38367.wav","/m/0bt9lr","[""/m/0bt9lr"", ""/m/068hy"", ""/m/0jbk""]","dog_bark","[""Domestic_animals_and_pets"", ""Animal"", ""dog_bark""]","zenodo/38367.wav","zenodo"
"273896.wav","/m/0bt9lr","[""/m/0bt9lr"", ""/m/068hy"", ""/m/0jbk""]","dog_bark","[""Domestic_animals_and_pets"", ""Animal"", ""dog_bark""]","zenodo/273896.wav","zenodo"
"140776.wav","/m/0bt9lr","[""/m/0bt9lr"", ""/m/068hy"", ""/m/0jbk""]","dog_bark","[""Domestic_animals_and_pets"", ""Animal"", ""dog_bark""]","zenodo/140776.wav","zenodo"
"181767.wav","/m/0bt9lr","[""/m/0bt9lr"", ""/m/068hy"", ""/m/0jbk""]","dog_bark","[""Domestic_animals_and_pets"", ""Animal"", ""dog_bark""]","zenodo/181767.wav","zenodo"
"239120.wav","/m/0bt9lr","[""/m/0bt9lr"", ""/m/04szw"", ""/m/068hy"", ""/m/0jbk"", ""/m/04rlf""]","dog_bark","[""Domestic_animals_and_pets"", ""dog_bark"", ""Animal"", ""Music"", ""Musical_instrument""]","zenodo/239120.wav","zenodo"
"216614.wav","/m/0bt9lr","[""/m/0bt9lr"", ""/m/068hy"", ""/m/0jbk""]","dog_bark","[""Domestic_animals_and_pets"", ""Animal"", ""dog_bark""]","zenodo/216614.wav","zenodo"
"433709.wav","/m/0bt9lr","[""/m/0bt9lr"", ""/m/068hy"", ""/m/0jbk""]","dog_bark","[""Domestic_animals_and_pets"", ""Animal"", ""dog_bark""]","zenodo/433709.wav","zenodo"
"110134.wav","/m/0bt9lr","[""/m/0bt9lr"", ""/m/068hy"", ""/m/0jbk""]","dog_bark","[""Domestic_animals_and_pets"", ""Animal"", ""dog_bark""]","zenodo/110134.wav","zenodo"
"368186.wav","/m/0bt9lr","[""/m/0bt9lr"", ""/m/068hy"", ""/m/0jbk""]","dog_bark","[""Domestic_animals_and_pets"", ""Animal"", ""dog_bark""]","zenodo/368186.wav","zenodo"
"60992.wav","/m/0bt9lr","[""/m/0bt9lr"", ""/m/068hy"", ""/m/0jbk""]","dog_bark","[""Domestic_animals_and_pets"", ""Animal"", ""dog_bark""]","zenodo/60992.wav","zenodo"
"407131.wav","/m/0bt9lr","[""/m/0bt9lr"", ""/m/068hy"", ""/m/0jbk""]","dog_bark","[""Domestic_animals_and_pets"", ""Animal"", ""dog_bark""]","zenodo/407131.wav","zenodo"
"409187.wav","/m/0bt9lr","[""/m/0bt9lr"", ""/m/068hy"", ""/m/0jbk""]","dog_bark","[""Domestic_animals_and_pets"", ""Animal"", ""dog_bark""]","zenodo/409187.wav","zenodo"
"321127.wav","/m/0bt9lr","[""/m/0bt9lr"", ""/m/068hy"", ""/m/0jbk""]","dog_bark","[""Domestic_animals_and_pets"", ""Animal"", ""dog_bark""]","zenodo/321127.wav","zenodo"
"276085.wav","/m/0bt9lr","[""/m/0bt9lr"", ""/m/068hy"", ""/m/0jbk""]","dog_bark","[""Domestic_animals_and_pets"", ""Animal"", ""dog_bark""]","zenodo/276085.wav","zenodo"
"163459.wav","/m/0bt9lr","[""/m/0bt9lr"", ""/m/068hy"", ""/m/0jbk""]","dog_bark","[""Domestic_animals_and_pets"", ""Animal"", ""dog_bark""]","zenodo/163459.wav","zenodo"
"155294.wav","/m/0bt9lr","[""/m/0bt9lr"", ""/m/068hy"", ""/m/0jbk""]","dog_bark","[""Domestic_animals_and_pets"", ""Animal"", ""dog_bark""]","zenodo/155294.wav","zenodo"
"85665.wav","/m/0bt9lr","[""/m/0bt9lr"", ""/m/068hy"", ""/m/0jbk""]","dog_bark","[""Domestic_animals_and_pets"", ""Animal"", ""dog_bark""]","zenodo/85665.wav","zenodo"
"155299.wav","/m/0bt9lr","[""/m/04_sv"", ""/m/0bt9lr"", ""/m/068hy"", ""/m/0jbk"", ""/m/012f08"", ""/m/07yv9""]","dog_bark","[""Motor_vehicle_(road)"", ""Domestic_animals_and_pets"", ""dog_bark"", ""Animal"", ""Vehicle"", ""Motorcycle""]","zenodo/155299.wav","zenodo"
"155310.wav","/m/0bt9lr","[""/m/0bt9lr"", ""/m/068hy"", ""/m/0jbk""]","dog_bark","[""Domestic_animals_and_pets"", ""Animal"", ""dog_bark""]","zenodo/155310.wav","zenodo"
"155313.wav","/m/0bt9lr","[""/m/0bt9lr"", ""/m/068hy"", ""/m/0jbk""]","dog_bark","[""Domestic_animals_and_pets"", ""Animal"", ""dog_bark""]","zenodo/155313.wav","zenodo"
"77491.wav","/m/0bt9lr","[""/m/0bt9lr"", ""/m/068hy"", ""/m/0jbk""]","dog_bark","[""Domestic_animals_and_pets"", ""Animal"", ""dog_bark""]","zenodo/77491.wav","zenodo"
"155315.wav","/m/0bt9lr","[""/m/0bt9lr"", ""/m/068hy"", ""/m/0jbk""]","dog_bark","[""Domestic_animals_and_pets"", ""Animal"", ""dog_bark""]","zenodo/155315.wav","zenodo"
"331449.wav","/m/0bt9lr","[""/m/0bt9lr"", ""/m/068hy"", ""/m/0jbk""]","dog_bark","[""Domestic_animals_and_pets"", ""Animal"", ""dog_bark""]","zenodo/331449.wav","zenodo"
"155322.wav","/m/0bt9lr","[""/m/0bt9lr"", ""/m/068hy"", ""/m/0jbk""]","dog_bark","[""Domestic_animals_and_pets"", ""Animal"", ""dog_bark""]","zenodo/155322.wav","zenodo"
"77500.wav","/m/0bt9lr","[""/m/0bt9lr"", ""/m/068hy"", ""/m/0jbk""]","dog_bark","[""Domestic_animals_and_pets"", ""Animal"", ""dog_bark""]","zenodo/77500.wav","zenodo"
"390852.wav","/m/0bt9lr","[""/m/0bt9lr"", ""/m/068hy"", ""/m/0jbk""]","dog_bark","[""Domestic_animals_and_pets"", ""Animal"", ""dog_bark""]","zenodo/390852.wav","zenodo"
"192235.wav","/m/0bt9lr","[""/m/0bt9lr"", ""/m/068hy"", ""/m/0jbk""]","dog_bark","[""Domestic_animals_and_pets"", ""Animal"", ""dog_bark""]","zenodo/192235.wav","zenodo"
"429805.wav","/m/0bt9lr","[""/m/0bt9lr"", ""/m/068hy"", ""/m/0jbk""]","dog_bark","[""Domestic_animals_and_pets"", ""Animal"", ""dog_bark""]","zenodo/429805.wav","zenodo"
"192239.wav","/m/0bt9lr","[""/m/0bt9lr"", ""/m/068hy"", ""/m/0jbk""]","dog_bark","[""Domestic_animals_and_pets"", ""Animal"", ""dog_bark""]","zenodo/192239.wav","zenodo"
"155382.wav","/m/0bt9lr","[""/m/0bt9lr"", ""/m/068hy"", ""/m/0jbk""]","dog_bark","[""Domestic_animals_and_pets"", ""Animal"", ""dog_bark""]","zenodo/155382.wav","zenodo"
"208650.wav","/m/0bt9lr","[""/m/0bt9lr"", ""/m/068hy"", ""/m/0jbk""]","dog_bark","[""Domestic_animals_and_pets"", ""Animal"", ""dog_bark""]","zenodo/208650.wav","zenodo"
"208651.wav","/m/0bt9lr","[""/m/0bt9lr"", ""/m/068hy"", ""/m/0jbk""]","dog_bark","[""Domestic_animals_and_pets"", ""Animal"", ""dog_bark""]","zenodo/208651.wav","zenodo"
"55065.wav","/m/0bt9lr","[""/m/0bt9lr"", ""/m/068hy"", ""/m/0jbk""]","dog_bark","[""Domestic_animals_and_pets"", ""Animal"", ""dog_bark""]","zenodo/55065.wav","zenodo"
"100124.wav","/m/0bt9lr","[""/m/0bt9lr"", ""/m/068hy"", ""/m/0jbk""]","dog_bark","[""Domestic_animals_and_pets"", ""Animal"", ""dog_bark""]","zenodo/100124.wav","zenodo"
"257824.wav","/m/0bt9lr","[""/m/0bt9lr"", ""/m/068hy"", ""/m/0jbk""]","dog_bark","[""Domestic_animals_and_pets"", ""Animal"", ""dog_bark""]","zenodo/257824.wav","zenodo"
"341792.wav","/m/0bt9lr","[""/m/0bt9lr"", ""/m/068hy"", ""/m/0jbk""]","dog_bark","[""Domestic_animals_and_pets"", ""Animal"", ""dog_bark""]","zenodo/341792.wav","zenodo"
"110371.wav","/m/0bt9lr","[""/m/0bt9lr"", ""/m/068hy"", ""/m/0jbk""]","dog_bark","[""Domestic_animals_and_pets"", ""Animal"", ""dog_bark""]","zenodo/110371.wav","zenodo"
"71461.wav","/m/0bt9lr","[""/m/0bt9lr"", ""/m/068hy"", ""/m/0jbk""]","dog_bark","[""Domestic_animals_and_pets"", ""Animal"", ""dog_bark""]","zenodo/71461.wav","zenodo"
"71463.wav","/m/0bt9lr","[""/m/0bt9lr"", ""/m/068hy"", ""/m/0jbk""]","dog_bark","[""Domestic_animals_and_pets"", ""Animal"", ""dog_bark""]","zenodo/71463.wav","zenodo"
"372531.wav","/m/0bt9lr","[""/m/0ghcn6"", ""/m/0bt9lr"", ""/m/068hy"", ""/m/0jbk""]","dog_bark","[""Domestic_animals_and_pets"", ""Growling"", ""Animal"", ""dog_bark""]","zenodo/372531.wav","zenodo"
"372533.wav","/m/0bt9lr","[""/m/0ghcn6"", ""/m/0bt9lr"", ""/m/068hy"", ""/m/0jbk""]","dog_bark","[""Domestic_animals_and_pets"", ""Growling"", ""Animal"", ""dog_bark""]","zenodo/372533.wav","zenodo"
"372534.wav","/m/0bt9lr","[""/m/0ghcn6"", ""/m/0bt9lr"", ""/m/068hy"", ""/m/0jbk""]","dog_bark","[""Domestic_animals_and_pets"", ""Growling"", ""Animal"", ""dog_bark""]","zenodo/372534.wav","zenodo"
"372535.wav","/m/0bt9lr","[""/m/0ghcn6"", ""/m/0bt9lr"", ""/m/068hy"", ""/m/0jbk""]","dog_bark","[""Domestic_animals_and_pets"", ""Growling"", ""Animal"", ""dog_bark""]","zenodo/372535.wav","zenodo"
"372536.wav","/m/0bt9lr","[""/m/0ghcn6"", ""/m/0bt9lr"", ""/m/068hy"", ""/m/0jbk""]","dog_bark","[""Domestic_animals_and_pets"", ""Growling"", ""Animal"", ""dog_bark""]","zenodo/372536.wav","zenodo"
"372537.wav","/m/0bt9lr","[""/m/0ghcn6"", ""/m/0bt9lr"", ""/m/068hy"", ""/m/0jbk""]","dog_bark","[""Domestic_animals_and_pets"", ""Growling"", ""Animal"", ""dog_bark""]","zenodo/372537.wav","zenodo"
"399184.wav","/m/0bt9lr","[""/m/0bt9lr"", ""/m/068hy"", ""/m/0jbk""]","dog_bark","[""Domestic_animals_and_pets"", ""Animal"", ""dog_bark""]","zenodo/399184.wav","zenodo"
"399186.wav","/m/0bt9lr","[""/m/0bt9lr"", ""/m/068hy"", ""/m/0jbk""]","dog_bark","[""Domestic_animals_and_pets"", ""Animal"", ""dog_bark""]","zenodo/399186.wav","zenodo"
"325465.wav","/m/0bt9lr","[""/m/0bt9lr"", ""/m/068hy"", ""/m/0jbk""]","dog_bark","[""Domestic_animals_and_pets"", ""Animal"", ""dog_bark""]","zenodo/325465.wav","zenodo"
"159578.wav","/m/0bt9lr","[""/m/0bt9lr"", ""/m/068hy"", ""/m/0jbk""]","dog_bark","[""Domestic_animals_and_pets"", ""Animal"", ""dog_bark""]","zenodo/159578.wav","zenodo"
"325467.wav","/m/0bt9lr","[""/m/0bt9lr"", ""/m/068hy"", ""/m/0jbk""]","dog_bark","[""Domestic_animals_and_pets"", ""Animal"", ""dog_bark""]","zenodo/325467.wav","zenodo"
"325468.wav","/m/0bt9lr","[""/m/0bt9lr"", ""/m/068hy"", ""/m/0jbk""]","dog_bark","[""Domestic_animals_and_pets"", ""Animal"", ""dog_bark""]","zenodo/325468.wav","zenodo"
"427871.wav","/m/0bt9lr","[""/m/0ghcn6"", ""/m/0bt9lr"", ""/m/068hy"", ""/m/0jbk""]","dog_bark","[""Domestic_animals_and_pets"", ""Growling"", ""Animal"", ""dog_bark""]","zenodo/427871.wav","zenodo"
"325471.wav","/m/0bt9lr","[""/m/0bt9lr"", ""/m/068hy"", ""/m/0jbk""]","dog_bark","[""Domestic_animals_and_pets"", ""Animal"", ""dog_bark""]","zenodo/325471.wav","zenodo"
"325472.wav","/m/0bt9lr","[""/m/0bt9lr"", ""/m/068hy"", ""/m/0jbk""]","dog_bark","[""Domestic_animals_and_pets"", ""Animal"", ""dog_bark""]","zenodo/325472.wav","zenodo"
"325475.wav","/m/0bt9lr","[""/m/0bt9lr"", ""/m/068hy"", ""/m/0jbk""]","dog_bark","[""Domestic_animals_and_pets"", ""Animal"", ""dog_bark""]","zenodo/325475.wav","zenodo"
"325476.wav","/m/0bt9lr","[""/m/0bt9lr"", ""/m/068hy"", ""/m/0jbk""]","dog_bark","[""Domestic_animals_and_pets"", ""Animal"", ""dog_bark""]","zenodo/325476.wav","zenodo"
"18282.wav","/m/0bt9lr","[""/m/0bt9lr"", ""/m/068hy"", ""/m/0jbk""]","dog_bark","[""Domestic_animals_and_pets"", ""Animal"", ""dog_bark""]","zenodo/18282.wav","zenodo"
"55154.wav","/m/0bt9lr","[""/m/0bt9lr"", ""/m/068hy"", ""/m/0jbk""]","dog_bark","[""Domestic_animals_and_pets"", ""Animal"", ""dog_bark""]","zenodo/55154.wav","zenodo"
"55155.wav","/m/0bt9lr","[""/m/0bt9lr"", ""/m/068hy"", ""/m/0jbk""]","dog_bark","[""Domestic_animals_and_pets"", ""Animal"", ""dog_bark""]","zenodo/55155.wav","zenodo"
"55156.wav","/m/0bt9lr","[""/m/0bt9lr"", ""/m/068hy"", ""/m/0jbk""]","dog_bark","[""Domestic_animals_and_pets"", ""Animal"", ""dog_bark""]","zenodo/55156.wav","zenodo"
"55157.wav","/m/0bt9lr","[""/m/0bt9lr"", ""/m/068hy"", ""/m/0jbk""]","dog_bark","[""Domestic_animals_and_pets"", ""Animal"", ""dog_bark""]","zenodo/55157.wav","zenodo"
"55158.wav","/m/0bt9lr","[""/m/0bt9lr"", ""/m/068hy"", ""/m/0jbk""]","dog_bark","[""Domestic_animals_and_pets"", ""Animal"", ""dog_bark""]","zenodo/55158.wav","zenodo"
"262007.wav","/m/0bt9lr","[""/m/0bt9lr"", ""/m/068hy"", ""/m/0jbk""]","dog_bark","[""Domestic_animals_and_pets"", ""Animal"", ""dog_bark""]","zenodo/262007.wav","zenodo"
"155617.wav","/m/0bt9lr","[""/m/0bt9lr"", ""/m/068hy"", ""/m/0jbk""]","dog_bark","[""Domestic_animals_and_pets"", ""Animal"", ""dog_bark""]","zenodo/155617.wav","zenodo"
"81904.wav","/m/0bt9lr","[""/m/0bt9lr"", ""/m/068hy"", ""/m/0jbk""]","dog_bark","[""Domestic_animals_and_pets"", ""Animal"", ""dog_bark""]","zenodo/81904.wav","zenodo"
"231415.wav","/m/0bt9lr","[""/m/0bt9lr"", ""/m/068hy"", ""/m/0jbk""]","dog_bark","[""Domestic_animals_and_pets"", ""Animal"", ""dog_bark""]","zenodo/231415.wav","zenodo"
"231416.wav","/m/0bt9lr","[""/m/0bt9lr"", ""/m/068hy"", ""/m/0jbk""]","dog_bark","[""Domestic_animals_and_pets"", ""Animal"", ""dog_bark""]","zenodo/231416.wav","zenodo"
"231419.wav","/m/0bt9lr","[""/m/0bt9lr"", ""/m/068hy"", ""/m/0jbk""]","dog_bark","[""Domestic_animals_and_pets"", ""Animal"", ""dog_bark""]","zenodo/231419.wav","zenodo"
"323015.wav","/m/0bt9lr","[""/m/0bt9lr"", ""/m/068hy"", ""/m/0jbk""]","dog_bark","[""Domestic_animals_and_pets"", ""Animal"", ""dog_bark""]","zenodo/323015.wav","zenodo"
"269121.wav","/m/0bt9lr","[""/m/0bt9lr"", ""/m/068hy"", ""/m/0jbk""]","dog_bark","[""Domestic_animals_and_pets"", ""Animal"", ""dog_bark""]","zenodo/269121.wav","zenodo"
"40966.wav","/m/07p6fty","[""/m/07sr1lc"", ""/m/07p6fty"", ""/m/09l8g""]","shout","[""Yell"", ""shout"", ""Human_voice""]","zenodo/40966.wav","zenodo"
"431628.wav","/m/07p6fty","[""/m/07sr1lc"", ""/m/07p6fty"", ""/m/09l8g""]","shout","[""Yell"", ""shout"", ""Human_voice""]","zenodo/431628.wav","zenodo"
"195089.wav","/m/07p6fty","[""/m/07sr1lc"", ""/m/07p6fty"", ""/m/09l8g""]","shout","[""Yell"", ""shout"", ""Human_voice""]","zenodo/195089.wav","zenodo"
"127004.wav","/m/07p6fty","[""/m/07sr1lc"", ""/m/07p6fty"", ""/m/09l8g""]","shout","[""Yell"", ""shout"", ""Human_voice""]","zenodo/127004.wav","zenodo"
"100896.wav","/m/07p6fty","[""/m/07sr1lc"", ""/m/07p6fty"", ""/m/09l8g""]","shout","[""Yell"", ""shout"", ""Human_voice""]","zenodo/100896.wav","zenodo"
"382016.wav","/m/07p6fty","[""/m/07sr1lc"", ""/m/07p6fty"", ""/m/09l8g""]","shout","[""Yell"", ""shout"", ""Human_voice""]","zenodo/382016.wav","zenodo"
"379969.wav","/m/07p6fty","[""/m/07sr1lc"", ""/m/07p6fty"", ""/m/09l8g""]","shout","[""Yell"", ""shout"", ""Human_voice""]","zenodo/379969.wav","zenodo"
"188488.wav","/m/07p6fty","[""/m/07sr1lc"", ""/m/07p6fty"", ""/m/09l8g""]","shout","[""Yell"", ""shout"", ""Human_voice""]","zenodo/188488.wav","zenodo"
"188489.wav","/m/07p6fty","[""/m/07sr1lc"", ""/m/07p6fty"", ""/m/09l8g""]","shout","[""Yell"", ""shout"", ""Human_voice""]","zenodo/188489.wav","zenodo"
"188490.wav","/m/07p6fty","[""/m/07sr1lc"", ""/m/07p6fty"", ""/m/09l8g""]","shout","[""Yell"", ""shout"", ""Human_voice""]","zenodo/188490.wav","zenodo"
"161358.wav","/m/07p6fty","[""/m/07sr1lc"", ""/m/07p6fty"", ""/m/09l8g""]","shout","[""Yell"", ""shout"", ""Human_voice""]","zenodo/161358.wav","zenodo"
"161369.wav","/m/07p6fty","[""/m/07sr1lc"", ""/m/07p6fty"", ""/m/09l8g""]","shout","[""Yell"", ""shout"", ""Human_voice""]","zenodo/161369.wav","zenodo"
"161370.wav","/m/07p6fty","[""/m/07sr1lc"", ""/m/07p6fty"", ""/m/09l8g""]","shout","[""Yell"", ""shout"", ""Human_voice""]","zenodo/161370.wav","zenodo"
"161371.wav","/m/07p6fty","[""/m/07sr1lc"", ""/m/07p6fty"", ""/m/09l8g""]","shout","[""Yell"", ""shout"", ""Human_voice""]","zenodo/161371.wav","zenodo"
"39517.wav","/m/07p6fty","[""/m/07sr1lc"", ""/m/07p6fty"", ""/m/09l8g""]","shout","[""Yell"", ""shout"", ""Human_voice""]","zenodo/39517.wav","zenodo"
"39518.wav","/m/07p6fty","[""/m/07sr1lc"", ""/m/07p6fty"", ""/m/09l8g""]","shout","[""Yell"", ""shout"", ""Human_voice""]","zenodo/39518.wav","zenodo"
"39519.wav","/m/07p6fty","[""/m/07sr1lc"", ""/m/07p6fty"", ""/m/09l8g""]","shout","[""Yell"", ""shout"", ""Human_voice""]","zenodo/39519.wav","zenodo"
"39520.wav","/m/07p6fty","[""/m/07sr1lc"", ""/m/07p6fty"", ""/m/09l8g""]","shout","[""Yell"", ""shout"", ""Human_voice""]","zenodo/39520.wav","zenodo"
"39521.wav","/m/07p6fty","[""/m/07sr1lc"", ""/m/07p6fty"", ""/m/09l8g""]","shout","[""Yell"", ""shout"", ""Human_voice""]","zenodo/39521.wav","zenodo"
"39523.wav","/m/07p6fty","[""/m/07sr1lc"", ""/m/07p6fty"", ""/m/09l8g""]","shout","[""Yell"", ""shout"", ""Human_voice""]","zenodo/39523.wav","zenodo"
"259681.wav","/m/07p6fty","[""/m/07sr1lc"", ""/m/07p6fty"", ""/m/09l8g""]","shout","[""Yell"", ""shout"", ""Human_voice""]","zenodo/259681.wav","zenodo"
"256635.wav","/m/07p6fty","[""/m/07sr1lc"", ""/m/07p6fty"", ""/m/09l8g""]","shout","[""Yell"", ""shout"", ""Human_voice""]","zenodo/256635.wav","zenodo"
"179332.wav","/m/07p6fty","[""/m/07sr1lc"", ""/m/07p6fty"", ""/m/09l8g""]","shout","[""Yell"", ""shout"", ""Human_voice""]","zenodo/179332.wav","zenodo"
"192133.wav","/m/07p6fty","[""/m/07sr1lc"", ""/m/07p6fty"", ""/m/09l8g""]","shout","[""Yell"", ""shout"", ""Human_voice""]","zenodo/192133.wav","zenodo"
"334468.wav","/m/07p6fty","[""/m/07sr1lc"", ""/m/07p6fty"", ""/m/09l8g""]","shout","[""Yell"", ""shout"", ""Human_voice""]","zenodo/334468.wav","zenodo"
"112270.wav","/m/07p6fty","[""/m/07sr1lc"", ""/m/07p6fty"", ""/m/09l8g""]","shout","[""Yell"", ""shout"", ""Human_voice""]","zenodo/112270.wav","zenodo"
"368276.wav","/m/07p6fty","[""/m/07sr1lc"", ""/m/07p6fty"", ""/m/09l8g""]","shout","[""Yell"", ""shout"", ""Human_voice""]","zenodo/368276.wav","zenodo"
"264351.wav","/m/07p6fty","[""/m/07sr1lc"", ""/m/07p6fty"", ""/m/09l8g""]","shout","[""Yell"", ""shout"", ""Human_voice""]","zenodo/264351.wav","zenodo"
"362666.wav","/m/07p6fty","[""/m/07sr1lc"", ""/m/07p6fty"", ""/m/09l8g""]","shout","[""Yell"", ""shout"", ""Human_voice""]","zenodo/362666.wav","zenodo"
"267451.wav","/m/07p6fty","[""/m/07sr1lc"", ""/m/07p6fty"", ""/m/09l8g""]","shout","[""Yell"", ""shout"", ""Human_voice""]","zenodo/267451.wav","zenodo"
"267984.wav","/m/07p6fty","[""/m/07sr1lc"", ""/m/07p6fty"", ""/m/09l8g""]","shout","[""Yell"", ""shout"", ""Human_voice""]","zenodo/267984.wav","zenodo"
"47829.wav","/m/07p6fty","[""/m/07sr1lc"", ""/m/07p6fty"", ""/m/09l8g""]","shout","[""Yell"", ""shout"", ""Human_voice""]","zenodo/47829.wav","zenodo"
"165596.wav","/m/07p6fty","[""/m/07sr1lc"", ""/m/07p6fty"", ""/m/09l8g""]","shout","[""Yell"", ""shout"", ""Human_voice""]","zenodo/165596.wav","zenodo"
"261854.wav","/m/07p6fty","[""/m/07sr1lc"", ""/m/07p6fty"", ""/m/09l8g""]","shout","[""Yell"", ""shout"", ""Human_voice""]","zenodo/261854.wav","zenodo"
"316645.wav","/m/07p6fty","[""/m/07sr1lc"", ""/m/07p6fty"", ""/m/09l8g""]","shout","[""Yell"", ""shout"", ""Human_voice""]","zenodo/316645.wav","zenodo"
"316648.wav","/m/07p6fty","[""/m/07sr1lc"", ""/m/07p6fty"", ""/m/09l8g""]","shout","[""Yell"", ""shout"", ""Human_voice""]","zenodo/316648.wav","zenodo"
"326889.wav","/m/07p6fty","[""/m/07sr1lc"", ""/m/07p6fty"", ""/m/09l8g""]","shout","[""Yell"", ""shout"", ""Human_voice""]","zenodo/326889.wav","zenodo"
"168688.wav","/m/07p6fty","[""/m/07sr1lc"", ""/m/07p6fty"", ""/m/09l8g""]","shout","[""Yell"", ""shout"", ""Human_voice""]","zenodo/168688.wav","zenodo"
"350448.wav","/m/07p6fty","[""/m/07sr1lc"", ""/m/07p6fty"", ""/m/09l8g""]","shout","[""Yell"", ""shout"", ""Human_voice""]","zenodo/350448.wav","zenodo"
"19188.wav","/m/07p6fty","[""/m/07sr1lc"", ""/m/07p6fty"", ""/m/09l8g""]","shout","[""Yell"", ""shout"", ""Human_voice""]","zenodo/19188.wav","zenodo"
"387829.wav","/m/07p6fty","[""/m/07sr1lc"", ""/m/07p6fty"", ""/m/09l8g""]","shout","[""Yell"", ""shout"", ""Human_voice""]","zenodo/387829.wav","zenodo"
"194813.wav","/m/07p6fty","[""/m/07sr1lc"", ""/m/07p6fty"", ""/m/09l8g""]","shout","[""Yell"", ""shout"", ""Human_voice""]","zenodo/194813.wav","zenodo"
"67332.wav","/m/07p6fty","[""/m/07sr1lc"", ""/m/07p6fty"", ""/m/09l8g""]","shout","[""Yell"", ""shout"", ""Human_voice""]","zenodo/67332.wav","zenodo"
"77061.wav","/m/07p6fty","[""/m/07sr1lc"", ""/m/07p6fty"", ""/m/09l8g""]","shout","[""Yell"", ""shout"", ""Human_voice""]","zenodo/77061.wav","zenodo"
"223526.wav","/m/07p6fty","[""/m/07sr1lc"", ""/m/07p6fty"", ""/m/09l8g""]","shout","[""Yell"", ""shout"", ""Human_voice""]","zenodo/223526.wav","zenodo"
"258342.wav","/m/07p6fty","[""/m/07sr1lc"", ""/m/07p6fty"", ""/m/09l8g""]","shout","[""Yell"", ""shout"", ""Human_voice""]","zenodo/258342.wav","zenodo"
"210731.wav","/m/07p6fty","[""/m/07sr1lc"", ""/m/07p6fty"", ""/m/09l8g""]","shout","[""Yell"", ""shout"", ""Human_voice""]","zenodo/210731.wav","zenodo"
"267569.wav","/m/07p6fty","[""/m/07sr1lc"", ""/m/07p6fty"", ""/m/09l8g""]","shout","[""Yell"", ""shout"", ""Human_voice""]","zenodo/267569.wav","zenodo"
"167227.wav","/m/07p6fty","[""/m/07sr1lc"", ""/m/07p6fty"", ""/m/09l8g""]","shout","[""Yell"", ""shout"", ""Human_voice""]","zenodo/167227.wav","zenodo"
"241471.wav","/m/07p6fty","[""/m/07sr1lc"", ""/m/07p6fty"", ""/m/09l8g""]","shout","[""Yell"", ""shout"", ""Human_voice""]","zenodo/241471.wav","zenodo"
"343872.wav","/m/07p6fty","[""/m/07sr1lc"", ""/m/07p6fty"", ""/m/09l8g""]","shout","[""Yell"", ""shout"", ""Human_voice""]","zenodo/343872.wav","zenodo"
"343877.wav","/m/07p6fty","[""/m/07sr1lc"", ""/m/07p6fty"", ""/m/09l8g""]","shout","[""Yell"", ""shout"", ""Human_voice""]","zenodo/343877.wav","zenodo"
"343887.wav","/m/07p6fty","[""/m/07sr1lc"", ""/m/07p6fty"", ""/m/09l8g""]","shout","[""Yell"", ""shout"", ""Human_voice""]","zenodo/343887.wav","zenodo"
"343891.wav","/m/07p6fty","[""/m/07sr1lc"", ""/m/07p6fty"", ""/m/09l8g""]","shout","[""Yell"", ""shout"", ""Human_voice""]","zenodo/343891.wav","zenodo"
"364897.wav","/m/07p6fty","[""/m/07sr1lc"", ""/m/07p6fty"", ""/m/09l8g""]","shout","[""Yell"", ""shout"", ""Human_voice""]","zenodo/364897.wav","zenodo"
"245604.wav","/m/07p6fty","[""/m/07sr1lc"", ""/m/07p6fty"", ""/m/09l8g""]","shout","[""Yell"", ""shout"", ""Human_voice""]","zenodo/245604.wav","zenodo"
"278895.wav","/m/07p6fty","[""/m/07sr1lc"", ""/m/07p6fty"", ""/m/09l8g""]","shout","[""Yell"", ""shout"", ""Human_voice""]","zenodo/278895.wav","zenodo"
"33653.wav","/m/07p6fty","[""/m/07sr1lc"", ""/m/07p6fty"", ""/m/09l8g""]","shout","[""Yell"", ""shout"", ""Human_voice""]","zenodo/33653.wav","zenodo"
"254334.wav","/m/07p6fty","[""/m/07sr1lc"", ""/m/07p6fty"", ""/m/09l8g""]","shout","[""Yell"", ""shout"", ""Human_voice""]","zenodo/254334.wav","zenodo"
"254336.wav","/m/07p6fty","[""/m/07sr1lc"", ""/m/07p6fty"", ""/m/09l8g""]","shout","[""Yell"", ""shout"", ""Human_voice""]","zenodo/254336.wav","zenodo"
"254337.wav","/m/07p6fty","[""/m/07sr1lc"", ""/m/07p6fty"", ""/m/09l8g""]","shout","[""Yell"", ""shout"", ""Human_voice""]","zenodo/254337.wav","zenodo"
"326539.wav","/m/07p6fty","[""/m/07sr1lc"", ""/m/07p6fty"", ""/m/09l8g""]","shout","[""Yell"", ""shout"", ""Human_voice""]","zenodo/326539.wav","zenodo"
"343952.wav","/m/07p6fty","[""/m/07sr1lc"", ""/m/07p6fty"", ""/m/09l8g""]","shout","[""Yell"", ""shout"", ""Human_voice""]","zenodo/343952.wav","zenodo"
"343955.wav","/m/07p6fty","[""/m/07sr1lc"", ""/m/07p6fty"", ""/m/09l8g""]","shout","[""Yell"", ""shout"", ""Human_voice""]","zenodo/343955.wav","zenodo"
"343957.wav","/m/07p6fty","[""/m/07sr1lc"", ""/m/07p6fty"", ""/m/09l8g""]","shout","[""Yell"", ""shout"", ""Human_voice""]","zenodo/343957.wav","zenodo"
"343960.wav","/m/07p6fty","[""/m/07sr1lc"", ""/m/07p6fty"", ""/m/09l8g""]","shout","[""Yell"", ""shout"", ""Human_voice""]","zenodo/343960.wav","zenodo"
"33691.wav","/m/07p6fty","[""/m/07sr1lc"", ""/m/07p6fty"", ""/m/09l8g""]","shout","[""Yell"", ""shout"", ""Human_voice""]","zenodo/33691.wav","zenodo"
"343965.wav","/m/07p6fty","[""/m/07sr1lc"", ""/m/07p6fty"", ""/m/09l8g""]","shout","[""Yell"", ""shout"", ""Human_voice""]","zenodo/343965.wav","zenodo"
"343966.wav","/m/07p6fty","[""/m/07sr1lc"", ""/m/07p6fty"", ""/m/09l8g""]","shout","[""Yell"", ""shout"", ""Human_voice""]","zenodo/343966.wav","zenodo"
"343967.wav","/m/07p6fty","[""/m/07sr1lc"", ""/m/07p6fty"", ""/m/09l8g""]","shout","[""Yell"", ""shout"", ""Human_voice""]","zenodo/343967.wav","zenodo"
"343985.wav","/m/07p6fty","[""/m/07sr1lc"", ""/m/07p6fty"", ""/m/09l8g""]","shout","[""Yell"", ""shout"", ""Human_voice""]","zenodo/343985.wav","zenodo"
"266716.wav","/m/07p6fty","[""/m/07sr1lc"", ""/m/07p6fty"", ""/m/09l8g""]","shout","[""Yell"", ""shout"", ""Human_voice""]","zenodo/266716.wav","zenodo"
"187359.wav","/m/07p6fty","[""/m/07sr1lc"", ""/m/07p6fty"", ""/m/09l8g""]","shout","[""Yell"", ""shout"", ""Human_voice""]","zenodo/187359.wav","zenodo"
"344047.wav","/m/07p6fty","[""/m/07sr1lc"", ""/m/07p6fty"", ""/m/09l8g""]","shout","[""Yell"", ""shout"", ""Human_voice""]","zenodo/344047.wav","zenodo"
"344051.wav","/m/07p6fty","[""/m/07sr1lc"", ""/m/07p6fty"", ""/m/09l8g""]","shout","[""Yell"", ""shout"", ""Human_voice""]","zenodo/344051.wav","zenodo"
"344057.wav","/m/07p6fty","[""/m/07sr1lc"", ""/m/07p6fty"", ""/m/09l8g""]","shout","[""Yell"", ""shout"", ""Human_voice""]","zenodo/344057.wav","zenodo"
"140342.wav","/m/07p6fty","[""/m/07sr1lc"", ""/m/0btp2"", ""/m/07p6fty"", ""/m/09l8g"", ""/m/012f08"", ""/m/07yv9""]","shout","[""Motor_vehicle_(road)"", ""Human_voice"", ""Yell"", ""Vehicle"", ""traffic_noise"", ""shout""]","zenodo/140342.wav","zenodo"
"140344.wav","/m/07p6fty","[""/m/07sr1lc"", ""/m/0btp2"", ""/m/07p6fty"", ""/m/09l8g"", ""/m/012f08"", ""/m/07yv9""]","shout","[""Motor_vehicle_(road)"", ""Human_voice"", ""Yell"", ""Vehicle"", ""traffic_noise"", ""shout""]","zenodo/140344.wav","zenodo"
"323079.wav","/m/07p6fty","[""/m/07p6fty"", ""/m/09l8g""]","shout","[""shout"", ""Human_voice""]","zenodo/323079.wav","zenodo"
"323081.wav","/m/07p6fty","[""/m/07p6fty"", ""/m/09l8g""]","shout","[""shout"", ""Human_voice""]","zenodo/323081.wav","zenodo"
"323082.wav","/m/07p6fty","[""/m/07p6fty"", ""/m/09l8g""]","shout","[""shout"", ""Human_voice""]","zenodo/323082.wav","zenodo"
"246304.wav","/m/07p6fty","[""/m/07p6fty"", ""/m/09l8g""]","shout","[""shout"", ""Human_voice""]","zenodo/246304.wav","zenodo"
"395810.wav","/m/07p6fty","[""/m/07p6fty"", ""/m/09l8g""]","shout","[""shout"", ""Human_voice""]","zenodo/395810.wav","zenodo"
"134696.wav","/m/07p6fty","[""/m/07p6fty"", ""/m/09l8g""]","shout","[""shout"", ""Human_voice""]","zenodo/134696.wav","zenodo"
"161340.wav","/m/07p6fty","[""/m/07p6fty"", ""/m/09l8g""]","shout","[""shout"", ""Human_voice""]","zenodo/161340.wav","zenodo"
"334915.wav","/m/07p6fty","[""/m/07p6fty"", ""/m/09l8g""]","shout","[""shout"", ""Human_voice""]","zenodo/334915.wav","zenodo"
"60521.wav","/m/07p6fty","[""/m/07p6fty"", ""/m/09l8g""]","shout","[""shout"", ""Human_voice""]","zenodo/60521.wav","zenodo"
"215674.wav","/m/07p6fty","[""/m/07p6fty"", ""/m/09l8g""]","shout","[""shout"", ""Human_voice""]","zenodo/215674.wav","zenodo"
"362123.wav","/m/07p6fty","[""/m/07p6fty"", ""/m/09l8g""]","shout","[""shout"", ""Human_voice""]","zenodo/362123.wav","zenodo"
"18593.wav","/m/07p6fty","[""/m/07p6fty"", ""/m/0ch8v"", ""/m/09l8g"", ""/m/0jbk""]","shout","[""shout"", ""Animal"", ""Livestock_and_farm_animals_and_working_animals"", ""Human_voice""]","zenodo/18593.wav","zenodo"
"362665.wav","/m/07p6fty","[""/m/07p6fty"", ""/m/09l8g""]","shout","[""shout"", ""Human_voice""]","zenodo/362665.wav","zenodo"
"161967.wav","/m/07p6fty","[""/m/07p6fty"", ""/m/09l8g""]","shout","[""shout"", ""Human_voice""]","zenodo/161967.wav","zenodo"
"16086.wav","/m/07p6fty","[""/m/07p6fty"", ""/m/09l8g""]","shout","[""shout"", ""Human_voice""]","zenodo/16086.wav","zenodo"
"36052.wav","/m/07p6fty","[""/m/07p6fty"", ""/m/09l8g""]","shout","[""shout"", ""Human_voice""]","zenodo/36052.wav","zenodo"
"50924.wav","/m/07p6fty","[""/m/07p6fty"", ""/m/09l8g""]","shout","[""shout"", ""Human_voice""]","zenodo/50924.wav","zenodo"
"432884.wav","/m/07p6fty","[""/m/07p6fty"", ""/m/09l8g""]","shout","[""shout"", ""Human_voice""]","zenodo/432884.wav","zenodo"
"63754.wav","/m/07p6fty","[""/m/07p6fty"", ""/m/0199g"", ""/m/09l8g"", ""/m/07yv9""]","shout","[""Vehicle"", ""shout"", ""Human_voice"", ""Bicycle""]","zenodo/63754.wav","zenodo"
"69390.wav","/m/07p6fty","[""/m/07p6fty"", ""/m/09l8g""]","shout","[""shout"", ""Human_voice""]","zenodo/69390.wav","zenodo"
"195414.wav","/m/07p6fty","[""/m/07p6fty"", ""/m/09l8g""]","shout","[""shout"", ""Human_voice""]","zenodo/195414.wav","zenodo"
"157018.wav","/m/07p6fty","[""/m/07p6fty"", ""/m/09l8g""]","shout","[""shout"", ""Human_voice""]","zenodo/157018.wav","zenodo"
"394608.wav","/m/07p6fty","[""/m/07p6fty"", ""/m/09l8g""]","shout","[""shout"", ""Human_voice""]","zenodo/394608.wav","zenodo"
"76662.wav","/m/07p6fty","[""/m/07p6fty"", ""/m/09l8g""]","shout","[""shout"", ""Human_voice""]","zenodo/76662.wav","zenodo"
"187294.wav","/m/07p6fty","[""/m/07p6fty"", ""/m/09l8g""]","shout","[""shout"", ""Human_voice""]","zenodo/187294.wav","zenodo"
"191944.wav","/m/07p6fty","[""/m/07p6fty"", ""/m/09l8g""]","shout","[""shout"", ""Human_voice""]","zenodo/191944.wav","zenodo"
"216534.wav","/m/07p6fty","[""/m/07p6fty"", ""/m/09l8g""]","shout","[""shout"", ""Human_voice""]","zenodo/216534.wav","zenodo"
"400356.wav","/m/07p6fty","[""/m/07p6fty"", ""/m/09l8g""]","shout","[""shout"", ""Human_voice""]","zenodo/400356.wav","zenodo"
"160743.wav","/m/07p6fty","[""/m/07p6fty"", ""/m/09l8g""]","shout","[""shout"", ""Human_voice""]","zenodo/160743.wav","zenodo"
"421873.wav","/m/07p6fty","[""/m/07p6fty"", ""/m/09l8g""]","shout","[""shout"", ""Human_voice""]","zenodo/421873.wav","zenodo"
"421874.wav","/m/07p6fty","[""/m/07p6fty"", ""/m/09l8g""]","shout","[""shout"", ""Human_voice""]","zenodo/421874.wav","zenodo"
"419320.wav","/m/07p6fty","[""/m/07p6fty"", ""/m/09l8g""]","shout","[""shout"", ""Human_voice""]","zenodo/419320.wav","zenodo"
"249807.wav","/m/07p6fty","[""/m/07p6fty"", ""/m/09l8g""]","shout","[""shout"", ""Human_voice""]","zenodo/249807.wav","zenodo"
"63276.wav","/m/07p6fty","[""/m/0ytgt"", ""/m/07p6fty"", ""/m/09l8g"", ""/m/09x0r""]","shout","[""shout"", ""Speech"", ""Human_voice"", ""Child_speech_and_kid_speaking""]","zenodo/63276.wav","zenodo"
"155769.wav","/m/07pp_mv","[""/m/0195fx"", ""/m/03wwcy"", ""/m/06d_3"", ""/m/07yv9"", ""/m/02dgv"", ""/t/dd00071"", ""/m/07pp_mv""]","alarm","[""Domestic_sounds_and_home_sounds"", ""Door"", ""Subway_and_metro_and_underground"", ""Vehicle"", ""alarm"", ""Rail_transport"", ""doorbell""]","zenodo/155769.wav","zenodo"
"155770.wav","/m/07pp_mv","[""/m/0195fx"", ""/m/03wwcy"", ""/m/06d_3"", ""/m/07yv9"", ""/m/02dgv"", ""/t/dd00071"", ""/m/07pp_mv""]","alarm","[""Domestic_sounds_and_home_sounds"", ""Door"", ""Subway_and_metro_and_underground"", ""Vehicle"", ""alarm"", ""Rail_transport"", ""doorbell""]","zenodo/155770.wav","zenodo"
"155776.wav","/m/07pp_mv","[""/m/0195fx"", ""/m/03wwcy"", ""/m/06d_3"", ""/m/07yv9"", ""/m/02dgv"", ""/t/dd00071"", ""/m/07pp_mv""]","alarm","[""Domestic_sounds_and_home_sounds"", ""Door"", ""Subway_and_metro_and_underground"", ""Vehicle"", ""alarm"", ""Rail_transport"", ""doorbell""]","zenodo/155776.wav","zenodo"
"100634.wav","/m/07pp_mv","[""/m/0195fx"", ""/m/03wwcy"", ""/m/06d_3"", ""/m/07yv9"", ""/m/02dgv"", ""/t/dd00071"", ""/m/07pp_mv""]","alarm","[""Domestic_sounds_and_home_sounds"", ""Door"", ""Subway_and_metro_and_underground"", ""Vehicle"", ""alarm"", ""Rail_transport"", ""doorbell""]","zenodo/100634.wav","zenodo"
"187306.wav","/m/07pp_mv","[""/m/0195fx"", ""/m/03wwcy"", ""/m/06d_3"", ""/m/07yv9"", ""/m/02dgv"", ""/t/dd00071"", ""/m/07pp_mv""]","alarm","[""Domestic_sounds_and_home_sounds"", ""Door"", ""Subway_and_metro_and_underground"", ""Vehicle"", ""alarm"", ""Rail_transport"", ""doorbell""]","zenodo/187306.wav","zenodo"
"187314.wav","/m/07pp_mv","[""/m/0195fx"", ""/m/03wwcy"", ""/m/06d_3"", ""/m/07yv9"", ""/m/02dgv"", ""/t/dd00071"", ""/m/07pp_mv""]","alarm","[""Domestic_sounds_and_home_sounds"", ""Door"", ""Subway_and_metro_and_underground"", ""Vehicle"", ""alarm"", ""Rail_transport"", ""doorbell""]","zenodo/187314.wav","zenodo"
"71740.wav","/m/02mk9","[""/m/07q2z82"", ""/m/0k4j"", ""/m/012f08"", ""/m/07yv9"", ""/m/02mk9""]","engine","[""Motor_vehicle_(road)"", ""Car"", ""Vehicle"", ""Accelerating_and_revving_and_vroom"", ""engine""]","zenodo/71740.wav","zenodo"
"401554.wav","/m/02mk9","[""/t/dd00130"", ""/m/0k4j"", ""/m/012f08"", ""/m/07yv9"", ""/m/02mk9""]","engine","[""Motor_vehicle_(road)"", ""Car"", ""Engine_starting"", ""Vehicle"", ""engine""]","zenodo/401554.wav","zenodo"
"401558.wav","/m/02mk9","[""/t/dd00130"", ""/m/0k4j"", ""/m/012f08"", ""/m/07yv9"", ""/m/02mk9""]","engine","[""Motor_vehicle_(road)"", ""Car"", ""Engine_starting"", ""Vehicle"", ""engine""]","zenodo/401558.wav","zenodo"
"379032.wav","/m/02mk9","[""/t/dd00130"", ""/m/0k4j"", ""/m/012f08"", ""/m/07yv9"", ""/m/02mk9""]","engine","[""Motor_vehicle_(road)"", ""Car"", ""Engine_starting"", ""Vehicle"", ""engine""]","zenodo/379032.wav","zenodo"
"325821.wav","/m/02mk9","[""/t/dd00130"", ""/m/0k4j"", ""/m/012f08"", ""/m/07yv9"", ""/m/02mk9""]","engine","[""Motor_vehicle_(road)"", ""Car"", ""Engine_starting"", ""Vehicle"", ""engine""]","zenodo/325821.wav","zenodo"
"106785.wav","/m/0btp2","[""/m/0btp2"", ""/m/0k4j"", ""/m/012f08"", ""/m/07yv9""]","traffic_noise","[""traffic_noise"", ""Car"", ""Motor_vehicle_(road)"", ""Vehicle""]","zenodo/106785.wav","zenodo"
"364856.wav","/m/0btp2","[""/t/dd00134"", ""/m/0btp2"", ""/m/0k4j"", ""/m/012f08"", ""/m/07yv9""]","traffic_noise","[""Motor_vehicle_(road)"", ""Car"", ""Vehicle"", ""traffic_noise"", ""Car_passing_by""]","zenodo/364856.wav","zenodo"
"369054.wav","/m/07pb8fc","[""/m/07pb8fc"", ""/m/0k4j"", ""/m/012f08"", ""/m/07yv9"", ""/m/02mk9""]","engine","[""Motor_vehicle_(road)"", ""Car"", ""engine"", ""Vehicle""]","zenodo/369054.wav","zenodo"
"410132.wav","/m/02mk9","[""/m/07q2z82"", ""/m/0k4j"", ""/m/012f08"", ""/m/07yv9"", ""/m/02mk9""]","engine","[""Motor_vehicle_(road)"", ""Car"", ""Vehicle"", ""Accelerating_and_revving_and_vroom"", ""engine""]","zenodo/410132.wav","zenodo"
"410135.wav","/m/07pb8fc","[""/m/07pb8fc"", ""/t/dd00130"", ""/m/0k4j"", ""/m/012f08"", ""/m/07yv9"", ""/m/02mk9""]","engine","[""Motor_vehicle_(road)"", ""Car"", ""Engine_starting"", ""Vehicle"", ""engine""]","zenodo/410135.wav","zenodo"
"410136.wav","/m/02mk9","[""/t/dd00130"", ""/m/0k4j"", ""/m/012f08"", ""/m/07yv9"", ""/m/02mk9""]","engine","[""Motor_vehicle_(road)"", ""Car"", ""Engine_starting"", ""Vehicle"", ""engine""]","zenodo/410136.wav","zenodo"
"410137.wav","/m/07pb8fc","[""/m/07pb8fc"", ""/t/dd00130"", ""/m/0k4j"", ""/m/012f08"", ""/m/07yv9"", ""/m/02mk9""]","engine","[""Motor_vehicle_(road)"", ""Car"", ""Engine_starting"", ""Vehicle"", ""engine""]","zenodo/410137.wav","zenodo"
"410139.wav","/m/07pb8fc","[""/m/07pb8fc"", ""/t/dd00130"", ""/m/0k4j"", ""/m/012f08"", ""/m/07yv9"", ""/m/02mk9""]","engine","[""Motor_vehicle_(road)"", ""Car"", ""Engine_starting"", ""Vehicle"", ""engine""]","zenodo/410139.wav","zenodo"
"410140.wav","/m/02mk9","[""/t/dd00130"", ""/m/0k4j"", ""/m/012f08"", ""/m/07yv9"", ""/m/02mk9""]","engine","[""Motor_vehicle_(road)"", ""Car"", ""Engine_starting"", ""Vehicle"", ""engine""]","zenodo/410140.wav","zenodo"
"186959.wav","/m/02mk9","[""/t/dd00130"", ""/m/0k4j"", ""/m/012f08"", ""/m/07yv9"", ""/m/02mk9""]","engine","[""Motor_vehicle_(road)"", ""Car"", ""Engine_starting"", ""Vehicle"", ""engine""]","zenodo/186959.wav","zenodo"
"162500.wav","/m/02mk9","[""/m/07q2z82"", ""/m/0k4j"", ""/m/07yv9"", ""/m/012f08"", ""/m/02mk9""]","engine","[""Motor_vehicle_(road)"", ""Car"", ""Vehicle"", ""Accelerating_and_revving_and_vroom"", ""engine""]","zenodo/162500.wav","zenodo"
"162501.wav","/m/02mk9","[""/m/07q2z82"", ""/m/0k4j"", ""/m/07yv9"", ""/m/012f08"", ""/m/02mk9""]","engine","[""Motor_vehicle_(road)"", ""Car"", ""Vehicle"", ""Accelerating_and_revving_and_vroom"", ""engine""]","zenodo/162501.wav","zenodo"
"205510.wav","/m/02mk9","[""/t/dd00130"", ""/m/0k4j"", ""/m/012f08"", ""/m/07yv9"", ""/m/02mk9""]","engine","[""Motor_vehicle_(road)"", ""Car"", ""Engine_starting"", ""Vehicle"", ""engine""]","zenodo/205510.wav","zenodo"
"162523.wav","/m/02mk9","[""/t/dd00130"", ""/m/0k4j"", ""/m/012f08"", ""/m/07yv9"", ""/m/02mk9""]","engine","[""Motor_vehicle_(road)"", ""Car"", ""Engine_starting"", ""Vehicle"", ""engine""]","zenodo/162523.wav","zenodo"
"162524.wav","/m/02mk9","[""/t/dd00130"", ""/m/07q2z82"", ""/m/0k4j"", ""/m/07yv9"", ""/m/012f08"", ""/m/02mk9""]","engine","[""Motor_vehicle_(road)"", ""Car"", ""Engine_starting"", ""Vehicle"", ""Accelerating_and_revving_and_vroom"", ""engine""]","zenodo/162524.wav","zenodo"
"162525.wav","/m/02mk9","[""/t/dd00130"", ""/m/07q2z82"", ""/m/0k4j"", ""/m/07yv9"", ""/m/012f08"", ""/m/02mk9""]","engine","[""Motor_vehicle_(road)"", ""Car"", ""Engine_starting"", ""Vehicle"", ""Accelerating_and_revving_and_vroom"", ""engine""]","zenodo/162525.wav","zenodo"
"162526.wav","/m/02mk9","[""/t/dd00130"", ""/m/07q2z82"", ""/m/0k4j"", ""/m/07yv9"", ""/m/012f08"", ""/m/02mk9""]","engine","[""Motor_vehicle_(road)"", ""Car"", ""Engine_starting"", ""Vehicle"", ""Accelerating_and_revving_and_vroom"", ""engine""]","zenodo/162526.wav","zenodo"
"162527.wav","/m/02mk9","[""/t/dd00130"", ""/m/0k4j"", ""/m/012f08"", ""/m/07yv9"", ""/m/02mk9""]","engine","[""Motor_vehicle_(road)"", ""Car"", ""Engine_starting"", ""Vehicle"", ""engine""]","zenodo/162527.wav","zenodo"
"162528.wav","/m/02mk9","[""/t/dd00130"", ""/m/07q2z82"", ""/m/0k4j"", ""/m/07yv9"", ""/m/012f08"", ""/m/02mk9""]","engine","[""Motor_vehicle_(road)"", ""Car"", ""Engine_starting"", ""Vehicle"", ""Accelerating_and_revving_and_vroom"", ""engine""]","zenodo/162528.wav","zenodo"
"404299.wav","/m/02mk9","[""/t/dd00130"", ""/m/0k4j"", ""/m/012f08"", ""/m/07yv9"", ""/m/02mk9""]","engine","[""Motor_vehicle_(road)"", ""Car"", ""Engine_starting"", ""Vehicle"", ""engine""]","zenodo/404299.wav","zenodo"
"2933.wav","/m/02mk9","[""/t/dd00130"", ""/m/0k4j"", ""/m/012f08"", ""/m/07yv9"", ""/m/02mk9""]","engine","[""Motor_vehicle_(road)"", ""Car"", ""Engine_starting"", ""Vehicle"", ""engine""]","zenodo/2933.wav","zenodo"
"173062.wav","/m/02mk9","[""/t/dd00130"", ""/m/0k4j"", ""/m/012f08"", ""/m/07yv9"", ""/m/02mk9""]","engine","[""Motor_vehicle_(road)"", ""Car"", ""Engine_starting"", ""Vehicle"", ""engine""]","zenodo/173062.wav","zenodo"
"338954.wav","/m/02mk9","[""/t/dd00130"", ""/m/0k4j"", ""/m/012f08"", ""/m/07yv9"", ""/m/02mk9""]","engine","[""Motor_vehicle_(road)"", ""Car"", ""Engine_starting"", ""Vehicle"", ""engine""]","zenodo/338954.wav","zenodo"
"62485.wav","/m/02mk9","[""/t/dd00130"", ""/m/0k4j"", ""/m/012f08"", ""/m/07yv9"", ""/m/02mk9""]","engine","[""Motor_vehicle_(road)"", ""Car"", ""Engine_starting"", ""Vehicle"", ""engine""]","zenodo/62485.wav","zenodo"
"273432.wav","/m/0btp2","[""/m/0btp2"", ""/m/0k4j"", ""/m/012f08"", ""/m/07yv9""]","traffic_noise","[""traffic_noise"", ""Car"", ""Motor_vehicle_(road)"", ""Vehicle""]","zenodo/273432.wav","zenodo"
"68662.wav","/m/02mk9","[""/m/07q2z82"", ""/m/0k4j"", ""/m/012f08"", ""/m/07yv9"", ""/m/02mk9""]","engine","[""Motor_vehicle_(road)"", ""Car"", ""Vehicle"", ""Accelerating_and_revving_and_vroom"", ""engine""]","zenodo/68662.wav","zenodo"
"152657.wav","/m/02mk9","[""/m/07q2z82"", ""/m/0k4j"", ""/m/012f08"", ""/m/07yv9"", ""/m/02mk9""]","engine","[""Motor_vehicle_(road)"", ""Car"", ""Vehicle"", ""Accelerating_and_revving_and_vroom"", ""engine""]","zenodo/152657.wav","zenodo"
"371832.wav","/m/02mk9","[""/t/dd00130"", ""/m/0k4j"", ""/m/012f08"", ""/m/07yv9"", ""/m/02mk9""]","engine","[""Motor_vehicle_(road)"", ""Car"", ""Engine_starting"", ""Vehicle"", ""engine""]","zenodo/371832.wav","zenodo"
"421000.wav","/m/02mk9","[""/t/dd00130"", ""/m/0k4j"", ""/m/012f08"", ""/m/07yv9"", ""/m/02mk9""]","engine","[""Motor_vehicle_(road)"", ""Car"", ""Engine_starting"", ""Vehicle"", ""engine""]","zenodo/421000.wav","zenodo"
"185726.wav","/m/02mk9","[""/m/07q2z82"", ""/m/0k4j"", ""/m/012f08"", ""/m/07yv9"", ""/m/02mk9""]","engine","[""Motor_vehicle_(road)"", ""Car"", ""Vehicle"", ""Accelerating_and_revving_and_vroom"", ""engine""]","zenodo/185726.wav","zenodo"
"17910.wav","/m/02mk9","[""/t/dd00130"", ""/m/0k4j"", ""/m/012f08"", ""/m/07yv9"", ""/m/02mk9""]","engine","[""Motor_vehicle_(road)"", ""Car"", ""Engine_starting"", ""Vehicle"", ""engine""]","zenodo/17910.wav","zenodo"
"126550.wav","/m/02mk9","[""/t/dd00130"", ""/m/0k4j"", ""/m/012f08"", ""/m/07yv9"", ""/m/02mk9""]","engine","[""Motor_vehicle_(road)"", ""Car"", ""Engine_starting"", ""Vehicle"", ""engine""]","zenodo/126550.wav","zenodo"
"32416.wav","/m/02mk9","[""/t/dd00130"", ""/m/0k4j"", ""/m/012f08"", ""/m/07yv9"", ""/m/02mk9""]","engine","[""Motor_vehicle_(road)"", ""Car"", ""Engine_starting"", ""Vehicle"", ""engine""]","zenodo/32416.wav","zenodo"
"335554.wav","/m/02mk9","[""/m/07q2z82"", ""/m/0k4j"", ""/m/07yv9"", ""/m/012f08"", ""/m/02mk9""]","engine","[""Motor_vehicle_(road)"", ""Car"", ""Vehicle"", ""Accelerating_and_revving_and_vroom"", ""engine""]","zenodo/335554.wav","zenodo"
"50896.wav","/m/02mk9","[""/t/dd00130"", ""/m/0k4j"", ""/m/012f08"", ""/m/07yv9"", ""/m/02mk9""]","engine","[""Motor_vehicle_(road)"", ""Car"", ""Engine_starting"", ""Vehicle"", ""engine""]","zenodo/50896.wav","zenodo"
"50898.wav","/m/07pb8fc","[""/m/07pb8fc"", ""/t/dd00130"", ""/m/0k4j"", ""/m/012f08"", ""/m/07yv9"", ""/m/02mk9""]","engine","[""Motor_vehicle_(road)"", ""Car"", ""Engine_starting"", ""Vehicle"", ""engine""]","zenodo/50898.wav","zenodo"
"44766.wav","/m/02mk9","[""/m/07q2z82"", ""/m/0k4j"", ""/m/012f08"", ""/m/07yv9"", ""/m/02mk9""]","engine","[""Motor_vehicle_(road)"", ""Car"", ""Vehicle"", ""Accelerating_and_revving_and_vroom"", ""engine""]","zenodo/44766.wav","zenodo"
"419703.wav","/m/02mk9","[""/t/dd00130"", ""/m/0k4j"", ""/m/012f08"", ""/m/07yv9"", ""/m/02mk9""]","engine","[""Motor_vehicle_(road)"", ""Car"", ""Engine_starting"", ""Vehicle"", ""engine""]","zenodo/419703.wav","zenodo"
"116600.wav","/m/02mk9","[""/t/dd00130"", ""/m/0k4j"", ""/m/012f08"", ""/m/07yv9"", ""/m/02mk9""]","engine","[""Motor_vehicle_(road)"", ""Car"", ""Engine_starting"", ""Vehicle"", ""engine""]","zenodo/116600.wav","zenodo"
"36830.wav","/m/02mk9","[""/m/07q2z82"", ""/m/0k4j"", ""/m/012f08"", ""/m/07yv9"", ""/m/02mk9""]","engine","[""Motor_vehicle_(road)"", ""Car"", ""Vehicle"", ""Accelerating_and_revving_and_vroom"", ""engine""]","zenodo/36830.wav","zenodo"
"36831.wav","/m/02mk9","[""/m/07q2z82"", ""/m/0k4j"", ""/m/012f08"", ""/m/07yv9"", ""/m/02mk9""]","engine","[""Motor_vehicle_(road)"", ""Car"", ""Vehicle"", ""Accelerating_and_revving_and_vroom"", ""engine""]","zenodo/36831.wav","zenodo"
"36832.wav","/m/02mk9","[""/m/07q2z82"", ""/m/0k4j"", ""/m/012f08"", ""/m/07yv9"", ""/m/02mk9""]","engine","[""Motor_vehicle_(road)"", ""Car"", ""Vehicle"", ""Accelerating_and_revving_and_vroom"", ""engine""]","zenodo/36832.wav","zenodo"
"36836.wav","/m/02mk9","[""/t/dd00130"", ""/m/0k4j"", ""/m/012f08"", ""/m/07yv9"", ""/m/02mk9""]","engine","[""Motor_vehicle_(road)"", ""Car"", ""Engine_starting"", ""Vehicle"", ""engine""]","zenodo/36836.wav","zenodo"
"36837.wav","/m/02mk9","[""/t/dd00130"", ""/m/0k4j"", ""/m/012f08"", ""/m/07yv9"", ""/m/02mk9""]","engine","[""Motor_vehicle_(road)"", ""Car"", ""Engine_starting"", ""Vehicle"", ""engine""]","zenodo/36837.wav","zenodo"
"343369.wav","/m/02mk9","[""/m/07q2z82"", ""/m/0k4j"", ""/m/012f08"", ""/m/07yv9"", ""/m/02mk9""]","engine","[""Motor_vehicle_(road)"", ""Car"", ""Vehicle"", ""Accelerating_and_revving_and_vroom"", ""engine""]","zenodo/343369.wav","zenodo"
"346759.wav","/m/02mk9","[""/m/04_sv"", ""/m/0btp2"", ""/m/07q2z82"", ""/m/0k4j"", ""/m/012f08"", ""/m/07yv9"", ""/m/02mk9""]","engine","[""Motor_vehicle_(road)"", ""Car"", ""Vehicle"", ""traffic_noise"", ""Accelerating_and_revving_and_vroom"", ""Motorcycle"", ""engine""]","zenodo/346759.wav","zenodo"
"262203.wav","/m/02mk9","[""/t/dd00130"", ""/m/0k4j"", ""/m/012f08"", ""/m/07yv9"", ""/m/02mk9""]","engine","[""Motor_vehicle_(road)"", ""Car"", ""Engine_starting"", ""Vehicle"", ""engine""]","zenodo/262203.wav","zenodo"
"269771.wav","/m/07pb8fc","[""/m/07pb8fc"", ""/m/0k4j"", ""/m/012f08"", ""/m/07yv9"", ""/m/02mk9""]","engine","[""Motor_vehicle_(road)"", ""Car"", ""engine"", ""Vehicle""]","zenodo/269771.wav","zenodo"
"210582.wav","/m/02mk9","[""/m/07q2z82"", ""/m/0k4j"", ""/m/012f08"", ""/m/07yv9"", ""/m/02mk9""]","engine","[""Motor_vehicle_(road)"", ""Car"", ""Vehicle"", ""Accelerating_and_revving_and_vroom"", ""engine""]","zenodo/210582.wav","zenodo"
"106486.wav","/m/07pb8fc","[""/m/07pb8fc"", ""/m/0k4j"", ""/m/012f08"", ""/m/07yv9"", ""/m/02mk9""]","engine","[""Motor_vehicle_(road)"", ""Car"", ""engine"", ""Vehicle""]","zenodo/106486.wav","zenodo"
"106487.wav","/m/07pb8fc","[""/m/07pb8fc"", ""/m/0k4j"", ""/m/012f08"", ""/m/07yv9"", ""/m/02mk9""]","engine","[""Motor_vehicle_(road)"", ""Car"", ""engine"", ""Vehicle""]","zenodo/106487.wav","zenodo"
"11704.wav","/m/07pb8fc","[""/m/07pb8fc"", ""/m/07q2z82"", ""/m/0k4j"", ""/m/012f08"", ""/m/07yv9"", ""/m/02mk9""]","engine","[""Motor_vehicle_(road)"", ""Car"", ""Vehicle"", ""Accelerating_and_revving_and_vroom"", ""engine""]","zenodo/11704.wav","zenodo"
"49643.wav","/m/07pb8fc","[""/m/07pb8fc"", ""/m/0k4j"", ""/m/012f08"", ""/m/07yv9"", ""/m/02mk9""]","engine","[""Motor_vehicle_(road)"", ""Car"", ""engine"", ""Vehicle""]","zenodo/49643.wav","zenodo"
"157142.wav","/m/07pb8fc","[""/m/07pb8fc"", ""/m/0k4j"", ""/m/012f08"", ""/m/07yv9"", ""/m/02mk9""]","engine","[""Motor_vehicle_(road)"", ""Car"", ""engine"", ""Vehicle""]","zenodo/157142.wav","zenodo"
"386792.wav","/m/07pb8fc","[""/m/07pb8fc"", ""/m/0k4j"", ""/m/012f08"", ""/m/07yv9"", ""/m/02mk9""]","engine","[""Motor_vehicle_(road)"", ""Car"", ""engine"", ""Vehicle""]","zenodo/386792.wav","zenodo"
"386793.wav","/m/07pb8fc","[""/m/07pb8fc"", ""/m/0k4j"", ""/m/012f08"", ""/m/07yv9"", ""/m/02mk9""]","engine","[""Motor_vehicle_(road)"", ""Car"", ""engine"", ""Vehicle""]","zenodo/386793.wav","zenodo"
"423606.wav","/m/02mk9","[""/t/dd00130"", ""/m/0k4j"", ""/m/012f08"", ""/m/07yv9"", ""/m/02mk9""]","engine","[""Motor_vehicle_(road)"", ""Car"", ""Engine_starting"", ""Vehicle"", ""engine""]","zenodo/423606.wav","zenodo"
"423607.wav","/m/07pb8fc","[""/m/07pb8fc"", ""/m/0k4j"", ""/m/012f08"", ""/m/07yv9"", ""/m/02mk9""]","engine","[""Motor_vehicle_(road)"", ""Car"", ""engine"", ""Vehicle""]","zenodo/423607.wav","zenodo"
"94710.wav","/m/07pb8fc","[""/m/07pb8fc"", ""/t/dd00130"", ""/m/07q2z82"", ""/m/0k4j"", ""/m/012f08"", ""/m/07yv9"", ""/m/02mk9""]","engine","[""Motor_vehicle_(road)"", ""Car"", ""Engine_starting"", ""Vehicle"", ""Accelerating_and_revving_and_vroom"", ""engine""]","zenodo/94710.wav","zenodo"
"424865.wav","/m/07pb8fc","[""/m/07pb8fc"", ""/m/07q2z82"", ""/m/0k4j"", ""/m/012f08"", ""/m/07yv9"", ""/m/02mk9""]","engine","[""Motor_vehicle_(road)"", ""Car"", ""Vehicle"", ""Accelerating_and_revving_and_vroom"", ""engine""]","zenodo/424865.wav","zenodo"
"345925.wav","/m/07pb8fc","[""/m/07pb8fc"", ""/m/0k4j"", ""/m/012f08"", ""/m/07yv9"", ""/m/02mk9""]","engine","[""Motor_vehicle_(road)"", ""Car"", ""engine"", ""Vehicle""]","zenodo/345925.wav","zenodo"
"161388.wav","/m/07pb8fc","[""/m/07pb8fc"", ""/m/0k4j"", ""/m/012f08"", ""/m/07yv9"", ""/m/02mk9""]","engine","[""Motor_vehicle_(road)"", ""Car"", ""engine"", ""Vehicle""]","zenodo/161388.wav","zenodo"
"143970.wav","/m/07pb8fc","[""/m/07pb8fc"", ""/t/dd00130"", ""/m/0k4j"", ""/m/012f08"", ""/m/07yv9"", ""/m/02mk9""]","engine","[""Motor_vehicle_(road)"", ""Car"", ""Engine_starting"", ""Vehicle"", ""engine""]","zenodo/143970.wav","zenodo"
"328224.wav","/m/07pb8fc","[""/m/07pb8fc"", ""/t/dd00130"", ""/m/0k4j"", ""/m/012f08"", ""/m/07yv9"", ""/m/02mk9""]","engine","[""Motor_vehicle_(road)"", ""Car"", ""Engine_starting"", ""Vehicle"", ""engine""]","zenodo/328224.wav","zenodo"
"326052.wav","/m/07pb8fc","[""/m/07pb8fc"", ""/t/dd00130"", ""/m/0k4j"", ""/m/012f08"", ""/m/07yv9"", ""/m/02mk9""]","engine","[""Motor_vehicle_(road)"", ""Car"", ""Engine_starting"", ""Vehicle"", ""engine""]","zenodo/326052.wav","zenodo"
"83674.wav","/m/07pb8fc","[""/m/07pb8fc"", ""/t/dd00130"", ""/m/07q2z82"", ""/m/0k4j"", ""/m/012f08"", ""/m/07yv9"", ""/m/02mk9""]","engine","[""Motor_vehicle_(road)"", ""Car"", ""Engine_starting"", ""Vehicle"", ""Accelerating_and_revving_and_vroom"", ""engine""]","zenodo/83674.wav","zenodo"
"326414.wav","/m/07pb8fc","[""/m/07pb8fc"", ""/m/0k4j"", ""/m/012f08"", ""/m/07yv9"", ""/m/02mk9""]","engine","[""Motor_vehicle_(road)"", ""Car"", ""engine"", ""Vehicle""]","zenodo/326414.wav","zenodo"
"326425.wav","/m/02mk9","[""/m/07q2z82"", ""/m/0k4j"", ""/m/012f08"", ""/m/07yv9"", ""/m/02mk9""]","engine","[""Motor_vehicle_(road)"", ""Car"", ""Vehicle"", ""Accelerating_and_revving_and_vroom"", ""engine""]","zenodo/326425.wav","zenodo"
"384107.wav","/m/07pb8fc","[""/m/07pb8fc"", ""/m/0k4j"", ""/m/012f08"", ""/m/07yv9"", ""/m/02mk9""]","engine","[""Motor_vehicle_(road)"", ""Car"", ""engine"", ""Vehicle""]","zenodo/384107.wav","zenodo"
"433866.wav","/m/07pb8fc","[""/m/07pb8fc"", ""/m/07q2z82"", ""/m/0k4j"", ""/m/012f08"", ""/m/07yv9"", ""/m/02mk9""]","engine","[""Motor_vehicle_(road)"", ""Car"", ""Vehicle"", ""Accelerating_and_revving_and_vroom"", ""engine""]","zenodo/433866.wav","zenodo"
"424743.wav","/m/07pb8fc","[""/m/07pb8fc"", ""/t/dd00130"", ""/m/07q2z82"", ""/m/0k4j"", ""/m/012f08"", ""/m/07yv9"", ""/m/02mk9""]","engine","[""Motor_vehicle_(road)"", ""Car"", ""Engine_starting"", ""Vehicle"", ""Accelerating_and_revving_and_vroom"", ""engine""]","zenodo/424743.wav","zenodo"
"332385.wav","/m/07pb8fc","[""/m/07pb8fc"", ""/m/07q2z82"", ""/m/0k4j"", ""/m/012f08"", ""/m/07yv9"", ""/m/02mk9""]","engine","[""Motor_vehicle_(road)"", ""Car"", ""Vehicle"", ""Accelerating_and_revving_and_vroom"", ""engine""]","zenodo/332385.wav","zenodo"
"332386.wav","/m/07pb8fc","[""/m/07pb8fc"", ""/m/07q2z82"", ""/m/0k4j"", ""/m/012f08"", ""/m/07yv9"", ""/m/02mk9""]","engine","[""Motor_vehicle_(road)"", ""Car"", ""Vehicle"", ""Accelerating_and_revving_and_vroom"", ""engine""]","zenodo/332386.wav","zenodo"
"332387.wav","/m/07pb8fc","[""/m/07pb8fc"", ""/m/07q2z82"", ""/m/0k4j"", ""/m/012f08"", ""/m/07yv9"", ""/m/02mk9""]","engine","[""Motor_vehicle_(road)"", ""Car"", ""Vehicle"", ""Accelerating_and_revving_and_vroom"", ""engine""]","zenodo/332387.wav","zenodo"
"389539.wav","/m/0btp2","[""/m/07r5v4s"", ""/m/07pqc89"", ""/m/0btp2"", ""/m/04k94"", ""/m/07prgkl"", ""/m/012f08"", ""/m/07yv9""]","traffic_noise","[""Drip"", ""Motor_vehicle_(road)"", ""Liquid"", ""Vehicle"", ""traffic_noise"", ""Pour"", ""Trickle_and_dribble""]","zenodo/389539.wav","zenodo"
"420864.wav","/m/02mk9","[""/m/07q2z82"", ""/m/07yv9"", ""/m/02mk9""]","engine","[""Accelerating_and_revving_and_vroom"", ""engine"", ""Vehicle""]","zenodo/420864.wav","zenodo"
"420865.wav","/m/02mk9","[""/m/07q2z82"", ""/m/07yv9"", ""/m/02mk9""]","engine","[""Accelerating_and_revving_and_vroom"", ""engine"", ""Vehicle""]","zenodo/420865.wav","zenodo"
"376994.wav","/m/0btp2","[""/m/0btp2"", ""/m/07yv9"", ""/m/012f08""]","traffic_noise","[""traffic_noise"", ""Motor_vehicle_(road)"", ""Vehicle""]","zenodo/376994.wav","zenodo"
"143601.wav","/m/02mk9","[""/m/07q2z82"", ""/m/07yv9"", ""/m/02mk9""]","engine","[""Accelerating_and_revving_and_vroom"", ""engine"", ""Vehicle""]","zenodo/143601.wav","zenodo"
"319942.wav","/m/0btp2","[""/m/0btp2"", ""/m/07yv9"", ""/m/0199g"", ""/m/012f08""]","traffic_noise","[""traffic_noise"", ""Motor_vehicle_(road)"", ""Bicycle"", ""Vehicle""]","zenodo/319942.wav","zenodo"
"386801.wav","/m/02mk9","[""/m/07q2z82"", ""/m/07yv9"", ""/m/02mk9""]","engine","[""Accelerating_and_revving_and_vroom"", ""engine"", ""Vehicle""]","zenodo/386801.wav","zenodo"
"324331.wav","/m/02mk9","[""/m/07q2z82"", ""/m/07yv9"", ""/m/02mk9""]","engine","[""Accelerating_and_revving_and_vroom"", ""engine"", ""Vehicle""]","zenodo/324331.wav","zenodo"
"426965.wav","/m/0btp2","[""/m/07pqc89"", ""/m/0btp2"", ""/m/07prgkl"", ""/m/04k94"", ""/m/012f08"", ""/m/07yv9""]","traffic_noise","[""Motor_vehicle_(road)"", ""Liquid"", ""Vehicle"", ""traffic_noise"", ""Pour"", ""Trickle_and_dribble""]","zenodo/426965.wav","zenodo"
"57884.wav","/m/07pp_mv","[""/m/01s0vc"", ""/m/07cx4"", ""/t/dd00071"", ""/m/07pp_mv""]","alarm","[""alarm"", ""telephone"", ""Domestic_sounds_and_home_sounds"", ""Zipper_(clothing)""]","zenodo/57884.wav","zenodo"
"168709.wav","/m/07pp_mv","[""/m/0gy1t2s"", ""/m/07pp_mv"", ""/m/0199g"", ""/m/07yv9"", ""/m/0395lw""]","alarm","[""Bicycle_bell"", ""Vehicle"", ""Bell"", ""alarm"", ""Bicycle""]","zenodo/168709.wav","zenodo"
"364805.wav","/m/07pp_mv","[""/m/0gy1t2s"", ""/m/07pp_mv"", ""/m/0199g"", ""/m/07yv9"", ""/m/0395lw""]","alarm","[""Bicycle_bell"", ""Vehicle"", ""Bell"", ""alarm"", ""Bicycle""]","zenodo/364805.wav","zenodo"
"364806.wav","/m/07pp_mv","[""/m/0gy1t2s"", ""/m/07pp_mv"", ""/m/0199g"", ""/m/07yv9"", ""/m/0395lw""]","alarm","[""Bicycle_bell"", ""Vehicle"", ""Bell"", ""alarm"", ""Bicycle""]","zenodo/364806.wav","zenodo"
"158500.wav","/m/07pp_mv","[""/m/0gy1t2s"", ""/m/07pp_mv"", ""/m/0199g"", ""/m/07yv9"", ""/m/0395lw""]","alarm","[""Bicycle_bell"", ""Vehicle"", ""Bell"", ""alarm"", ""Bicycle""]","zenodo/158500.wav","zenodo"
"158501.wav","/m/07pp_mv","[""/m/0gy1t2s"", ""/m/07pp_mv"", ""/m/0199g"", ""/m/07yv9"", ""/m/0395lw""]","alarm","[""Bicycle_bell"", ""Vehicle"", ""Bell"", ""alarm"", ""Bicycle""]","zenodo/158501.wav","zenodo"
"158502.wav","/m/07pp_mv","[""/m/0gy1t2s"", ""/m/0199g"", ""/m/07yv9"", ""/m/07pp_mv"", ""/m/0395lw""]","alarm","[""Bicycle_bell"", ""Vehicle"", ""Bell"", ""alarm"", ""Bicycle""]","zenodo/158502.wav","zenodo"
"158503.wav","/m/07pp_mv","[""/m/0gy1t2s"", ""/m/07pp_mv"", ""/m/0199g"", ""/m/07yv9"", ""/m/0395lw""]","alarm","[""Bicycle_bell"", ""Vehicle"", ""Bell"", ""alarm"", ""Bicycle""]","zenodo/158503.wav","zenodo"
"158504.wav","/m/07pp_mv","[""/m/0gy1t2s"", ""/m/0199g"", ""/m/07yv9"", ""/m/07pp_mv"", ""/m/0395lw""]","alarm","[""Bicycle_bell"", ""Vehicle"", ""Bell"", ""alarm"", ""Bicycle""]","zenodo/158504.wav","zenodo"
"158505.wav","/m/07pp_mv","[""/m/0gy1t2s"", ""/m/07pp_mv"", ""/m/0199g"", ""/m/07yv9"", ""/m/0395lw""]","alarm","[""Bicycle_bell"", ""Vehicle"", ""Bell"", ""alarm"", ""Bicycle""]","zenodo/158505.wav","zenodo"
"158507.wav","/m/07pp_mv","[""/m/0gy1t2s"", ""/m/07pp_mv"", ""/m/0199g"", ""/m/07yv9"", ""/m/0395lw""]","alarm","[""Bicycle_bell"", ""Vehicle"", ""Bell"", ""alarm"", ""Bicycle""]","zenodo/158507.wav","zenodo"
"158509.wav","/m/07pp_mv","[""/m/0gy1t2s"", ""/m/07pp_mv"", ""/m/0199g"", ""/m/07yv9"", ""/m/0395lw""]","alarm","[""Bicycle_bell"", ""Vehicle"", ""Bell"", ""alarm"", ""Bicycle""]","zenodo/158509.wav","zenodo"
"323122.wav","/m/07pp_mv","[""/m/0gy1t2s"", ""/m/07pp_mv"", ""/m/0199g"", ""/m/07yv9"", ""/m/0395lw""]","alarm","[""Bicycle_bell"", ""Vehicle"", ""Bell"", ""alarm"", ""Bicycle""]","zenodo/323122.wav","zenodo"
"323123.wav","/m/07pp_mv","[""/m/0gy1t2s"", ""/m/07pp_mv"", ""/m/0199g"", ""/m/07yv9"", ""/m/0395lw""]","alarm","[""Bicycle_bell"", ""Vehicle"", ""Bell"", ""alarm"", ""Bicycle""]","zenodo/323123.wav","zenodo"
"323125.wav","/m/07pp_mv","[""/m/0gy1t2s"", ""/m/0199g"", ""/m/07yv9"", ""/m/07pp_mv"", ""/m/0395lw""]","alarm","[""Bicycle_bell"", ""Vehicle"", ""Bell"", ""alarm"", ""Bicycle""]","zenodo/323125.wav","zenodo"
"323126.wav","/m/07pp_mv","[""/m/0gy1t2s"", ""/m/07pp_mv"", ""/m/0199g"", ""/m/07yv9"", ""/m/0395lw""]","alarm","[""Bicycle_bell"", ""Vehicle"", ""Bell"", ""alarm"", ""Bicycle""]","zenodo/323126.wav","zenodo"
"323127.wav","/m/07pp_mv","[""/m/0gy1t2s"", ""/m/07pp_mv"", ""/m/0199g"", ""/m/07yv9"", ""/m/0395lw""]","alarm","[""Bicycle_bell"", ""Vehicle"", ""Bell"", ""alarm"", ""Bicycle""]","zenodo/323127.wav","zenodo"
"323128.wav","/m/07pp_mv","[""/m/0gy1t2s"", ""/m/0199g"", ""/m/07yv9"", ""/m/07pp_mv"", ""/m/0395lw""]","alarm","[""Bicycle_bell"", ""Vehicle"", ""Bell"", ""alarm"", ""Bicycle""]","zenodo/323128.wav","zenodo"
"323129.wav","/m/07pp_mv","[""/m/0gy1t2s"", ""/m/07pp_mv"", ""/m/0199g"", ""/m/07yv9"", ""/m/0395lw""]","alarm","[""Bicycle_bell"", ""Vehicle"", ""Bell"", ""alarm"", ""Bicycle""]","zenodo/323129.wav","zenodo"
"323130.wav","/m/07pp_mv","[""/m/0gy1t2s"", ""/m/07pp_mv"", ""/m/0199g"", ""/m/07yv9"", ""/m/0395lw""]","alarm","[""Bicycle_bell"", ""Vehicle"", ""Bell"", ""alarm"", ""Bicycle""]","zenodo/323130.wav","zenodo"
"323131.wav","/m/07pp_mv","[""/m/0gy1t2s"", ""/m/07pp_mv"", ""/m/0199g"", ""/m/07yv9"", ""/m/0395lw""]","alarm","[""Bicycle_bell"", ""Vehicle"", ""Bell"", ""alarm"", ""Bicycle""]","zenodo/323131.wav","zenodo"
"323132.wav","/m/07pp_mv","[""/m/0gy1t2s"", ""/m/07pp_mv"", ""/m/0199g"", ""/m/07yv9"", ""/m/0395lw""]","alarm","[""Bicycle_bell"", ""Vehicle"", ""Bell"", ""alarm"", ""Bicycle""]","zenodo/323132.wav","zenodo"
"158517.wav","/m/07pp_mv","[""/m/0gy1t2s"", ""/m/07pp_mv"", ""/m/0199g"", ""/m/07yv9"", ""/m/0395lw""]","alarm","[""Bicycle_bell"", ""Vehicle"", ""Bell"", ""alarm"", ""Bicycle""]","zenodo/158517.wav","zenodo"
"158519.wav","/m/07pp_mv","[""/m/0gy1t2s"", ""/m/07pp_mv"", ""/m/0199g"", ""/m/07yv9"", ""/m/0395lw""]","alarm","[""Bicycle_bell"", ""Vehicle"", ""Bell"", ""alarm"", ""Bicycle""]","zenodo/158519.wav","zenodo"
"383593.wav","/m/07pp_mv","[""/m/0gy1t2s"", ""/m/07pp_mv"", ""/m/0199g"", ""/m/07yv9"", ""/m/0395lw""]","alarm","[""Bicycle_bell"", ""Vehicle"", ""Bell"", ""alarm"", ""Bicycle""]","zenodo/383593.wav","zenodo"
"383594.wav","/m/07pp_mv","[""/m/0gy1t2s"", ""/m/07pp_mv"", ""/m/0199g"", ""/m/07yv9"", ""/m/0395lw""]","alarm","[""Bicycle_bell"", ""Vehicle"", ""Bell"", ""alarm"", ""Bicycle""]","zenodo/383594.wav","zenodo"
"383596.wav","/m/07pp_mv","[""/m/0gy1t2s"", ""/m/0199g"", ""/m/07yv9"", ""/m/07pp_mv"", ""/m/0395lw""]","alarm","[""Bicycle_bell"", ""Vehicle"", ""Bell"", ""alarm"", ""Bicycle""]","zenodo/383596.wav","zenodo"
"383597.wav","/m/07pp_mv","[""/m/0gy1t2s"", ""/m/07pp_mv"", ""/m/0199g"", ""/m/07yv9"", ""/m/0395lw""]","alarm","[""Bicycle_bell"", ""Vehicle"", ""Bell"", ""alarm"", ""Bicycle""]","zenodo/383597.wav","zenodo"
"383598.wav","/m/07pp_mv","[""/m/0gy1t2s"", ""/m/07pp_mv"", ""/m/0199g"", ""/m/07yv9"", ""/m/0395lw""]","alarm","[""Bicycle_bell"", ""Vehicle"", ""Bell"", ""alarm"", ""Bicycle""]","zenodo/383598.wav","zenodo"
"383599.wav","/m/07pp_mv","[""/m/0gy1t2s"", ""/m/07pp_mv"", ""/m/0199g"", ""/m/07yv9"", ""/m/0395lw""]","alarm","[""Bicycle_bell"", ""Vehicle"", ""Bell"", ""alarm"", ""Bicycle""]","zenodo/383599.wav","zenodo"
"383600.wav","/m/07pp_mv","[""/m/0gy1t2s"", ""/m/07pp_mv"", ""/m/0199g"", ""/m/07yv9"", ""/m/0395lw""]","alarm","[""Bicycle_bell"", ""Vehicle"", ""Bell"", ""alarm"", ""Bicycle""]","zenodo/383600.wav","zenodo"
"383601.wav","/m/07pp_mv","[""/m/0gy1t2s"", ""/m/07pp_mv"", ""/m/0199g"", ""/m/07yv9"", ""/m/0395lw""]","alarm","[""Bicycle_bell"", ""Vehicle"", ""Bell"", ""alarm"", ""Bicycle""]","zenodo/383601.wav","zenodo"
"383602.wav","/m/07pp_mv","[""/m/0gy1t2s"", ""/m/0199g"", ""/m/07yv9"", ""/m/07pp_mv"", ""/m/0395lw""]","alarm","[""Bicycle_bell"", ""Vehicle"", ""Bell"", ""alarm"", ""Bicycle""]","zenodo/383602.wav","zenodo"
"193395.wav","/m/07pp_mv","[""/m/0gy1t2s"", ""/m/0199g"", ""/m/07yv9"", ""/m/07pp_mv"", ""/m/0395lw""]","alarm","[""Bicycle_bell"", ""Vehicle"", ""Bell"", ""alarm"", ""Bicycle""]","zenodo/193395.wav","zenodo"
"328823.wav","/m/07pp_mv","[""/m/0gy1t2s"", ""/m/07pp_mv"", ""/m/0199g"", ""/m/07yv9"", ""/m/0395lw""]","alarm","[""Bicycle_bell"", ""Vehicle"", ""Bell"", ""alarm"", ""Bicycle""]","zenodo/328823.wav","zenodo"
"78968.wav","/m/07pp_mv","[""/m/0gy1t2s"", ""/m/07pp_mv"", ""/m/0199g"", ""/m/07yv9"", ""/m/0395lw""]","alarm","[""Bicycle_bell"", ""Vehicle"", ""Bell"", ""alarm"", ""Bicycle""]","zenodo/78968.wav","zenodo"
"328825.wav","/m/07pp_mv","[""/m/0gy1t2s"", ""/m/0199g"", ""/m/07yv9"", ""/m/07pp_mv"", ""/m/0395lw""]","alarm","[""Bicycle_bell"", ""Vehicle"", ""Bell"", ""alarm"", ""Bicycle""]","zenodo/328825.wav","zenodo"
"328826.wav","/m/07pp_mv","[""/m/0gy1t2s"", ""/m/07pp_mv"", ""/m/0199g"", ""/m/07yv9"", ""/m/0395lw""]","alarm","[""Bicycle_bell"", ""Vehicle"", ""Bell"", ""alarm"", ""Bicycle""]","zenodo/328826.wav","zenodo"
"328824.wav","/m/07pp_mv","[""/m/0gy1t2s"", ""/m/07pp_mv"", ""/m/0199g"", ""/m/07yv9"", ""/m/0395lw""]","alarm","[""Bicycle_bell"", ""Vehicle"", ""Bell"", ""alarm"", ""Bicycle""]","zenodo/328824.wav","zenodo"
"78969.wav","/m/07pp_mv","[""/m/0gy1t2s"", ""/m/07pp_mv"", ""/m/0199g"", ""/m/07yv9"", ""/m/0395lw""]","alarm","[""Bicycle_bell"", ""Vehicle"", ""Bell"", ""alarm"", ""Bicycle""]","zenodo/78969.wav","zenodo"
"328827.wav","/m/07pp_mv","[""/m/0gy1t2s"", ""/m/07pp_mv"", ""/m/0199g"", ""/m/07yv9"", ""/m/0395lw""]","alarm","[""Bicycle_bell"", ""Vehicle"", ""Bell"", ""alarm"", ""Bicycle""]","zenodo/328827.wav","zenodo"
"267900.wav","/m/07pp_mv","[""/m/0gy1t2s"", ""/m/0199g"", ""/m/07yv9"", ""/m/07pp_mv"", ""/m/0395lw""]","alarm","[""Bicycle_bell"", ""Vehicle"", ""Bell"", ""alarm"", ""Bicycle""]","zenodo/267900.wav","zenodo"
"267901.wav","/m/07pp_mv","[""/m/0gy1t2s"", ""/m/07pp_mv"", ""/m/0199g"", ""/m/07yv9"", ""/m/0395lw""]","alarm","[""Bicycle_bell"", ""Vehicle"", ""Bell"", ""alarm"", ""Bicycle""]","zenodo/267901.wav","zenodo"
"383623.wav","/m/07pp_mv","[""/m/0gy1t2s"", ""/m/0199g"", ""/m/07yv9"", ""/m/07pp_mv"", ""/m/0395lw""]","alarm","[""Bicycle_bell"", ""Vehicle"", ""Bell"", ""alarm"", ""Bicycle""]","zenodo/383623.wav","zenodo"
"383624.wav","/m/07pp_mv","[""/m/0gy1t2s"", ""/m/07pp_mv"", ""/m/0199g"", ""/m/07yv9"", ""/m/0395lw""]","alarm","[""Bicycle_bell"", ""Vehicle"", ""Bell"", ""alarm"", ""Bicycle""]","zenodo/383624.wav","zenodo"
"78985.wav","/m/07pp_mv","[""/m/0gy1t2s"", ""/m/07pp_mv"", ""/m/0199g"", ""/m/07yv9"", ""/m/0395lw""]","alarm","[""Bicycle_bell"", ""Vehicle"", ""Bell"", ""alarm"", ""Bicycle""]","zenodo/78985.wav","zenodo"
"383626.wav","/m/07pp_mv","[""/m/0gy1t2s"", ""/m/07pp_mv"", ""/m/0199g"", ""/m/07yv9"", ""/m/0395lw""]","alarm","[""Bicycle_bell"", ""Vehicle"", ""Bell"", ""alarm"", ""Bicycle""]","zenodo/383626.wav","zenodo"
"383627.wav","/m/07pp_mv","[""/m/0gy1t2s"", ""/m/07pp_mv"", ""/m/0199g"", ""/m/07yv9"", ""/m/0395lw""]","alarm","[""Bicycle_bell"", ""Vehicle"", ""Bell"", ""alarm"", ""Bicycle""]","zenodo/383627.wav","zenodo"
"383628.wav","/m/07pp_mv","[""/m/0gy1t2s"", ""/m/0199g"", ""/m/07yv9"", ""/m/07pp_mv"", ""/m/0395lw""]","alarm","[""Bicycle_bell"", ""Vehicle"", ""Bell"", ""alarm"", ""Bicycle""]","zenodo/383628.wav","zenodo"
"383630.wav","/m/07pp_mv","[""/m/0gy1t2s"", ""/m/07pp_mv"", ""/m/0199g"", ""/m/07yv9"", ""/m/0395lw""]","alarm","[""Bicycle_bell"", ""Vehicle"", ""Bell"", ""alarm"", ""Bicycle""]","zenodo/383630.wav","zenodo"
"383631.wav","/m/07pp_mv","[""/m/0gy1t2s"", ""/m/07pp_mv"", ""/m/0199g"", ""/m/07yv9"", ""/m/0395lw""]","alarm","[""Bicycle_bell"", ""Vehicle"", ""Bell"", ""alarm"", ""Bicycle""]","zenodo/383631.wav","zenodo"
"383625.wav","/m/07pp_mv","[""/m/0gy1t2s"", ""/m/07pp_mv"", ""/m/0199g"", ""/m/07yv9"", ""/m/0395lw""]","alarm","[""Bicycle_bell"", ""Vehicle"", ""Bell"", ""alarm"", ""Bicycle""]","zenodo/383625.wav","zenodo"
"265644.wav","/m/07pp_mv","[""/m/0gy1t2s"", ""/m/07pp_mv"", ""/m/0199g"", ""/m/07yv9"", ""/m/0395lw""]","alarm","[""Bicycle_bell"", ""Vehicle"", ""Bell"", ""alarm"", ""Bicycle""]","zenodo/265644.wav","zenodo"
"326353.wav","/m/07pp_mv","[""/m/0gy1t2s"", ""/m/07pp_mv"", ""/m/0199g"", ""/m/07yv9"", ""/m/0395lw""]","alarm","[""Bicycle_bell"", ""Vehicle"", ""Bell"", ""alarm"", ""Bicycle""]","zenodo/326353.wav","zenodo"
"156121.wav","/m/07pp_mv","[""/m/0gy1t2s"", ""/m/07pp_mv"", ""/m/0199g"", ""/m/07yv9"", ""/m/0395lw""]","alarm","[""Bicycle_bell"", ""Vehicle"", ""Bell"", ""alarm"", ""Bicycle""]","zenodo/156121.wav","zenodo"
"156122.wav","/m/07pp_mv","[""/m/0gy1t2s"", ""/m/07pp_mv"", ""/m/0199g"", ""/m/07yv9"", ""/m/0395lw""]","alarm","[""Bicycle_bell"", ""Vehicle"", ""Bell"", ""alarm"", ""Bicycle""]","zenodo/156122.wav","zenodo"
"156123.wav","/m/07pp_mv","[""/m/0gy1t2s"", ""/m/07pp_mv"", ""/m/0199g"", ""/m/07yv9"", ""/m/0395lw""]","alarm","[""Bicycle_bell"", ""Vehicle"", ""Bell"", ""alarm"", ""Bicycle""]","zenodo/156123.wav","zenodo"
"156124.wav","/m/07pp_mv","[""/m/0gy1t2s"", ""/m/07pp_mv"", ""/m/0199g"", ""/m/07yv9"", ""/m/0395lw""]","alarm","[""Bicycle_bell"", ""Vehicle"", ""Bell"", ""alarm"", ""Bicycle""]","zenodo/156124.wav","zenodo"
"156125.wav","/m/07pp_mv","[""/m/0gy1t2s"", ""/m/07pp_mv"", ""/m/0199g"", ""/m/07yv9"", ""/m/0395lw""]","alarm","[""Bicycle_bell"", ""Vehicle"", ""Bell"", ""alarm"", ""Bicycle""]","zenodo/156125.wav","zenodo"
"156126.wav","/m/07pp_mv","[""/m/0gy1t2s"", ""/m/07pp_mv"", ""/m/0199g"", ""/m/07yv9"", ""/m/0395lw""]","alarm","[""Bicycle_bell"", ""Vehicle"", ""Bell"", ""alarm"", ""Bicycle""]","zenodo/156126.wav","zenodo"
"318193.wav","/m/07pp_mv","[""/m/0gy1t2s"", ""/m/07pp_mv"", ""/m/0199g"", ""/m/07yv9"", ""/m/0395lw""]","alarm","[""Bicycle_bell"", ""Vehicle"", ""Bell"", ""alarm"", ""Bicycle""]","zenodo/318193.wav","zenodo"
"262648.wav","/m/07pp_mv","[""/m/0gy1t2s"", ""/m/07pp_mv"", ""/m/0199g"", ""/m/07yv9"", ""/m/0395lw""]","alarm","[""Bicycle_bell"", ""Vehicle"", ""Bell"", ""alarm"", ""Bicycle""]","zenodo/262648.wav","zenodo"
"404098.wav","/m/07pp_mv","[""/m/0gy1t2s"", ""/m/07pp_mv"", ""/m/0199g"", ""/m/07yv9"", ""/m/0395lw""]","alarm","[""Bicycle_bell"", ""Vehicle"", ""Bell"", ""alarm"", ""Bicycle""]","zenodo/404098.wav","zenodo"
"404099.wav","/m/07pp_mv","[""/m/0gy1t2s"", ""/m/07pp_mv"", ""/m/0199g"", ""/m/07yv9"", ""/m/0395lw""]","alarm","[""Bicycle_bell"", ""Vehicle"", ""Bell"", ""alarm"", ""Bicycle""]","zenodo/404099.wav","zenodo"
"404100.wav","/m/07pp_mv","[""/m/0gy1t2s"", ""/m/07pp_mv"", ""/m/0199g"", ""/m/07yv9"", ""/m/0395lw""]","alarm","[""Bicycle_bell"", ""Vehicle"", ""Bell"", ""alarm"", ""Bicycle""]","zenodo/404100.wav","zenodo"
"173000.wav","/m/07pp_mv","[""/m/0gy1t2s"", ""/m/07pp_mv"", ""/m/0199g"", ""/m/07yv9"", ""/m/0395lw""]","alarm","[""Bicycle_bell"", ""Vehicle"", ""Bell"", ""alarm"", ""Bicycle""]","zenodo/173000.wav","zenodo"
"173001.wav","/m/07pp_mv","[""/m/0gy1t2s"", ""/m/07pp_mv"", ""/m/0199g"", ""/m/07yv9"", ""/m/0395lw""]","alarm","[""Bicycle_bell"", ""Vehicle"", ""Bell"", ""alarm"", ""Bicycle""]","zenodo/173001.wav","zenodo"
"360842.wav","/m/07pp_mv","[""/m/0gy1t2s"", ""/m/07pp_mv"", ""/m/0199g"", ""/m/07yv9"", ""/m/0395lw""]","alarm","[""Bicycle_bell"", ""Vehicle"", ""Bell"", ""alarm"", ""Bicycle""]","zenodo/360842.wav","zenodo"
"393655.wav","/m/0btp2","[""/m/07pggtn"", ""/m/0btp2"", ""/m/020bb7"", ""/m/015p6"", ""/m/01280g"", ""/m/0jbk"", ""/m/012f08"", ""/m/07yv9""]","traffic_noise","[""Motor_vehicle_(road)"", ""Animal"", ""Wild_animals"", ""Bird_vocalization_and_bird_call_and_bird_song"", ""Chirp_and_tweet"", ""Vehicle"", ""traffic_noise"", ""Bird""]","zenodo/393655.wav","zenodo"
"408890.wav","/m/0btp2","[""/m/07pggtn"", ""/m/0btp2"", ""/m/020bb7"", ""/m/015p6"", ""/m/01280g"", ""/m/0jbk"", ""/m/012f08"", ""/m/07yv9""]","traffic_noise","[""Motor_vehicle_(road)"", ""Animal"", ""Wild_animals"", ""Bird_vocalization_and_bird_call_and_bird_song"", ""Chirp_and_tweet"", ""Vehicle"", ""traffic_noise"", ""Bird""]","zenodo/408890.wav","zenodo"
"377005.wav","/m/0btp2","[""/m/07pggtn"", ""/m/0btp2"", ""/m/020bb7"", ""/m/015p6"", ""/m/01280g"", ""/m/0jbk"", ""/m/012f08"", ""/m/07yv9""]","traffic_noise","[""Motor_vehicle_(road)"", ""Animal"", ""Wild_animals"", ""Bird_vocalization_and_bird_call_and_bird_song"", ""Chirp_and_tweet"", ""Vehicle"", ""traffic_noise"", ""Bird""]","zenodo/377005.wav","zenodo"
"271184.wav","/m/0btp2","[""/m/07pggtn"", ""/m/0btp2"", ""/m/020bb7"", ""/m/015p6"", ""/m/01280g"", ""/m/0jbk"", ""/m/012f08"", ""/m/07yv9""]","traffic_noise","[""Motor_vehicle_(road)"", ""Animal"", ""Wild_animals"", ""Bird_vocalization_and_bird_call_and_bird_song"", ""Chirp_and_tweet"", ""Vehicle"", ""traffic_noise"", ""Bird""]","zenodo/271184.wav","zenodo"
"253982.wav","/m/07pp_mv","[""/m/02y_763"", ""/m/03wwcy"", ""/m/02dgv"", ""/t/dd00071"", ""/m/07pp_mv""]","alarm","[""Domestic_sounds_and_home_sounds"", ""Door"", ""Sliding_door"", ""alarm"", ""doorbell""]","zenodo/253982.wav","zenodo"
"3180.wav","/m/0btp2","[""/t/dd00134"", ""/m/0btp2"", ""/m/0k4j"", ""/m/012f08"", ""/m/07yv9""]","traffic_noise","[""Motor_vehicle_(road)"", ""Car"", ""Vehicle"", ""traffic_noise"", ""Car_passing_by""]","zenodo/3180.wav","zenodo"
"3181.wav","/m/0btp2","[""/t/dd00134"", ""/m/0btp2"", ""/m/0k4j"", ""/m/012f08"", ""/m/07yv9""]","traffic_noise","[""Motor_vehicle_(road)"", ""Car"", ""Vehicle"", ""traffic_noise"", ""Car_passing_by""]","zenodo/3181.wav","zenodo"
"3182.wav","/m/0btp2","[""/t/dd00134"", ""/m/0btp2"", ""/m/0k4j"", ""/m/012f08"", ""/m/07yv9""]","traffic_noise","[""Motor_vehicle_(road)"", ""Car"", ""Vehicle"", ""traffic_noise"", ""Car_passing_by""]","zenodo/3182.wav","zenodo"
"3183.wav","/m/0btp2","[""/t/dd00134"", ""/m/0btp2"", ""/m/0k4j"", ""/m/012f08"", ""/m/07yv9""]","traffic_noise","[""Motor_vehicle_(road)"", ""Car"", ""Vehicle"", ""traffic_noise"", ""Car_passing_by""]","zenodo/3183.wav","zenodo"
"425860.wav","/m/07pb8fc","[""/t/dd00134"", ""/m/07pb8fc"", ""/m/0k4j"", ""/m/012f08"", ""/m/07yv9"", ""/m/02mk9""]","engine","[""Motor_vehicle_(road)"", ""Car"", ""Vehicle"", ""Car_passing_by"", ""engine""]","zenodo/425860.wav","zenodo"
"425383.wav","/m/02mk9","[""/t/dd00134"", ""/m/07q2z82"", ""/m/0k4j"", ""/m/012f08"", ""/m/07yv9"", ""/m/02mk9""]","engine","[""Motor_vehicle_(road)"", ""Car"", ""Vehicle"", ""Accelerating_and_revving_and_vroom"", ""Car_passing_by"", ""engine""]","zenodo/425383.wav","zenodo"
"50869.wav","/m/0btp2","[""/t/dd00134"", ""/m/0btp2"", ""/m/0k4j"", ""/m/012f08"", ""/m/07yv9""]","traffic_noise","[""Motor_vehicle_(road)"", ""Car"", ""Vehicle"", ""traffic_noise"", ""Car_passing_by""]","zenodo/50869.wav","zenodo"
"413908.wav","/m/02mk9","[""/t/dd00134"", ""/m/07q2z82"", ""/m/0k4j"", ""/m/012f08"", ""/m/07yv9"", ""/m/02mk9""]","engine","[""Motor_vehicle_(road)"", ""Car"", ""Vehicle"", ""Accelerating_and_revving_and_vroom"", ""Car_passing_by"", ""engine""]","zenodo/413908.wav","zenodo"
"429405.wav","/m/07pb8fc","[""/t/dd00134"", ""/m/07pb8fc"", ""/m/07q2z82"", ""/m/0k4j"", ""/m/012f08"", ""/m/07yv9"", ""/m/02mk9""]","engine","[""Motor_vehicle_(road)"", ""Car"", ""Vehicle"", ""Accelerating_and_revving_and_vroom"", ""Car_passing_by"", ""engine""]","zenodo/429405.wav","zenodo"
"400130.wav","/m/02mk9","[""/t/dd00134"", ""/m/0ltv"", ""/m/07q2z82"", ""/m/0k4j"", ""/m/012f08"", ""/m/07yv9"", ""/m/02mk9""]","engine","[""Motor_vehicle_(road)"", ""Race_car_and_auto_racing"", ""Car"", ""Vehicle"", ""Accelerating_and_revving_and_vroom"", ""Car_passing_by"", ""engine""]","zenodo/400130.wav","zenodo"
"263527.wav","/m/0btp2","[""/m/03w41f"", ""/m/0btp2"", ""/m/0395lw"", ""/m/012f08"", ""/m/07yv9""]","traffic_noise","[""Motor_vehicle_(road)"", ""Bell"", ""Church_bell"", ""Vehicle"", ""traffic_noise""]","zenodo/263527.wav","zenodo"
"172143.wav","/m/0btp2","[""/m/09xqv"", ""/m/0btp2"", ""/m/03vt0"", ""/m/01280g"", ""/m/0jbk"", ""/m/012f08"", ""/m/07yv9""]","traffic_noise","[""Cricket"", ""Motor_vehicle_(road)"", ""Insect"", ""Animal"", ""Wild_animals"", ""Vehicle"", ""traffic_noise""]","zenodo/172143.wav","zenodo"
"130971.wav","/m/0btp2","[""/m/09xqv"", ""/m/0btp2"", ""/m/03vt0"", ""/m/01280g"", ""/m/0jbk"", ""/m/012f08"", ""/m/07yv9""]","traffic_noise","[""Cricket"", ""Motor_vehicle_(road)"", ""Insect"", ""Animal"", ""Wild_animals"", ""Vehicle"", ""traffic_noise""]","zenodo/130971.wav","zenodo"
"125967.wav","/m/07pp_mv","[""/m/03wwcy"", ""/m/02dgv"", ""/t/dd00071"", ""/m/07pp_mv""]","alarm","[""Door"", ""alarm"", ""Domestic_sounds_and_home_sounds"", ""doorbell""]","zenodo/125967.wav","zenodo"
"347677.wav","/m/07pp_mv","[""/m/03wwcy"", ""/m/02dgv"", ""/t/dd00071"", ""/m/07pp_mv""]","alarm","[""Door"", ""alarm"", ""Domestic_sounds_and_home_sounds"", ""doorbell""]","zenodo/347677.wav","zenodo"
"29726.wav","/m/07pp_mv","[""/m/03wwcy"", ""/m/02dgv"", ""/t/dd00071"", ""/m/07pp_mv""]","alarm","[""Door"", ""alarm"", ""Domestic_sounds_and_home_sounds"", ""doorbell""]","zenodo/29726.wav","zenodo"
"426019.wav","/m/07pp_mv","[""/m/03wwcy"", ""/m/02dgv"", ""/t/dd00071"", ""/m/07pp_mv""]","alarm","[""Door"", ""alarm"", ""Domestic_sounds_and_home_sounds"", ""doorbell""]","zenodo/426019.wav","zenodo"
"418867.wav","/m/07pp_mv","[""/m/03wwcy"", ""/m/02dgv"", ""/t/dd00071"", ""/m/07pp_mv""]","alarm","[""Door"", ""alarm"", ""Domestic_sounds_and_home_sounds"", ""doorbell""]","zenodo/418867.wav","zenodo"
"332858.wav","/m/07pp_mv","[""/m/03wwcy"", ""/m/02dgv"", ""/t/dd00071"", ""/m/07pp_mv""]","alarm","[""Door"", ""alarm"", ""Domestic_sounds_and_home_sounds"", ""doorbell""]","zenodo/332858.wav","zenodo"
"69182.wav","/m/07pp_mv","[""/m/03wwcy"", ""/m/02dgv"", ""/t/dd00071"", ""/m/07pp_mv""]","alarm","[""Door"", ""alarm"", ""Domestic_sounds_and_home_sounds"", ""doorbell""]","zenodo/69182.wav","zenodo"
"69185.wav","/m/07pp_mv","[""/m/03wwcy"", ""/m/02dgv"", ""/t/dd00071"", ""/m/07pp_mv""]","alarm","[""Door"", ""alarm"", ""Domestic_sounds_and_home_sounds"", ""doorbell""]","zenodo/69185.wav","zenodo"
"417858.wav","/m/07pp_mv","[""/m/03wwcy"", ""/m/02dgv"", ""/t/dd00071"", ""/m/07pp_mv""]","alarm","[""Door"", ""alarm"", ""Domestic_sounds_and_home_sounds"", ""doorbell""]","zenodo/417858.wav","zenodo"
"319041.wav","/m/07pp_mv","[""/m/03wwcy"", ""/m/02dgv"", ""/t/dd00071"", ""/m/07pp_mv""]","alarm","[""Door"", ""alarm"", ""Domestic_sounds_and_home_sounds"", ""doorbell""]","zenodo/319041.wav","zenodo"
"77892.wav","/m/07pp_mv","[""/m/03wwcy"", ""/m/02dgv"", ""/t/dd00071"", ""/m/07pp_mv""]","alarm","[""Door"", ""alarm"", ""Domestic_sounds_and_home_sounds"", ""doorbell""]","zenodo/77892.wav","zenodo"
"371782.wav","/m/07pp_mv","[""/m/03wwcy"", ""/m/02dgv"", ""/t/dd00071"", ""/m/07pp_mv""]","alarm","[""Door"", ""alarm"", ""Domestic_sounds_and_home_sounds"", ""doorbell""]","zenodo/371782.wav","zenodo"
"347216.wav","/m/07pp_mv","[""/m/03wwcy"", ""/m/02dgv"", ""/t/dd00071"", ""/m/07pp_mv""]","alarm","[""Door"", ""alarm"", ""Domestic_sounds_and_home_sounds"", ""doorbell""]","zenodo/347216.wav","zenodo"
"347217.wav","/m/07pp_mv","[""/m/03wwcy"", ""/m/02dgv"", ""/t/dd00071"", ""/m/07pp_mv""]","alarm","[""Door"", ""alarm"", ""Domestic_sounds_and_home_sounds"", ""doorbell""]","zenodo/347217.wav","zenodo"
"110165.wav","/m/07pp_mv","[""/m/03wwcy"", ""/m/02dgv"", ""/t/dd00071"", ""/m/07pp_mv""]","alarm","[""Door"", ""alarm"", ""Domestic_sounds_and_home_sounds"", ""doorbell""]","zenodo/110165.wav","zenodo"
"407637.wav","/m/07pp_mv","[""/m/03wwcy"", ""/m/02dgv"", ""/t/dd00071"", ""/m/07pp_mv""]","alarm","[""Door"", ""alarm"", ""Domestic_sounds_and_home_sounds"", ""doorbell""]","zenodo/407637.wav","zenodo"
"275564.wav","/m/07pp_mv","[""/m/03wwcy"", ""/m/02dgv"", ""/t/dd00071"", ""/m/07pp_mv""]","alarm","[""Door"", ""alarm"", ""Domestic_sounds_and_home_sounds"", ""doorbell""]","zenodo/275564.wav","zenodo"
"275565.wav","/m/07pp_mv","[""/m/03wwcy"", ""/m/02dgv"", ""/t/dd00071"", ""/m/07pp_mv""]","alarm","[""Door"", ""alarm"", ""Domestic_sounds_and_home_sounds"", ""doorbell""]","zenodo/275565.wav","zenodo"
"275566.wav","/m/07pp_mv","[""/m/03wwcy"", ""/m/02dgv"", ""/t/dd00071"", ""/m/07pp_mv""]","alarm","[""Door"", ""alarm"", ""Domestic_sounds_and_home_sounds"", ""doorbell""]","zenodo/275566.wav","zenodo"
"87151.wav","/m/07pp_mv","[""/m/03wwcy"", ""/m/02dgv"", ""/t/dd00071"", ""/m/07pp_mv""]","alarm","[""Door"", ""alarm"", ""Domestic_sounds_and_home_sounds"", ""doorbell""]","zenodo/87151.wav","zenodo"
"275567.wav","/m/07pp_mv","[""/m/03wwcy"", ""/m/02dgv"", ""/t/dd00071"", ""/m/07pp_mv""]","alarm","[""Door"", ""alarm"", ""Domestic_sounds_and_home_sounds"", ""doorbell""]","zenodo/275567.wav","zenodo"
"275569.wav","/m/07pp_mv","[""/m/03wwcy"", ""/m/02dgv"", ""/t/dd00071"", ""/m/07pp_mv""]","alarm","[""Door"", ""alarm"", ""Domestic_sounds_and_home_sounds"", ""doorbell""]","zenodo/275569.wav","zenodo"
"275568.wav","/m/07pp_mv","[""/m/03wwcy"", ""/m/02dgv"", ""/t/dd00071"", ""/m/07pp_mv""]","alarm","[""Door"", ""alarm"", ""Domestic_sounds_and_home_sounds"", ""doorbell""]","zenodo/275568.wav","zenodo"
"275570.wav","/m/07pp_mv","[""/m/03wwcy"", ""/m/02dgv"", ""/t/dd00071"", ""/m/07pp_mv""]","alarm","[""Door"", ""alarm"", ""Domestic_sounds_and_home_sounds"", ""doorbell""]","zenodo/275570.wav","zenodo"
"275571.wav","/m/07pp_mv","[""/m/03wwcy"", ""/m/02dgv"", ""/t/dd00071"", ""/m/07pp_mv""]","alarm","[""Door"", ""alarm"", ""Domestic_sounds_and_home_sounds"", ""doorbell""]","zenodo/275571.wav","zenodo"
"275068.wav","/m/07pp_mv","[""/m/03wwcy"", ""/m/02dgv"", ""/t/dd00071"", ""/m/07pp_mv""]","alarm","[""Door"", ""alarm"", ""Domestic_sounds_and_home_sounds"", ""doorbell""]","zenodo/275068.wav","zenodo"
"275069.wav","/m/07pp_mv","[""/m/03wwcy"", ""/m/02dgv"", ""/t/dd00071"", ""/m/07pp_mv""]","alarm","[""Door"", ""alarm"", ""Domestic_sounds_and_home_sounds"", ""doorbell""]","zenodo/275069.wav","zenodo"
"76925.wav","/m/07pp_mv","[""/m/03wwcy"", ""/m/02dgv"", ""/t/dd00071"", ""/m/07pp_mv""]","alarm","[""Door"", ""alarm"", ""Domestic_sounds_and_home_sounds"", ""doorbell""]","zenodo/76925.wav","zenodo"
"205949.wav","/m/07pp_mv","[""/m/03wwcy"", ""/m/02dgv"", ""/t/dd00071"", ""/m/07pp_mv""]","alarm","[""Door"", ""alarm"", ""Domestic_sounds_and_home_sounds"", ""doorbell""]","zenodo/205949.wav","zenodo"
"275072.wav","/m/07pp_mv","[""/m/03wwcy"", ""/m/02dgv"", ""/t/dd00071"", ""/m/07pp_mv""]","alarm","[""Door"", ""alarm"", ""Domestic_sounds_and_home_sounds"", ""doorbell""]","zenodo/275072.wav","zenodo"
"275070.wav","/m/07pp_mv","[""/m/03wwcy"", ""/m/02dgv"", ""/t/dd00071"", ""/m/07pp_mv""]","alarm","[""Door"", ""alarm"", ""Domestic_sounds_and_home_sounds"", ""doorbell""]","zenodo/275070.wav","zenodo"
"275071.wav","/m/07pp_mv","[""/m/03wwcy"", ""/m/02dgv"", ""/t/dd00071"", ""/m/07pp_mv""]","alarm","[""Door"", ""alarm"", ""Domestic_sounds_and_home_sounds"", ""doorbell""]","zenodo/275071.wav","zenodo"
"41629.wav","/m/07pp_mv","[""/m/03wwcy"", ""/m/02dgv"", ""/t/dd00071"", ""/m/07pp_mv""]","alarm","[""Door"", ""alarm"", ""Domestic_sounds_and_home_sounds"", ""doorbell""]","zenodo/41629.wav","zenodo"
"212127.wav","/m/07pp_mv","[""/m/03wwcy"", ""/m/02dgv"", ""/t/dd00071"", ""/m/07pp_mv""]","alarm","[""Door"", ""alarm"", ""Domestic_sounds_and_home_sounds"", ""doorbell""]","zenodo/212127.wav","zenodo"
"212128.wav","/m/07pp_mv","[""/m/03wwcy"", ""/m/02dgv"", ""/t/dd00071"", ""/m/07pp_mv""]","alarm","[""Door"", ""alarm"", ""Domestic_sounds_and_home_sounds"", ""doorbell""]","zenodo/212128.wav","zenodo"
"212129.wav","/m/07pp_mv","[""/m/03wwcy"", ""/m/02dgv"", ""/t/dd00071"", ""/m/07pp_mv""]","alarm","[""Door"", ""alarm"", ""Domestic_sounds_and_home_sounds"", ""doorbell""]","zenodo/212129.wav","zenodo"
"203943.wav","/m/07pp_mv","[""/m/03wwcy"", ""/m/02dgv"", ""/t/dd00071"", ""/m/07pp_mv""]","alarm","[""Door"", ""alarm"", ""Domestic_sounds_and_home_sounds"", ""doorbell""]","zenodo/203943.wav","zenodo"
"203944.wav","/m/07pp_mv","[""/m/03wwcy"", ""/m/02dgv"", ""/t/dd00071"", ""/m/07pp_mv""]","alarm","[""Door"", ""alarm"", ""Domestic_sounds_and_home_sounds"", ""doorbell""]","zenodo/203944.wav","zenodo"
"203946.wav","/m/07pp_mv","[""/m/03wwcy"", ""/m/02dgv"", ""/t/dd00071"", ""/m/07pp_mv""]","alarm","[""Door"", ""alarm"", ""Domestic_sounds_and_home_sounds"", ""doorbell""]","zenodo/203946.wav","zenodo"
"203948.wav","/m/07pp_mv","[""/m/03wwcy"", ""/m/02dgv"", ""/t/dd00071"", ""/m/07pp_mv""]","alarm","[""Door"", ""alarm"", ""Domestic_sounds_and_home_sounds"", ""doorbell""]","zenodo/203948.wav","zenodo"
"81072.wav","/m/07pp_mv","[""/m/03wwcy"", ""/m/02dgv"", ""/t/dd00071"", ""/m/07pp_mv""]","alarm","[""Door"", ""alarm"", ""Domestic_sounds_and_home_sounds"", ""doorbell""]","zenodo/81072.wav","zenodo"
"88243.wav","/m/07pp_mv","[""/m/03wwcy"", ""/m/02dgv"", ""/t/dd00071"", ""/m/07pp_mv""]","alarm","[""Door"", ""alarm"", ""Domestic_sounds_and_home_sounds"", ""doorbell""]","zenodo/88243.wav","zenodo"
"218317.wav","/m/07pp_mv","[""/m/03wwcy"", ""/m/02dgv"", ""/t/dd00071"", ""/m/07pp_mv""]","alarm","[""Door"", ""alarm"", ""Domestic_sounds_and_home_sounds"", ""doorbell""]","zenodo/218317.wav","zenodo"
"177875.wav","/m/07pp_mv","[""/m/03wwcy"", ""/m/02dgv"", ""/t/dd00071"", ""/m/07pp_mv""]","alarm","[""Door"", ""alarm"", ""Domestic_sounds_and_home_sounds"", ""doorbell""]","zenodo/177875.wav","zenodo"
"370919.wav","/m/07pp_mv","[""/m/03wwcy"", ""/m/02dgv"", ""/t/dd00071"", ""/m/07pp_mv""]","alarm","[""Door"", ""alarm"", ""Domestic_sounds_and_home_sounds"", ""doorbell""]","zenodo/370919.wav","zenodo"
"171755.wav","/m/07pp_mv","[""/m/03wwcy"", ""/m/02dgv"", ""/t/dd00071"", ""/m/07pp_mv""]","alarm","[""Door"", ""alarm"", ""Domestic_sounds_and_home_sounds"", ""doorbell""]","zenodo/171755.wav","zenodo"
"422668.wav","/m/07pp_mv","[""/m/03wwcy"", ""/m/02dgv"", ""/t/dd00071"", ""/m/07pp_mv""]","alarm","[""Door"", ""alarm"", ""Domestic_sounds_and_home_sounds"", ""doorbell""]","zenodo/422668.wav","zenodo"
"196368.wav","/m/07pp_mv","[""/m/03wwcy"", ""/m/02dgv"", ""/t/dd00071"", ""/m/07pp_mv""]","alarm","[""Door"", ""alarm"", ""Domestic_sounds_and_home_sounds"", ""doorbell""]","zenodo/196368.wav","zenodo"
"196370.wav","/m/07pp_mv","[""/m/03wwcy"", ""/m/02dgv"", ""/t/dd00071"", ""/m/07pp_mv""]","alarm","[""Door"", ""alarm"", ""Domestic_sounds_and_home_sounds"", ""doorbell""]","zenodo/196370.wav","zenodo"
"196371.wav","/m/07pp_mv","[""/m/03wwcy"", ""/m/02dgv"", ""/t/dd00071"", ""/m/07pp_mv""]","alarm","[""Door"", ""alarm"", ""Domestic_sounds_and_home_sounds"", ""doorbell""]","zenodo/196371.wav","zenodo"
"196372.wav","/m/07pp_mv","[""/m/03wwcy"", ""/m/02dgv"", ""/t/dd00071"", ""/m/07pp_mv""]","alarm","[""Door"", ""alarm"", ""Domestic_sounds_and_home_sounds"", ""doorbell""]","zenodo/196372.wav","zenodo"
"196373.wav","/m/07pp_mv","[""/m/03wwcy"", ""/m/02dgv"", ""/t/dd00071"", ""/m/07pp_mv""]","alarm","[""Door"", ""alarm"", ""Domestic_sounds_and_home_sounds"", ""doorbell""]","zenodo/196373.wav","zenodo"
"196374.wav","/m/07pp_mv","[""/m/03wwcy"", ""/m/02dgv"", ""/t/dd00071"", ""/m/07pp_mv""]","alarm","[""Door"", ""alarm"", ""Domestic_sounds_and_home_sounds"", ""doorbell""]","zenodo/196374.wav","zenodo"
"196375.wav","/m/07pp_mv","[""/m/03wwcy"", ""/m/02dgv"", ""/t/dd00071"", ""/m/07pp_mv""]","alarm","[""Door"", ""alarm"", ""Domestic_sounds_and_home_sounds"", ""doorbell""]","zenodo/196375.wav","zenodo"
"196376.wav","/m/07pp_mv","[""/m/03wwcy"", ""/m/02dgv"", ""/t/dd00071"", ""/m/07pp_mv""]","alarm","[""Door"", ""alarm"", ""Domestic_sounds_and_home_sounds"", ""doorbell""]","zenodo/196376.wav","zenodo"
"196377.wav","/m/07pp_mv","[""/m/03wwcy"", ""/m/02dgv"", ""/t/dd00071"", ""/m/07pp_mv""]","alarm","[""Door"", ""alarm"", ""Domestic_sounds_and_home_sounds"", ""doorbell""]","zenodo/196377.wav","zenodo"
"418074.wav","/m/07pp_mv","[""/m/03wwcy"", ""/m/02dgv"", ""/t/dd00071"", ""/m/07pp_mv""]","alarm","[""Door"", ""alarm"", ""Domestic_sounds_and_home_sounds"", ""doorbell""]","zenodo/418074.wav","zenodo"
"268074.wav","/m/07pp_mv","[""/m/03wwcy"", ""/m/02dgv"", ""/t/dd00071"", ""/m/07pp_mv""]","alarm","[""Door"", ""alarm"", ""Domestic_sounds_and_home_sounds"", ""doorbell""]","zenodo/268074.wav","zenodo"
"268076.wav","/m/07pp_mv","[""/m/03wwcy"", ""/m/02dgv"", ""/t/dd00071"", ""/m/07pp_mv""]","alarm","[""Door"", ""alarm"", ""Domestic_sounds_and_home_sounds"", ""doorbell""]","zenodo/268076.wav","zenodo"
"331569.wav","/m/07pp_mv","[""/m/03wwcy"", ""/m/02dgv"", ""/t/dd00071"", ""/m/07pp_mv""]","alarm","[""Door"", ""alarm"", ""Domestic_sounds_and_home_sounds"", ""doorbell""]","zenodo/331569.wav","zenodo"
"106803.wav","/m/07pp_mv","[""/m/03wwcy"", ""/m/02dgv"", ""/t/dd00071"", ""/m/07pp_mv""]","alarm","[""Door"", ""alarm"", ""Domestic_sounds_and_home_sounds"", ""doorbell""]","zenodo/106803.wav","zenodo"
"273719.wav","/m/07pp_mv","[""/m/03wwcy"", ""/m/02dgv"", ""/t/dd00071"", ""/m/07pp_mv""]","alarm","[""Door"", ""alarm"", ""Domestic_sounds_and_home_sounds"", ""doorbell""]","zenodo/273719.wav","zenodo"
"20285.wav","/m/07pp_mv","[""/m/03wwcy"", ""/m/02dgv"", ""/t/dd00071"", ""/m/07pp_mv""]","alarm","[""Door"", ""alarm"", ""Domestic_sounds_and_home_sounds"", ""doorbell""]","zenodo/20285.wav","zenodo"
"242494.wav","/m/07pp_mv","[""/m/03wwcy"", ""/m/02dgv"", ""/t/dd00071"", ""/m/07pp_mv""]","alarm","[""Door"", ""alarm"", ""Domestic_sounds_and_home_sounds"", ""doorbell""]","zenodo/242494.wav","zenodo"
"79180.wav","/m/07pp_mv","[""/m/03wwcy"", ""/m/02dgv"", ""/t/dd00071"", ""/m/07pp_mv""]","alarm","[""Door"", ""alarm"", ""Domestic_sounds_and_home_sounds"", ""doorbell""]","zenodo/79180.wav","zenodo"
"151893.wav","/m/07pp_mv","[""/m/03wwcy"", ""/m/02dgv"", ""/t/dd00071"", ""/m/07pp_mv""]","alarm","[""Door"", ""alarm"", ""Domestic_sounds_and_home_sounds"", ""doorbell""]","zenodo/151893.wav","zenodo"
"399205.wav","/m/07pp_mv","[""/m/03wwcy"", ""/m/02dgv"", ""/t/dd00071"", ""/m/07pp_mv""]","alarm","[""Door"", ""alarm"", ""Domestic_sounds_and_home_sounds"", ""doorbell""]","zenodo/399205.wav","zenodo"
"335224.wav","/m/07pp_mv","[""/m/03wwcy"", ""/m/02dgv"", ""/t/dd00071"", ""/m/07pp_mv""]","alarm","[""Door"", ""alarm"", ""Domestic_sounds_and_home_sounds"", ""doorbell""]","zenodo/335224.wav","zenodo"
"411515.wav","/m/07pp_mv","[""/m/03wwcy"", ""/m/02dgv"", ""/t/dd00071"", ""/m/07pp_mv""]","alarm","[""Door"", ""alarm"", ""Domestic_sounds_and_home_sounds"", ""doorbell""]","zenodo/411515.wav","zenodo"
"411517.wav","/m/07pp_mv","[""/m/03wwcy"", ""/m/02dgv"", ""/t/dd00071"", ""/m/07pp_mv""]","alarm","[""Door"", ""alarm"", ""Domestic_sounds_and_home_sounds"", ""doorbell""]","zenodo/411517.wav","zenodo"
"411519.wav","/m/07pp_mv","[""/m/03wwcy"", ""/m/02dgv"", ""/t/dd00071"", ""/m/07pp_mv""]","alarm","[""Door"", ""alarm"", ""Domestic_sounds_and_home_sounds"", ""doorbell""]","zenodo/411519.wav","zenodo"
"411521.wav","/m/07pp_mv","[""/m/03wwcy"", ""/m/02dgv"", ""/t/dd00071"", ""/m/07pp_mv""]","alarm","[""Door"", ""alarm"", ""Domestic_sounds_and_home_sounds"", ""doorbell""]","zenodo/411521.wav","zenodo"
"163730.wav","/m/07pp_mv","[""/m/03wwcy"", ""/m/02dgv"", ""/t/dd00071"", ""/m/07pp_mv""]","alarm","[""Door"", ""alarm"", ""Domestic_sounds_and_home_sounds"", ""doorbell""]","zenodo/163730.wav","zenodo"
"31133.wav","/m/07pp_mv","[""/m/03wwcy"", ""/m/02dgv"", ""/t/dd00071"", ""/m/07pp_mv""]","alarm","[""Door"", ""alarm"", ""Domestic_sounds_and_home_sounds"", ""doorbell""]","zenodo/31133.wav","zenodo"
"223671.wav","/m/07pp_mv","[""/m/03wwcy"", ""/m/02dgv"", ""/t/dd00071"", ""/m/07pp_mv""]","alarm","[""Door"", ""alarm"", ""Domestic_sounds_and_home_sounds"", ""doorbell""]","zenodo/223671.wav","zenodo"
"223673.wav","/m/07pp_mv","[""/m/03wwcy"", ""/m/02dgv"", ""/t/dd00071"", ""/m/07pp_mv""]","alarm","[""Door"", ""alarm"", ""Domestic_sounds_and_home_sounds"", ""doorbell""]","zenodo/223673.wav","zenodo"
"415164.wav","/m/07pp_mv","[""/m/03wwcy"", ""/m/02dgv"", ""/t/dd00071"", ""/m/07pp_mv""]","alarm","[""Door"", ""alarm"", ""Domestic_sounds_and_home_sounds"", ""doorbell""]","zenodo/415164.wav","zenodo"
"93646.wav","/m/07pp_mv","[""/m/03wwcy"", ""/m/02dgv"", ""/t/dd00071"", ""/m/07pp_mv""]","alarm","[""Door"", ""alarm"", ""Domestic_sounds_and_home_sounds"", ""doorbell""]","zenodo/93646.wav","zenodo"
"249303.wav","/m/07pp_mv","[""/m/03wwcy"", ""/m/02dgv"", ""/t/dd00071"", ""/m/07pp_mv""]","alarm","[""Door"", ""alarm"", ""Domestic_sounds_and_home_sounds"", ""doorbell""]","zenodo/249303.wav","zenodo"
"123350.wav","/m/07pp_mv","[""/m/03wwcy"", ""/m/02dgv"", ""/t/dd00071"", ""/m/07pp_mv""]","alarm","[""Door"", ""alarm"", ""Domestic_sounds_and_home_sounds"", ""doorbell""]","zenodo/123350.wav","zenodo"
"21985.wav","/m/07pp_mv","[""/m/03wwcy"", ""/m/02dgv"", ""/t/dd00071"", ""/m/07pp_mv""]","alarm","[""Door"", ""alarm"", ""Domestic_sounds_and_home_sounds"", ""doorbell""]","zenodo/21985.wav","zenodo"
"383976.wav","/m/07pp_mv","[""/m/03wwcy"", ""/m/02dgv"", ""/t/dd00071"", ""/m/07pp_mv""]","alarm","[""Door"", ""alarm"", ""Domestic_sounds_and_home_sounds"", ""doorbell""]","zenodo/383976.wav","zenodo"
"403439.wav","/m/07pp_mv","[""/m/03wwcy"", ""/m/02dgv"", ""/t/dd00071"", ""/m/07pp_mv""]","alarm","[""Door"", ""alarm"", ""Domestic_sounds_and_home_sounds"", ""doorbell""]","zenodo/403439.wav","zenodo"
"390786.wav","/m/07pb8fc","[""/m/07pb8fc"", ""/m/02mk9""]","engine","[""engine""]","zenodo/390786.wav","zenodo"
"390787.wav","/m/07pb8fc","[""/m/07pb8fc"", ""/m/02mk9""]","engine","[""engine""]","zenodo/390787.wav","zenodo"
"390788.wav","/m/07pb8fc","[""/m/07pb8fc"", ""/m/02mk9""]","engine","[""engine""]","zenodo/390788.wav","zenodo"
"427013.wav","/m/07pb8fc","[""/m/07pb8fc"", ""/m/07q2z82"", ""/m/02mk9""]","engine","[""Accelerating_and_revving_and_vroom"", ""engine""]","zenodo/427013.wav","zenodo"
"401550.wav","/m/07pb8fc","[""/m/07pb8fc"", ""/m/02mk9""]","engine","[""engine""]","zenodo/401550.wav","zenodo"
"401552.wav","/m/07pb8fc","[""/m/07pb8fc"", ""/m/02mk9""]","engine","[""engine""]","zenodo/401552.wav","zenodo"
"425493.wav","/m/07pb8fc","[""/m/07pb8fc"", ""/t/dd00130"", ""/m/02mk9""]","engine","[""Engine_starting"", ""engine""]","zenodo/425493.wav","zenodo"
"369049.wav","/m/07pb8fc","[""/m/07pb8fc"", ""/m/02mk9""]","engine","[""engine""]","zenodo/369049.wav","zenodo"
"369053.wav","/m/07pb8fc","[""/m/07pb8fc"", ""/m/02mk9""]","engine","[""engine""]","zenodo/369053.wav","zenodo"
"430632.wav","/m/07pb8fc","[""/m/07pb8fc"", ""/t/dd00071"", ""/m/02mk9""]","engine","[""engine"", ""Domestic_sounds_and_home_sounds""]","zenodo/430632.wav","zenodo"
"46504.wav","/m/07pb8fc","[""/m/07pb8fc"", ""/m/02mk9""]","engine","[""engine""]","zenodo/46504.wav","zenodo"
"432304.wav","/m/07pb8fc","[""/m/07pb8fc"", ""/m/04_sv"", ""/m/02mk9"", ""/m/012f08"", ""/m/07yv9""]","engine","[""Motor_vehicle_(road)"", ""engine"", ""Vehicle"", ""Motorcycle""]","zenodo/432304.wav","zenodo"
"186936.wav","/m/07pb8fc","[""/m/07pb8fc"", ""/m/02mk9""]","engine","[""engine""]","zenodo/186936.wav","zenodo"
"186938.wav","/m/07pb8fc","[""/m/07pb8fc"", ""/m/02mk9""]","engine","[""engine""]","zenodo/186938.wav","zenodo"
"186939.wav","/m/07pb8fc","[""/m/07pb8fc"", ""/m/02mk9""]","engine","[""engine""]","zenodo/186939.wav","zenodo"
"186940.wav","/m/07pb8fc","[""/m/07pb8fc"", ""/m/01bjv"", ""/m/02mk9"", ""/m/012f08"", ""/m/07yv9""]","engine","[""Motor_vehicle_(road)"", ""Bus"", ""engine"", ""Vehicle""]","zenodo/186940.wav","zenodo"
"426817.wav","/m/07pb8fc","[""/m/07pb8fc"", ""/m/02mk9""]","engine","[""engine""]","zenodo/426817.wav","zenodo"
"426818.wav","/m/07pb8fc","[""/m/07pb8fc"", ""/m/02mk9""]","engine","[""engine""]","zenodo/426818.wav","zenodo"
"143556.wav","/m/07pb8fc","[""/m/07pb8fc"", ""/m/0k5j"", ""/m/02mk9"", ""/m/07yv9""]","engine","[""engine"", ""Vehicle"", ""Aircraft""]","zenodo/143556.wav","zenodo"
"14276.wav","/m/07pb8fc","[""/m/07pb8fc"", ""/m/02mk9""]","engine","[""engine""]","zenodo/14276.wav","zenodo"
"405322.wav","/m/07pb8fc","[""/m/07pb8fc"", ""/t/dd00130"", ""/m/02mk9""]","engine","[""Engine_starting"", ""engine""]","zenodo/405322.wav","zenodo"
"387019.wav","/m/07pb8fc","[""/m/07pb8fc"", ""/m/02mk9""]","engine","[""engine""]","zenodo/387019.wav","zenodo"
"387020.wav","/m/07pb8fc","[""/m/07pb8fc"", ""/m/02mk9""]","engine","[""engine""]","zenodo/387020.wav","zenodo"
"186962.wav","/m/07pb8fc","[""/m/07pb8fc"", ""/m/07q2z82"", ""/m/02mk9""]","engine","[""Accelerating_and_revving_and_vroom"", ""engine""]","zenodo/186962.wav","zenodo"
"370898.wav","/m/07pb8fc","[""/m/07pb8fc"", ""/m/02mk9""]","engine","[""engine""]","zenodo/370898.wav","zenodo"
"387670.wav","/m/07pb8fc","[""/m/07pb8fc"", ""/m/02mk9""]","engine","[""engine""]","zenodo/387670.wav","zenodo"
"387671.wav","/m/07pb8fc","[""/m/07pb8fc"", ""/t/dd00130"", ""/m/02mk9""]","engine","[""Engine_starting"", ""engine""]","zenodo/387671.wav","zenodo"
"387674.wav","/m/07pb8fc","[""/m/07pb8fc"", ""/t/dd00130"", ""/m/02mk9""]","engine","[""Engine_starting"", ""engine""]","zenodo/387674.wav","zenodo"
"387675.wav","/m/07pb8fc","[""/m/07pb8fc"", ""/m/02mk9""]","engine","[""engine""]","zenodo/387675.wav","zenodo"
"387676.wav","/m/07pb8fc","[""/m/07pb8fc"", ""/m/02mk9""]","engine","[""engine""]","zenodo/387676.wav","zenodo"
"387677.wav","/m/07pb8fc","[""/m/07pb8fc"", ""/m/02mk9""]","engine","[""engine""]","zenodo/387677.wav","zenodo"
"387679.wav","/m/07pb8fc","[""/m/07pb8fc"", ""/m/02mk9""]","engine","[""engine""]","zenodo/387679.wav","zenodo"
"69608.wav","/m/07pb8fc","[""/m/07pb8fc"", ""/m/0k5j"", ""/m/02mk9"", ""/m/07yv9""]","engine","[""engine"", ""Vehicle"", ""Aircraft""]","zenodo/69608.wav","zenodo"
"379915.wav","/m/07pb8fc","[""/m/07pb8fc"", ""/t/dd00130"", ""/m/04_sv"", ""/m/07q2z82"", ""/m/02mk9"", ""/m/012f08"", ""/m/07yv9""]","engine","[""Motor_vehicle_(road)"", ""Motorcycle"", ""Engine_starting"", ""Vehicle"", ""Accelerating_and_revving_and_vroom"", ""engine""]","zenodo/379915.wav","zenodo"
"164306.wav","/m/07pb8fc","[""/m/07pb8fc"", ""/m/02mk9""]","engine","[""engine""]","zenodo/164306.wav","zenodo"
"43159.wav","/m/07pb8fc","[""/m/07pb8fc"", ""/m/0ltv"", ""/m/07q2z82"", ""/m/02mk9"", ""/m/0k4j"", ""/m/012f08"", ""/m/07yv9""]","engine","[""Motor_vehicle_(road)"", ""Race_car_and_auto_racing"", ""Car"", ""Vehicle"", ""Accelerating_and_revving_and_vroom"", ""engine""]","zenodo/43159.wav","zenodo"
"264913.wav","/m/07pb8fc","[""/m/07pb8fc"", ""/m/0ltv"", ""/m/07q2z82"", ""/m/02mk9"", ""/m/0k4j"", ""/m/012f08"", ""/m/07yv9""]","engine","[""Motor_vehicle_(road)"", ""Race_car_and_auto_racing"", ""Car"", ""Vehicle"", ""Accelerating_and_revving_and_vroom"", ""engine""]","zenodo/264913.wav","zenodo"
"5307.wav","/m/07pb8fc","[""/m/07pb8fc"", ""/m/07q2z82"", ""/m/02mk9""]","engine","[""Accelerating_and_revving_and_vroom"", ""engine""]","zenodo/5307.wav","zenodo"
"370277.wav","/m/07pb8fc","[""/m/07pb8fc"", ""/m/0ltv"", ""/m/07q2z82"", ""/m/02mk9"", ""/m/0k4j"", ""/m/012f08"", ""/m/07yv9""]","engine","[""Motor_vehicle_(road)"", ""Race_car_and_auto_racing"", ""Car"", ""Vehicle"", ""Accelerating_and_revving_and_vroom"", ""engine""]","zenodo/370277.wav","zenodo"
"12812.wav","/m/07pb8fc","[""/m/07pb8fc"", ""/m/02mk9""]","engine","[""engine""]","zenodo/12812.wav","zenodo"
"12815.wav","/m/07pb8fc","[""/m/07pb8fc"", ""/t/dd00130"", ""/m/0k5j"", ""/m/02mk9"", ""/m/07yv9""]","engine","[""Engine_starting"", ""engine"", ""Vehicle"", ""Aircraft""]","zenodo/12815.wav","zenodo"
"386789.wav","/m/07pb8fc","[""/m/07pb8fc"", ""/m/02mk9""]","engine","[""engine""]","zenodo/386789.wav","zenodo"
"216563.wav","/m/07pb8fc","[""/m/07pb8fc"", ""/m/02mk9""]","engine","[""engine""]","zenodo/216563.wav","zenodo"
"195655.wav","/m/07pb8fc","[""/m/07pb8fc"", ""/m/04_sv"", ""/m/02mk9"", ""/m/012f08"", ""/m/07yv9""]","engine","[""Motor_vehicle_(road)"", ""engine"", ""Vehicle"", ""Motorcycle""]","zenodo/195655.wav","zenodo"
"165281.wav","/m/07pb8fc","[""/m/07pb8fc"", ""/m/01bjv"", ""/m/02mk9"", ""/m/012f08"", ""/m/07yv9""]","engine","[""Motor_vehicle_(road)"", ""Bus"", ""engine"", ""Vehicle""]","zenodo/165281.wav","zenodo"
"51834.wav","/m/07pb8fc","[""/m/07pb8fc"", ""/m/01bjv"", ""/m/02mk9"", ""/m/012f08"", ""/m/07yv9""]","engine","[""Motor_vehicle_(road)"", ""Bus"", ""engine"", ""Vehicle""]","zenodo/51834.wav","zenodo"
"83680.wav","/m/07pb8fc","[""/m/07pb8fc"", ""/m/01bjv"", ""/m/02mk9"", ""/m/012f08"", ""/m/07yv9""]","engine","[""Motor_vehicle_(road)"", ""Bus"", ""engine"", ""Vehicle""]","zenodo/83680.wav","zenodo"
"361113.wav","/m/07pb8fc","[""/m/07pb8fc"", ""/m/01bjv"", ""/m/02mk9"", ""/m/012f08"", ""/m/07yv9""]","engine","[""Motor_vehicle_(road)"", ""Bus"", ""engine"", ""Vehicle""]","zenodo/361113.wav","zenodo"
"398675.wav","/m/07pb8fc","[""/m/07pb8fc"", ""/m/02mk9""]","engine","[""engine""]","zenodo/398675.wav","zenodo"
"162442.wav","/m/07pb8fc","[""/m/07pb8fc"", ""/m/01280g"", ""/m/02mk9"", ""/m/0jbk""]","engine","[""Animal"", ""Wild_animals"", ""engine""]","zenodo/162442.wav","zenodo"
"23218.wav","/m/07pb8fc","[""/m/07pb8fc"", ""/t/dd00130"", ""/m/04_sv"", ""/m/02mk9"", ""/m/012f08"", ""/m/07yv9""]","engine","[""Motor_vehicle_(road)"", ""Motorcycle"", ""Engine_starting"", ""Vehicle"", ""engine""]","zenodo/23218.wav","zenodo"
"400871.wav","/m/07pb8fc","[""/m/07pb8fc"", ""/m/0ltv"", ""/t/dd00130"", ""/m/07q2z82"", ""/m/02mk9"", ""/m/0k4j"", ""/m/012f08"", ""/m/07yv9""]","engine","[""Motor_vehicle_(road)"", ""Race_car_and_auto_racing"", ""Car"", ""Engine_starting"", ""Vehicle"", ""Accelerating_and_revving_and_vroom"", ""engine""]","zenodo/400871.wav","zenodo"
"62222.wav","/m/07pb8fc","[""/m/07pb8fc"", ""/t/dd00130"", ""/m/04_sv"", ""/m/02mk9"", ""/m/012f08"", ""/m/07yv9""]","engine","[""Motor_vehicle_(road)"", ""Motorcycle"", ""Engine_starting"", ""Vehicle"", ""engine""]","zenodo/62222.wav","zenodo"
"44289.wav","/m/02mk9","[""/m/0ltv"", ""/m/07q2z82"", ""/m/0k4j"", ""/m/012f08"", ""/m/07yv9"", ""/m/02mk9""]","engine","[""Motor_vehicle_(road)"", ""Race_car_and_auto_racing"", ""Car"", ""Vehicle"", ""Accelerating_and_revving_and_vroom"", ""engine""]","zenodo/44289.wav","zenodo"
"317458.wav","/m/02mk9","[""/m/0ltv"", ""/m/07q2z82"", ""/m/0k4j"", ""/m/012f08"", ""/m/07yv9"", ""/m/02mk9""]","engine","[""Motor_vehicle_(road)"", ""Race_car_and_auto_racing"", ""Car"", ""Vehicle"", ""Accelerating_and_revving_and_vroom"", ""engine""]","zenodo/317458.wav","zenodo"
"44186.wav","/m/02mk9","[""/m/0ltv"", ""/m/07q2z82"", ""/m/0k4j"", ""/m/012f08"", ""/m/07yv9"", ""/m/02mk9""]","engine","[""Motor_vehicle_(road)"", ""Race_car_and_auto_racing"", ""Car"", ""Vehicle"", ""Accelerating_and_revving_and_vroom"", ""engine""]","zenodo/44186.wav","zenodo"
"44187.wav","/m/02mk9","[""/m/0ltv"", ""/m/07q2z82"", ""/m/0k4j"", ""/m/012f08"", ""/m/07yv9"", ""/m/02mk9""]","engine","[""Motor_vehicle_(road)"", ""Race_car_and_auto_racing"", ""Car"", ""Vehicle"", ""Accelerating_and_revving_and_vroom"", ""engine""]","zenodo/44187.wav","zenodo"
"101338.wav","/m/02mk9","[""/m/0ltv"", ""/m/07q2z82"", ""/m/0k4j"", ""/m/012f08"", ""/m/07yv9"", ""/m/02mk9""]","engine","[""Motor_vehicle_(road)"", ""Race_car_and_auto_racing"", ""Car"", ""Vehicle"", ""Accelerating_and_revving_and_vroom"", ""engine""]","zenodo/101338.wav","zenodo"
"60073.wav","/m/02mk9","[""/m/0ltv"", ""/m/07q2z82"", ""/m/0k4j"", ""/m/012f08"", ""/m/07yv9"", ""/m/02mk9""]","engine","[""Motor_vehicle_(road)"", ""Race_car_and_auto_racing"", ""Car"", ""Vehicle"", ""Accelerating_and_revving_and_vroom"", ""engine""]","zenodo/60073.wav","zenodo"
"59448.wav","/m/02mk9","[""/m/0ltv"", ""/m/07q2z82"", ""/m/0k4j"", ""/m/012f08"", ""/m/07yv9"", ""/m/02mk9""]","engine","[""Motor_vehicle_(road)"", ""Race_car_and_auto_racing"", ""Car"", ""Vehicle"", ""Accelerating_and_revving_and_vroom"", ""engine""]","zenodo/59448.wav","zenodo"
"48990.wav","/m/02mk9","[""/m/0ltv"", ""/m/07q2z82"", ""/m/0k4j"", ""/m/012f08"", ""/m/07yv9"", ""/m/02mk9""]","engine","[""Motor_vehicle_(road)"", ""Race_car_and_auto_racing"", ""Car"", ""Vehicle"", ""Accelerating_and_revving_and_vroom"", ""engine""]","zenodo/48990.wav","zenodo"
"44765.wav","/m/02mk9","[""/m/0ltv"", ""/m/07q2z82"", ""/m/0k4j"", ""/m/012f08"", ""/m/07yv9"", ""/m/02mk9""]","engine","[""Motor_vehicle_(road)"", ""Race_car_and_auto_racing"", ""Car"", ""Vehicle"", ""Accelerating_and_revving_and_vroom"", ""engine""]","zenodo/44765.wav","zenodo"
"95946.wav","/m/02mk9","[""/m/0ltv"", ""/m/07q2z82"", ""/m/0k4j"", ""/m/012f08"", ""/m/07yv9"", ""/m/02mk9""]","engine","[""Motor_vehicle_(road)"", ""Race_car_and_auto_racing"", ""Car"", ""Vehicle"", ""Accelerating_and_revving_and_vroom"", ""engine""]","zenodo/95946.wav","zenodo"
"48989.wav","/m/02mk9","[""/m/0ltv"", ""/m/07q2z82"", ""/m/0k4j"", ""/m/012f08"", ""/m/07yv9"", ""/m/02mk9""]","engine","[""Motor_vehicle_(road)"", ""Race_car_and_auto_racing"", ""Car"", ""Vehicle"", ""Accelerating_and_revving_and_vroom"", ""engine""]","zenodo/48989.wav","zenodo"
"95953.wav","/m/02mk9","[""/m/0ltv"", ""/m/07q2z82"", ""/m/0k4j"", ""/m/012f08"", ""/m/07yv9"", ""/m/02mk9""]","engine","[""Motor_vehicle_(road)"", ""Race_car_and_auto_racing"", ""Car"", ""Vehicle"", ""Accelerating_and_revving_and_vroom"", ""engine""]","zenodo/95953.wav","zenodo"
"95954.wav","/m/02mk9","[""/m/0ltv"", ""/m/07q2z82"", ""/m/0k4j"", ""/m/012f08"", ""/m/07yv9"", ""/m/02mk9""]","engine","[""Motor_vehicle_(road)"", ""Race_car_and_auto_racing"", ""Car"", ""Vehicle"", ""Accelerating_and_revving_and_vroom"", ""engine""]","zenodo/95954.wav","zenodo"
"95955.wav","/m/02mk9","[""/m/0ltv"", ""/m/07q2z82"", ""/m/0k4j"", ""/m/012f08"", ""/m/07yv9"", ""/m/02mk9""]","engine","[""Motor_vehicle_(road)"", ""Race_car_and_auto_racing"", ""Car"", ""Vehicle"", ""Accelerating_and_revving_and_vroom"", ""engine""]","zenodo/95955.wav","zenodo"
"95957.wav","/m/02mk9","[""/m/0ltv"", ""/m/07q2z82"", ""/m/0k4j"", ""/m/012f08"", ""/m/07yv9"", ""/m/02mk9""]","engine","[""Motor_vehicle_(road)"", ""Race_car_and_auto_racing"", ""Car"", ""Vehicle"", ""Accelerating_and_revving_and_vroom"", ""engine""]","zenodo/95957.wav","zenodo"
"95959.wav","/m/02mk9","[""/m/0ltv"", ""/m/07q2z82"", ""/m/0k4j"", ""/m/012f08"", ""/m/07yv9"", ""/m/02mk9""]","engine","[""Motor_vehicle_(road)"", ""Race_car_and_auto_racing"", ""Car"", ""Vehicle"", ""Accelerating_and_revving_and_vroom"", ""engine""]","zenodo/95959.wav","zenodo"
"95960.wav","/m/02mk9","[""/m/0ltv"", ""/m/07q2z82"", ""/m/0k4j"", ""/m/012f08"", ""/m/07yv9"", ""/m/02mk9""]","engine","[""Motor_vehicle_(road)"", ""Race_car_and_auto_racing"", ""Car"", ""Vehicle"", ""Accelerating_and_revving_and_vroom"", ""engine""]","zenodo/95960.wav","zenodo"
"44764.wav","/m/02mk9","[""/m/0ltv"", ""/m/07q2z82"", ""/m/0k4j"", ""/m/012f08"", ""/m/07yv9"", ""/m/02mk9""]","engine","[""Motor_vehicle_(road)"", ""Race_car_and_auto_racing"", ""Car"", ""Vehicle"", ""Accelerating_and_revving_and_vroom"", ""engine""]","zenodo/44764.wav","zenodo"
"44763.wav","/m/02mk9","[""/m/0ltv"", ""/m/07q2z82"", ""/m/0k4j"", ""/m/012f08"", ""/m/07yv9"", ""/m/02mk9""]","engine","[""Motor_vehicle_(road)"", ""Race_car_and_auto_racing"", ""Car"", ""Vehicle"", ""Accelerating_and_revving_and_vroom"", ""engine""]","zenodo/44763.wav","zenodo"
"44767.wav","/m/02mk9","[""/m/0ltv"", ""/m/07q2z82"", ""/m/0k4j"", ""/m/012f08"", ""/m/07yv9"", ""/m/02mk9""]","engine","[""Motor_vehicle_(road)"", ""Race_car_and_auto_racing"", ""Car"", ""Vehicle"", ""Accelerating_and_revving_and_vroom"", ""engine""]","zenodo/44767.wav","zenodo"
"95958.wav","/m/02mk9","[""/m/0ltv"", ""/m/07q2z82"", ""/m/0k4j"", ""/m/012f08"", ""/m/07yv9"", ""/m/02mk9""]","engine","[""Motor_vehicle_(road)"", ""Race_car_and_auto_racing"", ""Car"", ""Vehicle"", ""Accelerating_and_revving_and_vroom"", ""engine""]","zenodo/95958.wav","zenodo"
"44768.wav","/m/02mk9","[""/m/0ltv"", ""/m/07q2z82"", ""/m/0k4j"", ""/m/012f08"", ""/m/07yv9"", ""/m/02mk9""]","engine","[""Motor_vehicle_(road)"", ""Race_car_and_auto_racing"", ""Car"", ""Vehicle"", ""Accelerating_and_revving_and_vroom"", ""engine""]","zenodo/44768.wav","zenodo"
"44769.wav","/m/02mk9","[""/m/0ltv"", ""/m/07q2z82"", ""/m/0k4j"", ""/m/012f08"", ""/m/07yv9"", ""/m/02mk9""]","engine","[""Motor_vehicle_(road)"", ""Race_car_and_auto_racing"", ""Car"", ""Vehicle"", ""Accelerating_and_revving_and_vroom"", ""engine""]","zenodo/44769.wav","zenodo"
"44771.wav","/m/02mk9","[""/m/0ltv"", ""/m/07q2z82"", ""/m/0k4j"", ""/m/012f08"", ""/m/07yv9"", ""/m/02mk9""]","engine","[""Motor_vehicle_(road)"", ""Race_car_and_auto_racing"", ""Car"", ""Vehicle"", ""Accelerating_and_revving_and_vroom"", ""engine""]","zenodo/44771.wav","zenodo"
"44770.wav","/m/02mk9","[""/m/0ltv"", ""/m/07q2z82"", ""/m/0k4j"", ""/m/012f08"", ""/m/07yv9"", ""/m/02mk9""]","engine","[""Motor_vehicle_(road)"", ""Race_car_and_auto_racing"", ""Car"", ""Vehicle"", ""Accelerating_and_revving_and_vroom"", ""engine""]","zenodo/44770.wav","zenodo"
"53803.wav","/m/02mk9","[""/m/0ltv"", ""/m/07q2z82"", ""/m/0k4j"", ""/m/012f08"", ""/m/07yv9"", ""/m/02mk9""]","engine","[""Motor_vehicle_(road)"", ""Race_car_and_auto_racing"", ""Car"", ""Vehicle"", ""Accelerating_and_revving_and_vroom"", ""engine""]","zenodo/53803.wav","zenodo"
"339136.wav","/m/02mk9","[""/m/0ltv"", ""/m/07q2z82"", ""/m/0k4j"", ""/m/012f08"", ""/m/07yv9"", ""/m/02mk9""]","engine","[""Motor_vehicle_(road)"", ""Race_car_and_auto_racing"", ""Car"", ""Vehicle"", ""Accelerating_and_revving_and_vroom"", ""engine""]","zenodo/339136.wav","zenodo"
"339137.wav","/m/02mk9","[""/m/0ltv"", ""/m/07q2z82"", ""/m/0k4j"", ""/m/012f08"", ""/m/07yv9"", ""/m/02mk9""]","engine","[""Motor_vehicle_(road)"", ""Race_car_and_auto_racing"", ""Car"", ""Vehicle"", ""Accelerating_and_revving_and_vroom"", ""engine""]","zenodo/339137.wav","zenodo"
"339700.wav","/m/02mk9","[""/m/0ltv"", ""/m/07q2z82"", ""/m/0k4j"", ""/m/012f08"", ""/m/07yv9"", ""/m/02mk9""]","engine","[""Motor_vehicle_(road)"", ""Race_car_and_auto_racing"", ""Car"", ""Vehicle"", ""Accelerating_and_revving_and_vroom"", ""engine""]","zenodo/339700.wav","zenodo"
"339703.wav","/m/02mk9","[""/m/0ltv"", ""/m/07q2z82"", ""/m/0k4j"", ""/m/012f08"", ""/m/07yv9"", ""/m/02mk9""]","engine","[""Motor_vehicle_(road)"", ""Race_car_and_auto_racing"", ""Car"", ""Vehicle"", ""Accelerating_and_revving_and_vroom"", ""engine""]","zenodo/339703.wav","zenodo"
"274436.wav","/m/07pp_mv","[""/m/07cx4"", ""/m/07pp_mv""]","alarm","[""alarm"", ""telephone""]","zenodo/274436.wav","zenodo"
"69652.wav","/m/07pp_mv","[""/m/07cx4"", ""/m/07pp_mv""]","alarm","[""alarm"", ""telephone""]","zenodo/69652.wav","zenodo"
"360473.wav","/m/07pp_mv","[""/m/07cx4"", ""/m/07pp_mv""]","alarm","[""alarm"", ""telephone""]","zenodo/360473.wav","zenodo"
"36896.wav","/m/07pp_mv","[""/m/07cx4"", ""/m/07pp_mv""]","alarm","[""alarm"", ""telephone""]","zenodo/36896.wav","zenodo"
"360480.wav","/m/07pp_mv","[""/m/07cx4"", ""/m/07pp_mv""]","alarm","[""alarm"", ""telephone""]","zenodo/360480.wav","zenodo"
"391215.wav","/m/07pp_mv","[""/m/07cx4"", ""/m/07pp_mv""]","alarm","[""alarm"", ""telephone""]","zenodo/391215.wav","zenodo"
"88112.wav","/m/07pp_mv","[""/m/07cx4"", ""/m/07pp_mv""]","alarm","[""alarm"", ""telephone""]","zenodo/88112.wav","zenodo"
"55356.wav","/m/07pp_mv","[""/m/07cx4"", ""/m/07pp_mv""]","alarm","[""alarm"", ""telephone""]","zenodo/55356.wav","zenodo"
"55357.wav","/m/07pp_mv","[""/m/07cx4"", ""/m/07pp_mv""]","alarm","[""alarm"", ""telephone""]","zenodo/55357.wav","zenodo"
"90189.wav","/m/07pp_mv","[""/m/07cx4"", ""/m/07pp_mv""]","alarm","[""alarm"", ""telephone""]","zenodo/90189.wav","zenodo"
"90190.wav","/m/07pp_mv","[""/m/07cx4"", ""/m/07pp_mv""]","alarm","[""alarm"", ""telephone""]","zenodo/90190.wav","zenodo"
"90191.wav","/m/07pp_mv","[""/m/07cx4"", ""/m/07pp_mv""]","alarm","[""alarm"", ""telephone""]","zenodo/90191.wav","zenodo"
"90192.wav","/m/07pp_mv","[""/m/07cx4"", ""/m/07pp_mv""]","alarm","[""alarm"", ""telephone""]","zenodo/90192.wav","zenodo"
"90193.wav","/m/07pp_mv","[""/m/07cx4"", ""/m/07pp_mv""]","alarm","[""alarm"", ""telephone""]","zenodo/90193.wav","zenodo"
"360528.wav","/m/07pp_mv","[""/m/07cx4"", ""/m/07pp_mv""]","alarm","[""alarm"", ""telephone""]","zenodo/360528.wav","zenodo"
"22622.wav","/m/07pp_mv","[""/m/07cx4"", ""/m/07pp_mv""]","alarm","[""alarm"", ""telephone""]","zenodo/22622.wav","zenodo"
"45155.wav","/m/07pp_mv","[""/m/07cx4"", ""/m/07pp_mv""]","alarm","[""alarm"", ""telephone""]","zenodo/45155.wav","zenodo"
"122989.wav","/m/07pp_mv","[""/m/07cx4"", ""/m/07pp_mv""]","alarm","[""alarm"", ""telephone""]","zenodo/122989.wav","zenodo"
"122990.wav","/m/07pp_mv","[""/m/07cx4"", ""/m/07pp_mv""]","alarm","[""alarm"", ""telephone""]","zenodo/122990.wav","zenodo"
"344178.wav","/m/07pp_mv","[""/m/07cx4"", ""/m/07pp_mv""]","alarm","[""alarm"", ""telephone""]","zenodo/344178.wav","zenodo"
"256127.wav","/m/07pp_mv","[""/m/07cx4"", ""/m/07pp_mv""]","alarm","[""alarm"", ""telephone""]","zenodo/256127.wav","zenodo"
"258176.wav","/m/07pp_mv","[""/m/07cx4"", ""/m/07pp_mv""]","alarm","[""alarm"", ""telephone""]","zenodo/258176.wav","zenodo"
"258177.wav","/m/07pp_mv","[""/m/07cx4"", ""/m/07pp_mv""]","alarm","[""alarm"", ""telephone""]","zenodo/258177.wav","zenodo"
"258178.wav","/m/07pp_mv","[""/m/07cx4"", ""/m/07pp_mv""]","alarm","[""alarm"", ""telephone""]","zenodo/258178.wav","zenodo"
"258175.wav","/m/07pp_mv","[""/m/07cx4"", ""/m/07pp_mv""]","alarm","[""alarm"", ""telephone""]","zenodo/258175.wav","zenodo"
"256159.wav","/m/07pp_mv","[""/m/07cx4"", ""/m/07pp_mv""]","alarm","[""alarm"", ""telephone""]","zenodo/256159.wav","zenodo"
"256160.wav","/m/07pp_mv","[""/m/07cx4"", ""/m/07pp_mv""]","alarm","[""alarm"", ""telephone""]","zenodo/256160.wav","zenodo"
"24735.wav","/m/07pp_mv","[""/m/07cx4"", ""/m/07pp_mv""]","alarm","[""alarm"", ""telephone""]","zenodo/24735.wav","zenodo"
"24736.wav","/m/07pp_mv","[""/m/07cx4"", ""/m/07pp_mv""]","alarm","[""alarm"", ""telephone""]","zenodo/24736.wav","zenodo"
"428206.wav","/m/07pp_mv","[""/m/07cx4"", ""/m/07pp_mv""]","alarm","[""alarm"", ""telephone""]","zenodo/428206.wav","zenodo"
"178355.wav","/m/07pp_mv","[""/m/07cx4"", ""/m/07pp_mv""]","alarm","[""alarm"", ""telephone""]","zenodo/178355.wav","zenodo"
"168117.wav","/m/07pp_mv","[""/m/07cx4"", ""/m/07pp_mv""]","alarm","[""alarm"", ""telephone""]","zenodo/168117.wav","zenodo"
"432313.wav","/m/07pp_mv","[""/m/07cx4"", ""/m/07pp_mv""]","alarm","[""alarm"", ""telephone""]","zenodo/432313.wav","zenodo"
"250047.wav","/m/07pp_mv","[""/m/07cx4"", ""/m/07pp_mv""]","alarm","[""alarm"", ""telephone""]","zenodo/250047.wav","zenodo"
"250048.wav","/m/07pp_mv","[""/m/07cx4"", ""/m/07pp_mv""]","alarm","[""alarm"", ""telephone""]","zenodo/250048.wav","zenodo"
"250049.wav","/m/07pp_mv","[""/m/07cx4"", ""/m/07pp_mv""]","alarm","[""alarm"", ""telephone""]","zenodo/250049.wav","zenodo"
"250050.wav","/m/07pp_mv","[""/m/07cx4"", ""/m/07pp_mv""]","alarm","[""alarm"", ""telephone""]","zenodo/250050.wav","zenodo"
"250051.wav","/m/07pp_mv","[""/m/07cx4"", ""/m/07pp_mv""]","alarm","[""alarm"", ""telephone""]","zenodo/250051.wav","zenodo"
"250052.wav","/m/07pp_mv","[""/m/07cx4"", ""/m/07pp_mv""]","alarm","[""alarm"", ""telephone""]","zenodo/250052.wav","zenodo"
"256210.wav","/m/07pp_mv","[""/m/07cx4"", ""/m/07pp_mv""]","alarm","[""alarm"", ""telephone""]","zenodo/256210.wav","zenodo"
"256211.wav","/m/07pp_mv","[""/m/07cx4"", ""/m/07pp_mv""]","alarm","[""alarm"", ""telephone""]","zenodo/256211.wav","zenodo"
"26834.wav","/m/07pp_mv","[""/m/07cx4"", ""/m/07pp_mv""]","alarm","[""alarm"", ""telephone""]","zenodo/26834.wav","zenodo"
"102623.wav","/m/07pp_mv","[""/m/07cx4"", ""/m/07pp_mv""]","alarm","[""alarm"", ""telephone""]","zenodo/102623.wav","zenodo"
"162022.wav","/m/07pp_mv","[""/m/07cx4"", ""/m/07pp_mv""]","alarm","[""alarm"", ""telephone""]","zenodo/162022.wav","zenodo"
"254186.wav","/m/07pp_mv","[""/m/07cx4"", ""/m/07pp_mv""]","alarm","[""alarm"", ""telephone""]","zenodo/254186.wav","zenodo"
"106744.wav","/m/07pp_mv","[""/m/07cx4"", ""/m/07pp_mv""]","alarm","[""alarm"", ""telephone""]","zenodo/106744.wav","zenodo"
"178435.wav","/m/07pp_mv","[""/m/07cx4"", ""/m/07pp_mv""]","alarm","[""alarm"", ""telephone""]","zenodo/178435.wav","zenodo"
"178437.wav","/m/07pp_mv","[""/m/07cx4"", ""/m/07pp_mv""]","alarm","[""alarm"", ""telephone""]","zenodo/178437.wav","zenodo"
"178439.wav","/m/07pp_mv","[""/m/07cx4"", ""/m/07pp_mv""]","alarm","[""alarm"", ""telephone""]","zenodo/178439.wav","zenodo"
"178440.wav","/m/07pp_mv","[""/m/07cx4"", ""/m/07pp_mv""]","alarm","[""alarm"", ""telephone""]","zenodo/178440.wav","zenodo"
"178441.wav","/m/07pp_mv","[""/m/07cx4"", ""/m/07pp_mv""]","alarm","[""alarm"", ""telephone""]","zenodo/178441.wav","zenodo"
"366862.wav","/m/07pp_mv","[""/m/07cx4"", ""/m/07pp_mv""]","alarm","[""alarm"", ""telephone""]","zenodo/366862.wav","zenodo"
"223505.wav","/m/07pp_mv","[""/m/07cx4"", ""/m/07pp_mv""]","alarm","[""alarm"", ""telephone""]","zenodo/223505.wav","zenodo"
"223506.wav","/m/07pp_mv","[""/m/07cx4"", ""/m/07pp_mv""]","alarm","[""alarm"", ""telephone""]","zenodo/223506.wav","zenodo"
"188693.wav","/m/07pp_mv","[""/m/07cx4"", ""/m/07pp_mv""]","alarm","[""alarm"", ""telephone""]","zenodo/188693.wav","zenodo"
"188694.wav","/m/07pp_mv","[""/m/07cx4"", ""/m/07pp_mv""]","alarm","[""alarm"", ""telephone""]","zenodo/188694.wav","zenodo"
"188695.wav","/m/07pp_mv","[""/m/07cx4"", ""/m/07pp_mv""]","alarm","[""alarm"", ""telephone""]","zenodo/188695.wav","zenodo"
"332073.wav","/m/07pp_mv","[""/m/07cx4"", ""/m/07pp_mv""]","alarm","[""alarm"", ""telephone""]","zenodo/332073.wav","zenodo"
"414008.wav","/m/07pp_mv","[""/m/07cx4"", ""/m/07pp_mv""]","alarm","[""alarm"", ""telephone""]","zenodo/414008.wav","zenodo"
"223562.wav","/m/07pp_mv","[""/m/07cx4"", ""/m/07pp_mv""]","alarm","[""alarm"", ""telephone""]","zenodo/223562.wav","zenodo"
"241998.wav","/m/07pp_mv","[""/m/07cx4"", ""/m/07pp_mv""]","alarm","[""alarm"", ""telephone""]","zenodo/241998.wav","zenodo"
"242000.wav","/m/07pp_mv","[""/m/07cx4"", ""/m/07pp_mv""]","alarm","[""alarm"", ""telephone""]","zenodo/242000.wav","zenodo"
"26974.wav","/m/07pp_mv","[""/m/07cx4"", ""/m/07pp_mv""]","alarm","[""alarm"", ""telephone""]","zenodo/26974.wav","zenodo"
"188770.wav","/m/07pp_mv","[""/m/07cx4"", ""/m/07pp_mv""]","alarm","[""alarm"", ""telephone""]","zenodo/188770.wav","zenodo"
"344424.wav","/m/07pp_mv","[""/m/07cx4"", ""/m/07pp_mv""]","alarm","[""alarm"", ""telephone""]","zenodo/344424.wav","zenodo"
"178537.wav","/m/07pp_mv","[""/m/07cx4"", ""/m/07pp_mv""]","alarm","[""alarm"", ""telephone""]","zenodo/178537.wav","zenodo"
"96637.wav","/m/07pp_mv","[""/m/07cx4"", ""/m/07pp_mv""]","alarm","[""alarm"", ""telephone""]","zenodo/96637.wav","zenodo"
"317851.wav","/m/07pp_mv","[""/m/07cx4"", ""/m/07pp_mv""]","alarm","[""alarm"", ""telephone""]","zenodo/317851.wav","zenodo"
"188828.wav","/m/07pp_mv","[""/m/07cx4"", ""/m/07pp_mv""]","alarm","[""alarm"", ""telephone""]","zenodo/188828.wav","zenodo"
"59805.wav","/m/07pp_mv","[""/m/07cx4"", ""/m/07pp_mv""]","alarm","[""alarm"", ""telephone""]","zenodo/59805.wav","zenodo"
"59806.wav","/m/07pp_mv","[""/m/07cx4"", ""/m/07pp_mv""]","alarm","[""alarm"", ""telephone""]","zenodo/59806.wav","zenodo"
"59807.wav","/m/07pp_mv","[""/m/07cx4"", ""/m/07pp_mv""]","alarm","[""alarm"", ""telephone""]","zenodo/59807.wav","zenodo"
"135584.wav","/m/07pp_mv","[""/m/07cx4"", ""/m/07pp_mv""]","alarm","[""alarm"", ""telephone""]","zenodo/135584.wav","zenodo"
"364974.wav","/m/07pp_mv","[""/m/07cx4"", ""/m/07pp_mv""]","alarm","[""alarm"", ""telephone""]","zenodo/364974.wav","zenodo"
"217527.wav","/m/07pp_mv","[""/m/07cx4"", ""/m/07pp_mv""]","alarm","[""alarm"", ""telephone""]","zenodo/217527.wav","zenodo"
"426425.wav","/m/07pp_mv","[""/m/07cx4"", ""/m/07pp_mv""]","alarm","[""alarm"", ""telephone""]","zenodo/426425.wav","zenodo"
"98746.wav","/m/07pp_mv","[""/m/07cx4"", ""/m/07pp_mv""]","alarm","[""alarm"", ""telephone""]","zenodo/98746.wav","zenodo"
"80341.wav","/m/07pp_mv","[""/m/07cx4"", ""/m/07pp_mv""]","alarm","[""alarm"", ""telephone""]","zenodo/80341.wav","zenodo"
"152025.wav","/m/07pp_mv","[""/m/07cx4"", ""/m/07pp_mv""]","alarm","[""alarm"", ""telephone""]","zenodo/152025.wav","zenodo"
"80345.wav","/m/07pp_mv","[""/m/07cx4"", ""/m/07pp_mv""]","alarm","[""alarm"", ""telephone""]","zenodo/80345.wav","zenodo"
"80355.wav","/m/07pp_mv","[""/m/07cx4"", ""/m/07pp_mv""]","alarm","[""alarm"", ""telephone""]","zenodo/80355.wav","zenodo"
"389604.wav","/m/07pp_mv","[""/m/07cx4"", ""/m/07pp_mv""]","alarm","[""alarm"", ""telephone""]","zenodo/389604.wav","zenodo"
"125420.wav","/m/07pp_mv","[""/m/07cx4"", ""/m/07pp_mv""]","alarm","[""alarm"", ""telephone""]","zenodo/125420.wav","zenodo"
"367087.wav","/m/07pp_mv","[""/m/07cx4"", ""/m/07pp_mv""]","alarm","[""alarm"", ""telephone""]","zenodo/367087.wav","zenodo"
"207352.wav","/m/07pp_mv","[""/m/07cx4"", ""/m/07pp_mv""]","alarm","[""alarm"", ""telephone""]","zenodo/207352.wav","zenodo"
"211451.wav","/m/07pp_mv","[""/m/07cx4"", ""/m/07pp_mv""]","alarm","[""alarm"", ""telephone""]","zenodo/211451.wav","zenodo"
"328188.wav","/m/07pp_mv","[""/m/07cx4"", ""/m/07pp_mv""]","alarm","[""alarm"", ""telephone""]","zenodo/328188.wav","zenodo"
"188930.wav","/m/07pp_mv","[""/m/07cx4"", ""/m/07pp_mv""]","alarm","[""alarm"", ""telephone""]","zenodo/188930.wav","zenodo"
"188931.wav","/m/07pp_mv","[""/m/07cx4"", ""/m/07pp_mv""]","alarm","[""alarm"", ""telephone""]","zenodo/188931.wav","zenodo"
"268805.wav","/m/07pp_mv","[""/m/07cx4"", ""/m/07pp_mv""]","alarm","[""alarm"", ""telephone""]","zenodo/268805.wav","zenodo"
"135691.wav","/m/07pp_mv","[""/m/07cx4"", ""/m/07pp_mv""]","alarm","[""alarm"", ""telephone""]","zenodo/135691.wav","zenodo"
"315919.wav","/m/07pp_mv","[""/m/07cx4"", ""/m/07pp_mv""]","alarm","[""alarm"", ""telephone""]","zenodo/315919.wav","zenodo"
"137774.wav","/m/07pp_mv","[""/m/07cx4"", ""/m/07pp_mv""]","alarm","[""alarm"", ""telephone""]","zenodo/137774.wav","zenodo"
"432689.wav","/m/07pp_mv","[""/m/07cx4"", ""/m/07pp_mv""]","alarm","[""alarm"", ""telephone""]","zenodo/432689.wav","zenodo"
"426548.wav","/m/07pp_mv","[""/m/07cx4"", ""/m/07pp_mv""]","alarm","[""alarm"", ""telephone""]","zenodo/426548.wav","zenodo"
"426549.wav","/m/07pp_mv","[""/m/07cx4"", ""/m/07pp_mv""]","alarm","[""alarm"", ""telephone""]","zenodo/426549.wav","zenodo"
"164404.wav","/m/07pp_mv","[""/m/07cx4"", ""/m/07pp_mv""]","alarm","[""alarm"", ""telephone""]","zenodo/164404.wav","zenodo"
"31299.wav","/m/07pp_mv","[""/m/07cx4"", ""/m/07pp_mv""]","alarm","[""alarm"", ""telephone""]","zenodo/31299.wav","zenodo"
"182857.wav","/m/07pp_mv","[""/m/07cx4"", ""/m/07pp_mv""]","alarm","[""alarm"", ""telephone""]","zenodo/182857.wav","zenodo"
"170573.wav","/m/07pp_mv","[""/m/07cx4"", ""/m/07pp_mv""]","alarm","[""alarm"", ""telephone""]","zenodo/170573.wav","zenodo"
"346711.wav","/m/07pp_mv","[""/m/07cx4"", ""/m/07pp_mv""]","alarm","[""alarm"", ""telephone""]","zenodo/346711.wav","zenodo"
"316001.wav","/m/07pp_mv","[""/m/07cx4"", ""/m/07pp_mv""]","alarm","[""alarm"", ""telephone""]","zenodo/316001.wav","zenodo"
"326252.wav","/m/07pp_mv","[""/m/07cx4"", ""/m/07pp_mv""]","alarm","[""alarm"", ""telephone""]","zenodo/326252.wav","zenodo"
"275053.wav","/m/07pp_mv","[""/m/07cx4"", ""/m/07pp_mv""]","alarm","[""alarm"", ""telephone""]","zenodo/275053.wav","zenodo"
"268916.wav","/m/07pp_mv","[""/m/07cx4"", ""/m/07pp_mv""]","alarm","[""alarm"", ""telephone""]","zenodo/268916.wav","zenodo"
"268917.wav","/m/07pp_mv","[""/m/07cx4"", ""/m/07pp_mv""]","alarm","[""alarm"", ""telephone""]","zenodo/268917.wav","zenodo"
"426615.wav","/m/07pp_mv","[""/m/07cx4"", ""/m/07pp_mv""]","alarm","[""alarm"", ""telephone""]","zenodo/426615.wav","zenodo"
"41596.wav","/m/07pp_mv","[""/m/07cx4"", ""/m/07pp_mv""]","alarm","[""alarm"", ""telephone""]","zenodo/41596.wav","zenodo"
"178817.wav","/m/07pp_mv","[""/m/07cx4"", ""/m/07pp_mv""]","alarm","[""alarm"", ""telephone""]","zenodo/178817.wav","zenodo"
"178819.wav","/m/07pp_mv","[""/m/07cx4"", ""/m/07pp_mv""]","alarm","[""alarm"", ""telephone""]","zenodo/178819.wav","zenodo"
"178820.wav","/m/07pp_mv","[""/m/07cx4"", ""/m/07pp_mv""]","alarm","[""alarm"", ""telephone""]","zenodo/178820.wav","zenodo"
"178821.wav","/m/07pp_mv","[""/m/07cx4"", ""/m/07pp_mv""]","alarm","[""alarm"", ""telephone""]","zenodo/178821.wav","zenodo"
"98950.wav","/m/07pp_mv","[""/m/07cx4"", ""/m/07pp_mv""]","alarm","[""alarm"", ""telephone""]","zenodo/98950.wav","zenodo"
"178823.wav","/m/07pp_mv","[""/m/07cx4"", ""/m/07pp_mv""]","alarm","[""alarm"", ""telephone""]","zenodo/178823.wav","zenodo"
"266891.wav","/m/07pp_mv","[""/m/07cx4"", ""/m/07pp_mv""]","alarm","[""alarm"", ""telephone""]","zenodo/266891.wav","zenodo"
"45720.wav","/m/07pp_mv","[""/m/07cx4"", ""/m/07pp_mv""]","alarm","[""alarm"", ""telephone""]","zenodo/45720.wav","zenodo"
"45721.wav","/m/07pp_mv","[""/m/07cx4"", ""/m/07pp_mv""]","alarm","[""alarm"", ""telephone""]","zenodo/45721.wav","zenodo"
"66210.wav","/m/07pp_mv","[""/m/07cx4"", ""/m/07pp_mv""]","alarm","[""alarm"", ""telephone""]","zenodo/66210.wav","zenodo"
"371369.wav","/m/07pp_mv","[""/m/07cx4"", ""/m/07pp_mv""]","alarm","[""alarm"", ""telephone""]","zenodo/371369.wav","zenodo"
"133813.wav","/m/07pp_mv","[""/m/07cx4"", ""/m/07pp_mv""]","alarm","[""alarm"", ""telephone""]","zenodo/133813.wav","zenodo"
"352958.wav","/m/07pp_mv","[""/m/07cx4"", ""/m/0316dw"", ""/m/07pp_mv"", ""/t/dd00071""]","alarm","[""alarm"", ""telephone"", ""Domestic_sounds_and_home_sounds"", ""Typing""]","zenodo/352958.wav","zenodo"
"361153.wav","/m/07pp_mv","[""/m/07cx4"", ""/m/07pp_mv""]","alarm","[""alarm"", ""telephone""]","zenodo/361153.wav","zenodo"
"361154.wav","/m/07pp_mv","[""/m/07cx4"", ""/m/07pp_mv""]","alarm","[""alarm"", ""telephone""]","zenodo/361154.wav","zenodo"
"62164.wav","/m/07pp_mv","[""/m/07cx4"", ""/m/07pp_mv""]","alarm","[""alarm"", ""telephone""]","zenodo/62164.wav","zenodo"
"144084.wav","/m/07pp_mv","[""/m/07cx4"", ""/m/07pp_mv""]","alarm","[""alarm"", ""telephone""]","zenodo/144084.wav","zenodo"
"94933.wav","/m/07pp_mv","[""/m/07cx4"", ""/m/07pp_mv""]","alarm","[""alarm"", ""telephone""]","zenodo/94933.wav","zenodo"
"62167.wav","/m/07pp_mv","[""/m/07cx4"", ""/m/07pp_mv""]","alarm","[""alarm"", ""telephone""]","zenodo/62167.wav","zenodo"
"176859.wav","/m/07pp_mv","[""/m/07cx4"", ""/m/07pp_mv""]","alarm","[""alarm"", ""telephone""]","zenodo/176859.wav","zenodo"
"158427.wav","/m/07pp_mv","[""/m/07cx4"", ""/m/07pp_mv""]","alarm","[""alarm"", ""telephone""]","zenodo/158427.wav","zenodo"
"78565.wav","/m/07pp_mv","[""/m/07cx4"", ""/m/07pp_mv""]","alarm","[""alarm"", ""telephone""]","zenodo/78565.wav","zenodo"
"66288.wav","/m/07pp_mv","[""/m/07cx4"", ""/m/07pp_mv""]","alarm","[""alarm"", ""telephone""]","zenodo/66288.wav","zenodo"
"82673.wav","/m/07pp_mv","[""/m/07cx4"", ""/m/07pp_mv""]","alarm","[""alarm"", ""telephone""]","zenodo/82673.wav","zenodo"
"66289.wav","/m/07pp_mv","[""/m/07cx4"", ""/m/07pp_mv""]","alarm","[""alarm"", ""telephone""]","zenodo/66289.wav","zenodo"
"66290.wav","/m/07pp_mv","[""/m/07cx4"", ""/m/07pp_mv""]","alarm","[""alarm"", ""telephone""]","zenodo/66290.wav","zenodo"
"66291.wav","/m/07pp_mv","[""/m/07cx4"", ""/m/07pp_mv""]","alarm","[""alarm"", ""telephone""]","zenodo/66291.wav","zenodo"
"66292.wav","/m/07pp_mv","[""/m/07cx4"", ""/m/07pp_mv""]","alarm","[""alarm"", ""telephone""]","zenodo/66292.wav","zenodo"
"66293.wav","/m/07pp_mv","[""/m/07cx4"", ""/m/07pp_mv""]","alarm","[""alarm"", ""telephone""]","zenodo/66293.wav","zenodo"
"66294.wav","/m/07pp_mv","[""/m/07cx4"", ""/m/07pp_mv""]","alarm","[""alarm"", ""telephone""]","zenodo/66294.wav","zenodo"
"66295.wav","/m/07pp_mv","[""/m/07cx4"", ""/m/07pp_mv""]","alarm","[""alarm"", ""telephone""]","zenodo/66295.wav","zenodo"
"422649.wav","/m/07pp_mv","[""/m/07cx4"", ""/m/07pp_mv""]","alarm","[""alarm"", ""telephone""]","zenodo/422649.wav","zenodo"
"66296.wav","/m/07pp_mv","[""/m/07cx4"", ""/m/07pp_mv""]","alarm","[""alarm"", ""telephone""]","zenodo/66296.wav","zenodo"
"422651.wav","/m/07pp_mv","[""/m/07cx4"", ""/m/07pp_mv""]","alarm","[""alarm"", ""telephone""]","zenodo/422651.wav","zenodo"
"66297.wav","/m/07pp_mv","[""/m/07cx4"", ""/m/07pp_mv""]","alarm","[""alarm"", ""telephone""]","zenodo/66297.wav","zenodo"
"66298.wav","/m/07pp_mv","[""/m/07cx4"", ""/m/07pp_mv""]","alarm","[""alarm"", ""telephone""]","zenodo/66298.wav","zenodo"
"66300.wav","/m/07pp_mv","[""/m/07cx4"", ""/m/07pp_mv""]","alarm","[""alarm"", ""telephone""]","zenodo/66300.wav","zenodo"
"262911.wav","/m/07pp_mv","[""/m/07cx4"", ""/m/07pp_mv""]","alarm","[""alarm"", ""telephone""]","zenodo/262911.wav","zenodo"
"66303.wav","/m/07pp_mv","[""/m/07cx4"", ""/m/07pp_mv""]","alarm","[""alarm"", ""telephone""]","zenodo/66303.wav","zenodo"
"66301.wav","/m/07pp_mv","[""/m/07cx4"", ""/m/07pp_mv""]","alarm","[""alarm"", ""telephone""]","zenodo/66301.wav","zenodo"
"66302.wav","/m/07pp_mv","[""/m/07cx4"", ""/m/07pp_mv""]","alarm","[""alarm"", ""telephone""]","zenodo/66302.wav","zenodo"
"66299.wav","/m/07pp_mv","[""/m/07cx4"", ""/m/07pp_mv""]","alarm","[""alarm"", ""telephone""]","zenodo/66299.wav","zenodo"
"414471.wav","/m/07pp_mv","[""/m/07cx4"", ""/m/07pp_mv""]","alarm","[""alarm"", ""telephone""]","zenodo/414471.wav","zenodo"
"414472.wav","/m/07pp_mv","[""/m/07cx4"", ""/m/07pp_mv""]","alarm","[""alarm"", ""telephone""]","zenodo/414472.wav","zenodo"
"215818.wav","/m/07pp_mv","[""/m/07cx4"", ""/m/07pp_mv""]","alarm","[""alarm"", ""telephone""]","zenodo/215818.wav","zenodo"
"215819.wav","/m/07pp_mv","[""/m/07cx4"", ""/m/07pp_mv""]","alarm","[""alarm"", ""telephone""]","zenodo/215819.wav","zenodo"
"215820.wav","/m/07pp_mv","[""/m/07cx4"", ""/m/07pp_mv""]","alarm","[""alarm"", ""telephone""]","zenodo/215820.wav","zenodo"
"215821.wav","/m/07pp_mv","[""/m/07cx4"", ""/m/07pp_mv""]","alarm","[""alarm"", ""telephone""]","zenodo/215821.wav","zenodo"
"215822.wav","/m/07pp_mv","[""/m/07cx4"", ""/m/07pp_mv""]","alarm","[""alarm"", ""telephone""]","zenodo/215822.wav","zenodo"
"68381.wav","/m/07pp_mv","[""/m/07cx4"", ""/m/07pp_mv""]","alarm","[""alarm"", ""telephone""]","zenodo/68381.wav","zenodo"
"271152.wav","/m/07pp_mv","[""/m/07cx4"", ""/m/07pp_mv""]","alarm","[""alarm"", ""telephone""]","zenodo/271152.wav","zenodo"
"138042.wav","/m/07pp_mv","[""/m/07cx4"", ""/m/07pp_mv""]","alarm","[""alarm"", ""telephone""]","zenodo/138042.wav","zenodo"
"273213.wav","/m/07pp_mv","[""/m/07cx4"", ""/m/07pp_mv""]","alarm","[""alarm"", ""telephone""]","zenodo/273213.wav","zenodo"
"179012.wav","/m/07pp_mv","[""/m/07cx4"", ""/m/07pp_mv""]","alarm","[""alarm"", ""telephone""]","zenodo/179012.wav","zenodo"
"242502.wav","/m/07pp_mv","[""/m/07cx4"", ""/m/07pp_mv""]","alarm","[""alarm"", ""telephone""]","zenodo/242502.wav","zenodo"
"164690.wav","/m/07pp_mv","[""/m/07cx4"", ""/m/07pp_mv""]","alarm","[""alarm"", ""telephone""]","zenodo/164690.wav","zenodo"
"197472.wav","/m/07pp_mv","[""/m/07cx4"", ""/m/07pp_mv""]","alarm","[""alarm"", ""telephone""]","zenodo/197472.wav","zenodo"
"144236.wav","/m/07pp_mv","[""/m/07cx4"", ""/m/07pp_mv""]","alarm","[""alarm"", ""telephone""]","zenodo/144236.wav","zenodo"
"265080.wav","/m/07pp_mv","[""/m/07cx4"", ""/m/07pp_mv""]","alarm","[""alarm"", ""telephone""]","zenodo/265080.wav","zenodo"
"265083.wav","/m/07pp_mv","[""/m/07cx4"", ""/m/07pp_mv""]","alarm","[""alarm"", ""telephone""]","zenodo/265083.wav","zenodo"
"265085.wav","/m/07pp_mv","[""/m/07cx4"", ""/m/07pp_mv""]","alarm","[""alarm"", ""telephone""]","zenodo/265085.wav","zenodo"
"265088.wav","/m/07pp_mv","[""/m/07cx4"", ""/m/07pp_mv""]","alarm","[""alarm"", ""telephone""]","zenodo/265088.wav","zenodo"
"156546.wav","/m/07pp_mv","[""/m/07cx4"", ""/m/07pp_mv""]","alarm","[""alarm"", ""telephone""]","zenodo/156546.wav","zenodo"
"25480.wav","/m/07pp_mv","[""/m/07cx4"", ""/m/07pp_mv""]","alarm","[""alarm"", ""telephone""]","zenodo/25480.wav","zenodo"
"95112.wav","/m/07pp_mv","[""/m/07cx4"", ""/m/07pp_mv""]","alarm","[""alarm"", ""telephone""]","zenodo/95112.wav","zenodo"
"95114.wav","/m/07pp_mv","[""/m/07cx4"", ""/m/07pp_mv""]","alarm","[""alarm"", ""telephone""]","zenodo/95114.wav","zenodo"
"7056.wav","/m/07pp_mv","[""/m/07cx4"", ""/m/07pp_mv""]","alarm","[""alarm"", ""telephone""]","zenodo/7056.wav","zenodo"
"121750.wav","/m/07pp_mv","[""/m/07cx4"", ""/m/07pp_mv""]","alarm","[""alarm"", ""telephone""]","zenodo/121750.wav","zenodo"
"121754.wav","/m/07pp_mv","[""/m/07cx4"", ""/m/07pp_mv""]","alarm","[""alarm"", ""telephone""]","zenodo/121754.wav","zenodo"
"349084.wav","/m/07pp_mv","[""/m/07cx4"", ""/m/07pp_mv""]","alarm","[""alarm"", ""telephone""]","zenodo/349084.wav","zenodo"
"121756.wav","/m/07pp_mv","[""/m/07cx4"", ""/m/07pp_mv""]","alarm","[""alarm"", ""telephone""]","zenodo/121756.wav","zenodo"
"121758.wav","/m/07pp_mv","[""/m/07cx4"", ""/m/07pp_mv""]","alarm","[""alarm"", ""telephone""]","zenodo/121758.wav","zenodo"
"121759.wav","/m/07pp_mv","[""/m/07cx4"", ""/m/07pp_mv""]","alarm","[""alarm"", ""telephone""]","zenodo/121759.wav","zenodo"
"158621.wav","/m/07pp_mv","[""/m/07cx4"", ""/m/07pp_mv""]","alarm","[""alarm"", ""telephone""]","zenodo/158621.wav","zenodo"
"175039.wav","/m/07pp_mv","[""/m/07cx4"", ""/m/07pp_mv""]","alarm","[""alarm"", ""telephone""]","zenodo/175039.wav","zenodo"
"267199.wav","/m/07pp_mv","[""/m/07cx4"", ""/m/07pp_mv""]","alarm","[""alarm"", ""telephone""]","zenodo/267199.wav","zenodo"
"273345.wav","/m/07pp_mv","[""/m/07cx4"", ""/m/07pp_mv""]","alarm","[""alarm"", ""telephone""]","zenodo/273345.wav","zenodo"
"273344.wav","/m/07pp_mv","[""/m/07cx4"", ""/m/07pp_mv""]","alarm","[""alarm"", ""telephone""]","zenodo/273344.wav","zenodo"
"273348.wav","/m/07pp_mv","[""/m/07cx4"", ""/m/07pp_mv""]","alarm","[""alarm"", ""telephone""]","zenodo/273348.wav","zenodo"
"273349.wav","/m/07pp_mv","[""/m/07cx4"", ""/m/07pp_mv""]","alarm","[""alarm"", ""telephone""]","zenodo/273349.wav","zenodo"
"103391.wav","/m/07pp_mv","[""/m/07cx4"", ""/m/07pp_mv""]","alarm","[""alarm"", ""telephone""]","zenodo/103391.wav","zenodo"
"365539.wav","/m/07pp_mv","[""/m/07cx4"", ""/m/07pp_mv""]","alarm","[""alarm"", ""telephone""]","zenodo/365539.wav","zenodo"
"166888.wav","/m/07pp_mv","[""/m/07cx4"", ""/m/07pp_mv""]","alarm","[""alarm"", ""telephone""]","zenodo/166888.wav","zenodo"
"164843.wav","/m/07pp_mv","[""/m/07cx4"", ""/m/07pp_mv""]","alarm","[""alarm"", ""telephone""]","zenodo/164843.wav","zenodo"
"29679.wav","/m/07pp_mv","[""/m/07cx4"", ""/m/07pp_mv""]","alarm","[""alarm"", ""telephone""]","zenodo/29679.wav","zenodo"
"390136.wav","/m/07pp_mv","[""/m/07cx4"", ""/m/07pp_mv""]","alarm","[""alarm"", ""telephone""]","zenodo/390136.wav","zenodo"
"17405.wav","/m/07pp_mv","[""/m/07cx4"", ""/m/07pp_mv""]","alarm","[""alarm"", ""telephone""]","zenodo/17405.wav","zenodo"
"384004.wav","/m/07pp_mv","[""/m/07cx4"", ""/m/07pp_mv""]","alarm","[""alarm"", ""telephone""]","zenodo/384004.wav","zenodo"
"214020.wav","/m/07pp_mv","[""/m/07cx4"", ""/m/07pp_mv""]","alarm","[""alarm"", ""telephone""]","zenodo/214020.wav","zenodo"
"130054.wav","/m/07pp_mv","[""/m/07cx4"", ""/m/07pp_mv""]","alarm","[""alarm"", ""telephone""]","zenodo/130054.wav","zenodo"
"160775.wav","/m/07pp_mv","[""/m/07cx4"", ""/m/07pp_mv""]","alarm","[""alarm"", ""telephone""]","zenodo/160775.wav","zenodo"
"384009.wav","/m/07pp_mv","[""/m/07cx4"", ""/m/07pp_mv""]","alarm","[""alarm"", ""telephone""]","zenodo/384009.wav","zenodo"
"212006.wav","/m/07pp_mv","[""/m/07cx4"", ""/m/07pp_mv""]","alarm","[""alarm"", ""telephone""]","zenodo/212006.wav","zenodo"
"271399.wav","/m/07pp_mv","[""/m/07cx4"", ""/m/07pp_mv""]","alarm","[""alarm"", ""telephone""]","zenodo/271399.wav","zenodo"
"60463.wav","/m/07pp_mv","[""/m/07cx4"", ""/m/07pp_mv""]","alarm","[""alarm"", ""telephone""]","zenodo/60463.wav","zenodo"
"31799.wav","/m/07pp_mv","[""/m/07cx4"", ""/m/07pp_mv""]","alarm","[""alarm"", ""telephone""]","zenodo/31799.wav","zenodo"
"369720.wav","/m/07pp_mv","[""/m/07cx4"", ""/m/07pp_mv""]","alarm","[""alarm"", ""telephone""]","zenodo/369720.wav","zenodo"
"177209.wav","/m/07pp_mv","[""/m/07cx4"", ""/m/07pp_mv""]","alarm","[""alarm"", ""telephone""]","zenodo/177209.wav","zenodo"
"31802.wav","/m/07pp_mv","[""/m/07cx4"", ""/m/07pp_mv""]","alarm","[""alarm"", ""telephone""]","zenodo/31802.wav","zenodo"
"269379.wav","/m/07pp_mv","[""/m/07cx4"", ""/m/07pp_mv""]","alarm","[""alarm"", ""telephone""]","zenodo/269379.wav","zenodo"
"269380.wav","/m/07pp_mv","[""/m/07cx4"", ""/m/07pp_mv""]","alarm","[""alarm"", ""telephone""]","zenodo/269380.wav","zenodo"
"326730.wav","/m/07pp_mv","[""/m/07cx4"", ""/m/07pp_mv""]","alarm","[""alarm"", ""telephone""]","zenodo/326730.wav","zenodo"
"324693.wav","/m/07pp_mv","[""/m/07cx4"", ""/m/07pp_mv""]","alarm","[""alarm"", ""telephone""]","zenodo/324693.wav","zenodo"
"117848.wav","/m/07pp_mv","[""/m/07cx4"", ""/m/07pp_mv""]","alarm","[""alarm"", ""telephone""]","zenodo/117848.wav","zenodo"
"347234.wav","/m/07pp_mv","[""/m/07cx4"", ""/m/07pp_mv""]","alarm","[""alarm"", ""telephone""]","zenodo/347234.wav","zenodo"
"334947.wav","/m/07pp_mv","[""/m/07cx4"", ""/m/07pp_mv""]","alarm","[""alarm"", ""telephone""]","zenodo/334947.wav","zenodo"
"334948.wav","/m/07pp_mv","[""/m/07cx4"", ""/m/07pp_mv""]","alarm","[""alarm"", ""telephone""]","zenodo/334948.wav","zenodo"
"179301.wav","/m/07pp_mv","[""/m/07cx4"", ""/m/07pp_mv""]","alarm","[""alarm"", ""telephone""]","zenodo/179301.wav","zenodo"
"171113.wav","/m/07pp_mv","[""/m/07cx4"", ""/m/07pp_mv""]","alarm","[""alarm"", ""telephone""]","zenodo/171113.wav","zenodo"
"351343.wav","/m/07pp_mv","[""/m/07cx4"", ""/m/07pp_mv""]","alarm","[""alarm"", ""telephone""]","zenodo/351343.wav","zenodo"
"15482.wav","/m/07pp_mv","[""/m/07cx4"", ""/m/07pp_mv""]","alarm","[""alarm"", ""telephone""]","zenodo/15482.wav","zenodo"
"76927.wav","/m/07pp_mv","[""/m/07cx4"", ""/m/07pp_mv""]","alarm","[""alarm"", ""telephone""]","zenodo/76927.wav","zenodo"
"410756.wav","/m/07pp_mv","[""/m/07cx4"", ""/m/07pp_mv""]","alarm","[""alarm"", ""telephone""]","zenodo/410756.wav","zenodo"
"70789.wav","/m/07pp_mv","[""/m/07cx4"", ""/m/07pp_mv""]","alarm","[""alarm"", ""telephone""]","zenodo/70789.wav","zenodo"
"189579.wav","/m/07pp_mv","[""/m/07cx4"", ""/m/07pp_mv""]","alarm","[""alarm"", ""telephone""]","zenodo/189579.wav","zenodo"
"201877.wav","/m/07pp_mv","[""/m/07cx4"", ""/m/07pp_mv""]","alarm","[""alarm"", ""telephone""]","zenodo/201877.wav","zenodo"
"201878.wav","/m/07pp_mv","[""/m/07cx4"", ""/m/07pp_mv""]","alarm","[""alarm"", ""telephone""]","zenodo/201878.wav","zenodo"
"117922.wav","/m/07pp_mv","[""/m/07cx4"", ""/m/07pp_mv""]","alarm","[""alarm"", ""telephone""]","zenodo/117922.wav","zenodo"
"369839.wav","/m/07pp_mv","[""/m/07cx4"", ""/m/07pp_mv""]","alarm","[""alarm"", ""telephone""]","zenodo/369839.wav","zenodo"
"9392.wav","/m/07pp_mv","[""/m/07cx4"", ""/m/07pp_mv""]","alarm","[""alarm"", ""telephone""]","zenodo/9392.wav","zenodo"
"9393.wav","/m/07pp_mv","[""/m/07cx4"", ""/m/07pp_mv""]","alarm","[""alarm"", ""telephone""]","zenodo/9393.wav","zenodo"
"369840.wav","/m/07pp_mv","[""/m/07cx4"", ""/m/07pp_mv""]","alarm","[""alarm"", ""telephone""]","zenodo/369840.wav","zenodo"
"369841.wav","/m/07pp_mv","[""/m/07cx4"", ""/m/07pp_mv""]","alarm","[""alarm"", ""telephone""]","zenodo/369841.wav","zenodo"
"369842.wav","/m/07pp_mv","[""/m/07cx4"", ""/m/07pp_mv""]","alarm","[""alarm"", ""telephone""]","zenodo/369842.wav","zenodo"
"21680.wav","/m/07pp_mv","[""/m/07cx4"", ""/m/07pp_mv""]","alarm","[""alarm"", ""telephone""]","zenodo/21680.wav","zenodo"
"369844.wav","/m/07pp_mv","[""/m/07cx4"", ""/m/07pp_mv""]","alarm","[""alarm"", ""telephone""]","zenodo/369844.wav","zenodo"
"404678.wav","/m/07pp_mv","[""/m/07cx4"", ""/m/07pp_mv""]","alarm","[""alarm"", ""telephone""]","zenodo/404678.wav","zenodo"
"165063.wav","/m/07pp_mv","[""/m/07cx4"", ""/m/07pp_mv""]","alarm","[""alarm"", ""telephone""]","zenodo/165063.wav","zenodo"
"85205.wav","/m/07pp_mv","[""/m/07cx4"", ""/m/07pp_mv""]","alarm","[""alarm"", ""telephone""]","zenodo/85205.wav","zenodo"
"25821.wav","/m/07pp_mv","[""/m/07cx4"", ""/m/07pp_mv""]","alarm","[""alarm"", ""telephone""]","zenodo/25821.wav","zenodo"
"77031.wav","/m/07pp_mv","[""/m/07cx4"", ""/m/07pp_mv""]","alarm","[""alarm"", ""telephone""]","zenodo/77031.wav","zenodo"
"363771.wav","/m/07pp_mv","[""/m/07cx4"", ""/m/07pp_mv""]","alarm","[""alarm"", ""telephone""]","zenodo/363771.wav","zenodo"
"29950.wav","/m/07pp_mv","[""/m/07cx4"", ""/m/07pp_mv""]","alarm","[""alarm"", ""telephone""]","zenodo/29950.wav","zenodo"
"29951.wav","/m/07pp_mv","[""/m/07cx4"", ""/m/07pp_mv""]","alarm","[""alarm"", ""telephone""]","zenodo/29951.wav","zenodo"
"201984.wav","/m/07pp_mv","[""/m/07cx4"", ""/m/07pp_mv""]","alarm","[""alarm"", ""telephone""]","zenodo/201984.wav","zenodo"
"236799.wav","/m/07pp_mv","[""/m/07cx4"", ""/m/07pp_mv""]","alarm","[""alarm"", ""telephone""]","zenodo/236799.wav","zenodo"
"29962.wav","/m/07pp_mv","[""/m/07cx4"", ""/m/07pp_mv""]","alarm","[""alarm"", ""telephone""]","zenodo/29962.wav","zenodo"
"349483.wav","/m/07pp_mv","[""/m/07cx4"", ""/m/07pp_mv""]","alarm","[""alarm"", ""telephone""]","zenodo/349483.wav","zenodo"
"79147.wav","/m/07pp_mv","[""/m/07cx4"", ""/m/07pp_mv""]","alarm","[""alarm"", ""telephone""]","zenodo/79147.wav","zenodo"
"390448.wav","/m/07pp_mv","[""/m/07cx4"", ""/m/07pp_mv""]","alarm","[""alarm"", ""telephone""]","zenodo/390448.wav","zenodo"
"73011.wav","/m/07pp_mv","[""/m/07cx4"", ""/m/07pp_mv""]","alarm","[""alarm"", ""telephone""]","zenodo/73011.wav","zenodo"
"351540.wav","/m/07pp_mv","[""/m/07cx4"", ""/m/07pp_mv""]","alarm","[""alarm"", ""telephone""]","zenodo/351540.wav","zenodo"
"351541.wav","/m/07pp_mv","[""/m/07cx4"", ""/m/07pp_mv""]","alarm","[""alarm"", ""telephone""]","zenodo/351541.wav","zenodo"
"351542.wav","/m/07pp_mv","[""/m/07cx4"", ""/m/07pp_mv""]","alarm","[""alarm"", ""telephone""]","zenodo/351542.wav","zenodo"
"351543.wav","/m/07pp_mv","[""/m/07cx4"", ""/m/07pp_mv""]","alarm","[""alarm"", ""telephone""]","zenodo/351543.wav","zenodo"
"351545.wav","/m/07pp_mv","[""/m/07cx4"", ""/m/07pp_mv""]","alarm","[""alarm"", ""telephone""]","zenodo/351545.wav","zenodo"
"351547.wav","/m/07pp_mv","[""/m/07cx4"", ""/m/07pp_mv""]","alarm","[""alarm"", ""telephone""]","zenodo/351547.wav","zenodo"
"351548.wav","/m/07pp_mv","[""/m/07cx4"", ""/m/07pp_mv""]","alarm","[""alarm"", ""telephone""]","zenodo/351548.wav","zenodo"
"345421.wav","/m/07pp_mv","[""/m/07cx4"", ""/m/07pp_mv""]","alarm","[""alarm"", ""telephone""]","zenodo/345421.wav","zenodo"
"38229.wav","/m/07pp_mv","[""/m/07cx4"", ""/m/07pp_mv""]","alarm","[""alarm"", ""telephone""]","zenodo/38229.wav","zenodo"
"85344.wav","/m/07pp_mv","[""/m/07cx4"", ""/m/07pp_mv""]","alarm","[""alarm"", ""telephone""]","zenodo/85344.wav","zenodo"
"249191.wav","/m/07pp_mv","[""/m/07cx4"", ""/m/07pp_mv""]","alarm","[""alarm"", ""telephone""]","zenodo/249191.wav","zenodo"
"155009.wav","/m/07pp_mv","[""/m/07cx4"", ""/m/07pp_mv""]","alarm","[""alarm"", ""telephone""]","zenodo/155009.wav","zenodo"
"30085.wav","/m/07pp_mv","[""/m/07cx4"", ""/m/07pp_mv""]","alarm","[""alarm"", ""telephone""]","zenodo/30085.wav","zenodo"
"19880.wav","/m/07pp_mv","[""/m/07cx4"", ""/m/07pp_mv""]","alarm","[""alarm"", ""telephone""]","zenodo/19880.wav","zenodo"
"87466.wav","/m/07pp_mv","[""/m/07cx4"", ""/m/07pp_mv""]","alarm","[""alarm"", ""telephone""]","zenodo/87466.wav","zenodo"
"339370.wav","/m/07pp_mv","[""/m/07cx4"", ""/m/07pp_mv""]","alarm","[""alarm"", ""telephone""]","zenodo/339370.wav","zenodo"
"60844.wav","/m/07pp_mv","[""/m/07cx4"", ""/m/07pp_mv""]","alarm","[""alarm"", ""telephone""]","zenodo/60844.wav","zenodo"
"32217.wav","/m/07pp_mv","[""/m/07cx4"", ""/m/07pp_mv""]","alarm","[""alarm"", ""telephone""]","zenodo/32217.wav","zenodo"
"32218.wav","/m/07pp_mv","[""/m/07cx4"", ""/m/07pp_mv""]","alarm","[""alarm"", ""telephone""]","zenodo/32218.wav","zenodo"
"32219.wav","/m/07pp_mv","[""/m/07cx4"", ""/m/07pp_mv""]","alarm","[""alarm"", ""telephone""]","zenodo/32219.wav","zenodo"
"36316.wav","/m/07pp_mv","[""/m/07cx4"", ""/m/07pp_mv""]","alarm","[""alarm"", ""telephone""]","zenodo/36316.wav","zenodo"
"36317.wav","/m/07pp_mv","[""/m/07cx4"", ""/m/07pp_mv""]","alarm","[""alarm"", ""telephone""]","zenodo/36317.wav","zenodo"
"351721.wav","/m/07pp_mv","[""/m/07cx4"", ""/m/07pp_mv""]","alarm","[""alarm"", ""telephone""]","zenodo/351721.wav","zenodo"
"89593.wav","/m/07pp_mv","[""/m/07cx4"", ""/m/07pp_mv""]","alarm","[""alarm"", ""telephone""]","zenodo/89593.wav","zenodo"
"97786.wav","/m/07pp_mv","[""/m/07cx4"", ""/m/07pp_mv""]","alarm","[""alarm"", ""telephone""]","zenodo/97786.wav","zenodo"
"97789.wav","/m/07pp_mv","[""/m/07cx4"", ""/m/07pp_mv""]","alarm","[""alarm"", ""telephone""]","zenodo/97789.wav","zenodo"
"175620.wav","/m/07pp_mv","[""/m/07cx4"", ""/m/07pp_mv""]","alarm","[""alarm"", ""telephone""]","zenodo/175620.wav","zenodo"
"175621.wav","/m/07pp_mv","[""/m/07cx4"", ""/m/07pp_mv""]","alarm","[""alarm"", ""telephone""]","zenodo/175621.wav","zenodo"
"50700.wav","/m/07pp_mv","[""/m/07cx4"", ""/m/07pp_mv""]","alarm","[""alarm"", ""telephone""]","zenodo/50700.wav","zenodo"
"87574.wav","/m/07pp_mv","[""/m/07cx4"", ""/m/07pp_mv""]","alarm","[""alarm"", ""telephone""]","zenodo/87574.wav","zenodo"
"265755.wav","/m/07pp_mv","[""/m/07cx4"", ""/m/07pp_mv""]","alarm","[""alarm"", ""telephone""]","zenodo/265755.wav","zenodo"
"185887.wav","/m/07pp_mv","[""/m/07cx4"", ""/m/07pp_mv""]","alarm","[""alarm"", ""telephone""]","zenodo/185887.wav","zenodo"
"93733.wav","/m/07pp_mv","[""/m/07cx4"", ""/m/07pp_mv""]","alarm","[""alarm"", ""telephone""]","zenodo/93733.wav","zenodo"
"126504.wav","/m/07pp_mv","[""/m/07cx4"", ""/m/07pp_mv""]","alarm","[""alarm"", ""telephone""]","zenodo/126504.wav","zenodo"
"130604.wav","/m/07pp_mv","[""/m/07cx4"", ""/m/07pp_mv""]","alarm","[""alarm"", ""telephone""]","zenodo/130604.wav","zenodo"
"212531.wav","/m/07pp_mv","[""/m/07cx4"", ""/m/07pp_mv""]","alarm","[""alarm"", ""telephone""]","zenodo/212531.wav","zenodo"
"87604.wav","/m/07pp_mv","[""/m/07cx4"", ""/m/07pp_mv""]","alarm","[""alarm"", ""telephone""]","zenodo/87604.wav","zenodo"
"212533.wav","/m/07pp_mv","[""/m/07cx4"", ""/m/07pp_mv""]","alarm","[""alarm"", ""telephone""]","zenodo/212533.wav","zenodo"
"212534.wav","/m/07pp_mv","[""/m/07cx4"", ""/m/07pp_mv""]","alarm","[""alarm"", ""telephone""]","zenodo/212534.wav","zenodo"
"212535.wav","/m/07pp_mv","[""/m/07cx4"", ""/m/07pp_mv""]","alarm","[""alarm"", ""telephone""]","zenodo/212535.wav","zenodo"
"212532.wav","/m/07pp_mv","[""/m/07cx4"", ""/m/07pp_mv""]","alarm","[""alarm"", ""telephone""]","zenodo/212532.wav","zenodo"
"431669.wav","/m/07pp_mv","[""/m/07cx4"", ""/m/07pp_mv""]","alarm","[""alarm"", ""telephone""]","zenodo/431669.wav","zenodo"
"93755.wav","/m/07pp_mv","[""/m/07cx4"", ""/m/07pp_mv""]","alarm","[""alarm"", ""telephone""]","zenodo/93755.wav","zenodo"
"319036.wav","/m/07pp_mv","[""/m/07cx4"", ""/m/07pp_mv""]","alarm","[""alarm"", ""telephone""]","zenodo/319036.wav","zenodo"
"339518.wav","/m/07pp_mv","[""/m/07cx4"", ""/m/07pp_mv""]","alarm","[""alarm"", ""telephone""]","zenodo/339518.wav","zenodo"
"245311.wav","/m/07pp_mv","[""/m/07cx4"", ""/m/07pp_mv""]","alarm","[""alarm"", ""telephone""]","zenodo/245311.wav","zenodo"
"319040.wav","/m/07pp_mv","[""/m/07cx4"", ""/m/07pp_mv""]","alarm","[""alarm"", ""telephone""]","zenodo/319040.wav","zenodo"
"245313.wav","/m/07pp_mv","[""/m/07cx4"", ""/m/07pp_mv""]","alarm","[""alarm"", ""telephone""]","zenodo/245313.wav","zenodo"
"71234.wav","/m/07pp_mv","[""/m/07cx4"", ""/m/07pp_mv""]","alarm","[""alarm"", ""telephone""]","zenodo/71234.wav","zenodo"
"429635.wav","/m/07pp_mv","[""/m/07cx4"", ""/m/07pp_mv""]","alarm","[""alarm"", ""telephone""]","zenodo/429635.wav","zenodo"
"161347.wav","/m/07pp_mv","[""/m/07cx4"", ""/m/07pp_mv""]","alarm","[""alarm"", ""telephone""]","zenodo/161347.wav","zenodo"
"153159.wav","/m/07pp_mv","[""/m/07cx4"", ""/m/07pp_mv""]","alarm","[""alarm"", ""telephone""]","zenodo/153159.wav","zenodo"
"3659.wav","/m/07pp_mv","[""/m/07cx4"", ""/m/07pp_mv""]","alarm","[""alarm"", ""telephone""]","zenodo/3659.wav","zenodo"
"3660.wav","/m/07pp_mv","[""/m/07cx4"", ""/m/07pp_mv""]","alarm","[""alarm"", ""telephone""]","zenodo/3660.wav","zenodo"
"34381.wav","/m/07pp_mv","[""/m/07cx4"", ""/m/07pp_mv""]","alarm","[""alarm"", ""telephone""]","zenodo/34381.wav","zenodo"
"77392.wav","/m/07pp_mv","[""/m/07cx4"", ""/m/07pp_mv""]","alarm","[""alarm"", ""telephone""]","zenodo/77392.wav","zenodo"
"79440.wav","/m/07pp_mv","[""/m/07cx4"", ""/m/07pp_mv""]","alarm","[""alarm"", ""telephone""]","zenodo/79440.wav","zenodo"
"28242.wav","/m/07pp_mv","[""/m/07cx4"", ""/m/07pp_mv""]","alarm","[""alarm"", ""telephone""]","zenodo/28242.wav","zenodo"
"71255.wav","/m/07pp_mv","[""/m/07cx4"", ""/m/07pp_mv""]","alarm","[""alarm"", ""telephone""]","zenodo/71255.wav","zenodo"
"345699.wav","/m/07pp_mv","[""/m/07cx4"", ""/m/07pp_mv""]","alarm","[""alarm"", ""telephone""]","zenodo/345699.wav","zenodo"
"20069.wav","/m/07pp_mv","[""/m/07cx4"", ""/m/07pp_mv""]","alarm","[""alarm"", ""telephone""]","zenodo/20069.wav","zenodo"
"345702.wav","/m/07pp_mv","[""/m/07cx4"", ""/m/07pp_mv""]","alarm","[""alarm"", ""telephone""]","zenodo/345702.wav","zenodo"
"151147.wav","/m/07pp_mv","[""/m/07cx4"", ""/m/07pp_mv""]","alarm","[""alarm"", ""telephone""]","zenodo/151147.wav","zenodo"
"323186.wav","/m/07pp_mv","[""/m/07cx4"", ""/m/07pp_mv""]","alarm","[""alarm"", ""telephone""]","zenodo/323186.wav","zenodo"
"157299.wav","/m/07pp_mv","[""/m/07cx4"", ""/m/07pp_mv""]","alarm","[""alarm"", ""telephone""]","zenodo/157299.wav","zenodo"
"118391.wav","/m/07pp_mv","[""/m/07cx4"", ""/m/07pp_mv""]","alarm","[""alarm"", ""telephone""]","zenodo/118391.wav","zenodo"
"20101.wav","/m/07pp_mv","[""/m/07cx4"", ""/m/07pp_mv""]","alarm","[""alarm"", ""telephone""]","zenodo/20101.wav","zenodo"
"63124.wav","/m/07pp_mv","[""/m/07cx4"", ""/m/07pp_mv""]","alarm","[""alarm"", ""telephone""]","zenodo/63124.wav","zenodo"
"251540.wav","/m/07pp_mv","[""/m/07cx4"", ""/m/07pp_mv""]","alarm","[""alarm"", ""telephone""]","zenodo/251540.wav","zenodo"
"56986.wav","/m/07pp_mv","[""/m/07cx4"", ""/m/07pp_mv""]","alarm","[""alarm"", ""telephone""]","zenodo/56986.wav","zenodo"
"56987.wav","/m/07pp_mv","[""/m/07cx4"", ""/m/07pp_mv""]","alarm","[""alarm"", ""telephone""]","zenodo/56987.wav","zenodo"
"153252.wav","/m/07pp_mv","[""/m/07cx4"", ""/m/07pp_mv""]","alarm","[""alarm"", ""telephone""]","zenodo/153252.wav","zenodo"
"249509.wav","/m/07pp_mv","[""/m/07cx4"", ""/m/07pp_mv""]","alarm","[""alarm"", ""telephone""]","zenodo/249509.wav","zenodo"
"249510.wav","/m/07pp_mv","[""/m/07cx4"", ""/m/07pp_mv""]","alarm","[""alarm"", ""telephone""]","zenodo/249510.wav","zenodo"
"153255.wav","/m/07pp_mv","[""/m/07cx4"", ""/m/07pp_mv""]","alarm","[""alarm"", ""telephone""]","zenodo/153255.wav","zenodo"
"249511.wav","/m/07pp_mv","[""/m/07cx4"", ""/m/07pp_mv""]","alarm","[""alarm"", ""telephone""]","zenodo/249511.wav","zenodo"
"249513.wav","/m/07pp_mv","[""/m/07cx4"", ""/m/07pp_mv""]","alarm","[""alarm"", ""telephone""]","zenodo/249513.wav","zenodo"
"186022.wav","/m/07pp_mv","[""/m/07cx4"", ""/m/07pp_mv""]","alarm","[""alarm"", ""telephone""]","zenodo/186022.wav","zenodo"
"249515.wav","/m/07pp_mv","[""/m/07cx4"", ""/m/07pp_mv""]","alarm","[""alarm"", ""telephone""]","zenodo/249515.wav","zenodo"
"186040.wav","/m/07pp_mv","[""/m/07cx4"", ""/m/07pp_mv""]","alarm","[""alarm"", ""telephone""]","zenodo/186040.wav","zenodo"
"251583.wav","/m/07pp_mv","[""/m/07cx4"", ""/m/07pp_mv""]","alarm","[""alarm"", ""telephone""]","zenodo/251583.wav","zenodo"
"267967.wav","/m/07pp_mv","[""/m/07cx4"", ""/m/07pp_mv""]","alarm","[""alarm"", ""telephone""]","zenodo/267967.wav","zenodo"
"267969.wav","/m/07pp_mv","[""/m/07cx4"", ""/m/07pp_mv""]","alarm","[""alarm"", ""telephone""]","zenodo/267969.wav","zenodo"
"77508.wav","/m/07pp_mv","[""/m/07cx4"", ""/m/07pp_mv""]","alarm","[""alarm"", ""telephone""]","zenodo/77508.wav","zenodo"
"134862.wav","/m/07pp_mv","[""/m/07cx4"", ""/m/07pp_mv""]","alarm","[""alarm"", ""telephone""]","zenodo/134862.wav","zenodo"
"24271.wav","/m/07pp_mv","[""/m/07cx4"", ""/m/07pp_mv""]","alarm","[""alarm"", ""telephone""]","zenodo/24271.wav","zenodo"
"134863.wav","/m/07pp_mv","[""/m/07cx4"", ""/m/07pp_mv""]","alarm","[""alarm"", ""telephone""]","zenodo/134863.wav","zenodo"
"79568.wav","/m/07pp_mv","[""/m/07cx4"", ""/m/07pp_mv""]","alarm","[""alarm"", ""telephone""]","zenodo/79568.wav","zenodo"
"421596.wav","/m/07pp_mv","[""/m/07cx4"", ""/m/07pp_mv""]","alarm","[""alarm"", ""telephone""]","zenodo/421596.wav","zenodo"
"26348.wav","/m/07pp_mv","[""/m/07cx4"", ""/m/07pp_mv""]","alarm","[""alarm"", ""telephone""]","zenodo/26348.wav","zenodo"
"337655.wav","/m/07pp_mv","[""/m/07cx4"", ""/m/07pp_mv""]","alarm","[""alarm"", ""telephone""]","zenodo/337655.wav","zenodo"
"337656.wav","/m/07pp_mv","[""/m/07cx4"", ""/m/07pp_mv""]","alarm","[""alarm"", ""telephone""]","zenodo/337656.wav","zenodo"
"337657.wav","/m/07pp_mv","[""/m/07cx4"", ""/m/07pp_mv""]","alarm","[""alarm"", ""telephone""]","zenodo/337657.wav","zenodo"
"337658.wav","/m/07pp_mv","[""/m/07cx4"", ""/m/07pp_mv""]","alarm","[""alarm"", ""telephone""]","zenodo/337658.wav","zenodo"
"83704.wav","/m/07pp_mv","[""/m/07cx4"", ""/m/07pp_mv""]","alarm","[""alarm"", ""telephone""]","zenodo/83704.wav","zenodo"
"151292.wav","/m/07pp_mv","[""/m/07cx4"", ""/m/07pp_mv""]","alarm","[""alarm"", ""telephone""]","zenodo/151292.wav","zenodo"
"26373.wav","/m/07pp_mv","[""/m/07cx4"", ""/m/07pp_mv""]","alarm","[""alarm"", ""telephone""]","zenodo/26373.wav","zenodo"
"257806.wav","/m/07pp_mv","[""/m/07cx4"", ""/m/07pp_mv""]","alarm","[""alarm"", ""telephone""]","zenodo/257806.wav","zenodo"
"253713.wav","/m/07pp_mv","[""/m/07cx4"", ""/m/07pp_mv""]","alarm","[""alarm"", ""telephone""]","zenodo/253713.wav","zenodo"
"79633.wav","/m/07pp_mv","[""/m/07cx4"", ""/m/07pp_mv""]","alarm","[""alarm"", ""telephone""]","zenodo/79633.wav","zenodo"
"79638.wav","/m/07pp_mv","[""/m/07cx4"", ""/m/07pp_mv""]","alarm","[""alarm"", ""telephone""]","zenodo/79638.wav","zenodo"
"79639.wav","/m/07pp_mv","[""/m/07cx4"", ""/m/07pp_mv""]","alarm","[""alarm"", ""telephone""]","zenodo/79639.wav","zenodo"
"79650.wav","/m/07pp_mv","[""/m/07cx4"", ""/m/07pp_mv""]","alarm","[""alarm"", ""telephone""]","zenodo/79650.wav","zenodo"
"139055.wav","/m/07pp_mv","[""/m/07cx4"", ""/m/07pp_mv""]","alarm","[""alarm"", ""telephone""]","zenodo/139055.wav","zenodo"
"208699.wav","/m/07pp_mv","[""/m/07cx4"", ""/m/07pp_mv""]","alarm","[""alarm"", ""telephone""]","zenodo/208699.wav","zenodo"
"208700.wav","/m/07pp_mv","[""/m/07cx4"", ""/m/07pp_mv""]","alarm","[""alarm"", ""telephone""]","zenodo/208700.wav","zenodo"
"20284.wav","/m/07pp_mv","[""/m/07cx4"", ""/m/07pp_mv""]","alarm","[""alarm"", ""telephone""]","zenodo/20284.wav","zenodo"
"112455.wav","/m/07pp_mv","[""/m/07cx4"", ""/m/07pp_mv""]","alarm","[""alarm"", ""telephone""]","zenodo/112455.wav","zenodo"
"274252.wav","/m/07pp_mv","[""/m/07cx4"", ""/m/07pp_mv""]","alarm","[""alarm"", ""telephone""]","zenodo/274252.wav","zenodo"
"259926.wav","/m/07pp_mv","[""/m/07cx4"", ""/m/07pp_mv""]","alarm","[""alarm"", ""telephone""]","zenodo/259926.wav","zenodo"
"259927.wav","/m/07pp_mv","[""/m/07cx4"", ""/m/07pp_mv""]","alarm","[""alarm"", ""telephone""]","zenodo/259927.wav","zenodo"
"415576.wav","/m/07pp_mv","[""/m/07cx4"", ""/m/07pp_mv""]","alarm","[""alarm"", ""telephone""]","zenodo/415576.wav","zenodo"
"415577.wav","/m/07pp_mv","[""/m/07cx4"", ""/m/07pp_mv""]","alarm","[""alarm"", ""telephone""]","zenodo/415577.wav","zenodo"
"397158.wav","/m/07pp_mv","[""/m/07cx4"", ""/m/07pp_mv""]","alarm","[""alarm"", ""telephone""]","zenodo/397158.wav","zenodo"
"397159.wav","/m/07pp_mv","[""/m/07cx4"", ""/m/07pp_mv""]","alarm","[""alarm"", ""telephone""]","zenodo/397159.wav","zenodo"
"397161.wav","/m/07pp_mv","[""/m/07cx4"", ""/m/07pp_mv""]","alarm","[""alarm"", ""telephone""]","zenodo/397161.wav","zenodo"
"397162.wav","/m/07pp_mv","[""/m/07cx4"", ""/m/07pp_mv""]","alarm","[""alarm"", ""telephone""]","zenodo/397162.wav","zenodo"
"274288.wav","/m/07pp_mv","[""/m/07cx4"", ""/m/07pp_mv""]","alarm","[""alarm"", ""telephone""]","zenodo/274288.wav","zenodo"
"274289.wav","/m/07pp_mv","[""/m/07cx4"", ""/m/07pp_mv""]","alarm","[""alarm"", ""telephone""]","zenodo/274289.wav","zenodo"
"122740.wav","/m/07pp_mv","[""/m/07cx4"", ""/m/07pp_mv""]","alarm","[""alarm"", ""telephone""]","zenodo/122740.wav","zenodo"
"186244.wav","/m/07pp_mv","[""/m/07cx4"", ""/m/07pp_mv""]","alarm","[""alarm"", ""telephone""]","zenodo/186244.wav","zenodo"
"3977.wav","/m/07pp_mv","[""/m/07cx4"", ""/m/07pp_mv""]","alarm","[""alarm"", ""telephone""]","zenodo/3977.wav","zenodo"
"22410.wav","/m/07pp_mv","[""/m/07cx4"", ""/m/07pp_mv""]","alarm","[""alarm"", ""telephone""]","zenodo/22410.wav","zenodo"
"22411.wav","/m/07pp_mv","[""/m/07cx4"", ""/m/07pp_mv""]","alarm","[""alarm"", ""telephone""]","zenodo/22411.wav","zenodo"
"157590.wav","/m/07pp_mv","[""/m/07cx4"", ""/m/07pp_mv""]","alarm","[""alarm"", ""telephone""]","zenodo/157590.wav","zenodo"
"157591.wav","/m/07pp_mv","[""/m/07cx4"", ""/m/07pp_mv""]","alarm","[""alarm"", ""telephone""]","zenodo/157591.wav","zenodo"
"157592.wav","/m/07pp_mv","[""/m/07cx4"", ""/m/07pp_mv""]","alarm","[""alarm"", ""telephone""]","zenodo/157592.wav","zenodo"
"157593.wav","/m/07pp_mv","[""/m/07cx4"", ""/m/07pp_mv""]","alarm","[""alarm"", ""telephone""]","zenodo/157593.wav","zenodo"
"259992.wav","/m/07pp_mv","[""/m/07cx4"", ""/m/07pp_mv""]","alarm","[""alarm"", ""telephone""]","zenodo/259992.wav","zenodo"
"77723.wav","/m/07pp_mv","[""/m/07cx4"", ""/m/07pp_mv""]","alarm","[""alarm"", ""telephone""]","zenodo/77723.wav","zenodo"
"257949.wav","/m/07pp_mv","[""/m/07cx4"", ""/m/07pp_mv""]","alarm","[""alarm"", ""telephone""]","zenodo/257949.wav","zenodo"
"257950.wav","/m/07pp_mv","[""/m/07cx4"", ""/m/07pp_mv""]","alarm","[""alarm"", ""telephone""]","zenodo/257950.wav","zenodo"
"92066.wav","/m/07pp_mv","[""/m/07cx4"", ""/m/07pp_mv""]","alarm","[""alarm"", ""telephone""]","zenodo/92066.wav","zenodo"
"147386.wav","/m/07pp_mv","[""/m/07cx4"", ""/m/07pp_mv""]","alarm","[""alarm"", ""telephone""]","zenodo/147386.wav","zenodo"
"411581.wav","/m/07pp_mv","[""/m/07cx4"", ""/m/07pp_mv""]","alarm","[""alarm"", ""telephone""]","zenodo/411581.wav","zenodo"
"178112.wav","/m/07pp_mv","[""/m/07cx4"", ""/m/07pp_mv""]","alarm","[""alarm"", ""telephone""]","zenodo/178112.wav","zenodo"
"24520.wav","/m/07pp_mv","[""/m/07cx4"", ""/m/07pp_mv""]","alarm","[""alarm"", ""telephone""]","zenodo/24520.wav","zenodo"
"434124.wav","/m/07pp_mv","[""/m/07cx4"", ""/m/07pp_mv""]","alarm","[""alarm"", ""telephone""]","zenodo/434124.wav","zenodo"
"223182.wav","/m/07pp_mv","[""/m/07cx4"", ""/m/07pp_mv""]","alarm","[""alarm"", ""telephone""]","zenodo/223182.wav","zenodo"
"223183.wav","/m/07pp_mv","[""/m/07cx4"", ""/m/07pp_mv""]","alarm","[""alarm"", ""telephone""]","zenodo/223183.wav","zenodo"
"69585.wav","/m/07pp_mv","[""/m/07cx4"", ""/m/07pp_mv""]","alarm","[""alarm"", ""telephone""]","zenodo/69585.wav","zenodo"
"88021.wav","/m/07pp_mv","[""/m/07cx4"", ""/m/07pp_mv""]","alarm","[""alarm"", ""telephone""]","zenodo/88021.wav","zenodo"
"98269.wav","/m/07pp_mv","[""/m/07cx4"", ""/m/07pp_mv""]","alarm","[""alarm"", ""telephone""]","zenodo/98269.wav","zenodo"
"94175.wav","/m/07pp_mv","[""/m/07cx4"", ""/m/07pp_mv""]","alarm","[""alarm"", ""telephone""]","zenodo/94175.wav","zenodo"
"274400.wav","/m/07pp_mv","[""/m/07cx4"", ""/m/07pp_mv""]","alarm","[""alarm"", ""telephone""]","zenodo/274400.wav","zenodo"
"51169.wav","/m/07pp_mv","[""/m/07cx4"", ""/m/07pp_mv""]","alarm","[""alarm"", ""telephone""]","zenodo/51169.wav","zenodo"
"407521.wav","/m/07pp_mv","[""/m/07cx4"", ""/m/07pp_mv""]","alarm","[""alarm"", ""telephone""]","zenodo/407521.wav","zenodo"
"352230.wav","/m/07pp_mv","[""/m/07cx4"", ""/m/07pp_mv""]","alarm","[""alarm"", ""telephone""]","zenodo/352230.wav","zenodo"
"391143.wav","/m/07pp_mv","[""/m/07cx4"", ""/m/07pp_mv""]","alarm","[""alarm"", ""telephone""]","zenodo/391143.wav","zenodo"
"169958.wav","/m/07pp_mv","[""/m/07cx4"", ""/m/07pp_mv""]","alarm","[""alarm"", ""telephone""]","zenodo/169958.wav","zenodo"
"253928.wav","/m/07pp_mv","[""/m/07cx4"", ""/m/07pp_mv""]","alarm","[""alarm"", ""telephone""]","zenodo/253928.wav","zenodo"
"352234.wav","/m/07pp_mv","[""/m/07cx4"", ""/m/07pp_mv""]","alarm","[""alarm"", ""telephone""]","zenodo/352234.wav","zenodo"
"352235.wav","/m/07pp_mv","[""/m/07cx4"", ""/m/07pp_mv""]","alarm","[""alarm"", ""telephone""]","zenodo/352235.wav","zenodo"
"110570.wav","/m/07pp_mv","[""/m/07cx4"", ""/m/07pp_mv""]","alarm","[""alarm"", ""telephone""]","zenodo/110570.wav","zenodo"
"65514.wav","/m/07pp_mv","[""/m/07cx4"", ""/m/07pp_mv""]","alarm","[""alarm"", ""telephone""]","zenodo/65514.wav","zenodo"
"251894.wav","/m/07pp_mv","[""/m/07cx4"", ""/m/07pp_mv""]","alarm","[""alarm"", ""telephone""]","zenodo/251894.wav","zenodo"
"142903.wav","/m/07pp_mv","[""/m/07cx4"", ""/m/07pp_mv""]","alarm","[""alarm"", ""telephone""]","zenodo/142903.wav","zenodo"
"95739.wav","/m/07pp_mv","[""/m/07cx4"", ""/m/07pp_mv""]","alarm","[""alarm"", ""telephone""]","zenodo/95739.wav","zenodo"
"175416.wav","/m/07pp_mv","[""/m/07cx4"", ""/m/07pp_mv""]","alarm","[""alarm"", ""telephone""]","zenodo/175416.wav","zenodo"
"176555.wav","/m/07pp_mv","[""/m/07cx4"", ""/m/07pp_mv""]","alarm","[""alarm"", ""telephone""]","zenodo/176555.wav","zenodo"
"75828.wav","/m/07pp_mv","[""/m/07cx4"", ""/m/07pp_mv""]","alarm","[""alarm"", ""telephone""]","zenodo/75828.wav","zenodo"
"202128.wav","/m/07pp_mv","[""/m/07cx4"", ""/m/07pp_mv""]","alarm","[""alarm"", ""telephone""]","zenodo/202128.wav","zenodo"
"391976.wav","/m/07pp_mv","[""/m/07cx4"", ""/m/07pp_mv""]","alarm","[""alarm"", ""telephone""]","zenodo/391976.wav","zenodo"
"391978.wav","/m/07pp_mv","[""/m/07cx4"", ""/m/07pp_mv""]","alarm","[""alarm"", ""telephone""]","zenodo/391978.wav","zenodo"
"391980.wav","/m/07pp_mv","[""/m/07cx4"", ""/m/07pp_mv""]","alarm","[""alarm"", ""telephone""]","zenodo/391980.wav","zenodo"
"38031.wav","/m/07pp_mv","[""/m/07cx4"", ""/m/07pp_mv""]","alarm","[""alarm"", ""telephone""]","zenodo/38031.wav","zenodo"
"176066.wav","/m/07pp_mv","[""/m/07cx4"", ""/m/0316dw"", ""/m/07pp_mv"", ""/t/dd00071""]","alarm","[""alarm"", ""telephone"", ""Domestic_sounds_and_home_sounds"", ""Typing""]","zenodo/176066.wav","zenodo"
"345696.wav","/m/0btp2","[""/m/0btp2"", ""/m/0199g"", ""/m/07yv9"", ""/m/012f08""]","traffic_noise","[""traffic_noise"", ""Motor_vehicle_(road)"", ""Vehicle"", ""Bicycle""]","zenodo/345696.wav","zenodo"
"387522.wav","/m/0btp2","[""/m/0btp2"", ""/m/0199g"", ""/m/07yv9"", ""/m/012f08""]","traffic_noise","[""traffic_noise"", ""Motor_vehicle_(road)"", ""Vehicle"", ""Bicycle""]","zenodo/387522.wav","zenodo"
"14599.wav","/m/02mk9","[""/t/dd00130"", ""/m/02mk9""]","engine","[""Engine_starting"", ""engine""]","zenodo/14599.wav","zenodo"
"96520.wav","/m/02mk9","[""/t/dd00130"", ""/m/02mk9""]","engine","[""Engine_starting"", ""engine""]","zenodo/96520.wav","zenodo"
"96519.wav","/m/02mk9","[""/t/dd00130"", ""/m/02mk9""]","engine","[""Engine_starting"", ""engine""]","zenodo/96519.wav","zenodo"
"345357.wav","/m/02mk9","[""/t/dd00130"", ""/m/02mk9""]","engine","[""Engine_starting"", ""engine""]","zenodo/345357.wav","zenodo"
"274962.wav","/m/02mk9","[""/t/dd00130"", ""/m/04_sv"", ""/m/02mk9"", ""/m/012f08"", ""/m/07yv9""]","engine","[""Motor_vehicle_(road)"", ""Engine_starting"", ""Vehicle"", ""Motorcycle"", ""engine""]","zenodo/274962.wav","zenodo"
"256808.wav","/m/02mk9","[""/t/dd00130"", ""/m/02mk9""]","engine","[""Engine_starting"", ""engine""]","zenodo/256808.wav","zenodo"
"322552.wav","/m/02mk9","[""/t/dd00130"", ""/m/02mk9""]","engine","[""Engine_starting"", ""engine""]","zenodo/322552.wav","zenodo"
"216379.wav","/m/02mk9","[""/t/dd00130"", ""/m/02mk9""]","engine","[""Engine_starting"", ""engine""]","zenodo/216379.wav","zenodo"
"32316.wav","/m/02mk9","[""/t/dd00130"", ""/m/02mk9""]","engine","[""Engine_starting"", ""engine""]","zenodo/32316.wav","zenodo"
"107583.wav","/m/02mk9","[""/t/dd00130"", ""/m/04_sv"", ""/m/02mk9"", ""/m/012f08"", ""/m/07yv9""]","engine","[""Motor_vehicle_(road)"", ""Engine_starting"", ""Vehicle"", ""Motorcycle"", ""engine""]","zenodo/107583.wav","zenodo"
"46918.wav","/m/02mk9","[""/t/dd00130"", ""/m/02mk9""]","engine","[""Engine_starting"", ""engine""]","zenodo/46918.wav","zenodo"
"19025.wav","/m/02mk9","[""/t/dd00130"", ""/m/02mk9""]","engine","[""Engine_starting"", ""engine""]","zenodo/19025.wav","zenodo"
"152658.wav","/m/02mk9","[""/t/dd00130"", ""/m/02mk9""]","engine","[""Engine_starting"", ""engine""]","zenodo/152658.wav","zenodo"
"57939.wav","/m/02mk9","[""/t/dd00130"", ""/m/02mk9""]","engine","[""Engine_starting"", ""engine""]","zenodo/57939.wav","zenodo"
"336740.wav","/m/02mk9","[""/t/dd00130"", ""/m/02mk9""]","engine","[""Engine_starting"", ""engine""]","zenodo/336740.wav","zenodo"
"334437.wav","/m/02mk9","[""/t/dd00130"", ""/m/02mk9""]","engine","[""Engine_starting"", ""engine""]","zenodo/334437.wav","zenodo"
"334438.wav","/m/02mk9","[""/t/dd00130"", ""/m/02mk9""]","engine","[""Engine_starting"", ""engine""]","zenodo/334438.wav","zenodo"
"421482.wav","/m/02mk9","[""/t/dd00130"", ""/m/02mk9""]","engine","[""Engine_starting"", ""engine""]","zenodo/421482.wav","zenodo"
"334954.wav","/m/02mk9","[""/t/dd00130"", ""/m/02mk9""]","engine","[""Engine_starting"", ""engine""]","zenodo/334954.wav","zenodo"
"421483.wav","/m/02mk9","[""/t/dd00130"", ""/m/02mk9""]","engine","[""Engine_starting"", ""engine""]","zenodo/421483.wav","zenodo"
"138099.wav","/m/02mk9","[""/t/dd00130"", ""/m/02mk9""]","engine","[""Engine_starting"", ""engine""]","zenodo/138099.wav","zenodo"
"116601.wav","/m/02mk9","[""/t/dd00130"", ""/m/02mk9""]","engine","[""Engine_starting"", ""engine""]","zenodo/116601.wav","zenodo"
"164217.wav","/m/02mk9","[""/t/dd00130"", ""/m/02mk9""]","engine","[""Engine_starting"", ""engine""]","zenodo/164217.wav","zenodo"
"116602.wav","/m/02mk9","[""/t/dd00130"", ""/m/02mk9""]","engine","[""Engine_starting"", ""engine""]","zenodo/116602.wav","zenodo"
"195455.wav","/m/02mk9","[""/t/dd00130"", ""/m/02mk9""]","engine","[""Engine_starting"", ""engine""]","zenodo/195455.wav","zenodo"
"195456.wav","/m/02mk9","[""/t/dd00130"", ""/m/02mk9""]","engine","[""Engine_starting"", ""engine""]","zenodo/195456.wav","zenodo"
"185740.wav","/m/02mk9","[""/t/dd00130"", ""/m/02mk9""]","engine","[""Engine_starting"", ""engine""]","zenodo/185740.wav","zenodo"
"250009.wav","/m/02mk9","[""/t/dd00130"", ""/m/02mk9""]","engine","[""Engine_starting"", ""engine""]","zenodo/250009.wav","zenodo"
"215958.wav","/m/02mk9","[""/t/dd00130"", ""/m/02mk9""]","engine","[""Engine_starting"", ""engine""]","zenodo/215958.wav","zenodo"
"215960.wav","/m/02mk9","[""/t/dd00130"", ""/m/02mk9""]","engine","[""Engine_starting"", ""engine""]","zenodo/215960.wav","zenodo"
"425386.wav","/m/02mk9","[""/t/dd00130"", ""/m/02mk9""]","engine","[""Engine_starting"", ""engine""]","zenodo/425386.wav","zenodo"
"148398.wav","/m/02mk9","[""/t/dd00130"", ""/m/02mk9""]","engine","[""Engine_starting"", ""engine""]","zenodo/148398.wav","zenodo"
"319152.wav","/m/02mk9","[""/t/dd00130"", ""/m/02mk9""]","engine","[""Engine_starting"", ""engine""]","zenodo/319152.wav","zenodo"
"79282.wav","/m/02mk9","[""/t/dd00130"", ""/m/02mk9""]","engine","[""Engine_starting"", ""engine""]","zenodo/79282.wav","zenodo"
"147379.wav","/m/02mk9","[""/t/dd00130"", ""/m/02mk9""]","engine","[""Engine_starting"", ""engine""]","zenodo/147379.wav","zenodo"
"425652.wav","/m/02mk9","[""/t/dd00130"", ""/m/02mk9""]","engine","[""Engine_starting"", ""engine""]","zenodo/425652.wav","zenodo"
"401331.wav","/m/02mk9","[""/t/dd00130"", ""/m/02mk9""]","engine","[""Engine_starting"", ""engine""]","zenodo/401331.wav","zenodo"
"401330.wav","/m/02mk9","[""/t/dd00130"", ""/m/02mk9""]","engine","[""Engine_starting"", ""engine""]","zenodo/401330.wav","zenodo"
"79286.wav","/m/02mk9","[""/t/dd00130"", ""/m/02mk9""]","engine","[""Engine_starting"", ""engine""]","zenodo/79286.wav","zenodo"
"79287.wav","/m/02mk9","[""/t/dd00130"", ""/m/02mk9""]","engine","[""Engine_starting"", ""engine""]","zenodo/79287.wav","zenodo"
"160442.wav","/m/02mk9","[""/t/dd00130"", ""/m/02mk9""]","engine","[""Engine_starting"", ""engine""]","zenodo/160442.wav","zenodo"
"351421.wav","/m/02mk9","[""/t/dd00130"", ""/m/02mk9""]","engine","[""Engine_starting"", ""engine""]","zenodo/351421.wav","zenodo"
"156358.wav","/m/02mk9","[""/t/dd00130"", ""/m/02mk9""]","engine","[""Engine_starting"", ""engine""]","zenodo/156358.wav","zenodo"
"425158.wav","/m/02mk9","[""/t/dd00130"", ""/m/02mk9""]","engine","[""Engine_starting"", ""engine""]","zenodo/425158.wav","zenodo"
"404430.wav","/m/02mk9","[""/t/dd00130"", ""/m/02mk9""]","engine","[""Engine_starting"", ""engine""]","zenodo/404430.wav","zenodo"
"338127.wav","/m/02mk9","[""/t/dd00130"", ""/m/04_sv"", ""/m/02mk9"", ""/m/012f08"", ""/m/07yv9""]","engine","[""Motor_vehicle_(road)"", ""Engine_starting"", ""Vehicle"", ""Motorcycle"", ""engine""]","zenodo/338127.wav","zenodo"
"338128.wav","/m/02mk9","[""/t/dd00130"", ""/m/04_sv"", ""/m/02mk9"", ""/m/012f08"", ""/m/07yv9""]","engine","[""Motor_vehicle_(road)"", ""Engine_starting"", ""Vehicle"", ""Motorcycle"", ""engine""]","zenodo/338128.wav","zenodo"
"404431.wav","/m/02mk9","[""/t/dd00130"", ""/m/02mk9""]","engine","[""Engine_starting"", ""engine""]","zenodo/404431.wav","zenodo"
"377298.wav","/m/02mk9","[""/t/dd00130"", ""/m/02mk9""]","engine","[""Engine_starting"", ""engine""]","zenodo/377298.wav","zenodo"
"274142.wav","/m/02mk9","[""/t/dd00130"", ""/m/02mk9""]","engine","[""Engine_starting"", ""engine""]","zenodo/274142.wav","zenodo"
"274141.wav","/m/02mk9","[""/t/dd00130"", ""/m/02mk9""]","engine","[""Engine_starting"", ""engine""]","zenodo/274141.wav","zenodo"
"119774.wav","/m/02mk9","[""/t/dd00130"", ""/m/02mk9""]","engine","[""Engine_starting"", ""engine""]","zenodo/119774.wav","zenodo"
"434660.wav","/m/02mk9","[""/t/dd00130"", ""/m/02mk9""]","engine","[""Engine_starting"", ""engine""]","zenodo/434660.wav","zenodo"
"199675.wav","/m/02mk9","[""/t/dd00130"", ""/m/02mk9""]","engine","[""Engine_starting"", ""engine""]","zenodo/199675.wav","zenodo"
"78880.wav","/m/02mk9","[""/m/04_sv"", ""/m/07q2z82"", ""/m/012f08"", ""/m/07yv9"", ""/m/02mk9""]","engine","[""Motor_vehicle_(road)"", ""Vehicle"", ""Accelerating_and_revving_and_vroom"", ""Motorcycle"", ""engine""]","zenodo/78880.wav","zenodo"
"156203.wav","/m/02mk9","[""/m/04_sv"", ""/m/07q2z82"", ""/m/012f08"", ""/m/07yv9"", ""/m/02mk9""]","engine","[""Motor_vehicle_(road)"", ""Vehicle"", ""Accelerating_and_revving_and_vroom"", ""Motorcycle"", ""engine""]","zenodo/156203.wav","zenodo"
"156204.wav","/m/02mk9","[""/m/04_sv"", ""/m/07q2z82"", ""/m/012f08"", ""/m/07yv9"", ""/m/02mk9""]","engine","[""Motor_vehicle_(road)"", ""Vehicle"", ""Accelerating_and_revving_and_vroom"", ""Motorcycle"", ""engine""]","zenodo/156204.wav","zenodo"
"68709.wav","/m/02mk9","[""/m/04_sv"", ""/m/07q2z82"", ""/m/012f08"", ""/m/07yv9"", ""/m/02mk9""]","engine","[""Motor_vehicle_(road)"", ""Vehicle"", ""Accelerating_and_revving_and_vroom"", ""Motorcycle"", ""engine""]","zenodo/68709.wav","zenodo"
"3186.wav","/m/0btp2","[""/m/04_sv"", ""/m/0btp2"", ""/m/012f08"", ""/m/07yv9""]","traffic_noise","[""traffic_noise"", ""Motor_vehicle_(road)"", ""Motorcycle"", ""Vehicle""]","zenodo/3186.wav","zenodo"
"3189.wav","/m/0btp2","[""/m/04_sv"", ""/m/0btp2"", ""/m/012f08"", ""/m/07yv9""]","traffic_noise","[""traffic_noise"", ""Motor_vehicle_(road)"", ""Motorcycle"", ""Vehicle""]","zenodo/3189.wav","zenodo"
"3191.wav","/m/0btp2","[""/m/04_sv"", ""/m/0btp2"", ""/m/012f08"", ""/m/07yv9""]","traffic_noise","[""traffic_noise"", ""Motor_vehicle_(road)"", ""Motorcycle"", ""Vehicle""]","zenodo/3191.wav","zenodo"
"155773.wav","/m/0btp2","[""/m/04_sv"", ""/m/0btp2"", ""/m/012f08"", ""/m/07yv9""]","traffic_noise","[""traffic_noise"", ""Motor_vehicle_(road)"", ""Motorcycle"", ""Vehicle""]","zenodo/155773.wav","zenodo"
"343686.wav","/m/02mk9","[""/m/04_sv"", ""/m/07q2z82"", ""/m/012f08"", ""/m/07yv9"", ""/m/02mk9""]","engine","[""Motor_vehicle_(road)"", ""Vehicle"", ""Accelerating_and_revving_and_vroom"", ""Motorcycle"", ""engine""]","zenodo/343686.wav","zenodo"
"362234.wav","/m/02mk9","[""/m/04_sv"", ""/m/07q2z82"", ""/m/012f08"", ""/m/07yv9"", ""/m/02mk9""]","engine","[""Motor_vehicle_(road)"", ""Vehicle"", ""Accelerating_and_revving_and_vroom"", ""Motorcycle"", ""engine""]","zenodo/362234.wav","zenodo"
"362235.wav","/m/02mk9","[""/m/04_sv"", ""/m/07q2z82"", ""/m/012f08"", ""/m/07yv9"", ""/m/02mk9""]","engine","[""Motor_vehicle_(road)"", ""Vehicle"", ""Accelerating_and_revving_and_vroom"", ""Motorcycle"", ""engine""]","zenodo/362235.wav","zenodo"
"406386.wav","/m/02mk9","[""/m/04_sv"", ""/m/07q2z82"", ""/m/012f08"", ""/m/07yv9"", ""/m/02mk9""]","engine","[""Motor_vehicle_(road)"", ""Vehicle"", ""Accelerating_and_revving_and_vroom"", ""Motorcycle"", ""engine""]","zenodo/406386.wav","zenodo"
"361403.wav","/m/02mk9","[""/m/04_sv"", ""/m/07q2z82"", ""/m/012f08"", ""/m/07yv9"", ""/m/02mk9""]","engine","[""Motor_vehicle_(road)"", ""Vehicle"", ""Accelerating_and_revving_and_vroom"", ""Motorcycle"", ""engine""]","zenodo/361403.wav","zenodo"
"361404.wav","/m/02mk9","[""/m/04_sv"", ""/m/07q2z82"", ""/m/012f08"", ""/m/07yv9"", ""/m/02mk9""]","engine","[""Motor_vehicle_(road)"", ""Vehicle"", ""Accelerating_and_revving_and_vroom"", ""Motorcycle"", ""engine""]","zenodo/361404.wav","zenodo"
"361406.wav","/m/02mk9","[""/m/04_sv"", ""/m/07q2z82"", ""/m/012f08"", ""/m/07yv9"", ""/m/02mk9""]","engine","[""Motor_vehicle_(road)"", ""Vehicle"", ""Accelerating_and_revving_and_vroom"", ""Motorcycle"", ""engine""]","zenodo/361406.wav","zenodo"
"349152.wav","/m/02mk9","[""/m/04_sv"", ""/m/07q2z82"", ""/m/012f08"", ""/m/07yv9"", ""/m/02mk9""]","engine","[""Motor_vehicle_(road)"", ""Vehicle"", ""Accelerating_and_revving_and_vroom"", ""Motorcycle"", ""engine""]","zenodo/349152.wav","zenodo"
"110854.wav","/m/0btp2","[""/m/0btp2"", ""/m/012f08"", ""/m/07yv9""]","traffic_noise","[""traffic_noise"", ""Motor_vehicle_(road)"", ""Vehicle""]","zenodo/110854.wav","zenodo"
"336651.wav","/m/0btp2","[""/m/0btp2"", ""/m/01bjv"", ""/m/012f08"", ""/m/07yv9""]","traffic_noise","[""traffic_noise"", ""Bus"", ""Motor_vehicle_(road)"", ""Vehicle""]","zenodo/336651.wav","zenodo"
"63244.wav","/m/0btp2","[""/m/0btp2"", ""/m/012f08"", ""/m/07yv9""]","traffic_noise","[""traffic_noise"", ""Motor_vehicle_(road)"", ""Vehicle""]","zenodo/63244.wav","zenodo"
"63245.wav","/m/0btp2","[""/m/0btp2"", ""/m/012f08"", ""/m/07yv9""]","traffic_noise","[""traffic_noise"", ""Motor_vehicle_(road)"", ""Vehicle""]","zenodo/63245.wav","zenodo"
"103185.wav","/m/0btp2","[""/m/0btp2"", ""/m/012f08"", ""/m/07yv9""]","traffic_noise","[""traffic_noise"", ""Motor_vehicle_(road)"", ""Vehicle""]","zenodo/103185.wav","zenodo"
"364830.wav","/m/0btp2","[""/m/0btp2"", ""/m/012f08"", ""/m/07yv9""]","traffic_noise","[""traffic_noise"", ""Motor_vehicle_(road)"", ""Vehicle""]","zenodo/364830.wav","zenodo"
"184609.wav","/m/0btp2","[""/m/0btp2"", ""/m/012f08"", ""/m/07yv9""]","traffic_noise","[""traffic_noise"", ""Motor_vehicle_(road)"", ""Vehicle""]","zenodo/184609.wav","zenodo"
"156195.wav","/m/0btp2","[""/m/0btp2"", ""/m/012f08"", ""/m/07yv9""]","traffic_noise","[""traffic_noise"", ""Motor_vehicle_(road)"", ""Vehicle""]","zenodo/156195.wav","zenodo"
"20782.wav","/m/0btp2","[""/m/0btp2"", ""/m/012f08"", ""/m/07yv9""]","traffic_noise","[""traffic_noise"", ""Motor_vehicle_(road)"", ""Vehicle""]","zenodo/20782.wav","zenodo"
"78385.wav","/m/0btp2","[""/m/0btp2"", ""/m/012f08"", ""/m/07yv9""]","traffic_noise","[""traffic_noise"", ""Motor_vehicle_(road)"", ""Vehicle""]","zenodo/78385.wav","zenodo"
"321077.wav","/m/0btp2","[""/m/0btp2"", ""/m/012f08"", ""/m/07yv9""]","traffic_noise","[""traffic_noise"", ""Motor_vehicle_(road)"", ""Vehicle""]","zenodo/321077.wav","zenodo"
"211512.wav","/m/0btp2","[""/m/0btp2"", ""/m/012f08"", ""/m/07yv9""]","traffic_noise","[""traffic_noise"", ""Motor_vehicle_(road)"", ""Vehicle""]","zenodo/211512.wav","zenodo"
"396088.wav","/m/0btp2","[""/m/0btp2"", ""/m/012f08"", ""/m/07yv9""]","traffic_noise","[""traffic_noise"", ""Motor_vehicle_(road)"", ""Vehicle""]","zenodo/396088.wav","zenodo"
"73022.wav","/m/0btp2","[""/m/0btp2"", ""/m/012f08"", ""/m/07yv9""]","traffic_noise","[""traffic_noise"", ""Motor_vehicle_(road)"", ""Vehicle""]","zenodo/73022.wav","zenodo"
"323391.wav","/m/0btp2","[""/m/0btp2"", ""/m/012f08"", ""/m/07yv9""]","traffic_noise","[""traffic_noise"", ""Motor_vehicle_(road)"", ""Vehicle""]","zenodo/323391.wav","zenodo"
"350534.wav","/m/0btp2","[""/m/0btp2"", ""/m/012f08"", ""/m/07yv9""]","traffic_noise","[""traffic_noise"", ""Motor_vehicle_(road)"", ""Vehicle""]","zenodo/350534.wav","zenodo"
"335184.wav","/m/0btp2","[""/m/0btp2"", ""/m/012f08"", ""/m/07yv9""]","traffic_noise","[""traffic_noise"", ""Motor_vehicle_(road)"", ""Vehicle""]","zenodo/335184.wav","zenodo"
"263523.wav","/m/0btp2","[""/m/0btp2"", ""/m/012f08"", ""/m/07yv9""]","traffic_noise","[""traffic_noise"", ""Motor_vehicle_(road)"", ""Vehicle""]","zenodo/263523.wav","zenodo"
"221813.wav","/m/0btp2","[""/m/0btp2"", ""/m/012f08"", ""/m/07yv9""]","traffic_noise","[""traffic_noise"", ""Motor_vehicle_(road)"", ""Vehicle""]","zenodo/221813.wav","zenodo"
"425077.wav","/m/0btp2","[""/m/0btp2"", ""/m/012f08"", ""/m/07yv9""]","traffic_noise","[""traffic_noise"", ""Motor_vehicle_(road)"", ""Vehicle""]","zenodo/425077.wav","zenodo"
"101239.wav","/m/0btp2","[""/m/0btp2"", ""/m/012f08"", ""/m/07yv9""]","traffic_noise","[""traffic_noise"", ""Motor_vehicle_(road)"", ""Vehicle""]","zenodo/101239.wav","zenodo"
"427384.wav","/m/0btp2","[""/m/0btp2"", ""/m/012f08"", ""/m/07yv9""]","traffic_noise","[""traffic_noise"", ""Motor_vehicle_(road)"", ""Vehicle""]","zenodo/427384.wav","zenodo"
"101241.wav","/m/0btp2","[""/m/0btp2"", ""/m/012f08"", ""/m/07yv9""]","traffic_noise","[""traffic_noise"", ""Motor_vehicle_(road)"", ""Vehicle""]","zenodo/101241.wav","zenodo"
"101242.wav","/m/0btp2","[""/m/0btp2"", ""/m/012f08"", ""/m/07yv9""]","traffic_noise","[""traffic_noise"", ""Motor_vehicle_(road)"", ""Vehicle""]","zenodo/101242.wav","zenodo"
"325246.wav","/m/0btp2","[""/m/0btp2"", ""/m/01bjv"", ""/m/012f08"", ""/m/07yv9""]","traffic_noise","[""traffic_noise"", ""Bus"", ""Motor_vehicle_(road)"", ""Vehicle""]","zenodo/325246.wav","zenodo"
"101243.wav","/m/0btp2","[""/m/0btp2"", ""/m/012f08"", ""/m/07yv9""]","traffic_noise","[""traffic_noise"", ""Motor_vehicle_(road)"", ""Vehicle""]","zenodo/101243.wav","zenodo"
"101244.wav","/m/0btp2","[""/m/0btp2"", ""/m/012f08"", ""/m/07yv9""]","traffic_noise","[""traffic_noise"", ""Motor_vehicle_(road)"", ""Vehicle""]","zenodo/101244.wav","zenodo"
"319360.wav","/m/0btp2","[""/m/0btp2"", ""/m/012f08"", ""/m/07yv9""]","traffic_noise","[""traffic_noise"", ""Motor_vehicle_(road)"", ""Vehicle""]","zenodo/319360.wav","zenodo"
"274563.wav","/m/0btp2","[""/m/0btp2"", ""/m/012f08"", ""/m/07yv9""]","traffic_noise","[""traffic_noise"", ""Motor_vehicle_(road)"", ""Vehicle""]","zenodo/274563.wav","zenodo"
"266899.wav","/m/0btp2","[""/m/0btp2"", ""/m/012f08"", ""/m/07yv9""]","traffic_noise","[""traffic_noise"", ""Motor_vehicle_(road)"", ""Vehicle""]","zenodo/266899.wav","zenodo"
"322202.wav","/m/0btp2","[""/m/0btp2"", ""/m/012f08"", ""/m/07yv9""]","traffic_noise","[""traffic_noise"", ""Motor_vehicle_(road)"", ""Vehicle""]","zenodo/322202.wav","zenodo"
"64162.wav","/m/0btp2","[""/m/0btp2"", ""/m/012f08"", ""/m/07yv9""]","traffic_noise","[""traffic_noise"", ""Motor_vehicle_(road)"", ""Vehicle""]","zenodo/64162.wav","zenodo"
"162726.wav","/m/0btp2","[""/m/0btp2"", ""/m/012f08"", ""/m/07yv9""]","traffic_noise","[""traffic_noise"", ""Motor_vehicle_(road)"", ""Vehicle""]","zenodo/162726.wav","zenodo"
"59054.wav","/m/0btp2","[""/m/0btp2"", ""/m/012f08"", ""/m/07yv9""]","traffic_noise","[""traffic_noise"", ""Motor_vehicle_(road)"", ""Vehicle""]","zenodo/59054.wav","zenodo"
"59056.wav","/m/0btp2","[""/m/0btp2"", ""/m/012f08"", ""/m/07yv9""]","traffic_noise","[""traffic_noise"", ""Motor_vehicle_(road)"", ""Vehicle""]","zenodo/59056.wav","zenodo"
"93110.wav","/m/0btp2","[""/m/0btp2"", ""/m/012f08"", ""/m/07yv9""]","traffic_noise","[""traffic_noise"", ""Motor_vehicle_(road)"", ""Vehicle""]","zenodo/93110.wav","zenodo"
"121287.wav","/m/0btp2","[""/m/0btp2"", ""/m/012f08"", ""/m/07yv9""]","traffic_noise","[""traffic_noise"", ""Motor_vehicle_(road)"", ""Vehicle""]","zenodo/121287.wav","zenodo"
"319184.wav","/m/0btp2","[""/m/0btp2"", ""/m/012f08"", ""/m/07yv9""]","traffic_noise","[""traffic_noise"", ""Motor_vehicle_(road)"", ""Vehicle""]","zenodo/319184.wav","zenodo"
"270289.wav","/m/0btp2","[""/m/0btp2"", ""/m/012f08"", ""/m/07yv9""]","traffic_noise","[""traffic_noise"", ""Motor_vehicle_(road)"", ""Vehicle""]","zenodo/270289.wav","zenodo"
"393941.wav","/m/0btp2","[""/m/0btp2"", ""/m/012f08"", ""/m/07yv9""]","traffic_noise","[""traffic_noise"", ""Motor_vehicle_(road)"", ""Vehicle""]","zenodo/393941.wav","zenodo"
"180951.wav","/m/0btp2","[""/m/0btp2"", ""/m/012f08"", ""/m/07yv9""]","traffic_noise","[""traffic_noise"", ""Motor_vehicle_(road)"", ""Vehicle""]","zenodo/180951.wav","zenodo"
"161238.wav","/m/0btp2","[""/m/0btp2"", ""/m/012f08"", ""/m/07yv9""]","traffic_noise","[""traffic_noise"", ""Motor_vehicle_(road)"", ""Vehicle""]","zenodo/161238.wav","zenodo"
"212194.wav","/m/0btp2","[""/m/0btp2"", ""/m/012f08"", ""/m/07yv9""]","traffic_noise","[""traffic_noise"", ""Motor_vehicle_(road)"", ""Vehicle""]","zenodo/212194.wav","zenodo"
"212197.wav","/m/0btp2","[""/m/0btp2"", ""/m/012f08"", ""/m/07yv9""]","traffic_noise","[""traffic_noise"", ""Motor_vehicle_(road)"", ""Vehicle""]","zenodo/212197.wav","zenodo"
"50920.wav","/m/0btp2","[""/m/0btp2"", ""/m/012f08"", ""/m/07yv9""]","traffic_noise","[""traffic_noise"", ""Motor_vehicle_(road)"", ""Vehicle""]","zenodo/50920.wav","zenodo"
"101868.wav","/m/0btp2","[""/m/0btp2"", ""/m/012f08"", ""/m/07yv9""]","traffic_noise","[""traffic_noise"", ""Motor_vehicle_(road)"", ""Vehicle""]","zenodo/101868.wav","zenodo"
"262654.wav","/m/0btp2","[""/m/0btp2"", ""/m/012f08"", ""/m/07yv9""]","traffic_noise","[""traffic_noise"", ""Motor_vehicle_(road)"", ""Vehicle""]","zenodo/262654.wav","zenodo"
"136418.wav","/m/02mk9","[""/m/01bjv"", ""/m/07q2z82"", ""/m/012f08"", ""/m/07yv9"", ""/m/02mk9""]","engine","[""Motor_vehicle_(road)"", ""Bus"", ""Vehicle"", ""Accelerating_and_revving_and_vroom"", ""engine""]","zenodo/136418.wav","zenodo"
"427012.wav","/m/02mk9","[""/m/07q2z82"", ""/m/02mk9""]","engine","[""Accelerating_and_revving_and_vroom"", ""engine""]","zenodo/427012.wav","zenodo"
"427014.wav","/m/02mk9","[""/m/07q2z82"", ""/m/02mk9""]","engine","[""Accelerating_and_revving_and_vroom"", ""engine""]","zenodo/427014.wav","zenodo"
"427015.wav","/m/02mk9","[""/m/07q2z82"", ""/m/02mk9""]","engine","[""Accelerating_and_revving_and_vroom"", ""engine""]","zenodo/427015.wav","zenodo"
"131591.wav","/m/02mk9","[""/m/07q2z82"", ""/m/02mk9""]","engine","[""Accelerating_and_revving_and_vroom"", ""engine""]","zenodo/131591.wav","zenodo"
"410131.wav","/m/02mk9","[""/m/07q2z82"", ""/m/02mk9""]","engine","[""Accelerating_and_revving_and_vroom"", ""engine""]","zenodo/410131.wav","zenodo"
"386554.wav","/m/02mk9","[""/m/07q2z82"", ""/m/02mk9""]","engine","[""Accelerating_and_revving_and_vroom"", ""engine""]","zenodo/386554.wav","zenodo"
"410143.wav","/m/02mk9","[""/m/07q2z82"", ""/m/02mk9""]","engine","[""Accelerating_and_revving_and_vroom"", ""engine""]","zenodo/410143.wav","zenodo"
"90404.wav","/m/02mk9","[""/m/07q2z82"", ""/m/02mk9""]","engine","[""Accelerating_and_revving_and_vroom"", ""engine""]","zenodo/90404.wav","zenodo"
"19024.wav","/m/02mk9","[""/m/07q2z82"", ""/m/02mk9""]","engine","[""Accelerating_and_revving_and_vroom"", ""engine""]","zenodo/19024.wav","zenodo"
"186960.wav","/m/02mk9","[""/m/07q2z82"", ""/m/02mk9""]","engine","[""Accelerating_and_revving_and_vroom"", ""engine""]","zenodo/186960.wav","zenodo"
"152660.wav","/m/02mk9","[""/m/07q2z82"", ""/m/02mk9""]","engine","[""Accelerating_and_revving_and_vroom"", ""engine""]","zenodo/152660.wav","zenodo"
"152661.wav","/m/02mk9","[""/m/07q2z82"", ""/m/02mk9""]","engine","[""Accelerating_and_revving_and_vroom"", ""engine""]","zenodo/152661.wav","zenodo"
"18772.wav","/m/02mk9","[""/m/07q2z82"", ""/m/02mk9""]","engine","[""Accelerating_and_revving_and_vroom"", ""engine""]","zenodo/18772.wav","zenodo"
"18773.wav","/m/02mk9","[""/m/07q2z82"", ""/m/02mk9""]","engine","[""Accelerating_and_revving_and_vroom"", ""engine""]","zenodo/18773.wav","zenodo"
"18774.wav","/m/02mk9","[""/m/07q2z82"", ""/m/02mk9""]","engine","[""Accelerating_and_revving_and_vroom"", ""engine""]","zenodo/18774.wav","zenodo"
"161886.wav","/m/02mk9","[""/m/07q2z82"", ""/m/02mk9""]","engine","[""Accelerating_and_revving_and_vroom"", ""engine""]","zenodo/161886.wav","zenodo"
"62932.wav","/m/02mk9","[""/m/07q2z82"", ""/m/02mk9""]","engine","[""Accelerating_and_revving_and_vroom"", ""engine""]","zenodo/62932.wav","zenodo"
"75362.wav","/m/02mk9","[""/m/07q2z82"", ""/m/02mk9""]","engine","[""Accelerating_and_revving_and_vroom"", ""engine""]","zenodo/75362.wav","zenodo"
"20839.wav","/m/02mk9","[""/m/07q2z82"", ""/m/02mk9""]","engine","[""Accelerating_and_revving_and_vroom"", ""engine""]","zenodo/20839.wav","zenodo"
"62933.wav","/m/02mk9","[""/m/07q2z82"", ""/m/02mk9""]","engine","[""Accelerating_and_revving_and_vroom"", ""engine""]","zenodo/62933.wav","zenodo"
"386948.wav","/m/02mk9","[""/m/07q2z82"", ""/m/02mk9""]","engine","[""Accelerating_and_revving_and_vroom"", ""engine""]","zenodo/386948.wav","zenodo"
"58760.wav","/m/02mk9","[""/m/07q2z82"", ""/m/02mk9""]","engine","[""Accelerating_and_revving_and_vroom"", ""engine""]","zenodo/58760.wav","zenodo"
"340623.wav","/m/02mk9","[""/m/07q2z82"", ""/m/02mk9""]","engine","[""Accelerating_and_revving_and_vroom"", ""engine""]","zenodo/340623.wav","zenodo"
"62934.wav","/m/02mk9","[""/m/07q2z82"", ""/m/02mk9""]","engine","[""Accelerating_and_revving_and_vroom"", ""engine""]","zenodo/62934.wav","zenodo"
"340628.wav","/m/02mk9","[""/m/07q2z82"", ""/m/02mk9""]","engine","[""Accelerating_and_revving_and_vroom"", ""engine""]","zenodo/340628.wav","zenodo"
"369048.wav","/m/02mk9","[""/m/07q2z82"", ""/m/02mk9""]","engine","[""Accelerating_and_revving_and_vroom"", ""engine""]","zenodo/369048.wav","zenodo"
"44189.wav","/m/02mk9","[""/m/07q2z82"", ""/m/02mk9""]","engine","[""Accelerating_and_revving_and_vroom"", ""engine""]","zenodo/44189.wav","zenodo"
"428457.wav","/m/02mk9","[""/m/07q2z82"", ""/m/02mk9""]","engine","[""Accelerating_and_revving_and_vroom"", ""engine""]","zenodo/428457.wav","zenodo"
"428459.wav","/m/02mk9","[""/m/07q2z82"", ""/m/02mk9""]","engine","[""Accelerating_and_revving_and_vroom"", ""engine""]","zenodo/428459.wav","zenodo"
"425656.wav","/m/02mk9","[""/m/07q2z82"", ""/m/02mk9""]","engine","[""Accelerating_and_revving_and_vroom"", ""engine""]","zenodo/425656.wav","zenodo"
"162499.wav","/m/02mk9","[""/m/07q2z82"", ""/m/02mk9""]","engine","[""Accelerating_and_revving_and_vroom"", ""engine""]","zenodo/162499.wav","zenodo"
"112076.wav","/m/02mk9","[""/m/07q2z82"", ""/m/02mk9""]","engine","[""Accelerating_and_revving_and_vroom"", ""engine""]","zenodo/112076.wav","zenodo"
"413904.wav","/m/02mk9","[""/m/07q2z82"", ""/m/02mk9""]","engine","[""Accelerating_and_revving_and_vroom"", ""engine""]","zenodo/413904.wav","zenodo"
"62931.wav","/m/02mk9","[""/m/07q2z82"", ""/m/02mk9""]","engine","[""Accelerating_and_revving_and_vroom"", ""engine""]","zenodo/62931.wav","zenodo"
"44762.wav","/m/02mk9","[""/m/07q2z82"", ""/m/02mk9""]","engine","[""Accelerating_and_revving_and_vroom"", ""engine""]","zenodo/44762.wav","zenodo"
"340703.wav","/m/02mk9","[""/m/07q2z82"", ""/m/02mk9""]","engine","[""Accelerating_and_revving_and_vroom"", ""engine""]","zenodo/340703.wav","zenodo"
"77036.wav","/m/02mk9","[""/m/07q2z82"", ""/m/02mk9""]","engine","[""Accelerating_and_revving_and_vroom"", ""engine""]","zenodo/77036.wav","zenodo"
"127980.wav","/m/02mk9","[""/m/07q2z82"", ""/m/02mk9""]","engine","[""Accelerating_and_revving_and_vroom"", ""engine""]","zenodo/127980.wav","zenodo"
"127981.wav","/m/02mk9","[""/m/07q2z82"", ""/m/02mk9""]","engine","[""Accelerating_and_revving_and_vroom"", ""engine""]","zenodo/127981.wav","zenodo"
"143602.wav","/m/02mk9","[""/m/07q2z82"", ""/m/02mk9""]","engine","[""Accelerating_and_revving_and_vroom"", ""engine""]","zenodo/143602.wav","zenodo"
"322550.wav","/m/02mk9","[""/m/07q2z82"", ""/m/02mk9""]","engine","[""Accelerating_and_revving_and_vroom"", ""engine""]","zenodo/322550.wav","zenodo"
"176639.wav","/m/02mk9","[""/m/07q2z82"", ""/m/02mk9""]","engine","[""Accelerating_and_revving_and_vroom"", ""engine""]","zenodo/176639.wav","zenodo"
