file,probable_explosion,duration,peak,rms,centroid,zcr,kurtosis,attack_ratio
/home/andres/Documentos/proyecto4geeks/data/raw/youtube/explosion/fufuluffQDY_seg220.wav,False,5.0,0.9574629664421082,0.22869206964969635,957.4606680827098,0.048041449652777776,0.8621952533721924,1.415505051612854
/home/andres/Documentos/proyecto4geeks/data/raw/youtube/explosion/UKR46LXG8_I_seg307.wav,False,5.0,1.206146240234375,0.3260813057422638,1202.0252914094401,0.04515245225694445,1.3672332763671875,0.2640960216522217
/home/andres/Documentos/proyecto4geeks/data/raw/youtube/explosion/-ZPpxY60Zm4_seg169.wav,False,5.0,1.013854742050171,0.35738322138786316,1115.3020505802613,0.04718017578125,0.1639697551727295,0.9574683904647827
/home/andres/Documentos/proyecto4geeks/data/raw/youtube/explosion/-ZPpxY60Zm4_seg134.wav,False,5.0,0.4457193911075592,0.08029039204120636,629.9440916736138,0.019669144241898147,1.4832849502563477,0.8884314894676208
/home/andres/Documentos/proyecto4geeks/data/raw/youtube/explosion/ME2vz8Vocjg_seg8.wav,False,5.0,0.5750322341918945,0.17061403393745422,411.2146483280028,0.014671043113425927,-0.23318123817443848,0.8566718101501465
/home/andres/Documentos/proyecto4geeks/data/raw/youtube/explosion/-ZPpxY60Zm4_seg39.wav,False,5.0,0.7232097387313843,0.10155611485242844,758.5408679789276,0.027703179253472224,2.0292916297912598,1.7461260557174683
/home/andres/Documentos/proyecto4geeks/data/raw/youtube/explosion/5hF-SPK4jJA_seg42.wav,False,5.0,0.9626902341842651,0.26531141996383667,844.0340272609885,0.03397397641782408,0.019653797149658203,1.0915089845657349
/home/andres/Documentos/proyecto4geeks/data/raw/youtube/explosion/-ZPpxY60Zm4_seg7.wav,False,5.0,1.0163859128952026,0.3571571707725525,1172.5245755274073,0.049467863859953706,0.19016647338867188,0.8298210501670837
/home/andres/Documentos/proyecto4geeks/data/raw/youtube/explosion/fufuluffQDY_seg51.wav,False,5.0,1.0212148427963257,0.12706126272678375,885.1798178238727,0.054328070746527776,1.8625121116638184,0.9127933979034424
/home/andres/Documentos/proyecto4geeks/data/raw/youtube/explosion/-ZPpxY60Zm4_seg93.wav,False,5.0,1.0020689964294434,0.2627955973148346,702.5561962924484,0.03246166087962963,1.045522689819336,1.2564876079559326
/home/andres/Documentos/proyecto4geeks/data/raw/youtube/explosion/Ezmqd42xLyA_seg68.wav,False,5.0,0.6996105909347534,0.1195303276181221,1104.6255527593864,0.044013129340277776,1.0316219329833984,1.5310800075531006
/home/andres/Documentos/proyecto4geeks/data/raw/youtube/explosion/Ezmqd42xLyA_seg14.wav,True,5.0,0.9927722811698914,0.15621142089366913,798.991723781869,0.03664369936342592,7.049983024597168,3.1193418502807617
/home/andres/Documentos/proyecto4geeks/data/raw/youtube/explosion/m5zzhKNxeGM_seg73.wav,True,5.0,0.7068777084350586,0.13770195841789246,1693.9885918259906,0.10760045934606481,1.294114589691162,1.5891567468643188
/home/andres/Documentos/proyecto4geeks/data/raw/youtube/explosion/fufuluffQDY_seg38.wav,False,5.0,1.0100467205047607,0.29173776507377625,949.175560205597,0.04285572193287037,0.5735116004943848,1.140015959739685
/home/andres/Documentos/proyecto4geeks/data/raw/youtube/explosion/fufuluffQDY_seg26.wav,False,5.0,0.9844751954078674,0.2498246133327484,1660.764977129573,0.07209834346064815,0.2427976131439209,1.0899672508239746
/home/andres/Documentos/proyecto4geeks/data/raw/youtube/explosion/UKR46LXG8_I_seg119.wav,False,5.0,1.1720635890960693,0.3198365569114685,1173.149236202748,0.044026692708333336,1.5572233200073242,1.4316140413284302
/home/andres/Documentos/proyecto4geeks/data/raw/youtube/explosion/5hF-SPK4jJA_seg19.wav,False,5.0,0.9908592700958252,0.24079544842243195,577.6051152728412,0.03229211877893518,0.10149288177490234,0.9682950973510742
/home/andres/Documentos/proyecto4geeks/data/raw/youtube/explosion/UKR46LXG8_I_seg344.wav,False,5.0,1.2061465978622437,0.3250727951526642,1159.0651714255407,0.04255958839699074,1.3822760581970215,3.056910514831543
/home/andres/Documentos/proyecto4geeks/data/raw/youtube/explosion/LQOkL1jaRfU_seg73.wav,False,5.0,0.8947873711585999,0.22909265756607056,1430.9946686153967,0.052164713541666664,0.6579139232635498,1.5810436010360718
/home/andres/Documentos/proyecto4geeks/data/raw/youtube/explosion/-ZPpxY60Zm4_seg45.wav,False,5.0,0.7682400941848755,0.10956046730279922,740.486109826783,0.02782072844328704,1.689004898071289,1.263429880142212
/home/andres/Documentos/proyecto4geeks/data/raw/youtube/explosion/UKR46LXG8_I_seg168.wav,False,5.0,1.1720635890960693,0.3180614113807678,1168.2852696688494,0.04359492549189815,1.5921125411987305,2.233227014541626
/home/andres/Documentos/proyecto4geeks/data/raw/youtube/explosion/Ezmqd42xLyA_seg108.wav,False,5.0,0.8420989513397217,0.12241293489933014,1236.857967342041,0.05644395616319445,5.418353080749512,0.1728920191526413
/home/andres/Documentos/proyecto4geeks/data/raw/youtube/explosion/m5zzhKNxeGM_seg41.wav,False,5.0,1.0119959115982056,0.1726890355348587,1914.196399927495,0.11820475260416667,1.514266014099121,1.380938172340393
/home/andres/Documentos/proyecto4geeks/data/raw/youtube/explosion/-ZPpxY60Zm4_seg94.wav,False,5.0,0.7783945798873901,0.10149160772562027,756.5989108241045,0.02801513671875,2.1043343544006348,1.637330412864685
/home/andres/Documentos/proyecto4geeks/data/raw/youtube/explosion/-ZPpxY60Zm4_seg293.wav,False,5.0,0.42837852239608765,0.0778120756149292,616.613438396676,0.018089011863425927,1.7134699821472168,0.8635968565940857
/home/andres/Documentos/proyecto4geeks/data/raw/youtube/explosion/ME2vz8Vocjg_seg60.wav,False,5.0,0.6337043046951294,0.17372937500476837,2114.469568861057,0.11333550347222222,-0.09207391738891602,0.9997991323471069
/home/andres/Documentos/proyecto4geeks/data/raw/youtube/explosion/UKR46LXG8_I_seg275.wav,False,5.0,1.1720635890960693,0.32514169812202454,1190.963401488073,0.04519088179976852,1.4096179008483887,0.3333124816417694
/home/andres/Documentos/proyecto4geeks/data/raw/youtube/explosion/fufuluffQDY_seg133.wav,False,5.0,0.9341939687728882,0.22340872883796692,655.9116848478718,0.02149567780671296,-0.1332566738128662,1.0241678953170776
/home/andres/Documentos/proyecto4geeks/data/raw/youtube/explosion/-ZPpxY60Zm4_seg320.wav,False,5.0,0.7599470615386963,0.11680557578802109,730.0626824983786,0.02808521412037037,1.5555424690246582,1.5214132070541382
/home/andres/Documentos/proyecto4geeks/data/raw/youtube/explosion/LQOkL1jaRfU_seg74.wav,False,5.0,0.9996818900108337,0.22596782445907593,1494.6417205322543,0.06533248336226852,0.9465396404266357,1.4144448041915894
/home/andres/Documentos/proyecto4geeks/data/raw/youtube/explosion/fufuluffQDY_seg112.wav,False,5.0,1.0273418426513672,0.12896014750003815,806.2017810289161,0.037407769097222224,6.407609939575195,0.48183661699295044
/home/andres/Documentos/proyecto4geeks/data/raw/youtube/explosion/4us3VQU-7AE_seg32.wav,False,5.0,0.8561323881149292,0.12814456224441528,1576.952575149872,0.0765380859375,4.113938808441162,0.27339595556259155
/home/andres/Documentos/proyecto4geeks/data/raw/youtube/explosion/ME2vz8Vocjg_seg46.wav,False,5.0,0.6094610691070557,0.07652445137500763,952.0549065710888,0.053120930989583336,10.18592357635498,0.8547376394271851
/home/andres/Documentos/proyecto4geeks/data/raw/youtube/explosion/4us3VQU-7AE_seg19.wav,False,5.0,1.0217361450195312,0.14634692668914795,951.468618224912,0.04603859230324074,8.218667030334473,0.2941494286060333
/home/andres/Documentos/proyecto4geeks/data/raw/youtube/explosion/4us3VQU-7AE_seg160.wav,False,5.0,0.5614422559738159,0.12398288398981094,960.2199297190424,0.0384521484375,2.718754291534424,0.4329601228237152
/home/andres/Documentos/proyecto4geeks/data/raw/youtube/explosion/-ZPpxY60Zm4_seg306.wav,False,5.0,1.0103139877319336,0.275944322347641,1223.4909545510043,0.044291178385416664,3.043484687805176,0.1538158506155014
/home/andres/Documentos/proyecto4geeks/data/raw/youtube/explosion/-ZPpxY60Zm4_seg133.wav,False,5.0,0.9500066041946411,0.19046545028686523,774.7927812096074,0.03512234157986111,1.072415828704834,1.604243516921997
/home/andres/Documentos/proyecto4geeks/data/raw/youtube/explosion/UKR46LXG8_I_seg25.wav,False,5.0,1.1720635890960693,0.32328224182128906,1184.361197774593,0.044806586371527776,1.4864439964294434,0.6082422137260437
/home/andres/Documentos/proyecto4geeks/data/raw/youtube/explosion/-ZPpxY60Zm4_seg276.wav,False,5.0,1.0221593379974365,0.3607273995876312,1059.0780867364263,0.04743787977430555,0.11202645301818848,1.2071515321731567
/home/andres/Documentos/proyecto4geeks/data/raw/youtube/explosion/UKR46LXG8_I_seg95.wav,False,5.0,1.1720635890960693,0.3257772624492645,1201.5415557482495,0.045622649016203706,1.3773736953735352,0.02420552633702755
/home/andres/Documentos/proyecto4geeks/data/raw/youtube/explosion/ME2vz8Vocjg_seg21.wav,False,5.0,0.4752594828605652,0.08702823519706726,886.6386129099922,0.044108072916666664,1.3940749168395996,1.2555609941482544
/home/andres/Documentos/proyecto4geeks/data/raw/youtube/explosion/50IyVsS9EGQ_seg25.wav,False,5.0,0.32584401965141296,0.058177996426820755,719.7784601221256,0.0450439453125,1.810448169708252,0.9190873503684998
/home/andres/Documentos/proyecto4geeks/data/raw/youtube/explosion/UKR46LXG8_I_seg274.wav,False,5.0,1.206146478652954,0.3255520761013031,1195.5481836151214,0.04480432581018518,1.394310474395752,0.29642629623413086
/home/andres/Documentos/proyecto4geeks/data/raw/youtube/explosion/-ZPpxY60Zm4_seg207.wav,False,5.0,0.7673417329788208,0.10776832699775696,738.6224280881565,0.028069390190972224,1.78566312789917,1.2623804807662964
/home/andres/Documentos/proyecto4geeks/data/raw/youtube/explosion/4afB4wcRH-A_seg55.wav,True,5.0,0.9812412261962891,0.16256262362003326,1597.0486298009473,0.047779224537037035,7.2697649002075195,0.2594403922557831
/home/andres/Documentos/proyecto4geeks/data/raw/youtube/explosion/Ezmqd42xLyA_seg92.wav,False,5.0,0.7024051547050476,0.09449607133865356,1084.315825256891,0.05419017650462963,3.0228524208068848,1.297698736190796
/home/andres/Documentos/proyecto4geeks/data/raw/youtube/explosion/-DjvoQ3Cl5Y_seg68.wav,False,5.0,0.40087777376174927,0.06607134640216827,2601.0610211827097,0.1821967230902778,2.0434765815734863,0.8172251582145691
/home/andres/Documentos/proyecto4geeks/data/raw/youtube/explosion/-DjvoQ3Cl5Y_seg4.wav,False,5.0,0.5510730743408203,0.09469342231750488,1002.9512569401899,0.0633816189236111,2.6546735763549805,0.7878404855728149
/home/andres/Documentos/proyecto4geeks/data/raw/youtube/explosion/50IyVsS9EGQ_seg9.wav,False,5.0,0.2410822957754135,0.05152458697557449,1623.56242647977,0.11870885778356481,0.13145160675048828,1.013500452041626
/home/andres/Documentos/proyecto4geeks/data/raw/youtube/explosion/4afB4wcRH-A_seg8.wav,False,5.0,0.5169036984443665,0.09701583534479141,530.6904912328247,0.01714183666087963,1.9732341766357422,1.7429591417312622
/home/andres/Documentos/proyecto4geeks/data/raw/youtube/explosion/LQOkL1jaRfU_seg108.wav,False,5.0,1.011283040046692,0.39736291766166687,1286.030392073944,0.04560682508680555,-0.3349037170410156,0.20296962559223175
/home/andres/Documentos/proyecto4geeks/data/raw/youtube/explosion/4us3VQU-7AE_seg79.wav,False,5.0,0.44342583417892456,0.07683762907981873,332.10994456097353,0.009589301215277778,2.6860008239746094,0.36342084407806396
/home/andres/Documentos/proyecto4geeks/data/raw/youtube/explosion/UKR46LXG8_I_seg167.wav,False,5.0,1.2061465978622437,0.31592610478401184,1164.5523207709975,0.042928059895833336,1.5814461708068848,2.1425716876983643
/home/andres/Documentos/proyecto4geeks/data/raw/youtube/explosion/fufuluffQDY_seg63.wav,False,5.0,0.7042347192764282,0.15138307213783264,901.9176843817362,0.027077003761574073,1.009058952331543,1.3730019330978394
/home/andres/Documentos/proyecto4geeks/data/raw/youtube/explosion/-ZPpxY60Zm4_seg96.wav,False,5.0,1.0022118091583252,0.27515101432800293,745.6774200047787,0.034566243489583336,0.8097596168518066,1.2823989391326904
/home/andres/Documentos/proyecto4geeks/data/raw/youtube/explosion/4us3VQU-7AE_seg52.wav,False,5.0,0.30230000615119934,0.055087860673666,1111.5620414537118,0.07542362919560185,0.9783148765563965,0.5823724269866943
/home/andres/Documentos/proyecto4geeks/data/raw/youtube/explosion/fufuluffQDY_seg17.wav,False,5.0,0.9544732570648193,0.20533487200737,1140.7264490323728,0.056769476996527776,0.7582712173461914,5.825409132853565e-08
/home/andres/Documentos/proyecto4geeks/data/raw/youtube/explosion/-ZPpxY60Zm4_seg98.wav,False,5.0,1.0138728618621826,0.2251747101545334,1184.5167710399837,0.03827356409143518,6.140716552734375,0.37902161478996277
/home/andres/Documentos/proyecto4geeks/data/raw/youtube/explosion/-ZPpxY60Zm4_seg47.wav,False,5.0,1.0073858499526978,0.3080141246318817,825.5265182939124,0.038458930121527776,0.7217175960540771,1.6488841772079468
/home/andres/Documentos/proyecto4geeks/data/raw/youtube/explosion/-ZPpxY60Zm4_seg229.wav,False,5.0,0.4387161433696747,0.07209692895412445,672.3923216476089,0.01946795428240741,3.07663631439209,2.2560834884643555
/home/andres/Documentos/proyecto4geeks/data/raw/youtube/explosion/ME2vz8Vocjg_seg54.wav,False,5.0,0.6475108861923218,0.18935087323188782,1958.2148509257115,0.08258960865162036,-0.42167091369628906,1.0783374309539795
/home/andres/Documentos/proyecto4geeks/data/raw/youtube/explosion/m5zzhKNxeGM_seg21.wav,False,5.0,0.6475733518600464,0.0981018915772438,1009.5008175490154,0.062224211516203706,6.888040542602539,1.1944975852966309
/home/andres/Documentos/proyecto4geeks/data/raw/youtube/explosion/LQOkL1jaRfU_seg58.wav,False,5.0,0.24066713452339172,0.05711953714489937,1248.9754560734625,0.054802788628472224,1.0903501510620117,0.05342729389667511
/home/andres/Documentos/proyecto4geeks/data/raw/youtube/explosion/LQOkL1jaRfU_seg46.wav,False,5.0,0.7805600166320801,0.3099987804889679,1450.410273409663,0.031853569878472224,-1.4070310592651367,0.9475515484809875
/home/andres/Documentos/proyecto4geeks/data/raw/youtube/explosion/fufuluffQDY_seg163.wav,False,5.0,0.9326200485229492,0.24238577485084534,707.6191187215874,0.02160418475115741,-0.2674694061279297,1.0056015253067017
/home/andres/Documentos/proyecto4geeks/data/raw/youtube/explosion/f0gB369NYFA_seg28.wav,False,5.0,1.0001282691955566,0.10661739856004715,1456.0414241722506,0.05527976707175926,20.153818130493164,0.0015823228750377893
/home/andres/Documentos/proyecto4geeks/data/raw/youtube/explosion/4us3VQU-7AE_seg153.wav,False,5.0,0.517060399055481,0.0998532846570015,628.6170576363222,0.03526927806712963,0.8169536590576172,0.4875241219997406
/home/andres/Documentos/proyecto4geeks/data/raw/youtube/explosion/UKR46LXG8_I_seg112.wav,False,5.0,1.2061465978622437,0.3228633999824524,1186.950638455355,0.045023600260416664,1.49176025390625,0.7387323975563049
/home/andres/Documentos/proyecto4geeks/data/raw/youtube/explosion/LQOkL1jaRfU_seg132.wav,False,5.0,0.4008905291557312,0.09281886368989944,624.2826082299258,0.02148663556134259,0.46725916862487793,1.4100106954574585
/home/andres/Documentos/proyecto4geeks/data/raw/youtube/explosion/Ezmqd42xLyA_seg56.wav,False,5.0,0.6924409866333008,0.16108852624893188,1161.186556441981,0.0628345630787037,1.4089975357055664,0.55341637134552
/home/andres/Documentos/proyecto4geeks/data/raw/youtube/explosion/LQOkL1jaRfU_seg14.wav,False,5.0,0.998078465461731,0.21815051138401031,984.8694256945547,0.04377124927662037,2.897242546081543,2.2987406253814697
/home/andres/Documentos/proyecto4geeks/data/raw/youtube/explosion/-ZPpxY60Zm4_seg195.wav,False,5.0,0.4200780391693115,0.08686436712741852,706.643416564753,0.024133752893518517,0.9272699356079102,1.1617671251296997
/home/andres/Documentos/proyecto4geeks/data/raw/youtube/explosion/m5zzhKNxeGM_seg49.wav,False,5.0,0.7933172583580017,0.23150810599327087,788.3522044574119,0.03529414424189815,-0.46941471099853516,1.2219659090042114
/home/andres/Documentos/proyecto4geeks/data/raw/youtube/explosion/Ezmqd42xLyA_seg10.wav,False,5.0,0.4956986904144287,0.06730411946773529,1299.0668261481462,0.059014214409722224,6.113701820373535,0.8094883561134338
/home/andres/Documentos/proyecto4geeks/data/raw/youtube/explosion/fufuluffQDY_seg171.wav,False,5.0,0.7675278782844543,0.23375317454338074,707.4257758335984,0.021235713252314815,-0.3887794017791748,1.0997713804244995
/home/andres/Documentos/proyecto4geeks/data/raw/youtube/explosion/50IyVsS9EGQ_seg87.wav,True,5.0,1.0035264492034912,0.15924382209777832,1678.3815244397647,0.05666775173611111,5.044011116027832,1.0321509838104248
/home/andres/Documentos/proyecto4geeks/data/raw/youtube/explosion/m5zzhKNxeGM_seg82.wav,True,5.0,0.40783846378326416,0.07651691138744354,1507.0502126618373,0.08344636140046297,2.180178165435791,1.7639933824539185
/home/andres/Documentos/proyecto4geeks/data/raw/youtube/explosion/UKR46LXG8_I_seg124.wav,False,5.0,1.2061469554901123,0.3172147572040558,1163.383734805722,0.04297327112268518,1.5749788284301758,2.0832364559173584
/home/andres/Documentos/proyecto4geeks/data/raw/youtube/explosion/m5zzhKNxeGM_seg10.wav,False,5.0,1.0000113248825073,0.0867462307214737,923.6123966669235,0.037731029369212965,38.60801696777344,0.6258863210678101
/home/andres/Documentos/proyecto4geeks/data/raw/youtube/explosion/Ezmqd42xLyA_seg140.wav,False,5.0,1.0253385305404663,0.3006572723388672,2094.0405915532847,0.09645137080439815,-0.3890962600708008,1.011496663093567
/home/andres/Documentos/proyecto4geeks/data/raw/youtube/explosion/50IyVsS9EGQ_seg104.wav,True,5.0,0.8048011660575867,0.09566371142864227,1743.5466193377442,0.06192355685763889,7.0061492919921875,1.4677801132202148
/home/andres/Documentos/proyecto4geeks/data/raw/youtube/explosion/UKR46LXG8_I_seg280.wav,False,5.0,1.2061467170715332,0.3242521584033966,1187.5584224526065,0.04441776982060185,1.4516301155090332,0.5368845462799072
/home/andres/Documentos/proyecto4geeks/data/raw/youtube/explosion/eV8itVdo9f8_seg20.wav,False,5.0,0.9793615341186523,0.2876124382019043,774.2785366408476,0.016411675347222224,0.08521652221679688,0.15501509606838226
/home/andres/Documentos/proyecto4geeks/data/raw/youtube/explosion/fufuluffQDY_seg200.wav,False,5.0,0.9964549541473389,0.24018453061580658,1097.6637323796742,0.05765561704282408,0.46897268295288086,1.076738953590393
/home/andres/Documentos/proyecto4geeks/data/raw/youtube/explosion/UKR46LXG8_I_seg316.wav,False,5.0,1.1720635890960693,0.32531046867370605,1199.1729379612318,0.045502839265046294,1.401102066040039,0.26942771673202515
/home/andres/Documentos/proyecto4geeks/data/raw/youtube/explosion/ME2vz8Vocjg_seg37.wav,False,5.0,0.6306448578834534,0.22927889227867126,582.0859397512083,0.021721733940972224,-0.37460899353027344,1.0551847219467163
/home/andres/Documentos/proyecto4geeks/data/raw/youtube/explosion/UKR46LXG8_I_seg70.wav,False,5.0,1.1720635890960693,0.32253050804138184,1188.6260060117706,0.04519314236111111,1.5067152976989746,0.8065612316131592
/home/andres/Documentos/proyecto4geeks/data/raw/youtube/explosion/4us3VQU-7AE_seg163.wav,False,5.0,0.4909902811050415,0.1076601892709732,1229.7500581867075,0.05522325303819445,0.9015932083129883,0.7375285029411316
/home/andres/Documentos/proyecto4geeks/data/raw/youtube/explosion/-ZPpxY60Zm4_seg112.wav,False,5.0,0.766977846622467,0.13124215602874756,744.2353643702843,0.030614782262731483,1.4972095489501953,1.4808107614517212
/home/andres/Documentos/proyecto4geeks/data/raw/youtube/explosion/50IyVsS9EGQ_seg45.wav,False,5.0,0.7020939588546753,0.09091497212648392,744.590084771408,0.03952591507523148,4.583821773529053,1.1920658349990845
/home/andres/Documentos/proyecto4geeks/data/raw/youtube/explosion/Ezmqd42xLyA_seg29.wav,False,5.0,1.0059807300567627,0.35986393690109253,924.121732511264,0.03222204137731482,-0.3476290702819824,0.989079475402832
/home/andres/Documentos/proyecto4geeks/data/raw/youtube/explosion/eV8itVdo9f8_seg13.wav,False,5.0,0.5005750060081482,0.08098436146974564,986.9969316399465,0.021165635850694444,4.76084566116333,3.5835609436035156
/home/andres/Documentos/proyecto4geeks/data/raw/youtube/explosion/UKR46LXG8_I_seg359.wav,False,5.0,1.1720635890960693,0.32536718249320984,1195.1306810837737,0.045477973090277776,1.398320198059082,0.28676852583885193
/home/andres/Documentos/proyecto4geeks/data/raw/youtube/explosion/m5zzhKNxeGM_seg60.wav,False,5.0,0.710377037525177,0.09171216934919357,716.2655332497899,0.03543429904513889,8.693520545959473,0.7441018223762512
/home/andres/Documentos/proyecto4geeks/data/raw/youtube/explosion/LQOkL1jaRfU_seg17.wav,False,5.0,0.9671483635902405,0.3128207325935364,1913.5644649369976,0.13432481553819445,-0.28407835960388184,1.0050960779190063
/home/andres/Documentos/proyecto4geeks/data/raw/youtube/explosion/UKR46LXG8_I_seg127.wav,False,5.0,1.1720635890960693,0.3152224123477936,1168.327995455789,0.043402777777777776,1.6354866027832031,2.4848098754882812
/home/andres/Documentos/proyecto4geeks/data/raw/youtube/explosion/-ZPpxY60Zm4_seg51.wav,False,5.0,0.7614812254905701,0.12502218782901764,725.9911909605696,0.028849283854166668,1.8163866996765137,1.7943142652511597
/home/andres/Documentos/proyecto4geeks/data/raw/youtube/explosion/fufuluffQDY_seg180.wav,False,5.0,0.9281608462333679,0.23120079934597015,644.13026380551,0.02093279803240741,-0.03867340087890625,0.9601186513900757
/home/andres/Documentos/proyecto4geeks/data/raw/youtube/explosion/-ZPpxY60Zm4_seg322.wav,False,5.0,1.0113930702209473,0.32640501856803894,895.3577022102594,0.041384096498842594,0.5595295429229736,1.704053282737732
/home/andres/Documentos/proyecto4geeks/data/raw/youtube/explosion/ME2vz8Vocjg_seg3.wav,False,5.0,0.617111086845398,0.16245058178901672,765.0735484323183,0.04017695674189815,0.28371429443359375,1.1734930276870728
/home/andres/Documentos/proyecto4geeks/data/raw/youtube/explosion/fufuluffQDY_seg25.wav,False,5.0,1.0305793285369873,0.2330455183982849,1991.5015155825283,0.09290681061921297,-0.14462780952453613,0.6954723596572876
/home/andres/Documentos/proyecto4geeks/data/raw/youtube/explosion/-ZPpxY60Zm4_seg334.wav,False,5.0,1.0159794092178345,0.35580721497535706,1190.7043367460503,0.04733615451388889,0.23742961883544922,0.6323529481887817
/home/andres/Documentos/proyecto4geeks/data/raw/youtube/explosion/-ZPpxY60Zm4_seg142.wav,False,5.0,1.004719853401184,0.25063079595565796,688.5049611039706,0.03082275390625,1.3796510696411133,2.0544490814208984
/home/andres/Documentos/proyecto4geeks/data/raw/youtube/explosion/UKR46LXG8_I_seg184.wav,False,5.0,1.2061465978622437,0.3258463442325592,1199.9470084609682,0.045134367766203706,1.3795065879821777,0.12299307435750961
/home/andres/Documentos/proyecto4geeks/data/raw/youtube/explosion/UKR46LXG8_I_seg263.wav,False,5.0,1.1720633506774902,0.32584524154663086,1214.9663689614085,0.045783148871527776,1.3737444877624512,0.9068606495857239
/home/andres/Documentos/proyecto4geeks/data/raw/youtube/explosion/ME2vz8Vocjg_seg62.wav,False,5.0,0.6249680519104004,0.18116404116153717,1974.1743491076902,0.09056712962962964,-0.30739784240722656,0.9895371198654175
/home/andres/Documentos/proyecto4geeks/data/raw/youtube/explosion/Ezmqd42xLyA_seg111.wav,False,5.0,0.9247410893440247,0.2867983877658844,367.7669320167268,0.017074019820601853,-0.23656296730041504,1.0778573751449585
/home/andres/Documentos/proyecto4geeks/data/raw/youtube/explosion/LQOkL1jaRfU_seg102.wav,False,5.0,0.6061902642250061,0.10539852827787399,1020.8405532968941,0.034426088686342594,3.780357837677002,1.5726064443588257
/home/andres/Documentos/proyecto4geeks/data/raw/youtube/explosion/-ZPpxY60Zm4_seg42.wav,False,5.0,0.7689237594604492,0.10448184609413147,747.2648019384886,0.02813720703125,2.022026538848877,1.5360291004180908
/home/andres/Documentos/proyecto4geeks/data/raw/youtube/explosion/UKR46LXG8_I_seg166.wav,False,5.0,1.1720634698867798,0.3175935447216034,1172.0785578387527,0.04349093967013889,1.5989861488342285,1.9912571907043457
/home/andres/Documentos/proyecto4geeks/data/raw/youtube/explosion/UKR46LXG8_I_seg150.wav,False,5.0,1.1720634698867798,0.3245777189731598,1191.717908258727,0.04532425491898148,1.435476303100586,0.43427181243896484
/home/andres/Documentos/proyecto4geeks/data/raw/youtube/explosion/UKR46LXG8_I_seg216.wav,False,5.0,1.1720633506774902,0.32483717799186707,1160.2400096038155,0.04285120081018518,1.3891072273254395,3.065303087234497
/home/andres/Documentos/proyecto4geeks/data/raw/youtube/explosion/UKR46LXG8_I_seg203.wav,False,5.0,1.1720633506774902,0.3204302191734314,1178.224789546452,0.04460313585069445,1.5554513931274414,1.2909296751022339
/home/andres/Documentos/proyecto4geeks/data/raw/youtube/explosion/fufuluffQDY_seg145.wav,False,5.0,0.7895035743713379,0.2535400688648224,730.3289336005723,0.022302698206018517,-0.5042572021484375,0.9874263405799866
/home/andres/Documentos/proyecto4geeks/data/raw/youtube/explosion/-DjvoQ3Cl5Y_seg48.wav,False,5.0,0.5619279146194458,0.11743278056383133,1199.6478662252146,0.05999303747106482,1.1377501487731934,0.7354945540428162
/home/andres/Documentos/proyecto4geeks/data/raw/youtube/explosion/UKR46LXG8_I_seg77.wav,False,5.0,1.2061465978622437,0.31936076283454895,1177.0473947572475,0.044239185474537035,1.5623407363891602,1.5021754503250122
/home/andres/Documentos/proyecto4geeks/data/raw/youtube/explosion/-ZPpxY60Zm4_seg40.wav,False,5.0,1.0101981163024902,0.2558262348175049,1196.0437799318543,0.04054316767939815,4.3778510093688965,0.2997308075428009
/home/andres/Documentos/proyecto4geeks/data/raw/youtube/explosion/fufuluffQDY_seg134.wav,False,5.0,0.8706392049789429,0.23312337696552277,731.4312742014156,0.02326343677662037,-0.2997465133666992,1.1024755239486694
/home/andres/Documentos/proyecto4geeks/data/raw/youtube/explosion/fufuluffQDY_seg173.wav,False,5.0,0.8237676620483398,0.2515438497066498,744.4818642449244,0.021823459201388888,-0.4867885112762451,0.9445381164550781
/home/andres/Documentos/proyecto4geeks/data/raw/youtube/explosion/UKR46LXG8_I_seg126.wav,False,5.0,1.2061468362808228,0.31395989656448364,1174.8308128052333,0.04415328414351852,1.6369433403015137,2.292957305908203
/home/andres/Documentos/proyecto4geeks/data/raw/youtube/explosion/-ZPpxY60Zm4_seg120.wav,False,5.0,1.0148931741714478,0.3510361313819885,1205.6800710087907,0.049592194733796294,0.35944223403930664,0.1491345316171646
/home/andres/Documentos/proyecto4geeks/data/raw/youtube/explosion/UKR46LXG8_I_seg231.wav,False,5.0,1.2061468362808228,0.3255907893180847,1194.9455150159472,0.044858579282407406,1.3922758102416992,0.2863878309726715
/home/andres/Documentos/proyecto4geeks/data/raw/youtube/explosion/LQOkL1jaRfU_seg111.wav,False,5.0,0.7995601892471313,0.17451949417591095,990.8709265182523,0.05332664207175926,0.5781607627868652,0.8631742000579834
/home/andres/Documentos/proyecto4geeks/data/raw/youtube/explosion/4us3VQU-7AE_seg186.wav,False,5.0,0.4979834258556366,0.08482746034860611,1276.534037208276,0.05678982204861111,2.4145922660827637,1.5398451089859009
/home/andres/Documentos/proyecto4geeks/data/raw/youtube/explosion/UKR46LXG8_I_seg305.wav,False,5.0,1.2061469554901123,0.32609036564826965,1197.3731326905884,0.04553674768518518,1.366734504699707,1.1815029382705688
/home/andres/Documentos/proyecto4geeks/data/raw/youtube/explosion/f0gB369NYFA_seg17.wav,False,5.0,1.0147870779037476,0.16048064827919006,732.6515768621075,0.023835358796296297,18.013761520385742,0.00011061643454013392
/home/andres/Documentos/proyecto4geeks/data/raw/youtube/explosion/-ZPpxY60Zm4_seg212.wav,False,5.0,1.0132813453674316,0.31674399971961975,870.9358315783647,0.04012496383101852,0.6402888298034668,1.6386375427246094
/home/andres/Documentos/proyecto4geeks/data/raw/youtube/explosion/-DjvoQ3Cl5Y_seg70.wav,False,5.0,0.3562917709350586,0.07141780853271484,1088.628380020866,0.045337818287037035,0.7640602588653564,1.6870996952056885
/home/andres/Documentos/proyecto4geeks/data/raw/youtube/explosion/4us3VQU-7AE_seg63.wav,False,5.0,1.0111865997314453,0.23142486810684204,1785.1601232301307,0.09822591145833333,1.392888069152832,0.8842322826385498
/home/andres/Documentos/proyecto4geeks/data/raw/youtube/explosion/-ZPpxY60Zm4_seg351.wav,False,5.0,0.39563363790512085,0.08007491379976273,633.9473333885422,0.019535771122685185,1.399378776550293,0.8844578266143799
/home/andres/Documentos/proyecto4geeks/data/raw/youtube/explosion/m5zzhKNxeGM_seg104.wav,False,5.0,0.8126997947692871,0.4723450839519501,1587.1970169098388,0.06475604021990741,-1.555793285369873,1.026519536972046
/home/andres/Documentos/proyecto4geeks/data/raw/youtube/explosion/ME2vz8Vocjg_seg15.wav,False,5.0,0.5487664937973022,0.11609774082899094,1007.5722301033337,0.053943775318287035,1.1225829124450684,1.4902147054672241
/home/andres/Documentos/proyecto4geeks/data/raw/youtube/explosion/m5zzhKNxeGM_seg16.wav,False,5.0,0.4268733859062195,0.05498725548386574,758.8212300648908,0.04670093677662037,0.5406231880187988,0.979040801525116
/home/andres/Documentos/proyecto4geeks/data/raw/youtube/explosion/Ezmqd42xLyA_seg89.wav,False,5.0,0.7685931921005249,0.18752214312553406,731.1144290345795,0.031609429253472224,0.14415311813354492,0.8331992626190186
/home/andres/Documentos/proyecto4geeks/data/raw/youtube/explosion/UKR46LXG8_I_seg296.wav,False,5.0,1.2061465978622437,0.3172900378704071,1169.6539285873962,0.043791594328703706,1.58695650100708,2.2302699089050293
/home/andres/Documentos/proyecto4geeks/data/raw/youtube/explosion/-ZPpxY60Zm4_seg263.wav,False,5.0,1.0170087814331055,0.20663222670555115,1113.5500971895324,0.03750271267361111,7.819914817810059,0.4107586741447449
/home/andres/Documentos/proyecto4geeks/data/raw/youtube/explosion/-DjvoQ3Cl5Y_seg16.wav,False,5.0,0.8141719698905945,0.2078675776720047,938.4606469880156,0.04719826027199074,0.20380353927612305,1.151530146598816
/home/andres/Documentos/proyecto4geeks/data/raw/youtube/explosion/-ZPpxY60Zm4_seg12.wav,False,5.0,0.42535752058029175,0.0719684287905693,684.5086883679435,0.020112214265046297,3.1247501373291016,2.2564315795898438
/home/andres/Documentos/proyecto4geeks/data/raw/youtube/explosion/UKR46LXG8_I_seg181.wav,False,5.0,1.1720634698867798,0.325776606798172,1204.5219259617888,0.04560908564814815,1.3774490356445312,0.03801065683364868
/home/andres/Documentos/proyecto4geeks/data/raw/youtube/explosion/Ezmqd42xLyA_seg9.wav,False,5.0,0.30387040972709656,0.052643969655036926,1541.1883208104516,0.07085503472222222,0.572634220123291,1.368404507637024
/home/andres/Documentos/proyecto4geeks/data/raw/youtube/explosion/UKR46LXG8_I_seg178.wav,False,5.0,1.2061467170715332,0.32608649134635925,1200.978209072149,0.045351381655092594,1.3669614791870117,0.7564365863800049
/home/andres/Documentos/proyecto4geeks/data/raw/youtube/explosion/-ZPpxY60Zm4_seg34.wav,False,5.0,1.0177680253982544,0.2785661816596985,1257.7803908323801,0.04402443214699074,2.935788154602051,0.1391034871339798
/home/andres/Documentos/proyecto4geeks/data/raw/youtube/explosion/LQOkL1jaRfU_seg92.wav,False,5.0,0.9822417497634888,0.1864766776561737,1007.1040806702626,0.03842954282407408,2.6203627586364746,2.098810911178589
/home/andres/Documentos/proyecto4geeks/data/raw/youtube/explosion/-ZPpxY60Zm4_seg302.wav,False,5.0,0.4370424747467041,0.0840824767947197,688.7200478153676,0.022976345486111112,1.0123724937438965,1.02024507522583
/home/andres/Documentos/proyecto4geeks/data/raw/youtube/explosion/4us3VQU-7AE_seg13.wav,False,5.0,0.39289355278015137,0.08453411608934402,2230.1266826944407,0.1790703667534722,2.4496421813964844,0.2836831510066986
/home/andres/Documentos/proyecto4geeks/data/raw/youtube/explosion/-ZPpxY60Zm4_seg62.wav,False,5.0,1.0142098665237427,0.35599082708358765,1187.8388198083494,0.049886067708333336,0.19643759727478027,0.7378028035163879
/home/andres/Documentos/proyecto4geeks/data/raw/youtube/explosion/m5zzhKNxeGM_seg79.wav,False,5.0,1.009110927581787,0.3208804726600647,835.340389903329,0.031234176070601853,0.24827098846435547,1.3746017217636108
/home/andres/Documentos/proyecto4geeks/data/raw/youtube/explosion/4us3VQU-7AE_seg69.wav,False,5.0,0.9754452705383301,0.088924840092659,945.6494420808034,0.04188820167824074,3.348200798034668,1.3953298330307007
/home/andres/Documentos/proyecto4geeks/data/raw/youtube/explosion/-ZPpxY60Zm4_seg110.wav,True,5.0,1.012471079826355,0.09402187168598175,921.8374922382077,0.026527687355324073,32.0785026550293,2.12455153465271
/home/andres/Documentos/proyecto4geeks/data/raw/youtube/explosion/-ZPpxY60Zm4_seg246.wav,False,5.0,1.0013742446899414,0.23021097481250763,723.1475481686516,0.03180835865162037,1.6973776817321777,2.166841506958008
/home/andres/Documentos/proyecto4geeks/data/raw/youtube/explosion/m5zzhKNxeGM_seg64.wav,False,5.0,0.7278473377227783,0.19116823375225067,451.54153245207914,0.019890679253472224,0.5438075065612793,1.3459668159484863
/home/andres/Documentos/proyecto4geeks/data/raw/youtube/explosion/UKR46LXG8_I_seg49.wav,False,5.0,1.2061465978622437,0.32609033584594727,1197.3777008996542,0.04553674768518518,1.3667340278625488,1.1815026998519897
/home/andres/Documentos/proyecto4geeks/data/raw/youtube/explosion/LQOkL1jaRfU_seg41.wav,True,5.0,0.8331749439239502,0.11967397481203079,1935.0412877888784,0.1159396701388889,6.4644880294799805,0.8446916937828064
/home/andres/Documentos/proyecto4geeks/data/raw/youtube/explosion/-ZPpxY60Zm4_seg335.wav,False,5.0,0.7715383172035217,0.13982805609703064,775.2093893688585,0.03207736545138889,1.3459444046020508,1.441953420639038
/home/andres/Documentos/proyecto4geeks/data/raw/youtube/explosion/UKR46LXG8_I_seg321.wav,False,5.0,1.2061465978622437,0.3248409926891327,1192.1354354956968,0.04469129774305555,1.427839756011963,0.45273667573928833
/home/andres/Documentos/proyecto4geeks/data/raw/youtube/explosion/-ZPpxY60Zm4_seg147.wav,False,5.0,1.0123331546783447,0.2635711133480072,1219.257934511329,0.03978135850694445,3.8620071411132812,0.2730494439601898
/home/andres/Documentos/proyecto4geeks/data/raw/youtube/explosion/ME2vz8Vocjg_seg11.wav,True,5.0,0.629392147064209,0.1107839047908783,1038.200984547943,0.042656792534722224,7.8187971115112305,4.299689292907715
/home/andres/Documentos/proyecto4geeks/data/raw/youtube/explosion/UKR46LXG8_I_seg37.wav,False,5.0,1.1720635890960693,0.3172915577888489,1174.4020659725784,0.043619791666666664,1.589071273803711,1.8422821760177612
/home/andres/Documentos/proyecto4geeks/data/raw/youtube/explosion/-ZPpxY60Zm4_seg239.wav,False,5.0,1.012316346168518,0.33218562602996826,1244.9855280050617,0.04700611255787037,0.9748902320861816,0.02488887682557106
/home/andres/Documentos/proyecto4geeks/data/raw/youtube/explosion/ME2vz8Vocjg_seg65.wav,False,5.0,0.6823341846466064,0.20267754793167114,2136.076864834273,0.13514765986689814,-0.37671542167663574,0.9426758289337158
/home/andres/Documentos/proyecto4geeks/data/raw/youtube/explosion/-ZPpxY60Zm4_seg135.wav,False,5.0,1.0151475667953491,0.31136056780815125,1283.7580378068649,0.04668285228587963,1.591343879699707,0.04862455651164055
/home/andres/Documentos/proyecto4geeks/data/raw/youtube/explosion/UKR46LXG8_I_seg8.wav,False,5.0,1.2061465978622437,0.3260822296142578,1213.170632586945,0.045285825376157406,1.3671774864196777,0.4260687828063965
/home/andres/Documentos/proyecto4geeks/data/raw/youtube/explosion/UKR46LXG8_I_seg233.wav,False,5.0,1.2061469554901123,0.3252299726009369,1188.8590646955336,0.04472972728587963,1.4102439880371094,0.34665918350219727
/home/andres/Documentos/proyecto4geeks/data/raw/youtube/explosion/UKR46LXG8_I_seg327.wav,False,5.0,1.2061465978622437,0.32173728942871094,1189.9308046304375,0.044709382233796294,1.5271286964416504,0.9242841005325317
/home/andres/Documentos/proyecto4geeks/data/raw/youtube/explosion/LQOkL1jaRfU_seg4.wav,False,5.0,0.7741759419441223,0.143473282456398,2269.146054088144,0.14694779007523148,1.2849082946777344,1.2024463415145874
/home/andres/Documentos/proyecto4geeks/data/raw/youtube/explosion/-ZPpxY60Zm4_seg341.wav,False,5.0,0.9591115713119507,0.15943646430969238,798.1915989945156,0.03444191261574074,1.453425407409668,1.7801122665405273
/home/andres/Documentos/proyecto4geeks/data/raw/youtube/explosion/UKR46LXG8_I_seg133.wav,False,5.0,1.2061465978622437,0.32608696818351746,1185.7617623348226,0.04534459997106482,1.366774082183838,1.8253302574157715
/home/andres/Documentos/proyecto4geeks/data/raw/youtube/explosion/50IyVsS9EGQ_seg2.wav,False,5.0,0.4009432792663574,0.11718429625034332,833.8355352729124,0.04805727358217592,-0.5270791053771973,1.5818809270858765
/home/andres/Documentos/proyecto4geeks/data/raw/youtube/explosion/Ezmqd42xLyA_seg112.wav,False,5.0,0.9277133941650391,0.22584815323352814,589.0820321303802,0.02103904441550926,-0.10822057723999023,1.2110220193862915
/home/andres/Documentos/proyecto4geeks/data/raw/youtube/explosion/fufuluffQDY_seg77.wav,False,5.0,0.40256622433662415,0.05606157332658768,879.5694035432059,0.04166892722800926,2.784717082977295,0.6521257162094116
/home/andres/Documentos/proyecto4geeks/data/raw/youtube/explosion/UKR46LXG8_I_seg293.wav,False,5.0,1.1720637083053589,0.3172915577888489,1174.402297853514,0.043619791666666664,1.5890717506408691,1.8422821760177612
/home/andres/Documentos/proyecto4geeks/data/raw/youtube/explosion/-DjvoQ3Cl5Y_seg51.wav,False,5.0,0.6741015315055847,0.15473665297031403,1263.4184464912355,0.06647180627893519,0.6127769947052002,1.365199089050293
/home/andres/Documentos/proyecto4geeks/data/raw/youtube/explosion/fufuluffQDY_seg184.wav,False,5.0,0.978359580039978,0.22366638481616974,940.1731247067275,0.05062527126736111,0.7265160083770752,0.756729245185852
/home/andres/Documentos/proyecto4geeks/data/raw/youtube/explosion/-ZPpxY60Zm4_seg283.wav,False,5.0,0.9382980465888977,0.14668847620487213,787.277476420651,0.033426920572916664,1.701509952545166,1.6170299053192139
/home/andres/Documentos/proyecto4geeks/data/raw/youtube/explosion/ME2vz8Vocjg_seg58.wav,False,5.0,0.6071192026138306,0.1602734476327896,2104.0354624483557,0.11394585503472222,-0.10921835899353027,1.0089292526245117
/home/andres/Documentos/proyecto4geeks/data/raw/youtube/explosion/50IyVsS9EGQ_seg50.wav,False,5.0,1.0018641948699951,0.38933080434799194,230.00370202406071,0.011212384259259259,0.7570257186889648,0.48235705494880676
/home/andres/Documentos/proyecto4geeks/data/raw/youtube/explosion/4us3VQU-7AE_seg60.wav,False,5.0,0.18840862810611725,0.07482437044382095,1858.434133644432,0.08760353370949074,-0.8146796226501465,0.26324307918548584
/home/andres/Documentos/proyecto4geeks/data/raw/youtube/explosion/-ZPpxY60Zm4_seg49.wav,False,5.0,1.0178091526031494,0.17642633616924286,1085.4013426130516,0.032787181712962965,11.028218269348145,0.6590719819068909
/home/andres/Documentos/proyecto4geeks/data/raw/youtube/explosion/Ezmqd42xLyA_seg70.wav,False,5.0,0.4675183892250061,0.07534006983041763,1311.6798654094905,0.05960874204282408,1.291553020477295,0.6177340149879456
/home/andres/Documentos/proyecto4geeks/data/raw/youtube/explosion/LQOkL1jaRfU_seg75.wav,False,5.0,0.7897303104400635,0.1856326013803482,642.4680570616315,0.019926848234953703,0.14674806594848633,0.9434311985969543
/home/andres/Documentos/proyecto4geeks/data/raw/youtube/explosion/-ZPpxY60Zm4_seg79.wav,False,5.0,0.38453030586242676,0.07952072471380234,639.4185468729675,0.019797996238425927,1.4565153121948242,0.8827111124992371
/home/andres/Documentos/proyecto4geeks/data/raw/youtube/explosion/UKR46LXG8_I_seg197.wav,False,5.0,1.1720635890960693,0.3229646682739258,1189.725170802851,0.04518410011574074,1.4894509315490723,0.7085971832275391
/home/andres/Documentos/proyecto4geeks/data/raw/youtube/explosion/UKR46LXG8_I_seg137.wav,False,5.0,1.2061465978622437,0.3260650634765625,1205.4451683564685,0.045041684751157406,1.3681082725524902,0.020984472706913948
/home/andres/Documentos/proyecto4geeks/data/raw/youtube/explosion/-DjvoQ3Cl5Y_seg40.wav,False,5.0,0.7063626050949097,0.1339799463748932,1121.0253832811115,0.059563530815972224,2.855886459350586,2.1922409534454346
/home/andres/Documentos/proyecto4geeks/data/raw/youtube/explosion/UKR46LXG8_I_seg295.wav,False,5.0,1.1720634698867798,0.31656989455223083,1163.3236356308512,0.042896412037037035,1.582982063293457,2.1445422172546387
/home/andres/Documentos/proyecto4geeks/data/raw/youtube/explosion/4afB4wcRH-A_seg6.wav,False,5.0,0.8356735706329346,0.13233502209186554,1176.8577931348946,0.0657009548611111,2.8607096672058105,3.1117196083068848
/home/andres/Documentos/proyecto4geeks/data/raw/youtube/explosion/ME2vz8Vocjg_seg27.wav,True,5.0,0.8905586004257202,0.11748529970645905,1672.2689434700033,0.08786801938657407,11.666533470153809,0.18612432479858398
/home/andres/Documentos/proyecto4geeks/data/raw/youtube/explosion/-ZPpxY60Zm4_seg344.wav,False,5.0,0.9479955434799194,0.1681765913963318,797.2089701545672,0.03556993272569445,1.1832242012023926,1.6659351587295532
/home/andres/Documentos/proyecto4geeks/data/raw/youtube/explosion/fufuluffQDY_seg164.wav,False,5.0,0.944193959236145,0.22237282991409302,705.1699204180782,0.021583839699074073,0.28763365745544434,1.2296712398529053
/home/andres/Documentos/proyecto4geeks/data/raw/youtube/explosion/fufuluffQDY_seg179.wav,False,5.0,0.9142533540725708,0.21173636615276337,666.3854807740332,0.02104808666087963,0.4628486633300781,0.9590854048728943
/home/andres/Documentos/proyecto4geeks/data/raw/youtube/explosion/UKR46LXG8_I_seg66.wav,False,5.0,1.1720635890960693,0.3242236077785492,1188.211246955111,0.045116283275462965,1.449955940246582,0.4955819249153137
/home/andres/Documentos/proyecto4geeks/data/raw/youtube/explosion/LQOkL1jaRfU_seg114.wav,False,5.0,0.7461148500442505,0.1665436327457428,1299.7923669788097,0.06378399884259259,2.588973045349121,1.858018159866333
/home/andres/Documentos/proyecto4geeks/data/raw/youtube/explosion/UKR46LXG8_I_seg229.wav,False,5.0,1.2061465978622437,0.32569006085395813,1204.819685937153,0.04508011429398148,1.387552261352539,0.207876056432724
/home/andres/Documentos/proyecto4geeks/data/raw/youtube/explosion/-ZPpxY60Zm4_seg284.wav,False,5.0,0.4096304774284363,0.07314987480640411,666.7001953083973,0.019074616608796297,2.817906379699707,2.245943307876587
/home/andres/Documentos/proyecto4geeks/data/raw/youtube/explosion/UKR46LXG8_I_seg204.wav,False,5.0,1.2061465978622437,0.31958675384521484,1180.3340274438794,0.04423692491319445,1.569221019744873,1.401448369026184
/home/andres/Documentos/proyecto4geeks/data/raw/youtube/explosion/-ZPpxY60Zm4_seg119.wav,False,5.0,0.44727057218551636,0.06904825568199158,699.0597320401306,0.01978443287037037,3.2671475410461426,2.4165713787078857
/home/andres/Documentos/proyecto4geeks/data/raw/youtube/explosion/4afB4wcRH-A_seg39.wav,True,5.0,0.5948804020881653,0.07386893033981323,2860.622885715697,0.22967077184606483,4.2110395431518555,2.709299087524414
/home/andres/Documentos/proyecto4geeks/data/raw/youtube/explosion/fufuluffQDY_seg54.wav,False,5.0,1.0040795803070068,0.1965436488389969,924.1778604833946,0.05411557798032408,0.4123530387878418,0.9255743622779846
/home/andres/Documentos/proyecto4geeks/data/raw/youtube/explosion/50IyVsS9EGQ_seg98.wav,True,5.0,0.9525103569030762,0.12329600006341934,1725.0434241678358,0.05827953197337963,6.133695602416992,0.6615231037139893
/home/andres/Documentos/proyecto4geeks/data/raw/youtube/explosion/-ZPpxY60Zm4_seg99.wav,False,5.0,1.00596284866333,0.2958866059780121,789.3676599637992,0.03687879774305555,0.8050055503845215,1.5599626302719116
/home/andres/Documentos/proyecto4geeks/data/raw/youtube/explosion/fufuluffQDY_seg151.wav,False,5.0,0.7819346189498901,0.23707649111747742,722.6483606784158,0.023491753472222224,-0.32521796226501465,1.147382140159607
/home/andres/Documentos/proyecto4geeks/data/raw/youtube/explosion/fufuluffQDY_seg21.wav,False,5.0,1.0548646450042725,0.17232678830623627,947.3956678417605,0.05506275318287037,1.5989980697631836,0.9025117754936218
/home/andres/Documentos/proyecto4geeks/data/raw/youtube/explosion/-ZPpxY60Zm4_seg182.wav,False,5.0,0.9497748613357544,0.1694534718990326,798.8590525120588,0.03536196108217592,1.092212200164795,1.624137043952942
/home/andres/Documentos/proyecto4geeks/data/raw/youtube/explosion/LQOkL1jaRfU_seg76.wav,False,5.0,0.6457600593566895,0.12142160534858704,282.62039596380015,0.008479365596064815,4.345919609069824,3.3943605422973633
/home/andres/Documentos/proyecto4geeks/data/raw/youtube/explosion/eV8itVdo9f8_seg14.wav,False,5.0,0.9654343128204346,0.24639883637428284,1070.6052706133435,0.027131257233796297,1.2602429389953613,0.7505243420600891
/home/andres/Documentos/proyecto4geeks/data/raw/youtube/explosion/UKR46LXG8_I_seg14.wav,False,5.0,1.2061469554901123,0.32591789960861206,1203.7640030111168,0.04515245225694445,1.3758444786071777,0.14996425807476044
/home/andres/Documentos/proyecto4geeks/data/raw/youtube/explosion/Ezmqd42xLyA_seg137.wav,False,5.0,0.9981772899627686,0.28654175996780396,2149.909271444823,0.1090381763599537,-0.27135777473449707,0.8591059446334839
/home/andres/Documentos/proyecto4geeks/data/raw/youtube/explosion/4us3VQU-7AE_seg73.wav,True,5.0,0.883362352848053,0.12442205101251602,2270.7052093617426,0.13727936921296297,2.920889377593994,2.0513508319854736
/home/andres/Documentos/proyecto4geeks/data/raw/youtube/explosion/-ZPpxY60Zm4_seg140.wav,False,5.0,0.40478017926216125,0.08536497503519058,701.3160362790763,0.02397777416087963,0.9291152954101562,1.050083041191101
/home/andres/Documentos/proyecto4geeks/data/raw/youtube/explosion/m5zzhKNxeGM_seg22.wav,False,5.0,0.6935254335403442,0.09740991145372391,1094.3202015356208,0.060201009114583336,7.324069976806641,1.246415615081787
/home/andres/Documentos/proyecto4geeks/data/raw/youtube/explosion/Ezmqd42xLyA_seg61.wav,False,5.0,0.5246838331222534,0.10794229805469513,1293.968817809837,0.07522017867476852,3.521124839782715,1.257504940032959
/home/andres/Documentos/proyecto4geeks/data/raw/youtube/explosion/50IyVsS9EGQ_seg92.wav,True,5.0,0.9950762987136841,0.1466158926486969,1831.2225687336738,0.055858470775462965,5.014169692993164,1.2421523332595825
/home/andres/Documentos/proyecto4geeks/data/raw/youtube/explosion/4afB4wcRH-A_seg34.wav,False,5.0,1.0170691013336182,0.2689967751502991,1145.6756713645095,0.05895091869212963,2.6618733406066895,0.000481048715300858
/home/andres/Documentos/proyecto4geeks/data/raw/youtube/explosion/LQOkL1jaRfU_seg137.wav,False,5.0,0.4434770941734314,0.06595707684755325,1413.2925543094416,0.07562481915509259,3.885810375213623,0.6016271114349365
/home/andres/Documentos/proyecto4geeks/data/raw/youtube/explosion/-DjvoQ3Cl5Y_seg54.wav,False,5.0,0.8874882459640503,0.15644492208957672,1468.0361012484643,0.07692238136574074,0.7691872119903564,1.5655841827392578
/home/andres/Documentos/proyecto4geeks/data/raw/youtube/explosion/m5zzhKNxeGM_seg62.wav,False,5.0,0.7816771268844604,0.2714442014694214,870.2093273098923,0.024515787760416668,-0.19964885711669922,0.5416889190673828
/home/andres/Documentos/proyecto4geeks/data/raw/youtube/explosion/UKR46LXG8_I_seg176.wav,False,5.0,1.2061467170715332,0.326087087392807,1187.9091756304424,0.04541919849537037,1.3667845726013184,1.632009744644165
/home/andres/Documentos/proyecto4geeks/data/raw/youtube/explosion/m5zzhKNxeGM_seg95.wav,False,5.0,0.5137833952903748,0.06695453822612762,1333.8502457155382,0.05964038990162037,5.988546371459961,0.781180739402771
/home/andres/Documentos/proyecto4geeks/data/raw/youtube/explosion/UKR46LXG8_I_seg170.wav,False,5.0,1.1720635890960693,0.31491202116012573,1167.3290180907773,0.04324001736111111,1.6281323432922363,2.5096025466918945
/home/andres/Documentos/proyecto4geeks/data/raw/youtube/explosion/fufuluffQDY_seg123.wav,False,5.0,0.8260341882705688,0.26098448038101196,745.0574580961255,0.021785029658564815,-0.5498178005218506,1.0475761890411377
/home/andres/Documentos/proyecto4geeks/data/raw/youtube/explosion/fufuluffQDY_seg195.wav,False,5.0,0.9608610272407532,0.21465836465358734,1081.2965745332924,0.05675817418981482,1.059999942779541,0.7846991419792175
/home/andres/Documentos/proyecto4geeks/data/raw/youtube/explosion/fufuluffQDY_seg56.wav,False,5.0,1.0770108699798584,0.2155781388282776,1516.6417257375579,0.09332953559027778,2.31729793548584,1.0233901739120483
/home/andres/Documentos/proyecto4geeks/data/raw/youtube/explosion/UKR46LXG8_I_seg243.wav,False,5.0,1.2061465978622437,0.3219539523124695,1181.3931846522366,0.04418041087962963,1.5115132331848145,1.0702502727508545
/home/andres/Documentos/proyecto4geeks/data/raw/youtube/explosion/4us3VQU-7AE_seg45.wav,False,5.0,1.105680227279663,0.4250926971435547,728.6211189475566,0.02862322771990741,0.18457937240600586,1.7441967725753784
/home/andres/Documentos/proyecto4geeks/data/raw/youtube/explosion/Ezmqd42xLyA_seg23.wav,False,5.0,0.8046846389770508,0.4617280066013336,1461.244476298487,0.058381257233796294,-1.529505968093872,0.9982926845550537
/home/andres/Documentos/proyecto4geeks/data/raw/youtube/explosion/UKR46LXG8_I_seg57.wav,False,5.0,1.2061467170715332,0.3258707821369171,1205.5459592870309,0.045145670572916664,1.3781661987304688,0.16158340871334076
/home/andres/Documentos/proyecto4geeks/data/raw/youtube/explosion/-ZPpxY60Zm4_seg319.wav,False,5.0,1.007230520248413,0.3107244372367859,840.6478193758935,0.038664641203703706,0.6694164276123047,1.6324344873428345
/home/andres/Documentos/proyecto4geeks/data/raw/youtube/explosion/Ezmqd42xLyA_seg22.wav,False,5.0,0.8321893215179443,0.1943896859884262,1268.952381976041,0.057526765046296294,5.159339904785156,0.17935490608215332
/home/andres/Documentos/proyecto4geeks/data/raw/youtube/explosion/Ezmqd42xLyA_seg66.wav,False,5.0,0.9917730689048767,0.13334161043167114,2244.8694779165216,0.13377775969328703,3.0224289894104004,1.0821514129638672
/home/andres/Documentos/proyecto4geeks/data/raw/youtube/explosion/UKR46LXG8_I_seg100.wav,False,5.0,1.2061465978622437,0.3257989287376404,1199.5056938180376,0.04507107204861111,1.3818798065185547,0.16991013288497925
/home/andres/Documentos/proyecto4geeks/data/raw/youtube/explosion/m5zzhKNxeGM_seg92.wav,False,5.0,0.7071813344955444,0.21788135170936584,1451.5372371578746,0.06019422743055555,-0.23232126235961914,0.36634472012519836
/home/andres/Documentos/proyecto4geeks/data/raw/youtube/explosion/4afB4wcRH-A_seg36.wav,False,5.0,0.8550999164581299,0.2857987880706787,589.9148925725103,0.008232964409722222,-0.48305511474609375,1.1261086463928223
/home/andres/Documentos/proyecto4geeks/data/raw/youtube/explosion/-ZPpxY60Zm4_seg316.wav,False,5.0,1.0058870315551758,0.29524651169776917,787.8698815330861,0.036327220775462965,0.8256099224090576,1.5569720268249512
/home/andres/Documentos/proyecto4geeks/data/raw/youtube/explosion/Ezmqd42xLyA_seg39.wav,False,5.0,0.39686810970306396,0.10514117032289505,431.04678664076306,0.013222023292824073,0.12026095390319824,1.772972583770752
/home/andres/Documentos/proyecto4geeks/data/raw/youtube/explosion/LQOkL1jaRfU_seg67.wav,False,5.0,0.6692108511924744,0.146598681807518,1358.5342935450394,0.06339066116898148,0.3874025344848633,0.8714916706085205
/home/andres/Documentos/proyecto4geeks/data/raw/youtube/explosion/UKR46LXG8_I_seg180.wav,False,5.0,1.2061465978622437,0.32603833079338074,1202.3192822251776,0.045116283275462965,1.3695311546325684,0.020296739414334297
/home/andres/Documentos/proyecto4geeks/data/raw/youtube/explosion/UKR46LXG8_I_seg198.wav,False,5.0,1.206146478652954,0.3226240873336792,1189.6612151582394,0.044924135561342594,1.5020136833190918,0.80408775806427
/home/andres/Documentos/proyecto4geeks/data/raw/youtube/explosion/UKR46LXG8_I_seg179.wav,False,5.0,1.1720633506774902,0.325837105512619,1202.795089901661,0.045595522280092594,1.374178409576416,0.26408740878105164
/home/andres/Documentos/proyecto4geeks/data/raw/youtube/explosion/m5zzhKNxeGM_seg26.wav,False,5.0,0.46215659379959106,0.07288717478513718,1186.638535840934,0.05873390480324074,1.812283992767334,1.1826450824737549
/home/andres/Documentos/proyecto4geeks/data/raw/youtube/explosion/m5zzhKNxeGM_seg96.wav,False,5.0,0.5967317819595337,0.07625735551118851,1410.5752989122875,0.06958912037037036,14.00448226928711,0.724001944065094
/home/andres/Documentos/proyecto4geeks/data/raw/youtube/explosion/-ZPpxY60Zm4_seg240.wav,False,5.0,0.9433121085166931,0.18570968508720398,782.0415290868841,0.03500931351273148,1.1826443672180176,1.6181721687316895
/home/andres/Documentos/proyecto4geeks/data/raw/youtube/explosion/fufuluffQDY_seg84.wav,False,5.0,0.5457871556282043,0.10372158139944077,1004.9350881146114,0.05751320167824074,3.814469337463379,0.5321556329727173
/home/andres/Documentos/proyecto4geeks/data/raw/youtube/explosion/UKR46LXG8_I_seg336.wav,False,5.0,1.1720635890960693,0.31747275590896606,1171.9148321951186,0.04361300998263889,1.5878643989562988,1.8971245288848877
/home/andres/Documentos/proyecto4geeks/data/raw/youtube/explosion/UKR46LXG8_I_seg34.wav,False,5.0,1.2061468362808228,0.319722443819046,1170.0469937955042,0.043943051938657406,1.553553581237793,1.4554997682571411
/home/andres/Documentos/proyecto4geeks/data/raw/youtube/explosion/-ZPpxY60Zm4_seg286.wav,False,5.0,0.9271284937858582,0.15636885166168213,790.204020292179,0.03469057436342592,1.4802546501159668,1.74176025390625
/home/andres/Documentos/proyecto4geeks/data/raw/youtube/explosion/L7nZhnSIfps_seg8.wav,False,5.0,0.697346568107605,0.16981779038906097,706.0476834992335,0.022246184172453703,0.8868613243103027,0.07135510444641113
/home/andres/Documentos/proyecto4geeks/data/raw/youtube/explosion/-DjvoQ3Cl5Y_seg56.wav,False,5.0,0.9992094039916992,0.19571278989315033,1346.8623553647935,0.0696139865451389,2.2279977798461914,1.2690173387527466
/home/andres/Documentos/proyecto4geeks/data/raw/youtube/explosion/4afB4wcRH-A_seg18.wav,False,5.0,1.004852056503296,0.15182602405548096,407.52203112726744,0.014311613859953705,9.648487091064453,0.698467493057251
/home/andres/Documentos/proyecto4geeks/data/raw/youtube/explosion/4us3VQU-7AE_seg65.wav,False,5.0,1.0699522495269775,0.3737974464893341,1856.9133014091901,0.09849943938078703,-0.19157004356384277,1.2187281847000122
/home/andres/Documentos/proyecto4geeks/data/raw/youtube/explosion/Ezmqd42xLyA_seg12.wav,False,5.0,0.8398861885070801,0.1786605715751648,1687.5231844978703,0.10347719545717593,0.05421710014343262,1.0802699327468872
/home/andres/Documentos/proyecto4geeks/data/raw/youtube/explosion/-ZPpxY60Zm4_seg272.wav,True,5.0,1.02644944190979,0.11061058193445206,981.0956125922379,0.028498896846064815,28.705623626708984,1.7522085905075073
/home/andres/Documentos/proyecto4geeks/data/raw/youtube/explosion/UKR46LXG8_I_seg156.wav,False,5.0,1.1720635890960693,0.32189854979515076,1184.9333925087508,0.045055248119212965,1.5246219635009766,0.8841121792793274
/home/andres/Documentos/proyecto4geeks/data/raw/youtube/explosion/LQOkL1jaRfU_seg128.wav,False,5.0,0.9382970929145813,0.35028159618377686,1728.2616703537929,0.06495044849537036,-1.2065101861953735,0.9883739948272705
/home/andres/Documentos/proyecto4geeks/data/raw/youtube/explosion/fufuluffQDY_seg116.wav,False,5.0,1.1060154438018799,0.10974054038524628,607.8742385395044,0.022271050347222224,10.343116760253906,0.6182594299316406
/home/andres/Documentos/proyecto4geeks/data/raw/youtube/explosion/m5zzhKNxeGM_seg23.wav,True,5.0,0.7090288400650024,0.10809960961341858,1351.533232145909,0.0691234447337963,5.043429374694824,2.1345787048339844
/home/andres/Documentos/proyecto4geeks/data/raw/youtube/explosion/UKR46LXG8_I_seg334.wav,False,5.0,1.1720635890960693,0.3181323707103729,1174.7796892834056,0.04422336154513889,1.5906753540039062,1.5927218198776245
/home/andres/Documentos/proyecto4geeks/data/raw/youtube/explosion/UKR46LXG8_I_seg235.wav,False,5.0,1.2061469554901123,0.3249844014644623,1191.6358287864111,0.04462122034143518,1.419961929321289,0.42850810289382935
/home/andres/Documentos/proyecto4geeks/data/raw/youtube/explosion/-ZPpxY60Zm4_seg314.wav,False,5.0,0.7726848125457764,0.10536395013332367,749.6823108972302,0.028428819444444444,1.9316520690917969,1.445341944694519
/home/andres/Documentos/proyecto4geeks/data/raw/youtube/explosion/UKR46LXG8_I_seg208.wav,False,5.0,1.206146478652954,0.31690654158592224,1173.3056745798199,0.04365370008680555,1.5907177925109863,1.8940614461898804
/home/andres/Documentos/proyecto4geeks/data/raw/youtube/explosion/-ZPpxY60Zm4_seg173.wav,False,5.0,0.797081708908081,0.14220362901687622,785.5385159376017,0.03268093532986111,1.4500961303710938,1.5026743412017822
/home/andres/Documentos/proyecto4geeks/data/raw/youtube/explosion/UKR46LXG8_I_seg41.wav,False,5.0,1.1720635890960693,0.3142804801464081,1166.882458580361,0.043750904224537035,1.6483960151672363,2.352529764175415
/home/andres/Documentos/proyecto4geeks/data/raw/youtube/explosion/4afB4wcRH-A_seg17.wav,False,5.0,0.8906711339950562,0.16228438913822174,574.4701456167137,0.020401566116898147,4.692350387573242,1.550809621810913
/home/andres/Documentos/proyecto4geeks/data/raw/youtube/explosion/L7nZhnSIfps_seg6.wav,False,5.0,0.9812291860580444,0.24650739133358002,729.7361547649654,0.027915672019675927,1.4016461372375488,0.040603529661893845
/home/andres/Documentos/proyecto4geeks/data/raw/youtube/explosion/5hF-SPK4jJA_seg37.wav,False,5.0,1.0078542232513428,0.19942626357078552,925.8947966956589,0.03261085792824074,3.381838798522949,0.6905520558357239
/home/andres/Documentos/proyecto4geeks/data/raw/youtube/explosion/1TT73KJiZLM_seg5.wav,False,5.0,1.013891339302063,0.19047901034355164,514.4624747663019,0.02262595847800926,8.626091957092285,9.34980377564898e-08
/home/andres/Documentos/proyecto4geeks/data/raw/youtube/explosion/UKR46LXG8_I_seg266.wav,False,5.0,1.2061468362808228,0.32601097226142883,1201.844608420994,0.04519314236111111,1.3709793090820312,0.02962333709001541
/home/andres/Documentos/proyecto4geeks/data/raw/youtube/explosion/fufuluffQDY_seg161.wav,False,5.0,0.8448736667633057,0.24999554455280304,723.6582835025199,0.02165617766203704,-0.4242589473724365,0.9295800924301147
/home/andres/Documentos/proyecto4geeks/data/raw/youtube/explosion/m5zzhKNxeGM_seg56.wav,False,5.0,0.8073841333389282,0.2628510296344757,445.7564461308145,0.014270923755787037,-0.1174464225769043,1.096023678779602
/home/andres/Documentos/proyecto4geeks/data/raw/youtube/explosion/-ZPpxY60Zm4_seg251.wav,False,5.0,1.0152760744094849,0.277876079082489,1268.8489027632543,0.045023600260416664,2.907083511352539,0.13880927860736847
/home/andres/Documentos/proyecto4geeks/data/raw/youtube/explosion/UKR46LXG8_I_seg114.wav,False,5.0,1.2061467170715332,0.32188135385513306,1190.5177444554097,0.04451045283564815,1.5215802192687988,0.9549626111984253
/home/andres/Documentos/proyecto4geeks/data/raw/youtube/explosion/4us3VQU-7AE_seg152.wav,False,5.0,0.4368792474269867,0.07993738353252411,1115.7536722332409,0.045717592592592594,1.4153285026550293,0.9320053458213806
/home/andres/Documentos/proyecto4geeks/data/raw/youtube/explosion/ME2vz8Vocjg_seg30.wav,False,5.0,0.6413868069648743,0.22445982694625854,732.5413421442768,0.021705910011574073,-0.406144380569458,0.8399078845977783
/home/andres/Documentos/proyecto4geeks/data/raw/youtube/explosion/5hF-SPK4jJA_seg36.wav,False,5.0,0.869554340839386,0.09235122799873352,1062.5089382586655,0.052182798032407406,6.1473588943481445,1.0247797966003418
/home/andres/Documentos/proyecto4geeks/data/raw/youtube/explosion/-ZPpxY60Zm4_seg46.wav,False,5.0,1.0221881866455078,0.20556822419166565,1114.3705485663804,0.033994321469907406,7.851902008056641,0.4172883629798889
/home/andres/Documentos/proyecto4geeks/data/raw/youtube/explosion/-ZPpxY60Zm4_seg16.wav,False,5.0,1.0226831436157227,0.3439635932445526,1233.9463441306673,0.046628598813657406,0.5934200286865234,0.007784678600728512
/home/andres/Documentos/proyecto4geeks/data/raw/youtube/explosion/UKR46LXG8_I_seg109.wav,False,5.0,1.1720633506774902,0.3242795467376709,1188.6341552602028,0.045032642505787035,1.4471282958984375,0.5165351629257202
/home/andres/Documentos/proyecto4geeks/data/raw/youtube/explosion/4us3VQU-7AE_seg41.wav,False,5.0,1.0401666164398193,0.17326898872852325,1526.9926772053525,0.0791965060763889,1.3469734191894531,1.1899185180664062
/home/andres/Documentos/proyecto4geeks/data/raw/youtube/explosion/-ZPpxY60Zm4_seg348.wav,False,5.0,0.41009393334388733,0.07838958501815796,624.1452294604552,0.018534342447916668,1.669121265411377,0.8399006724357605
/home/andres/Documentos/proyecto4geeks/data/raw/youtube/explosion/ME2vz8Vocjg_seg34.wav,False,5.0,0.4453080892562866,0.059805188328027725,671.6189353392738,0.03330711082175926,4.244232177734375,1.1043106317520142
/home/andres/Documentos/proyecto4geeks/data/raw/youtube/explosion/-ZPpxY60Zm4_seg162.wav,False,5.0,1.0319764614105225,0.1304616928100586,978.0708367143054,0.03082049334490741,22.324726104736328,1.3548606634140015
/home/andres/Documentos/proyecto4geeks/data/raw/youtube/explosion/L7nZhnSIfps_seg3.wav,True,5.0,0.6700035333633423,0.1118207573890686,635.4765472626942,0.009555392795138888,5.0901031494140625,5.337370872497559
/home/andres/Documentos/proyecto4geeks/data/raw/youtube/explosion/5hF-SPK4jJA_seg41.wav,False,5.0,0.9783681035041809,0.3517662584781647,755.7081267343085,0.027920193142361112,-0.4424014091491699,1.4061381816864014
/home/andres/Documentos/proyecto4geeks/data/raw/youtube/explosion/m5zzhKNxeGM_seg103.wav,False,5.0,0.8194469213485718,0.4519181549549103,1327.1360736551042,0.053466796875,-1.4916675090789795,1.0058475732803345
/home/andres/Documentos/proyecto4geeks/data/raw/youtube/explosion/UKR46LXG8_I_seg199.wav,False,5.0,1.1720635890960693,0.3216584026813507,1188.5811434623683,0.04496934678819445,1.531524658203125,0.9251845479011536
/home/andres/Documentos/proyecto4geeks/data/raw/youtube/explosion/4us3VQU-7AE_seg148.wav,False,5.0,0.47781193256378174,0.08780910074710846,1361.7739341287338,0.04639576099537037,2.353616714477539,2.260847330093384
/home/andres/Documentos/proyecto4geeks/data/raw/youtube/explosion/5hF-SPK4jJA_seg1.wav,False,5.0,1.0341132879257202,0.1049032211303711,374.8207614626636,0.018018934461805556,13.050701141357422,1.9525688799149066e-07
/home/andres/Documentos/proyecto4geeks/data/raw/youtube/explosion/eV8itVdo9f8_seg18.wav,False,5.0,0.9710379838943481,0.23038740456104279,915.8455414216568,0.021945529513888888,0.9485588073730469,0.4444827437400818
/home/andres/Documentos/proyecto4geeks/data/raw/youtube/explosion/4us3VQU-7AE_seg75.wav,False,5.0,1.0013139247894287,0.3528017997741699,555.0275901085779,0.03382703993055555,-0.39795923233032227,0.8150091767311096
/home/andres/Documentos/proyecto4geeks/data/raw/youtube/explosion/LQOkL1jaRfU_seg53.wav,True,5.0,0.9417657256126404,0.14884565770626068,1230.8778464901839,0.05178267867476852,5.361356735229492,1.9202687740325928
/home/andres/Documentos/proyecto4geeks/data/raw/youtube/explosion/UKR46LXG8_I_seg121.wav,False,5.0,1.1720634698867798,0.3183954954147339,1174.8583295983763,0.04408320674189815,1.5906763076782227,1.6319438219070435
/home/andres/Documentos/proyecto4geeks/data/raw/youtube/explosion/4us3VQU-7AE_seg64.wav,False,5.0,1.0265223979949951,0.2563900649547577,1787.8460254859249,0.11470314308449074,0.8031747341156006,0.6740204691886902
/home/andres/Documentos/proyecto4geeks/data/raw/youtube/explosion/fufuluffQDY_seg49.wav,False,5.0,0.7781162858009338,0.1023854911327362,1069.0069072257322,0.07239899811921297,1.0225892066955566,1.1258577108383179
/home/andres/Documentos/proyecto4geeks/data/raw/youtube/explosion/m5zzhKNxeGM_seg31.wav,False,5.0,0.8336237668991089,0.13447393476963043,1245.6655926049289,0.06822148075810185,11.809378623962402,0.42860355973243713
/home/andres/Documentos/proyecto4geeks/data/raw/youtube/explosion/-DjvoQ3Cl5Y_seg21.wav,False,5.0,0.9165358543395996,0.1721821427345276,1316.324592804535,0.07184063946759259,3.3430280685424805,0.7288100719451904
/home/andres/Documentos/proyecto4geeks/data/raw/youtube/explosion/UKR46LXG8_I_seg101.wav,False,5.0,1.1720635890960693,0.3254629671573639,1204.9784131289548,0.04560682508680555,1.3936548233032227,0.20933358371257782
/home/andres/Documentos/proyecto4geeks/data/raw/youtube/explosion/fufuluffQDY_seg176.wav,False,5.0,0.9286720752716064,0.23013441264629364,682.1279533305913,0.02138038917824074,-0.053971052169799805,1.0192997455596924
/home/andres/Documentos/proyecto4geeks/data/raw/youtube/explosion/eV8itVdo9f8_seg4.wav,False,5.0,0.9643567800521851,0.20989376306533813,1108.135402811986,0.02820954499421296,0.7688865661621094,0.47506505250930786
/home/andres/Documentos/proyecto4geeks/data/raw/youtube/explosion/-ZPpxY60Zm4_seg74.wav,False,5.0,1.0169590711593628,0.33709537982940674,1235.9996358600579,0.04696090133101852,0.8301317691802979,0.018293870612978935
/home/andres/Documentos/proyecto4geeks/data/raw/youtube/explosion/4us3VQU-7AE_seg70.wav,False,5.0,0.7333472967147827,0.11663961410522461,1055.2142325039513,0.058125813802083336,0.69439697265625,0.7110850811004639
/home/andres/Documentos/proyecto4geeks/data/raw/youtube/explosion/UKR46LXG8_I_seg104.wav,False,5.0,1.2061465978622437,0.32553958892822266,1189.097833597777,0.04462574146412037,1.3949298858642578,0.3196440041065216
/home/andres/Documentos/proyecto4geeks/data/raw/youtube/explosion/-ZPpxY60Zm4_seg353.wav,False,5.0,1.0012552738189697,0.21757812798023224,744.9413172142499,0.03358515986689815,1.7412338256835938,2.0290815830230713
/home/andres/Documentos/proyecto4geeks/data/raw/youtube/explosion/-ZPpxY60Zm4_seg250.wav,False,5.0,0.47278207540512085,0.08835812658071518,711.0144643315222,0.024927209924768517,1.036170482635498,1.21048104763031
/home/andres/Documentos/proyecto4geeks/data/raw/youtube/explosion/-ZPpxY60Zm4_seg242.wav,False,5.0,1.0258519649505615,0.3196460008621216,1274.0654733707852,0.046712239583333336,1.3339271545410156,0.04213281348347664
/home/andres/Documentos/proyecto4geeks/data/raw/youtube/explosion/f0gB369NYFA_seg14.wav,False,5.0,0.40458327531814575,0.06887965649366379,690.6399464892796,0.017431188512731483,2.967528820037842,0.00404037581756711
/home/andres/Documentos/proyecto4geeks/data/raw/youtube/explosion/Ezmqd42xLyA_seg143.wav,False,5.0,0.9503830671310425,0.27379125356674194,2144.7136292325426,0.11243353949652778,-0.1844959259033203,1.1395983695983887
/home/andres/Documentos/proyecto4geeks/data/raw/youtube/explosion/LQOkL1jaRfU_seg117.wav,False,5.0,0.45884817838668823,0.17261531949043274,1514.3547088023752,0.0705295138888889,-0.6080985069274902,1.070180058479309
/home/andres/Documentos/proyecto4geeks/data/raw/youtube/explosion/-ZPpxY60Zm4_seg50.wav,False,5.0,1.0106440782546997,0.3222842812538147,881.1492213366603,0.040520562065972224,0.606909990310669,1.7054927349090576
/home/andres/Documentos/proyecto4geeks/data/raw/youtube/explosion/ME2vz8Vocjg_seg56.wav,False,5.0,0.6001691222190857,0.18120697140693665,1965.50995265563,0.08757188585069445,-0.3855586051940918,0.9547917246818542
/home/andres/Documentos/proyecto4geeks/data/raw/youtube/explosion/-DjvoQ3Cl5Y_seg37.wav,False,5.0,0.9923291206359863,0.16597583889961243,1400.7809028710087,0.07808883101851852,3.14229154586792,0.8387942314147949
/home/andres/Documentos/proyecto4geeks/data/raw/youtube/explosion/4us3VQU-7AE_seg37.wav,False,5.0,0.9191976189613342,0.08816228806972504,682.9455748593379,0.032726146556712965,10.46176528930664,1.434867262840271
/home/andres/Documentos/proyecto4geeks/data/raw/youtube/explosion/fufuluffQDY_seg74.wav,False,5.0,0.47993171215057373,0.07696875929832458,871.2385634448362,0.04019730179398148,7.474174499511719,0.595077395439148
/home/andres/Documentos/proyecto4geeks/data/raw/youtube/explosion/ME2vz8Vocjg_seg55.wav,False,5.0,0.6424667239189148,0.18817375600337982,1955.5404223633732,0.0834621853298611,-0.37461304664611816,1.0009716749191284
/home/andres/Documentos/proyecto4geeks/data/raw/youtube/explosion/LQOkL1jaRfU_seg61.wav,False,5.0,0.9560825824737549,0.10422904789447784,1312.5134067583351,0.059393988715277776,9.671024322509766,0.4649043679237366
/home/andres/Documentos/proyecto4geeks/data/raw/youtube/explosion/50IyVsS9EGQ_seg20.wav,False,5.0,0.5164973139762878,0.13045383989810944,1214.5268180456721,0.06023265697337963,1.807419776916504,0.03741585090756416
/home/andres/Documentos/proyecto4geeks/data/raw/youtube/explosion/-ZPpxY60Zm4_seg247.wav,False,5.0,0.4049428701400757,0.08308511972427368,687.3583857639961,0.02333351417824074,1.0215611457824707,0.9829455614089966
/home/andres/Documentos/proyecto4geeks/data/raw/youtube/explosion/UKR46LXG8_I_seg152.wav,False,5.0,1.1720635890960693,0.3240494132041931,1186.608514030306,0.044933177806712965,1.4567131996154785,0.5382580161094666
/home/andres/Documentos/proyecto4geeks/data/raw/youtube/explosion/UKR46LXG8_I_seg253.wav,False,5.0,1.2061469554901123,0.3168265223503113,1170.0226305617568,0.04355649594907408,1.5878267288208008,2.186929941177368
/home/andres/Documentos/proyecto4geeks/data/raw/youtube/explosion/50IyVsS9EGQ_seg86.wav,True,5.0,0.9988716840744019,0.15276730060577393,1658.1002956391915,0.06043836805555555,5.7365827560424805,1.153376579284668
/home/andres/Documentos/proyecto4geeks/data/raw/youtube/explosion/LQOkL1jaRfU_seg9.wav,False,5.0,0.4607069492340088,0.1385406255722046,2682.885154918829,0.2036449291087963,-0.30800914764404297,0.9344395995140076
/home/andres/Documentos/proyecto4geeks/data/raw/youtube/explosion/-ZPpxY60Zm4_seg226.wav,False,5.0,0.3487904369831085,0.06513805687427521,704.4113867437571,0.020625361689814815,3.2949256896972656,2.6666512489318848
/home/andres/Documentos/proyecto4geeks/data/raw/youtube/explosion/-ZPpxY60Zm4_seg290.wav,False,5.0,0.40805208683013916,0.0760515108704567,632.393922231877,0.018669976128472224,2.0588531494140625,1.1715847253799438
/home/andres/Documentos/proyecto4geeks/data/raw/youtube/explosion/-ZPpxY60Zm4_seg186.wav,False,5.0,0.4056214690208435,0.07917039841413498,628.9585594672418,0.018466525607638888,1.5997905731201172,0.8546746969223022
/home/andres/Documentos/proyecto4geeks/data/raw/youtube/explosion/fufuluffQDY_seg66.wav,True,5.0,0.8985379934310913,0.10625200718641281,1208.134973119668,0.07826741536458333,14.31048583984375,2.0861642360687256
/home/andres/Documentos/proyecto4geeks/data/raw/youtube/explosion/m5zzhKNxeGM_seg57.wav,False,5.0,0.74297034740448,0.1487213671207428,327.7193520087637,0.014506022135416666,1.5672001838684082,1.3154165744781494
/home/andres/Documentos/proyecto4geeks/data/raw/youtube/explosion/-DjvoQ3Cl5Y_seg60.wav,False,5.0,0.9694864749908447,0.13504032790660858,1090.2988405285982,0.050507722077546294,1.7367548942565918,1.1059069633483887
/home/andres/Documentos/proyecto4geeks/data/raw/youtube/explosion/UKR46LXG8_I_seg227.wav,False,5.0,1.2061469554901123,0.3258522152900696,1200.4380882094488,0.04517505787037037,1.3791465759277344,0.1336466670036316
/home/andres/Documentos/proyecto4geeks/data/raw/youtube/explosion/-ZPpxY60Zm4_seg132.wav,False,5.0,1.0173488855361938,0.3289569914340973,1253.8621516363698,0.047596119068287035,1.0994267463684082,0.032853465527296066
/home/andres/Documentos/proyecto4geeks/data/raw/youtube/explosion/-DjvoQ3Cl5Y_seg38.wav,False,5.0,0.8938852548599243,0.137357696890831,1130.2012812304429,0.05721706814236111,0.696343183517456,1.1768983602523804
/home/andres/Documentos/proyecto4geeks/data/raw/youtube/explosion/UKR46LXG8_I_seg301.wav,False,5.0,1.07700514793396,0.3201858103275299,1145.9481069406818,0.04135470920138889,1.4661240577697754,3.0661559104919434
/home/andres/Documentos/proyecto4geeks/data/raw/youtube/explosion/LQOkL1jaRfU_seg109.wav,False,5.0,0.800513505935669,0.17964574694633484,1446.1627440571162,0.05952736183449074,0.8234548568725586,1.517853856086731
/home/andres/Documentos/proyecto4geeks/data/raw/youtube/explosion/-ZPpxY60Zm4_seg146.wav,False,5.0,0.7873327732086182,0.1001444011926651,761.1492618313881,0.027391221788194444,2.324306011199951,1.768256664276123
/home/andres/Documentos/proyecto4geeks/data/raw/youtube/explosion/-DjvoQ3Cl5Y_seg11.wav,False,5.0,0.6883531808853149,0.11172063648700714,1091.6395734253606,0.059294524016203706,1.765343189239502,1.1212561130523682
/home/andres/Documentos/proyecto4geeks/data/raw/youtube/explosion/-ZPpxY60Zm4_seg273.wav,False,5.0,1.0213630199432373,0.3478009104728699,1002.7110717950537,0.044971607349537035,0.26042890548706055,1.403875708580017
/home/andres/Documentos/proyecto4geeks/data/raw/youtube/explosion/-ZPpxY60Zm4_seg95.wav,False,5.0,1.0243490934371948,0.2527486979961395,1211.2874703005243,0.038176359953703706,4.678527355194092,0.31376582384109497
/home/andres/Documentos/proyecto4geeks/data/raw/youtube/explosion/5hF-SPK4jJA_seg94.wav,True,5.0,0.7188234925270081,0.08602091670036316,1560.7496549514244,0.09577320240162036,5.784902572631836,0.25810229778289795
/home/andres/Documentos/proyecto4geeks/data/raw/youtube/explosion/-ZPpxY60Zm4_seg215.wav,False,5.0,1.012690544128418,0.33338069915771484,929.6373835777244,0.04263870804398148,0.4682755470275879,1.5505008697509766
/home/andres/Documentos/proyecto4geeks/data/raw/youtube/explosion/L7nZhnSIfps_seg5.wav,True,5.0,0.629203200340271,0.084715835750103,704.0707265479939,0.013443558304398149,8.10963249206543,7.44743013381958
/home/andres/Documentos/proyecto4geeks/data/raw/youtube/explosion/UKR46LXG8_I_seg31.wav,False,5.0,1.1720634698867798,0.3209226429462433,1179.0364622794598,0.04449462890625,1.54404878616333,1.1901689767837524
/home/andres/Documentos/proyecto4geeks/data/raw/youtube/explosion/fufuluffQDY_seg55.wav,False,5.0,1.0101135969161987,0.2160615473985672,1238.9493330414612,0.0788302951388889,1.0130934715270996,0.9685136675834656
/home/andres/Documentos/proyecto4geeks/data/raw/youtube/explosion/-DjvoQ3Cl5Y_seg46.wav,False,5.0,0.6578601002693176,0.1393326222896576,1111.2195951110527,0.048247160734953706,0.7701244354248047,1.5585750341415405
/home/andres/Documentos/proyecto4geeks/data/raw/youtube/explosion/UKR46LXG8_I_seg232.wav,False,5.0,1.1720635890960693,0.3253340423107147,1188.7763924096025,0.045197663483796294,1.4001317024230957,0.32030561566352844
/home/andres/Documentos/proyecto4geeks/data/raw/youtube/explosion/-ZPpxY60Zm4_seg233.wav,False,5.0,1.014274001121521,0.3446435034275055,1244.9528185830802,0.04670545789930555,0.5832626819610596,0.007652409374713898
/home/andres/Documentos/proyecto4geeks/data/raw/youtube/explosion/50IyVsS9EGQ_seg82.wav,True,5.0,0.9996773600578308,0.16275708377361298,1829.3228729619386,0.059742115162037035,5.377249717712402,0.6724365949630737
/home/andres/Documentos/proyecto4geeks/data/raw/youtube/explosion/Ezmqd42xLyA_seg88.wav,False,5.0,0.5469483137130737,0.095519058406353,990.9319244880904,0.06214961299189815,2.5562243461608887,0.7882944345474243
/home/andres/Documentos/proyecto4geeks/data/raw/youtube/explosion/fufuluffQDY_seg167.wav,False,5.0,0.9188845157623291,0.21180017292499542,705.5839195760477,0.023186577690972224,0.6141378879547119,0.890490710735321
/home/andres/Documentos/proyecto4geeks/data/raw/youtube/explosion/-ZPpxY60Zm4_seg326.wav,False,5.0,0.7647157907485962,0.12926799058914185,729.3913185502417,0.028763382523148147,1.5225601196289062,1.6784522533416748
/home/andres/Documentos/proyecto4geeks/data/raw/youtube/explosion/UKR46LXG8_I_seg191.wav,False,5.0,1.1720635890960693,0.32514488697052,1194.6674361305415,0.04529712818287037,1.409745693206787,0.37389299273490906
/home/andres/Documentos/proyecto4geeks/data/raw/youtube/explosion/5hF-SPK4jJA_seg81.wav,False,5.0,0.7725886106491089,0.1099221333861351,2081.910601821412,0.10786946614583333,2.090486526489258,1.4146904945373535
/home/andres/Documentos/proyecto4geeks/data/raw/youtube/explosion/m5zzhKNxeGM_seg58.wav,False,5.0,0.702268660068512,0.11397451162338257,476.36978752838115,0.020555284288194444,3.6686248779296875,1.8443787097930908
/home/andres/Documentos/proyecto4geeks/data/raw/youtube/explosion/-DjvoQ3Cl5Y_seg35.wav,False,5.0,0.42925524711608887,0.11240296065807343,1087.2590354780687,0.05585168909143518,-0.059502601623535156,1.0319560766220093
/home/andres/Documentos/proyecto4geeks/data/raw/youtube/explosion/m5zzhKNxeGM_seg91.wav,False,5.0,0.5443964600563049,0.09908884018659592,1793.7108687590862,0.10132061993634259,2.276437282562256,0.8314054608345032
/home/andres/Documentos/proyecto4geeks/data/raw/youtube/explosion/-ZPpxY60Zm4_seg91.wav,False,5.0,0.7623769044876099,0.0987062007188797,749.935608021808,0.02696849681712963,2.2530226707458496,1.7292686700820923
/home/andres/Documentos/proyecto4geeks/data/raw/youtube/explosion/-ZPpxY60Zm4_seg187.wav,False,5.0,1.1354914903640747,0.32478925585746765,1246.598340676809,0.04587583188657408,1.2078571319580078,0.037694208323955536
/home/andres/Documentos/proyecto4geeks/data/raw/youtube/explosion/5hF-SPK4jJA_seg18.wav,False,5.0,0.8782453536987305,0.19619064033031464,675.4489550767654,0.040337456597222224,0.3397977352142334,0.47395771741867065
/home/andres/Documentos/proyecto4geeks/data/raw/youtube/explosion/fufuluffQDY_seg110.wav,True,5.0,1.102196216583252,0.11377240717411041,2003.203788802898,0.12082474320023148,15.77707290649414,2.7685015201568604
/home/andres/Documentos/proyecto4geeks/data/raw/youtube/explosion/5hF-SPK4jJA_seg82.wav,True,5.0,0.6296013593673706,0.08661513775587082,2424.121221044039,0.16466833043981483,9.249770164489746,0.3855877220630646
/home/andres/Documentos/proyecto4geeks/data/raw/youtube/explosion/4us3VQU-7AE_seg181.wav,False,5.0,0.4773513674736023,0.09331784397363663,674.6717285034341,0.040538646556712965,0.1559436321258545,1.1343207359313965
/home/andres/Documentos/proyecto4geeks/data/raw/youtube/explosion/LQOkL1jaRfU_seg133.wav,False,5.0,0.4157177805900574,0.06112167239189148,754.8475036568677,0.017119231047453703,5.878277778625488,1.0897101163864136
/home/andres/Documentos/proyecto4geeks/data/raw/youtube/explosion/m5zzhKNxeGM_seg100.wav,False,5.0,0.5975991487503052,0.25322067737579346,448.71858013579794,0.011517560040509259,-0.40218019485473633,1.1761705875396729
/home/andres/Documentos/proyecto4geeks/data/raw/youtube/explosion/-DjvoQ3Cl5Y_seg53.wav,False,5.0,0.9521654844284058,0.12770892679691315,1591.994082378354,0.09217890986689815,1.2176642417907715,0.6650518774986267
/home/andres/Documentos/proyecto4geeks/data/raw/youtube/explosion/LQOkL1jaRfU_seg112.wav,False,5.0,0.7273547649383545,0.19472475349903107,1480.1404638465572,0.0871265552662037,1.2544050216674805,0.9587334394454956
/home/andres/Documentos/proyecto4geeks/data/raw/youtube/explosion/UKR46LXG8_I_seg234.wav,False,5.0,1.1720634698867798,0.3251511752605438,1187.8862066469503,0.045215747974537035,1.409036636352539,0.38986560702323914
/home/andres/Documentos/proyecto4geeks/data/raw/youtube/explosion/LQOkL1jaRfU_seg43.wav,False,5.0,0.7423158884048462,0.1810106337070465,752.8893848574166,0.01770923755787037,1.1894316673278809,1.7202519178390503
/home/andres/Documentos/proyecto4geeks/data/raw/youtube/explosion/Ezmqd42xLyA_seg98.wav,False,5.0,1.0809626579284668,0.3530019223690033,1420.7818164969362,0.08782054759837964,0.24365496635437012,1.0465655326843262
/home/andres/Documentos/proyecto4geeks/data/raw/youtube/explosion/4us3VQU-7AE_seg33.wav,True,5.0,0.7748878002166748,0.08581449836492538,1228.6272945225992,0.04920789930555555,10.549851417541504,2.235048294067383
/home/andres/Documentos/proyecto4geeks/data/raw/youtube/explosion/UKR46LXG8_I_seg279.wav,False,5.0,1.1720635890960693,0.3243368864059448,1191.0975154480816,0.045206705729166664,1.4451675415039062,0.48599013686180115
/home/andres/Documentos/proyecto4geeks/data/raw/youtube/explosion/m5zzhKNxeGM_seg29.wav,False,5.0,0.35544353723526,0.06712587922811508,624.0664710667533,0.038646556712962965,1.743605136871338,1.6665942668914795
/home/andres/Documentos/proyecto4geeks/data/raw/youtube/explosion/5hF-SPK4jJA_seg78.wav,False,5.0,0.7489782571792603,0.1452253758907318,1210.5678098230899,0.07350667317708333,4.030745506286621,1.894992470741272
/home/andres/Documentos/proyecto4geeks/data/raw/youtube/explosion/YI6PbKl1QDA_seg0.wav,False,5.0,1.089700698852539,0.2725442945957184,1588.6994549870874,0.12086769386574074,2.460599422454834,0.859197735786438
/home/andres/Documentos/proyecto4geeks/data/raw/youtube/explosion/Ezmqd42xLyA_seg28.wav,False,5.0,1.0038084983825684,0.33613818883895874,907.9227902786891,0.04022216796875,-0.08925342559814453,0.8307924270629883
/home/andres/Documentos/proyecto4geeks/data/raw/youtube/explosion/Ezmqd42xLyA_seg6.wav,True,5.0,0.9934201240539551,0.10956842452287674,2007.1618629198933,0.10760498046875,5.219045639038086,1.1147007942199707
/home/andres/Documentos/proyecto4geeks/data/raw/youtube/explosion/-ZPpxY60Zm4_seg161.wav,False,5.0,0.7298654317855835,0.12607556581497192,727.2102774263763,0.028957790798611112,1.6793851852416992,1.8176664113998413
/home/andres/Documentos/proyecto4geeks/data/raw/youtube/explosion/-ZPpxY60Zm4_seg234.wav,False,5.0,0.9269719123840332,0.16234955191612244,800.9000060218459,0.03521276403356482,1.28214693069458,1.7302336692810059
/home/andres/Documentos/proyecto4geeks/data/raw/youtube/explosion/f0gB369NYFA_seg0.wav,False,5.0,0.8085180521011353,0.14274615049362183,958.5160278374066,0.054567690248842594,2.2445778846740723,0.22236964106559753
/home/andres/Documentos/proyecto4geeks/data/raw/youtube/explosion/Ezmqd42xLyA_seg1.wav,False,5.0,0.857877254486084,0.1145002692937851,1063.3269405868384,0.04381872106481482,4.539332389831543,1.079075813293457
/home/andres/Documentos/proyecto4geeks/data/raw/youtube/explosion/m5zzhKNxeGM_seg47.wav,False,5.0,0.9818739295005798,0.21783603727817535,1521.0097823502467,0.08663375289351852,-0.5729632377624512,0.4371432363986969
/home/andres/Documentos/proyecto4geeks/data/raw/youtube/explosion/4us3VQU-7AE_seg149.wav,False,5.0,0.5207151174545288,0.11574529856443405,759.1869837495576,0.023139105902777776,1.13704252243042,0.7426612973213196
/home/andres/Documentos/proyecto4geeks/data/raw/youtube/explosion/UKR46LXG8_I_seg22.wav,False,5.0,1.2061467170715332,0.3247913420200348,1192.2939612253385,0.04472294560185185,1.4297866821289062,0.43421629071235657
/home/andres/Documentos/proyecto4geeks/data/raw/youtube/explosion/-ZPpxY60Zm4_seg86.wav,False,5.0,1.0107837915420532,0.2829294800758362,1261.5440215274148,0.044962565104166664,2.62174654006958,0.10381775349378586
/home/andres/Documentos/proyecto4geeks/data/raw/youtube/explosion/5hF-SPK4jJA_seg76.wav,False,5.0,0.7718058824539185,0.14721231162548065,1358.0467789602696,0.07660364221643519,2.127873420715332,1.6655272245407104
/home/andres/Documentos/proyecto4geeks/data/raw/youtube/explosion/-ZPpxY60Zm4_seg249.wav,False,5.0,1.0026373863220215,0.24863414466381073,700.3118670955491,0.031674985532407406,1.5236425399780273,2.355095863342285
/home/andres/Documentos/proyecto4geeks/data/raw/youtube/explosion/-DjvoQ3Cl5Y_seg13.wav,False,5.0,0.9094799757003784,0.19231919944286346,1305.8858492516372,0.07477258752893519,1.3543715476989746,0.6648996472358704
/home/andres/Documentos/proyecto4geeks/data/raw/youtube/explosion/eV8itVdo9f8_seg2.wav,False,5.0,0.9311597347259521,0.1999376118183136,937.5686691135103,0.023796929253472224,1.5427560806274414,0.2781817615032196
/home/andres/Documentos/proyecto4geeks/data/raw/youtube/explosion/-DjvoQ3Cl5Y_seg64.wav,False,5.0,0.4886448383331299,0.14385205507278442,1074.8372166915487,0.043669524016203706,1.0388588905334473,0.42352205514907837
/home/andres/Documentos/proyecto4geeks/data/raw/youtube/explosion/m5zzhKNxeGM_seg15.wav,False,5.0,1.0245380401611328,0.39686447381973267,798.6695471926834,0.04279920789930555,0.46633458137512207,0.6649588942527771
/home/andres/Documentos/proyecto4geeks/data/raw/youtube/explosion/-ZPpxY60Zm4_seg14.wav,False,5.0,0.9356298446655273,0.15307942032814026,789.2703279612377,0.034252025462962965,1.5202736854553223,1.7443431615829468
/home/andres/Documentos/proyecto4geeks/data/raw/youtube/explosion/-ZPpxY60Zm4_seg166.wav,False,5.0,1.0204108953475952,0.3558056652545929,1033.951738319849,0.04648166232638889,0.17579984664916992,1.3409245014190674
/home/andres/Documentos/proyecto4geeks/data/raw/youtube/explosion/-DjvoQ3Cl5Y_seg8.wav,False,5.0,0.7173863649368286,0.09470096975564957,1089.9184719271066,0.05506727430555555,2.8532791137695312,1.3229036331176758
/home/andres/Documentos/proyecto4geeks/data/raw/youtube/explosion/-ZPpxY60Zm4_seg4.wav,False,5.0,1.0125200748443604,0.3373521566390991,1053.5562833234867,0.04684109157986111,0.23338818550109863,0.8253433108329773
/home/andres/Documentos/proyecto4geeks/data/raw/youtube/explosion/-ZPpxY60Zm4_seg216.wav,False,5.0,0.7558331489562988,0.12770585715770721,728.9161617713804,0.029016565393518517,1.6479682922363281,1.7901140451431274
/home/andres/Documentos/proyecto4geeks/data/raw/youtube/explosion/UKR46LXG8_I_seg195.wav,False,5.0,1.1720634698867798,0.32346564531326294,1183.4529397983774,0.044989691840277776,1.4781827926635742,0.5578864812850952
/home/andres/Documentos/proyecto4geeks/data/raw/youtube/explosion/UKR46LXG8_I_seg346.wav,False,5.0,1.2061465978622437,0.32608965039253235,1178.4105618737995,0.04511402271412037,1.366694450378418,2.012800455093384
/home/andres/Documentos/proyecto4geeks/data/raw/youtube/explosion/-ZPpxY60Zm4_seg313.wav,False,5.0,1.0018094778060913,0.2753143608570099,742.2134364211813,0.034444173177083336,0.8307278156280518,1.2887767553329468
/home/andres/Documentos/proyecto4geeks/data/raw/youtube/explosion/5hF-SPK4jJA_seg46.wav,False,5.0,0.8295744061470032,0.1694898158311844,772.5524475885145,0.038571958188657406,1.1129050254821777,0.36431217193603516
/home/andres/Documentos/proyecto4geeks/data/raw/youtube/explosion/-ZPpxY60Zm4_seg185.wav,False,5.0,0.9639754295349121,0.1830996870994568,785.3300261702851,0.035420735677083336,1.2244915962219238,1.6513508558273315
/home/andres/Documentos/proyecto4geeks/data/raw/youtube/explosion/fufuluffQDY_seg168.wav,False,5.0,0.7581871151924133,0.23402944207191467,737.871879145786,0.02171721281828704,-0.30511927604675293,1.0595320463180542
/home/andres/Documentos/proyecto4geeks/data/raw/youtube/explosion/-ZPpxY60Zm4_seg259.wav,False,5.0,0.7548813223838806,0.10462800413370132,749.9321020498004,0.028435601128472224,1.9896879196166992,1.5282927751541138
/home/andres/Documentos/proyecto4geeks/data/raw/youtube/explosion/UKR46LXG8_I_seg171.wav,False,5.0,1.2061467170715332,0.3125501871109009,1164.7881821527797,0.04329201027199074,1.6722760200500488,2.670452117919922
/home/andres/Documentos/proyecto4geeks/data/raw/youtube/explosion/-ZPpxY60Zm4_seg52.wav,False,5.0,1.0188740491867065,0.14430494606494904,1026.2404345919667,0.029762550636574073,17.177621841430664,0.9997302889823914
/home/andres/Documentos/proyecto4geeks/data/raw/youtube/explosion/ME2vz8Vocjg_seg13.wav,False,5.0,0.6900726556777954,0.16259634494781494,1037.178777905653,0.042107476128472224,1.069119930267334,0.39497074484825134
/home/andres/Documentos/proyecto4geeks/data/raw/youtube/explosion/4us3VQU-7AE_seg5.wav,False,5.0,1.0009492635726929,0.3039761185646057,1039.5220880792453,0.05228452329282408,-0.07891964912414551,0.9276599884033203
/home/andres/Documentos/proyecto4geeks/data/raw/youtube/explosion/50IyVsS9EGQ_seg32.wav,False,5.0,0.5689812302589417,0.06694656610488892,693.7379231224819,0.034539116753472224,6.225003242492676,0.1827627420425415
/home/andres/Documentos/proyecto4geeks/data/raw/youtube/explosion/UKR46LXG8_I_seg273.wav,False,5.0,1.1720635890960693,0.32536211609840393,1199.5525814469067,0.04552318431712963,1.398390293121338,0.2604227066040039
/home/andres/Documentos/proyecto4geeks/data/raw/youtube/explosion/m5zzhKNxeGM_seg37.wav,True,5.0,0.8162752985954285,0.11026164889335632,1786.4792611506782,0.1265530056423611,13.867481231689453,0.2227170467376709
/home/andres/Documentos/proyecto4geeks/data/raw/youtube/explosion/4us3VQU-7AE_seg12.wav,False,5.0,0.42624613642692566,0.10393500328063965,1968.029820216986,0.1575000904224537,2.2282443046569824,0.2156183123588562
/home/andres/Documentos/proyecto4geeks/data/raw/youtube/explosion/UKR46LXG8_I_seg24.wav,False,5.0,1.2061467170715332,0.3242521584033966,1187.5581954530078,0.04441776982060185,1.4516305923461914,0.5368844270706177
/home/andres/Documentos/proyecto4geeks/data/raw/youtube/explosion/-ZPpxY60Zm4_seg198.wav,False,5.0,0.7983124852180481,0.0947723239660263,735.262387676628,0.026055230034722224,2.434657573699951,1.5043575763702393
/home/andres/Documentos/proyecto4geeks/data/raw/youtube/explosion/UKR46LXG8_I_seg337.wav,False,5.0,1.206146478652954,0.31759336590766907,1171.7501865921588,0.043079517505787035,1.5898218154907227,2.023407459259033
/home/andres/Documentos/proyecto4geeks/data/raw/youtube/explosion/UKR46LXG8_I_seg339.wav,False,5.0,1.206146478652954,0.316468209028244,1173.6281801778346,0.043965657552083336,1.5957283973693848,2.282485246658325
/home/andres/Documentos/proyecto4geeks/data/raw/youtube/explosion/50IyVsS9EGQ_seg5.wav,False,5.0,0.3695010840892792,0.06743989884853363,924.890407820049,0.06042932581018518,0.34388208389282227,1.3206003904342651
/home/andres/Documentos/proyecto4geeks/data/raw/youtube/explosion/LQOkL1jaRfU_seg139.wav,False,5.0,0.9348968863487244,0.13712365925312042,1026.0973747551964,0.042338053385416664,6.220841407775879,0.1406179517507553
/home/andres/Documentos/proyecto4geeks/data/raw/youtube/explosion/-ZPpxY60Zm4_seg260.wav,False,5.0,1.0147918462753296,0.23203641176223755,1169.8300139148685,0.03766321252893518,5.754783630371094,0.37482190132141113
/home/andres/Documentos/proyecto4geeks/data/raw/youtube/explosion/4us3VQU-7AE_seg142.wav,False,5.0,0.7023200988769531,0.11583443731069565,1422.8820643580304,0.06757043909143519,2.34622859954834,1.3856418132781982
/home/andres/Documentos/proyecto4geeks/data/raw/youtube/explosion/-ZPpxY60Zm4_seg264.wav,False,5.0,1.0094294548034668,0.30775392055511475,825.1420260757521,0.03752305772569445,0.7164382934570312,1.6554248332977295
/home/andres/Documentos/proyecto4geeks/data/raw/youtube/explosion/50IyVsS9EGQ_seg69.wav,False,5.0,0.586431086063385,0.12315838038921356,1445.289287254012,0.07258436414930555,0.6488256454467773,1.2683604955673218
/home/andres/Documentos/proyecto4geeks/data/raw/youtube/explosion/UKR46LXG8_I_seg355.wav,False,5.0,1.1720635890960693,0.3256271183490753,1200.7979581766515,0.04566333912037037,1.3851165771484375,0.1348581165075302
/home/andres/Documentos/proyecto4geeks/data/raw/youtube/explosion/Ezmqd42xLyA_seg119.wav,False,5.0,1.0006325244903564,0.21161562204360962,456.72746871680636,0.02705665870949074,3.019958019256592,0.30922532081604004
/home/andres/Documentos/proyecto4geeks/data/raw/youtube/explosion/Ezmqd42xLyA_seg59.wav,False,5.0,0.5666646957397461,0.10570421069860458,943.5645084781302,0.04576732494212963,1.8062748908996582,1.2218278646469116
/home/andres/Documentos/proyecto4geeks/data/raw/youtube/explosion/L7nZhnSIfps_seg4.wav,False,5.0,0.9841676354408264,0.2806406021118164,726.3840760799113,0.01685474537037037,-0.05065798759460449,0.49836215376853943
/home/andres/Documentos/proyecto4geeks/data/raw/youtube/explosion/fufuluffQDY_seg214.wav,False,5.0,0.973507285118103,0.2538507282733917,1029.8436412795706,0.05452700014467592,0.03519558906555176,1.058918833732605
/home/andres/Documentos/proyecto4geeks/data/raw/youtube/explosion/fufuluffQDY_seg156.wav,False,5.0,0.8977620601654053,0.24815315008163452,705.5369154520727,0.02227783203125,-0.3568277359008789,1.1664842367172241
/home/andres/Documentos/proyecto4geeks/data/raw/youtube/explosion/m5zzhKNxeGM_seg53.wav,False,5.0,0.8280183672904968,0.1533021181821823,1583.9585011764705,0.07944742838541667,1.5460829734802246,0.8897241950035095
/home/andres/Documentos/proyecto4geeks/data/raw/youtube/explosion/UKR46LXG8_I_seg262.wav,False,5.0,1.2061465978622437,0.32609039545059204,1198.3061496466528,0.045416937934027776,1.3667235374450684,1.3308241367340088
/home/andres/Documentos/proyecto4geeks/data/raw/youtube/explosion/-ZPpxY60Zm4_seg154.wav,False,5.0,1.0088361501693726,0.2985478639602661,799.8458239789447,0.036894621672453706,0.7712488174438477,1.5919811725616455
/home/andres/Documentos/proyecto4geeks/data/raw/youtube/explosion/ME2vz8Vocjg_seg12.wav,False,5.0,0.6790273189544678,0.08876510709524155,1436.8444174462531,0.08904351128472222,6.161979675292969,0.4501042366027832
/home/andres/Documentos/proyecto4geeks/data/raw/youtube/explosion/-ZPpxY60Zm4_seg109.wav,False,5.0,0.7463473081588745,0.1291739046573639,726.9465557589554,0.029106987847222224,1.5590219497680664,1.6858097314834595
/home/andres/Documentos/proyecto4geeks/data/raw/youtube/explosion/LQOkL1jaRfU_seg155.wav,False,5.0,0.45636871457099915,0.20270659029483795,527.5168414074358,0.011167173032407407,-1.0257923603057861,1.014542579650879
/home/andres/Documentos/proyecto4geeks/data/raw/youtube/explosion/Ezmqd42xLyA_seg97.wav,False,5.0,0.9878543615341187,0.17425565421581268,1108.70083578697,0.06369583695023148,2.8056020736694336,0.62105393409729
/home/andres/Documentos/proyecto4geeks/data/raw/youtube/explosion/m5zzhKNxeGM_seg116.wav,False,5.0,0.8362643122673035,0.08679044246673584,825.1931499817169,0.03457076461226852,16.06684112548828,0.8055302500724792
/home/andres/Documentos/proyecto4geeks/data/raw/youtube/explosion/ME2vz8Vocjg_seg14.wav,False,5.0,0.5425985455513,0.10879409313201904,834.5117628305728,0.03077076099537037,0.5955698490142822,0.9224399328231812
/home/andres/Documentos/proyecto4geeks/data/raw/youtube/explosion/50IyVsS9EGQ_seg34.wav,False,5.0,1.0931737422943115,0.12077974528074265,1298.6026511573432,0.0793140552662037,25.54722023010254,0.17219820618629456
/home/andres/Documentos/proyecto4geeks/data/raw/youtube/explosion/fufuluffQDY_seg47.wav,False,5.0,1.1306419372558594,0.23030205070972443,1169.9920429137462,0.07454201027199074,6.58242130279541,0.5162388682365417
/home/andres/Documentos/proyecto4geeks/data/raw/youtube/explosion/-ZPpxY60Zm4_seg224.wav,False,5.0,1.0245966911315918,0.3570117652416229,1077.783809128042,0.04864049840856482,0.1753840446472168,0.8546695113182068
/home/andres/Documentos/proyecto4geeks/data/raw/youtube/explosion/50IyVsS9EGQ_seg64.wav,False,5.0,0.8023427724838257,0.11094766855239868,772.3054406471753,0.02576813874421296,5.2665605545043945,1.177172064781189
/home/andres/Documentos/proyecto4geeks/data/raw/youtube/explosion/50IyVsS9EGQ_seg84.wav,True,5.0,1.0096917152404785,0.15887372195720673,1656.1015805011784,0.055107964409722224,5.141186714172363,1.0040156841278076
/home/andres/Documentos/proyecto4geeks/data/raw/youtube/explosion/1TT73KJiZLM_seg7.wav,False,5.0,1.012919545173645,0.19197198748588562,657.6658340690572,0.031035246672453703,7.934416770935059,8.502983916969242e-08
/home/andres/Documentos/proyecto4geeks/data/raw/youtube/explosion/UKR46LXG8_I_seg205.wav,False,5.0,1.1720634698867798,0.3195538818836212,1175.4078739862966,0.044239185474537035,1.5619268417358398,1.5052741765975952
/home/andres/Documentos/proyecto4geeks/data/raw/youtube/explosion/fufuluffQDY_seg147.wav,False,5.0,0.8104996085166931,0.23318421840667725,720.8099473460553,0.023817274305555556,-0.2777705192565918,0.8933772444725037
/home/andres/Documentos/proyecto4geeks/data/raw/youtube/explosion/ME2vz8Vocjg_seg66.wav,False,5.0,0.6571294665336609,0.20732200145721436,2120.606362754748,0.1266502097800926,-0.4536433219909668,0.9977138042449951
/home/andres/Documentos/proyecto4geeks/data/raw/youtube/explosion/50IyVsS9EGQ_seg19.wav,False,5.0,0.44417497515678406,0.08742163330316544,871.6605721159615,0.0655834056712963,0.5108087062835693,1.4148885011672974
/home/andres/Documentos/proyecto4geeks/data/raw/youtube/explosion/UKR46LXG8_I_seg241.wav,False,5.0,1.2061465978622437,0.3224649131298065,1189.5868576632963,0.044831452546296294,1.5105738639831543,0.8436704874038696
/home/andres/Documentos/proyecto4geeks/data/raw/youtube/explosion/UKR46LXG8_I_seg242.wav,False,5.0,1.1720635890960693,0.321831613779068,1189.3144061511248,0.04484727647569445,1.5245404243469238,0.9569271802902222
/home/andres/Documentos/proyecto4geeks/data/raw/youtube/explosion/Ezmqd42xLyA_seg95.wav,True,5.0,0.7839382290840149,0.12123402953147888,1208.472951502061,0.053699634693287035,5.745659828186035,4.740932941436768
/home/andres/Documentos/proyecto4geeks/data/raw/youtube/explosion/UKR46LXG8_I_seg83.wav,False,5.0,1.2061467170715332,0.316468209028244,1173.6296135836374,0.043965657552083336,1.5957283973693848,2.2824854850769043
/home/andres/Documentos/proyecto4geeks/data/raw/youtube/explosion/Ezmqd42xLyA_seg47.wav,False,5.0,0.6250813603401184,0.3414088487625122,522.7095089048972,0.01290328414351852,-1.1180282831192017,1.010907530784607
/home/andres/Documentos/proyecto4geeks/data/raw/youtube/explosion/4us3VQU-7AE_seg36.wav,False,5.0,0.5936311483383179,0.11307065933942795,418.99802424685043,0.013861762152777778,1.1736187934875488,1.0319849252700806
/home/andres/Documentos/proyecto4geeks/data/raw/youtube/explosion/fufuluffQDY_seg30.wav,False,5.0,1.0518606901168823,0.2888941764831543,960.7965899763856,0.036487720630787035,0.09070420265197754,0.600391685962677
/home/andres/Documentos/proyecto4geeks/data/raw/youtube/explosion/4us3VQU-7AE_seg143.wav,False,5.0,0.6802408695220947,0.10096285492181778,1873.4321885518284,0.10351110387731481,2.7494330406188965,0.8874220252037048
/home/andres/Documentos/proyecto4geeks/data/raw/youtube/explosion/-ZPpxY60Zm4_seg248.wav,False,5.0,1.0147809982299805,0.2849463224411011,1265.2522570671,0.04556613498263889,2.4771246910095215,0.09263705462217331
/home/andres/Documentos/proyecto4geeks/data/raw/youtube/explosion/-ZPpxY60Zm4_seg310.wav,False,5.0,1.0017904043197632,0.26227128505706787,701.8499766853058,0.032482005931712965,1.0555434226989746,1.2493754625320435
/home/andres/Documentos/proyecto4geeks/data/raw/youtube/explosion/4us3VQU-7AE_seg49.wav,False,5.0,0.7009378671646118,0.12341555207967758,1142.9368618408478,0.06275318287037036,2.2607526779174805,1.675013780593872
/home/andres/Documentos/proyecto4geeks/data/raw/youtube/explosion/5hF-SPK4jJA_seg47.wav,True,5.0,0.542404294013977,0.11707753688097,709.0366187572862,0.03296802662037037,5.591207504272461,6.463061332702637
/home/andres/Documentos/proyecto4geeks/data/raw/youtube/explosion/4us3VQU-7AE_seg31.wav,False,5.0,0.5446087121963501,0.07196512818336487,1774.9951696891599,0.09639937789351852,4.757247447967529,0.7159008383750916
/home/andres/Documentos/proyecto4geeks/data/raw/youtube/explosion/fufuluffQDY_seg28.wav,False,5.0,1.003465175628662,0.20527823269367218,1387.6228335460237,0.04689308449074074,2.8039650917053223,0.7617685794830322
/home/andres/Documentos/proyecto4geeks/data/raw/youtube/explosion/ME2vz8Vocjg_seg48.wav,False,5.0,0.6380581855773926,0.1905762404203415,1974.7257218369903,0.0824856228298611,-0.478973388671875,1.0970724821090698
/home/andres/Documentos/proyecto4geeks/data/raw/youtube/explosion/Ezmqd42xLyA_seg69.wav,False,5.0,0.30360808968544006,0.060268767178058624,1303.4151475396939,0.05906846788194445,0.4866299629211426,1.261911392211914
/home/andres/Documentos/proyecto4geeks/data/raw/youtube/explosion/fufuluffQDY_seg68.wav,False,5.0,0.4424794912338257,0.06836291402578354,942.110164503517,0.05269594545717592,3.7277393341064453,1.5904806852340698
/home/andres/Documentos/proyecto4geeks/data/raw/youtube/explosion/m5zzhKNxeGM_seg88.wav,False,5.0,0.576133668422699,0.11255781352519989,972.9788926572501,0.04830141420717592,1.596214771270752,1.3135452270507812
/home/andres/Documentos/proyecto4geeks/data/raw/youtube/explosion/UKR46LXG8_I_seg169.wav,False,5.0,1.2061465978622437,0.3136495053768158,1168.304784007951,0.044099030671296294,1.6471176147460938,2.352308511734009
/home/andres/Documentos/proyecto4geeks/data/raw/youtube/explosion/UKR46LXG8_I_seg69.wav,False,5.0,1.2061469554901123,0.32308894395828247,1190.8031090370403,0.044971607349537035,1.484818458557129,0.708362877368927
/home/andres/Documentos/proyecto4geeks/data/raw/youtube/explosion/m5zzhKNxeGM_seg46.wav,False,5.0,0.9935553073883057,0.16451600193977356,2810.4469948735864,0.19252070674189814,1.7474308013916016,0.558395266532898
/home/andres/Documentos/proyecto4geeks/data/raw/youtube/explosion/4us3VQU-7AE_seg67.wav,False,5.0,1.006430745124817,0.24869227409362793,1410.5105807121986,0.07582826967592593,1.2392578125,1.6563042402267456
/home/andres/Documentos/proyecto4geeks/data/raw/youtube/explosion/Ezmqd42xLyA_seg125.wav,False,5.0,0.6172493696212769,0.07786980271339417,824.0490721381403,0.04288963035300926,4.172485828399658,1.2779053449630737
/home/andres/Documentos/proyecto4geeks/data/raw/youtube/explosion/4us3VQU-7AE_seg165.wav,False,5.0,0.5383911728858948,0.09676828235387802,1544.52602985175,0.07818603515625,1.098067283630371,0.9174898266792297
/home/andres/Documentos/proyecto4geeks/data/raw/youtube/explosion/4us3VQU-7AE_seg72.wav,False,5.0,1.0003931522369385,0.17617478966712952,989.8174933822019,0.053120930989583336,1.9769768714904785,1.0348366498947144
/home/andres/Documentos/proyecto4geeks/data/raw/youtube/explosion/-DjvoQ3Cl5Y_seg27.wav,False,5.0,0.5551862716674805,0.12586365640163422,1921.7676527713716,0.1181911892361111,0.7188856601715088,1.2670010328292847
/home/andres/Documentos/proyecto4geeks/data/raw/youtube/explosion/-ZPpxY60Zm4_seg18.wav,False,5.0,0.4243330955505371,0.07575303316116333,634.744882886403,0.019047489872685185,2.193817615509033,1.3048834800720215
/home/andres/Documentos/proyecto4geeks/data/raw/youtube/explosion/-ZPpxY60Zm4_seg179.wav,False,5.0,0.9439805746078491,0.16099856793880463,795.328177941768,0.03429723668981482,1.360440731048584,1.7759909629821777
/home/andres/Documentos/proyecto4geeks/data/raw/youtube/explosion/UKR46LXG8_I_seg146.wav,False,5.0,1.1720635890960693,0.3253321349620819,1195.6027762727865,0.045398853443287035,1.400190830230713,0.29666197299957275
/home/andres/Documentos/proyecto4geeks/data/raw/youtube/explosion/50IyVsS9EGQ_seg76.wav,True,5.0,0.8236750960350037,0.09118767082691193,2111.1261438220104,0.14024296513310186,10.569765090942383,0.8740367889404297
/home/andres/Documentos/proyecto4geeks/data/raw/youtube/explosion/-ZPpxY60Zm4_seg180.wav,False,5.0,0.4166713356971741,0.07580848783254623,644.7291651502892,0.018742314091435185,2.1581411361694336,1.4752836227416992
/home/andres/Documentos/proyecto4geeks/data/raw/youtube/explosion/-ZPpxY60Zm4_seg312.wav,False,5.0,1.0159657001495361,0.25281858444213867,1171.3544352584381,0.040771484375,4.616060733795166,0.3105401396751404
/home/andres/Documentos/proyecto4geeks/data/raw/youtube/explosion/fufuluffQDY_seg209.wav,False,5.0,0.976142168045044,0.2651422321796417,1074.7180121703752,0.05410201461226852,-0.04158639907836914,0.9241092205047607
/home/andres/Documentos/proyecto4geeks/data/raw/youtube/explosion/LQOkL1jaRfU_seg47.wav,False,5.0,0.7016619443893433,0.2907554805278778,1093.9507267182873,0.02385344328703704,-1.397189974784851,1.0227279663085938
/home/andres/Documentos/proyecto4geeks/data/raw/youtube/explosion/UKR46LXG8_I_seg142.wav,False,5.0,1.1720635890960693,0.325693279504776,1204.1651925399137,0.045661078559027776,1.3817834854125977,0.15124084055423737
/home/andres/Documentos/proyecto4geeks/data/raw/youtube/explosion/UKR46LXG8_I_seg71.wav,False,5.0,1.2061467170715332,0.32173728942871094,1189.9306622572387,0.044709382233796294,1.5271291732788086,0.924284040927887
/home/andres/Documentos/proyecto4geeks/data/raw/youtube/explosion/LQOkL1jaRfU_seg54.wav,False,5.0,0.8539303541183472,0.13456612825393677,1159.9464509319137,0.0631442599826389,3.4529294967651367,1.5876481533050537
/home/andres/Documentos/proyecto4geeks/data/raw/youtube/explosion/50IyVsS9EGQ_seg79.wav,False,5.0,1.0118076801300049,0.1754799336194992,1881.610187653819,0.05957935474537037,4.921544075012207,0.9809749126434326
/home/andres/Documentos/proyecto4geeks/data/raw/youtube/explosion/fufuluffQDY_seg41.wav,True,5.0,1.0447075366973877,0.11518827080726624,2418.3430845714483,0.18113878038194445,7.077885627746582,1.4941109418869019
/home/andres/Documentos/proyecto4geeks/data/raw/youtube/explosion/4us3VQU-7AE_seg154.wav,False,5.0,0.44205179810523987,0.11185566335916519,680.7509566171283,0.04105179398148148,0.10383796691894531,0.9852001667022705
/home/andres/Documentos/proyecto4geeks/data/raw/youtube/explosion/fufuluffQDY_seg87.wav,False,5.0,1.00814688205719,0.12581995129585266,1126.5393133161251,0.06734438295717593,2.571354389190674,0.9350586533546448
/home/andres/Documentos/proyecto4geeks/data/raw/youtube/explosion/LQOkL1jaRfU_seg87.wav,False,5.0,0.844091534614563,0.3482726514339447,666.5797336974946,0.026945891203703703,-0.7257165908813477,1.062012791633606
/home/andres/Documentos/proyecto4geeks/data/raw/youtube/explosion/UKR46LXG8_I_seg141.wav,False,5.0,1.2061469554901123,0.3257773518562317,1208.5231310422628,0.045168276186342594,1.383084774017334,0.10328642278909683
/home/andres/Documentos/proyecto4geeks/data/raw/youtube/explosion/4us3VQU-7AE_seg54.wav,False,5.0,0.3937221169471741,0.08397825062274933,1065.0025983765725,0.07262279369212964,0.4348568916320801,1.3440827131271362
/home/andres/Documentos/proyecto4geeks/data/raw/youtube/explosion/-DjvoQ3Cl5Y_seg44.wav,False,5.0,0.7691096067428589,0.1645144373178482,1191.308851693931,0.04889368127893518,0.5585954189300537,0.6181627511978149
/home/andres/Documentos/proyecto4geeks/data/raw/youtube/explosion/50IyVsS9EGQ_seg42.wav,False,5.0,0.5323436260223389,0.14932815730571747,1074.4219579314304,0.03834590205439815,0.11419820785522461,0.48229625821113586
/home/andres/Documentos/proyecto4geeks/data/raw/youtube/explosion/m5zzhKNxeGM_seg80.wav,False,5.0,0.5938705205917358,0.08937300741672516,1007.0021397900526,0.05015281394675926,2.6057677268981934,1.397168755531311
/home/andres/Documentos/proyecto4geeks/data/raw/youtube/explosion/fufuluffQDY_seg86.wav,False,5.0,0.46517741680145264,0.06721094995737076,1044.919784599933,0.06722457320601852,2.5073513984680176,0.6733205914497375
/home/andres/Documentos/proyecto4geeks/data/raw/youtube/explosion/-ZPpxY60Zm4_seg171.wav,False,5.0,0.35182589292526245,0.06406346708536148,718.356675922475,0.02031566478587963,3.444549560546875,2.6755478382110596
/home/andres/Documentos/proyecto4geeks/data/raw/youtube/explosion/UKR46LXG8_I_seg177.wav,False,5.0,1.1720634698867798,0.32584625482559204,1198.4407466445066,0.045939127604166664,1.373673915863037,1.1805779933929443
/home/andres/Documentos/proyecto4geeks/data/raw/youtube/explosion/fufuluffQDY_seg178.wav,False,5.0,0.944144606590271,0.20085905492305756,683.9187414223777,0.02106843171296296,0.638777494430542,1.1780760288238525
/home/andres/Documentos/proyecto4geeks/data/raw/youtube/explosion/Ezmqd42xLyA_seg110.wav,False,5.0,0.9298095703125,0.28419649600982666,980.3466069416501,0.06461588541666667,-0.04135560989379883,0.6361912488937378
/home/andres/Documentos/proyecto4geeks/data/raw/youtube/explosion/DsfGzApINSQ_seg2.wav,False,5.0,0.996747612953186,0.2749021351337433,902.4159526657165,0.02635588469328704,0.37513065338134766,1.4261298179626465
/home/andres/Documentos/proyecto4geeks/data/raw/youtube/explosion/UKR46LXG8_I_seg110.wav,False,5.0,1.2061465978622437,0.32317212224006653,1185.4759014161964,0.04459409360532408,1.4930667877197266,0.5738452672958374
/home/andres/Documentos/proyecto4geeks/data/raw/youtube/explosion/fufuluffQDY_seg23.wav,True,5.0,1.0286859273910522,0.19748984277248383,1544.0770693545269,0.0749217845775463,5.377634048461914,1.409827470779419
/home/andres/Documentos/proyecto4geeks/data/raw/youtube/explosion/Ezmqd42xLyA_seg18.wav,False,5.0,0.7418107390403748,0.13752783834934235,1236.5180661569093,0.056141040943287035,3.437717914581299,0.5073269605636597
/home/andres/Documentos/proyecto4geeks/data/raw/youtube/explosion/fufuluffQDY_seg227.wav,False,5.0,0.5446511507034302,0.12451154738664627,970.4560305508668,0.06041576244212963,0.6945765018463135,0.5113446712493896
/home/andres/Documentos/proyecto4geeks/data/raw/youtube/explosion/4us3VQU-7AE_seg182.wav,False,5.0,0.561793863773346,0.10937235504388809,923.8467568874398,0.03556541160300926,1.9785943031311035,0.7893259525299072
/home/andres/Documentos/proyecto4geeks/data/raw/youtube/explosion/UKR46LXG8_I_seg164.wav,False,5.0,1.1720635890960693,0.3176749050617218,1174.3974980528396,0.0439453125,1.6063671112060547,1.6820249557495117
/home/andres/Documentos/proyecto4geeks/data/raw/youtube/explosion/4us3VQU-7AE_seg164.wav,False,5.0,0.5233213901519775,0.08466918766498566,1320.6148013596728,0.05202907986111111,1.1876740455627441,0.8275462985038757
/home/andres/Documentos/proyecto4geeks/data/raw/youtube/explosion/fufuluffQDY_seg127.wav,False,5.0,0.9066431522369385,0.26074886322021484,768.2790912379633,0.024671766493055556,-0.4308180809020996,0.9423199892044067
/home/andres/Documentos/proyecto4geeks/data/raw/youtube/explosion/m5zzhKNxeGM_seg84.wav,False,5.0,0.8724432587623596,0.11242759972810745,1163.045755361215,0.05098017939814815,11.513938903808594,1.196632981300354
/home/andres/Documentos/proyecto4geeks/data/raw/youtube/explosion/4afB4wcRH-A_seg24.wav,True,5.0,0.7969216108322144,0.0788661316037178,1231.6541866078387,0.03748462818287037,8.067346572875977,4.28177547454834
/home/andres/Documentos/proyecto4geeks/data/raw/youtube/explosion/50IyVsS9EGQ_seg44.wav,True,5.0,0.6970855593681335,0.09652020782232285,2108.065541508753,0.1578301323784722,5.602047920227051,3.721169948577881
/home/andres/Documentos/proyecto4geeks/data/raw/youtube/explosion/ME2vz8Vocjg_seg57.wav,False,5.0,0.6414228677749634,0.16643676161766052,2104.096697399724,0.11142985026041667,-0.10604047775268555,0.9542921185493469
/home/andres/Documentos/proyecto4geeks/data/raw/youtube/explosion/LQOkL1jaRfU_seg131.wav,False,5.0,0.6643353700637817,0.15020373463630676,949.4870547600973,0.03321216724537037,0.3426492214202881,1.1593949794769287
/home/andres/Documentos/proyecto4geeks/data/raw/youtube/explosion/-ZPpxY60Zm4_seg282.wav,False,5.0,1.0172654390335083,0.3515174388885498,1205.0726766000025,0.04830141420717592,0.3279588222503662,0.2601197361946106
/home/andres/Documentos/proyecto4geeks/data/raw/youtube/explosion/-ZPpxY60Zm4_seg23.wav,False,5.0,0.9479206800460815,0.1856200397014618,782.8801748980949,0.03495053891782408,1.1376962661743164,1.6148875951766968
/home/andres/Documentos/proyecto4geeks/data/raw/youtube/explosion/-ZPpxY60Zm4_seg217.wav,True,5.0,1.0261120796203613,0.12361082434654236,967.0603715188001,0.029068558304398147,24.43663215637207,1.518394112586975
/home/andres/Documentos/proyecto4geeks/data/raw/youtube/explosion/fufuluffQDY_seg155.wav,False,5.0,0.8393673896789551,0.2521900236606598,733.3064978353804,0.022752549913194444,-0.42551517486572266,1.008643388748169
/home/andres/Documentos/proyecto4geeks/data/raw/youtube/explosion/LQOkL1jaRfU_seg21.wav,False,5.0,0.2967139780521393,0.059361860156059265,2220.56732821385,0.11858452690972222,1.309112548828125,1.0184248685836792
/home/andres/Documentos/proyecto4geeks/data/raw/youtube/explosion/fufuluffQDY_seg201.wav,False,5.0,0.9842363595962524,0.22820405662059784,1104.5788270123142,0.058482982494212965,0.629441499710083,0.8693279027938843
/home/andres/Documentos/proyecto4geeks/data/raw/youtube/explosion/m5zzhKNxeGM_seg32.wav,False,5.0,0.8161206245422363,0.16700036823749542,1482.3889052111622,0.08219401041666667,3.709392547607422,1.8316491842269897
/home/andres/Documentos/proyecto4geeks/data/raw/youtube/explosion/LQOkL1jaRfU_seg51.wav,False,5.0,1.000065803527832,0.33013129234313965,818.1178133042299,0.039356372974537035,0.42067599296569824,0.17148743569850922
/home/andres/Documentos/proyecto4geeks/data/raw/youtube/explosion/-ZPpxY60Zm4_seg189.wav,False,5.0,0.425235390663147,0.08051268756389618,637.8332982552014,0.019813820167824073,1.337766170501709,0.9211953282356262
/home/andres/Documentos/proyecto4geeks/data/raw/youtube/explosion/LQOkL1jaRfU_seg42.wav,False,5.0,0.7820796966552734,0.25681957602500916,1473.058938146807,0.06660517939814815,-0.22560358047485352,0.853515625
/home/andres/Documentos/proyecto4geeks/data/raw/youtube/explosion/UKR46LXG8_I_seg54.wav,False,5.0,1.1720635890960693,0.3257467746734619,1201.0346571885962,0.04562943070023148,1.3788518905639648,0.06024877354502678
/home/andres/Documentos/proyecto4geeks/data/raw/youtube/explosion/fufuluffQDY_seg24.wav,False,5.0,1.1036173105239868,0.1811850666999817,1681.8327937028803,0.08363850911458333,1.019902229309082,0.9567916989326477
/home/andres/Documentos/proyecto4geeks/data/raw/youtube/explosion/-ZPpxY60Zm4_seg37.wav,False,5.0,1.0139192342758179,0.2693720757961273,1210.7119011753323,0.041562680844907406,3.4888482093811035,0.23545967042446136
/home/andres/Documentos/proyecto4geeks/data/raw/youtube/explosion/4us3VQU-7AE_seg78.wav,False,5.0,0.7694427371025085,0.08120850473642349,1168.6753614015697,0.05196804470486111,5.130158424377441,0.8859319686889648
/home/andres/Documentos/proyecto4geeks/data/raw/youtube/explosion/4afB4wcRH-A_seg13.wav,False,5.0,1.001032829284668,0.2228490114212036,1837.6650681486758,0.08436414930555555,1.5564641952514648,0.004133624490350485
/home/andres/Documentos/proyecto4geeks/data/raw/youtube/explosion/-ZPpxY60Zm4_seg232.wav,False,5.0,0.42307281494140625,0.07482162117958069,649.4994715346943,0.018204300491898147,2.427466869354248,1.8871195316314697
/home/andres/Documentos/proyecto4geeks/data/raw/youtube/explosion/5hF-SPK4jJA_seg34.wav,False,5.0,1.0114667415618896,0.3600803017616272,1060.5384527044002,0.03682680483217592,-0.3497292995452881,0.937505841255188
/home/andres/Documentos/proyecto4geeks/data/raw/youtube/explosion/-ZPpxY60Zm4_seg28.wav,False,5.0,1.0097670555114746,0.3013141453266144,1263.9160000028774,0.04643419053819445,1.9025535583496094,0.062443166971206665
/home/andres/Documentos/proyecto4geeks/data/raw/youtube/explosion/50IyVsS9EGQ_seg102.wav,True,5.0,0.8976806998252869,0.12531590461730957,1915.4701359104236,0.0618896484375,5.502493858337402,0.7476310133934021
/home/andres/Documentos/proyecto4geeks/data/raw/youtube/explosion/LQOkL1jaRfU_seg85.wav,False,5.0,0.874531626701355,0.28290361166000366,1054.112811682049,0.05264621310763889,0.5153450965881348,0.15995393693447113
/home/andres/Documentos/proyecto4geeks/data/raw/youtube/explosion/UKR46LXG8_I_seg96.wav,False,5.0,1.2061465978622437,0.3260100185871124,1203.6158200519433,0.04516149450231482,1.3710284233093262,0.045645296573638916
/home/andres/Documentos/proyecto4geeks/data/raw/youtube/explosion/4us3VQU-7AE_seg68.wav,False,5.0,0.3607504665851593,0.10008057951927185,843.211674400464,0.02361834490740741,-0.33340954780578613,0.9872955083847046
/home/andres/Documentos/proyecto4geeks/data/raw/youtube/explosion/LQOkL1jaRfU_seg153.wav,False,5.0,0.30650797486305237,0.07861877232789993,479.4413423910447,0.010360152633101851,-0.06359291076660156,1.244604229927063
/home/andres/Documentos/proyecto4geeks/data/raw/youtube/explosion/fufuluffQDY_seg129.wav,False,5.0,0.9274947643280029,0.21940825879573822,676.4161673142406,0.021396213107638888,0.20141053199768066,0.9847494959831238
/home/andres/Documentos/proyecto4geeks/data/raw/youtube/explosion/UKR46LXG8_I_seg43.wav,False,5.0,1.1720635890960693,0.31256264448165894,1163.4783577856385,0.04295292607060185,1.6677746772766113,2.6578164100646973
/home/andres/Documentos/proyecto4geeks/data/raw/youtube/explosion/Ezmqd42xLyA_seg42.wav,False,5.0,0.7700378894805908,0.2310245931148529,758.7452463983765,0.03462049696180555,-0.30528807640075684,1.2737313508987427
/home/andres/Documentos/proyecto4geeks/data/raw/youtube/explosion/m5zzhKNxeGM_seg11.wav,False,5.0,0.8900961875915527,0.1106557846069336,1043.537390549671,0.06842493127893519,3.712769031524658,0.5708418488502502
/home/andres/Documentos/proyecto4geeks/data/raw/youtube/explosion/4us3VQU-7AE_seg20.wav,False,5.0,0.5889006853103638,0.13644489645957947,682.2459488651496,0.026887116608796297,0.8083868026733398,1.4924565553665161
/home/andres/Documentos/proyecto4geeks/data/raw/youtube/explosion/fufuluffQDY_seg215.wav,False,5.0,1.0020650625228882,0.2475755661725998,1005.3179240961936,0.05213306568287037,0.00927281379699707,1.0667941570281982
/home/andres/Documentos/proyecto4geeks/data/raw/youtube/explosion/50IyVsS9EGQ_seg97.wav,True,5.0,0.9358332753181458,0.14023667573928833,1608.2343762132775,0.05323848017939815,5.046598434448242,1.175624966621399
/home/andres/Documentos/proyecto4geeks/data/raw/youtube/explosion/fufuluffQDY_seg130.wav,False,5.0,0.9094353318214417,0.2412346601486206,641.8603472376832,0.020024052372685185,-0.15809369087219238,0.9219096899032593
/home/andres/Documentos/proyecto4geeks/data/raw/youtube/explosion/4us3VQU-7AE_seg156.wav,False,5.0,0.5385476350784302,0.1041138544678688,815.5185783833027,0.026667842158564815,2.772176742553711,0.8413951396942139
/home/andres/Documentos/proyecto4geeks/data/raw/youtube/explosion/Ezmqd42xLyA_seg31.wav,False,5.0,1.0012844800949097,0.18758897483348846,1084.694678536918,0.04866084346064815,4.789984226226807,0.34479373693466187
/home/andres/Documentos/proyecto4geeks/data/raw/youtube/explosion/-ZPpxY60Zm4_seg359.wav,False,5.0,1.0034830570220947,0.2508929669857025,691.0271745793825,0.030562789351851853,1.4117064476013184,2.071497678756714
/home/andres/Documentos/proyecto4geeks/data/raw/youtube/explosion/-ZPpxY60Zm4_seg352.wav,False,5.0,1.0306670665740967,0.3111404776573181,1303.6257920982662,0.045957212094907406,1.58762788772583,0.0480952188372612
/home/andres/Documentos/proyecto4geeks/data/raw/youtube/explosion/UKR46LXG8_I_seg38.wav,False,5.0,1.2061468362808228,0.31706470251083374,1173.2049366613342,0.043450249565972224,1.6024746894836426,1.986316204071045
/home/andres/Documentos/proyecto4geeks/data/raw/youtube/explosion/UKR46LXG8_I_seg277.wav,False,5.0,1.1720634698867798,0.32515063881874084,1195.108082195956,0.04511402271412037,1.40852689743042,0.40546509623527527
/home/andres/Documentos/proyecto4geeks/data/raw/youtube/explosion/-ZPpxY60Zm4_seg298.wav,False,5.0,1.0545519590377808,0.2109769880771637,753.294330604189,0.03306523075810185,1.6467742919921875,1.8863630294799805
/home/andres/Documentos/proyecto4geeks/data/raw/youtube/explosion/-DjvoQ3Cl5Y_seg18.wav,False,5.0,0.7584770917892456,0.14567917585372925,1304.2891534144383,0.0746188693576389,0.7285020351409912,0.9572167992591858
/home/andres/Documentos/proyecto4geeks/data/raw/youtube/explosion/LQOkL1jaRfU_seg90.wav,False,5.0,0.7830056548118591,0.15009793639183044,716.398256127796,0.03553602430555555,0.6605489253997803,1.0860316753387451
/home/andres/Documentos/proyecto4geeks/data/raw/youtube/explosion/Ezmqd42xLyA_seg102.wav,False,5.0,1.0890426635742188,0.39390265941619873,1155.582024554832,0.055600766782407406,0.038782358169555664,0.9222449064254761
/home/andres/Documentos/proyecto4geeks/data/raw/youtube/explosion/fufuluffQDY_seg75.wav,False,5.0,0.36970746517181396,0.05930867791175842,930.6447934137171,0.047801830150462965,2.5175633430480957,0.5987029671669006
/home/andres/Documentos/proyecto4geeks/data/raw/youtube/explosion/-ZPpxY60Zm4_seg231.wav,False,5.0,0.9520376920700073,0.1527266949415207,790.6808976631626,0.03453685619212963,1.496767520904541,1.7354570627212524
/home/andres/Documentos/proyecto4geeks/data/raw/youtube/explosion/Ezmqd42xLyA_seg129.wav,False,5.0,0.9636920690536499,0.07106576859951019,1313.6295791257417,0.06972701461226852,12.250378608703613,1.2131378650665283
/home/andres/Documentos/proyecto4geeks/data/raw/youtube/explosion/Ezmqd42xLyA_seg75.wav,True,5.0,0.871341347694397,0.09353716671466827,1667.3840349081104,0.08624267578125,25.83738136291504,0.5588706731796265
/home/andres/Documentos/proyecto4geeks/data/raw/youtube/explosion/fufuluffQDY_seg48.wav,False,5.0,1.0123461484909058,0.1904679536819458,1286.2705383627003,0.0995189525462963,2.5191516876220703,1.345471739768982
/home/andres/Documentos/proyecto4geeks/data/raw/youtube/explosion/UKR46LXG8_I_seg102.wav,False,5.0,1.2061465978622437,0.32555481791496277,1205.3204180547532,0.045032642505787035,1.394176959991455,0.24573437869548798
/home/andres/Documentos/proyecto4geeks/data/raw/youtube/explosion/-ZPpxY60Zm4_seg155.wav,False,5.0,0.7358551025390625,0.11290284991264343,733.6049898608154,0.028297706886574073,1.6536989212036133,1.317138671875
/home/andres/Documentos/proyecto4geeks/data/raw/youtube/explosion/ME2vz8Vocjg_seg22.wav,False,5.0,0.5901620388031006,0.11700641363859177,1225.9325097729104,0.06932011357060185,1.290346622467041,0.8690055012702942
/home/andres/Documentos/proyecto4geeks/data/raw/youtube/explosion/eV8itVdo9f8_seg6.wav,False,5.0,0.8043899536132812,0.1678309589624405,824.4877536868053,0.019922327112268517,2.3435516357421875,0.30798864364624023
/home/andres/Documentos/proyecto4geeks/data/raw/youtube/explosion/m5zzhKNxeGM_seg7.wav,False,5.0,0.4524146318435669,0.08700216561555862,510.31014104542095,0.02464916087962963,1.494877815246582,1.2769200801849365
/home/andres/Documentos/proyecto4geeks/data/raw/youtube/explosion/Ezmqd42xLyA_seg19.wav,False,5.0,0.7222141027450562,0.11184287816286087,990.8522422851407,0.040097837094907406,5.8437299728393555,0.6647121906280518
/home/andres/Documentos/proyecto4geeks/data/raw/youtube/explosion/UKR46LXG8_I_seg29.wav,False,5.0,1.1720634698867798,0.32195958495140076,1181.4621667829551,0.044657389322916664,1.5180587768554688,0.9943894743919373
/home/andres/Documentos/proyecto4geeks/data/raw/youtube/explosion/-ZPpxY60Zm4_seg158.wav,False,5.0,0.7681233882904053,0.1190795749425888,729.664954751336,0.0279541015625,1.6024255752563477,1.6412068605422974
/home/andres/Documentos/proyecto4geeks/data/raw/youtube/explosion/50IyVsS9EGQ_seg36.wav,True,5.0,0.9981679320335388,0.08894328027963638,1884.5584833114287,0.13985188802083334,9.09688949584961,2.3908145427703857
/home/andres/Documentos/proyecto4geeks/data/raw/youtube/explosion/fufuluffQDY_seg45.wav,False,5.0,0.6222255229949951,0.11240307241678238,1662.7541332468425,0.08233190465856481,-0.08826875686645508,0.8565306067466736
/home/andres/Documentos/proyecto4geeks/data/raw/youtube/explosion/-ZPpxY60Zm4_seg11.wav,False,5.0,0.9383791089057922,0.1451597660779953,783.9540337845746,0.033942328559027776,1.772390365600586,1.5875170230865479
/home/andres/Documentos/proyecto4geeks/data/raw/youtube/explosion/UKR46LXG8_I_seg246.wav,False,5.0,1.1720635890960693,0.31964111328125,1177.0536735710364,0.04476137514467592,1.572291374206543,1.323278784751892
/home/andres/Documentos/proyecto4geeks/data/raw/youtube/explosion/Ezmqd42xLyA_seg94.wav,False,5.0,0.8814640045166016,0.24402081966400146,1200.8551685039615,0.05140968605324074,0.015497922897338867,0.3599642813205719
/home/andres/Documentos/proyecto4geeks/data/raw/youtube/explosion/fufuluffQDY_seg60.wav,False,5.0,0.9622193574905396,0.16767384111881256,798.9798497328296,0.031100802951388888,0.29900026321411133,0.8800557255744934
/home/andres/Documentos/proyecto4geeks/data/raw/youtube/explosion/LQOkL1jaRfU_seg52.wav,False,5.0,1.0029289722442627,0.25989407300949097,1560.0517695897472,0.07441089771412036,1.1826419830322266,0.6875337958335876
/home/andres/Documentos/proyecto4geeks/data/raw/youtube/explosion/Ezmqd42xLyA_seg7.wav,True,5.0,0.8385022282600403,0.093927763402462,1781.9767659937143,0.11353217230902778,10.19666576385498,4.41037130355835
/home/andres/Documentos/proyecto4geeks/data/raw/youtube/explosion/fufuluffQDY_seg27.wav,False,5.0,0.9975000023841858,0.19959723949432373,1330.1346170595245,0.04372829861111111,3.0742878913879395,1.1967171430587769
/home/andres/Documentos/proyecto4geeks/data/raw/youtube/explosion/UKR46LXG8_I_seg342.wav,False,5.0,1.1720635890960693,0.30974167585372925,1159.5180350353285,0.04314281322337963,1.6749730110168457,2.7231035232543945
/home/andres/Documentos/proyecto4geeks/data/raw/youtube/explosion/UKR46LXG8_I_seg207.wav,False,5.0,1.1720634698867798,0.3173297643661499,1166.0935388796065,0.04367630570023148,1.6031208038330078,1.7416372299194336
/home/andres/Documentos/proyecto4geeks/data/raw/youtube/explosion/-ZPpxY60Zm4_seg124.wav,False,5.0,0.9731781482696533,0.16005012392997742,797.2879080468892,0.03428819444444445,1.4566235542297363,1.7971056699752808
/home/andres/Documentos/proyecto4geeks/data/raw/youtube/explosion/5hF-SPK4jJA_seg28.wav,False,5.0,0.5595587491989136,0.08599692583084106,758.808504394319,0.040445963541666664,1.658639907836914,1.3949286937713623
/home/andres/Documentos/proyecto4geeks/data/raw/youtube/explosion/4us3VQU-7AE_seg173.wav,False,5.0,0.4197048544883728,0.07475344091653824,983.1853965597852,0.03952365451388889,0.6511340141296387,0.9815322160720825
/home/andres/Documentos/proyecto4geeks/data/raw/youtube/explosion/UKR46LXG8_I_seg94.wav,False,5.0,1.206146240234375,0.3260755240917206,1198.2025504842165,0.04507785373263889,1.3675212860107422,0.1354573667049408
/home/andres/Documentos/proyecto4geeks/data/raw/youtube/explosion/DsfGzApINSQ_seg0.wav,True,5.0,1.1713573932647705,0.24304305016994476,1866.478894822147,0.10014512803819445,3.855678081512451,6.132623672485352
/home/andres/Documentos/proyecto4geeks/data/raw/youtube/explosion/4afB4wcRH-A_seg21.wav,False,5.0,0.946854293346405,0.1583976149559021,1162.4045158483418,0.054545084635416664,3.845224380493164,0.0434395857155323
/home/andres/Documentos/proyecto4geeks/data/raw/youtube/explosion/UKR46LXG8_I_seg27.wav,False,5.0,1.1720635890960693,0.32228195667266846,1191.8046733133824,0.04522252965856482,1.5070958137512207,0.7626301646232605
/home/andres/Documentos/proyecto4geeks/data/raw/youtube/explosion/LQOkL1jaRfU_seg130.wav,False,5.0,0.844622790813446,0.20352138578891754,1160.196693411569,0.03757279007523148,0.8030791282653809,1.5645201206207275
/home/andres/Documentos/proyecto4geeks/data/raw/youtube/explosion/UKR46LXG8_I_seg45.wav,False,5.0,1.077005386352539,0.3201858103275299,1145.9482119717777,0.04135470920138889,1.4661240577697754,3.0661559104919434
/home/andres/Documentos/proyecto4geeks/data/raw/youtube/explosion/fufuluffQDY_seg185.wav,False,5.0,0.9989105463027954,0.26199889183044434,988.575626539159,0.055731879340277776,-0.06979894638061523,1.0973987579345703
/home/andres/Documentos/proyecto4geeks/data/raw/youtube/explosion/-ZPpxY60Zm4_seg144.wav,False,5.0,1.013903021812439,0.2751307487487793,1221.5373197784788,0.04396113642939815,3.137605667114258,0.18194390833377838
/home/andres/Documentos/proyecto4geeks/data/raw/youtube/explosion/Ezmqd42xLyA_seg43.wav,False,5.0,0.8167973756790161,0.18840812146663666,508.58416417364026,0.03068938078703704,2.118697166442871,1.0864278078079224
/home/andres/Documentos/proyecto4geeks/data/raw/youtube/explosion/-DjvoQ3Cl5Y_seg55.wav,False,5.0,0.8757245540618896,0.1534307897090912,1356.1536065589714,0.07717104311342593,2.0336599349975586,1.1653131246566772
/home/andres/Documentos/proyecto4geeks/data/raw/youtube/explosion/ME2vz8Vocjg_seg18.wav,False,5.0,0.5314317345619202,0.09647256880998611,1203.0016108482425,0.06973831741898148,2.8759689331054688,0.3875446617603302
/home/andres/Documentos/proyecto4geeks/data/raw/youtube/explosion/5hF-SPK4jJA_seg43.wav,False,5.0,0.45023807883262634,0.08928776532411575,688.2638974071871,0.03416160300925926,0.8173329830169678,0.8317478895187378
/home/andres/Documentos/proyecto4geeks/data/raw/youtube/explosion/UKR46LXG8_I_seg63.wav,False,5.0,1.2061465978622437,0.3253587782382965,1194.91778404792,0.04470486111111111,1.4041261672973633,0.3736535310745239
/home/andres/Documentos/proyecto4geeks/data/raw/youtube/explosion/fufuluffQDY_seg203.wav,False,5.0,0.9669634699821472,0.25896525382995605,1028.1167300443683,0.055928548177083336,0.003047466278076172,1.0161536931991577
/home/andres/Documentos/proyecto4geeks/data/raw/youtube/explosion/50IyVsS9EGQ_seg43.wav,False,5.0,0.7917985916137695,0.1109074130654335,1693.0780645999432,0.11076524522569445,4.884416580200195,0.7166498899459839
/home/andres/Documentos/proyecto4geeks/data/raw/youtube/explosion/LQOkL1jaRfU_seg147.wav,False,5.0,0.46549445390701294,0.11546226590871811,1024.5006033894367,0.07946099175347222,0.023435115814208984,1.0041835308074951
/home/andres/Documentos/proyecto4geeks/data/raw/youtube/explosion/UKR46LXG8_I_seg338.wav,False,5.0,1.1720635890960693,0.315769761800766,1166.508545188076,0.04316993995949074,1.6005687713623047,2.1410715579986572
/home/andres/Documentos/proyecto4geeks/data/raw/youtube/explosion/UKR46LXG8_I_seg111.wav,False,5.0,1.1720635890960693,0.32380691170692444,1180.1274667445816,0.04475459346064815,1.4650459289550781,0.6776509881019592
/home/andres/Documentos/proyecto4geeks/data/raw/youtube/explosion/UKR46LXG8_I_seg6.wav,False,5.0,1.2061465978622437,0.32609042525291443,1198.3062511057979,0.045416937934027776,1.366722583770752,1.3308241367340088
/home/andres/Documentos/proyecto4geeks/data/raw/youtube/explosion/fufuluffQDY_seg138.wav,False,5.0,0.8865370154380798,0.22282539308071136,698.4544598968758,0.02251293041087963,-0.0028884410858154297,0.8843591809272766
/home/andres/Documentos/proyecto4geeks/data/raw/youtube/explosion/fufuluffQDY_seg211.wav,False,5.0,0.9834234714508057,0.26351916790008545,1010.0580798487574,0.055887858072916664,-0.0376286506652832,1.0723676681518555
/home/andres/Documentos/proyecto4geeks/data/raw/youtube/explosion/-ZPpxY60Zm4_seg70.wav,False,5.0,0.4525492489337921,0.07503539323806763,662.6872829546194,0.019587764033564815,2.4529452323913574,1.7672560214996338
/home/andres/Documentos/proyecto4geeks/data/raw/youtube/explosion/fufuluffQDY_seg150.wav,False,5.0,0.8126349449157715,0.2483118325471878,729.2754557035302,0.024190266927083332,-0.41705846786499023,1.102731704711914
/home/andres/Documentos/proyecto4geeks/data/raw/youtube/explosion/-DjvoQ3Cl5Y_seg12.wav,False,5.0,0.5980068445205688,0.13688483834266663,1430.8103950362045,0.06764729817708333,0.3881385326385498,0.5574744939804077
/home/andres/Documentos/proyecto4geeks/data/raw/youtube/explosion/ME2vz8Vocjg_seg61.wav,False,5.0,0.5995166301727295,0.18371252715587616,1952.1662610138733,0.08768491391782407,-0.32437849044799805,1.0024755001068115
/home/andres/Documentos/proyecto4geeks/data/raw/youtube/explosion/UKR46LXG8_I_seg33.wav,False,5.0,1.1720635890960693,0.3200297951698303,1180.7639530201982,0.044566966869212965,1.5668468475341797,1.3778045177459717
/home/andres/Documentos/proyecto4geeks/data/raw/youtube/explosion/UKR46LXG8_I_seg267.wav,False,5.0,1.1720634698867798,0.32576221227645874,1205.2725420450963,0.04563169126157408,1.3781476020812988,0.053035084158182144
/home/andres/Documentos/proyecto4geeks/data/raw/youtube/explosion/5hF-SPK4jJA_seg5.wav,False,5.0,0.36035236716270447,0.05451928451657295,2271.560928295728,0.13919632523148148,2.590482711791992,1.4478235244750977
/home/andres/Documentos/proyecto4geeks/data/raw/youtube/explosion/fufuluffQDY_seg216.wav,False,5.0,0.9874520301818848,0.24873457849025726,994.02199235562,0.052117241753472224,-0.060141801834106445,1.0291987657546997
/home/andres/Documentos/proyecto4geeks/data/raw/youtube/explosion/UKR46LXG8_I_seg352.wav,False,5.0,1.206146478652954,0.3260100185871124,1203.617697597833,0.04516149450231482,1.371027946472168,0.04564528167247772
/home/andres/Documentos/proyecto4geeks/data/raw/youtube/explosion/UKR46LXG8_I_seg287.wav,False,5.0,1.1720634698867798,0.3209226429462433,1179.0365088904418,0.04449462890625,1.54404878616333,1.190168857574463
/home/andres/Documentos/proyecto4geeks/data/raw/youtube/explosion/m5zzhKNxeGM_seg42.wav,False,5.0,1.0106329917907715,0.19403798878192902,1975.9890255030548,0.10188802083333333,2.7446179389953613,0.4196030795574188
/home/andres/Documentos/proyecto4geeks/data/raw/youtube/explosion/fufuluffQDY_seg192.wav,False,5.0,0.9864612817764282,0.2625074088573456,1066.7784208155792,0.051036693431712965,-0.055344581604003906,0.9852256178855896
/home/andres/Documentos/proyecto4geeks/data/raw/youtube/explosion/L7nZhnSIfps_seg2.wav,False,5.0,0.9520659446716309,0.2732907235622406,753.8207662645234,0.01764142071759259,-0.11086678504943848,0.2885105013847351
/home/andres/Documentos/proyecto4geeks/data/raw/youtube/explosion/UKR46LXG8_I_seg58.wav,False,5.0,1.1720634698867798,0.3255165219306946,1202.8597567659833,0.04559326171875,1.3910155296325684,0.1950988918542862
/home/andres/Documentos/proyecto4geeks/data/raw/youtube/explosion/-DjvoQ3Cl5Y_seg24.wav,False,5.0,0.6478739976882935,0.1238955408334732,958.8674677602162,0.04064489293981482,0.48818397521972656,1.1547375917434692
/home/andres/Documentos/proyecto4geeks/data/raw/youtube/explosion/Ezmqd42xLyA_seg27.wav,False,5.0,0.8937782049179077,0.1708531528711319,818.0812247776817,0.04514341001157408,1.5778846740722656,0.33271321654319763
/home/andres/Documentos/proyecto4geeks/data/raw/youtube/explosion/UKR46LXG8_I_seg224.wav,False,5.0,1.1720634698867798,0.3257710337638855,1204.0430247095521,0.045572916666666664,1.377699851989746,0.045671675354242325
/home/andres/Documentos/proyecto4geeks/data/raw/youtube/explosion/UKR46LXG8_I_seg11.wav,False,5.0,1.1720634698867798,0.32576221227645874,1205.2726889692408,0.04563169126157408,1.3781476020812988,0.05303509533405304
/home/andres/Documentos/proyecto4geeks/data/raw/youtube/explosion/fufuluffQDY_seg115.wav,False,5.0,0.6298080682754517,0.10726913809776306,635.4556843015706,0.021635832609953703,3.022927761077881,2.0552875995635986
/home/andres/Documentos/proyecto4geeks/data/raw/youtube/explosion/-ZPpxY60Zm4_seg288.wav,False,5.0,1.0189993381500244,0.3438671827316284,1224.471163437507,0.04688856336805555,0.6278107166290283,0.0097899055108428
/home/andres/Documentos/proyecto4geeks/data/raw/youtube/explosion/fufuluffQDY_seg11.wav,False,5.0,0.991856575012207,0.22404909133911133,2277.3149543043382,0.14061143663194445,0.411074161529541,0.9419879913330078
/home/andres/Documentos/proyecto4geeks/data/raw/youtube/explosion/-ZPpxY60Zm4_seg206.wav,False,5.0,1.0054478645324707,0.2847776412963867,764.6226385378978,0.03556993272569445,0.8335332870483398,1.4122419357299805
/home/andres/Documentos/proyecto4geeks/data/raw/youtube/explosion/fufuluffQDY_seg148.wav,False,5.0,0.8921549916267395,0.2327454388141632,719.3070832217229,0.023891872829861112,-0.08954477310180664,1.094681978225708
/home/andres/Documentos/proyecto4geeks/data/raw/youtube/explosion/LQOkL1jaRfU_seg86.wav,False,5.0,0.8330360651016235,0.3554062843322754,506.29679895174274,0.023380985966435185,-0.7243533134460449,1.0316402912139893
/home/andres/Documentos/proyecto4geeks/data/raw/youtube/explosion/fufuluffQDY_seg34.wav,False,5.0,1.001367449760437,0.22159184515476227,676.453271009001,0.02563250506365741,2.513009548187256,1.0819636583328247
/home/andres/Documentos/proyecto4geeks/data/raw/youtube/explosion/fufuluffQDY_seg198.wav,False,5.0,0.9794195294380188,0.2513647675514221,1095.5237272115135,0.05695936414930555,0.015774250030517578,1.035774827003479
/home/andres/Documentos/proyecto4geeks/data/raw/youtube/explosion/-ZPpxY60Zm4_seg204.wav,False,5.0,0.7642616033554077,0.10354934632778168,754.0003040162164,0.027870460792824073,2.055018424987793,1.549674391746521
/home/andres/Documentos/proyecto4geeks/data/raw/youtube/explosion/Ezmqd42xLyA_seg151.wav,False,5.0,0.9998884201049805,0.342751681804657,2202.7494673063106,0.13871256510416666,-0.4696767330169678,0.9528777599334717
/home/andres/Documentos/proyecto4geeks/data/raw/youtube/explosion/5hF-SPK4jJA_seg30.wav,False,5.0,0.7774785757064819,0.1307622790336609,1088.5307102413824,0.05268916377314815,3.9034504890441895,1.9396908283233643
/home/andres/Documentos/proyecto4geeks/data/raw/youtube/explosion/4afB4wcRH-A_seg26.wav,False,5.0,0.4368281662464142,0.07372544705867767,1787.7421988254032,0.10683186848958333,0.49898242950439453,0.5763911008834839
/home/andres/Documentos/proyecto4geeks/data/raw/youtube/explosion/-DjvoQ3Cl5Y_seg22.wav,False,5.0,0.936737060546875,0.1647721379995346,1079.838396439693,0.04453079788773148,2.0418763160705566,1.6313906908035278
/home/andres/Documentos/proyecto4geeks/data/raw/youtube/explosion/ME2vz8Vocjg_seg25.wav,True,5.0,0.794465184211731,0.08424156904220581,1439.9148456640303,0.07569263599537036,12.873080253601074,3.017346143722534
/home/andres/Documentos/proyecto4geeks/data/raw/youtube/explosion/50IyVsS9EGQ_seg91.wav,True,5.0,0.9716644287109375,0.14344380795955658,1890.1956780621201,0.062061451099537035,6.054003715515137,1.1016645431518555
/home/andres/Documentos/proyecto4geeks/data/raw/youtube/explosion/LQOkL1jaRfU_seg142.wav,False,5.0,0.916049599647522,0.25085845589637756,813.5711800246305,0.03361228660300926,0.8468332290649414,1.8387207984924316
/home/andres/Documentos/proyecto4geeks/data/raw/youtube/explosion/4us3VQU-7AE_seg48.wav,False,5.0,0.6402891278266907,0.07049798965454102,1295.293920034949,0.054083930121527776,9.425335884094238,0.5813006162643433
/home/andres/Documentos/proyecto4geeks/data/raw/youtube/explosion/Ezmqd42xLyA_seg114.wav,False,5.0,0.7450774908065796,0.15135473012924194,1145.811515435522,0.055268464265046294,0.45015716552734375,1.1407798528671265
/home/andres/Documentos/proyecto4geeks/data/raw/youtube/explosion/-ZPpxY60Zm4_seg201.wav,False,5.0,0.7490095496177673,0.10138502717018127,757.2457142084984,0.027479383680555556,2.1297965049743652,1.8292676210403442
/home/andres/Documentos/proyecto4geeks/data/raw/youtube/explosion/Ezmqd42xLyA_seg16.wav,False,5.0,0.7107866406440735,0.08868906646966934,1251.2282815965389,0.057018138744212965,9.431715965270996,0.7685836553573608
/home/andres/Documentos/proyecto4geeks/data/raw/youtube/explosion/ME2vz8Vocjg_seg49.wav,False,5.0,0.6282727718353271,0.18410906195640564,2053.190749569651,0.0937816478587963,-0.39755678176879883,1.1358150243759155
/home/andres/Documentos/proyecto4geeks/data/raw/youtube/explosion/LQOkL1jaRfU_seg6.wav,False,5.0,0.41683652997016907,0.11465459316968918,845.6596138970534,0.04521800853587963,1.7882037162780762,0.6221797466278076
/home/andres/Documentos/proyecto4geeks/data/raw/youtube/explosion/-ZPpxY60Zm4_seg227.wav,False,5.0,1.0347075462341309,0.35293400287628174,1206.8784730012771,0.049427173755787035,0.29361891746520996,0.3869372308254242
/home/andres/Documentos/proyecto4geeks/data/raw/youtube/explosion/-ZPpxY60Zm4_seg190.wav,False,5.0,1.0081400871276855,0.3069617450237274,1258.4772523928661,0.04718921802662037,1.7326364517211914,0.05401675030589104
/home/andres/Documentos/proyecto4geeks/data/raw/youtube/explosion/UKR46LXG8_I_seg145.wav,False,5.0,1.2061465978622437,0.3255944550037384,1198.946268797211,0.04497838903356482,1.3919806480407715,0.25935328006744385
/home/andres/Documentos/proyecto4geeks/data/raw/youtube/explosion/50IyVsS9EGQ_seg94.wav,False,5.0,0.9619629383087158,0.14039868116378784,1630.8713483111424,0.055910463686342594,4.872869968414307,1.1310429573059082
/home/andres/Documentos/proyecto4geeks/data/raw/youtube/explosion/5hF-SPK4jJA_seg9.wav,False,5.0,0.31391382217407227,0.0669945627450943,1518.2949333783413,0.0888400607638889,0.3953254222869873,1.1219292879104614
/home/andres/Documentos/proyecto4geeks/data/raw/youtube/explosion/50IyVsS9EGQ_seg72.wav,True,5.0,0.6703677177429199,0.09265007823705673,1971.5131346896185,0.13133409288194445,8.22179889678955,1.4046688079833984
/home/andres/Documentos/proyecto4geeks/data/raw/youtube/explosion/UKR46LXG8_I_seg210.wav,False,5.0,1.2061468362808228,0.31518760323524475,1167.5819536344022,0.043149594907407406,1.598127841949463,2.138498067855835
/home/andres/Documentos/proyecto4geeks/data/raw/youtube/explosion/m5zzhKNxeGM_seg20.wav,False,5.0,0.7267523407936096,0.1303182989358902,1580.9935965032594,0.0846241138599537,4.70102596282959,0.8213002681732178
/home/andres/Documentos/proyecto4geeks/data/raw/youtube/explosion/Ezmqd42xLyA_seg93.wav,False,5.0,0.8690033555030823,0.15200288593769073,1398.906277282271,0.0715625904224537,3.4973487854003906,1.1998835802078247
/home/andres/Documentos/proyecto4geeks/data/raw/youtube/explosion/UKR46LXG8_I_seg89.wav,False,5.0,1.1720634698867798,0.32584646344184875,1174.7722659135975,0.044535319010416664,1.3736367225646973,2.4959821701049805
/home/andres/Documentos/proyecto4geeks/data/raw/youtube/explosion/m5zzhKNxeGM_seg34.wav,False,5.0,0.7869676947593689,0.2114351987838745,998.5773902307031,0.05166286892361111,0.9152615070343018,1.5467917919158936
/home/andres/Documentos/proyecto4geeks/data/raw/youtube/explosion/-ZPpxY60Zm4_seg130.wav,False,5.0,0.9282065629959106,0.17794114351272583,791.3034836101972,0.035298665364583336,1.004401683807373,1.6233702898025513
/home/andres/Documentos/proyecto4geeks/data/raw/youtube/explosion/Ezmqd42xLyA_seg145.wav,False,5.0,1.0398238897323608,0.28057682514190674,2246.4842819533906,0.1271904839409722,-0.04469776153564453,1.0944246053695679
/home/andres/Documentos/proyecto4geeks/data/raw/youtube/explosion/UKR46LXG8_I_seg105.wav,False,5.0,1.1720634698867798,0.3250238597393036,1188.7430823368745,0.045247395833333336,1.4154996871948242,0.3473721742630005
/home/andres/Documentos/proyecto4geeks/data/raw/youtube/explosion/ME2vz8Vocjg_seg59.wav,False,5.0,0.6243647933006287,0.16595995426177979,2186.9246369126413,0.11656584563078703,-0.1365044116973877,0.96052086353302
/home/andres/Documentos/proyecto4geeks/data/raw/youtube/explosion/-ZPpxY60Zm4_seg100.wav,False,5.0,0.7439718246459961,0.11121208220720291,739.7292897635384,0.028080692997685185,1.6016788482666016,1.2473881244659424
/home/andres/Documentos/proyecto4geeks/data/raw/youtube/explosion/5hF-SPK4jJA_seg74.wav,False,5.0,0.6957723498344421,0.07004664838314056,1198.4260517084151,0.059407552083333336,8.657317161560059,0.9216153621673584
/home/andres/Documentos/proyecto4geeks/data/raw/youtube/explosion/Ezmqd42xLyA_seg26.wav,False,5.0,0.8237197399139404,0.32270339131355286,1365.350793269645,0.06270118995949074,-0.3047914505004883,1.256314992904663
/home/andres/Documentos/proyecto4geeks/data/raw/youtube/explosion/DsfGzApINSQ_seg1.wav,True,5.0,0.46549150347709656,0.07445035129785538,1294.6087318979178,0.05506953486689815,5.543543815612793,4.602710247039795
/home/andres/Documentos/proyecto4geeks/data/raw/youtube/explosion/-ZPpxY60Zm4_seg85.wav,False,5.0,0.45240578055381775,0.0844014510512352,692.5778688813365,0.023161711516203703,1.0409998893737793,1.0223537683486938
/home/andres/Documentos/proyecto4geeks/data/raw/youtube/explosion/-DjvoQ3Cl5Y_seg59.wav,False,5.0,0.8807339668273926,0.18665292859077454,1357.1062854931768,0.07085051359953703,1.4536075592041016,1.4715534448623657
/home/andres/Documentos/proyecto4geeks/data/raw/youtube/explosion/UKR46LXG8_I_seg53.wav,False,5.0,1.2061463594436646,0.3260174095630646,1204.166709654388,0.04519992404513889,1.3706789016723633,0.03793936222791672
/home/andres/Documentos/proyecto4geeks/data/raw/youtube/explosion/50IyVsS9EGQ_seg24.wav,False,5.0,0.5466910600662231,0.09769052267074585,882.2717630047954,0.06578911675347222,0.7468826770782471,1.3984227180480957
/home/andres/Documentos/proyecto4geeks/data/raw/youtube/explosion/Ezmqd42xLyA_seg100.wav,False,5.0,1.005529522895813,0.33602896332740784,1053.343690228083,0.06714771412037036,0.15355777740478516,1.1007359027862549
/home/andres/Documentos/proyecto4geeks/data/raw/youtube/explosion/UKR46LXG8_I_seg237.wav,False,5.0,1.2061468362808228,0.32449400424957275,1189.462290453085,0.044483326099537035,1.4416661262512207,0.5157958269119263
/home/andres/Documentos/proyecto4geeks/data/raw/youtube/explosion/-ZPpxY60Zm4_seg29.wav,False,5.0,1.0021814107894897,0.2306838035583496,724.0201133097958,0.031830964265046294,1.7141385078430176,2.1900410652160645
/home/andres/Documentos/proyecto4geeks/data/raw/youtube/explosion/Ezmqd42xLyA_seg64.wav,False,5.0,0.9092395305633545,0.12449748069047928,1140.6646698768716,0.05061622902199074,0.7652237415313721,1.4318901300430298
/home/andres/Documentos/proyecto4geeks/data/raw/youtube/explosion/Ezmqd42xLyA_seg85.wav,False,5.0,0.4056379795074463,0.0818500891327858,466.833113298153,0.015385380497685185,1.3486452102661133,0.8232537508010864
/home/andres/Documentos/proyecto4geeks/data/raw/youtube/explosion/UKR46LXG8_I_seg175.wav,False,5.0,1.1720635890960693,0.3258463442325592,1174.1176471435092,0.04486988208912037,1.3736252784729004,2.188774347305298
/home/andres/Documentos/proyecto4geeks/data/raw/youtube/explosion/UKR46LXG8_I_seg15.wav,False,5.0,1.1720635890960693,0.3255559802055359,1203.6934854695992,0.04557517722800926,1.3888354301452637,0.18153800070285797
/home/andres/Documentos/proyecto4geeks/data/raw/youtube/explosion/Ezmqd42xLyA_seg115.wav,False,5.0,0.6934642195701599,0.1552918255329132,738.4088202344401,0.02678313078703704,0.2938961982727051,1.115288257598877
/home/andres/Documentos/proyecto4geeks/data/raw/youtube/explosion/UKR46LXG8_I_seg193.wav,False,5.0,1.1720635890960693,0.3246309161186218,1191.5674465126804,0.045290346498842594,1.4333815574645996,0.45271193981170654
/home/andres/Documentos/proyecto4geeks/data/raw/youtube/explosion/LQOkL1jaRfU_seg88.wav,False,5.0,0.7923383712768555,0.17871342599391937,1202.1147881072777,0.0737033420138889,4.213791847229004,3.3611717224121094
/home/andres/Documentos/proyecto4geeks/data/raw/youtube/explosion/4us3VQU-7AE_seg38.wav,False,5.0,0.9699594378471375,0.08153621107339859,1090.462524137777,0.061028374565972224,8.496352195739746,0.8956954479217529
/home/andres/Documentos/proyecto4geeks/data/raw/youtube/explosion/fufuluffQDY_seg225.wav,False,5.0,0.3355819582939148,0.08013638854026794,615.3049628863141,0.03206606264467592,0.44850921630859375,0.4760311543941498
/home/andres/Documentos/proyecto4geeks/data/raw/youtube/explosion/-ZPpxY60Zm4_seg261.wav,False,5.0,1.0058521032333374,0.2916170358657837,777.9596374952738,0.03587284794560185,0.8467841148376465,1.5055882930755615
/home/andres/Documentos/proyecto4geeks/data/raw/youtube/explosion/fufuluffQDY_seg210.wav,False,5.0,0.9874469041824341,0.2551761865615845,1006.8347914347595,0.05610487196180555,0.06612110137939453,0.952603816986084
/home/andres/Documentos/proyecto4geeks/data/raw/youtube/explosion/Ezmqd42xLyA_seg13.wav,False,5.0,1.0662683248519897,0.1712796986103058,821.4918749674794,0.038393373842592594,9.601875305175781,0.8086045384407043
/home/andres/Documentos/proyecto4geeks/data/raw/youtube/explosion/m5zzhKNxeGM_seg38.wav,True,5.0,0.9051275849342346,0.11650592088699341,1365.7307631639894,0.07391131365740741,10.041526794433594,2.6532914638519287
/home/andres/Documentos/proyecto4geeks/data/raw/youtube/explosion/UKR46LXG8_I_seg132.wav,False,5.0,1.1720634698867798,0.32584643363952637,1172.203043774545,0.044657389322916664,1.3736324310302734,2.329453229904175
/home/andres/Documentos/proyecto4geeks/data/raw/youtube/explosion/4us3VQU-7AE_seg15.wav,True,5.0,0.3630703091621399,0.07803568989038467,2424.178307560769,0.2094794379340278,2.1688928604125977,2.0846455097198486
/home/andres/Documentos/proyecto4geeks/data/raw/youtube/explosion/f0gB369NYFA_seg23.wav,False,5.0,0.5933936834335327,0.08555655181407928,967.5961995586279,0.05409523292824074,6.818632125854492,0.1955675184726715
/home/andres/Documentos/proyecto4geeks/data/raw/youtube/explosion/UKR46LXG8_I_seg4.wav,False,5.0,0.9705172181129456,0.2576690912246704,1171.3940035434216,0.04302074291087963,1.243359088897705,1.3445336818695068
/home/andres/Documentos/proyecto4geeks/data/raw/youtube/explosion/-ZPpxY60Zm4_seg24.wav,False,5.0,0.4196096658706665,0.07911952584981918,636.2815996131841,0.019739221643518517,1.5777363777160645,0.852289617061615
/home/andres/Documentos/proyecto4geeks/data/raw/youtube/explosion/m5zzhKNxeGM_seg97.wav,False,5.0,0.6331574320793152,0.3450237512588501,539.8169262761628,0.013380262586805556,-1.1391150951385498,1.0191314220428467
/home/andres/Documentos/proyecto4geeks/data/raw/youtube/explosion/fufuluffQDY_seg212.wav,False,5.0,0.9573900699615479,0.2526015043258667,1064.7515069630763,0.05978958695023148,0.041053056716918945,0.9449944496154785
/home/andres/Documentos/proyecto4geeks/data/raw/youtube/explosion/-ZPpxY60Zm4_seg209.wav,False,5.0,1.0066437721252441,0.30405452847480774,812.9094885670058,0.03765869140625,0.7471444606781006,1.6237916946411133
/home/andres/Documentos/proyecto4geeks/data/raw/youtube/explosion/-ZPpxY60Zm4_seg277.wav,False,5.0,0.7630938291549683,0.13250310719013214,754.8583172436206,0.031209309895833332,1.4317855834960938,1.3053869009017944
/home/andres/Documentos/proyecto4geeks/data/raw/youtube/explosion/Ezmqd42xLyA_seg149.wav,False,5.0,1.0046700239181519,0.3181975185871124,2212.0805357337567,0.13132505063657407,-0.3878195285797119,1.0397127866744995
/home/andres/Documentos/proyecto4geeks/data/raw/youtube/explosion/5hF-SPK4jJA_seg23.wav,False,5.0,0.5560652613639832,0.07515493780374527,1083.6185776832683,0.05299207899305555,9.7341890335083,0.6336545348167419
/home/andres/Documentos/proyecto4geeks/data/raw/youtube/explosion/-DjvoQ3Cl5Y_seg9.wav,False,5.0,0.9112927317619324,0.18134687840938568,1204.0460670418886,0.054990415219907406,1.0552635192871094,0.8076425790786743
/home/andres/Documentos/proyecto4geeks/data/raw/youtube/explosion/-ZPpxY60Zm4_seg236.wav,False,5.0,1.0347464084625244,0.3391405940055847,1247.0319472355065,0.04875126591435185,0.7634298801422119,0.016059042885899544
/home/andres/Documentos/proyecto4geeks/data/raw/youtube/explosion/fufuluffQDY_seg157.wav,False,5.0,0.899677038192749,0.24996168911457062,716.4928555838977,0.021947790075231483,-0.4241831302642822,0.951816976070404
/home/andres/Documentos/proyecto4geeks/data/raw/youtube/explosion/50IyVsS9EGQ_seg28.wav,False,5.0,0.42280447483062744,0.09321101754903793,1718.6185852968904,0.07948585792824074,4.4378886222839355,0.8002445697784424
/home/andres/Documentos/proyecto4geeks/data/raw/youtube/explosion/50IyVsS9EGQ_seg99.wav,True,5.0,0.9230952262878418,0.13549987971782684,1825.146592868443,0.059690122251157406,5.021183013916016,1.330979347229004
/home/andres/Documentos/proyecto4geeks/data/raw/youtube/explosion/UKR46LXG8_I_seg82.wav,False,5.0,1.1720635890960693,0.315769761800766,1166.507431044983,0.04316993995949074,1.6005678176879883,2.141071319580078
/home/andres/Documentos/proyecto4geeks/data/raw/youtube/explosion/UKR46LXG8_I_seg219.wav,False,5.0,1.2061465978622437,0.32608750462532043,1197.3167376961903,0.045430501302083336,1.3667950630187988,1.485374093055725
/home/andres/Documentos/proyecto4geeks/data/raw/youtube/explosion/DsfGzApINSQ_seg8.wav,False,5.0,0.8436985015869141,0.18242646753787994,1086.553939539031,0.04075566044560185,3.7121381759643555,0.6354500651359558
/home/andres/Documentos/proyecto4geeks/data/raw/youtube/explosion/50IyVsS9EGQ_seg96.wav,True,5.0,0.9406590461730957,0.1297590583562851,1712.348822357762,0.057549370659722224,5.600472450256348,0.9423991441726685
/home/andres/Documentos/proyecto4geeks/data/raw/youtube/explosion/-ZPpxY60Zm4_seg287.wav,False,5.0,0.45929038524627686,0.07496797293424606,646.0251077219523,0.017998589409722224,2.3882484436035156,1.7492074966430664
/home/andres/Documentos/proyecto4geeks/data/raw/youtube/explosion/UKR46LXG8_I_seg88.wav,False,5.0,1.206146478652954,0.3250727951526642,1159.0650631335357,0.04255958839699074,1.3822765350341797,3.056910514831543
/home/andres/Documentos/proyecto4geeks/data/raw/youtube/explosion/4afB4wcRH-A_seg20.wav,False,5.0,0.7101954221725464,0.1293926239013672,2137.5126262832237,0.0837085865162037,4.0804853439331055,0.5733562707901001
/home/andres/Documentos/proyecto4geeks/data/raw/youtube/explosion/eV8itVdo9f8_seg21.wav,True,5.0,0.8601839542388916,0.14370205998420715,1036.800063688049,0.02348949291087963,5.416338920593262,4.359773635864258
/home/andres/Documentos/proyecto4geeks/data/raw/youtube/explosion/Ezmqd42xLyA_seg133.wav,False,5.0,0.9676409959793091,0.30359891057014465,2040.2854140910047,0.08549442997685185,-0.411405086517334,0.7899408936500549
/home/andres/Documentos/proyecto4geeks/data/raw/youtube/explosion/4us3VQU-7AE_seg4.wav,False,5.0,1.0005608797073364,0.24488671123981476,1236.8673184864956,0.05869095413773148,0.7174787521362305,0.6762948036193848
/home/andres/Documentos/proyecto4geeks/data/raw/youtube/explosion/m5zzhKNxeGM_seg35.wav,False,5.0,0.7697327733039856,0.14379079639911652,1212.8430226829203,0.0685696072048611,2.670222282409668,1.3490508794784546
/home/andres/Documentos/proyecto4geeks/data/raw/youtube/explosion/Ezmqd42xLyA_seg109.wav,False,5.0,1.0055359601974487,0.19273076951503754,815.832490296973,0.046558521412037035,1.6796469688415527,0.23190481960773468
/home/andres/Documentos/proyecto4geeks/data/raw/youtube/explosion/-ZPpxY60Zm4_seg122.wav,False,5.0,0.4281509816646576,0.07383094727993011,657.7333577662447,0.01887116608796296,2.593667984008789,2.104823112487793
/home/andres/Documentos/proyecto4geeks/data/raw/youtube/explosion/fufuluffQDY_seg131.wav,False,5.0,0.961818516254425,0.20348094403743744,635.6430673212584,0.020055700231481483,0.8961148262023926,1.0512422323226929
/home/andres/Documentos/proyecto4geeks/data/raw/youtube/explosion/Ezmqd42xLyA_seg62.wav,False,5.0,0.6713209748268127,0.11043830215930939,1044.139920126851,0.054371021412037035,3.488405227661133,0.6369264125823975
/home/andres/Documentos/proyecto4geeks/data/raw/youtube/explosion/UKR46LXG8_I_seg276.wav,False,5.0,1.2061465978622437,0.32533392310142517,1195.2749295679814,0.04477719907407408,1.405135154724121,0.3658832013607025
/home/andres/Documentos/proyecto4geeks/data/raw/youtube/explosion/5hF-SPK4jJA_seg39.wav,False,5.0,1.0350550413131714,0.3350992500782013,1992.442813849023,0.14546486183449073,0.763507604598999,0.49608269333839417
/home/andres/Documentos/proyecto4geeks/data/raw/youtube/explosion/LQOkL1jaRfU_seg126.wav,False,5.0,0.89361572265625,0.34889596700668335,1804.6489934856354,0.0739407009548611,-1.161547303199768,0.9965434074401855
/home/andres/Documentos/proyecto4geeks/data/raw/youtube/explosion/fufuluffQDY_seg152.wav,False,5.0,0.8937100172042847,0.21296918392181396,691.8148579962092,0.02467628761574074,0.2650187015533447,1.0262397527694702
/home/andres/Documentos/proyecto4geeks/data/raw/youtube/explosion/-ZPpxY60Zm4_seg17.wav,False,5.0,0.9345372915267944,0.16299167275428772,801.6984106346004,0.035420735677083336,1.2303905487060547,1.7181317806243896
/home/andres/Documentos/proyecto4geeks/data/raw/youtube/explosion/-ZPpxY60Zm4_seg176.wav,False,5.0,0.9489150047302246,0.15045204758644104,790.4432921501138,0.033906159577546294,1.6154379844665527,1.7273837327957153
/home/andres/Documentos/proyecto4geeks/data/raw/youtube/explosion/UKR46LXG8_I_seg103.wav,False,5.0,1.1720635890960693,0.32536718249320984,1195.1307539583586,0.045477973090277776,1.398320198059082,0.2867686450481415
/home/andres/Documentos/proyecto4geeks/data/raw/youtube/explosion/LQOkL1jaRfU_seg1.wav,False,5.0,0.8280071020126343,0.12462851405143738,1492.6045477163016,0.0809597439236111,8.142156600952148,0.48267608880996704
/home/andres/Documentos/proyecto4geeks/data/raw/youtube/explosion/-ZPpxY60Zm4_seg90.wav,False,5.0,1.0038914680480957,0.25405314564704895,686.8745055885798,0.031261302806712965,1.3054018020629883,1.6633490324020386
/home/andres/Documentos/proyecto4geeks/data/raw/youtube/explosion/UKR46LXG8_I_seg107.wav,False,5.0,1.1720635890960693,0.32477086782455444,1191.3002147569175,0.045229311342592594,1.4256291389465332,0.42838597297668457
/home/andres/Documentos/proyecto4geeks/data/raw/youtube/explosion/UKR46LXG8_I_seg35.wav,False,5.0,1.1720635890960693,0.31821364164352417,1173.9086295063623,0.044413248697916664,1.5856342315673828,1.5559285879135132
/home/andres/Documentos/proyecto4geeks/data/raw/youtube/explosion/LQOkL1jaRfU_seg124.wav,False,5.0,0.9350343942642212,0.3333466649055481,1267.3372127336709,0.06479899088541667,-0.6568863391876221,0.921319305896759
/home/andres/Documentos/proyecto4geeks/data/raw/youtube/explosion/Ezmqd42xLyA_seg25.wav,False,5.0,0.8154060244560242,0.37005099654197693,934.5884435301429,0.03516077112268518,-0.9954063892364502,1.5023237466812134
/home/andres/Documentos/proyecto4geeks/data/raw/youtube/explosion/UKR46LXG8_I_seg78.wav,False,5.0,1.1720635890960693,0.3181324005126953,1174.7799921698615,0.04422336154513889,1.5906763076782227,1.592721700668335
/home/andres/Documentos/proyecto4geeks/data/raw/youtube/explosion/4us3VQU-7AE_seg155.wav,False,5.0,0.457520067691803,0.08277169615030289,779.8037430237468,0.04049343532986111,0.44011592864990234,1.1492621898651123
/home/andres/Documentos/proyecto4geeks/data/raw/youtube/explosion/5hF-SPK4jJA_seg56.wav,False,5.0,1.0028464794158936,0.2699976861476898,455.3445215775304,0.030899612991898147,0.13623690605163574,1.0492079257965088
/home/andres/Documentos/proyecto4geeks/data/raw/youtube/explosion/4us3VQU-7AE_seg71.wav,False,5.0,0.9130495190620422,0.17205604910850525,1055.0974451160694,0.057746039496527776,0.21936702728271484,0.8086755275726318
/home/andres/Documentos/proyecto4geeks/data/raw/youtube/explosion/LQOkL1jaRfU_seg150.wav,False,5.0,0.6876052618026733,0.10661601275205612,1204.1982380778352,0.05745894820601852,2.1249008178710938,0.8902016878128052
/home/andres/Documentos/proyecto4geeks/data/raw/youtube/explosion/UKR46LXG8_I_seg158.wav,False,5.0,1.1720634698867798,0.32213902473449707,1179.0731409221607,0.04467321325231482,1.5236363410949707,1.0955077409744263
/home/andres/Documentos/proyecto4geeks/data/raw/youtube/explosion/f0gB369NYFA_seg25.wav,False,5.0,0.7849434614181519,0.18405534327030182,423.4726259316781,0.02044451678240741,1.9905314445495605,2.0871517658233643
/home/andres/Documentos/proyecto4geeks/data/raw/youtube/explosion/m5zzhKNxeGM_seg90.wav,False,5.0,0.5289992094039917,0.10378681123256683,1140.758905156028,0.06416151258680555,3.9734959602355957,0.7165221571922302
/home/andres/Documentos/proyecto4geeks/data/raw/youtube/explosion/UKR46LXG8_I_seg257.wav,False,5.0,1.2061465978622437,0.3069327473640442,1161.0753113169849,0.043576841001157406,1.677746295928955,2.8011491298675537
/home/andres/Documentos/proyecto4geeks/data/raw/youtube/explosion/m5zzhKNxeGM_seg110.wav,False,5.0,0.8607722520828247,0.16678498685359955,1588.0317255453776,0.09400318287037036,0.5000336170196533,1.1130291223526
/home/andres/Documentos/proyecto4geeks/data/raw/youtube/explosion/UKR46LXG8_I_seg147.wav,False,5.0,1.2061467170715332,0.32534584403038025,1191.0294754857464,0.04463026258680555,1.4044604301452637,0.3325338065624237
/home/andres/Documentos/proyecto4geeks/data/raw/youtube/explosion/4us3VQU-7AE_seg168.wav,False,5.0,0.5869277119636536,0.11803173273801804,1910.0383266860304,0.11449969256365741,1.2965168952941895,0.7887754440307617
/home/andres/Documentos/proyecto4geeks/data/raw/youtube/explosion/-ZPpxY60Zm4_seg82.wav,False,5.0,0.40721455216407776,0.08165042102336884,657.852691618604,0.021131727430555556,1.2359347343444824,0.8959434032440186
/home/andres/Documentos/proyecto4geeks/data/raw/youtube/explosion/-DjvoQ3Cl5Y_seg67.wav,False,5.0,0.5402635931968689,0.13809296488761902,1828.2849671907466,0.12041332103587964,1.2150964736938477,1.1909319162368774
/home/andres/Documentos/proyecto4geeks/data/raw/youtube/explosion/LQOkL1jaRfU_seg149.wav,False,5.0,0.7574275732040405,0.17398357391357422,977.0129771310361,0.03237349898726852,1.523015022277832,1.9536778926849365
/home/andres/Documentos/proyecto4geeks/data/raw/youtube/explosion/50IyVsS9EGQ_seg35.wav,False,5.0,1.0031216144561768,0.20299044251441956,1668.6351532733888,0.11837203414351852,0.5328099727630615,1.3149611949920654
/home/andres/Documentos/proyecto4geeks/data/raw/youtube/explosion/UKR46LXG8_I_seg272.wav,False,5.0,1.2061465978622437,0.3256092369556427,1201.3597383787699,0.04511854383680555,1.3917431831359863,0.2171510010957718
/home/andres/Documentos/proyecto4geeks/data/raw/youtube/explosion/4us3VQU-7AE_seg145.wav,False,5.0,0.7029194831848145,0.20948584377765656,1014.6010069816276,0.05165156611689815,-0.08452129364013672,0.998834490776062
/home/andres/Documentos/proyecto4geeks/data/raw/youtube/explosion/fufuluffQDY_seg0.wav,False,5.0,1.1166386604309082,0.27749741077423096,1764.3533173121793,0.09919117115162036,4.165856838226318,0.4202122390270233
/home/andres/Documentos/proyecto4geeks/data/raw/youtube/explosion/m5zzhKNxeGM_seg59.wav,False,5.0,0.666332483291626,0.088516965508461,866.8043356164009,0.03884096498842592,5.1810760498046875,1.0965784788131714
/home/andres/Documentos/proyecto4geeks/data/raw/youtube/explosion/UKR46LXG8_I_seg7.wav,False,5.0,1.1720633506774902,0.32584524154663086,1214.966588068538,0.045783148871527776,1.3737444877624512,0.9068606495857239
/home/andres/Documentos/proyecto4geeks/data/raw/youtube/explosion/50IyVsS9EGQ_seg23.wav,False,5.0,0.6216250061988831,0.14260581135749817,693.2170121182005,0.04700611255787037,1.3142094612121582,1.5572024583816528
/home/andres/Documentos/proyecto4geeks/data/raw/youtube/explosion/UKR46LXG8_I_seg329.wav,False,5.0,1.2061469554901123,0.32113540172576904,1175.9687485365152,0.04450367115162037,1.5392355918884277,1.117774248123169
/home/andres/Documentos/proyecto4geeks/data/raw/youtube/explosion/UKR46LXG8_I_seg151.wav,False,5.0,1.2061469554901123,0.3245384097099304,1191.6010449266018,0.04459409360532408,1.4400124549865723,0.4855535924434662
/home/andres/Documentos/proyecto4geeks/data/raw/youtube/explosion/-ZPpxY60Zm4_seg262.wav,False,5.0,0.7662233114242554,0.10951532423496246,739.6408408369973,0.027879503038194444,1.7258095741271973,1.2602720260620117
/home/andres/Documentos/proyecto4geeks/data/raw/youtube/explosion/-ZPpxY60Zm4_seg327.wav,True,5.0,1.0048243999481201,0.09495679289102554,920.9769393034751,0.027746129918981483,32.42998123168945,2.0933268070220947
/home/andres/Documentos/proyecto4geeks/data/raw/youtube/explosion/4us3VQU-7AE_seg175.wav,False,5.0,0.561820924282074,0.10654029250144958,1636.1894036155268,0.09962519892939815,3.30063533782959,0.29721686244010925
/home/andres/Documentos/proyecto4geeks/data/raw/youtube/explosion/ME2vz8Vocjg_seg63.wav,False,5.0,0.6593196392059326,0.1939464807510376,2098.4189952383776,0.11711968315972222,-0.392688512802124,0.9463471174240112
/home/andres/Documentos/proyecto4geeks/data/raw/youtube/explosion/-ZPpxY60Zm4_seg9.wav,False,5.0,0.34517723321914673,0.06543488800525665,710.0989475188649,0.02103904441550926,3.146419048309326,2.60790753364563
/home/andres/Documentos/proyecto4geeks/data/raw/youtube/explosion/5hF-SPK4jJA_seg44.wav,False,5.0,0.6653069257736206,0.1818261742591858,1038.4282044815973,0.05105025679976852,0.41344571113586426,0.7768966555595398
/home/andres/Documentos/proyecto4geeks/data/raw/youtube/explosion/jBglXdVngEk_seg0.wav,True,5.0,0.7169741988182068,0.11035626381635666,2085.8939388844515,0.11896430121527778,7.82029914855957,0.8371145129203796
/home/andres/Documentos/proyecto4geeks/data/raw/youtube/explosion/-ZPpxY60Zm4_seg19.wav,False,5.0,1.01676607131958,0.33873721957206726,1227.9097905428644,0.04697220413773148,0.7767195701599121,0.01590684801340103
/home/andres/Documentos/proyecto4geeks/data/raw/youtube/explosion/-ZPpxY60Zm4_seg296.wav,False,5.0,0.4239272475242615,0.07947838306427002,634.0065523357448,0.019492820457175927,1.4908995628356934,0.86865234375
/home/andres/Documentos/proyecto4geeks/data/raw/youtube/explosion/UKR46LXG8_I_seg358.wav,False,5.0,1.2061465978622437,0.32555481791496277,1205.3203920623807,0.045032642505787035,1.3941779136657715,0.24573436379432678
/home/andres/Documentos/proyecto4geeks/data/raw/youtube/explosion/LQOkL1jaRfU_seg122.wav,False,5.0,0.9210810661315918,0.10842204838991165,889.5305115216912,0.030354817708333332,13.551935195922852,0.2537921965122223
/home/andres/Documentos/proyecto4geeks/data/raw/youtube/explosion/4us3VQU-7AE_seg56.wav,False,5.0,1.0050257444381714,0.22390277683734894,2014.1300294789453,0.09993489583333333,0.39373230934143066,1.1715610027313232
/home/andres/Documentos/proyecto4geeks/data/raw/youtube/explosion/Ezmqd42xLyA_seg84.wav,False,5.0,0.915918231010437,0.11356071382761002,551.353553526184,0.01692482277199074,6.515018463134766,0.29727768898010254
/home/andres/Documentos/proyecto4geeks/data/raw/youtube/explosion/fufuluffQDY_seg143.wav,False,5.0,0.7708098888397217,0.24246688187122345,737.5863473394222,0.02056658709490741,-0.5640401840209961,0.8196858763694763
/home/andres/Documentos/proyecto4geeks/data/raw/youtube/explosion/4us3VQU-7AE_seg141.wav,False,5.0,0.6243558526039124,0.16444282233715057,879.8327174345419,0.03575303819444445,0.23531341552734375,1.3145779371261597
/home/andres/Documentos/proyecto4geeks/data/raw/youtube/explosion/UKR46LXG8_I_seg116.wav,False,5.0,1.2061465978622437,0.3212566673755646,1178.211020453849,0.044431333188657406,1.5373039245605469,1.1498304605484009
/home/andres/Documentos/proyecto4geeks/data/raw/youtube/explosion/Ezmqd42xLyA_seg91.wav,False,5.0,0.8643193244934082,0.19413623213768005,911.2855062506957,0.03880027488425926,0.7100565433502197,1.5211690664291382
/home/andres/Documentos/proyecto4geeks/data/raw/youtube/explosion/UKR46LXG8_I_seg252.wav,False,5.0,1.1720635890960693,0.3177322447299957,1162.277683725424,0.04297327112268518,1.5730924606323242,2.087233066558838
/home/andres/Documentos/proyecto4geeks/data/raw/youtube/explosion/-ZPpxY60Zm4_seg243.wav,False,5.0,1.0035990476608276,0.20471957325935364,758.789022864607,0.034116391782407406,1.6018328666687012,1.82520592212677
/home/andres/Documentos/proyecto4geeks/data/raw/youtube/explosion/4afB4wcRH-A_seg27.wav,False,5.0,0.515269935131073,0.11209457367658615,2375.200285444265,0.16158266420717593,0.10090517997741699,0.9315229058265686
/home/andres/Documentos/proyecto4geeks/data/raw/youtube/explosion/fufuluffQDY_seg191.wav,False,5.0,0.9861577749252319,0.2643894851207733,1005.0097472975709,0.05263717086226852,-0.03945612907409668,1.0315005779266357
/home/andres/Documentos/proyecto4geeks/data/raw/youtube/explosion/UKR46LXG8_I_seg278.wav,False,5.0,1.2061465978622437,0.3247913420200348,1192.2941114420175,0.04472294560185185,1.4297866821289062,0.43421635031700134
/home/andres/Documentos/proyecto4geeks/data/raw/youtube/explosion/DsfGzApINSQ_seg5.wav,False,5.0,1.1407995223999023,0.32656681537628174,1346.04352108179,0.05287226924189815,1.6043992042541504,1.0539742708206177
/home/andres/Documentos/proyecto4geeks/data/raw/youtube/explosion/UKR46LXG8_I_seg285.wav,False,5.0,1.1720634698867798,0.32195958495140076,1181.4618327673068,0.044657389322916664,1.5180587768554688,0.994389533996582
/home/andres/Documentos/proyecto4geeks/data/raw/youtube/explosion/5hF-SPK4jJA_seg77.wav,False,5.0,0.718285322189331,0.15716320276260376,1462.1708859202438,0.09031846788194445,2.718101978302002,1.2607215642929077
/home/andres/Documentos/proyecto4geeks/data/raw/youtube/explosion/50IyVsS9EGQ_seg65.wav,True,5.0,0.5289821624755859,0.06744054704904556,1599.002232608943,0.09448920355902778,5.484565734863281,0.4494767487049103
/home/andres/Documentos/proyecto4geeks/data/raw/youtube/explosion/Ezmqd42xLyA_seg121.wav,False,5.0,0.44812265038490295,0.08197426050901413,672.8727211643571,0.026640715422453703,0.7128794193267822,1.2815102338790894
/home/andres/Documentos/proyecto4geeks/data/raw/youtube/explosion/-ZPpxY60Zm4_seg355.wav,False,5.0,1.0113221406936646,0.29227519035339355,1258.312930692709,0.04715530960648148,2.1973214149475098,0.07568614184856415
/home/andres/Documentos/proyecto4geeks/data/raw/youtube/explosion/UKR46LXG8_I_seg85.wav,False,5.0,1.2061468362808228,0.314330130815506,1164.1868130156358,0.04335756655092592,1.6346855163574219,2.555835008621216
/home/andres/Documentos/proyecto4geeks/data/raw/youtube/explosion/-DjvoQ3Cl5Y_seg41.wav,False,5.0,0.3851483464241028,0.08837714791297913,1364.308339422547,0.07087990089699074,-0.016965389251708984,0.8997688293457031
/home/andres/Documentos/proyecto4geeks/data/raw/youtube/explosion/fufuluffQDY_seg128.wav,False,5.0,0.9473559260368347,0.2411888837814331,719.7300547431581,0.02251066984953704,-0.018778085708618164,1.0245698690414429
/home/andres/Documentos/proyecto4geeks/data/raw/youtube/explosion/UKR46LXG8_I_seg200.wav,False,5.0,1.2061469554901123,0.32225289940834045,1178.8676230147098,0.044261791087962965,1.5039782524108887,1.0326004028320312
/home/andres/Documentos/proyecto4geeks/data/raw/youtube/explosion/m5zzhKNxeGM_seg107.wav,False,5.0,0.8458454608917236,0.13819870352745056,1052.446565606865,0.04148808232060185,2.312897205352783,1.3393319845199585
/home/andres/Documentos/proyecto4geeks/data/raw/youtube/explosion/UKR46LXG8_I_seg288.wav,False,5.0,1.2061465978622437,0.32099834084510803,1178.3097676458835,0.04434769241898148,1.5412626266479492,1.2603226900100708
/home/andres/Documentos/proyecto4geeks/data/raw/youtube/explosion/UKR46LXG8_I_seg5.wav,False,5.0,1.140387773513794,0.32523971796035767,1189.883945960416,0.04610640914351852,1.364297866821289,1.8313851356506348
/home/andres/Documentos/proyecto4geeks/data/raw/youtube/explosion/fufuluffQDY_seg186.wav,False,5.0,0.9466657638549805,0.17585524916648865,912.9587438249357,0.049773039641203706,1.7877612113952637,1.0075061321258545
/home/andres/Documentos/proyecto4geeks/data/raw/youtube/explosion/50IyVsS9EGQ_seg3.wav,False,5.0,0.2926560342311859,0.08196097612380981,898.9246001622213,0.057474772135416664,0.06917095184326172,1.180656909942627
/home/andres/Documentos/proyecto4geeks/data/raw/youtube/explosion/UKR46LXG8_I_seg206.wav,False,5.0,1.2061465978622437,0.3177221417427063,1176.5366715462021,0.04430248119212963,1.5909676551818848,1.590283989906311
/home/andres/Documentos/proyecto4geeks/data/raw/youtube/explosion/ME2vz8Vocjg_seg20.wav,False,5.0,0.6167867183685303,0.1809917539358139,872.2122109795226,0.02753815827546296,-0.08712410926818848,1.5291513204574585
/home/andres/Documentos/proyecto4geeks/data/raw/youtube/explosion/LQOkL1jaRfU_seg13.wav,False,5.0,1.0039966106414795,0.30261892080307007,768.2433505250269,0.036431206597222224,1.3730707168579102,0.03461138904094696
/home/andres/Documentos/proyecto4geeks/data/raw/youtube/explosion/-ZPpxY60Zm4_seg89.wav,False,5.0,1.0159013271331787,0.2757059335708618,1255.0051255244384,0.04427535445601852,3.0594077110290527,0.15664903819561005
/home/andres/Documentos/proyecto4geeks/data/raw/youtube/explosion/fufuluffQDY_seg114.wav,True,5.0,1.005373477935791,0.1044914498925209,946.1404170608964,0.04096815321180555,13.79885482788086,1.6882129907608032
/home/andres/Documentos/proyecto4geeks/data/raw/youtube/explosion/Ezmqd42xLyA_seg107.wav,False,5.0,1.0021159648895264,0.3174332082271576,923.4476338577113,0.04896375868055555,0.2538444995880127,1.0348278284072876
/home/andres/Documentos/proyecto4geeks/data/raw/youtube/explosion/4us3VQU-7AE_seg150.wav,False,5.0,0.6218818426132202,0.1451646387577057,668.3540662361714,0.020467122395833332,1.2579870223999023,1.7109293937683105
/home/andres/Documentos/proyecto4geeks/data/raw/youtube/explosion/fufuluffQDY_seg154.wav,False,5.0,0.8136558532714844,0.2417955845594406,753.2871023520412,0.023704246238425927,-0.3294844627380371,0.8345779776573181
/home/andres/Documentos/proyecto4geeks/data/raw/youtube/explosion/UKR46LXG8_I_seg19.wav,False,5.0,1.1720635890960693,0.32514169812202454,1190.963565243394,0.04519088179976852,1.4096179008483887,0.3333125412464142
/home/andres/Documentos/proyecto4geeks/data/raw/youtube/explosion/ME2vz8Vocjg_seg19.wav,False,5.0,0.6530033946037292,0.1781209260225296,1215.766965194748,0.05723515263310185,1.2972369194030762,0.3805616796016693
/home/andres/Documentos/proyecto4geeks/data/raw/youtube/explosion/-ZPpxY60Zm4_seg340.wav,False,5.0,1.0150418281555176,0.34554818272590637,1218.1310319126383,0.04840087890625,0.536348819732666,0.004793867003172636
/home/andres/Documentos/proyecto4geeks/data/raw/youtube/explosion/m5zzhKNxeGM_seg12.wav,False,5.0,0.7590303421020508,0.13876447081565857,1073.752975934508,0.05704978660300926,1.297203540802002,0.9285916090011597
/home/andres/Documentos/proyecto4geeks/data/raw/youtube/explosion/fufuluffQDY_seg37.wav,True,5.0,1.0198746919631958,0.1063423901796341,1742.9507454488328,0.09087456597222222,11.57776165008545,1.0873076915740967
/home/andres/Documentos/proyecto4geeks/data/raw/youtube/explosion/-ZPpxY60Zm4_seg172.wav,False,5.0,1.0259140729904175,0.35517528653144836,1214.240165765708,0.04921920211226852,0.27526140213012695,0.5221433639526367
/home/andres/Documentos/proyecto4geeks/data/raw/youtube/explosion/-ZPpxY60Zm4_seg323.wav,False,5.0,0.7313811779022217,0.12537004053592682,727.6226561134032,0.028238932291666668,1.712803840637207,1.769511103630066
/home/andres/Documentos/proyecto4geeks/data/raw/youtube/explosion/Ezmqd42xLyA_seg3.wav,False,5.0,0.6068177819252014,0.060828305780887604,905.4526993783046,0.04689986617476852,5.985907554626465,0.9162548184394836
/home/andres/Documentos/proyecto4geeks/data/raw/youtube/explosion/Ezmqd42xLyA_seg50.wav,False,5.0,0.5849523544311523,0.24537044763565063,423.86711698066534,0.01059525101273148,-0.32659482955932617,1.245726466178894
/home/andres/Documentos/proyecto4geeks/data/raw/youtube/explosion/LQOkL1jaRfU_seg68.wav,False,5.0,0.8046576976776123,0.1888023018836975,1322.2838718207345,0.06499339916087964,0.22822928428649902,0.6575721502304077
/home/andres/Documentos/proyecto4geeks/data/raw/youtube/explosion/UKR46LXG8_I_seg294.wav,False,5.0,1.2061465978622437,0.31706470251083374,1173.2048644969545,0.043450249565972224,1.6024746894836426,1.986316204071045
/home/andres/Documentos/proyecto4geeks/data/raw/youtube/explosion/Ezmqd42xLyA_seg106.wav,False,5.0,1.0128884315490723,0.3550157845020294,970.204778879462,0.04850034360532408,0.002523183822631836,1.0407055616378784
/home/andres/Documentos/proyecto4geeks/data/raw/youtube/explosion/-ZPpxY60Zm4_seg35.wav,False,5.0,1.0018192529678345,0.2524014711380005,684.9418972953634,0.03134946469907408,1.351189136505127,1.7731525897979736
/home/andres/Documentos/proyecto4geeks/data/raw/youtube/explosion/-ZPpxY60Zm4_seg192.wav,False,5.0,0.4530816972255707,0.08288908004760742,675.2917585719763,0.022483543113425927,1.1222295761108398,0.962079644203186
/home/andres/Documentos/proyecto4geeks/data/raw/youtube/explosion/-ZPpxY60Zm4_seg258.wav,False,5.0,1.0037022829055786,0.27281543612480164,730.1520001892904,0.033833821614583336,0.8737716674804688,1.2610079050064087
/home/andres/Documentos/proyecto4geeks/data/raw/youtube/explosion/50IyVsS9EGQ_seg48.wav,False,5.0,1.0035039186477661,0.37129321694374084,246.01804041547825,0.011431658709490741,1.144108772277832,0.38693350553512573
/home/andres/Documentos/proyecto4geeks/data/raw/youtube/explosion/50IyVsS9EGQ_seg30.wav,False,5.0,0.6508695483207703,0.10249833017587662,1261.7649721839034,0.091796875,1.532991886138916,0.9026533961296082
/home/andres/Documentos/proyecto4geeks/data/raw/youtube/explosion/UKR46LXG8_I_seg99.wav,False,5.0,1.1720635890960693,0.3256271183490753,1200.7978683332226,0.04566333912037037,1.3851165771484375,0.1348581314086914
/home/andres/Documentos/proyecto4geeks/data/raw/youtube/explosion/UKR46LXG8_I_seg230.wav,False,5.0,1.1720635890960693,0.32532116770744324,1205.6422177112418,0.04559778284143518,1.4006590843200684,0.2465597540140152
/home/andres/Documentos/proyecto4geeks/data/raw/youtube/explosion/UKR46LXG8_I_seg354.wav,False,5.0,1.2061465978622437,0.325857013463974,1206.4505772807652,0.04512306495949074,1.3790006637573242,0.0929388552904129
/home/andres/Documentos/proyecto4geeks/data/raw/youtube/explosion/UKR46LXG8_I_seg139.wav,False,5.0,1.2061467170715332,0.32600098848342896,1205.070980537769,0.04520896629050926,1.3714804649353027,0.05283140018582344
/home/andres/Documentos/proyecto4geeks/data/raw/youtube/explosion/Ezmqd42xLyA_seg30.wav,False,5.0,1.00314199924469,0.10624716430902481,910.7426336900548,0.04426857277199074,2.238638401031494,1.437271237373352
/home/andres/Documentos/proyecto4geeks/data/raw/youtube/explosion/4us3VQU-7AE_seg25.wav,False,5.0,0.8451548218727112,0.10128622502088547,494.53431133159745,0.034116391782407406,7.256878852844238,0.9873276352882385
/home/andres/Documentos/proyecto4geeks/data/raw/youtube/explosion/Ezmqd42xLyA_seg99.wav,False,5.0,1.0376908779144287,0.3751833438873291,1434.9661911183405,0.07863362630208333,-0.14654254913330078,0.9282698631286621
/home/andres/Documentos/proyecto4geeks/data/raw/youtube/explosion/4us3VQU-7AE_seg24.wav,False,5.0,0.8730418682098389,0.09429547190666199,334.2961938861535,0.024556477864583332,4.654837608337402,1.4488834142684937
/home/andres/Documentos/proyecto4geeks/data/raw/youtube/explosion/-ZPpxY60Zm4_seg97.wav,False,5.0,0.7438907027244568,0.1057543084025383,750.9183206063559,0.028263798466435185,1.8855500221252441,1.44560968875885
/home/andres/Documentos/proyecto4geeks/data/raw/youtube/explosion/-ZPpxY60Zm4_seg218.wav,False,5.0,1.0133668184280396,0.34347936511039734,994.5837910954425,0.04515245225694445,0.30264949798583984,1.3770469427108765
/home/andres/Documentos/proyecto4geeks/data/raw/youtube/explosion/5hF-SPK4jJA_seg29.wav,False,5.0,0.7139301300048828,0.11713238805532455,1168.9952328907175,0.06614402488425926,6.177766799926758,0.9429379105567932
/home/andres/Documentos/proyecto4geeks/data/raw/youtube/explosion/fufuluffQDY_seg78.wav,False,5.0,0.4732919931411743,0.06346680968999863,926.3697133888095,0.048005280671296294,3.134117603302002,1.0591586828231812
/home/andres/Documentos/proyecto4geeks/data/raw/youtube/explosion/50IyVsS9EGQ_seg71.wav,False,5.0,0.4087623953819275,0.09065274149179459,2177.056016090372,0.15341977719907407,0.19622254371643066,1.1644818782806396
/home/andres/Documentos/proyecto4geeks/data/raw/youtube/explosion/UKR46LXG8_I_seg174.wav,False,5.0,1.2061468362808228,0.32609015703201294,1179.1302162114723,0.04430248119212963,1.3667120933532715,2.7096073627471924
/home/andres/Documentos/proyecto4geeks/data/raw/youtube/explosion/LQOkL1jaRfU_seg8.wav,False,5.0,0.4871458113193512,0.13400158286094666,1732.4189042365983,0.11404984085648148,0.5078411102294922,0.9446082711219788
/home/andres/Documentos/proyecto4geeks/data/raw/youtube/explosion/eV8itVdo9f8_seg12.wav,False,5.0,0.8316197991371155,0.1898815780878067,994.2601990095362,0.026875813802083332,1.1048316955566406,0.5868048071861267
/home/andres/Documentos/proyecto4geeks/data/raw/youtube/explosion/5hF-SPK4jJA_seg69.wav,True,5.0,0.7444126605987549,0.10386296361684799,954.8263690595616,0.05757875795717592,7.56730842590332,2.2204530239105225
/home/andres/Documentos/proyecto4geeks/data/raw/youtube/explosion/fufuluffQDY_seg59.wav,False,5.0,1.0068249702453613,0.20523785054683685,1196.0580005371307,0.05696840639467592,3.8107457160949707,1.4879530668258667
/home/andres/Documentos/proyecto4geeks/data/raw/youtube/explosion/-ZPpxY60Zm4_seg332.wav,False,5.0,0.7636613249778748,0.13494889438152313,757.1519778013798,0.031243218315972224,1.3715076446533203,1.3472684621810913
/home/andres/Documentos/proyecto4geeks/data/raw/youtube/explosion/4us3VQU-7AE_seg2.wav,False,5.0,0.4806758165359497,0.10751323401927948,820.6200023004405,0.01794207537615741,0.04387092590332031,1.216748833656311
/home/andres/Documentos/proyecto4geeks/data/raw/youtube/explosion/m5zzhKNxeGM_seg25.wav,True,5.0,1.044661521911621,0.14591088891029358,1624.3344106079069,0.08402054398148148,12.913480758666992,0.23497387766838074
/home/andres/Documentos/proyecto4geeks/data/raw/youtube/explosion/m5zzhKNxeGM_seg94.wav,False,5.0,0.4712420105934143,0.05985841900110245,1480.9716113667641,0.07411928530092593,2.9025607109069824,0.8700917959213257
/home/andres/Documentos/proyecto4geeks/data/raw/youtube/explosion/fufuluffQDY_seg177.wav,False,5.0,0.8904249668121338,0.22097352147102356,678.1029794598443,0.020851417824074073,0.04239487648010254,1.0442912578582764
/home/andres/Documentos/proyecto4geeks/data/raw/youtube/explosion/50IyVsS9EGQ_seg101.wav,True,5.0,0.8655838370323181,0.1247420608997345,1760.243940516058,0.05256709346064815,5.021292686462402,0.9829757213592529
/home/andres/Documentos/proyecto4geeks/data/raw/youtube/explosion/UKR46LXG8_I_seg75.wav,False,5.0,1.2061465978622437,0.3205755352973938,1179.3595271395307,0.044514973958333336,1.5524163246154785,1.2888355255126953
/home/andres/Documentos/proyecto4geeks/data/raw/youtube/explosion/UKR46LXG8_I_seg320.wav,False,5.0,1.1720635890960693,0.32498183846473694,1191.868300691473,0.04514341001157408,1.415947437286377,0.4180416464805603
/home/andres/Documentos/proyecto4geeks/data/raw/youtube/explosion/-DjvoQ3Cl5Y_seg47.wav,False,5.0,0.4627627730369568,0.09933297336101532,1160.1240362924107,0.05576352719907408,0.6183528900146484,1.1660038232803345
/home/andres/Documentos/proyecto4geeks/data/raw/youtube/explosion/fufuluffQDY_seg35.wav,False,5.0,1.1433309316635132,0.23035912215709686,965.0035764066582,0.04091163917824074,3.025683879852295,0.5871416330337524
/home/andres/Documentos/proyecto4geeks/data/raw/youtube/explosion/Ezmqd42xLyA_seg142.wav,False,5.0,0.9403055906295776,0.2796400487422943,2095.5532135342096,0.1087985568576389,-0.22188615798950195,1.1266841888427734
/home/andres/Documentos/proyecto4geeks/data/raw/youtube/explosion/UKR46LXG8_I_seg314.wav,False,5.0,1.1720634698867798,0.32551655173301697,1202.85978304349,0.04559326171875,1.3910155296325684,0.1950989067554474
/home/andres/Documentos/proyecto4geeks/data/raw/youtube/explosion/50IyVsS9EGQ_seg63.wav,True,5.0,0.8699855804443359,0.07103680819272995,593.8745288983014,0.028489854600694444,26.632171630859375,1.8775601387023926
/home/andres/Documentos/proyecto4geeks/data/raw/youtube/explosion/fufuluffQDY_seg126.wav,False,5.0,0.8775205016136169,0.2468494325876236,759.1272562799124,0.02538158275462963,-0.31688475608825684,1.0371593236923218
/home/andres/Documentos/proyecto4geeks/data/raw/youtube/explosion/fufuluffQDY_seg160.wav,False,5.0,0.8161364197731018,0.2453562170267105,727.9595836948116,0.022732204861111112,-0.38486719131469727,1.0560729503631592
/home/andres/Documentos/proyecto4geeks/data/raw/youtube/explosion/4us3VQU-7AE_seg40.wav,False,5.0,0.9236690402030945,0.1603144109249115,1204.0053432215075,0.045900698061342594,1.6895217895507812,1.313946008682251
/home/andres/Documentos/proyecto4geeks/data/raw/youtube/explosion/UKR46LXG8_I_seg290.wav,False,5.0,1.2061465978622437,0.319722443819046,1170.0468093682528,0.043943051938657406,1.5535540580749512,1.4554997682571411
/home/andres/Documentos/proyecto4geeks/data/raw/youtube/explosion/-ZPpxY60Zm4_seg151.wav,False,5.0,1.0026626586914062,0.2784914970397949,754.0407327469776,0.03482394748263889,0.7804999351501465,1.3301368951797485
/home/andres/Documentos/proyecto4geeks/data/raw/youtube/explosion/fufuluffQDY_seg58.wav,False,5.0,0.9951702952384949,0.22801022231578827,1518.7412420613773,0.09211561414930555,1.6285810470581055,1.1280075311660767
/home/andres/Documentos/proyecto4geeks/data/raw/youtube/explosion/UKR46LXG8_I_seg106.wav,False,5.0,1.2061471939086914,0.32536381483078003,1188.078984294379,0.044646086516203706,1.4034738540649414,0.3899628520011902
/home/andres/Documentos/proyecto4geeks/data/raw/youtube/explosion/UKR46LXG8_I_seg268.wav,False,5.0,1.2061468362808228,0.3259609341621399,1211.1596389513395,0.04514341001157408,1.3735918998718262,0.0754886269569397
/home/andres/Documentos/proyecto4geeks/data/raw/youtube/explosion/UKR46LXG8_I_seg292.wav,False,5.0,1.2061467170715332,0.31722015142440796,1175.9035179952157,0.044008608217592594,1.6054201126098633,1.6799476146697998
/home/andres/Documentos/proyecto4geeks/data/raw/youtube/explosion/UKR46LXG8_I_seg80.wav,False,5.0,1.1720634698867798,0.31747275590896606,1171.9147376015878,0.04361300998263889,1.5878653526306152,1.8971245288848877
/home/andres/Documentos/proyecto4geeks/data/raw/youtube/explosion/LQOkL1jaRfU_seg19.wav,False,5.0,1.007485032081604,0.11405360698699951,1400.3575180818777,0.0660083912037037,5.599374771118164,0.41162753105163574
/home/andres/Documentos/proyecto4geeks/data/raw/youtube/explosion/50IyVsS9EGQ_seg10.wav,False,5.0,1.0540599822998047,0.25772300362586975,1977.1353507334677,0.14339418764467593,1.7794389724731445,0.19902737438678741
/home/andres/Documentos/proyecto4geeks/data/raw/youtube/explosion/-ZPpxY60Zm4_seg170.wav,False,5.0,0.7555814981460571,0.13594472408294678,761.0890004106988,0.03113923249421296,1.411203384399414,1.3548463582992554
/home/andres/Documentos/proyecto4geeks/data/raw/youtube/explosion/-ZPpxY60Zm4_seg191.wav,False,5.0,1.0012102127075195,0.22348742187023163,732.8719994012167,0.032194914641203706,1.6371569633483887,2.0800538063049316
/home/andres/Documentos/proyecto4geeks/data/raw/youtube/explosion/UKR46LXG8_I_seg217.wav,False,5.0,1.2061465978622437,0.3260901868343353,1173.3218115921352,0.04418493200231482,1.3667125701904297,2.4852569103240967
/home/andres/Documentos/proyecto4geeks/data/raw/youtube/explosion/fufuluffQDY_seg2.wav,False,5.0,1.1428166627883911,0.2541080713272095,1288.550198123608,0.07592321325231481,1.2072677612304688,0.9103966951370239
/home/andres/Documentos/proyecto4geeks/data/raw/youtube/explosion/UKR46LXG8_I_seg76.wav,False,5.0,1.1720634698867798,0.31952211260795593,1178.7532101876423,0.04429343894675926,1.569699764251709,1.4010727405548096
/home/andres/Documentos/proyecto4geeks/data/raw/youtube/explosion/UKR46LXG8_I_seg202.wav,False,5.0,1.2061469554901123,0.3217385709285736,1174.9037723473255,0.044121636284722224,1.5256609916687012,1.2289636135101318
/home/andres/Documentos/proyecto4geeks/data/raw/youtube/explosion/m5zzhKNxeGM_seg120.wav,False,5.0,1.0238020420074463,0.1326310634613037,2258.6152288248245,0.12804271556712962,3.836526870727539,0.9086312055587769
/home/andres/Documentos/proyecto4geeks/data/raw/youtube/explosion/4afB4wcRH-A_seg11.wav,True,5.0,1.0017940998077393,0.16804982721805573,176.05612918477763,0.006761338975694444,17.81191062927246,8.658601760864258
/home/andres/Documentos/proyecto4geeks/data/raw/youtube/explosion/-DjvoQ3Cl5Y_seg28.wav,False,5.0,0.900693416595459,0.21981404721736908,1349.8583751887156,0.0635647243923611,0.7074136734008789,0.35701513290405273
/home/andres/Documentos/proyecto4geeks/data/raw/youtube/explosion/Ezmqd42xLyA_seg147.wav,False,5.0,0.9861254692077637,0.2974354326725006,2016.8795047172275,0.09447564019097222,-0.3276541233062744,1.0029147863388062
/home/andres/Documentos/proyecto4geeks/data/raw/youtube/explosion/UKR46LXG8_I_seg201.wav,False,5.0,1.1720635890960693,0.32117927074432373,1174.8324308096455,0.04478172019675926,1.5410985946655273,1.1206694841384888
/home/andres/Documentos/proyecto4geeks/data/raw/youtube/explosion/UKR46LXG8_I_seg341.wav,False,5.0,1.2061463594436646,0.314330130815506,1164.1949733949175,0.04335756655092592,1.6346840858459473,2.555835008621216
/home/andres/Documentos/proyecto4geeks/data/raw/youtube/explosion/UKR46LXG8_I_seg67.wav,False,5.0,1.2061468362808228,0.32367849349975586,1184.5360505646406,0.04456018518518518,1.4721570014953613,0.5568436980247498
/home/andres/Documentos/proyecto4geeks/data/raw/youtube/explosion/-DjvoQ3Cl5Y_seg62.wav,False,5.0,0.6873084306716919,0.12047168612480164,1150.143932021886,0.05602575231481482,3.509493350982666,0.899595320224762
/home/andres/Documentos/proyecto4geeks/data/raw/youtube/explosion/m5zzhKNxeGM_seg106.wav,False,5.0,0.8291436433792114,0.359391450881958,1181.905088714473,0.04432734736689815,-0.9237115383148193,0.5145896673202515
/home/andres/Documentos/proyecto4geeks/data/raw/youtube/explosion/UKR46LXG8_I_seg59.wav,False,5.0,1.2061469554901123,0.3256596326828003,1201.7946036672256,0.045055248119212965,1.3891081809997559,0.23233212530612946
/home/andres/Documentos/proyecto4geeks/data/raw/youtube/explosion/-ZPpxY60Zm4_seg349.wav,False,5.0,1.011800765991211,0.3287560045719147,1256.703233446623,0.04798267505787037,1.1082758903503418,0.032365232706069946
/home/andres/Documentos/proyecto4geeks/data/raw/youtube/explosion/-ZPpxY60Zm4_seg56.wav,False,5.0,1.014195442199707,0.34761470556259155,1008.6159868133559,0.04555483217592592,0.2707817554473877,1.3982731103897095
/home/andres/Documentos/proyecto4geeks/data/raw/youtube/explosion/5hF-SPK4jJA_seg8.wav,False,5.0,0.37097805738449097,0.08524780720472336,1409.8579674996593,0.08344184027777778,0.3382747173309326,0.9356122612953186
/home/andres/Documentos/proyecto4geeks/data/raw/youtube/explosion/50IyVsS9EGQ_seg41.wav,False,5.0,0.49613428115844727,0.07022827863693237,875.3559051234573,0.03646059389467592,1.6661267280578613,1.135640263557434
/home/andres/Documentos/proyecto4geeks/data/raw/youtube/explosion/-ZPpxY60Zm4_seg199.wav,False,5.0,1.016664981842041,0.2726694345474243,1244.2433594149525,0.042509856047453706,3.2794580459594727,0.2084524780511856
/home/andres/Documentos/proyecto4geeks/data/raw/youtube/explosion/-DjvoQ3Cl5Y_seg26.wav,False,5.0,0.503549337387085,0.08924391120672226,991.5181057673598,0.04236291956018518,0.5496623516082764,0.9883922338485718
/home/andres/Documentos/proyecto4geeks/data/raw/youtube/explosion/ME2vz8Vocjg_seg31.wav,False,5.0,0.5946802496910095,0.13662394881248474,335.7777173854934,0.014266402633101851,0.9407446384429932,1.2843860387802124
/home/andres/Documentos/proyecto4geeks/data/raw/youtube/explosion/LQOkL1jaRfU_seg91.wav,False,5.0,0.8477880954742432,0.16990114748477936,414.1527661383322,0.022996690538194444,0.565432071685791,0.9902195930480957
/home/andres/Documentos/proyecto4geeks/data/raw/youtube/explosion/5hF-SPK4jJA_seg61.wav,False,5.0,0.5485796332359314,0.06842241436243057,1117.9270283270505,0.04918529369212963,2.3457393646240234,1.5877606868743896
/home/andres/Documentos/proyecto4geeks/data/raw/youtube/explosion/-ZPpxY60Zm4_seg25.wav,False,5.0,1.0184688568115234,0.31978338956832886,1254.8597669248802,0.04533329716435185,1.3310656547546387,0.04236876964569092
/home/andres/Documentos/proyecto4geeks/data/raw/youtube/explosion/-ZPpxY60Zm4_seg164.wav,False,5.0,0.7374132871627808,0.1293027698993683,731.2370882654066,0.02984845196759259,1.574188232421875,1.6533000469207764
/home/andres/Documentos/proyecto4geeks/data/raw/youtube/explosion/fufuluffQDY_seg9.wav,False,5.0,0.9464004039764404,0.21323813498020172,2237.3175036708044,0.13743760850694445,0.2638285160064697,0.955273449420929
/home/andres/Documentos/proyecto4geeks/data/raw/youtube/explosion/fufuluffQDY_seg146.wav,False,5.0,0.784168004989624,0.23804958164691925,744.5856897030492,0.024224175347222224,-0.3672049045562744,1.0812660455703735
/home/andres/Documentos/proyecto4geeks/data/raw/youtube/explosion/UKR46LXG8_I_seg42.wav,False,5.0,1.2061465978622437,0.3146938383579254,1168.7264899616262,0.04358814380787037,1.63134765625,2.5092813968658447
/home/andres/Documentos/proyecto4geeks/data/raw/youtube/explosion/LQOkL1jaRfU_seg72.wav,False,5.0,0.8972702026367188,0.19127491116523743,1490.8048477416337,0.06398518880208333,0.8845620155334473,1.2353808879852295
/home/andres/Documentos/proyecto4geeks/data/raw/youtube/explosion/UKR46LXG8_I_seg125.wav,False,5.0,1.1720635890960693,0.3174741268157959,1169.062620874504,0.04347059461805555,1.5919413566589355,2.1916685104370117
/home/andres/Documentos/proyecto4geeks/data/raw/youtube/explosion/LQOkL1jaRfU_seg120.wav,True,5.0,0.929358720779419,0.07689439505338669,778.7535701556275,0.0257568359375,24.923526763916016,4.873112201690674
/home/andres/Documentos/proyecto4geeks/data/raw/youtube/explosion/5hF-SPK4jJA_seg72.wav,True,5.0,0.7925318479537964,0.08109176903963089,1710.451737994751,0.10713026258680555,10.266290664672852,3.9834821224212646
/home/andres/Documentos/proyecto4geeks/data/raw/youtube/explosion/fufuluffQDY_seg50.wav,False,5.0,1.0313842296600342,0.18106813728809357,1025.13051081719,0.06143753616898148,7.703912734985352,0.8618023991584778
/home/andres/Documentos/proyecto4geeks/data/raw/youtube/explosion/5hF-SPK4jJA_seg11.wav,False,5.0,0.38899245858192444,0.061872441321611404,1593.648848477226,0.08422399450231481,1.3199796676635742,0.8164191842079163
/home/andres/Documentos/proyecto4geeks/data/raw/youtube/explosion/50IyVsS9EGQ_seg1.wav,False,5.0,0.35073262453079224,0.13637594878673553,774.7239873649116,0.024070457175925927,-0.7283740043640137,0.1346367448568344
/home/andres/Documentos/proyecto4geeks/data/raw/youtube/explosion/UKR46LXG8_I_seg17.wav,False,5.0,1.1720635890960693,0.32536211609840393,1199.5521493447445,0.04552318431712963,1.398390293121338,0.2604227066040039
/home/andres/Documentos/proyecto4geeks/data/raw/youtube/explosion/-ZPpxY60Zm4_seg325.wav,False,5.0,1.009305715560913,0.33678722381591797,963.2846119501655,0.042896412037037035,0.37366271018981934,1.4713876247406006
/home/andres/Documentos/proyecto4geeks/data/raw/youtube/explosion/-ZPpxY60Zm4_seg235.wav,False,5.0,0.4153304696083069,0.0760812982916832,636.5018581743395,0.018762659143518517,2.189521312713623,1.313793659210205
/home/andres/Documentos/proyecto4geeks/data/raw/youtube/explosion/Ezmqd42xLyA_seg152.wav,False,5.0,0.9928324222564697,0.35151416063308716,1988.401760564336,0.10255940755208333,-0.6334409713745117,0.96515953540802
/home/andres/Documentos/proyecto4geeks/data/raw/youtube/explosion/-ZPpxY60Zm4_seg22.wav,False,5.0,1.0157465934753418,0.3316170573234558,1251.1492572988982,0.04652235243055555,1.0155754089355469,0.025364717468619347
/home/andres/Documentos/proyecto4geeks/data/raw/youtube/explosion/-ZPpxY60Zm4_seg245.wav,False,5.0,1.0127909183502197,0.3013538420200348,1272.6719644660825,0.046746148003472224,1.8632402420043945,0.06278185546398163
/home/andres/Documentos/proyecto4geeks/data/raw/youtube/explosion/UKR46LXG8_I_seg32.wav,False,5.0,1.2061465978622437,0.32099834084510803,1178.3098901839126,0.04434769241898148,1.541262149810791,1.2603224515914917
/home/andres/Documentos/proyecto4geeks/data/raw/youtube/explosion/-ZPpxY60Zm4_seg81.wav,False,5.0,1.001595139503479,0.2119968682527542,750.6658810753288,0.03396041304976852,1.689481258392334,1.9205173254013062
/home/andres/Documentos/proyecto4geeks/data/raw/youtube/explosion/UKR46LXG8_I_seg36.wav,False,5.0,1.206146478652954,0.31722015142440796,1175.866312405367,0.044008608217592594,1.6054191589355469,1.679947853088379
/home/andres/Documentos/proyecto4geeks/data/raw/youtube/explosion/m5zzhKNxeGM_seg6.wav,False,5.0,0.6459551453590393,0.1418873518705368,627.0756635599408,0.03822157118055555,2.7315502166748047,1.3937740325927734
/home/andres/Documentos/proyecto4geeks/data/raw/youtube/explosion/-DjvoQ3Cl5Y_seg10.wav,False,5.0,0.6441406607627869,0.13577330112457275,1042.5359731821188,0.04026737919560185,0.3875412940979004,1.118233323097229
/home/andres/Documentos/proyecto4geeks/data/raw/youtube/explosion/LQOkL1jaRfU_seg156.wav,False,5.0,0.5138489603996277,0.1946098655462265,294.0058684873555,0.007579662181712963,-0.6293563842773438,1.0635018348693848
/home/andres/Documentos/proyecto4geeks/data/raw/youtube/explosion/-ZPpxY60Zm4_seg299.wav,False,5.0,0.40814268589019775,0.0817149206995964,655.3896118288702,0.02166748046875,1.240501880645752,0.895749568939209
/home/andres/Documentos/proyecto4geeks/data/raw/youtube/explosion/Ezmqd42xLyA_seg4.wav,True,5.0,0.7653148174285889,0.1012326180934906,936.1340822526471,0.055867513020833336,7.9203901290893555,1.7614943981170654
/home/andres/Documentos/proyecto4geeks/data/raw/youtube/explosion/-DjvoQ3Cl5Y_seg33.wav,False,5.0,0.5094895958900452,0.12551012635231018,1020.6572177969078,0.043642397280092594,0.05130934715270996,0.8607265949249268
/home/andres/Documentos/proyecto4geeks/data/raw/youtube/explosion/4afB4wcRH-A_seg4.wav,False,5.0,0.9356508255004883,0.2301783263683319,952.4311819838425,0.028385868778935185,2.0493054389953613,2.0923142433166504
/home/andres/Documentos/proyecto4geeks/data/raw/youtube/explosion/m5zzhKNxeGM_seg117.wav,False,5.0,0.5508847832679749,0.10274016857147217,1102.346494254666,0.044553403501157406,0.8177704811096191,0.9848678708076477
/home/andres/Documentos/proyecto4geeks/data/raw/youtube/explosion/UKR46LXG8_I_seg213.wav,False,5.0,1.1720635890960693,0.3146055340766907,1162.8912106118346,0.04304334852430555,1.6313247680664062,2.5523853302001953
/home/andres/Documentos/proyecto4geeks/data/raw/youtube/explosion/4us3VQU-7AE_seg43.wav,False,5.0,1.2925829887390137,0.5550978779792786,1242.1046287158356,0.033933286313657406,-0.5636305809020996,0.2191268652677536
/home/andres/Documentos/proyecto4geeks/data/raw/youtube/explosion/LQOkL1jaRfU_seg119.wav,False,5.0,0.4457288384437561,0.11656948179006577,1160.9917891516818,0.04425953052662037,1.3597912788391113,1.7054201364517212
/home/andres/Documentos/proyecto4geeks/data/raw/youtube/explosion/-ZPpxY60Zm4_seg43.wav,False,5.0,1.0188565254211426,0.23205731809139252,1163.0082165399372,0.038115324797453706,5.769370079040527,0.37364304065704346
/home/andres/Documentos/proyecto4geeks/data/raw/youtube/explosion/-ZPpxY60Zm4_seg36.wav,False,5.0,0.7423046827316284,0.09681171178817749,748.3409098470664,0.026028103298611112,2.2198915481567383,1.638004183769226
/home/andres/Documentos/proyecto4geeks/data/raw/youtube/explosion/fufuluffQDY_seg81.wav,False,5.0,0.5654913187026978,0.11092827469110489,894.8569905519447,0.044921875,4.422515869140625,1.1154789924621582
/home/andres/Documentos/proyecto4geeks/data/raw/youtube/explosion/UKR46LXG8_I_seg13.wav,False,5.0,1.1720637083053589,0.32554835081100464,1208.407617429249,0.045652036313657406,1.3892641067504883,0.10427496582269669
/home/andres/Documentos/proyecto4geeks/data/raw/youtube/explosion/fufuluffQDY_seg7.wav,False,5.0,1.015237808227539,0.2045440375804901,1761.4197511028406,0.09493001302083333,0.5588433742523193,0.5909868478775024
/home/andres/Documentos/proyecto4geeks/data/raw/youtube/explosion/ME2vz8Vocjg_seg52.wav,False,5.0,0.6149195432662964,0.17754925787448883,2097.3257522775248,0.09986255787037036,-0.3162987232208252,1.0789954662322998
/home/andres/Documentos/proyecto4geeks/data/raw/youtube/explosion/-ZPpxY60Zm4_seg301.wav,False,5.0,1.0022207498550415,0.2359144538640976,716.6770141938943,0.031505443431712965,1.6631479263305664,2.262200117111206
/home/andres/Documentos/proyecto4geeks/data/raw/youtube/explosion/UKR46LXG8_I_seg44.wav,False,5.0,1.2061471939086914,0.30685803294181824,1161.0139679960555,0.04301170066550926,1.6674957275390625,2.905463218688965
/home/andres/Documentos/proyecto4geeks/data/raw/youtube/explosion/4afB4wcRH-A_seg16.wav,False,5.0,0.41427043080329895,0.07056691497564316,190.6587291732195,0.007724338107638889,3.5059008598327637,3.082589626312256
/home/andres/Documentos/proyecto4geeks/data/raw/youtube/explosion/-ZPpxY60Zm4_seg26.wav,False,5.0,1.0023291110992432,0.20504242181777954,756.7763173042242,0.03405309606481482,1.6147112846374512,1.8355042934417725
/home/andres/Documentos/proyecto4geeks/data/raw/youtube/explosion/UKR46LXG8_I_seg289.wav,False,5.0,1.1720635890960693,0.3200298249721527,1180.764082256493,0.044566966869212965,1.5668468475341797,1.3778046369552612
/home/andres/Documentos/proyecto4geeks/data/raw/youtube/explosion/UKR46LXG8_I_seg249.wav,False,5.0,1.2061465978622437,0.31791573762893677,1176.7408849971039,0.04414424189814815,1.5887856483459473,1.6297917366027832
/home/andres/Documentos/proyecto4geeks/data/raw/youtube/explosion/fufuluffQDY_seg67.wav,False,5.0,0.8704606890678406,0.07446738332509995,1085.3887756098634,0.06724717881944445,5.816141128540039,0.4792763888835907
/home/andres/Documentos/proyecto4geeks/data/raw/youtube/explosion/50IyVsS9EGQ_seg51.wav,False,5.0,1.0004873275756836,0.2831532061100006,232.97842838315597,0.012263545283564815,2.386636734008789,2.459725856781006
/home/andres/Documentos/proyecto4geeks/data/raw/youtube/explosion/UKR46LXG8_I_seg304.wav,False,5.0,1.1720635890960693,0.3258431553840637,1189.0965624823552,0.045808015046296294,1.3737149238586426,1.6373412609100342
/home/andres/Documentos/proyecto4geeks/data/raw/youtube/explosion/UKR46LXG8_I_seg21.wav,False,5.0,1.1720633506774902,0.32515063881874084,1195.1080590871022,0.04511402271412037,1.40852689743042,0.40546509623527527
/home/andres/Documentos/proyecto4geeks/data/raw/youtube/explosion/-ZPpxY60Zm4_seg257.wav,False,5.0,1.0225909948349,0.255852073431015,1177.4830908152535,0.04070140697337963,4.4059929847717285,0.29755404591560364
/home/andres/Documentos/proyecto4geeks/data/raw/youtube/explosion/4afB4wcRH-A_seg38.wav,True,5.0,0.8960838317871094,0.14346623420715332,1636.8945365297755,0.08849419487847222,5.802495002746582,0.24377694725990295
/home/andres/Documentos/proyecto4geeks/data/raw/youtube/explosion/UKR46LXG8_I_seg160.wav,False,5.0,1.1720635890960693,0.320984423160553,1176.9750257920202,0.044379340277777776,1.5428271293640137,1.2616755962371826
/home/andres/Documentos/proyecto4geeks/data/raw/youtube/explosion/fufuluffQDY_seg196.wav,False,5.0,0.9557611346244812,0.23270216584205627,1111.8430840866622,0.056751392505787035,0.1813521385192871,0.8138166069984436
/home/andres/Documentos/proyecto4geeks/data/raw/youtube/explosion/Ezmqd42xLyA_seg38.wav,False,5.0,0.6064197421073914,0.1243068128824234,1582.7155736519271,0.10259105541087964,0.7175068855285645,0.6215349435806274
/home/andres/Documentos/proyecto4geeks/data/raw/youtube/explosion/-ZPpxY60Zm4_seg111.wav,False,5.0,1.0127954483032227,0.35199958086013794,1020.2410174969476,0.045256438078703706,0.21219730377197266,1.402966022491455
/home/andres/Documentos/proyecto4geeks/data/raw/youtube/explosion/Ezmqd42xLyA_seg139.wav,False,5.0,0.9451985359191895,0.31520983576774597,1995.7740489153637,0.0842624240451389,-0.47614455223083496,1.0006109476089478
/home/andres/Documentos/proyecto4geeks/data/raw/youtube/explosion/Ezmqd42xLyA_seg55.wav,False,5.0,0.7268762588500977,0.15713463723659515,1415.755639073499,0.07071940104166667,1.8458280563354492,1.8787508010864258
/home/andres/Documentos/proyecto4geeks/data/raw/youtube/explosion/-ZPpxY60Zm4_seg75.wav,False,5.0,0.9364035129547119,0.1755446493625641,792.8226480888123,0.03536422164351852,1.0315361022949219,1.6568540334701538
/home/andres/Documentos/proyecto4geeks/data/raw/youtube/explosion/-ZPpxY60Zm4_seg292.wav,False,5.0,0.9811379909515381,0.17531579732894897,796.0943751913916,0.03601978443287037,1.0533552169799805,1.660802960395813
/home/andres/Documentos/proyecto4geeks/data/raw/youtube/explosion/UKR46LXG8_I_seg261.wav,False,5.0,1.1720634698867798,0.32584303617477417,1189.677925113707,0.04570176866319445,1.3737053871154785,1.8331702947616577
/home/andres/Documentos/proyecto4geeks/data/raw/youtube/explosion/fufuluffQDY_seg137.wav,False,5.0,0.8347576856613159,0.2340819537639618,710.387672295239,0.021565755208333332,-0.2664361000061035,1.010485291481018
/home/andres/Documentos/proyecto4geeks/data/raw/youtube/explosion/UKR46LXG8_I_seg284.wav,False,5.0,1.206146478652954,0.3219982385635376,1186.0991852528641,0.044840494791666664,1.5200223922729492,0.88348388671875
/home/andres/Documentos/proyecto4geeks/data/raw/youtube/explosion/Ezmqd42xLyA_seg104.wav,False,5.0,1.0026065111160278,0.36624717712402344,769.5257529623569,0.04026963975694445,-0.26886510848999023,0.9495424032211304
/home/andres/Documentos/proyecto4geeks/data/raw/youtube/explosion/Ezmqd42xLyA_seg65.wav,False,5.0,0.42135271430015564,0.10248692333698273,1020.6332202941578,0.039614076967592594,0.12264585494995117,1.007682204246521
/home/andres/Documentos/proyecto4geeks/data/raw/youtube/explosion/4us3VQU-7AE_seg80.wav,False,5.0,0.9434419870376587,0.13962388038635254,1227.501921845734,0.05819137008101852,7.517345428466797,0.9991859793663025
/home/andres/Documentos/proyecto4geeks/data/raw/youtube/explosion/Ezmqd42xLyA_seg35.wav,False,5.0,0.740839958190918,0.18515966832637787,1285.001747146869,0.0838283962673611,0.024089574813842773,0.9455788135528564
/home/andres/Documentos/proyecto4geeks/data/raw/youtube/explosion/ME2vz8Vocjg_seg0.wav,False,5.0,1.0473682880401611,0.32388991117477417,904.6742626850033,0.03734447337962963,0.9319467544555664,0.28419801592826843
/home/andres/Documentos/proyecto4geeks/data/raw/youtube/explosion/4afB4wcRH-A_seg7.wav,False,5.0,0.7664141654968262,0.17409157752990723,669.4853440585322,0.02314136646412037,0.06612205505371094,1.0996956825256348
/home/andres/Documentos/proyecto4geeks/data/raw/youtube/explosion/fufuluffQDY_seg142.wav,False,5.0,0.9787219762802124,0.21676312386989594,630.461682939284,0.020792643229166668,0.6422524452209473,1.2205747365951538
/home/andres/Documentos/proyecto4geeks/data/raw/youtube/explosion/-ZPpxY60Zm4_seg350.wav,False,5.0,0.9503871202468872,0.1904086321592331,773.1826807618972,0.03476743344907408,1.0370473861694336,1.594822645187378
/home/andres/Documentos/proyecto4geeks/data/raw/youtube/explosion/UKR46LXG8_I_seg322.wav,False,5.0,1.1720635890960693,0.3242236375808716,1188.211698089343,0.045116283275462965,1.449955940246582,0.49558189511299133
/home/andres/Documentos/proyecto4geeks/data/raw/youtube/explosion/fufuluffQDY_seg162.wav,False,5.0,0.7814806699752808,0.26218122243881226,723.4245617665457,0.020345052083333332,-0.5681312084197998,0.9684957265853882
/home/andres/Documentos/proyecto4geeks/data/raw/youtube/explosion/m5zzhKNxeGM_seg98.wav,False,5.0,0.6398413777351379,0.3495647609233856,573.4631367965062,0.013807508680555556,-1.158072829246521,0.9064613580703735
/home/andres/Documentos/proyecto4geeks/data/raw/youtube/explosion/LQOkL1jaRfU_seg70.wav,False,5.0,0.87164705991745,0.22100229561328888,1215.18810308517,0.05799696180555555,0.10251712799072266,1.1949440240859985
/home/andres/Documentos/proyecto4geeks/data/raw/youtube/explosion/-ZPpxY60Zm4_seg125.wav,False,5.0,0.42396706342697144,0.07585909217596054,658.4198134665746,0.01926902488425926,2.35745906829834,1.5989798307418823
/home/andres/Documentos/proyecto4geeks/data/raw/youtube/explosion/-ZPpxY60Zm4_seg188.wav,False,5.0,1.0805556774139404,0.19738627970218658,770.7981301682029,0.035027398003472224,1.3385000228881836,1.727744460105896
/home/andres/Documentos/proyecto4geeks/data/raw/youtube/explosion/-ZPpxY60Zm4_seg178.wav,False,5.0,1.014547348022461,0.3455144762992859,1249.13793440951,0.04898410373263889,0.5565826892852783,0.005946971010416746
/home/andres/Documentos/proyecto4geeks/data/raw/youtube/explosion/-ZPpxY60Zm4_seg315.wav,False,5.0,1.0154850482940674,0.22550195455551147,1165.8403037694961,0.03815601490162037,6.156445503234863,0.3777194917201996
/home/andres/Documentos/proyecto4geeks/data/raw/youtube/explosion/fufuluffQDY_seg174.wav,False,5.0,0.792226254940033,0.2537907361984253,740.6503636133046,0.021540889033564815,-0.5349111557006836,1.0190045833587646
/home/andres/Documentos/proyecto4geeks/data/raw/youtube/explosion/UKR46LXG8_I_seg221.wav,False,5.0,1.2061465978622437,0.3260846734046936,1202.117439053374,0.04531295211226852,1.3670425415039062,0.5919637680053711
/home/andres/Documentos/proyecto4geeks/data/raw/youtube/explosion/LQOkL1jaRfU_seg121.wav,False,5.0,0.8671387434005737,0.13372258841991425,634.9013126900583,0.023543746383101853,7.160002708435059,0.3699131906032562
/home/andres/Documentos/proyecto4geeks/data/raw/youtube/explosion/-DjvoQ3Cl5Y_seg23.wav,False,5.0,1.0114521980285645,0.1506243497133255,889.1709461592988,0.036976001880787035,11.859888076782227,0.9210461974143982
/home/andres/Documentos/proyecto4geeks/data/raw/youtube/explosion/UKR46LXG8_I_seg190.wav,False,5.0,1.2061469554901123,0.3252587914466858,1189.3452973137948,0.04463252314814815,1.4084734916687012,0.34227001667022705
/home/andres/Documentos/proyecto4geeks/data/raw/youtube/explosion/-DjvoQ3Cl5Y_seg31.wav,True,5.0,1.0019384622573853,0.15191331505775452,1504.7872082542947,0.07628716362847222,5.042191505432129,0.4030759930610657
/home/andres/Documentos/proyecto4geeks/data/raw/youtube/explosion/fufuluffQDY_seg144.wav,False,5.0,0.8576204776763916,0.2559927701950073,727.5886900145417,0.021592881944444444,-0.5108892917633057,1.090770959854126
/home/andres/Documentos/proyecto4geeks/data/raw/youtube/explosion/-ZPpxY60Zm4_seg57.wav,False,5.0,0.7555420994758606,0.13061822950839996,740.034419254015,0.030119719328703703,1.5042133331298828,1.6015323400497437
/home/andres/Documentos/proyecto4geeks/data/raw/youtube/explosion/50IyVsS9EGQ_seg49.wav,True,5.0,1.0002838373184204,0.19364702701568604,223.0907751916435,0.01006175853587963,6.769077301025391,3.6627655029296875
/home/andres/Documentos/proyecto4geeks/data/raw/youtube/explosion/-ZPpxY60Zm4_seg138.wav,False,5.0,1.0152084827423096,0.29223427176475525,1245.585809737434,0.04690890842013889,2.2077813148498535,0.07708637416362762
/home/andres/Documentos/proyecto4geeks/data/raw/youtube/explosion/-ZPpxY60Zm4_seg137.wav,False,5.0,0.4455944299697876,0.08197346329689026,665.394891731473,0.021484375,1.17225980758667,0.9359534382820129
/home/andres/Documentos/proyecto4geeks/data/raw/youtube/explosion/4us3VQU-7AE_seg151.wav,False,5.0,0.5860084295272827,0.10954549163579941,920.6225040990477,0.03847023292824074,2.059251308441162,1.7822446823120117
/home/andres/Documentos/proyecto4geeks/data/raw/youtube/explosion/fufuluffQDY_seg8.wav,False,5.0,0.9765679836273193,0.21147748827934265,1736.9555309473797,0.10262270326967593,0.20909428596496582,0.922574520111084
/home/andres/Documentos/proyecto4geeks/data/raw/youtube/explosion/UKR46LXG8_I_seg115.wav,False,5.0,1.1720635890960693,0.3219687342643738,1180.3434385969538,0.044474283854166664,1.5133323669433594,1.0719757080078125
/home/andres/Documentos/proyecto4geeks/data/raw/youtube/explosion/-ZPpxY60Zm4_seg139.wav,False,5.0,1.0018469095230103,0.24075943231582642,706.4215672831555,0.031392415364583336,1.5582714080810547,2.2598907947540283
/home/andres/Documentos/proyecto4geeks/data/raw/youtube/explosion/-ZPpxY60Zm4_seg21.wav,False,5.0,0.41449689865112305,0.07752285897731781,617.4401134016933,0.01806414568865741,1.788872241973877,0.9146395325660706
/home/andres/Documentos/proyecto4geeks/data/raw/youtube/explosion/UKR46LXG8_I_seg90.wav,False,5.0,1.2061465978622437,0.32608965039253235,1178.4108716215683,0.04511402271412037,1.366694450378418,2.0127999782562256
/home/andres/Documentos/proyecto4geeks/data/raw/youtube/explosion/50IyVsS9EGQ_seg77.wav,False,5.0,0.7008225321769714,0.06531517952680588,2425.228736530878,0.14872459129050927,3.2548680305480957,0.9846054911613464
/home/andres/Documentos/proyecto4geeks/data/raw/youtube/explosion/-ZPpxY60Zm4_seg346.wav,False,5.0,1.0134735107421875,0.33643242716789246,1274.8073225049184,0.045229311342592594,0.8669915199279785,0.01983274333178997
/home/andres/Documentos/proyecto4geeks/data/raw/youtube/explosion/Ezmqd42xLyA_seg60.wav,False,5.0,0.4676210284233093,0.08431648463010788,833.1175762259088,0.04044822410300926,1.4569091796875,1.047798991203308
/home/andres/Documentos/proyecto4geeks/data/raw/youtube/explosion/Ezmqd42xLyA_seg113.wav,False,5.0,0.883034348487854,0.1876029521226883,1189.3643770798706,0.053966380931712965,0.9716947078704834,0.9213395118713379
/home/andres/Documentos/proyecto4geeks/data/raw/youtube/explosion/-ZPpxY60Zm4_seg304.wav,False,5.0,1.001128077507019,0.2499847412109375,692.5255252125133,0.03119122540509259,1.4292526245117188,2.289666175842285
/home/andres/Documentos/proyecto4geeks/data/raw/youtube/explosion/LQOkL1jaRfU_seg62.wav,True,5.0,0.9758882522583008,0.13897424936294556,1567.806805764645,0.09537534360532407,8.103585243225098,0.591836154460907
/home/andres/Documentos/proyecto4geeks/data/raw/youtube/explosion/m5zzhKNxeGM_seg43.wav,False,5.0,1.0165951251983643,0.20241235196590424,2212.160221025788,0.12569625289351852,0.9590203762054443,1.3979640007019043
/home/andres/Documentos/proyecto4geeks/data/raw/youtube/explosion/Ezmqd42xLyA_seg130.wav,False,5.0,0.3790678083896637,0.10600300133228302,1006.9844254239031,0.0628955982349537,2.319334030151367,0.9276732802391052
/home/andres/Documentos/proyecto4geeks/data/raw/youtube/explosion/UKR46LXG8_I_seg264.wav,False,5.0,1.2061470746994019,0.3260822296142578,1213.1706431947096,0.045285825376157406,1.3671765327453613,0.42606881260871887
/home/andres/Documentos/proyecto4geeks/data/raw/youtube/explosion/fufuluffQDY_seg149.wav,False,5.0,0.8211334943771362,0.24383807182312012,720.408238409504,0.022729944299768517,-0.41649556159973145,0.8119572401046753
/home/andres/Documentos/proyecto4geeks/data/raw/youtube/explosion/DsfGzApINSQ_seg7.wav,False,5.0,1.0074646472930908,0.27376607060432434,1134.1482163154535,0.05110451027199074,1.1208977699279785,0.5764503479003906
/home/andres/Documentos/proyecto4geeks/data/raw/youtube/explosion/LQOkL1jaRfU_seg110.wav,False,5.0,0.6641662120819092,0.1422559767961502,1271.7456579755615,0.057788990162037035,1.201106071472168,0.9393877387046814
/home/andres/Documentos/proyecto4geeks/data/raw/youtube/explosion/4us3VQU-7AE_seg39.wav,False,5.0,1.0085643529891968,0.22559095919132233,1246.8242319086628,0.052397551359953706,2.3345837593078613,1.1581921577453613
/home/andres/Documentos/proyecto4geeks/data/raw/youtube/explosion/UKR46LXG8_I_seg128.wav,False,5.0,1.2061467170715332,0.3139691650867462,1167.4379740102192,0.04320384837962963,1.646622657775879,2.6181952953338623
/home/andres/Documentos/proyecto4geeks/data/raw/youtube/explosion/4us3VQU-7AE_seg162.wav,False,5.0,0.5396693348884583,0.13184046745300293,1086.6254725773042,0.05857114438657408,0.6383612155914307,1.4330986738204956
/home/andres/Documentos/proyecto4geeks/data/raw/youtube/explosion/50IyVsS9EGQ_seg27.wav,False,5.0,0.6456542015075684,0.10455399751663208,2170.6963704683117,0.14800573278356483,4.683640956878662,1.171688199043274
/home/andres/Documentos/proyecto4geeks/data/raw/youtube/explosion/-ZPpxY60Zm4_seg269.wav,False,5.0,1.0219731330871582,0.14535632729530334,1050.0690808911334,0.030253092447916668,16.918161392211914,1.0158684253692627
/home/andres/Documentos/proyecto4geeks/data/raw/youtube/explosion/UKR46LXG8_I_seg108.wav,False,5.0,1.2061469554901123,0.3247624635696411,1195.8642478346915,0.04466417100694445,1.431495189666748,0.46681511402130127
/home/andres/Documentos/proyecto4geeks/data/raw/youtube/explosion/LQOkL1jaRfU_seg138.wav,False,5.0,0.6560608744621277,0.07399266213178635,1309.586144359718,0.06049036096643518,4.48732328414917,1.1410726308822632
/home/andres/Documentos/proyecto4geeks/data/raw/youtube/explosion/-ZPpxY60Zm4_seg115.wav,False,5.0,0.7175030708312988,0.13522280752658844,762.174969703944,0.031342683015046294,1.3925466537475586,1.339220404624939
/home/andres/Documentos/proyecto4geeks/data/raw/youtube/explosion/-ZPpxY60Zm4_seg356.wav,False,5.0,1.0039987564086914,0.2403782606124878,706.8162811551615,0.031749584056712965,1.5622057914733887,2.2438254356384277
/home/andres/Documentos/proyecto4geeks/data/raw/youtube/explosion/1TT73KJiZLM_seg0.wav,False,5.0,1.0098326206207275,0.19302944839000702,791.1422885901405,0.03730604383680555,7.787652015686035,7.965033432810742e-08
/home/andres/Documentos/proyecto4geeks/data/raw/youtube/explosion/UKR46LXG8_I_seg291.wav,False,5.0,1.1720635890960693,0.31821367144584656,1173.9088166857237,0.044413248697916664,1.585634708404541,1.5559287071228027
/home/andres/Documentos/proyecto4geeks/data/raw/youtube/explosion/4us3VQU-7AE_seg3.wav,False,5.0,0.9035198092460632,0.11350522190332413,994.8713807966698,0.03925916883680555,4.293826103210449,0.6697577834129333
/home/andres/Documentos/proyecto4geeks/data/raw/youtube/explosion/-ZPpxY60Zm4_seg265.wav,False,5.0,0.7616797089576721,0.11533473432064056,729.1257563585538,0.028288664641203703,1.6392149925231934,1.5244026184082031
/home/andres/Documentos/proyecto4geeks/data/raw/youtube/explosion/UKR46LXG8_I_seg222.wav,False,5.0,1.1720635890960693,0.32583120465278625,1198.73760808538,0.04552770543981482,1.3744702339172363,0.13558699190616608
/home/andres/Documentos/proyecto4geeks/data/raw/youtube/explosion/UKR46LXG8_I_seg120.wav,False,5.0,1.2061467170715332,0.3182968497276306,1181.5336529416672,0.044291178385416664,1.5760087966918945,1.5316294431686401
/home/andres/Documentos/proyecto4geeks/data/raw/youtube/explosion/-ZPpxY60Zm4_seg5.wav,False,5.0,0.7715170979499817,0.13244286179542542,750.3080513597174,0.030680338541666668,1.473660945892334,1.307169795036316
/home/andres/Documentos/proyecto4geeks/data/raw/youtube/explosion/LQOkL1jaRfU_seg127.wav,False,5.0,0.911479651927948,0.3547666072845459,1436.5627830226908,0.048839427806712965,-1.2016760110855103,1.0336891412734985
/home/andres/Documentos/proyecto4geeks/data/raw/youtube/explosion/-ZPpxY60Zm4_seg183.wav,False,5.0,0.4022389054298401,0.07704636454582214,627.953514975548,0.018283420138888888,1.8326482772827148,0.9738941192626953
/home/andres/Documentos/proyecto4geeks/data/raw/youtube/explosion/4afB4wcRH-A_seg40.wav,False,5.0,0.9302891492843628,0.15636557340621948,1354.7933001084327,0.07695855034722222,3.8775534629821777,0.021377943456172943
/home/andres/Documentos/proyecto4geeks/data/raw/youtube/explosion/-ZPpxY60Zm4_seg213.wav,False,5.0,0.7650208473205566,0.12194865196943283,730.2494073733295,0.02785011574074074,1.6957550048828125,1.7179533243179321
/home/andres/Documentos/proyecto4geeks/data/raw/youtube/explosion/5hF-SPK4jJA_seg7.wav,False,5.0,0.4328642189502716,0.08134407550096512,1188.006099596129,0.06084752965856482,3.0730648040771484,0.7489926218986511
/home/andres/Documentos/proyecto4geeks/data/raw/youtube/explosion/LQOkL1jaRfU_seg148.wav,False,5.0,0.8939520120620728,0.14196103811264038,1246.7233860886217,0.0711941189236111,2.326557159423828,0.9230230450630188
/home/andres/Documentos/proyecto4geeks/data/raw/youtube/explosion/4us3VQU-7AE_seg77.wav,False,5.0,1.0006673336029053,0.23867526650428772,953.4516602679546,0.040852864583333336,1.8572630882263184,1.9220209121704102
/home/andres/Documentos/proyecto4geeks/data/raw/youtube/explosion/ME2vz8Vocjg_seg35.wav,False,5.0,0.565536618232727,0.0755644217133522,732.6511097142029,0.030854401765046297,7.9020843505859375,1.4106181859970093
/home/andres/Documentos/proyecto4geeks/data/raw/youtube/explosion/-ZPpxY60Zm4_seg203.wav,False,5.0,1.0029555559158325,0.2679395377635956,721.2800118761306,0.03275101273148148,0.9100477695465088,1.193776249885559
/home/andres/Documentos/proyecto4geeks/data/raw/youtube/explosion/Ezmqd42xLyA_seg76.wav,False,5.0,0.7190335988998413,0.12022752314805984,1017.3357866852663,0.05199743200231482,3.6838479042053223,1.5868561267852783
/home/andres/Documentos/proyecto4geeks/data/raw/youtube/explosion/-ZPpxY60Zm4_seg126.wav,False,5.0,1.0170141458511353,0.3417106568813324,1231.238703297687,0.04854555483217592,0.6995358467102051,0.012692101299762726
/home/andres/Documentos/proyecto4geeks/data/raw/youtube/explosion/-ZPpxY60Zm4_seg105.wav,False,5.0,1.0109614133834839,0.3268130123615265,899.3881049955447,0.04122133608217592,0.5443120002746582,1.6855854988098145
/home/andres/Documentos/proyecto4geeks/data/raw/youtube/explosion/fufuluffQDY_seg36.wav,True,5.0,0.9905934929847717,0.13488316535949707,1576.9033786996652,0.08744981553819445,3.651315212249756,2.3715507984161377
/home/andres/Documentos/proyecto4geeks/data/raw/youtube/explosion/5hF-SPK4jJA_seg26.wav,False,5.0,0.7152711153030396,0.08054875582456589,1103.2244707130424,0.06020779079861111,4.213303089141846,1.0712547302246094
/home/andres/Documentos/proyecto4geeks/data/raw/youtube/explosion/UKR46LXG8_I_seg194.wav,False,5.0,1.2061465978622437,0.3244287967681885,1189.0035963579307,0.044553403501157406,1.4446725845336914,0.49484407901763916
/home/andres/Documentos/proyecto4geeks/data/raw/youtube/explosion/UKR46LXG8_I_seg40.wav,False,5.0,1.2061465978622437,0.3172900378704071,1169.6536594244942,0.043791594328703706,1.58695650100708,2.2302701473236084
/home/andres/Documentos/proyecto4geeks/data/raw/youtube/explosion/4us3VQU-7AE_seg66.wav,False,5.0,1.0251115560531616,0.33927324414253235,1327.883803295287,0.06785074869791667,0.03392624855041504,0.8932920694351196
/home/andres/Documentos/proyecto4geeks/data/raw/youtube/explosion/-ZPpxY60Zm4_seg77.wav,False,5.0,1.0184437036514282,0.3304128646850586,1285.4858625937763,0.04632116247106482,1.0439200401306152,0.028050189837813377
/home/andres/Documentos/proyecto4geeks/data/raw/youtube/explosion/-DjvoQ3Cl5Y_seg65.wav,False,5.0,0.4067564606666565,0.08117708563804626,1184.062767760022,0.06159351490162037,1.0652689933776855,0.8845459222793579
/home/andres/Documentos/proyecto4geeks/data/raw/youtube/explosion/5hF-SPK4jJA_seg27.wav,False,5.0,0.749298632144928,0.1476576030254364,895.1598634933124,0.04351806640625,3.1347923278808594,0.6909604668617249
/home/andres/Documentos/proyecto4geeks/data/raw/youtube/explosion/-ZPpxY60Zm4_seg221.wav,False,5.0,1.0102005004882812,0.3582233190536499,1047.1882795096017,0.046529134114583336,0.13451814651489258,1.2926467657089233
/home/andres/Documentos/proyecto4geeks/data/raw/youtube/explosion/UKR46LXG8_I_seg18.wav,False,5.0,1.2061467170715332,0.3255521059036255,1195.5444358241043,0.04480432581018518,1.3943095207214355,0.29642629623413086
/home/andres/Documentos/proyecto4geeks/data/raw/youtube/explosion/UKR46LXG8_I_seg55.wav,False,5.0,1.2061465978622437,0.32586708664894104,1199.3940244658597,0.045172797309027776,1.3785133361816406,0.08314402401447296
/home/andres/Documentos/proyecto4geeks/data/raw/youtube/explosion/5hF-SPK4jJA_seg54.wav,False,5.0,1.0014747381210327,0.24238848686218262,513.868855787992,0.02978289568865741,0.5338528156280518,1.0682510137557983
/home/andres/Documentos/proyecto4geeks/data/raw/youtube/explosion/UKR46LXG8_I_seg122.wav,False,5.0,1.2061467170715332,0.31635209918022156,1174.9767657962366,0.043689869068287035,1.6005926132202148,1.7933018207550049
/home/andres/Documentos/proyecto4geeks/data/raw/youtube/explosion/-DjvoQ3Cl5Y_seg39.wav,False,5.0,0.747296929359436,0.20540009438991547,1069.3498193963167,0.06672724971064815,-0.008506059646606445,0.6904547810554504
/home/andres/Documentos/proyecto4geeks/data/raw/youtube/explosion/50IyVsS9EGQ_seg89.wav,True,5.0,0.9942269325256348,0.1515076905488968,1808.2651775642369,0.056059660734953706,5.118210792541504,0.8560723662376404
/home/andres/Documentos/proyecto4geeks/data/raw/youtube/explosion/LQOkL1jaRfU_seg45.wav,False,5.0,0.7970638275146484,0.2980496883392334,1598.7399385107672,0.05020706741898148,-1.272535800933838,1.0511914491653442
/home/andres/Documentos/proyecto4geeks/data/raw/youtube/explosion/m5zzhKNxeGM_seg55.wav,False,5.0,0.7440147399902344,0.1791003793478012,1345.1628078462334,0.06633843315972222,2.239473819732666,0.43791288137435913
/home/andres/Documentos/proyecto4geeks/data/raw/youtube/explosion/-ZPpxY60Zm4_seg297.wav,False,5.0,1.1212087869644165,0.31568995118141174,1272.0000229957009,0.04711009837962963,1.4513354301452637,0.04433443769812584
/home/andres/Documentos/proyecto4geeks/data/raw/youtube/explosion/UKR46LXG8_I_seg163.wav,False,5.0,1.2061467170715332,0.31795504689216614,1175.2481550238813,0.04443359375,1.5853300094604492,1.5536006689071655
/home/andres/Documentos/proyecto4geeks/data/raw/youtube/explosion/Ezmqd42xLyA_seg77.wav,True,5.0,0.8418194055557251,0.10096924006938934,1445.6091000189913,0.09563982928240741,10.596647262573242,2.8246195316314697
/home/andres/Documentos/proyecto4geeks/data/raw/youtube/explosion/LQOkL1jaRfU_seg140.wav,False,5.0,0.93217933177948,0.28988438844680786,432.75898895095867,0.02028175636574074,-0.2734193801879883,0.9067091941833496
/home/andres/Documentos/proyecto4geeks/data/raw/youtube/explosion/m5zzhKNxeGM_seg119.wav,False,5.0,1.030130386352539,0.11126139014959335,1179.7114181062786,0.050665961371527776,1.587416648864746,0.7792271971702576
/home/andres/Documentos/proyecto4geeks/data/raw/youtube/explosion/m5zzhKNxeGM_seg33.wav,False,5.0,0.7332722544670105,0.07694438844919205,1295.1415312989993,0.07387740523726852,18.98748779296875,0.6830687522888184
/home/andres/Documentos/proyecto4geeks/data/raw/youtube/explosion/UKR46LXG8_I_seg323.wav,False,5.0,1.206146478652954,0.32367849349975586,1184.5357894264243,0.04456018518518518,1.472156047821045,0.5568436980247498
/home/andres/Documentos/proyecto4geeks/data/raw/youtube/explosion/-ZPpxY60Zm4_seg53.wav,False,5.0,1.0176104307174683,0.3358316719532013,948.8375353062902,0.04356553819444445,0.43050599098205566,1.5005226135253906
/home/andres/Documentos/proyecto4geeks/data/raw/youtube/explosion/-ZPpxY60Zm4_seg83.wav,False,5.0,1.0250506401062012,0.2967492640018463,1272.9251442787918,0.046083803530092594,2.051941394805908,0.06983186304569244
/home/andres/Documentos/proyecto4geeks/data/raw/youtube/explosion/fufuluffQDY_seg181.wav,False,5.0,0.8519043922424316,0.24485549330711365,740.5008070205679,0.020421911168981483,-0.5205540657043457,0.950061023235321
/home/andres/Documentos/proyecto4geeks/data/raw/youtube/explosion/-ZPpxY60Zm4_seg280.wav,False,5.0,0.7580900192260742,0.13878974318504333,766.5013004805819,0.03216552734375,1.3486614227294922,1.3779925107955933
/home/andres/Documentos/proyecto4geeks/data/raw/youtube/explosion/50IyVsS9EGQ_seg26.wav,False,5.0,0.3012307584285736,0.05641014501452446,1349.065716159569,0.05526168258101852,1.8485512733459473,1.3758889436721802
/home/andres/Documentos/proyecto4geeks/data/raw/youtube/explosion/UKR46LXG8_I_seg258.wav,False,5.0,1.077005386352539,0.31469759345054626,1139.0048567387257,0.04071497034143518,1.5650744438171387,3.0678508281707764
/home/andres/Documentos/proyecto4geeks/data/raw/youtube/explosion/-DjvoQ3Cl5Y_seg15.wav,False,5.0,0.8652747869491577,0.24677082896232605,999.9385314135958,0.04415554470486111,-0.36162328720092773,1.0067567825317383
/home/andres/Documentos/proyecto4geeks/data/raw/youtube/explosion/-DjvoQ3Cl5Y_seg6.wav,False,5.0,0.8384157419204712,0.2608126699924469,1059.0884210321883,0.036792896412037035,-0.33364367485046387,0.9487846493721008
/home/andres/Documentos/proyecto4geeks/data/raw/youtube/explosion/m5zzhKNxeGM_seg86.wav,False,5.0,0.5002447962760925,0.11604563891887665,818.4306183365937,0.029190628616898147,0.27409863471984863,1.297944188117981
/home/andres/Documentos/proyecto4geeks/data/raw/youtube/explosion/-ZPpxY60Zm4_seg27.wav,False,5.0,0.4302021861076355,0.08125293999910355,649.9876390684607,0.020528157552083332,1.3200669288635254,0.9124362468719482
/home/andres/Documentos/proyecto4geeks/data/raw/youtube/explosion/-DjvoQ3Cl5Y_seg36.wav,False,5.0,0.9875854849815369,0.13709987699985504,1202.1964912543342,0.06181957103587963,4.398636817932129,0.8303450345993042
/home/andres/Documentos/proyecto4geeks/data/raw/youtube/explosion/-ZPpxY60Zm4_seg252.wav,False,5.0,1.001412034034729,0.25269460678100586,685.2378922246988,0.031351725260416664,1.3413004875183105,1.7897876501083374
/home/andres/Documentos/proyecto4geeks/data/raw/youtube/explosion/fufuluffQDY_seg158.wav,False,5.0,0.8052088022232056,0.24882975220680237,722.1096814689444,0.023349338107638888,-0.4191315174102783,0.9836236834526062
/home/andres/Documentos/proyecto4geeks/data/raw/youtube/explosion/50IyVsS9EGQ_seg85.wav,False,5.0,1.0025215148925781,0.16476504504680634,1645.7423750676885,0.05277732566550926,4.92718505859375,0.9869625568389893
/home/andres/Documentos/proyecto4geeks/data/raw/youtube/explosion/-ZPpxY60Zm4_seg281.wav,False,5.0,0.34774428606033325,0.06678852438926697,698.2625637238506,0.019795735677083332,3.204514503479004,2.480980634689331
/home/andres/Documentos/proyecto4geeks/data/raw/youtube/explosion/UKR46LXG8_I_seg144.wav,False,5.0,1.1720635890960693,0.3253828287124634,1201.312282091737,0.045665599681712965,1.3978257179260254,0.21857693791389465
/home/andres/Documentos/proyecto4geeks/data/raw/youtube/explosion/UKR46LXG8_I_seg51.wav,False,5.0,1.2061469554901123,0.3260813057422638,1202.0396490307671,0.04515245225694445,1.3672332763671875,0.26409608125686646
/home/andres/Documentos/proyecto4geeks/data/raw/youtube/explosion/m5zzhKNxeGM_seg102.wav,False,5.0,0.8052699565887451,0.3060974180698395,1127.5251052088765,0.040956850405092594,0.05132603645324707,0.3466015160083771
/home/andres/Documentos/proyecto4geeks/data/raw/youtube/explosion/-ZPpxY60Zm4_seg87.wav,False,5.0,1.002747893333435,0.2501290738582611,691.643963883002,0.030913176359953703,1.429358959197998,2.2609660625457764
/home/andres/Documentos/proyecto4geeks/data/raw/youtube/explosion/m5zzhKNxeGM_seg85.wav,False,5.0,0.7388269901275635,0.15371493995189667,1356.0423804322027,0.08076985677083333,2.106060028076172,0.6007518172264099
/home/andres/Documentos/proyecto4geeks/data/raw/youtube/explosion/UKR46LXG8_I_seg187.wav,False,5.0,1.1720635890960693,0.3254288136959076,1201.8712360835339,0.04563169126157408,1.3954291343688965,0.2334778755903244
/home/andres/Documentos/proyecto4geeks/data/raw/youtube/explosion/Ezmqd42xLyA_seg36.wav,False,5.0,0.6941272616386414,0.12768788635730743,1755.5302885537606,0.11057761863425926,1.6877522468566895,1.386238932609558
/home/andres/Documentos/proyecto4geeks/data/raw/youtube/explosion/5hF-SPK4jJA_seg25.wav,False,5.0,0.5062683820724487,0.06543790549039841,890.1146157174362,0.04333948206018518,1.7275896072387695,0.7471564412117004
/home/andres/Documentos/proyecto4geeks/data/raw/youtube/explosion/-ZPpxY60Zm4_seg15.wav,False,5.0,0.3912656903266907,0.07498716562986374,649.5909253640908,0.018342194733796297,2.3023037910461426,1.8650859594345093
/home/andres/Documentos/proyecto4geeks/data/raw/youtube/explosion/4us3VQU-7AE_seg10.wav,False,5.0,0.5786089897155762,0.2396104633808136,1774.8097736194488,0.06968632450810185,-1.3640600442886353,0.5479161143302917
/home/andres/Documentos/proyecto4geeks/data/raw/youtube/explosion/LQOkL1jaRfU_seg152.wav,False,5.0,0.7716824412345886,0.1196022778749466,436.12087201232634,0.00924117476851852,7.630701065063477,0.7913107872009277
/home/andres/Documentos/proyecto4geeks/data/raw/youtube/explosion/-ZPpxY60Zm4_seg291.wav,False,5.0,1.0214731693267822,0.33761751651763916,1231.3413336041563,0.048830385561342594,0.8072998523712158,0.01799779012799263
/home/andres/Documentos/proyecto4geeks/data/raw/youtube/explosion/Ezmqd42xLyA_seg20.wav,False,5.0,0.7129783630371094,0.1136600524187088,1457.967854306249,0.07088216145833333,2.785820960998535,0.7405491471290588
/home/andres/Documentos/proyecto4geeks/data/raw/youtube/explosion/fufuluffQDY_seg52.wav,False,5.0,1.062639594078064,0.22059349715709686,1512.122834163571,0.12517406322337962,1.7776355743408203,0.8963773846626282
/home/andres/Documentos/proyecto4geeks/data/raw/youtube/explosion/-ZPpxY60Zm4_seg289.wav,False,5.0,0.9637476205825806,0.1646181046962738,799.752483436187,0.03532127097800926,1.2396197319030762,1.6796082258224487
/home/andres/Documentos/proyecto4geeks/data/raw/youtube/explosion/fufuluffQDY_seg43.wav,False,5.0,0.777500569820404,0.06468988209962845,1294.482316485996,0.07370560257523148,3.8829078674316406,1.0172460079193115
/home/andres/Documentos/proyecto4geeks/data/raw/youtube/explosion/UKR46LXG8_I_seg143.wav,False,5.0,1.2061467170715332,0.3257783055305481,1203.6036230234154,0.045055248119212965,1.3829889297485352,0.18001900613307953
/home/andres/Documentos/proyecto4geeks/data/raw/youtube/explosion/ME2vz8Vocjg_seg64.wav,False,5.0,0.6744848489761353,0.19610311090946198,2143.830071171047,0.12605116102430555,-0.37816953659057617,0.9624146223068237
/home/andres/Documentos/proyecto4geeks/data/raw/youtube/explosion/UKR46LXG8_I_seg332.wav,False,5.0,1.1720634698867798,0.31952211260795593,1178.7527884657482,0.04429343894675926,1.5697011947631836,1.4010727405548096
/home/andres/Documentos/proyecto4geeks/data/raw/youtube/explosion/-ZPpxY60Zm4_seg33.wav,False,5.0,0.48163288831710815,0.08882269263267517,710.3878175697995,0.024685329861111112,1.0509848594665527,1.2261989116668701
/home/andres/Documentos/proyecto4geeks/data/raw/youtube/explosion/UKR46LXG8_I_seg65.wav,False,5.0,1.2061465978622437,0.3248409628868103,1192.135298371656,0.04469129774305555,1.4278416633605957,0.4527367055416107
/home/andres/Documentos/proyecto4geeks/data/raw/youtube/explosion/fufuluffQDY_seg20.wav,False,5.0,1.0096983909606934,0.18198330700397491,1770.8313806669305,0.11763283058449074,3.4069886207580566,0.08585482090711594
/home/andres/Documentos/proyecto4geeks/data/raw/youtube/explosion/Ezmqd42xLyA_seg8.wav,True,5.0,1.0216403007507324,0.14603815972805023,1668.5541007732365,0.08654106987847222,11.875676155090332,0.24040327966213226
/home/andres/Documentos/proyecto4geeks/data/raw/youtube/explosion/LQOkL1jaRfU_seg154.wav,False,5.0,0.7666193246841431,0.1934758871793747,1131.3163224078426,0.03704833984375,-0.8704321384429932,0.7305139303207397
/home/andres/Documentos/proyecto4geeks/data/raw/youtube/explosion/-ZPpxY60Zm4_seg266.wav,False,5.0,1.0121750831604004,0.17672166228294373,1095.9011893815505,0.03324155454282408,11.043591499328613,0.6525641679763794
/home/andres/Documentos/proyecto4geeks/data/raw/youtube/explosion/-ZPpxY60Zm4_seg324.wav,False,5.0,1.0204627513885498,0.14055441319942474,1021.320791407881,0.028480812355324073,18.882768630981445,1.131208896636963
/home/andres/Documentos/proyecto4geeks/data/raw/youtube/explosion/-ZPpxY60Zm4_seg106.wav,False,5.0,0.805194616317749,0.12589123845100403,731.4041997576802,0.02819598162615741,1.7503056526184082,1.770508885383606
/home/andres/Documentos/proyecto4geeks/data/raw/youtube/explosion/-DjvoQ3Cl5Y_seg20.wav,False,5.0,0.5592025518417358,0.13361909985542297,826.0201015771365,0.03174280237268518,0.3365824222564697,1.2199790477752686
/home/andres/Documentos/proyecto4geeks/data/raw/youtube/explosion/m5zzhKNxeGM_seg27.wav,False,5.0,0.7321628928184509,0.07157666981220245,581.4119051969274,0.039008246527777776,3.9655227661132812,1.1951019763946533
/home/andres/Documentos/proyecto4geeks/data/raw/youtube/explosion/Ezmqd42xLyA_seg123.wav,False,5.0,0.46886056661605835,0.0728335976600647,667.1883058472258,0.03057861328125,1.119330883026123,0.8731308579444885
/home/andres/Documentos/proyecto4geeks/data/raw/youtube/explosion/-ZPpxY60Zm4_seg268.wav,False,5.0,0.7560644745826721,0.12471823394298553,726.442280765393,0.028609664351851853,1.7433362007141113,1.7898290157318115
/home/andres/Documentos/proyecto4geeks/data/raw/youtube/explosion/LQOkL1jaRfU_seg145.wav,False,5.0,0.6520196199417114,0.08314403146505356,1125.2189875797442,0.06843849464699074,6.494812965393066,0.2712774872779846
/home/andres/Documentos/proyecto4geeks/data/raw/youtube/explosion/-ZPpxY60Zm4_seg181.wav,False,5.0,1.0122424364089966,0.34059005975723267,1239.555224803216,0.046680591724537035,0.7196171283721924,0.014280649833381176
/home/andres/Documentos/proyecto4geeks/data/raw/youtube/explosion/-DjvoQ3Cl5Y_seg58.wav,False,5.0,0.8521210551261902,0.18614058196544647,1388.1927982214165,0.07087311921296297,0.8478224277496338,0.5285006761550903
/home/andres/Documentos/proyecto4geeks/data/raw/youtube/explosion/UKR46LXG8_I_seg16.wav,False,5.0,1.2061468362808228,0.3256092369556427,1201.3577661892773,0.04511854383680555,1.39174222946167,0.2171509861946106
/home/andres/Documentos/proyecto4geeks/data/raw/youtube/explosion/50IyVsS9EGQ_seg103.wav,True,5.0,0.9081072807312012,0.11730287969112396,1845.747542697393,0.05918149594907408,6.040478706359863,0.847578227519989
/home/andres/Documentos/proyecto4geeks/data/raw/youtube/explosion/fufuluffQDY_seg13.wav,False,5.0,1.0003432035446167,0.19781716167926788,885.7267620275377,0.032289858217592594,2.9609012603759766,1.061907172203064
/home/andres/Documentos/proyecto4geeks/data/raw/youtube/explosion/UKR46LXG8_I_seg236.wav,False,5.0,1.1720634698867798,0.32454928755760193,1195.1277029793982,0.04528356481481482,1.4371495246887207,0.46726468205451965
/home/andres/Documentos/proyecto4geeks/data/raw/youtube/explosion/LQOkL1jaRfU_seg71.wav,False,5.0,0.9066383242607117,0.2309764176607132,2189.4221424419093,0.14428258825231483,-0.029822349548339844,0.7329028248786926
/home/andres/Documentos/proyecto4geeks/data/raw/youtube/explosion/UKR46LXG8_I_seg91.wav,False,5.0,1.1720635890960693,0.32584360241889954,1198.1342355994207,0.045826099537037035,1.3737258911132812,1.4904849529266357
/home/andres/Documentos/proyecto4geeks/data/raw/youtube/explosion/-ZPpxY60Zm4_seg67.wav,False,5.0,0.41916632652282715,0.07311691343784332,665.5422537436424,0.019454390914351853,2.849747657775879,2.213662624359131
/home/andres/Documentos/proyecto4geeks/data/raw/youtube/explosion/UKR46LXG8_I_seg68.wav,False,5.0,1.1720637083053589,0.3236842751502991,1181.1045377549158,0.044759114583333336,1.4726786613464355,0.6443002223968506
/home/andres/Documentos/proyecto4geeks/data/raw/youtube/explosion/4afB4wcRH-A_seg30.wav,False,5.0,0.9845855236053467,0.20445683598518372,1264.2613054615695,0.04509141710069445,8.743891716003418,0.14690062403678894
/home/andres/Documentos/proyecto4geeks/data/raw/youtube/explosion/50IyVsS9EGQ_seg90.wav,True,5.0,1.0219610929489136,0.151626318693161,1851.6770863660704,0.057811595775462965,5.46087646484375,1.1710355281829834
/home/andres/Documentos/proyecto4geeks/data/raw/youtube/explosion/UKR46LXG8_I_seg39.wav,False,5.0,1.1720634698867798,0.31656989455223083,1163.3234108057686,0.042896412037037035,1.5829830169677734,2.1445419788360596
/home/andres/Documentos/proyecto4geeks/data/raw/youtube/explosion/UKR46LXG8_I_seg260.wav,False,5.0,1.2061470746994019,0.3260901868343353,1170.4216630907265,0.044331868489583336,1.3667082786560059,2.320662498474121
/home/andres/Documentos/proyecto4geeks/data/raw/youtube/explosion/fufuluffQDY_seg172.wav,False,5.0,0.8590149283409119,0.253852516412735,728.9114271482872,0.021620008680555556,-0.4760897159576416,0.847186803817749
/home/andres/Documentos/proyecto4geeks/data/raw/youtube/explosion/LQOkL1jaRfU_seg10.wav,True,5.0,0.47069311141967773,0.11187173426151276,1952.6348428849726,0.12061903211805555,1.4571361541748047,1.8800990581512451
/home/andres/Documentos/proyecto4geeks/data/raw/youtube/explosion/50IyVsS9EGQ_seg0.wav,False,5.0,0.675316333770752,0.1594122052192688,1025.1632152882387,0.052741156684027776,1.787569522857666,0.28435859084129333
/home/andres/Documentos/proyecto4geeks/data/raw/youtube/explosion/-ZPpxY60Zm4_seg274.wav,False,5.0,0.7570220232009888,0.13059599697589874,736.1082231832396,0.029900444878472224,1.5032005310058594,1.6117067337036133
/home/andres/Documentos/proyecto4geeks/data/raw/youtube/explosion/4afB4wcRH-A_seg32.wav,True,5.0,0.9667516350746155,0.1335766613483429,1943.2585829989835,0.09321198640046297,5.461921691894531,2.8220369815826416
/home/andres/Documentos/proyecto4geeks/data/raw/youtube/explosion/50IyVsS9EGQ_seg11.wav,False,5.0,0.41356703639030457,0.06509560346603394,2019.6812059886968,0.14853470413773148,0.6326937675476074,1.33342444896698
/home/andres/Documentos/proyecto4geeks/data/raw/youtube/explosion/LQOkL1jaRfU_seg84.wav,False,5.0,0.8314460515975952,0.15523923933506012,1096.9420062968047,0.059559009693287035,7.867924690246582,0.20097972452640533
/home/andres/Documentos/proyecto4geeks/data/raw/youtube/explosion/fufuluffQDY_seg73.wav,False,5.0,0.574281632900238,0.09536231309175491,976.3407409618422,0.051432291666666664,5.856012344360352,0.448548287153244
/home/andres/Documentos/proyecto4geeks/data/raw/youtube/explosion/fufuluffQDY_seg190.wav,False,5.0,0.9550396203994751,0.24899105727672577,973.4330435669345,0.04913782190393518,0.1125481128692627,1.0604087114334106
/home/andres/Documentos/proyecto4geeks/data/raw/youtube/explosion/5hF-SPK4jJA_seg10.wav,True,5.0,0.3340342342853546,0.06112786754965782,1565.1800106075434,0.08954535590277778,1.1666994094848633,1.5211610794067383
/home/andres/Documentos/proyecto4geeks/data/raw/youtube/explosion/fufuluffQDY_seg117.wav,False,5.0,1.0612300634384155,0.13584552705287933,867.0584581672166,0.03777624059606482,6.820150375366211,0.5336000323295593
/home/andres/Documentos/proyecto4geeks/data/raw/youtube/explosion/UKR46LXG8_I_seg161.wav,False,5.0,1.2061467170715332,0.3199867904186249,1182.4116617538118,0.044557924623842594,1.5676674842834473,1.3747522830963135
/home/andres/Documentos/proyecto4geeks/data/raw/youtube/explosion/fufuluffQDY_seg187.wav,False,5.0,0.9712352752685547,0.2572413384914398,993.7405022853991,0.05643265335648148,0.045896291732788086,0.7177225351333618
/home/andres/Documentos/proyecto4geeks/data/raw/youtube/explosion/ME2vz8Vocjg_seg38.wav,False,5.0,0.5976600646972656,0.1798667013645172,617.3291375677902,0.028333875868055556,0.12665128707885742,1.2112610340118408
/home/andres/Documentos/proyecto4geeks/data/raw/youtube/explosion/fufuluffQDY_seg19.wav,False,5.0,0.8478391170501709,0.21977393329143524,1308.2098448059826,0.07683648003472222,-0.05870389938354492,0.9982163906097412
/home/andres/Documentos/proyecto4geeks/data/raw/youtube/explosion/m5zzhKNxeGM_seg2.wav,False,5.0,0.8075632452964783,0.10310880094766617,1189.986989057392,0.047892252604166664,9.581297874450684,0.40892335772514343
/home/andres/Documentos/proyecto4geeks/data/raw/youtube/explosion/UKR46LXG8_I_seg185.wav,False,5.0,1.1720635890960693,0.3256499469280243,1205.3822856677357,0.04564977575231482,1.3839225769042969,0.1630636751651764
/home/andres/Documentos/proyecto4geeks/data/raw/youtube/explosion/-ZPpxY60Zm4_seg339.wav,False,5.0,0.41966211795806885,0.07368301600217819,660.0576194472771,0.01946117259837963,2.619882106781006,2.129114866256714
/home/andres/Documentos/proyecto4geeks/data/raw/youtube/explosion/-ZPpxY60Zm4_seg127.wav,False,5.0,0.9297441244125366,0.1683318316936493,796.1537674258552,0.03538456669560185,1.1510119438171387,1.6565933227539062
/home/andres/Documentos/proyecto4geeks/data/raw/youtube/explosion/50IyVsS9EGQ_seg12.wav,False,5.0,0.5318770408630371,0.10658571869134903,1617.9200177423315,0.11018202039930555,2.7578983306884766,0.5146060585975647
/home/andres/Documentos/proyecto4geeks/data/raw/youtube/explosion/-DjvoQ3Cl5Y_seg19.wav,False,5.0,0.8736432194709778,0.20206551253795624,1160.9958869004788,0.05587429470486111,0.6557450294494629,0.662938117980957
/home/andres/Documentos/proyecto4geeks/data/raw/youtube/explosion/LQOkL1jaRfU_seg25.wav,False,5.0,0.7706488370895386,0.12889790534973145,539.3181147961825,0.01611554181134259,2.213581085205078,1.2717357873916626
/home/andres/Documentos/proyecto4geeks/data/raw/youtube/explosion/-ZPpxY60Zm4_seg31.wav,False,5.0,1.0258487462997437,0.28471189737319946,1266.0011218194356,0.04653139467592592,2.522103786468506,0.09331965446472168
/home/andres/Documentos/proyecto4geeks/data/raw/youtube/explosion/ME2vz8Vocjg_seg47.wav,False,5.0,0.5327370166778564,0.08917497098445892,1250.830994772768,0.07555474175347222,2.1604604721069336,0.5747864246368408
/home/andres/Documentos/proyecto4geeks/data/raw/youtube/explosion/fufuluffQDY_seg120.wav,True,5.0,1.0656306743621826,0.09152606129646301,1509.9557250765165,0.07661720558449074,15.905586242675781,0.623130738735199
/home/andres/Documentos/proyecto4geeks/data/raw/youtube/explosion/UKR46LXG8_I_seg228.wav,False,5.0,1.1720635890960693,0.3255775272846222,1199.8192370510308,0.04560682508680555,1.3876733779907227,0.17141731083393097
/home/andres/Documentos/proyecto4geeks/data/raw/youtube/explosion/-DjvoQ3Cl5Y_seg45.wav,False,5.0,0.5289818048477173,0.12800092995166779,1258.10539026186,0.048737702546296294,0.038472652435302734,0.6576302647590637
/home/andres/Documentos/proyecto4geeks/data/raw/youtube/explosion/50IyVsS9EGQ_seg54.wav,False,5.0,0.7186673879623413,0.10768592357635498,1265.8143965875565,0.049070005063657406,4.960330486297607,0.02023717202246189
/home/andres/Documentos/proyecto4geeks/data/raw/youtube/explosion/UKR46LXG8_I_seg56.wav,False,5.0,1.1720635890960693,0.3256193995475769,1200.256392678538,0.04561812789351852,1.3855714797973633,0.12397149205207825
/home/andres/Documentos/proyecto4geeks/data/raw/youtube/explosion/UKR46LXG8_I_seg306.wav,False,5.0,1.1720634698867798,0.32584232091903687,1201.207656709145,0.045774106626157406,1.3739075660705566,0.7571824789047241
/home/andres/Documentos/proyecto4geeks/data/raw/youtube/explosion/5hF-SPK4jJA_seg35.wav,False,5.0,1.00230073928833,0.26164159178733826,813.8395097941682,0.034801341869212965,1.4874987602233887,1.9369122982025146
/home/andres/Documentos/proyecto4geeks/data/raw/youtube/explosion/Ezmqd42xLyA_seg44.wav,False,5.0,0.8093096017837524,0.19154419004917145,898.4967996595202,0.04194697627314815,1.3308696746826172,0.8635337948799133
/home/andres/Documentos/proyecto4geeks/data/raw/youtube/explosion/4us3VQU-7AE_seg180.wav,False,5.0,0.4656570255756378,0.11552439630031586,663.9436991142844,0.04026511863425926,0.10474681854248047,0.8816738724708557
/home/andres/Documentos/proyecto4geeks/data/raw/youtube/explosion/UKR46LXG8_I_seg299.wav,False,5.0,1.1720635890960693,0.31256264448165894,1163.4783651349517,0.04295292607060185,1.6677746772766113,2.657816171646118
/home/andres/Documentos/proyecto4geeks/data/raw/youtube/explosion/-ZPpxY60Zm4_seg149.wav,False,5.0,0.7438682913780212,0.102678582072258,754.1007360268524,0.02806486906828704,1.9709477424621582,1.6106805801391602
/home/andres/Documentos/proyecto4geeks/data/raw/youtube/explosion/-ZPpxY60Zm4_seg267.wav,False,5.0,1.007805585861206,0.322151780128479,884.2924972575996,0.04084156177662037,0.6083850860595703,1.7137949466705322
/home/andres/Documentos/proyecto4geeks/data/raw/youtube/explosion/UKR46LXG8_I_seg50.wav,False,5.0,1.1720634698867798,0.32584232091903687,1201.207328148472,0.045774106626157406,1.3739075660705566,0.7571823000907898
/home/andres/Documentos/proyecto4geeks/data/raw/youtube/explosion/Ezmqd42xLyA_seg116.wav,False,5.0,0.8135626316070557,0.14275811612606049,872.965211539308,0.03461597583912037,1.6177020072937012,0.9909451603889465
/home/andres/Documentos/proyecto4geeks/data/raw/youtube/explosion/-ZPpxY60Zm4_seg303.wav,False,5.0,1.0122603178024292,0.28331509232521057,1266.0139895461757,0.046436451099537035,2.5895333290100098,0.10175580531358719
/home/andres/Documentos/proyecto4geeks/data/raw/youtube/explosion/UKR46LXG8_I_seg250.wav,False,5.0,1.1720634698867798,0.3169257342815399,1173.2949671598512,0.043628833912037035,1.5988349914550781,1.796738862991333
/home/andres/Documentos/proyecto4geeks/data/raw/youtube/explosion/fufuluffQDY_seg136.wav,False,5.0,0.9040414094924927,0.2618350386619568,741.607598163143,0.021916142216435185,-0.5613133907318115,1.0456939935684204
/home/andres/Documentos/proyecto4geeks/data/raw/youtube/explosion/Ezmqd42xLyA_seg54.wav,False,5.0,0.803386926651001,0.18868602812290192,1386.366961858993,0.041022406684027776,2.6319808959960938,1.3558549880981445
/home/andres/Documentos/proyecto4geeks/data/raw/youtube/explosion/LQOkL1jaRfU_seg89.wav,False,5.0,0.9741647243499756,0.21544639766216278,1513.8374768307601,0.08601661964699074,0.3597133159637451,1.0244542360305786
/home/andres/Documentos/proyecto4geeks/data/raw/youtube/explosion/4us3VQU-7AE_seg131.wav,True,5.0,1.0892101526260376,0.22146303951740265,2203.749687176418,0.13498489945023148,1.4739484786987305,1.9427587985992432
/home/andres/Documentos/proyecto4geeks/data/raw/youtube/explosion/m5zzhKNxeGM_seg39.wav,False,5.0,1.0395573377609253,0.1918359398841858,1168.9268182135488,0.06089726200810185,2.6901135444641113,0.16514155268669128
/home/andres/Documentos/proyecto4geeks/data/raw/youtube/explosion/-ZPpxY60Zm4_seg41.wav,False,5.0,1.0018844604492188,0.2734837830066681,730.4041584067656,0.03359420211226852,0.8868370056152344,1.2590293884277344
/home/andres/Documentos/proyecto4geeks/data/raw/youtube/explosion/HTXiJpCDiH4_seg0.wav,False,5.0,1.0186591148376465,0.33915868401527405,734.8351041951917,0.03495958116319445,1.0182890892028809,3.919585722655938e-08
/home/andres/Documentos/proyecto4geeks/data/raw/youtube/explosion/ME2vz8Vocjg_seg9.wav,False,5.0,0.693051278591156,0.27762874960899353,554.8135446690711,0.01630542896412037,-0.33793091773986816,0.6164373755455017
/home/andres/Documentos/proyecto4geeks/data/raw/youtube/explosion/LQOkL1jaRfU_seg129.wav,False,5.0,0.8622926473617554,0.2799287438392639,1384.376062706979,0.06102611400462963,-0.35167479515075684,1.1427332162857056
/home/andres/Documentos/proyecto4geeks/data/raw/youtube/explosion/5hF-SPK4jJA_seg70.wav,False,5.0,0.6971268653869629,0.1222662404179573,1642.7128296792607,0.08484338831018519,2.0352072715759277,1.2148058414459229
/home/andres/Documentos/proyecto4geeks/data/raw/youtube/explosion/-ZPpxY60Zm4_seg336.wav,False,5.0,0.36012589931488037,0.06882651150226593,675.6527287254446,0.01982512297453704,3.1071367263793945,2.399960517883301
/home/andres/Documentos/proyecto4geeks/data/raw/youtube/explosion/UKR46LXG8_I_seg28.wav,False,5.0,1.2061468362808228,0.3219982385635376,1186.0965713314886,0.044840494791666664,1.520024299621582,0.88348388671875
/home/andres/Documentos/proyecto4geeks/data/raw/youtube/explosion/Ezmqd42xLyA_seg144.wav,False,5.0,0.9389408826828003,0.27171167731285095,2231.9441081354694,0.12200023509837964,-0.1747286319732666,1.0282069444656372
/home/andres/Documentos/proyecto4geeks/data/raw/youtube/explosion/4afB4wcRH-A_seg23.wav,False,5.0,0.9873899221420288,0.21316158771514893,1344.7505232258122,0.06035924840856482,1.3042235374450684,0.10986138880252838
/home/andres/Documentos/proyecto4geeks/data/raw/youtube/explosion/fufuluffQDY_seg119.wav,True,5.0,0.6475604772567749,0.05600741505622864,1625.3947338474973,0.0924388744212963,6.196605682373047,1.211788535118103
/home/andres/Documentos/proyecto4geeks/data/raw/youtube/explosion/fufuluffQDY_seg57.wav,False,5.0,0.9991490244865417,0.176899254322052,1564.2677565152337,0.09306504991319445,3.891000270843506,0.4583267867565155
/home/andres/Documentos/proyecto4geeks/data/raw/youtube/explosion/-ZPpxY60Zm4_seg244.wav,False,5.0,0.4240737557411194,0.08128275722265244,651.5870740004395,0.02042869285300926,1.2961688041687012,0.922994077205658
/home/andres/Documentos/proyecto4geeks/data/raw/youtube/explosion/Ezmqd42xLyA_seg34.wav,False,5.0,0.6878390908241272,0.16255268454551697,1334.3064610296274,0.07814760561342593,0.43981456756591797,0.5996296405792236
/home/andres/Documentos/proyecto4geeks/data/raw/youtube/explosion/-ZPpxY60Zm4_seg230.wav,False,5.0,1.0166550874710083,0.3487144112586975,1235.9927526360352,0.047819914641203706,0.4304361343383789,0.0028164624236524105
/home/andres/Documentos/proyecto4geeks/data/raw/youtube/explosion/LQOkL1jaRfU_seg55.wav,True,5.0,0.887673020362854,0.11436532437801361,2157.666974360416,0.17973949291087962,11.76867389678955,0.0006319030653685331
/home/andres/Documentos/proyecto4geeks/data/raw/youtube/explosion/-DjvoQ3Cl5Y_seg34.wav,False,5.0,0.5192402601242065,0.10681723803281784,1135.4494841416204,0.058492024739583336,0.008415699005126953,1.125828504562378
/home/andres/Documentos/proyecto4geeks/data/raw/youtube/explosion/Ezmqd42xLyA_seg141.wav,False,5.0,1.0108834505081177,0.3048432171344757,2006.188428346805,0.08961091218171297,-0.38303112983703613,1.02993905544281
/home/andres/Documentos/proyecto4geeks/data/raw/youtube/explosion/m5zzhKNxeGM_seg61.wav,True,5.0,0.6950215697288513,0.07214094698429108,667.7550698656352,0.02269603587962963,5.326864242553711,2.0901758670806885
/home/andres/Documentos/proyecto4geeks/data/raw/youtube/explosion/4us3VQU-7AE_seg140.wav,False,5.0,0.7342938184738159,0.254317969083786,1476.394011213663,0.07548466435185185,-0.23685836791992188,0.3746214807033539
/home/andres/Documentos/proyecto4geeks/data/raw/youtube/explosion/fufuluffQDY_seg124.wav,False,5.0,0.765430212020874,0.24977388978004456,747.2696379392358,0.021518283420138888,-0.5323121547698975,1.024963140487671
/home/andres/Documentos/proyecto4geeks/data/raw/youtube/explosion/5hF-SPK4jJA_seg32.wav,False,5.0,0.6735489964485168,0.08665885776281357,1189.493450846111,0.08248336226851852,3.8905534744262695,0.5888275504112244
/home/andres/Documentos/proyecto4geeks/data/raw/youtube/explosion/-ZPpxY60Zm4_seg317.wav,False,5.0,0.7594684958457947,0.1115148738026619,735.428749716094,0.02843334056712963,1.700582504272461,1.2751007080078125
/home/andres/Documentos/proyecto4geeks/data/raw/youtube/explosion/Ezmqd42xLyA_seg138.wav,False,5.0,0.9798658490180969,0.29851454496383667,2110.5090836949657,0.09467456958912036,-0.38367724418640137,0.8571796417236328
/home/andres/Documentos/proyecto4geeks/data/raw/youtube/explosion/-ZPpxY60Zm4_seg225.wav,False,5.0,0.7375392913818359,0.13718156516551971,766.2662187174262,0.031439887152777776,1.3795056343078613,1.3869763612747192
/home/andres/Documentos/proyecto4geeks/data/raw/youtube/explosion/m5zzhKNxeGM_seg50.wav,False,5.0,0.824090301990509,0.1919718235731125,504.55010622391444,0.030598958333333332,2.1728477478027344,1.007250189781189
/home/andres/Documentos/proyecto4geeks/data/raw/youtube/explosion/f0gB369NYFA_seg29.wav,False,5.0,0.9622375965118408,0.18545496463775635,695.4061558810113,0.026046187789351853,2.545300006866455,0.5584861040115356
/home/andres/Documentos/proyecto4geeks/data/raw/youtube/explosion/50IyVsS9EGQ_seg37.wav,False,5.0,0.7461053133010864,0.11892510205507278,2299.895800787696,0.17112223307291666,2.4369096755981445,1.0518451929092407
/home/andres/Documentos/proyecto4geeks/data/raw/youtube/explosion/UKR46LXG8_I_seg312.wav,False,5.0,1.1720635890960693,0.3256193995475769,1200.2561569874047,0.04561812789351852,1.3855714797973633,0.12397148460149765
/home/andres/Documentos/proyecto4geeks/data/raw/youtube/explosion/LQOkL1jaRfU_seg113.wav,False,5.0,0.6696449518203735,0.19110168516635895,861.3826043840209,0.03534387659143518,0.1645810604095459,0.9303621649742126
/home/andres/Documentos/proyecto4geeks/data/raw/youtube/explosion/-ZPpxY60Zm4_seg271.wav,False,5.0,0.7243102788925171,0.12810823321342468,724.0249859594386,0.028324833622685185,1.6264758110046387,1.7032017707824707
/home/andres/Documentos/proyecto4geeks/data/raw/youtube/explosion/-DjvoQ3Cl5Y_seg42.wav,False,5.0,0.39181411266326904,0.08419491350650787,1380.3269261738853,0.07300708912037036,0.2249147891998291,0.8114347457885742
/home/andres/Documentos/proyecto4geeks/data/raw/youtube/explosion/UKR46LXG8_I_seg118.wav,False,5.0,1.2061469554901123,0.3196643590927124,1178.4976456815755,0.04469355830439815,1.5723509788513184,1.3205255270004272
/home/andres/Documentos/proyecto4geeks/data/raw/youtube/explosion/UKR46LXG8_I_seg97.wav,False,5.0,1.1720637083053589,0.3257397711277008,1206.357310490473,0.045633951822916664,1.379345417022705,0.06859545409679413
/home/andres/Documentos/proyecto4geeks/data/raw/youtube/explosion/fufuluffQDY_seg32.wav,False,5.0,1.071300983428955,0.2506401538848877,978.3987118838785,0.030965169270833332,0.1461179256439209,1.3043620586395264
/home/andres/Documentos/proyecto4geeks/data/raw/youtube/explosion/UKR46LXG8_I_seg302.wav,False,5.0,1.1720635890960693,0.32584643363952637,1180.4895092964148,0.044605396412037035,1.3736371994018555,2.7176897525787354
/home/andres/Documentos/proyecto4geeks/data/raw/youtube/explosion/50IyVsS9EGQ_seg4.wav,False,5.0,0.3574907183647156,0.07061554491519928,877.6526977320389,0.0572509765625,0.49530506134033203,0.850547194480896
/home/andres/Documentos/proyecto4geeks/data/raw/youtube/explosion/UKR46LXG8_I_seg282.wav,False,5.0,1.2061469554901123,0.32392504811286926,1190.2066963494378,0.044684516059027776,1.4616107940673828,0.7001751065254211
/home/andres/Documentos/proyecto4geeks/data/raw/youtube/explosion/5hF-SPK4jJA_seg49.wav,False,5.0,0.5581320524215698,0.0911983847618103,1230.5700012347472,0.04620813440393518,3.027099609375,1.7763471603393555
/home/andres/Documentos/proyecto4geeks/data/raw/youtube/explosion/-ZPpxY60Zm4_seg343.wav,False,5.0,1.013321876525879,0.3417394459247589,1233.0573474179962,0.04817030164930555,0.6726500988006592,0.012027541175484657
/home/andres/Documentos/proyecto4geeks/data/raw/youtube/explosion/m5zzhKNxeGM_seg108.wav,False,5.0,0.3702796697616577,0.07627584785223007,1219.7070486575185,0.05312771267361111,0.8214786052703857,1.6045514345169067
/home/andres/Documentos/proyecto4geeks/data/raw/youtube/explosion/4us3VQU-7AE_seg147.wav,False,5.0,0.651212215423584,0.12739671766757965,1162.5973769032178,0.057994701244212965,0.8992257118225098,0.9710894227027893
/home/andres/Documentos/proyecto4geeks/data/raw/youtube/explosion/-ZPpxY60Zm4_seg331.wav,False,5.0,1.028326153755188,0.35824912786483765,1075.4374584821637,0.049985532407407406,0.13895511627197266,1.0992815494537354
/home/andres/Documentos/proyecto4geeks/data/raw/youtube/explosion/5hF-SPK4jJA_seg59.wav,False,5.0,0.6471307277679443,0.09559096395969391,1087.5830304929725,0.04206226490162037,7.649791717529297,0.8142159581184387
/home/andres/Documentos/proyecto4geeks/data/raw/youtube/explosion/-DjvoQ3Cl5Y_seg57.wav,False,5.0,0.9956101775169373,0.18545369803905487,1244.6865579334853,0.060614691840277776,3.117405414581299,0.7432569265365601
/home/andres/Documentos/proyecto4geeks/data/raw/youtube/explosion/-ZPpxY60Zm4_seg76.wav,False,5.0,0.40496063232421875,0.0780625268816948,620.5679589655513,0.01787425853587963,1.7816338539123535,0.861936092376709
/home/andres/Documentos/proyecto4geeks/data/raw/youtube/explosion/50IyVsS9EGQ_seg14.wav,False,5.0,0.8214334845542908,0.16681571304798126,1716.3319098445575,0.11256465205439815,1.9209680557250977,0.06665437668561935
/home/andres/Documentos/proyecto4geeks/data/raw/youtube/explosion/m5zzhKNxeGM_seg4.wav,False,5.0,0.7288709878921509,0.11260051280260086,1040.9588710318617,0.05495650679976852,3.6688718795776367,2.195636510848999
/home/andres/Documentos/proyecto4geeks/data/raw/youtube/explosion/UKR46LXG8_I_seg335.wav,False,5.0,1.2061467170715332,0.3168030381202698,1167.7601525325,0.043707953559027776,1.604504108428955,1.738472580909729
/home/andres/Documentos/proyecto4geeks/data/raw/youtube/explosion/-ZPpxY60Zm4_seg152.wav,False,5.0,0.7326810956001282,0.10738293081521988,739.8576518259237,0.028229890046296297,1.8410325050354004,1.3535553216934204
/home/andres/Documentos/proyecto4geeks/data/raw/youtube/explosion/fufuluffQDY_seg61.wav,False,5.0,1.0379745960235596,0.23905496299266815,898.8658255533481,0.046454535590277776,0.39928317070007324,0.8720574378967285
/home/andres/Documentos/proyecto4geeks/data/raw/youtube/explosion/UKR46LXG8_I_seg212.wav,False,5.0,1.2061465978622437,0.31433507800102234,1169.296360241684,0.04403347439236111,1.6506977081298828,2.4128358364105225
/home/andres/Documentos/proyecto4geeks/data/raw/youtube/explosion/4us3VQU-7AE_seg34.wav,False,5.0,0.7845512628555298,0.08478256314992905,1091.2260562663,0.04383680555555555,12.804388999938965,0.3315909802913666
/home/andres/Documentos/proyecto4geeks/data/raw/youtube/explosion/UKR46LXG8_I_seg60.wav,False,5.0,1.1720635890960693,0.32531046867370605,1199.1728813586944,0.045502839265046294,1.4011015892028809,0.26942768692970276
/home/andres/Documentos/proyecto4geeks/data/raw/youtube/explosion/fufuluffQDY_seg46.wav,False,5.0,0.4215296506881714,0.11431251466274261,1322.8742444233967,0.05736400462962963,-0.4007289409637451,0.9714218378067017
/home/andres/Documentos/proyecto4geeks/data/raw/youtube/explosion/Ezmqd42xLyA_seg51.wav,False,5.0,0.5685604810714722,0.16352227330207825,489.18578335692314,0.014067473234953705,0.552664041519165,1.097280502319336
/home/andres/Documentos/proyecto4geeks/data/raw/youtube/explosion/4us3VQU-7AE_seg50.wav,False,5.0,0.7022488117218018,0.16098041832447052,1910.6481943316833,0.11176441333912036,0.5641038417816162,0.3193170130252838
/home/andres/Documentos/proyecto4geeks/data/raw/youtube/explosion/fufuluffQDY_seg218.wav,False,5.0,0.9490708112716675,0.26552799344062805,1010.0403783736205,0.05313901548032408,-0.13522672653198242,1.0188339948654175
/home/andres/Documentos/proyecto4geeks/data/raw/youtube/explosion/fufuluffQDY_seg10.wav,False,5.0,0.9863542318344116,0.21446746587753296,2306.7255653056086,0.14845558449074073,0.20839142799377441,1.0521893501281738
/home/andres/Documentos/proyecto4geeks/data/raw/youtube/explosion/UKR46LXG8_I_seg247.wav,False,5.0,1.2061471939086914,0.31974002718925476,1174.7262314417353,0.04401538990162037,1.559028148651123,1.43105947971344
/home/andres/Documentos/proyecto4geeks/data/raw/youtube/explosion/m5zzhKNxeGM_seg89.wav,False,5.0,0.5240188837051392,0.08777038753032684,899.2219377944622,0.043811939380787035,1.358149528503418,1.0623170137405396
/home/andres/Documentos/proyecto4geeks/data/raw/youtube/explosion/eV8itVdo9f8_seg5.wav,False,5.0,0.3553270995616913,0.07235320657491684,1092.6301611169692,0.03202085141782408,3.517512798309326,2.8643922805786133
/home/andres/Documentos/proyecto4geeks/data/raw/youtube/explosion/LQOkL1jaRfU_seg144.wav,False,5.0,0.7352280020713806,0.14439314603805542,1813.1468277356962,0.1420559353298611,1.5160613059997559,1.02066171169281
/home/andres/Documentos/proyecto4geeks/data/raw/youtube/explosion/fufuluffQDY_seg165.wav,False,5.0,0.9390824437141418,0.20731563866138458,690.443012104395,0.022558141637731483,1.1620631217956543,1.2861078977584839
/home/andres/Documentos/proyecto4geeks/data/raw/youtube/explosion/fufuluffQDY_seg166.wav,False,5.0,0.9479820728302002,0.23564691841602325,722.7114023134534,0.022544578269675927,0.013067245483398438,1.0134822130203247
/home/andres/Documentos/proyecto4geeks/data/raw/youtube/explosion/UKR46LXG8_I_seg309.wav,False,5.0,1.2061468362808228,0.32601743936538696,1204.167163827814,0.04519992404513889,1.3706779479980469,0.03793936222791672
/home/andres/Documentos/proyecto4geeks/data/raw/youtube/explosion/-ZPpxY60Zm4_seg210.wav,False,5.0,0.7273538112640381,0.11406341195106506,733.3257897002345,0.02796314380787037,1.5313425064086914,1.4237011671066284
/home/andres/Documentos/proyecto4geeks/data/raw/youtube/explosion/UKR46LXG8_I_seg315.wav,False,5.0,1.2061469554901123,0.3256596028804779,1201.7944300617262,0.045055248119212965,1.3891096115112305,0.23233211040496826
/home/andres/Documentos/proyecto4geeks/data/raw/youtube/explosion/-ZPpxY60Zm4_seg256.wav,False,5.0,0.74267578125,0.10187970101833344,757.3162438406421,0.02751781322337963,2.0626659393310547,1.7532272338867188
/home/andres/Documentos/proyecto4geeks/data/raw/youtube/explosion/ME2vz8Vocjg_seg51.wav,False,5.0,0.6058476567268372,0.1719176173210144,2101.4574905591444,0.10845947265625,-0.21727967262268066,1.146113634109497
/home/andres/Documentos/proyecto4geeks/data/raw/youtube/explosion/Ezmqd42xLyA_seg118.wav,False,5.0,1.1022824048995972,0.09264518320560455,686.5753027300859,0.033976236979166664,39.47053909301758,1.311700463294983
/home/andres/Documentos/proyecto4geeks/data/raw/youtube/explosion/UKR46LXG8_I_seg214.wav,False,5.0,1.2061467170715332,0.30958858132362366,1160.7137626129888,0.04340503833912037,1.6789655685424805,2.733919858932495
/home/andres/Documentos/proyecto4geeks/data/raw/youtube/explosion/UKR46LXG8_I_seg12.wav,False,5.0,1.2061467170715332,0.3259609639644623,1211.1598585943484,0.04514341001157408,1.373591423034668,0.0754886120557785
/home/andres/Documentos/proyecto4geeks/data/raw/youtube/explosion/UKR46LXG8_I_seg10.wav,False,5.0,1.2061469554901123,0.3260110020637512,1201.8450609064123,0.04519314236111111,1.3709793090820312,0.02962334454059601
/home/andres/Documentos/proyecto4geeks/data/raw/youtube/explosion/Ezmqd42xLyA_seg0.wav,False,5.0,0.8388648629188538,0.11636919528245926,969.1007988965998,0.03899242259837963,4.639277935028076,0.18923144042491913
/home/andres/Documentos/proyecto4geeks/data/raw/youtube/explosion/m5zzhKNxeGM_seg72.wav,False,5.0,0.7460962533950806,0.18893654644489288,1237.774313112798,0.07969156901041667,-0.003660917282104492,1.0700565576553345
/home/andres/Documentos/proyecto4geeks/data/raw/youtube/explosion/LQOkL1jaRfU_seg15.wav,False,5.0,0.9725203514099121,0.2926175892353058,1979.1550492175852,0.1315239800347222,0.08550262451171875,0.2098851352930069
/home/andres/Documentos/proyecto4geeks/data/raw/youtube/explosion/ME2vz8Vocjg_seg29.wav,True,5.0,0.5987588167190552,0.08384571224451065,1726.6650597661355,0.11212384259259259,8.074105262756348,0.558149516582489
/home/andres/Documentos/proyecto4geeks/data/raw/youtube/explosion/UKR46LXG8_I_seg26.wav,False,5.0,1.2061469554901123,0.32392504811286926,1190.2065364286043,0.044684516059027776,1.4616117477416992,0.7001751661300659
/home/andres/Documentos/proyecto4geeks/data/raw/youtube/explosion/fufuluffQDY_seg193.wav,False,5.0,0.9514544010162354,0.2573431134223938,987.8729284350185,0.0494384765625,-0.06760168075561523,1.0283150672912598
/home/andres/Documentos/proyecto4geeks/data/raw/youtube/explosion/50IyVsS9EGQ_seg40.wav,False,5.0,0.4189537763595581,0.0652051568031311,946.4129091444222,0.04315185546875,6.74050235748291,0.5524444580078125
/home/andres/Documentos/proyecto4geeks/data/raw/youtube/explosion/4us3VQU-7AE_seg35.wav,False,5.0,0.7192552089691162,0.07248276472091675,879.5898029860472,0.02815529152199074,6.661198616027832,0.14966131746768951
/home/andres/Documentos/proyecto4geeks/data/raw/youtube/explosion/4us3VQU-7AE_seg130.wav,False,5.0,1.1315484046936035,0.25131887197494507,2075.366964008923,0.09796368634259259,1.3315472602844238,0.7451140880584717
/home/andres/Documentos/proyecto4geeks/data/raw/youtube/explosion/Ezmqd42xLyA_seg103.wav,False,5.0,1.0376133918762207,0.37057510018348694,951.702386266351,0.048276548032407406,-0.09816884994506836,1.0310345888137817
/home/andres/Documentos/proyecto4geeks/data/raw/youtube/explosion/fufuluffQDY_seg125.wav,False,5.0,0.8144116997718811,0.24724933505058289,743.9558412682561,0.02356183087384259,-0.47218894958496094,1.0569952726364136
/home/andres/Documentos/proyecto4geeks/data/raw/youtube/explosion/-ZPpxY60Zm4_seg202.wav,False,5.0,1.0246388912200928,0.2613283693790436,1220.8558692674517,0.041510687934027776,4.0893707275390625,0.2834712266921997
/home/andres/Documentos/proyecto4geeks/data/raw/youtube/explosion/UKR46LXG8_I_seg189.wav,False,5.0,1.1720635890960693,0.3253186345100403,1187.6509722572669,0.04526095920138889,1.4008584022521973,0.30760183930397034
/home/andres/Documentos/proyecto4geeks/data/raw/youtube/explosion/Ezmqd42xLyA_seg117.wav,True,5.0,1.102837324142456,0.09231504052877426,625.4099983551049,0.022454155815972224,29.808856964111328,2.0228822231292725
/home/andres/Documentos/proyecto4geeks/data/raw/youtube/explosion/5hF-SPK4jJA_seg17.wav,False,5.0,0.9867421984672546,0.18651890754699707,773.7682213095468,0.044230143229166664,3.957552909851074,0.5043558478355408
/home/andres/Documentos/proyecto4geeks/data/raw/youtube/explosion/UKR46LXG8_I_seg310.wav,False,5.0,1.1720635890960693,0.3257467746734619,1201.03485857872,0.04562943070023148,1.3788509368896484,0.060248758643865585
/home/andres/Documentos/proyecto4geeks/data/raw/youtube/explosion/m5zzhKNxeGM_seg63.wav,False,5.0,0.7919754981994629,0.27591925859451294,668.751158209669,0.029455114293981483,-0.29471826553344727,1.1228193044662476
/home/andres/Documentos/proyecto4geeks/data/raw/youtube/explosion/UKR46LXG8_I_seg211.wav,False,5.0,1.1720635890960693,0.3171766996383667,1172.2522613809892,0.04375768590856482,1.5979890823364258,2.2843315601348877
/home/andres/Documentos/proyecto4geeks/data/raw/youtube/explosion/m5zzhKNxeGM_seg109.wav,False,5.0,0.7997680902481079,0.16771867871284485,1093.737726372968,0.06000660083912037,0.611461877822876,0.342146635055542
/home/andres/Documentos/proyecto4geeks/data/raw/youtube/explosion/UKR46LXG8_I_seg172.wav,False,5.0,1.1720635890960693,0.3070164918899536,1159.7503687707322,0.042731391059027776,1.6601967811584473,2.8925187587738037
/home/andres/Documentos/proyecto4geeks/data/raw/youtube/explosion/4us3VQU-7AE_seg174.wav,False,5.0,0.32627952098846436,0.053984176367521286,1193.1856949346477,0.053679289641203706,1.8448467254638672,1.1514966487884521
/home/andres/Documentos/proyecto4geeks/data/raw/youtube/explosion/5hF-SPK4jJA_seg55.wav,False,5.0,1.0009143352508545,0.27255281805992126,551.848581722294,0.03382930049189815,0.42220592498779297,0.7962692379951477
/home/andres/Documentos/proyecto4geeks/data/raw/youtube/explosion/-ZPpxY60Zm4_seg104.wav,False,5.0,1.0192657709121704,0.16631494462490082,1064.6786159215085,0.032511393229166664,12.130280494689941,0.7351787686347961
/home/andres/Documentos/proyecto4geeks/data/raw/youtube/explosion/UKR46LXG8_I_seg46.wav,False,5.0,1.1720635890960693,0.32584643363952637,1180.4893861483613,0.044605396412037035,1.3736376762390137,2.7176897525787354
/home/andres/Documentos/proyecto4geeks/data/raw/youtube/explosion/m5zzhKNxeGM_seg8.wav,False,5.0,0.6650172472000122,0.11158192902803421,1175.211074219053,0.07871726707175926,0.3884894847869873,1.3307214975357056
/home/andres/Documentos/proyecto4geeks/data/raw/youtube/explosion/-ZPpxY60Zm4_seg69.wav,False,5.0,0.953640341758728,0.15706805884838104,790.5157352647751,0.03471544053819445,1.4916796684265137,1.7367204427719116
/home/andres/Documentos/proyecto4geeks/data/raw/youtube/explosion/m5zzhKNxeGM_seg71.wav,False,5.0,0.6895850300788879,0.14369848370552063,1460.838633049085,0.08436188874421297,1.0529913902282715,0.3380005955696106
/home/andres/Documentos/proyecto4geeks/data/raw/youtube/explosion/Ezmqd42xLyA_seg122.wav,False,5.0,0.5510427355766296,0.07241615653038025,831.1722337960697,0.03446225766782408,1.392256259918213,0.7870546579360962
/home/andres/Documentos/proyecto4geeks/data/raw/youtube/explosion/fufuluffQDY_seg70.wav,False,5.0,0.3748210370540619,0.06018690764904022,887.1370529428801,0.03880253544560185,3.5466060638427734,0.8552958369255066
/home/andres/Documentos/proyecto4geeks/data/raw/youtube/explosion/-ZPpxY60Zm4_seg66.wav,False,5.0,0.9767386317253113,0.1468454897403717,782.9979199574435,0.03421359592013889,1.7092094421386719,1.6254154443740845
/home/andres/Documentos/proyecto4geeks/data/raw/youtube/explosion/UKR46LXG8_I_seg325.wav,False,5.0,1.2061465978622437,0.32308894395828247,1190.8031082887446,0.044971607349537035,1.484818935394287,0.7083629369735718
/home/andres/Documentos/proyecto4geeks/data/raw/youtube/explosion/UKR46LXG8_I_seg52.wav,False,5.0,1.1720634698867798,0.3257950246334076,1202.6293567818473,0.04557743778935185,1.3764300346374512,0.020177632570266724
/home/andres/Documentos/proyecto4geeks/data/raw/youtube/explosion/-DjvoQ3Cl5Y_seg49.wav,False,5.0,0.5451841354370117,0.10987025499343872,1251.0821714589838,0.0630154079861111,1.1450142860412598,0.5008613467216492
/home/andres/Documentos/proyecto4geeks/data/raw/youtube/explosion/-ZPpxY60Zm4_seg150.wav,False,5.0,1.0133564472198486,0.24860697984695435,1182.0451246986136,0.03971806278935185,4.963205337524414,0.3341163992881775
/home/andres/Documentos/proyecto4geeks/data/raw/youtube/explosion/4us3VQU-7AE_seg21.wav,False,5.0,0.6656054854393005,0.08242456614971161,843.9789831529314,0.043341742621527776,3.603778839111328,1.1710313558578491
/home/andres/Documentos/proyecto4geeks/data/raw/youtube/explosion/fufuluffQDY_seg113.wav,False,5.0,1.0940842628479004,0.154995396733284,809.8610090721515,0.033515082465277776,2.9791483879089355,0.737833559513092
/home/andres/Documentos/proyecto4geeks/data/raw/youtube/explosion/LQOkL1jaRfU_seg93.wav,True,5.0,0.6346343755722046,0.13236117362976074,1549.8168505347796,0.0791015625,1.759751796722412,2.0068199634552
/home/andres/Documentos/proyecto4geeks/data/raw/youtube/explosion/fufuluffQDY_seg153.wav,False,5.0,0.7980524301528931,0.2227189540863037,728.6996166738508,0.023643211082175927,-0.03157687187194824,0.9894468784332275
/home/andres/Documentos/proyecto4geeks/data/raw/youtube/explosion/fufuluffQDY_seg132.wav,False,5.0,0.9653563499450684,0.22523610293865204,623.9363169835146,0.02105712890625,0.46177124977111816,0.9411598443984985
/home/andres/Documentos/proyecto4geeks/data/raw/youtube/explosion/5hF-SPK4jJA_seg38.wav,False,5.0,0.669520914554596,0.12356354296207428,1587.2248223971653,0.10657868561921297,0.8661916255950928,0.7393245697021484
/home/andres/Documentos/proyecto4geeks/data/raw/youtube/explosion/fufuluffQDY_seg118.wav,False,5.0,0.9702184200286865,0.15298610925674438,1154.284080339907,0.06616436993634259,1.2255430221557617,1.3663394451141357
/home/andres/Documentos/proyecto4geeks/data/raw/youtube/explosion/m5zzhKNxeGM_seg93.wav,False,5.0,0.5504868030548096,0.13436847925186157,1549.1009160580504,0.07135235821759259,0.44921422004699707,1.2983022928237915
/home/andres/Documentos/proyecto4geeks/data/raw/youtube/explosion/UKR46LXG8_I_seg117.wav,False,5.0,1.1720634698867798,0.32175999879837036,1171.9537793609582,0.04424596715856482,1.529494285583496,1.2261675596237183
/home/andres/Documentos/proyecto4geeks/data/raw/youtube/explosion/m5zzhKNxeGM_seg45.wav,False,5.0,1.0476791858673096,0.1696571260690689,2892.4224660101045,0.21532751012731483,3.1006903648376465,1.0728211402893066
/home/andres/Documentos/proyecto4geeks/data/raw/youtube/explosion/m5zzhKNxeGM_seg3.wav,False,5.0,0.7822380065917969,0.13110582530498505,1171.9795644527248,0.054131401909722224,4.084159851074219,1.2820796966552734
/home/andres/Documentos/proyecto4geeks/data/raw/youtube/explosion/fufuluffQDY_seg33.wav,False,5.0,1.0008469820022583,0.2018076777458191,1157.413272400205,0.044910572193287035,1.8641257286071777,1.3349381685256958
/home/andres/Documentos/proyecto4geeks/data/raw/youtube/explosion/ME2vz8Vocjg_seg2.wav,False,5.0,0.6533427238464355,0.22049038112163544,686.8166472804259,0.04080765335648148,-0.20667529106140137,1.005354404449463
/home/andres/Documentos/proyecto4geeks/data/raw/youtube/explosion/-ZPpxY60Zm4_seg184.wav,False,5.0,1.011075735092163,0.33366718888282776,1266.9527282746267,0.04776566116898148,0.9406421184539795,0.02277250774204731
/home/andres/Documentos/proyecto4geeks/data/raw/youtube/explosion/4afB4wcRH-A_seg0.wav,False,5.0,0.9660272598266602,0.13321839272975922,1401.8148891327162,0.10843460648148148,7.142061233520508,0.66195148229599
/home/andres/Documentos/proyecto4geeks/data/raw/youtube/explosion/UKR46LXG8_I_seg255.wav,False,5.0,1.2061465978622437,0.3149252235889435,1169.8559645657815,0.043759946469907406,1.639571189880371,2.4847984313964844
/home/andres/Documentos/proyecto4geeks/data/raw/youtube/explosion/ME2vz8Vocjg_seg42.wav,True,5.0,0.658595621585846,0.08529850840568542,1101.058569092381,0.049906412760416664,8.400177001953125,3.9069125652313232
/home/andres/Documentos/proyecto4geeks/data/raw/youtube/explosion/m5zzhKNxeGM_seg81.wav,False,5.0,1.0103988647460938,0.19818264245986938,988.9668479675004,0.03768355758101852,3.4770431518554688,0.5437047481536865
/home/andres/Documentos/proyecto4geeks/data/raw/youtube/explosion/m5zzhKNxeGM_seg65.wav,False,5.0,0.7045256495475769,0.1191662847995758,419.3796766512044,0.01672137225115741,1.816115379333496,1.2118126153945923
/home/andres/Documentos/proyecto4geeks/data/raw/youtube/explosion/5hF-SPK4jJA_seg73.wav,True,5.0,1.0229235887527466,0.14484919607639313,1648.0200138082453,0.08574083116319445,11.851218223571777,0.20559214055538177
/home/andres/Documentos/proyecto4geeks/data/raw/youtube/explosion/LQOkL1jaRfU_seg36.wav,False,5.0,0.42062368988990784,0.08291033655405045,627.8167201896517,0.019415961371527776,0.28113484382629395,0.9092888236045837
/home/andres/Documentos/proyecto4geeks/data/raw/youtube/explosion/-ZPpxY60Zm4_seg72.wav,False,5.0,0.9632459282875061,0.1647915244102478,795.8828751907005,0.03500705295138889,1.254171371459961,1.677475929260254
/home/andres/Documentos/proyecto4geeks/data/raw/youtube/explosion/UKR46LXG8_I_seg73.wav,False,5.0,1.2061469554901123,0.32113540172576904,1175.9832129716542,0.04450367115162037,1.539236068725586,1.117774486541748
/home/andres/Documentos/proyecto4geeks/data/raw/youtube/explosion/fufuluffQDY_seg22.wav,False,5.0,1.0204229354858398,0.18664070963859558,1129.9420880680332,0.058247884114583336,3.5224103927612305,0.9455593824386597
/home/andres/Documentos/proyecto4geeks/data/raw/youtube/explosion/m5zzhKNxeGM_seg5.wav,False,5.0,0.6286472082138062,0.14940398931503296,1256.707416893139,0.07100423177083333,1.0977592468261719,0.7405360341072083
/home/andres/Documentos/proyecto4geeks/data/raw/youtube/explosion/-ZPpxY60Zm4_seg73.wav,False,5.0,0.4307544231414795,0.07637011259794235,628.7567190381211,0.01841453269675926,2.1124963760375977,1.1594046354293823
/home/andres/Documentos/proyecto4geeks/data/raw/youtube/explosion/-ZPpxY60Zm4_seg157.wav,False,5.0,1.0579429864883423,0.31296560168266296,856.997971990618,0.03989212601273148,0.6459791660308838,1.613930583000183
/home/andres/Documentos/proyecto4geeks/data/raw/youtube/explosion/fufuluffQDY_seg204.wav,False,5.0,0.9756847023963928,0.25246262550354004,1065.1390147420232,0.05659315321180555,0.1325068473815918,1.1086393594741821
/home/andres/Documentos/proyecto4geeks/data/raw/youtube/explosion/4us3VQU-7AE_seg7.wav,False,5.0,0.9109218716621399,0.18355435132980347,1216.6170855797104,0.05436423972800926,1.0097885131835938,0.7947131395339966
/home/andres/Documentos/proyecto4geeks/data/raw/youtube/explosion/eV8itVdo9f8_seg11.wav,False,5.0,0.9763730764389038,0.1973692923784256,785.7096694227051,0.01800537109375,2.4644875526428223,2.14923095703125
/home/andres/Documentos/proyecto4geeks/data/raw/youtube/explosion/-ZPpxY60Zm4_seg338.wav,False,5.0,0.9308286905288696,0.14842820167541504,788.1826996578917,0.033515082465277776,1.640150547027588,1.6627569198608398
/home/andres/Documentos/proyecto4geeks/data/raw/youtube/explosion/UKR46LXG8_I_seg20.wav,False,5.0,1.2061465978622437,0.32533392310142517,1195.2748182627035,0.04477719907407408,1.4051342010498047,0.3658832013607025
/home/andres/Documentos/proyecto4geeks/data/raw/youtube/explosion/-ZPpxY60Zm4_seg347.wav,False,5.0,0.9511783123016357,0.17778544127941132,791.7474817538427,0.03553150318287037,1.022143840789795,1.629638910293579
/home/andres/Documentos/proyecto4geeks/data/raw/youtube/explosion/-ZPpxY60Zm4_seg63.wav,False,5.0,0.7350990772247314,0.13848558068275452,770.6656707063897,0.03232376663773148,1.36991548538208,1.38591468334198
/home/andres/Documentos/proyecto4geeks/data/raw/youtube/explosion/fufuluffQDY_seg29.wav,False,5.0,0.9081940054893494,0.19578979909420013,1152.1552855590664,0.03632948133680555,0.3645052909851074,1.1778538227081299
/home/andres/Documentos/proyecto4geeks/data/raw/youtube/explosion/ME2vz8Vocjg_seg1.wav,False,5.0,1.0076614618301392,0.26984506845474243,751.3931397415652,0.036379213686342594,0.8691747188568115,1.7749111652374268
/home/andres/Documentos/proyecto4geeks/data/raw/youtube/explosion/50IyVsS9EGQ_seg60.wav,False,5.0,0.5906845331192017,0.09424114972352982,2438.0326767808547,0.18156602647569445,0.4617438316345215,0.9791463017463684
/home/andres/Documentos/proyecto4geeks/data/raw/youtube/explosion/-ZPpxY60Zm4_seg141.wav,False,5.0,1.0167596340179443,0.28130903840065,1248.4451444166625,0.044675473813657406,2.7153053283691406,0.11227263510227203
/home/andres/Documentos/proyecto4geeks/data/raw/youtube/explosion/Ezmqd42xLyA_seg101.wav,False,5.0,1.0333466529846191,0.3650657534599304,897.9144550048536,0.04834436487268518,0.3723328113555908,0.8771276473999023
/home/andres/Documentos/proyecto4geeks/data/raw/youtube/explosion/UKR46LXG8_I_seg283.wav,False,5.0,1.1720635890960693,0.32228192687034607,1191.804508681792,0.04522252965856482,1.507096290588379,0.7626301646232605
/home/andres/Documentos/proyecto4geeks/data/raw/youtube/explosion/UKR46LXG8_I_seg47.wav,False,5.0,1.2061467170715332,0.3260900676250458,1172.7569790861692,0.04454210069444445,1.3667011260986328,2.180727958679199
/home/andres/Documentos/proyecto4geeks/data/raw/youtube/explosion/m5zzhKNxeGM_seg36.wav,False,5.0,0.7362222075462341,0.08674682676792145,1251.3261752805815,0.07962827329282407,5.957464218139648,1.2797616720199585
/home/andres/Documentos/proyecto4geeks/data/raw/youtube/explosion/UKR46LXG8_I_seg347.wav,False,5.0,1.1720635890960693,0.32584360241889954,1198.1339890983475,0.045826099537037035,1.3737258911132812,1.4904849529266357
/home/andres/Documentos/proyecto4geeks/data/raw/youtube/explosion/-ZPpxY60Zm4_seg255.wav,False,5.0,1.0049991607666016,0.2600646913051605,694.4909823687104,0.03226499204282408,1.1306486129760742,1.3402293920516968
/home/andres/Documentos/proyecto4geeks/data/raw/youtube/explosion/UKR46LXG8_I_seg159.wav,False,5.0,1.206146478652954,0.3209129869937897,1180.3667895920225,0.04431604456018518,1.5421862602233887,1.1874682903289795
/home/andres/Documentos/proyecto4geeks/data/raw/youtube/explosion/ME2vz8Vocjg_seg33.wav,False,5.0,0.545296847820282,0.07393275201320648,708.8469442044822,0.030680338541666668,4.795968055725098,1.0234768390655518
/home/andres/Documentos/proyecto4geeks/data/raw/youtube/explosion/4us3VQU-7AE_seg1.wav,False,5.0,0.552362322807312,0.0936029851436615,832.5160540832672,0.035257975260416664,1.5425591468811035,0.7693153619766235
/home/andres/Documentos/proyecto4geeks/data/raw/youtube/explosion/-ZPpxY60Zm4_seg103.wav,False,5.0,0.7563136219978333,0.11657107621431351,728.3613455247347,0.02777325665509259,1.5891661643981934,1.5211373567581177
/home/andres/Documentos/proyecto4geeks/data/raw/youtube/explosion/4us3VQU-7AE_seg44.wav,False,5.0,1.1038422584533691,0.7447049617767334,785.3365404939914,0.022734465422453703,-1.6001635789871216,1.1454558372497559
/home/andres/Documentos/proyecto4geeks/data/raw/youtube/explosion/LQOkL1jaRfU_seg118.wav,False,5.0,0.45374375581741333,0.1679006814956665,1332.574867972625,0.05751094111689815,-0.4583089351654053,1.0271390676498413
/home/andres/Documentos/proyecto4geeks/data/raw/youtube/explosion/UKR46LXG8_I_seg348.wav,False,5.0,1.206146478652954,0.32609009742736816,1208.1190553477657,0.04543502242476852,1.36676025390625,1.0472527742385864
/home/andres/Documentos/proyecto4geeks/data/raw/youtube/explosion/UKR46LXG8_I_seg328.wav,False,5.0,1.1720635890960693,0.32225775718688965,1177.7403308532632,0.04454662181712963,1.506901741027832,1.0345464944839478
/home/andres/Documentos/proyecto4geeks/data/raw/youtube/explosion/ME2vz8Vocjg_seg16.wav,False,5.0,0.574101984500885,0.09911306202411652,1059.3678294647104,0.055582682291666664,2.929886817932129,1.5362904071807861
/home/andres/Documentos/proyecto4geeks/data/raw/youtube/explosion/Ezmqd42xLyA_seg126.wav,False,5.0,0.5508205890655518,0.05337660014629364,648.0314323209865,0.02888093171296296,2.204982280731201,1.1375598907470703
/home/andres/Documentos/proyecto4geeks/data/raw/youtube/explosion/fufuluffQDY_seg83.wav,False,5.0,0.5131108164787292,0.11137139052152634,1112.06290146606,0.0670505099826389,1.5642919540405273,1.3272184133529663
/home/andres/Documentos/proyecto4geeks/data/raw/youtube/explosion/4afB4wcRH-A_seg5.wav,True,5.0,0.6489789485931396,0.10232941061258316,679.4719927703883,0.03322573061342592,7.879844665527344,2.8160839080810547
/home/andres/Documentos/proyecto4geeks/data/raw/youtube/explosion/LQOkL1jaRfU_seg35.wav,False,5.0,0.7245705127716064,0.189287468791008,1060.5109311748672,0.04066297743055555,1.5494384765625,0.8089941740036011
/home/andres/Documentos/proyecto4geeks/data/raw/youtube/explosion/-ZPpxY60Zm4_seg145.wav,False,5.0,1.0045602321624756,0.254973828792572,688.35680100561,0.03205702039930555,1.25801420211792,1.548174500465393
/home/andres/Documentos/proyecto4geeks/data/raw/youtube/explosion/-ZPpxY60Zm4_seg117.wav,False,5.0,1.015395164489746,0.35579073429107666,1202.5919362328448,0.049040617766203706,0.23839449882507324,0.6236650943756104
/home/andres/Documentos/proyecto4geeks/data/raw/youtube/explosion/UKR46LXG8_I_seg215.wav,False,5.0,1.11111581325531,0.3087237477302551,1151.8974960818377,0.041614673755787035,1.6487841606140137,3.0198733806610107
/home/andres/Documentos/proyecto4geeks/data/raw/youtube/explosion/fufuluffQDY_seg14.wav,True,5.0,1.0114998817443848,0.16391533613204956,773.0477735601327,0.02814850983796296,7.322978973388672,2.2107272148132324
/home/andres/Documentos/proyecto4geeks/data/raw/youtube/explosion/f0gB369NYFA_seg22.wav,False,5.0,0.5823063254356384,0.0814477801322937,1029.9465223016548,0.04899540653935185,6.940032005310059,0.25432682037353516
/home/andres/Documentos/proyecto4geeks/data/raw/youtube/explosion/ME2vz8Vocjg_seg17.wav,False,5.0,0.5359289646148682,0.1051320880651474,964.8624006081105,0.04819968894675926,3.156409740447998,1.0243090391159058
/home/andres/Documentos/proyecto4geeks/data/raw/youtube/explosion/4us3VQU-7AE_seg27.wav,False,5.0,0.8860032558441162,0.13206392526626587,1289.061787700158,0.06106002242476852,6.00364875793457,0.1035480946302414
/home/andres/Documentos/proyecto4geeks/data/raw/youtube/explosion/DsfGzApINSQ_seg6.wav,False,5.0,0.6555342674255371,0.08511926978826523,1103.3984230627814,0.042948404947916664,7.877418518066406,0.3844880759716034
/home/andres/Documentos/proyecto4geeks/data/raw/youtube/explosion/4us3VQU-7AE_seg139.wav,False,5.0,0.6534934639930725,0.1819423884153366,1048.192961300464,0.054267035590277776,-0.10474991798400879,1.1428111791610718
/home/andres/Documentos/proyecto4geeks/data/raw/youtube/explosion/UKR46LXG8_I_seg123.wav,False,5.0,1.1720634698867798,0.3174000084400177,1167.6529716273074,0.04355197482638889,1.5995535850524902,1.9242606163024902
/home/andres/Documentos/proyecto4geeks/data/raw/youtube/explosion/5hF-SPK4jJA_seg71.wav,True,5.0,0.9607428312301636,0.1134965568780899,1963.4976778902762,0.10584400318287036,5.297924041748047,1.0007654428482056
/home/andres/Documentos/proyecto4geeks/data/raw/youtube/explosion/-ZPpxY60Zm4_seg342.wav,False,5.0,0.4189159870147705,0.07556819170713425,644.7936742358216,0.018425835503472224,2.313438892364502,1.6084307432174683
/home/andres/Documentos/proyecto4geeks/data/raw/youtube/explosion/UKR46LXG8_I_seg357.wav,False,5.0,1.1720635890960693,0.3254629671573639,1204.9781142151678,0.04560682508680555,1.3936548233032227,0.20933356881141663
/home/andres/Documentos/proyecto4geeks/data/raw/youtube/explosion/UKR46LXG8_I_seg297.wav,False,5.0,1.1720635890960693,0.3142804801464081,1166.882208951937,0.043750904224537035,1.6483964920043945,2.352530002593994
/home/andres/Documentos/proyecto4geeks/data/raw/youtube/explosion/fufuluffQDY_seg1.wav,False,5.0,1.20772123336792,0.27674275636672974,1214.8450725112784,0.06461588541666667,1.734140396118164,0.6483044028282166
/home/andres/Documentos/proyecto4geeks/data/raw/youtube/explosion/-ZPpxY60Zm4_seg279.wav,False,5.0,1.0251704454421997,0.35663676261901855,1204.4212176314306,0.05025453920717592,0.19924020767211914,0.745826780796051
/home/andres/Documentos/proyecto4geeks/data/raw/youtube/explosion/-ZPpxY60Zm4_seg121.wav,False,5.0,0.9441161751747131,0.14825007319450378,786.9750269492899,0.03352186414930555,1.6256141662597656,1.6626847982406616
/home/andres/Documentos/proyecto4geeks/data/raw/youtube/explosion/fufuluffQDY_seg159.wav,False,5.0,0.8064205646514893,0.25672647356987,719.9885559281485,0.022492585358796297,-0.40834569931030273,1.019813060760498
/home/andres/Documentos/proyecto4geeks/data/raw/youtube/explosion/5hF-SPK4jJA_seg52.wav,False,5.0,0.999616265296936,0.1486981213092804,728.7969890671833,0.035454644097222224,10.325716018676758,0.34486520290374756
/home/andres/Documentos/proyecto4geeks/data/raw/youtube/explosion/Ezmqd42xLyA_seg150.wav,False,5.0,0.9985494613647461,0.3345825672149658,2187.021592652042,0.13375289351851852,-0.42143774032592773,0.9650008082389832
/home/andres/Documentos/proyecto4geeks/data/raw/youtube/explosion/-ZPpxY60Zm4_seg238.wav,False,5.0,0.43128257989883423,0.07747717201709747,624.3395595700656,0.018213342737268517,1.8669195175170898,0.9176697731018066
/home/andres/Documentos/proyecto4geeks/data/raw/youtube/explosion/-ZPpxY60Zm4_seg357.wav,False,5.0,0.4492448568344116,0.08531248569488525,695.7924010681268,0.02349853515625,1.009300708770752,1.0390186309814453
/home/andres/Documentos/proyecto4geeks/data/raw/youtube/explosion/Ezmqd42xLyA_seg41.wav,False,5.0,0.5929328203201294,0.18278494477272034,982.4548572928256,0.04208939163773148,0.19379878044128418,0.01901179924607277
/home/andres/Documentos/proyecto4geeks/data/raw/youtube/explosion/UKR46LXG8_I_seg308.wav,False,5.0,1.1720635890960693,0.32579505443573,1202.6295205083024,0.04557743778935185,1.3764305114746094,0.020177608355879784
/home/andres/Documentos/proyecto4geeks/data/raw/youtube/explosion/50IyVsS9EGQ_seg15.wav,True,5.0,0.5631533861160278,0.08779744803905487,1550.1749287662585,0.09387885199652778,5.242547988891602,3.334475040435791
/home/andres/Documentos/proyecto4geeks/data/raw/youtube/explosion/m5zzhKNxeGM_seg1.wav,False,5.0,0.7520318031311035,0.08757731318473816,1273.8891339171055,0.05788619429976852,9.069124221801758,0.5369492769241333
/home/andres/Documentos/proyecto4geeks/data/raw/youtube/explosion/-DjvoQ3Cl5Y_seg43.wav,False,5.0,0.38364923000335693,0.0825970247387886,1213.4261474869782,0.055596245659722224,0.16091465950012207,1.3357186317443848
/home/andres/Documentos/proyecto4geeks/data/raw/youtube/explosion/LQOkL1jaRfU_seg33.wav,False,5.0,0.7125598192214966,0.14644251763820648,889.3952121020346,0.05411557798032408,5.75792121887207,1.4561731815338135
/home/andres/Documentos/proyecto4geeks/data/raw/youtube/explosion/UKR46LXG8_I_seg84.wav,False,5.0,1.1720635890960693,0.3148995637893677,1167.7784094116994,0.04365596064814815,1.6489577293395996,2.4147372245788574
/home/andres/Documentos/proyecto4geeks/data/raw/youtube/explosion/UKR46LXG8_I_seg153.wav,False,5.0,1.2061465978622437,0.3234853148460388,1185.3887116565306,0.04446976273148148,1.4807348251342773,0.6080006957054138
/home/andres/Documentos/proyecto4geeks/data/raw/youtube/explosion/fufuluffQDY_seg219.wav,False,5.0,0.9386548399925232,0.26524844765663147,1032.5943977764884,0.04977077907986111,-0.21447539329528809,0.9955983757972717
/home/andres/Documentos/proyecto4geeks/data/raw/youtube/explosion/-ZPpxY60Zm4_seg214.wav,False,5.0,1.0151448249816895,0.15252017974853516,1012.6212334459134,0.030583134403935185,15.127311706542969,0.9032343626022339
/home/andres/Documentos/proyecto4geeks/data/raw/youtube/explosion/-ZPpxY60Zm4_seg80.wav,False,5.0,1.0104410648345947,0.3152056634426117,1280.0995955959118,0.04680040147569445,1.4484429359436035,0.044496338814496994
/home/andres/Documentos/proyecto4geeks/data/raw/youtube/explosion/UKR46LXG8_I_seg196.wav,False,5.0,1.2061465978622437,0.32388392090797424,1181.8909266930739,0.04449462890625,1.4666028022766113,0.6441453695297241
/home/andres/Documentos/proyecto4geeks/data/raw/youtube/explosion/4us3VQU-7AE_seg144.wav,True,5.0,0.7144071459770203,0.1439482718706131,1890.8983258001974,0.12292254412615741,5.492186546325684,0.7039299011230469
/home/andres/Documentos/proyecto4geeks/data/raw/youtube/explosion/UKR46LXG8_I_seg256.wav,False,5.0,1.1720634698867798,0.31413713097572327,1166.0955622946324,0.04284215856481482,1.6424517631530762,2.6073834896087646
/home/andres/Documentos/proyecto4geeks/data/raw/youtube/explosion/fufuluffQDY_seg140.wav,False,5.0,0.9413767457008362,0.17093612253665924,679.4194275111755,0.021995261863425927,3.463700771331787,0.9312988519668579
/home/andres/Documentos/proyecto4geeks/data/raw/youtube/explosion/UKR46LXG8_I_seg81.wav,False,5.0,1.206146478652954,0.31759336590766907,1171.7500985415813,0.043079517505787035,1.5898213386535645,2.023407459259033
/home/andres/Documentos/proyecto4geeks/data/raw/youtube/explosion/UKR46LXG8_I_seg356.wav,False,5.0,1.206146478652954,0.325798898935318,1199.5056093053372,0.04507107204861111,1.3818798065185547,0.16991013288497925
/home/andres/Documentos/proyecto4geeks/data/raw/youtube/explosion/UKR46LXG8_I_seg136.wav,False,5.0,1.1720635890960693,0.3258380889892578,1213.8425460518308,0.04571533203125,1.3741178512573242,0.4255514144897461
/home/andres/Documentos/proyecto4geeks/data/raw/youtube/explosion/ME2vz8Vocjg_seg7.wav,False,5.0,0.6408679485321045,0.13531161844730377,1111.864706669822,0.03922299985532408,1.2075185775756836,0.8870848417282104
/home/andres/Documentos/proyecto4geeks/data/raw/youtube/explosion/-ZPpxY60Zm4_seg102.wav,False,5.0,1.008520483970642,0.3110138475894928,841.6230471143456,0.038890697337962965,0.6582796573638916,1.628195881843567
/home/andres/Documentos/proyecto4geeks/data/raw/youtube/explosion/-DjvoQ3Cl5Y_seg63.wav,False,5.0,0.37202581763267517,0.09156075119972229,654.6347884000874,0.02105712890625,-0.3888423442840576,1.0624881982803345
/home/andres/Documentos/proyecto4geeks/data/raw/youtube/explosion/UKR46LXG8_I_seg265.wav,False,5.0,1.1720634698867798,0.32582104206085205,1205.871080601831,0.045500578703703706,1.3750452995300293,0.020904142409563065
/home/andres/Documentos/proyecto4geeks/data/raw/youtube/explosion/UKR46LXG8_I_seg245.wav,False,5.0,1.2061469554901123,0.32176414132118225,1173.1677877649358,0.04415554470486111,1.5274853706359863,1.2239638566970825
/home/andres/Documentos/proyecto4geeks/data/raw/youtube/explosion/4us3VQU-7AE_seg53.wav,False,5.0,0.4843635559082031,0.09786371886730194,1080.8043401807622,0.07399043330439815,0.27704858779907227,0.8038730621337891
/home/andres/Documentos/proyecto4geeks/data/raw/youtube/explosion/UKR46LXG8_I_seg9.wav,False,5.0,1.1720634698867798,0.32582104206085205,1205.8709171983753,0.045500578703703706,1.3750452995300293,0.020904159173369408
/home/andres/Documentos/proyecto4geeks/data/raw/youtube/explosion/m5zzhKNxeGM_seg28.wav,False,5.0,0.4692550003528595,0.08287160843610764,527.4395657424158,0.03852222583912037,1.097862720489502,0.7454891800880432
/home/andres/Documentos/proyecto4geeks/data/raw/youtube/explosion/-ZPpxY60Zm4_seg84.wav,False,5.0,1.004076600074768,0.23688559234142303,719.5016828177997,0.03154161241319445,1.6547222137451172,2.259669065475464
/home/andres/Documentos/proyecto4geeks/data/raw/youtube/explosion/UKR46LXG8_I_seg98.wav,False,5.0,1.2061465978622437,0.325857013463974,1206.4487890829712,0.04512306495949074,1.3789992332458496,0.09293882548809052
/home/andres/Documentos/proyecto4geeks/data/raw/youtube/explosion/50IyVsS9EGQ_seg8.wav,True,5.0,0.9419328570365906,0.15109196305274963,1660.8819044854713,0.10944507740162036,4.952885627746582,2.3648645877838135
/home/andres/Documentos/proyecto4geeks/data/raw/youtube/explosion/fufuluffQDY_seg53.wav,False,5.0,1.15627920627594,0.24767734110355377,1394.894112186912,0.10182020399305555,4.715190410614014,1.2040953636169434
/home/andres/Documentos/proyecto4geeks/data/raw/youtube/explosion/4afB4wcRH-A_seg35.wav,False,5.0,0.9281779527664185,0.1864730566740036,880.6586960624443,0.03573269314236111,5.960692405700684,0.18704292178153992
/home/andres/Documentos/proyecto4geeks/data/raw/youtube/explosion/Ezmqd42xLyA_seg11.wav,False,5.0,0.7834193110466003,0.1543627232313156,1102.6977937182382,0.05631284360532408,1.2482833862304688,0.2768963873386383
/home/andres/Documentos/proyecto4geeks/data/raw/youtube/explosion/fufuluffQDY_seg31.wav,False,5.0,0.9333686828613281,0.2868575155735016,600.1226549066297,0.018525300202546297,-0.5546085834503174,1.036812663078308
/home/andres/Documentos/proyecto4geeks/data/raw/youtube/explosion/m5zzhKNxeGM_seg52.wav,False,5.0,0.7900394201278687,0.17059096693992615,1354.3055808308854,0.06241635923032408,0.6869866847991943,0.9968151450157166
/home/andres/Documentos/proyecto4geeks/data/raw/youtube/explosion/LQOkL1jaRfU_seg7.wav,True,5.0,0.5068508982658386,0.12322665005922318,1587.9974686148673,0.08708134403935185,1.230699062347412,1.7201592922210693
/home/andres/Documentos/proyecto4geeks/data/raw/youtube/explosion/Ezmqd42xLyA_seg132.wav,False,5.0,0.9871147274971008,0.30961501598358154,2045.4692648188156,0.09135154441550926,-0.3680839538574219,0.8283657431602478
/home/andres/Documentos/proyecto4geeks/data/raw/youtube/explosion/fufuluffQDY_seg228.wav,False,5.0,0.5754436254501343,0.09484652429819107,1330.7437382781645,0.08669026692708333,1.8882722854614258,1.1095787286758423
/home/andres/Documentos/proyecto4geeks/data/raw/youtube/explosion/UKR46LXG8_I_seg87.wav,False,5.0,1.161853313446045,0.3085285723209381,1153.00532723194,0.041901765046296294,1.6552438735961914,3.0316545963287354
/home/andres/Documentos/proyecto4geeks/data/raw/youtube/explosion/5hF-SPK4jJA_seg40.wav,False,5.0,1.000925064086914,0.4596221148967743,1183.8766991780449,0.046135796440972224,-0.9608993530273438,1.0525202751159668
/home/andres/Documentos/proyecto4geeks/data/raw/youtube/explosion/fufuluffQDY_seg62.wav,False,5.0,0.7724283337593079,0.15460041165351868,1163.5540500285422,0.020232024016203703,-0.009826183319091797,1.0217432975769043
/home/andres/Documentos/proyecto4geeks/data/raw/youtube/explosion/Ezmqd42xLyA_seg45.wav,False,5.0,0.7601660490036011,0.1713045984506607,1356.524966530225,0.062493218315972224,0.6639299392700195,0.9500235319137573
/home/andres/Documentos/proyecto4geeks/data/raw/youtube/explosion/-ZPpxY60Zm4_seg321.wav,False,5.0,1.0069875717163086,0.1674393117427826,1068.5059515178673,0.033092357494212965,12.253056526184082,0.7369950413703918
/home/andres/Documentos/proyecto4geeks/data/raw/youtube/explosion/UKR46LXG8_I_seg131.wav,False,5.0,1.2061465978622437,0.32609015703201294,1164.8954502922836,0.04404477719907408,1.36671781539917,2.9224610328674316
/home/andres/Documentos/proyecto4geeks/data/raw/youtube/explosion/4afB4wcRH-A_seg29.wav,False,5.0,0.3260364234447479,0.06564520299434662,2243.812027845615,0.10417118778935185,0.7321133613586426,0.9517775774002075
/home/andres/Documentos/proyecto4geeks/data/raw/youtube/explosion/5hF-SPK4jJA_seg31.wav,False,5.0,0.34874770045280457,0.06044276803731918,1411.9912213010507,0.10787172670717593,0.383373498916626,0.9660366177558899
/home/andres/Documentos/proyecto4geeks/data/raw/youtube/explosion/-DjvoQ3Cl5Y_seg17.wav,False,5.0,0.5218580961227417,0.13911229372024536,1011.4853856256204,0.05366572627314815,0.2519235610961914,1.0672656297683716
/home/andres/Documentos/proyecto4geeks/data/raw/youtube/explosion/-DjvoQ3Cl5Y_seg29.wav,False,5.0,0.8033236861228943,0.19620347023010254,1011.3410127268677,0.04857946325231482,0.2868382930755615,1.6118214130401611
/home/andres/Documentos/proyecto4geeks/data/raw/youtube/explosion/50IyVsS9EGQ_seg88.wav,True,5.0,0.9787373542785645,0.15399110317230225,1806.4271410391332,0.05936234085648148,5.563175201416016,1.3044747114181519
/home/andres/Documentos/proyecto4geeks/data/raw/youtube/explosion/m5zzhKNxeGM_seg101.wav,False,5.0,0.5696145296096802,0.16944287717342377,447.22503176300967,0.012448911313657407,0.33235859870910645,1.050569772720337
/home/andres/Documentos/proyecto4geeks/data/raw/youtube/explosion/-DjvoQ3Cl5Y_seg7.wav,False,5.0,0.8700119853019714,0.19705060124397278,925.001150805152,0.039121274594907406,0.6927390098571777,1.523452877998352
/home/andres/Documentos/proyecto4geeks/data/raw/youtube/explosion/-ZPpxY60Zm4_seg153.wav,False,5.0,1.0176136493682861,0.21902962028980255,1161.2128199648428,0.03721562138310185,6.610243797302246,0.3827042579650879
/home/andres/Documentos/proyecto4geeks/data/raw/youtube/explosion/-ZPpxY60Zm4_seg253.wav,False,5.0,0.7732012271881104,0.09654637426137924,745.3729108936589,0.02637622974537037,2.3297414779663086,1.6401281356811523
/home/andres/Documentos/proyecto4geeks/data/raw/youtube/explosion/UKR46LXG8_I_seg240.wav,False,5.0,1.1720635890960693,0.3226943910121918,1185.972184666254,0.04521800853587963,1.497718334197998,0.7392611503601074
/home/andres/Documentos/proyecto4geeks/data/raw/youtube/explosion/LQOkL1jaRfU_seg107.wav,False,5.0,0.3816874325275421,0.0758558064699173,1939.5062936237719,0.10311324508101852,0.36089420318603516,0.2807576358318329
/home/andres/Documentos/proyecto4geeks/data/raw/youtube/explosion/LQOkL1jaRfU_seg141.wav,False,5.0,0.9386050701141357,0.4229293763637543,487.4916770897464,0.021760163483796297,-0.5825347900390625,0.6991474032402039
/home/andres/Documentos/proyecto4geeks/data/raw/youtube/explosion/4us3VQU-7AE_seg166.wav,False,5.0,0.5636125802993774,0.1465243548154831,1665.0960767123563,0.08319543909143519,0.7129902839660645,0.7602308392524719
/home/andres/Documentos/proyecto4geeks/data/raw/youtube/explosion/-ZPpxY60Zm4_seg254.wav,False,5.0,1.024074673652649,0.26927709579467773,1214.786850890335,0.041350188078703706,3.4958887100219727,0.23273076117038727
/home/andres/Documentos/proyecto4geeks/data/raw/youtube/explosion/Ezmqd42xLyA_seg134.wav,False,5.0,1.0150611400604248,0.31104204058647156,2061.6372012035554,0.08956117983217593,-0.49661922454833984,0.9647589921951294
/home/andres/Documentos/proyecto4geeks/data/raw/youtube/explosion/-ZPpxY60Zm4_seg10.wav,False,5.0,1.0212287902832031,0.3532126247882843,1209.601280396341,0.048066315827546294,0.2907886505126953,0.36954402923583984
/home/andres/Documentos/proyecto4geeks/data/raw/youtube/explosion/50IyVsS9EGQ_seg93.wav,True,5.0,0.9764031171798706,0.14607177674770355,1828.7925414815288,0.06310809100115741,5.569781303405762,1.1319445371627808
/home/andres/Documentos/proyecto4geeks/data/raw/youtube/explosion/LQOkL1jaRfU_seg18.wav,True,5.0,0.935716986656189,0.13896140456199646,2159.2148579760083,0.10199878833912036,8.188690185546875,4.738085746765137
/home/andres/Documentos/proyecto4geeks/data/raw/youtube/explosion/LQOkL1jaRfU_seg2.wav,False,5.0,0.8365011215209961,0.1523277312517166,1805.8409368001137,0.10077130353009259,3.8473024368286133,0.4683099687099457
/home/andres/Documentos/proyecto4geeks/data/raw/youtube/explosion/-ZPpxY60Zm4_seg163.wav,False,5.0,1.0103212594985962,0.34101906418800354,972.5623529352562,0.04373508029513889,0.30942821502685547,1.4262548685073853
/home/andres/Documentos/proyecto4geeks/data/raw/youtube/explosion/50IyVsS9EGQ_seg53.wav,False,5.0,1.0004677772521973,0.2658008337020874,787.4410567627857,0.03982204861111111,1.0930695533752441,1.275316834449768
/home/andres/Documentos/proyecto4geeks/data/raw/youtube/explosion/m5zzhKNxeGM_seg105.wav,False,5.0,0.7905665636062622,0.43753090500831604,1146.767817581529,0.04352258752893518,-1.4104024171829224,1.1204088926315308
/home/andres/Documentos/proyecto4geeks/data/raw/youtube/explosion/LQOkL1jaRfU_seg5.wav,False,5.0,0.9114436507225037,0.18199029564857483,1693.0184053433331,0.09110288266782407,2.347031593322754,0.9659554362297058
/home/andres/Documentos/proyecto4geeks/data/raw/youtube/explosion/-ZPpxY60Zm4_seg48.wav,False,5.0,0.7437945604324341,0.11532595008611679,726.5362909078266,0.028202763310185185,1.6181817054748535,1.52876877784729
/home/andres/Documentos/proyecto4geeks/data/raw/youtube/explosion/-ZPpxY60Zm4_seg159.wav,False,5.0,1.0145061016082764,0.1584014594554901,1072.6846354413972,0.03046558521412037,13.689018249511719,0.8528475761413574
/home/andres/Documentos/proyecto4geeks/data/raw/youtube/explosion/-ZPpxY60Zm4_seg300.wav,False,5.0,1.017387866973877,0.29599061608314514,1251.509336613127,0.04682752821180555,2.0252537727355957,0.06974396109580994
/home/andres/Documentos/proyecto4geeks/data/raw/youtube/explosion/UKR46LXG8_I_seg30.wav,False,5.0,1.2061465978622437,0.3220798671245575,1179.935118164664,0.04436803747106482,1.5217390060424805,1.0925586223602295
/home/andres/Documentos/proyecto4geeks/data/raw/youtube/explosion/-ZPpxY60Zm4_seg285.wav,False,5.0,1.0259158611297607,0.347308486700058,1210.379259408404,0.049510814525462965,0.4792518615722656,0.003573067020624876
/home/andres/Documentos/proyecto4geeks/data/raw/youtube/explosion/-ZPpxY60Zm4_seg118.wav,False,5.0,0.7703166007995605,0.14000378549098969,779.8304471635131,0.033017758969907406,1.3576226234436035,1.4444106817245483
/home/andres/Documentos/proyecto4geeks/data/raw/youtube/explosion/-ZPpxY60Zm4_seg294.wav,False,5.0,1.0173462629318237,0.33075132966041565,1265.4099263110186,0.04663538049768518,1.0452766418457031,0.027931421995162964
/home/andres/Documentos/proyecto4geeks/data/raw/youtube/explosion/50IyVsS9EGQ_seg7.wav,False,5.0,0.8980079889297485,0.14592425525188446,1180.5794739628288,0.07155128761574074,8.340868949890137,0.02596377022564411
/home/andres/Documentos/proyecto4geeks/data/raw/youtube/explosion/-ZPpxY60Zm4_seg55.wav,True,5.0,1.006930947303772,0.1104792058467865,968.0646092185598,0.02671531394675926,28.463212966918945,1.7481911182403564
/home/andres/Documentos/proyecto4geeks/data/raw/youtube/explosion/UKR46LXG8_I_seg92.wav,False,5.0,1.2061465978622437,0.3260900676250458,1208.1192875067736,0.04543502242476852,1.3667607307434082,1.0472526550292969
/home/andres/Documentos/proyecto4geeks/data/raw/youtube/explosion/-DjvoQ3Cl5Y_seg30.wav,False,5.0,0.5021127462387085,0.07876566052436829,1134.0241901706822,0.06252034505208333,1.3184199333190918,1.8609627485275269
/home/andres/Documentos/proyecto4geeks/data/raw/youtube/explosion/UKR46LXG8_I_seg149.wav,False,5.0,1.206146478652954,0.32536664605140686,1195.4026560645455,0.04449010778356482,1.4028139114379883,0.4057794511318207
/home/andres/Documentos/proyecto4geeks/data/raw/youtube/explosion/Ezmqd42xLyA_seg105.wav,False,5.0,1.003223180770874,0.3503968417644501,868.6233284828114,0.04560230396412037,-0.07365894317626953,1.0077836513519287
/home/andres/Documentos/proyecto4geeks/data/raw/youtube/explosion/50IyVsS9EGQ_seg62.wav,False,5.0,0.7016173005104065,0.13389812409877777,651.0702233627363,0.025953504774305556,2.1448655128479004,0.146347314119339
/home/andres/Documentos/proyecto4geeks/data/raw/youtube/explosion/UKR46LXG8_I_seg324.wav,False,5.0,1.1720635890960693,0.3236842751502991,1181.1043790402518,0.044759114583333336,1.4726786613464355,0.644300103187561
/home/andres/Documentos/proyecto4geeks/data/raw/youtube/explosion/fufuluffQDY_seg111.wav,False,5.0,1.066010594367981,0.16143742203712463,1645.2437499692435,0.10835322627314815,4.012739181518555,0.8993949294090271
/home/andres/Documentos/proyecto4geeks/data/raw/youtube/explosion/LQOkL1jaRfU_seg20.wav,False,5.0,0.6509050130844116,0.13879024982452393,1370.9328696572982,0.06161838107638889,1.1685194969177246,2.0189871788024902
/home/andres/Documentos/proyecto4geeks/data/raw/youtube/explosion/UKR46LXG8_I_seg225.wav,False,5.0,1.2061467170715332,0.32597389817237854,1205.9091061646575,0.045197663483796294,1.3729114532470703,0.06794704496860504
/home/andres/Documentos/proyecto4geeks/data/raw/youtube/explosion/m5zzhKNxeGM_seg19.wav,False,5.0,1.0259510278701782,0.30163538455963135,1457.084969007841,0.0887179904513889,2.0908918380737305,0.2497960478067398
/home/andres/Documentos/proyecto4geeks/data/raw/youtube/explosion/-ZPpxY60Zm4_seg78.wav,False,5.0,0.9648497104644775,0.18720504641532898,780.3310540534626,0.034880461516203706,1.0924243927001953,1.571237325668335
/home/andres/Documentos/proyecto4geeks/data/raw/youtube/explosion/5hF-SPK4jJA_seg95.wav,False,5.0,0.5407707691192627,0.11587141454219818,636.9576168064887,0.035707826967592594,0.37450480461120605,1.114059567451477
/home/andres/Documentos/proyecto4geeks/data/raw/youtube/explosion/-ZPpxY60Zm4_seg328.wav,False,5.0,1.011088252067566,0.3521089255809784,1021.3746063981329,0.04554805049189815,0.22399282455444336,1.4121960401535034
/home/andres/Documentos/proyecto4geeks/data/raw/youtube/explosion/Ezmqd42xLyA_seg57.wav,False,5.0,0.5281498432159424,0.11110083758831024,789.8515266913142,0.028700086805555556,0.24959778785705566,1.160804271697998
/home/andres/Documentos/proyecto4geeks/data/raw/youtube/explosion/UKR46LXG8_I_seg251.wav,False,5.0,1.206146478652954,0.3168879747390747,1169.097871612086,0.043549714265046294,1.604621410369873,1.920078992843628
/home/andres/Documentos/proyecto4geeks/data/raw/youtube/explosion/UKR46LXG8_I_seg281.wav,False,5.0,1.1720635890960693,0.32328224182128906,1184.3597489747724,0.044806586371527776,1.4864435195922852,0.6082422137260437
/home/andres/Documentos/proyecto4geeks/data/raw/youtube/explosion/fufuluffQDY_seg3.wav,False,5.0,1.1415233612060547,0.24063090980052948,1405.9971849224787,0.06671142578125,2.321226119995117,0.9500338435173035
/home/andres/Documentos/proyecto4geeks/data/raw/youtube/explosion/-DjvoQ3Cl5Y_seg5.wav,False,5.0,0.768260657787323,0.18729153275489807,734.2906804586296,0.03195529513888889,0.13025879859924316,0.8536381125450134
/home/andres/Documentos/proyecto4geeks/data/raw/youtube/explosion/50IyVsS9EGQ_seg81.wav,False,5.0,1.0171928405761719,0.17271395027637482,1851.1352482104103,0.05733687789351852,4.759483337402344,0.9366904497146606
/home/andres/Documentos/proyecto4geeks/data/raw/youtube/explosion/UKR46LXG8_I_seg148.wav,False,5.0,1.1720635890960693,0.325122594833374,1195.094365860417,0.045360423900462965,1.4106273651123047,0.3664126694202423
/home/andres/Documentos/proyecto4geeks/data/raw/youtube/explosion/-ZPpxY60Zm4_seg318.wav,False,5.0,1.0138731002807617,0.19919076561927795,1133.4542739973165,0.035834418402777776,8.41329574584961,0.4494306445121765
/home/andres/Documentos/proyecto4geeks/data/raw/youtube/explosion/-DjvoQ3Cl5Y_seg61.wav,True,5.0,0.5873928666114807,0.09290338307619095,1226.3671001352961,0.07206669560185185,7.595226287841797,1.601318120956421
/home/andres/Documentos/proyecto4geeks/data/raw/youtube/explosion/UKR46LXG8_I_seg286.wav,False,5.0,1.2061465978622437,0.3220798671245575,1179.9386500676358,0.04436803747106482,1.5217390060424805,1.09255850315094
/home/andres/Documentos/proyecto4geeks/data/raw/youtube/explosion/fufuluffQDY_seg197.wav,False,5.0,0.9859951734542847,0.2436598539352417,1108.7787655718898,0.057318793402777776,0.08467888832092285,1.0309163331985474
/home/andres/Documentos/proyecto4geeks/data/raw/youtube/explosion/UKR46LXG8_I_seg86.wav,False,5.0,1.1720635890960693,0.30974167585372925,1159.5177508851946,0.04314281322337963,1.6749730110168457,2.7231040000915527
/home/andres/Documentos/proyecto4geeks/data/raw/youtube/explosion/5hF-SPK4jJA_seg60.wav,False,5.0,0.5148504972457886,0.11570823937654495,1040.9389645377178,0.04133662471064815,1.258810043334961,1.6139774322509766
/home/andres/Documentos/proyecto4geeks/data/raw/youtube/explosion/ME2vz8Vocjg_seg6.wav,True,5.0,0.648768961429596,0.06830840557813644,1761.5931742711966,0.10233561197916667,15.144779205322266,2.1604881286621094
/home/andres/Documentos/proyecto4geeks/data/raw/youtube/explosion/fufuluffQDY_seg71.wav,False,5.0,0.2787766754627228,0.05232534185051918,812.4822647415031,0.030429416232638888,0.8277950286865234,1.3575446605682373
/home/andres/Documentos/proyecto4geeks/data/raw/youtube/explosion/Ezmqd42xLyA_seg24.wav,False,5.0,0.802007794380188,0.4697786569595337,1417.1039447239773,0.05533628110532408,-1.5612208843231201,1.018664836883545
/home/andres/Documentos/proyecto4geeks/data/raw/youtube/explosion/-ZPpxY60Zm4_seg65.wav,False,5.0,1.0210886001586914,0.35267341136932373,1209.018906357283,0.048726399739583336,0.3474888801574707,0.2519007623195648
/home/andres/Documentos/proyecto4geeks/data/raw/youtube/explosion/-DjvoQ3Cl5Y_seg25.wav,False,5.0,0.5576196312904358,0.11084172129631042,1311.733355861071,0.061595775462962965,0.1166083812713623,1.0611345767974854
/home/andres/Documentos/proyecto4geeks/data/raw/youtube/explosion/-ZPpxY60Zm4_seg160.wav,False,5.0,1.0061135292053223,0.33080145716667175,910.2495001496071,0.04179325810185185,0.5170612335205078,1.6504299640655518
/home/andres/Documentos/proyecto4geeks/data/raw/youtube/explosion/LQOkL1jaRfU_seg151.wav,False,5.0,0.4526933431625366,0.087910957634449,872.9413085279097,0.030522099247685185,1.0653982162475586,1.1017570495605469
/home/andres/Documentos/proyecto4geeks/data/raw/youtube/explosion/-ZPpxY60Zm4_seg311.wav,False,5.0,0.7592543363571167,0.10159094631671906,758.3127775063344,0.028480812355324073,2.1229453086853027,1.634320616722107
/home/andres/Documentos/proyecto4geeks/data/raw/youtube/explosion/LQOkL1jaRfU_seg31.wav,False,5.0,0.7051814198493958,0.1766771823167801,1680.7032267249629,0.07793285228587964,0.8600542545318604,0.9721160531044006
/home/andres/Documentos/proyecto4geeks/data/raw/youtube/explosion/UKR46LXG8_I_seg244.wav,False,5.0,1.1720635890960693,0.32128989696502686,1177.1378320691372,0.044657389322916664,1.538914680480957,1.153134822845459
/home/andres/Documentos/proyecto4geeks/data/raw/youtube/explosion/eV8itVdo9f8_seg10.wav,False,5.0,0.9800082445144653,0.25677889585494995,746.7829160928059,0.019813820167824073,0.4996964931488037,0.7271158695220947
/home/andres/Documentos/proyecto4geeks/data/raw/youtube/explosion/4us3VQU-7AE_seg138.wav,False,5.0,0.6387077569961548,0.16287048161029816,1198.4845171479678,0.06966597945601852,0.6808555126190186,0.23223355412483215
/home/andres/Documentos/proyecto4geeks/data/raw/youtube/explosion/UKR46LXG8_I_seg300.wav,False,5.0,1.2061469554901123,0.30685803294181824,1161.0138069033555,0.04301170066550926,1.6674952507019043,2.905463218688965
/home/andres/Documentos/proyecto4geeks/data/raw/youtube/explosion/fufuluffQDY_seg194.wav,False,5.0,0.9624003171920776,0.20495441555976868,971.0424593835867,0.055055971498842594,1.7446513175964355,1.4625391960144043
/home/andres/Documentos/proyecto4geeks/data/raw/youtube/explosion/4us3VQU-7AE_seg22.wav,False,5.0,0.9271984696388245,0.10350146889686584,957.6629551819176,0.0400390625,5.0312700271606445,0.6235809326171875
/home/andres/Documentos/proyecto4geeks/data/raw/youtube/explosion/4us3VQU-7AE_seg51.wav,True,5.0,0.7407922148704529,0.14700424671173096,1812.4422354016208,0.10090467664930555,1.2702360153198242,1.5801639556884766
/home/andres/Documentos/proyecto4geeks/data/raw/youtube/explosion/50IyVsS9EGQ_seg95.wav,True,5.0,0.9560062885284424,0.142159566283226,1665.882945594334,0.05930356626157408,5.392921447753906,1.1641281843185425
/home/andres/Documentos/proyecto4geeks/data/raw/youtube/explosion/eV8itVdo9f8_seg9.wav,False,5.0,0.7952675819396973,0.12074533849954605,992.7653738305348,0.023362901475694444,4.624466419219971,3.8747174739837646
/home/andres/Documentos/proyecto4geeks/data/raw/youtube/explosion/UKR46LXG8_I_seg318.wav,False,5.0,1.1720635890960693,0.3250510096549988,1189.1578046410734,0.04515019169560185,1.4138116836547852,0.3429722785949707
/home/andres/Documentos/proyecto4geeks/data/raw/youtube/explosion/m5zzhKNxeGM_seg87.wav,False,5.0,0.563611626625061,0.11438196152448654,1160.9551196519608,0.059947826244212965,1.3497872352600098,1.076006293296814
/home/andres/Documentos/proyecto4geeks/data/raw/youtube/explosion/ME2vz8Vocjg_seg4.wav,False,5.0,0.6804540753364563,0.19689510762691498,770.8702734284334,0.024400499131944444,1.330136775970459,1.1425729990005493
/home/andres/Documentos/proyecto4geeks/data/raw/youtube/explosion/-ZPpxY60Zm4_seg71.wav,False,5.0,1.0224155187606812,0.3436444103717804,1244.0888432697259,0.04665798611111111,0.6174952983856201,0.009843169711530209
/home/andres/Documentos/proyecto4geeks/data/raw/youtube/explosion/5hF-SPK4jJA_seg2.wav,False,5.0,0.9994906187057495,0.15244817733764648,798.6443651524775,0.04157398365162037,2.061279773712158,1.223351240158081
/home/andres/Documentos/proyecto4geeks/data/raw/youtube/explosion/-ZPpxY60Zm4_seg108.wav,False,5.0,1.0123493671417236,0.3376634418964386,961.7856500543089,0.043366608796296294,0.3617262840270996,1.4673999547958374
/home/andres/Documentos/proyecto4geeks/data/raw/youtube/explosion/-ZPpxY60Zm4_seg358.wav,False,5.0,1.0336511135101318,0.28098663687705994,1261.4914078084528,0.045256438078703706,2.676070213317871,0.11322211474180222
/home/andres/Documentos/proyecto4geeks/data/raw/youtube/explosion/f0gB369NYFA_seg24.wav,False,5.0,1.0277206897735596,0.2806894779205322,1157.9013890521132,0.05039017288773148,2.5620288848876953,0.0982770174741745
/home/andres/Documentos/proyecto4geeks/data/raw/youtube/explosion/-ZPpxY60Zm4_seg196.wav,False,5.0,1.0172172784805298,0.27989739179611206,1266.5945100712356,0.04460765697337963,2.785494327545166,0.12529870867729187
/home/andres/Documentos/proyecto4geeks/data/raw/youtube/explosion/Ezmqd42xLyA_seg148.wav,False,5.0,0.9971601963043213,0.314953088760376,2091.1094765845028,0.10555465133101852,-0.38034892082214355,0.9544734954833984
/home/andres/Documentos/proyecto4geeks/data/raw/youtube/explosion/fufuluffQDY_seg202.wav,False,5.0,0.9696306586265564,0.2410227358341217,1089.9619067812314,0.05716733579282408,0.19246983528137207,0.9760370850563049
/home/andres/Documentos/proyecto4geeks/data/raw/youtube/explosion/-DjvoQ3Cl5Y_seg52.wav,False,5.0,0.7865111827850342,0.14409339427947998,1343.5975692818497,0.07431821469907407,1.202258586883545,0.8095667362213135
/home/andres/Documentos/proyecto4geeks/data/raw/youtube/explosion/LQOkL1jaRfU_seg69.wav,False,5.0,0.8987798690795898,0.28919288516044617,1445.258655052625,0.06637008101851852,-0.47098731994628906,0.8295621871948242
/home/andres/Documentos/proyecto4geeks/data/raw/youtube/explosion/5hF-SPK4jJA_seg62.wav,False,5.0,0.2739320397377014,0.05272699519991875,998.1252621069149,0.04783573857060185,0.8783395290374756,1.431620717048645
/home/andres/Documentos/proyecto4geeks/data/raw/youtube/explosion/UKR46LXG8_I_seg129.wav,False,5.0,1.1720635890960693,0.3071880340576172,1159.7780663139004,0.04327844690393518,1.6745076179504395,2.7919416427612305
/home/andres/Documentos/proyecto4geeks/data/raw/youtube/explosion/-ZPpxY60Zm4_seg193.wav,False,5.0,1.0145115852355957,0.2901250123977661,1262.5117321873759,0.044994212962962965,2.328495502471924,0.08465051651000977
/home/andres/Documentos/proyecto4geeks/data/raw/youtube/explosion/m5zzhKNxeGM_seg66.wav,False,5.0,0.7136853933334351,0.09040465205907822,514.8092561229521,0.023039641203703703,3.9303083419799805,1.0687196254730225
/home/andres/Documentos/proyecto4geeks/data/raw/youtube/explosion/m5zzhKNxeGM_seg121.wav,True,5.0,1.0156381130218506,0.08205707371234894,1278.8568266298334,0.056233723958333336,14.100391387939453,2.469336986541748
/home/andres/Documentos/proyecto4geeks/data/raw/youtube/explosion/f0gB369NYFA_seg49.wav,False,5.0,0.8176360130310059,0.14304545521736145,881.0222118319984,0.05010082103587963,2.207429885864258,0.38319501280784607
/home/andres/Documentos/proyecto4geeks/data/raw/youtube/explosion/UKR46LXG8_I_seg248.wav,False,5.0,1.1720633506774902,0.3185882866382599,1179.9193433670614,0.04428439670138889,1.5763607025146484,1.536202073097229
/home/andres/Documentos/proyecto4geeks/data/raw/youtube/explosion/5hF-SPK4jJA_seg75.wav,False,5.0,0.7794588804244995,0.10387344658374786,1244.3597763758837,0.05907298900462963,14.701030731201172,1.4849257469177246
/home/andres/Documentos/proyecto4geeks/data/raw/youtube/explosion/UKR46LXG8_I_seg74.wav,False,5.0,1.1720635890960693,0.32171913981437683,1173.6450710617992,0.04427309389467592,1.5279326438903809,1.232519268989563
/home/andres/Documentos/proyecto4geeks/data/raw/youtube/explosion/fufuluffQDY_seg182.wav,False,5.0,0.7854520082473755,0.2376076877117157,738.4883172580063,0.022078902633101853,-0.4351484775543213,1.029402732849121
/home/andres/Documentos/proyecto4geeks/data/raw/youtube/explosion/-ZPpxY60Zm4_seg88.wav,False,5.0,0.4898042678833008,0.0891670510172844,720.9581927248857,0.02539966724537037,0.9924118518829346,1.279779314994812
/home/andres/Documentos/proyecto4geeks/data/raw/youtube/explosion/-ZPpxY60Zm4_seg64.wav,False,5.0,0.3518126904964447,0.06666333973407745,691.2203399636239,0.01966462311921296,3.174889087677002,2.463566780090332
/home/andres/Documentos/proyecto4geeks/data/raw/youtube/explosion/fufuluffQDY_seg18.wav,False,5.0,0.8852770328521729,0.2506875693798065,952.0018331170213,0.04178647641782408,-0.5308640003204346,1.10586416721344
/home/andres/Documentos/proyecto4geeks/data/raw/youtube/explosion/Ezmqd42xLyA_seg52.wav,False,5.0,0.7808141708374023,0.19891346991062164,1579.398670882937,0.056873462818287035,1.097806453704834,0.670988142490387
/home/andres/Documentos/proyecto4geeks/data/raw/youtube/explosion/fufuluffQDY_seg234.wav,False,5.0,0.6435379385948181,0.08325958997011185,924.7841452636776,0.05110903139467592,4.824416160583496,0.45840170979499817
/home/andres/Documentos/proyecto4geeks/data/raw/youtube/explosion/50IyVsS9EGQ_seg52.wav,False,5.0,1.0002577304840088,0.23437801003456116,285.49891227824395,0.018376103153935185,0.08411836624145508,0.9448046684265137
/home/andres/Documentos/proyecto4geeks/data/raw/youtube/explosion/Ezmqd42xLyA_seg120.wav,False,5.0,1.0011885166168213,0.24801306426525116,555.8164321015371,0.024938512731481483,1.5715923309326172,1.758482575416565
/home/andres/Documentos/proyecto4geeks/data/raw/youtube/explosion/-ZPpxY60Zm4_seg123.wav,False,5.0,1.0159541368484497,0.345546156167984,1176.0537762771198,0.046558521412037035,0.5227949619293213,0.00486954627558589
/home/andres/Documentos/proyecto4geeks/data/raw/youtube/explosion/4us3VQU-7AE_seg161.wav,False,5.0,0.5753670930862427,0.17553919553756714,1053.494616014002,0.052652994791666664,-0.0924234390258789,0.9534256458282471
/home/andres/Documentos/proyecto4geeks/data/raw/youtube/explosion/Ezmqd42xLyA_seg90.wav,False,5.0,0.8238765597343445,0.26050275564193726,1034.6451515474257,0.035999439380787035,-0.34139394760131836,0.948267936706543
/home/andres/Documentos/proyecto4geeks/data/raw/youtube/explosion/L7nZhnSIfps_seg7.wav,False,5.0,0.780621349811554,0.14670458436012268,473.9523245835324,0.012580023871527778,4.742489814758301,4.524674415588379
/home/andres/Documentos/proyecto4geeks/data/raw/youtube/explosion/UKR46LXG8_I_seg135.wav,False,5.0,1.2061465978622437,0.3260893225669861,1214.433057477549,0.04538302951388889,1.3668036460876465,0.9065375924110413
/home/andres/Documentos/proyecto4geeks/data/raw/youtube/explosion/UKR46LXG8_I_seg343.wav,False,5.0,1.161853313446045,0.3085285723209381,1153.0097968112345,0.041901765046296294,1.655242919921875,3.0316545963287354
/home/andres/Documentos/proyecto4geeks/data/raw/youtube/explosion/LQOkL1jaRfU_seg104.wav,False,5.0,0.989237904548645,0.16344024240970612,709.9763969364263,0.021323875144675927,5.259368896484375,0.8544543981552124
/home/andres/Documentos/proyecto4geeks/data/raw/youtube/explosion/UKR46LXG8_I_seg186.wav,False,5.0,1.2061469554901123,0.32573947310447693,1202.4825546562502,0.04507785373263889,1.3851261138916016,0.19350634515285492
/home/andres/Documentos/proyecto4geeks/data/raw/youtube/explosion/m5zzhKNxeGM_seg44.wav,True,5.0,0.9995235800743103,0.17898091673851013,2310.5425046082883,0.13163474754050927,3.1195077896118164,1.5761662721633911
/home/andres/Documentos/proyecto4geeks/data/raw/youtube/explosion/ME2vz8Vocjg_seg36.wav,False,5.0,0.610572338104248,0.17300011217594147,904.0156270993001,0.028657136140046297,1.0598535537719727,0.2565852701663971
/home/andres/Documentos/proyecto4geeks/data/raw/youtube/explosion/4afB4wcRH-A_seg3.wav,False,5.0,0.9293878078460693,0.18080079555511475,511.5853076033439,0.026084617332175927,7.019850730895996,0.007715281564742327
/home/andres/Documentos/proyecto4geeks/data/raw/youtube/explosion/m5zzhKNxeGM_seg48.wav,False,5.0,0.5856082439422607,0.2512591779232025,1135.110443172729,0.04208939163773148,-1.3981375694274902,0.9892534017562866
/home/andres/Documentos/proyecto4geeks/data/raw/youtube/explosion/-DjvoQ3Cl5Y_seg69.wav,False,5.0,0.5137154459953308,0.10695883631706238,1449.7911919771404,0.07343885633680555,0.4935576915740967,0.9477722644805908
/home/andres/Documentos/proyecto4geeks/data/raw/youtube/explosion/fufuluffQDY_seg122.wav,False,5.0,1.0105080604553223,0.17259791493415833,1114.6424094992133,0.03717493127893518,2.516883373260498,0.3086082637310028
/home/andres/Documentos/proyecto4geeks/data/raw/youtube/explosion/4us3VQU-7AE_seg46.wav,True,5.0,1.1258307695388794,0.22922179102897644,1305.3738589719137,0.05255579065393518,10.585692405700684,9.82585334777832
/home/andres/Documentos/proyecto4geeks/data/raw/youtube/explosion/LQOkL1jaRfU_seg123.wav,False,5.0,0.9567814469337463,0.28850507736206055,1318.5648425926656,0.08380805121527778,-0.28790783882141113,0.9784720540046692
/home/andres/Documentos/proyecto4geeks/data/raw/youtube/explosion/UKR46LXG8_I_seg326.wav,False,5.0,1.1720635890960693,0.32253050804138184,1188.6263318290669,0.04519314236111111,1.5067157745361328,0.8065612316131592
/home/andres/Documentos/proyecto4geeks/data/raw/youtube/explosion/m5zzhKNxeGM_seg99.wav,False,5.0,0.6272738575935364,0.3270397484302521,381.8775676303842,0.009370026765046295,-1.00814950466156,1.2837769985198975
/home/andres/Documentos/proyecto4geeks/data/raw/youtube/explosion/-ZPpxY60Zm4_seg68.wav,False,5.0,1.0205450057983398,0.34750649333000183,1208.0135060468576,0.049793384693287035,0.4954721927642822,0.003687024349346757
/home/andres/Documentos/proyecto4geeks/data/raw/youtube/explosion/-ZPpxY60Zm4_seg136.wav,False,5.0,1.0011099576950073,0.21768222749233246,747.0653029192808,0.03342013888888889,1.6939635276794434,2.0141327381134033
/home/andres/Documentos/proyecto4geeks/data/raw/youtube/explosion/Ezmqd42xLyA_seg53.wav,False,5.0,0.7723045349121094,0.2299838811159134,1517.7566278768861,0.062018500434027776,1.3617610931396484,0.9941491484642029
/home/andres/Documentos/proyecto4geeks/data/raw/youtube/explosion/UKR46LXG8_I_seg134.wav,False,5.0,1.1720634698867798,0.3258463442325592,1199.1896026343068,0.04582383897569445,1.3736624717712402,1.3336654901504517
/home/andres/Documentos/proyecto4geeks/data/raw/youtube/explosion/UKR46LXG8_I_seg353.wav,False,5.0,1.1720633506774902,0.3257397711277008,1206.3573063929655,0.045633951822916664,1.3793458938598633,0.06859542429447174
/home/andres/Documentos/proyecto4geeks/data/raw/youtube/explosion/5hF-SPK4jJA_seg57.wav,False,5.0,1.0009775161743164,0.20229312777519226,824.4677157489925,0.044343171296296294,2.040499210357666,1.714224934577942
/home/andres/Documentos/proyecto4geeks/data/raw/youtube/explosion/m5zzhKNxeGM_seg40.wav,False,5.0,0.9863187074661255,0.15771226584911346,1031.459188184135,0.04490379050925926,4.028665542602539,0.6071248650550842
/home/andres/Documentos/proyecto4geeks/data/raw/youtube/explosion/DsfGzApINSQ_seg4.wav,False,5.0,0.8832555413246155,0.11676470935344696,744.1420134505205,0.020137080439814815,17.21242904663086,0.30174940824508667
/home/andres/Documentos/proyecto4geeks/data/raw/youtube/explosion/Ezmqd42xLyA_seg48.wav,False,5.0,0.6482710838317871,0.35338491201400757,582.6204334600002,0.01429126880787037,-1.1855590343475342,0.8867457509040833
/home/andres/Documentos/proyecto4geeks/data/raw/youtube/explosion/UKR46LXG8_I_seg157.wav,False,5.0,1.206146478652954,0.32195353507995605,1182.6902643850021,0.04432508680555555,1.5153403282165527,0.9923011660575867
/home/andres/Documentos/proyecto4geeks/data/raw/youtube/explosion/fufuluffQDY_seg139.wav,False,5.0,0.9392361640930176,0.20123709738254547,692.7242865104373,0.022994429976851853,1.4071331024169922,1.2521202564239502
/home/andres/Documentos/proyecto4geeks/data/raw/youtube/explosion/fufuluffQDY_seg183.wav,True,5.0,0.9946974515914917,0.1462489813566208,1570.558061038045,0.04903609664351852,5.80224609375,4.030101776123047
/home/andres/Documentos/proyecto4geeks/data/raw/youtube/explosion/UKR46LXG8_I_seg271.wav,False,5.0,1.1720634698867798,0.3255559802055359,1203.6935780537972,0.04557517722800926,1.3888354301452637,0.18153800070285797
/home/andres/Documentos/proyecto4geeks/data/raw/youtube/explosion/fufuluffQDY_seg205.wav,False,5.0,0.9762442708015442,0.24734309315681458,1096.2797359377691,0.05838577835648148,0.16759467124938965,1.0438871383666992
/home/andres/Documentos/proyecto4geeks/data/raw/youtube/explosion/UKR46LXG8_I_seg311.wav,False,5.0,1.2061469554901123,0.32586708664894104,1199.3925535514045,0.045172797309027776,1.3785128593444824,0.08314401656389236
/home/andres/Documentos/proyecto4geeks/data/raw/youtube/explosion/-ZPpxY60Zm4_seg241.wav,False,5.0,0.41059625148773193,0.07899691164493561,632.2349802152098,0.019110785590277776,1.5393214225769043,0.856033444404602
/home/andres/Documentos/proyecto4geeks/data/raw/youtube/explosion/UKR46LXG8_I_seg331.wav,False,5.0,1.2061465978622437,0.3205755352973938,1179.3610584038456,0.044514973958333336,1.5524163246154785,1.2888352870941162
/home/andres/Documentos/proyecto4geeks/data/raw/youtube/explosion/LQOkL1jaRfU_seg143.wav,False,5.0,0.7983572483062744,0.23991547524929047,1542.046265718165,0.0838329173900463,0.3697319030761719,0.24991841614246368
/home/andres/Documentos/proyecto4geeks/data/raw/youtube/explosion/-ZPpxY60Zm4_seg200.wav,False,5.0,1.0046565532684326,0.2571805417537689,691.5813748664951,0.03209997106481482,1.1904950141906738,1.4266060590744019
/home/andres/Documentos/proyecto4geeks/data/raw/youtube/explosion/ME2vz8Vocjg_seg24.wav,True,5.0,0.8205817937850952,0.16548414528369904,1538.0837288013297,0.08770978009259259,4.759601593017578,2.328056573867798
/home/andres/Documentos/proyecto4geeks/data/raw/youtube/explosion/-ZPpxY60Zm4_seg305.wav,False,5.0,0.4679757356643677,0.089081309735775,723.5505198376101,0.025485568576388888,0.9876534938812256,1.2660263776779175
/home/andres/Documentos/proyecto4geeks/data/raw/youtube/explosion/-ZPpxY60Zm4_seg237.wav,False,5.0,0.923200249671936,0.17267918586730957,798.2502947465629,0.03568748191550926,1.0569872856140137,1.6473276615142822
/home/andres/Documentos/proyecto4geeks/data/raw/youtube/explosion/fufuluffQDY_seg40.wav,True,5.0,1.2427769899368286,0.17308254539966583,2577.803667026074,0.1942816840277778,7.997591972351074,0.20861531794071198
/home/andres/Documentos/proyecto4geeks/data/raw/youtube/explosion/m5zzhKNxeGM_seg111.wav,False,5.0,0.5110980272293091,0.06778743863105774,1039.5297831017635,0.04322193287037037,4.490854740142822,0.22605077922344208
/home/andres/Documentos/proyecto4geeks/data/raw/youtube/explosion/UKR46LXG8_I_seg345.wav,False,5.0,1.1720634698867798,0.32584646344184875,1174.7718333734551,0.044535319010416664,1.3736367225646973,2.4959819316864014
/home/andres/Documentos/proyecto4geeks/data/raw/youtube/explosion/4us3VQU-7AE_seg55.wav,False,5.0,1.0542042255401611,0.28020408749580383,2444.9491601554973,0.14158573857060186,-0.17763161659240723,0.8169589638710022
/home/andres/Documentos/proyecto4geeks/data/raw/youtube/explosion/L7nZhnSIfps_seg1.wav,True,5.0,0.72581547498703,0.11551316827535629,617.5743196652361,0.009370026765046295,6.598681449890137,5.710129261016846
/home/andres/Documentos/proyecto4geeks/data/raw/youtube/explosion/-ZPpxY60Zm4_seg174.wav,False,5.0,0.40349411964416504,0.07069864124059677,687.3312017316117,0.01990876374421296,3.099762439727783,2.255215883255005
/home/andres/Documentos/proyecto4geeks/data/raw/youtube/explosion/-ZPpxY60Zm4_seg211.wav,False,5.0,1.0091445446014404,0.1872798502445221,1095.2874458781619,0.032886646412037035,9.929489135742188,0.5604051351547241
/home/andres/Documentos/proyecto4geeks/data/raw/youtube/explosion/eV8itVdo9f8_seg16.wav,False,5.0,0.9970250129699707,0.237849161028862,844.2353065151553,0.019266764322916668,1.5001649856567383,0.3804367780685425
/home/andres/Documentos/proyecto4geeks/data/raw/youtube/explosion/fufuluffQDY_seg208.wav,False,5.0,0.9736827611923218,0.24949657917022705,1096.793222083082,0.05558720341435185,0.14789032936096191,0.917574942111969
/home/andres/Documentos/proyecto4geeks/data/raw/youtube/explosion/fufuluffQDY_seg217.wav,False,5.0,0.9726425409317017,0.2635379433631897,983.8598328453016,0.051638002748842594,-0.08068275451660156,0.9779320955276489
/home/andres/Documentos/proyecto4geeks/data/raw/youtube/explosion/Ezmqd42xLyA_seg63.wav,False,5.0,0.6482232213020325,0.22025321424007416,1075.1721603212982,0.04066749855324074,-0.41834306716918945,1.325825810432434
/home/andres/Documentos/proyecto4geeks/data/raw/youtube/explosion/fufuluffQDY_seg12.wav,False,5.0,0.9907881021499634,0.1901603490114212,1695.5993681154484,0.09827338324652778,2.053140640258789,1.4605393409729004
/home/andres/Documentos/proyecto4geeks/data/raw/youtube/explosion/50IyVsS9EGQ_seg18.wav,False,5.0,0.5247292518615723,0.10410312563180923,640.9190111697409,0.037407769097222224,2.017177104949951,0.580725908279419
/home/andres/Documentos/proyecto4geeks/data/raw/youtube/explosion/-ZPpxY60Zm4_seg222.wav,False,5.0,0.7612627744674683,0.13158078491687775,750.9614098700949,0.031114366319444444,1.4579858779907227,1.317345142364502
/home/andres/Documentos/proyecto4geeks/data/raw/youtube/explosion/LQOkL1jaRfU_seg16.wav,False,5.0,0.9938262701034546,0.31381696462631226,1966.1603916583274,0.14189543547453703,-0.2865447998046875,1.0114850997924805
/home/andres/Documentos/proyecto4geeks/data/raw/youtube/explosion/-DjvoQ3Cl5Y_seg50.wav,False,5.0,0.6730768084526062,0.14575228095054626,1219.957523319697,0.06208179615162037,0.920844316482544,1.30280601978302
/home/andres/Documentos/proyecto4geeks/data/raw/youtube/explosion/m5zzhKNxeGM_seg118.wav,False,5.0,0.9098336696624756,0.10875918716192245,1198.4651575174157,0.05411331741898148,0.9382431507110596,0.6964276432991028
/home/andres/Documentos/proyecto4geeks/data/raw/youtube/explosion/1TT73KJiZLM_seg2.wav,True,5.0,1.0047900676727295,0.1529938131570816,747.603534579567,0.03648998119212963,7.7287702560424805,4.396353721618652
/home/andres/Documentos/proyecto4geeks/data/raw/youtube/explosion/-ZPpxY60Zm4_seg270.wav,False,5.0,1.008731722831726,0.3356158435344696,943.1601031586392,0.04312698929398148,0.41499996185302734,1.5031591653823853
/home/andres/Documentos/proyecto4geeks/data/raw/youtube/explosion/fufuluffQDY_seg82.wav,False,5.0,0.523859441280365,0.10827218741178513,1003.8489801309489,0.05176685474537037,2.398149013519287,1.2273730039596558
/home/andres/Documentos/proyecto4geeks/data/raw/youtube/explosion/4us3VQU-7AE_seg23.wav,False,5.0,0.9277071356773376,0.11435965448617935,319.0256369517134,0.021873191550925927,4.081740856170654,0.7183490991592407
/home/andres/Documentos/proyecto4geeks/data/raw/youtube/explosion/UKR46LXG8_I_seg188.wav,False,5.0,1.2061465978622437,0.3255428671836853,1198.751909844587,0.04491283275462963,1.3946619033813477,0.2687237858772278
/home/andres/Documentos/proyecto4geeks/data/raw/youtube/explosion/-ZPpxY60Zm4_seg307.wav,False,5.0,1.0027462244033813,0.25411760807037354,686.4661512885249,0.031261302806712965,1.300093650817871,1.6718065738677979
/home/andres/Documentos/proyecto4geeks/data/raw/youtube/explosion/UKR46LXG8_I_seg317.wav,False,5.0,1.2061469554901123,0.32553645968437195,1187.6499286690628,0.044727466724537035,1.3950839042663574,0.30718109011650085
/home/andres/Documentos/proyecto4geeks/data/raw/youtube/explosion/4us3VQU-7AE_seg74.wav,False,5.0,1.0006639957427979,0.20817703008651733,1079.9968945152025,0.05884693287037037,1.613093376159668,0.4855028986930847
/home/andres/Documentos/proyecto4geeks/data/raw/youtube/explosion/eV8itVdo9f8_seg8.wav,False,5.0,1.0002521276474,0.3140293061733246,883.0333594529003,0.019388834635416668,0.13062024116516113,0.27275311946868896
/home/andres/Documentos/proyecto4geeks/data/raw/youtube/explosion/LQOkL1jaRfU_seg116.wav,False,5.0,0.4604254364967346,0.15660513937473297,1506.572872987097,0.07637080439814815,-0.043848276138305664,1.2275689840316772
/home/andres/Documentos/proyecto4geeks/data/raw/youtube/explosion/ME2vz8Vocjg_seg10.wav,False,5.0,0.682941198348999,0.2164662927389145,857.6623410185423,0.021016438802083332,0.05519986152648926,1.2787177562713623
/home/andres/Documentos/proyecto4geeks/data/raw/youtube/explosion/UKR46LXG8_I_seg351.wav,False,5.0,1.1720635890960693,0.3257772624492645,1201.5413533570154,0.045622649016203706,1.377373218536377,0.02420552261173725
/home/andres/Documentos/proyecto4geeks/data/raw/youtube/explosion/fufuluffQDY_seg42.wav,False,5.0,0.5178616642951965,0.09532425552606583,1158.8798203556232,0.07219554759837964,0.9893872737884521,1.2387704849243164
/home/andres/Documentos/proyecto4geeks/data/raw/youtube/explosion/Ezmqd42xLyA_seg5.wav,False,5.0,0.7336481809616089,0.12614937126636505,1681.2321728831826,0.08799461082175926,2.1269383430480957,1.1407954692840576
/home/andres/Documentos/proyecto4geeks/data/raw/youtube/explosion/UKR46LXG8_I_seg138.wav,False,5.0,1.1720634698867798,0.32576820254325867,1202.086099927201,0.04561134620949074,1.3778533935546875,0.02958192676305771
/home/andres/Documentos/proyecto4geeks/data/raw/youtube/explosion/-ZPpxY60Zm4_seg114.wav,False,5.0,1.0184953212738037,0.358581006526947,1079.324694174835,0.049915455005787035,0.1377713680267334,1.0937223434448242
/home/andres/Documentos/proyecto4geeks/data/raw/youtube/explosion/UKR46LXG8_I_seg113.wav,False,5.0,1.1720635890960693,0.32236340641975403,1188.7540616570632,0.045098198784722224,1.5151891708374023,0.8449376821517944
/home/andres/Documentos/proyecto4geeks/data/raw/youtube/explosion/Ezmqd42xLyA_seg17.wav,False,5.0,0.8006095886230469,0.11751411110162735,1109.5581123431998,0.04416458695023148,6.501441955566406,0.704566478729248
/home/andres/Documentos/proyecto4geeks/data/raw/youtube/explosion/ME2vz8Vocjg_seg5.wav,False,5.0,0.5965524315834045,0.07709633558988571,747.475957083202,0.02437111183449074,3.0029377937316895,0.9188194274902344
/home/andres/Documentos/proyecto4geeks/data/raw/youtube/explosion/fufuluffQDY_seg206.wav,False,5.0,0.9735682010650635,0.22594980895519257,1099.0601912025538,0.056425871672453706,0.5800108909606934,1.063948154449463
/home/andres/Documentos/proyecto4geeks/data/raw/youtube/explosion/LQOkL1jaRfU_seg32.wav,False,5.0,0.7112686038017273,0.1716621071100235,1186.2949771008286,0.04381419994212963,1.2449145317077637,0.7013301849365234
/home/andres/Documentos/proyecto4geeks/data/raw/youtube/explosion/4us3VQU-7AE_seg169.wav,False,5.0,0.5589073300361633,0.10043055564165115,1792.8623691019209,0.11173502604166667,1.9566712379455566,1.205558180809021
/home/andres/Documentos/proyecto4geeks/data/raw/youtube/explosion/m5zzhKNxeGM_seg75.wav,False,5.0,0.6185625195503235,0.11606790870428085,2290.3813326866407,0.15771484375,1.7660527229309082,0.7235593795776367
/home/andres/Documentos/proyecto4geeks/data/raw/youtube/explosion/fufuluffQDY_seg189.wav,False,5.0,0.9024205803871155,0.23562978208065033,986.6195849855679,0.05210593894675926,0.20764493942260742,1.0599268674850464
/home/andres/Documentos/proyecto4geeks/data/raw/youtube/explosion/-ZPpxY60Zm4_seg197.wav,False,5.0,1.0016720294952393,0.2512413561344147,688.759796047511,0.030999077690972224,1.3822569847106934,1.9274413585662842
/home/andres/Documentos/proyecto4geeks/data/raw/youtube/explosion/-ZPpxY60Zm4_seg131.wav,False,5.0,0.41195613145828247,0.07860156148672104,626.7892018399041,0.018961588541666668,1.6446938514709473,0.8397980332374573
/home/andres/Documentos/proyecto4geeks/data/raw/youtube/explosion/-ZPpxY60Zm4_seg329.wav,False,5.0,0.7666002511978149,0.13107582926750183,744.7988069812442,0.03051983868634259,1.4913854598999023,1.509503960609436
/home/andres/Documentos/proyecto4geeks/data/raw/youtube/explosion/UKR46LXG8_I_seg220.wav,False,5.0,1.1720635890960693,0.32584601640701294,1208.9773552667318,0.045835141782407406,1.37369966506958,1.0454370975494385
/home/andres/Documentos/proyecto4geeks/data/raw/youtube/explosion/Ezmqd42xLyA_seg49.wav,False,5.0,0.6216128468513489,0.3163432776927948,390.6544917910089,0.009785970052083334,-0.9398515224456787,1.3103893995285034
/home/andres/Documentos/proyecto4geeks/data/raw/youtube/explosion/-ZPpxY60Zm4_seg148.wav,False,5.0,1.0010255575180054,0.26581576466560364,710.6784587081202,0.033476652922453706,0.9901065826416016,1.2644959688186646
/home/andres/Documentos/proyecto4geeks/data/raw/youtube/explosion/-ZPpxY60Zm4_seg44.wav,False,5.0,1.0037540197372437,0.29127946496009827,777.3119501129333,0.03653293185763889,0.8406450748443604,1.5039445161819458
/home/andres/Documentos/proyecto4geeks/data/raw/youtube/explosion/UKR46LXG8_I_seg270.wav,False,5.0,1.2061469554901123,0.32591792941093445,1203.774158244354,0.04515245225694445,1.3758444786071777,0.14996427297592163
/home/andres/Documentos/proyecto4geeks/data/raw/youtube/explosion/Ezmqd42xLyA_seg127.wav,False,5.0,0.9137817025184631,0.06743258237838745,900.1655183394629,0.044797544126157406,16.793617248535156,0.9430711269378662
/home/andres/Documentos/proyecto4geeks/data/raw/youtube/explosion/fufuluffQDY_seg175.wav,False,5.0,0.8344223499298096,0.25124016404151917,718.0539497793517,0.021760163483796297,-0.46245837211608887,1.0254943370819092
/home/andres/Documentos/proyecto4geeks/data/raw/youtube/explosion/-ZPpxY60Zm4_seg129.wav,False,5.0,1.0220320224761963,0.33653339743614197,1269.4124355629406,0.04606345847800926,0.862166166305542,0.020107541233301163
/home/andres/Documentos/proyecto4geeks/data/raw/youtube/explosion/50IyVsS9EGQ_seg38.wav,True,5.0,0.6476949453353882,0.08731745183467865,1687.1450508813275,0.11401819299768519,7.763348579406738,1.88193678855896
/home/andres/Documentos/proyecto4geeks/data/raw/youtube/explosion/5hF-SPK4jJA_seg20.wav,True,5.0,0.7972677946090698,0.11836227774620056,1793.4155834879764,0.1206371166087963,5.875150680541992,2.1342992782592773
/home/andres/Documentos/proyecto4geeks/data/raw/youtube/explosion/Ezmqd42xLyA_seg146.wav,False,5.0,0.9722498655319214,0.3025362193584442,2004.8756734817096,0.09242305049189815,-0.3422830104827881,1.0060213804244995
/home/andres/Documentos/proyecto4geeks/data/raw/youtube/explosion/-ZPpxY60Zm4_seg177.wav,False,5.0,0.4196947515010834,0.07437783479690552,661.9636461088604,0.018541124131944444,2.4587063789367676,1.97805917263031
/home/andres/Documentos/proyecto4geeks/data/raw/youtube/explosion/-ZPpxY60Zm4_seg54.wav,False,5.0,0.7312281131744385,0.12854762375354767,729.819938787748,0.02891936125578704,1.5757355690002441,1.6851288080215454
/home/andres/Documentos/proyecto4geeks/data/raw/youtube/explosion/LQOkL1jaRfU_seg3.wav,False,5.0,0.8449711799621582,0.1821146011352539,2318.634038122517,0.15407081886574073,0.1173856258392334,0.9377682209014893
/home/andres/Documentos/proyecto4geeks/data/raw/youtube/explosion/m5zzhKNxeGM_seg77.wav,False,5.0,0.9745791554450989,0.21756988763809204,726.8704288803793,0.035280580873842594,0.9488170146942139,0.4781258702278137
/home/andres/Documentos/proyecto4geeks/data/raw/youtube/explosion/-ZPpxY60Zm4_seg205.wav,False,5.0,1.0204236507415771,0.24095596373081207,1194.5197342964505,0.03657588252314815,5.290983200073242,0.35602471232414246
/home/andres/Documentos/proyecto4geeks/data/raw/youtube/explosion/ME2vz8Vocjg_seg50.wav,False,5.0,0.6312187910079956,0.1906486302614212,2050.7717822106315,0.08888753255208333,-0.5085287094116211,1.0143547058105469
/home/andres/Documentos/proyecto4geeks/data/raw/youtube/explosion/4afB4wcRH-A_seg54.wav,False,5.0,0.9997814297676086,0.21284781396389008,1919.4293449759894,0.08112928602430555,3.9559006690979004,0.058453768491744995
/home/andres/Documentos/proyecto4geeks/data/raw/youtube/explosion/-ZPpxY60Zm4_seg8.wav,False,5.0,0.7563464641571045,0.1374143660068512,769.8562097731703,0.03177445023148148,1.384103775024414,1.3714548349380493
/home/andres/Documentos/proyecto4geeks/data/raw/youtube/explosion/UKR46LXG8_I_seg340.wav,False,5.0,1.1720635890960693,0.3148995637893677,1167.7784966089237,0.04365596064814815,1.6489577293395996,2.4147372245788574
/home/andres/Documentos/proyecto4geeks/data/raw/youtube/explosion/4us3VQU-7AE_seg42.wav,False,5.0,0.6679039597511292,0.09904655814170837,951.0315506644564,0.06056495949074074,0.6927921772003174,1.0423086881637573
/home/andres/Documentos/proyecto4geeks/data/raw/youtube/explosion/-ZPpxY60Zm4_seg309.wav,False,5.0,1.0111688375473022,0.2672604024410248,1207.0895218779633,0.04267261646412037,3.6035919189453125,0.2510668933391571
/home/andres/Documentos/proyecto4geeks/data/raw/youtube/explosion/UKR46LXG8_I_seg269.wav,False,5.0,1.1720635890960693,0.32554835081100464,1208.4076777954683,0.045652036313657406,1.3892645835876465,0.10427495092153549
/home/andres/Documentos/proyecto4geeks/data/raw/youtube/explosion/4us3VQU-7AE_seg14.wav,False,5.0,0.41568514704704285,0.10418572276830673,2479.639297747453,0.20164885344328703,1.8622617721557617,1.2578147649765015
/home/andres/Documentos/proyecto4geeks/data/raw/youtube/explosion/4us3VQU-7AE_seg179.wav,False,5.0,0.4722646474838257,0.07464441657066345,876.8135253710581,0.04799849898726852,2.8576855659484863,0.5527492165565491
/home/andres/Documentos/proyecto4geeks/data/raw/youtube/explosion/UKR46LXG8_I_seg239.wav,False,5.0,1.2061468362808228,0.32398927211761475,1181.2321300030458,0.044492368344907406,1.4598093032836914,0.676883339881897
/home/andres/Documentos/proyecto4geeks/data/raw/youtube/explosion/1TT73KJiZLM_seg3.wav,False,5.0,1.026682734489441,0.18085065484046936,527.0104264531766,0.018599898726851853,11.06250286102295,0.0188694279640913
/home/andres/Documentos/proyecto4geeks/data/raw/youtube/explosion/-ZPpxY60Zm4_seg20.wav,False,5.0,0.9077458381652832,0.17301757633686066,795.4981881513685,0.035676179108796294,1.0538663864135742,1.6503053903579712
/home/andres/Documentos/proyecto4geeks/data/raw/youtube/explosion/LQOkL1jaRfU_seg157.wav,False,5.0,0.5664902925491333,0.1492871195077896,292.94803639538435,0.00790970413773148,0.0819847583770752,1.2254315614700317
/home/andres/Documentos/proyecto4geeks/data/raw/youtube/explosion/4us3VQU-7AE_seg170.wav,False,5.0,0.560691237449646,0.07975989580154419,1585.0760054378518,0.08979401765046297,3.359645366668701,1.138134241104126
/home/andres/Documentos/proyecto4geeks/data/raw/youtube/explosion/UKR46LXG8_I_seg173.wav,False,5.0,1.10529625415802,0.31995221972465515,1147.0618560832625,0.041646321614583336,1.4731745719909668,3.075608491897583
/home/andres/Documentos/proyecto4geeks/data/raw/youtube/explosion/50IyVsS9EGQ_seg83.wav,False,5.0,0.9985247850418091,0.17018647491931915,1738.802561908674,0.06203432436342592,4.549333095550537,1.0873324871063232
/home/andres/Documentos/proyecto4geeks/data/raw/youtube/explosion/fufuluffQDY_seg169.wav,False,5.0,0.8365676999092102,0.24855659902095795,725.8958894775408,0.02148663556134259,-0.4610428810119629,1.0272716283798218
/home/andres/Documentos/proyecto4geeks/data/raw/youtube/explosion/fufuluffQDY_seg135.wav,False,5.0,0.8530851602554321,0.2515522539615631,742.8366728802598,0.022802282262731483,-0.48064208030700684,0.9417999982833862
/home/andres/Documentos/proyecto4geeks/data/raw/youtube/explosion/Ezmqd42xLyA_seg67.wav,True,5.0,1.030224323272705,0.09912755340337753,1229.6364740354782,0.04563169126157408,16.73563003540039,2.126997709274292
/home/andres/Documentos/proyecto4geeks/data/raw/youtube/explosion/4afB4wcRH-A_seg22.wav,False,5.0,0.26209431886672974,0.08717741817235947,87.54852221553702,0.002425582320601852,-0.13892292976379395,1.6652189493179321
/home/andres/Documentos/proyecto4geeks/data/raw/youtube/explosion/-ZPpxY60Zm4_seg219.wav,False,5.0,0.737890362739563,0.1296922266483307,736.40353112892,0.030103895399305556,1.5617475509643555,1.66460382938385
/home/andres/Documentos/proyecto4geeks/data/raw/youtube/explosion/UKR46LXG8_I_seg162.wav,False,5.0,1.1720635890960693,0.31985199451446533,1168.55741117822,0.04396339699074074,1.5518159866333008,1.4589014053344727
/home/andres/Documentos/proyecto4geeks/data/raw/youtube/explosion/fufuluffQDY_seg141.wav,False,5.0,0.9178460836410522,0.18280361592769623,671.9967424350092,0.021247016059027776,2.124748706817627,0.9414591193199158
/home/andres/Documentos/proyecto4geeks/data/raw/youtube/explosion/50IyVsS9EGQ_seg78.wav,True,5.0,1.0014793872833252,0.169076070189476,1847.2952601075026,0.059934262876157406,5.1724138259887695,0.7471104264259338
/home/andres/Documentos/proyecto4geeks/data/raw/youtube/explosion/LQOkL1jaRfU_seg48.wav,True,5.0,0.7912722826004028,0.10433968156576157,1944.8077814248159,0.10341616030092593,7.626252174377441,0.013488958589732647
/home/andres/Documentos/proyecto4geeks/data/raw/youtube/explosion/LQOkL1jaRfU_seg146.wav,False,5.0,0.5085011720657349,0.09640873223543167,943.1976868523478,0.06112105758101852,2.1191439628601074,0.6298741102218628
/home/andres/Documentos/proyecto4geeks/data/raw/youtube/explosion/fufuluffQDY_seg39.wav,False,5.0,0.8245812654495239,0.23741687834262848,1150.4563092241715,0.07264539930555555,0.1463475227355957,1.1796280145645142
/home/andres/Documentos/proyecto4geeks/data/raw/youtube/explosion/4us3VQU-7AE_seg0.wav,False,5.0,0.44870150089263916,0.09387017786502838,589.1895617836832,0.03290699146412037,0.9025270938873291,0.1291441023349762
/home/andres/Documentos/proyecto4geeks/data/raw/youtube/explosion/UKR46LXG8_I_seg313.wav,False,5.0,1.2061469554901123,0.3258707821369171,1205.545628435009,0.045145670572916664,1.3781657218933105,0.16158339381217957
/home/andres/Documentos/proyecto4geeks/data/raw/youtube/explosion/Ezmqd42xLyA_seg136.wav,False,5.0,0.9843419790267944,0.29444682598114014,2153.4890925488844,0.10502567997685185,-0.34459710121154785,1.0604438781738281
/home/andres/Documentos/proyecto4geeks/data/raw/youtube/explosion/-ZPpxY60Zm4_seg32.wav,False,5.0,1.0034834146499634,0.24830059707164764,699.1785174250582,0.031132450810185185,1.4967799186706543,2.3344180583953857
/home/andres/Documentos/proyecto4geeks/data/raw/youtube/explosion/-ZPpxY60Zm4_seg175.wav,False,5.0,1.0217021703720093,0.3503967821598053,1236.4037061106453,0.048107005931712965,0.3922157287597656,0.05687925964593887
/home/andres/Documentos/proyecto4geeks/data/raw/youtube/explosion/UKR46LXG8_I_seg319.wav,False,5.0,1.2061465978622437,0.3253587782382965,1194.893707958808,0.04470486111111111,1.4041271209716797,0.3736535310745239
/home/andres/Documentos/proyecto4geeks/data/raw/youtube/explosion/-ZPpxY60Zm4_seg295.wav,False,5.0,0.9496693015098572,0.187456414103508,780.5751346496887,0.03499575014467592,1.092127799987793,1.5718272924423218
/home/andres/Documentos/proyecto4geeks/data/raw/youtube/explosion/-ZPpxY60Zm4_seg337.wav,False,5.0,1.0148015022277832,0.35155701637268066,1210.0388119897825,0.048403139467592594,0.35684967041015625,0.15795312821865082
/home/andres/Documentos/proyecto4geeks/data/raw/youtube/explosion/5hF-SPK4jJA_seg33.wav,False,5.0,1.002800464630127,0.26964250206947327,734.985190261119,0.03689914279513889,0.5588517189025879,0.676624059677124
/home/andres/Documentos/proyecto4geeks/data/raw/youtube/explosion/UKR46LXG8_I_seg140.wav,False,5.0,1.1720635890960693,0.32572728395462036,1211.9368854020313,0.04560230396412037,1.3799972534179688,0.07608112692832947
/home/andres/Documentos/proyecto4geeks/data/raw/youtube/explosion/UKR46LXG8_I_seg223.wav,False,5.0,1.2061470746994019,0.32602113485336304,1201.1617612368284,0.04520218460648148,1.3704462051391602,0.024296918883919716
/home/andres/Documentos/proyecto4geeks/data/raw/youtube/explosion/UKR46LXG8_I_seg93.wav,False,5.0,1.1720635890960693,0.3258405029773712,1202.1205779609231,0.045746979890046294,1.3739895820617676,0.5912905335426331
/home/andres/Documentos/proyecto4geeks/data/raw/youtube/explosion/UKR46LXG8_I_seg192.wav,False,5.0,1.2061465978622437,0.3251987397670746,1192.2382443532015,0.044492368344907406,1.4101405143737793,0.418304979801178
/home/andres/Documentos/proyecto4geeks/data/raw/youtube/explosion/5hF-SPK4jJA_seg53.wav,False,5.0,1.0012757778167725,0.22326886653900146,430.6711860245353,0.025566948784722224,0.8214402198791504,1.4042497873306274
/home/andres/Documentos/proyecto4geeks/data/raw/youtube/explosion/-ZPpxY60Zm4_seg107.wav,False,5.0,1.0120683908462524,0.13970069587230682,1028.1139826058618,0.029975043402777776,19.253965377807617,1.1375788450241089
/home/andres/Documentos/proyecto4geeks/data/raw/youtube/explosion/fufuluffQDY_seg188.wav,False,5.0,0.9615501761436462,0.24643689393997192,971.2803384620704,0.05215115017361111,0.1956632137298584,1.132278323173523
/home/andres/Documentos/proyecto4geeks/data/raw/youtube/explosion/L7nZhnSIfps_seg0.wav,False,5.0,0.9998646974563599,0.2871491014957428,713.4351801289691,0.017074019820601853,0.06731986999511719,0.4002224802970886
/home/andres/Documentos/proyecto4geeks/data/raw/youtube/explosion/-ZPpxY60Zm4_seg208.wav,False,5.0,1.0097171068191528,0.21194849908351898,1137.8250013086151,0.03673412181712963,7.168745994567871,0.3897596299648285
/home/andres/Documentos/proyecto4geeks/data/raw/youtube/explosion/-ZPpxY60Zm4_seg60.wav,False,5.0,0.7527264356613159,0.132742777466774,752.4056381638416,0.030732331452546297,1.4428858757019043,1.319210410118103
/home/andres/Documentos/proyecto4geeks/data/raw/youtube/explosion/50IyVsS9EGQ_seg100.wav,True,5.0,0.8717594742774963,0.12526540458202362,1900.3668800926137,0.060343424479166664,6.265040397644043,0.6242997050285339
/home/andres/Documentos/proyecto4geeks/data/raw/youtube/explosion/UKR46LXG8_I_seg349.wav,False,5.0,1.1720635890960693,0.3258405029773712,1202.1206463924298,0.045746979890046294,1.3739891052246094,0.5912904739379883
/home/andres/Documentos/proyecto4geeks/data/raw/youtube/explosion/4us3VQU-7AE_seg11.wav,False,5.0,0.3522602319717407,0.0570833645761013,1475.703731552088,0.07759828920717593,3.544203758239746,2.1705427169799805
/home/andres/Documentos/proyecto4geeks/data/raw/youtube/explosion/UKR46LXG8_I_seg64.wav,False,5.0,1.1720635890960693,0.3249818682670593,1191.868804269769,0.04514341001157408,1.415947437286377,0.4180416464805603
/home/andres/Documentos/proyecto4geeks/data/raw/youtube/explosion/m5zzhKNxeGM_seg51.wav,False,5.0,0.7929908037185669,0.19070622324943542,876.5473073274444,0.04049117476851852,1.2837910652160645,0.8650168180465698
/home/andres/Documentos/proyecto4geeks/data/raw/youtube/explosion/5hF-SPK4jJA_seg4.wav,False,5.0,0.5259754657745361,0.09340198338031769,1447.0628922451983,0.08499936704282407,1.5172557830810547,2.447430372238159
/home/andres/Documentos/proyecto4geeks/data/raw/youtube/explosion/-ZPpxY60Zm4_seg156.wav,False,5.0,1.077108383178711,0.19511167705059052,1118.920264939703,0.03433566623263889,8.99289321899414,0.49380847811698914
/home/andres/Documentos/proyecto4geeks/data/raw/youtube/explosion/-DjvoQ3Cl5Y_seg32.wav,False,5.0,0.7599656581878662,0.1268066167831421,1343.6582060703029,0.06573938440393519,1.1303529739379883,0.9730297923088074
/home/andres/Documentos/proyecto4geeks/data/raw/youtube/explosion/DsfGzApINSQ_seg3.wav,False,5.0,0.5427954196929932,0.08421029150485992,778.8114985289614,0.02112720630787037,3.0219950675964355,2.275477170944214
/home/andres/Documentos/proyecto4geeks/data/raw/youtube/explosion/-DjvoQ3Cl5Y_seg66.wav,False,5.0,0.5251299142837524,0.13054195046424866,661.4022737604719,0.02851246021412037,0.8266539573669434,0.7901009321212769
/home/andres/Documentos/proyecto4geeks/data/raw/youtube/explosion/4afB4wcRH-A_seg37.wav,False,5.0,0.32774287462234497,0.08308898657560349,874.5350539949968,0.021138509114583332,1.070256233215332,1.5101310014724731
/home/andres/Documentos/proyecto4geeks/data/raw/youtube/explosion/4afB4wcRH-A_seg9.wav,False,5.0,0.9717712998390198,0.2658405900001526,829.5420864313296,0.02796540436921296,1.974987506866455,2.5486087799072266
/home/andres/Documentos/proyecto4geeks/data/raw/youtube/explosion/UKR46LXG8_I_seg350.wav,False,5.0,1.2061469554901123,0.3260754644870758,1198.1941722358506,0.04507785373263889,1.3675198554992676,0.13545739650726318
/home/andres/Documentos/proyecto4geeks/data/raw/youtube/explosion/UKR46LXG8_I_seg154.wav,False,5.0,1.1720635890960693,0.32375937700271606,1188.9110751244832,0.04494448061342592,1.4662127494812012,0.7002652287483215
/home/andres/Documentos/proyecto4geeks/data/raw/youtube/explosion/UKR46LXG8_I_seg62.wav,False,5.0,1.1720635890960693,0.3250510096549988,1189.1579769045961,0.04515019169560185,1.4138116836547852,0.3429722785949707
/home/andres/Documentos/proyecto4geeks/data/raw/youtube/explosion/-ZPpxY60Zm4_seg354.wav,False,5.0,0.4200887680053711,0.08202102780342102,664.6367690842001,0.02174660011574074,1.100644588470459,0.9463544487953186
/home/andres/Documentos/proyecto4geeks/data/raw/youtube/explosion/-ZPpxY60Zm4_seg30.wav,False,5.0,0.42070722579956055,0.08361009508371353,680.9140048036702,0.023039641203703703,1.0795512199401855,0.9916129112243652
/home/andres/Documentos/proyecto4geeks/data/raw/youtube/explosion/-ZPpxY60Zm4_seg194.wav,False,5.0,1.0026566982269287,0.24277620017528534,703.8056573899082,0.03153030960648148,1.4644274711608887,2.2401974201202393
/home/andres/Documentos/proyecto4geeks/data/raw/youtube/explosion/UKR46LXG8_I_seg72.wav,False,5.0,1.1720637083053589,0.32225775718688965,1177.7399313612461,0.04454662181712963,1.5069012641906738,1.0345466136932373
/home/andres/Documentos/proyecto4geeks/data/raw/youtube/explosion/-ZPpxY60Zm4_seg167.wav,False,5.0,0.7490448951721191,0.13142213225364685,744.5251227022776,0.030924479166666668,1.4298110008239746,1.4101698398590088
/home/andres/Documentos/proyecto4geeks/data/raw/youtube/explosion/UKR46LXG8_I_seg254.wav,False,5.0,1.1720635890960693,0.31460443139076233,1173.4170599789313,0.04389784071180555,1.6397485733032227,2.2936818599700928
/home/andres/Documentos/proyecto4geeks/data/raw/youtube/explosion/4us3VQU-7AE_seg118.wav,False,5.0,0.5177750587463379,0.09439563006162643,760.5608696625576,0.048075358072916664,2.2760767936706543,0.5176228880882263
/home/andres/Documentos/proyecto4geeks/data/raw/youtube/explosion/f0gB369NYFA_seg27.wav,False,5.0,0.37877994775772095,0.07823649793863297,461.1072399391773,0.012247721354166666,1.8825101852416992,2.04561185836792
/home/andres/Documentos/proyecto4geeks/data/raw/youtube/explosion/fufuluffQDY_seg170.wav,False,5.0,0.8136564493179321,0.2433372139930725,717.8326281895396,0.02129222728587963,-0.47663211822509766,1.0546536445617676
/home/andres/Documentos/proyecto4geeks/data/raw/youtube/explosion/4us3VQU-7AE_seg117.wav,False,5.0,0.807309627532959,0.1679748296737671,847.2419972545734,0.054380063657407406,1.9736433029174805,0.3274943232536316
/home/andres/Documentos/proyecto4geeks/data/raw/youtube/explosion/-ZPpxY60Zm4_seg13.wav,False,5.0,1.022763729095459,0.34854984283447266,1236.4869604750313,0.04915138527199074,0.43394947052001953,0.002828543307259679
/home/andres/Documentos/proyecto4geeks/data/raw/youtube/explosion/m5zzhKNxeGM_seg78.wav,False,5.0,1.007972002029419,0.3507811725139618,996.1917063791544,0.03950330946180555,-0.24759674072265625,0.9172825217247009
/home/andres/Documentos/proyecto4geeks/data/raw/youtube/explosion/4us3VQU-7AE_seg6.wav,False,5.0,0.9747310280799866,0.22442437708377838,1077.7037988590062,0.057727955005787035,0.7740135192871094,1.4662355184555054
/home/andres/Documentos/proyecto4geeks/data/raw/youtube/explosion/-ZPpxY60Zm4_seg38.wav,False,5.0,1.0030351877212524,0.2604191303253174,694.6568918162159,0.032185872395833336,1.1241483688354492,1.3532840013504028
/home/andres/Documentos/proyecto4geeks/data/raw/youtube/explosion/ME2vz8Vocjg_seg23.wav,False,5.0,0.9656635522842407,0.2053239643573761,1370.3167859685982,0.0844997829861111,3.7586069107055664,0.8340389728546143
/home/andres/Documentos/proyecto4geeks/data/raw/youtube/explosion/UKR46LXG8_I_seg226.wav,False,5.0,1.1720635890960693,0.32562631368637085,1206.474157911463,0.04559778284143518,1.3852691650390625,0.0937981903553009
/home/andres/Documentos/proyecto4geeks/data/raw/youtube/explosion/UKR46LXG8_I_seg209.wav,False,5.0,1.1720635890960693,0.3181252181529999,1170.3544360142143,0.043163158275462965,1.5876774787902832,2.029193878173828
/home/andres/Documentos/proyecto4geeks/data/raw/youtube/explosion/50IyVsS9EGQ_seg80.wav,True,5.0,1.0276007652282715,0.16604232788085938,1825.9043754313836,0.05543800636574074,5.232527732849121,0.7750256061553955
/home/andres/Documentos/proyecto4geeks/data/raw/youtube/explosion/fufuluffQDY_seg213.wav,False,5.0,0.9639582633972168,0.2608363628387451,1075.181742627399,0.05718089916087963,-0.09605193138122559,0.9502644538879395
/home/andres/Documentos/proyecto4geeks/data/raw/youtube/explosion/UKR46LXG8_I_seg303.wav,False,5.0,1.2061470746994019,0.3260900676250458,1172.757987494917,0.04454210069444445,1.3667020797729492,2.180727958679199
/home/andres/Documentos/proyecto4geeks/data/raw/youtube/explosion/fufuluffQDY_seg207.wav,False,5.0,0.992406964302063,0.2282889187335968,1098.5837204420063,0.058905707465277776,0.6745891571044922,1.0733426809310913
/home/andres/Documentos/proyecto4geeks/data/raw/youtube/explosion/-ZPpxY60Zm4_seg59.wav,False,5.0,1.0202853679656982,0.35981690883636475,1060.6981118805659,0.047435619212962965,0.10713315010070801,1.1967750787734985
/home/andres/Documentos/proyecto4geeks/data/raw/youtube/explosion/Ezmqd42xLyA_seg2.wav,False,5.0,0.5653563737869263,0.09712119400501251,1198.6358179199335,0.04854555483217592,1.2829656600952148,1.2165013551712036
/home/andres/Documentos/proyecto4geeks/data/raw/youtube/explosion/ME2vz8Vocjg_seg41.wav,False,5.0,1.0027294158935547,0.1640988141298294,799.9095546018699,0.04203513816550926,2.5620508193969727,7.470912066764868e-08
/home/andres/Documentos/proyecto4geeks/data/raw/youtube/explosion/ME2vz8Vocjg_seg32.wav,False,5.0,0.5342392921447754,0.09416037797927856,392.25480099579715,0.017532913773148147,2.6717352867126465,1.1378984451293945
/home/andres/Documentos/proyecto4geeks/data/raw/youtube/explosion/UKR46LXG8_I_seg182.wav,False,5.0,1.2061465978622437,0.32598331570625305,1200.6399039313037,0.04519314236111111,1.3723063468933105,0.05985366180539131
/home/andres/Documentos/proyecto4geeks/data/raw/youtube/explosion/fufuluffQDY_seg199.wav,False,5.0,0.9692953824996948,0.2502431273460388,1118.4358228394224,0.058840151186342594,0.0068895816802978516,0.9344705939292908
/home/andres/Documentos/proyecto4geeks/data/raw/youtube/explosion/LQOkL1jaRfU_seg125.wav,False,5.0,0.942915678024292,0.3377654552459717,1272.026743147485,0.05785228587962963,-0.8407139778137207,0.9464476704597473
/home/andres/Documentos/proyecto4geeks/data/raw/youtube/explosion/eV8itVdo9f8_seg0.wav,False,5.0,1.000459909439087,0.297583669424057,962.3372309006636,0.02619312427662037,0.11051392555236816,0.1903238594532013
/home/andres/Documentos/proyecto4geeks/data/raw/youtube/explosion/-ZPpxY60Zm4_seg128.wav,False,5.0,0.4175274968147278,0.07687371969223022,622.0502547728976,0.018396448206018517,1.9458250999450684,1.0876836776733398
/home/andres/Documentos/proyecto4geeks/data/raw/youtube/explosion/Ezmqd42xLyA_seg78.wav,True,5.0,0.49639153480529785,0.08320727199316025,1234.8478912413589,0.06507025824652778,6.749053001403809,1.5494556427001953
/home/andres/Documentos/proyecto4geeks/data/raw/youtube/explosion/UKR46LXG8_I_seg23.wav,False,5.0,1.1720634698867798,0.3243368864059448,1191.097511059771,0.045206705729166664,1.4451675415039062,0.485990047454834
/home/andres/Documentos/proyecto4geeks/data/raw/youtube/explosion/UKR46LXG8_I_seg165.wav,False,5.0,1.2061465978622437,0.31672415137290955,1175.8992900848755,0.04366726345486111,1.5915021896362305,1.8393652439117432
/home/andres/Documentos/proyecto4geeks/data/raw/youtube/explosion/UKR46LXG8_I_seg130.wav,False,5.0,1.10529625415802,0.3144596517086029,1139.733094577738,0.04100206163194445,1.5709972381591797,3.079061508178711
/home/andres/Documentos/proyecto4geeks/data/raw/youtube/explosion/4afB4wcRH-A_seg31.wav,True,5.0,0.8606995940208435,0.10481483489274979,337.094310523026,0.007701732494212963,14.7579345703125,9.477998733520508
/home/andres/Documentos/proyecto4geeks/data/raw/youtube/explosion/LQOkL1jaRfU_seg115.wav,False,5.0,0.45329129695892334,0.0955885797739029,1804.5188089714504,0.09089038990162036,3.5816197395324707,0.216910257935524
/home/andres/Documentos/proyecto4geeks/data/raw/youtube/explosion/eV8itVdo9f8_seg1.wav,False,5.0,0.6540340185165405,0.13129755854606628,928.5689122723431,0.02439597800925926,2.6655359268188477,2.221497058868408
/home/andres/Documentos/proyecto4geeks/data/raw/youtube/explosion/-ZPpxY60Zm4_seg101.wav,False,5.0,1.0251201391220093,0.19965536892414093,1129.5423938661113,0.033628110532407406,8.510181427001953,0.4488336145877838
/home/andres/Documentos/proyecto4geeks/data/raw/youtube/explosion/4afB4wcRH-A_seg15.wav,False,5.0,0.8732486963272095,0.22302581369876862,918.4271872251966,0.044535319010416664,0.6326169967651367,0.195071741938591
/home/andres/Documentos/proyecto4geeks/data/raw/youtube/explosion/-ZPpxY60Zm4_seg143.wav,False,5.0,0.7506000995635986,0.09185759723186493,732.084130777803,0.026154694733796297,2.091280460357666,1.3874430656433105
/home/andres/Documentos/proyecto4geeks/data/raw/youtube/explosion/4us3VQU-7AE_seg76.wav,False,5.0,1.000825047492981,0.3670978546142578,792.6989731390908,0.038969816984953706,-0.4801754951477051,1.0327069759368896
/home/andres/Documentos/proyecto4geeks/data/raw/youtube/explosion/UKR46LXG8_I_seg61.wav,False,5.0,1.2061469554901123,0.32553642988204956,1187.6505128888955,0.044727466724537035,1.3950839042663574,0.30718109011650085
/home/andres/Documentos/proyecto4geeks/data/raw/youtube/explosion/Ezmqd42xLyA_seg124.wav,False,5.0,0.6388177275657654,0.06779515743255615,565.5976480674545,0.02473054108796296,3.2195730209350586,1.1680641174316406
/home/andres/Documentos/proyecto4geeks/data/raw/youtube/explosion/UKR46LXG8_I_seg238.wav,False,5.0,1.1720635890960693,0.3229789435863495,1184.5792617503325,0.04499873408564815,1.4982337951660156,0.5744431018829346
/home/andres/Documentos/proyecto4geeks/data/raw/youtube/explosion/UKR46LXG8_I_seg79.wav,False,5.0,1.2061465978622437,0.3168030381202698,1167.760538723765,0.043707953559027776,1.6045045852661133,1.738472580909729
/home/andres/Documentos/proyecto4geeks/data/raw/youtube/explosion/UKR46LXG8_I_seg259.wav,False,5.0,1.1720635890960693,0.325846403837204,1166.074188061105,0.04429796006944445,1.3736419677734375,2.9293675422668457
/home/andres/Documentos/proyecto4geeks/data/raw/youtube/explosion/fufuluffQDY_seg121.wav,False,5.0,1.004016637802124,0.07792503386735916,1093.8500961107889,0.04118290653935185,9.262860298156738,1.3587994575500488
/home/andres/Documentos/proyecto4geeks/data/raw/youtube/explosion/UKR46LXG8_I_seg183.wav,False,5.0,1.1720635890960693,0.32563456892967224,1199.804340963881,0.045633951822916664,1.384866714477539,0.08389829844236374
/home/andres/Documentos/proyecto4geeks/data/raw/youtube/explosion/LQOkL1jaRfU_seg37.wav,False,5.0,0.6370366811752319,0.07787177711725235,881.4424635341392,0.031444408275462965,5.252105712890625,0.8120833039283752
/home/andres/Documentos/proyecto4geeks/data/raw/youtube/explosion/ME2vz8Vocjg_seg53.wav,False,5.0,0.6189571619033813,0.18414825201034546,2024.8340616101757,0.08952048972800926,-0.40561628341674805,1.0127432346343994
/home/andres/Documentos/proyecto4geeks/data/raw/youtube/explosion/UKR46LXG8_I_seg330.wav,False,5.0,1.1720635890960693,0.32171913981437683,1173.6450384007237,0.04427309389467592,1.5279321670532227,1.232519268989563
/home/andres/Documentos/proyecto4geeks/data/raw/youtube/explosion/-DjvoQ3Cl5Y_seg14.wav,False,5.0,0.8527567982673645,0.22930830717086792,903.531563838676,0.041646321614583336,0.10334658622741699,0.9111366271972656
/home/andres/Documentos/proyecto4geeks/data/raw/youtube/explosion/fufuluffQDY_seg88.wav,False,5.0,1.0544967651367188,0.24668002128601074,805.9273263162313,0.03332067418981482,2.0998029708862305,0.4103683531284332
/home/andres/Documentos/proyecto4geeks/data/raw/youtube/explosion/50IyVsS9EGQ_seg46.wav,False,5.0,0.5643541812896729,0.13939516246318817,833.6738730289806,0.03948070384837963,2.0820670127868652,0.5027459859848022
/home/andres/Documentos/proyecto4geeks/data/raw/youtube/explosion/fufuluffQDY_seg226.wav,False,5.0,0.370700865983963,0.08412525057792664,666.8283247648794,0.038309733072916664,0.2912921905517578,1.191714882850647
/home/andres/Documentos/proyecto4geeks/data/raw/youtube/explosion/4afB4wcRH-A_seg10.wav,False,5.0,0.9668112397193909,0.12021569162607193,791.5188911969934,0.03880253544560185,13.078990936279297,0.5408324599266052
/home/andres/Documentos/proyecto4geeks/data/raw/youtube/explosion/4us3VQU-7AE_seg146.wav,False,5.0,0.6916407942771912,0.18886443972587585,1069.6356313410224,0.055962456597222224,0.20537686347961426,1.2125307321548462
/home/andres/Documentos/proyecto4geeks/data/raw/youtube/explosion/-ZPpxY60Zm4_seg308.wav,False,5.0,0.7405803799629211,0.09852815419435501,746.5905584017789,0.026848687065972224,2.3402881622314453,1.7301491498947144
/home/andres/Documentos/proyecto4geeks/data/raw/youtube/explosion/UKR46LXG8_I_seg155.wav,False,5.0,1.2061468362808228,0.3224260210990906,1192.9700881904755,0.04499873408564815,1.5020170211791992,0.7609802484512329
/home/andres/Documentos/proyecto4geeks/data/raw/youtube/explosion/m5zzhKNxeGM_seg76.wav,False,5.0,0.6373590230941772,0.06775011867284775,1611.9861345272873,0.11351860894097222,4.494391918182373,1.247855305671692
/home/andres/Documentos/proyecto4geeks/data/raw/youtube/explosion/4afB4wcRH-A_seg28.wav,False,5.0,0.9446027874946594,0.20690010488033295,1507.2571304054393,0.0674732349537037,1.5306134223937988,0.7867931723594666
/home/andres/Documentos/proyecto4geeks/data/raw/youtube/explosion/UKR46LXG8_I_seg333.wav,False,5.0,1.2061469554901123,0.31936076283454895,1177.0472203578695,0.044239185474537035,1.5623412132263184,1.5021758079528809
/home/andres/Documentos/proyecto4geeks/data/raw/youtube/explosion/UKR46LXG8_I_seg48.wav,False,5.0,1.1720635890960693,0.3258431553840637,1189.0964053701723,0.045808015046296294,1.3737144470214844,1.6373412609100342
/home/andres/Documentos/proyecto4geeks/data/raw/youtube/explosion/UKR46LXG8_I_seg298.wav,False,5.0,1.2061465978622437,0.3146938383579254,1168.7261993642771,0.04358814380787037,1.6313481330871582,2.5092811584472656
/home/andres/Documentos/proyecto4geeks/data/raw/youtube/explosion/Ezmqd42xLyA_seg135.wav,False,5.0,0.9830417633056641,0.3102332651615143,2144.950629885175,0.09824173538773148,-0.49413251876831055,0.9150974750518799
/home/andres/Documentos/proyecto4geeks/data/raw/youtube/explosion/-ZPpxY60Zm4_seg92.wav,False,5.0,1.0197932720184326,0.2670045793056488,1213.8654212424406,0.04030806929976852,3.6571807861328125,0.24916532635688782
/home/andres/Documentos/proyecto4geeks/data/raw/youtube/explosion/-ZPpxY60Zm4_seg345.wav,False,5.0,0.4310993552207947,0.07665207982063293,624.4237317870115,0.017756709346064815,1.9868178367614746,1.1004538536071777
/home/andres/Documentos/proyecto4geeks/data/raw/youtube/explosion/Ezmqd42xLyA_seg58.wav,False,5.0,0.5551596879959106,0.11720326542854309,1168.9055915173249,0.06141493055555555,1.2198429107666016,1.1225298643112183
/home/andres/Documentos/proyecto4geeks/data/raw/youtube/explosion/Ezmqd42xLyA_seg46.wav,False,5.0,0.8168506622314453,0.19017761945724487,1422.0113955569789,0.0699756763599537,1.187589168548584,0.6761711835861206
/home/andres/Documentos/proyecto4geeks/data/raw/youtube/explosion/UKR46LXG8_I_seg218.wav,False,5.0,1.1720635890960693,0.3258459270000458,1179.7748922138248,0.045459888599537035,1.3736181259155273,2.021913528442383
/home/andres/Documentos/proyecto4geeks/data/raw/youtube/explosion/50IyVsS9EGQ_seg70.wav,False,5.0,0.4480902850627899,0.09840767830610275,1740.2693486953326,0.09478985821759259,1.095226764678955,0.7778079509735107
/home/andres/Documentos/proyecto4geeks/data/raw/youtube/explosion/-ZPpxY60Zm4_seg228.wav,False,5.0,0.9405636787414551,0.14494214951992035,782.4495527616646,0.03282335069444445,1.7231884002685547,1.5773594379425049
/home/andres/Documentos/proyecto4geeks/data/raw/youtube/explosion/4us3VQU-7AE_seg167.wav,False,5.0,0.5559477210044861,0.091945119202137,2029.8532614064113,0.12028899016203703,1.7598395347595215,0.8403146862983704
