file,probable_car_crash,duration,peak,rms,centroid,rolloff,flatness,zcr,kurtosis,attack_ratio,crest_factor
/home/andres/Documentos/proyecto4geeks/data/raw/youtube/car_crash/🚨 The Most Horrific Car Crashes Ever Recorded! Learn to Drive! 🚨 - RR&BD Driving School_seg1805.wav,True,5.0,0.971469521522522,0.10334450006484985,2182.181290271943,4537.2751871744795,0.00030843561398796737,0.13411910445601852,6.718157768249512,1.6057780981063843,9.400302105129091
/home/andres/Documentos/proyecto4geeks/data/raw/youtube/car_crash/🚨 The Most Horrific Car Crashes Ever Recorded! Learn to Drive! 🚨 - RR&BD Driving School_seg1527.wav,False,5.0,0.38900673389434814,0.10576049238443375,729.7378348180487,1277.4373372395833,0.027802517637610435,0.026037145543981483,0.1642441749572754,0.700177013874054,3.678185730042285
/home/andres/Documentos/proyecto4geeks/data/raw/youtube/car_crash/🚨 The Most Horrific Car Crashes Ever Recorded! Learn to Drive! 🚨 - RR&BD Driving School_seg1152.wav,True,5.0,0.2529102861881256,0.06435241550207138,1252.327108691722,2594.9503580729165,9.173108264803886e-05,0.03878219039351852,0.23137426376342773,0.8339426517486572,3.930082254271478
/home/andres/Documentos/proyecto4geeks/data/raw/youtube/car_crash/🚨 The Most Horrific Car Crashes Ever Recorded! Learn to Drive! 🚨 - RR&BD Driving School_seg1811.wav,True,5.0,1.001042127609253,0.20894068479537964,654.6196001004552,1192.1518961588542,0.12066381424665451,0.017460575810185185,2.872562885284424,1.0889308452606201,4.791034970450132
/home/andres/Documentos/proyecto4geeks/data/raw/youtube/car_crash/🚨 The Most Horrific Car Crashes Ever Recorded! Learn to Drive! 🚨 - RR&BD Driving School_seg1365.wav,True,5.0,0.5570193529129028,0.08349772542715073,1602.363412159628,3090.2140299479165,9.415583190275356e-05,0.09495261863425926,2.59124755859375,1.5718551874160767,6.6710721765973675
/home/andres/Documentos/proyecto4geeks/data/raw/youtube/car_crash/BEST OF CAR CRASHES 2024 (so far) - Dashcam Lessons_seg182.wav,True,5.0,0.6849583983421326,0.12580589950084686,1141.246149081985,2072.620646158854,6.787380698369816e-05,0.06262659143518519,6.872076988220215,2.9990596771240234,5.444565008909437
/home/andres/Documentos/proyecto4geeks/data/raw/youtube/car_crash/🚨 The Most Horrific Car Crashes Ever Recorded! Learn to Drive! 🚨 - RR&BD Driving School_seg245.wav,True,5.0,0.5428692102432251,0.09885021299123764,800.1331502662848,1431.1604817708333,5.4737152822781354e-05,0.054027416087962965,2.1850290298461914,0.8921559453010559,5.491836525287555
/home/andres/Documentos/proyecto4geeks/data/raw/youtube/car_crash/BEST OF CAR CRASHES 2024 (so far) - Dashcam Lessons_seg105.wav,True,5.0,0.27368688583374023,0.07509817183017731,2918.0279048165157,5554.5196533203125,0.0006012559169903398,0.23048457392939814,1.4041962623596191,1.7949647903442383,3.64438812770297
/home/andres/Documentos/proyecto4geeks/data/raw/youtube/car_crash/BEST OF CAR CRASHES 2024 (so far) - Dashcam Lessons_seg84.wav,True,5.0,0.3236425817012787,0.08275388181209564,319.6510722445699,550.7914225260416,0.5511842370033264,0.00818775318287037,3.410127639770508,2.0980623105515406e-07,3.910905139558817
/home/andres/Documentos/proyecto4geeks/data/raw/youtube/car_crash/🚨 The Most Horrific Car Crashes Ever Recorded! Learn to Drive! 🚨 - RR&BD Driving School_seg537.wav,False,5.0,0.43386369943618774,0.116231270134449,675.9527931901289,1292.9392496744792,2.3719378077657893e-05,0.02923357928240741,0.07142090797424316,1.011955976486206,3.73276226725036
/home/andres/Documentos/proyecto4geeks/data/raw/youtube/car_crash/🚨 The Most Horrific Car Crashes Ever Recorded! Learn to Drive! 🚨 - RR&BD Driving School_seg2086.wav,True,5.0,0.7907207012176514,0.10821264982223511,1175.469949183599,2255.254109700521,0.00012860608694609255,0.05626537181712963,1.1442174911499023,1.0204180479049683,7.307100440745977
/home/andres/Documentos/proyecto4geeks/data/raw/youtube/car_crash/🚨 The Most Horrific Car Crashes Ever Recorded! Learn to Drive! 🚨 - RR&BD Driving School_seg125.wav,False,5.0,0.2924034893512726,0.09260399639606476,585.5984734032251,1078.6539713541667,4.409808389027603e-05,0.018647370515046297,-0.9138777256011963,1.026798963546753,3.157568795384524
/home/andres/Documentos/proyecto4geeks/data/raw/youtube/car_crash/BEST OF CAR CRASHES 2024 (so far) - Dashcam Lessons_seg573.wav,False,5.0,0.5192694067955017,0.11983364820480347,336.7346993644239,560.162353515625,8.891971447155811e-06,0.011730052806712963,1.1513710021972656,0.8785371780395508,4.333252092131113
/home/andres/Documentos/proyecto4geeks/data/raw/youtube/car_crash/🚨 The Most Horrific Car Crashes Ever Recorded! Learn to Drive! 🚨 - RR&BD Driving School_seg2090.wav,True,5.0,1.001034140586853,0.11914879083633423,1763.0853145067133,3739.599609375,0.00018028706836048514,0.09808575665509259,4.775113105773926,1.6886239051818848,8.401546784922871
/home/andres/Documentos/proyecto4geeks/data/raw/youtube/car_crash/🚨 The Most Horrific Car Crashes Ever Recorded! Learn to Drive! 🚨 - RR&BD Driving School_seg1930.wav,True,5.0,0.5890400409698486,0.11121900379657745,1275.478623842266,2768.4122721354165,0.0001103369431803003,0.04869701244212963,1.152595043182373,0.5600854158401489,5.296217560462261
/home/andres/Documentos/proyecto4geeks/data/raw/youtube/car_crash/🚨 The Most Horrific Car Crashes Ever Recorded! Learn to Drive! 🚨 - RR&BD Driving School_seg73.wav,True,5.0,0.7211296558380127,0.09036841988563538,243.65807046548892,428.5207112630208,3.808226756518707e-05,0.007213451244212963,5.073346138000488,1.404248833656311,7.979885636405388
/home/andres/Documentos/proyecto4geeks/data/raw/youtube/car_crash/🚨 The Most Horrific Car Crashes Ever Recorded! Learn to Drive! 🚨 - RR&BD Driving School_seg1126.wav,True,5.0,1.0622466802597046,0.2024635225534439,928.0972169835233,1836.2040201822917,0.09730209410190582,0.044209798177083336,6.359119415283203,0.4423566162586212,5.246607719047557
/home/andres/Documentos/proyecto4geeks/data/raw/youtube/car_crash/🚨 The Most Horrific Car Crashes Ever Recorded! Learn to Drive! 🚨 - RR&BD Driving School_seg1307.wav,True,5.0,0.23182329535484314,0.08656799793243408,1088.1110389216622,2047.3490397135417,0.01675240695476532,0.06555853949652778,-0.6221423149108887,0.41168543696403503,2.677932964709455
/home/andres/Documentos/proyecto4geeks/data/raw/youtube/car_crash/BEST OF CAR CRASHES 2024 (so far) - Dashcam Lessons_seg749.wav,True,5.0,0.804582417011261,0.16374565660953522,946.601462928739,1904.9906412760417,0.055598028004169464,0.04202609592013889,0.8432414531707764,0.4208660423755646,4.913610740374868
/home/andres/Documentos/proyecto4geeks/data/raw/youtube/car_crash/🚨 The Most Horrific Car Crashes Ever Recorded! Learn to Drive! 🚨 - RR&BD Driving School_seg918.wav,True,5.0,0.9607197046279907,0.1468413770198822,1177.116357048527,2086.577351888021,3.8710448279744014e-05,0.10054976851851852,9.071897506713867,0.3523971140384674,6.54256806983884
/home/andres/Documentos/proyecto4geeks/data/raw/youtube/car_crash/🚨 The Most Horrific Car Crashes Ever Recorded! Learn to Drive! 🚨 - RR&BD Driving School_seg1022.wav,True,5.0,0.9437046051025391,0.20361682772636414,641.4480364589448,1150.2817789713542,8.709313988219947e-06,0.03261085792824074,3.912569999694824,0.5672281980514526,4.63470831775322
/home/andres/Documentos/proyecto4geeks/data/raw/youtube/car_crash/hgfhons_seg121.wav,True,5.0,0.35312420129776,0.0681498721241951,986.3206949983752,1775.9908040364583,5.075933222542517e-05,0.04348415798611111,0.8987705707550049,1.4705939292907715,5.181582742357186
/home/andres/Documentos/proyecto4geeks/data/raw/youtube/car_crash/🚨 The Most Horrific Car Crashes Ever Recorded! Learn to Drive! 🚨 - RR&BD Driving School_seg137.wav,False,5.0,0.17954683303833008,0.09345873445272446,946.8559367385982,2044.8567708333333,7.018241012701765e-05,0.030906394675925927,-1.646484136581421,0.9846104979515076,1.9211348632933996
/home/andres/Documentos/proyecto4geeks/data/raw/youtube/car_crash/🚨 The Most Horrific Car Crashes Ever Recorded! Learn to Drive! 🚨 - RR&BD Driving School_seg1401.wav,True,5.0,0.6761431694030762,0.07186272740364075,1248.1129688610392,1982.9488118489583,6.808416947023943e-05,0.08692084418402778,6.413326263427734,0.8176325559616089,9.40881586077141
/home/andres/Documentos/proyecto4geeks/data/raw/youtube/car_crash/hgfhons_seg60.wav,True,5.0,0.7324631214141846,0.1544390469789505,1266.86415661151,2559.510294596354,8.736277959542349e-05,0.05939624927662037,2.3629231452941895,0.8247901201248169,4.742732720367498
/home/andres/Documentos/proyecto4geeks/data/raw/youtube/car_crash/🚨 The Most Horrific Car Crashes Ever Recorded! Learn to Drive! 🚨 - RR&BD Driving School_seg1156.wav,True,5.0,0.5985177159309387,0.08838347345590591,1377.3244991469764,3210.490926106771,8.710812107892707e-05,0.04520444516782408,2.432011127471924,0.7636731266975403,6.771828403222514
/home/andres/Documentos/proyecto4geeks/data/raw/youtube/car_crash/🚨 The Most Horrific Car Crashes Ever Recorded! Learn to Drive! 🚨 - RR&BD Driving School_seg112.wav,False,5.0,0.6002973318099976,0.14581595361232758,543.1550801292021,993.9168294270834,6.386444147210568e-05,0.020180031105324073,0.4427025318145752,0.8698663115501404,4.1168151833499405
/home/andres/Documentos/proyecto4geeks/data/raw/youtube/car_crash/🚨 The Most Horrific Car Crashes Ever Recorded! Learn to Drive! 🚨 - RR&BD Driving School_seg1303.wav,False,5.0,0.27488580346107483,0.08259068429470062,577.563528799388,1078.5044352213542,3.7612669984810054e-05,0.02430329499421296,-0.28820276260375977,1.1205568313598633,3.3282906638344003
/home/andres/Documentos/proyecto4geeks/data/raw/youtube/car_crash/🚨 The Most Horrific Car Crashes Ever Recorded! Learn to Drive! 🚨 - RR&BD Driving School_seg18.wav,True,5.0,0.6248679757118225,0.17442835867404938,1988.187336067764,3064.9922688802085,3.487762660370208e-05,0.1978691948784722,-0.23271727561950684,1.246759057044983,3.5823760566131213
/home/andres/Documentos/proyecto4geeks/data/raw/youtube/car_crash/🚨 The Most Horrific Car Crashes Ever Recorded! Learn to Drive! 🚨 - RR&BD Driving School_seg42.wav,True,5.0,0.5094051957130432,0.0950213223695755,637.3949529532941,1136.9730631510417,2.05023170565255e-05,0.03883418330439815,0.7386159896850586,1.479841709136963,5.36095670955203
/home/andres/Documentos/proyecto4geeks/data/raw/youtube/car_crash/🚨 The Most Horrific Car Crashes Ever Recorded! Learn to Drive! 🚨 - RR&BD Driving School_seg1210.wav,True,5.0,0.29939761757850647,0.06390491873025894,893.5355028669978,1583.7371826171875,8.279757457785308e-05,0.05167191116898148,0.6717922687530518,1.4283099174499512,4.685048092112772
/home/andres/Documentos/proyecto4geeks/data/raw/youtube/car_crash/INSANE CAR CRASHES COMPILATION   Best of USA & Canada Accidents - part 43 - Dashcam Lessons_seg173.wav,True,5.0,0.3941173851490021,0.07775229960680008,443.20015071082014,905.889892578125,0.2685818672180176,0.015220359519675927,1.37864351272583,1.6818705717014382e-07,5.0688839704679856
/home/andres/Documentos/proyecto4geeks/data/raw/youtube/car_crash/BEST OF CAR CRASHES 2024 (so far) - Dashcam Lessons_seg108.wav,True,5.0,0.6876091957092285,0.10436085611581802,2823.540206164934,5491.8141682942705,0.0007927161059342325,0.21886754918981483,9.412774085998535,0.1503313183784485,6.58876537903773
/home/andres/Documentos/proyecto4geeks/data/raw/youtube/car_crash/🚨 The Most Horrific Car Crashes Ever Recorded! Learn to Drive! 🚨 - RR&BD Driving School_seg589.wav,True,5.0,1.0180896520614624,0.14029560983181,1463.6790079688103,2800.3631591796875,9.121767652686685e-05,0.11616572627314815,5.57563591003418,0.24300603568553925,7.256746332082079
/home/andres/Documentos/proyecto4geeks/data/raw/youtube/car_crash/BEST OF CAR CRASHES 2024 (so far) - Dashcam Lessons_seg151.wav,True,5.0,0.7739575505256653,0.1431182473897934,1979.2525576377736,4438.033040364583,0.00021954232943244278,0.10042543764467593,0.6927042007446289,1.1888853311538696,5.407818811617538
/home/andres/Documentos/proyecto4geeks/data/raw/youtube/car_crash/🚨 The Most Horrific Car Crashes Ever Recorded! Learn to Drive! 🚨 - RR&BD Driving School_seg228.wav,False,5.0,0.7985106706619263,0.13252967596054077,709.4617180306864,1174.8555501302083,5.465736467158422e-05,0.03247974537037037,0.370990514755249,0.8475581407546997,6.025146178533242
/home/andres/Documentos/proyecto4geeks/data/raw/youtube/car_crash/🚨 The Most Horrific Car Crashes Ever Recorded! Learn to Drive! 🚨 - RR&BD Driving School_seg687.wav,True,5.0,0.5182288885116577,0.13996939361095428,1407.8979995582686,2343.7296549479165,3.368834950379096e-05,0.08876546223958333,1.0023303031921387,1.144296407699585,3.7024443354264673
/home/andres/Documentos/proyecto4geeks/data/raw/youtube/car_crash/🚨 The Most Horrific Car Crashes Ever Recorded! Learn to Drive! 🚨 - RR&BD Driving School_seg183.wav,True,5.0,0.45437273383140564,0.07872065901756287,678.6789574012706,1062.4542236328125,0.20155726373195648,0.04755995008680555,1.8606815338134766,1.089419960975647,5.771963033544491
/home/andres/Documentos/proyecto4geeks/data/raw/youtube/car_crash/🚨 The Most Horrific Car Crashes Ever Recorded! Learn to Drive! 🚨 - RR&BD Driving School_seg1004.wav,True,5.0,0.3939329981803894,0.07010842859745026,1346.8899664146177,1774.3459065755208,7.920633652247488e-05,0.09888599537037036,2.0539498329162598,1.573378086090088,5.618910679579791
/home/andres/Documentos/proyecto4geeks/data/raw/youtube/car_crash/BEST OF CAR CRASHES 2024 (so far) - Dashcam Lessons_seg462.wav,True,5.0,0.316743940114975,0.07910184562206268,1094.1650099204915,2630.4402669270835,4.053535667480901e-05,0.036519368489583336,1.188542366027832,0.2719818353652954,4.004254737927709
/home/andres/Documentos/proyecto4geeks/data/raw/youtube/car_crash/🚨 The Most Horrific Car Crashes Ever Recorded! Learn to Drive! 🚨 - RR&BD Driving School_seg1727.wav,True,5.0,0.6273927092552185,0.10280359536409378,1292.7015041091015,2552.631632486979,4.4227395846974105e-05,0.08663375289351852,4.070879936218262,0.16188707947731018,6.10282847625235
/home/andres/Documentos/proyecto4geeks/data/raw/youtube/car_crash/BEST OF CAR CRASHES 2024 (so far) - Dashcam Lessons_seg53.wav,True,5.0,0.7765482664108276,0.1685941517353058,273.8745775369175,487.4379475911458,2.5274046492995694e-05,0.005608452690972222,3.9167423248291016,2.739621639251709,4.606021373893258
/home/andres/Documentos/proyecto4geeks/data/raw/youtube/car_crash/BEST OF CAR CRASHES 2024 (so far) - Dashcam Lessons_seg9.wav,True,5.0,0.42154109477996826,0.19352085888385773,938.011893353628,1808.2407633463542,0.00010590293095447123,0.051463939525462965,-0.5647239685058594,1.2045210599899292,2.178272136704289
/home/andres/Documentos/proyecto4geeks/data/raw/youtube/car_crash/🚨 The Most Horrific Car Crashes Ever Recorded! Learn to Drive! 🚨 - RR&BD Driving School_seg1806.wav,True,5.0,1.018311858177185,0.09790301322937012,1987.2755689743078,4164.0329996744795,0.0002259507600683719,0.11168981481481481,16.376781463623047,1.394547462463379,10.401231020142886
/home/andres/Documentos/proyecto4geeks/data/raw/youtube/car_crash/INSANE CAR CRASHES COMPILATION   Best of USA & Canada Accidents - part 43 - Dashcam Lessons_seg63.wav,False,5.0,0.4289468228816986,0.17095841467380524,342.8308635159597,634.8307291666666,1.0720203135861084e-05,0.011153609664351851,-0.6477432250976562,1.1026334762573242,2.5090711311147533
/home/andres/Documentos/proyecto4geeks/data/raw/youtube/car_crash/🚨 The Most Horrific Car Crashes Ever Recorded! Learn to Drive! 🚨 - RR&BD Driving School_seg1132.wav,True,5.0,1.0015904903411865,0.0744488388299942,1080.4397938654968,2266.2200927734375,4.084523243363947e-05,0.04530390986689815,20.824270248413086,1.5435516834259033,13.453406474409764
/home/andres/Documentos/proyecto4geeks/data/raw/youtube/car_crash/🚨 The Most Horrific Car Crashes Ever Recorded! Learn to Drive! 🚨 - RR&BD Driving School_seg185.wav,True,5.0,0.8137224912643433,0.13682295382022858,676.1546253467891,1397.86376953125,0.5420310497283936,0.023543746383101853,9.916216850280762,4.660899639129639,5.947265926794304
/home/andres/Documentos/proyecto4geeks/data/raw/youtube/car_crash/🚨 The Most Horrific Car Crashes Ever Recorded! Learn to Drive! 🚨 - RR&BD Driving School_seg1576.wav,True,5.0,0.29844534397125244,0.08630429208278656,1165.7263078460298,2184.722900390625,9.36590222408995e-05,0.07094319661458333,0.529080867767334,0.783198356628418,3.458059115779706
/home/andres/Documentos/proyecto4geeks/data/raw/youtube/car_crash/BEST OF CAR CRASHES 2024 (so far) - Dashcam Lessons_seg802.wav,True,5.0,0.5362828969955444,0.13070665299892426,1104.840822081307,2088.2222493489585,0.13902588188648224,0.0707713939525463,1.3734769821166992,9.600081085636702e-08,4.102950268306963
/home/andres/Documentos/proyecto4geeks/data/raw/youtube/car_crash/🚨 The Most Horrific Car Crashes Ever Recorded! Learn to Drive! 🚨 - RR&BD Driving School_seg452.wav,True,5.0,0.7106739282608032,0.08128871768712997,2119.8966565829282,4653.365071614583,0.0005655994173139334,0.1201171875,9.553500175476074,1.256286859512329,8.742589974015274
/home/andres/Documentos/proyecto4geeks/data/raw/youtube/car_crash/🚨 The Most Horrific Car Crashes Ever Recorded! Learn to Drive! 🚨 - RR&BD Driving School_seg1432.wav,True,5.0,0.6265428066253662,0.11329535394906998,1551.1273886641004,3102.0772298177085,0.00010909409320447594,0.08928991247106481,2.3400983810424805,1.0910816192626953,5.530172110159855
/home/andres/Documentos/proyecto4geeks/data/raw/youtube/car_crash/🚨 The Most Horrific Car Crashes Ever Recorded! Learn to Drive! 🚨 - RR&BD Driving School_seg1348.wav,True,5.0,0.6283475160598755,0.1235557273030281,1293.1197477192602,1735.9151204427083,0.00010517802002141252,0.09128824869791667,1.6250181198120117,0.09414084255695343,5.085539373773654
/home/andres/Documentos/proyecto4geeks/data/raw/youtube/car_crash/BEST OF CAR CRASHES 2024 (so far) - Dashcam Lessons_seg571.wav,True,5.0,1.0559945106506348,0.3103190064430237,543.4803833757171,1040.3228759765625,2.06915592571022e-05,0.022169325086805556,3.6535587310791016,0.6213151216506958,3.402932107676487
/home/andres/Documentos/proyecto4geeks/data/raw/youtube/car_crash/🚨 The Most Horrific Car Crashes Ever Recorded! Learn to Drive! 🚨 - RR&BD Driving School_seg1606.wav,True,5.0,0.7276116609573364,0.12157565355300903,1042.0352435163354,1936.5926106770833,2.0408670025062747e-05,0.07886420355902778,0.5233042240142822,0.8177155256271362,5.984846798574688
/home/andres/Documentos/proyecto4geeks/data/raw/youtube/car_crash/🚨 The Most Horrific Car Crashes Ever Recorded! Learn to Drive! 🚨 - RR&BD Driving School_seg1566.wav,True,5.0,0.42625147104263306,0.061627745628356934,1274.4712414552077,2205.35888671875,5.231280374573544e-05,0.09702781394675926,2.539543628692627,1.141312837600708,6.916551411862522
/home/andres/Documentos/proyecto4geeks/data/raw/youtube/car_crash/BEST OF CAR CRASHES 2024 (so far) - Dashcam Lessons_seg347.wav,True,5.0,0.640968918800354,0.06770612299442291,1865.9413165171832,4100.081380208333,0.00020270291133783758,0.08674904152199074,11.747557640075684,0.8059733510017395,9.466926925407986
/home/andres/Documentos/proyecto4geeks/data/raw/youtube/car_crash/🚨 The Most Horrific Car Crashes Ever Recorded! Learn to Drive! 🚨 - RR&BD Driving School_seg1862.wav,True,5.0,0.8838574886322021,0.11445438116788864,1912.4672643131573,3631.4351399739585,0.00028863499755971134,0.1227123119212963,6.330267906188965,1.997704029083252,7.722356100357433
/home/andres/Documentos/proyecto4geeks/data/raw/youtube/car_crash/BEST OF CAR CRASHES 2024 (so far) - Dashcam Lessons_seg101.wav,True,5.0,1.0111782550811768,0.13828212022781372,903.0893176466095,1494.8130289713542,4.4772299588657916e-05,0.05006691261574074,6.827512741088867,0.15944024920463562,7.312429498535259
/home/andres/Documentos/proyecto4geeks/data/raw/youtube/car_crash/BEST OF CAR CRASHES 2024 (so far) - Dashcam Lessons_seg722.wav,True,5.0,1.0969796180725098,0.2342471182346344,830.4977119296875,1515.5487060546875,1.1499257198011037e-05,0.052549008969907406,4.876926898956299,0.213646799325943,4.68300155124655
/home/andres/Documentos/proyecto4geeks/data/raw/youtube/car_crash/BEST OF CAR CRASHES 2024 (so far) - Dashcam Lessons_seg492.wav,True,5.0,0.6765047311782837,0.15570281445980072,803.4225038409123,1687.6149495442708,0.00011834095494123176,0.028532805266203703,4.273747444152832,0.47888848185539246,4.344845875272206
/home/andres/Documentos/proyecto4geeks/data/raw/youtube/car_crash/🚨 The Most Horrific Car Crashes Ever Recorded! Learn to Drive! 🚨 - RR&BD Driving School_seg285.wav,True,5.0,0.3701731562614441,0.06632702797651291,789.4723904621006,1649.6826171875,1.8405589798931032e-05,0.042909975405092594,2.0127034187316895,1.703340768814087,5.581030351411874
/home/andres/Documentos/proyecto4geeks/data/raw/youtube/car_crash/BEST OF CAR CRASHES 2024 (so far) - Dashcam Lessons_seg255.wav,True,5.0,0.5202169418334961,0.11278320103883743,1110.921289008914,2522.2259521484375,6.249633588595316e-05,0.044666431568287035,4.18431282043457,1.3845655918121338,4.61253925262987
/home/andres/Documentos/proyecto4geeks/data/raw/youtube/car_crash/BEST OF CAR CRASHES 2024 (so far) - Dashcam Lessons_seg155.wav,True,5.0,0.6702290773391724,0.07097908109426498,907.848191680262,1638.9658610026042,3.875496258842759e-05,0.04629855685763889,6.892356872558594,1.599222183227539,9.442628264511068
/home/andres/Documentos/proyecto4geeks/data/raw/youtube/car_crash/🚨 The Most Horrific Car Crashes Ever Recorded! Learn to Drive! 🚨 - RR&BD Driving School_seg1475.wav,True,5.0,0.5362542271614075,0.13925957679748535,1255.3036870041888,2339.094034830729,8.458228694507852e-05,0.09646041304976852,1.496962070465088,2.6228785514831543,3.850752957101044
/home/andres/Documentos/proyecto4geeks/data/raw/youtube/car_crash/🚨 The Most Horrific Car Crashes Ever Recorded! Learn to Drive! 🚨 - RR&BD Driving School_seg1058.wav,True,5.0,0.510336697101593,0.07270815968513489,1463.6784262329877,2302.7069091796875,0.00013974054309073836,0.10016321252893519,1.7590293884277344,1.2286427021026611,7.018974201858555
/home/andres/Documentos/proyecto4geeks/data/raw/youtube/car_crash/🚨 The Most Horrific Car Crashes Ever Recorded! Learn to Drive! 🚨 - RR&BD Driving School_seg184.wav,True,5.0,0.9282780885696411,0.1767296940088272,975.3953205401106,2146.8902587890625,3.0505729228025302e-05,0.03015362774884259,2.736405372619629,0.8944250345230103,5.252530389816798
/home/andres/Documentos/proyecto4geeks/data/raw/youtube/car_crash/🚨 The Most Horrific Car Crashes Ever Recorded! Learn to Drive! 🚨 - RR&BD Driving School_seg1984.wav,True,5.0,0.25824087858200073,0.05828491598367691,1585.9801913403267,4038.2232666015625,9.685445547802374e-05,0.040079752604166664,-0.4367995262145996,0.9622037410736084,4.430663992891269
/home/andres/Documentos/proyecto4geeks/data/raw/youtube/car_crash/🚨 The Most Horrific Car Crashes Ever Recorded! Learn to Drive! 🚨 - RR&BD Driving School_seg1997.wav,False,5.0,0.6691497564315796,0.1560165137052536,699.574125983676,1075.1149495442708,5.333236913429573e-05,0.029439290364583332,-0.15891003608703613,1.1042531728744507,4.288967497962737
/home/andres/Documentos/proyecto4geeks/data/raw/youtube/car_crash/🚨 The Most Horrific Car Crashes Ever Recorded! Learn to Drive! 🚨 - RR&BD Driving School_seg1931.wav,True,5.0,0.8935182094573975,0.1457262635231018,1640.4450052703887,3546.149698893229,0.005959882400929928,0.0799831814236111,1.406522274017334,1.0018303394317627,6.131483699982589
/home/andres/Documentos/proyecto4geeks/data/raw/youtube/car_crash/🚨 The Most Horrific Car Crashes Ever Recorded! Learn to Drive! 🚨 - RR&BD Driving School_seg1045.wav,True,5.0,1.0298101902008057,0.14926829934120178,805.149979591948,1289.4999186197917,3.8492929888889194e-05,0.03279396339699074,16.340530395507812,0.1984616070985794,6.899054888003626
/home/andres/Documentos/proyecto4geeks/data/raw/youtube/car_crash/🚨 The Most Horrific Car Crashes Ever Recorded! Learn to Drive! 🚨 - RR&BD Driving School_seg1461.wav,True,5.0,0.2894306778907776,0.06333199143409729,1263.2233621565106,1674.3560791015625,0.00010164770355913788,0.08924018012152778,0.3475620746612549,1.0122579336166382,4.570054901674559
/home/andres/Documentos/proyecto4geeks/data/raw/youtube/car_crash/BEST OF CAR CRASHES 2024 (so far) - Dashcam Lessons_seg204.wav,True,5.0,0.4842662215232849,0.16242220997810364,1033.0359580721536,2358.184814453125,8.43840534798801e-05,0.030318648726851853,0.5732159614562988,1.2476685047149658,2.981527105102116
/home/andres/Documentos/proyecto4geeks/data/raw/youtube/car_crash/🚨 The Most Horrific Car Crashes Ever Recorded! Learn to Drive! 🚨 - RR&BD Driving School_seg1693.wav,True,5.0,0.833575427532196,0.11300897598266602,1134.5168153873533,2057.068888346354,8.509289182256907e-05,0.0854831271701389,7.728876113891602,2.161635160446167,7.376187778682983
/home/andres/Documentos/proyecto4geeks/data/raw/youtube/car_crash/🚨 The Most Horrific Car Crashes Ever Recorded! Learn to Drive! 🚨 - RR&BD Driving School_seg1565.wav,True,5.0,0.8575524091720581,0.08602702617645264,1462.5834100070658,2419.2952473958335,9.499231236986816e-05,0.10821307146990741,4.752678871154785,1.3051519393920898,9.968406991113907
/home/andres/Documentos/proyecto4geeks/data/raw/youtube/car_crash/🚨 The Most Horrific Car Crashes Ever Recorded! Learn to Drive! 🚨 - RR&BD Driving School_seg927.wav,True,5.0,0.4323893189430237,0.08433464914560318,905.5106967753833,1779.779052734375,6.441136793000624e-05,0.036435727719907406,2.034709930419922,1.4097744226455688,5.127066079226576
/home/andres/Documentos/proyecto4geeks/data/raw/youtube/car_crash/🚨 The Most Horrific Car Crashes Ever Recorded! Learn to Drive! 🚨 - RR&BD Driving School_seg2006.wav,True,5.0,1.0515925884246826,0.25654152035713196,1218.660950662952,2517.4906412760415,3.470226511126384e-05,0.061848958333333336,2.7281899452209473,0.7018539905548096,4.099112638596121
/home/andres/Documentos/proyecto4geeks/data/raw/youtube/car_crash/BEST OF CAR CRASHES 2024 (so far) - Dashcam Lessons_seg200.wav,True,5.0,0.40224772691726685,0.10848459601402283,968.096628770252,2026.1149088541667,0.00012687819253187627,0.027009186921296297,0.8880558013916016,2.476994752883911,3.7078787375634787
/home/andres/Documentos/proyecto4geeks/data/raw/youtube/car_crash/🚨 The Most Horrific Car Crashes Ever Recorded! Learn to Drive! 🚨 - RR&BD Driving School_seg1892.wav,True,5.0,0.7853769063949585,0.06472264975309372,927.6944051251304,1677.6458740234375,9.03653126442805e-05,0.03262894241898148,9.319494247436523,0.6958180665969849,12.134498655090727
/home/andres/Documentos/proyecto4geeks/data/raw/youtube/car_crash/🚨 The Most Horrific Car Crashes Ever Recorded! Learn to Drive! 🚨 - RR&BD Driving School_seg281.wav,True,5.0,0.3652496039867401,0.06694401800632477,654.1594834563492,1373.5890706380208,1.366425658488879e-05,0.02960205078125,2.806476593017578,0.6220256090164185,5.456045437051236
/home/andres/Documentos/proyecto4geeks/data/raw/youtube/car_crash/🚨 The Most Horrific Car Crashes Ever Recorded! Learn to Drive! 🚨 - RR&BD Driving School_seg1456.wav,True,5.0,0.9157926440238953,0.11265186220407486,1556.0172416204691,3298.1689453125,0.00014351944264490157,0.07477484809027778,2.030792236328125,1.3846110105514526,8.129405285433796
/home/andres/Documentos/proyecto4geeks/data/raw/youtube/car_crash/BEST OF CAR CRASHES 2024 (so far) - Dashcam Lessons_seg516.wav,True,5.0,0.8705965280532837,0.13400797545909882,1503.2298000543674,2966.6473388671875,0.21312786638736725,0.0715648509837963,3.72690486907959,1.1787800788879395,6.4966023482125195
/home/andres/Documentos/proyecto4geeks/data/raw/youtube/car_crash/BEST OF CAR CRASHES 2024 (so far) - Dashcam Lessons_seg273.wav,True,5.0,0.4274422526359558,0.09934957325458527,1008.7334153532405,2070.726521809896,0.03753361478447914,0.05400254991319445,0.33041954040527344,0.5668998956680298,4.3024065290781275
/home/andres/Documentos/proyecto4geeks/data/raw/youtube/car_crash/🚨 The Most Horrific Car Crashes Ever Recorded! Learn to Drive! 🚨 - RR&BD Driving School_seg1427.wav,True,5.0,0.6420933604240417,0.09270215034484863,1379.3079755676551,2799.565633138021,0.00014804865350015461,0.07054533781828703,3.092470169067383,0.3292357921600342,6.92641279655921
/home/andres/Documentos/proyecto4geeks/data/raw/youtube/car_crash/🚨 The Most Horrific Car Crashes Ever Recorded! Learn to Drive! 🚨 - RR&BD Driving School_seg909.wav,False,5.0,0.22349190711975098,0.05624247342348099,889.1942136101671,1754.058837890625,2.7749147193389945e-05,0.03156873914930555,-0.45141005516052246,1.0310125350952148,3.973721166794744
/home/andres/Documentos/proyecto4geeks/data/raw/youtube/car_crash/🚨 The Most Horrific Car Crashes Ever Recorded! Learn to Drive! 🚨 - RR&BD Driving School_seg191.wav,True,5.0,0.36290737986564636,0.0633263811469078,1101.4255409543712,2076.6082763671875,0.000323207292240113,0.0741871021412037,1.972743034362793,0.4068462550640106,5.730745595868242
/home/andres/Documentos/proyecto4geeks/data/raw/youtube/car_crash/🚨 The Most Horrific Car Crashes Ever Recorded! Learn to Drive! 🚨 - RR&BD Driving School_seg1451.wav,True,5.0,0.6980875730514526,0.0946684330701828,971.387962183366,2175.5513509114585,8.370917930733413e-05,0.03720657913773148,0.8860399723052979,0.4390377104282379,7.374026910602278
/home/andres/Documentos/proyecto4geeks/data/raw/youtube/car_crash/🚨 The Most Horrific Car Crashes Ever Recorded! Learn to Drive! 🚨 - RR&BD Driving School_seg1018.wav,True,5.0,1.0074247121810913,0.2024543136358261,751.7108636844413,1193.4478759765625,8.083971624728292e-05,0.04316541883680555,4.699341297149658,1.4508213996887207,4.976059507372445
/home/andres/Documentos/proyecto4geeks/data/raw/youtube/car_crash/🚨 The Most Horrific Car Crashes Ever Recorded! Learn to Drive! 🚨 - RR&BD Driving School_seg1802.wav,True,5.0,0.7195482850074768,0.07462823390960693,1608.8746242721159,3055.2225748697915,0.0004488473350647837,0.1144725658275463,10.259566307067871,1.4777134656906128,9.64177024300728
/home/andres/Documentos/proyecto4geeks/data/raw/youtube/car_crash/🚨 The Most Horrific Car Crashes Ever Recorded! Learn to Drive! 🚨 - RR&BD Driving School_seg2136.wav,False,5.0,0.5065606832504272,0.17270605266094208,356.5206653418052,410.4766845703125,7.2710327003733255e-06,0.005081741898148148,0.022099971771240234,1.2516313791275024,2.9330800828502412
/home/andres/Documentos/proyecto4geeks/data/raw/youtube/car_crash/🚨 The Most Horrific Car Crashes Ever Recorded! Learn to Drive! 🚨 - RR&BD Driving School_seg1582.wav,False,5.0,0.29332971572875977,0.11743735522031784,755.1175026243203,1371.4457194010417,3.111560727120377e-05,0.02952293113425926,-0.7989716529846191,1.0471365451812744,2.497754783185998
/home/andres/Documentos/proyecto4geeks/data/raw/youtube/car_crash/🚨 The Most Horrific Car Crashes Ever Recorded! Learn to Drive! 🚨 - RR&BD Driving School_seg1613.wav,True,5.0,0.7304479479789734,0.08390522748231888,1900.7473129843495,4294.8272705078125,0.00018007926701102406,0.0935375072337963,2.414144992828369,0.8569580316543579,8.705630982577254
/home/andres/Documentos/proyecto4geeks/data/raw/youtube/car_crash/🚨 The Most Horrific Car Crashes Ever Recorded! Learn to Drive! 🚨 - RR&BD Driving School_seg1744.wav,True,5.0,1.0192205905914307,0.24635139107704163,1480.7589742714595,2602.227783203125,6.328465678961948e-05,0.08958378544560185,3.662350654602051,0.7759606838226318,4.137263386787826
/home/andres/Documentos/proyecto4geeks/data/raw/youtube/car_crash/🚨 The Most Horrific Car Crashes Ever Recorded! Learn to Drive! 🚨 - RR&BD Driving School_seg1857.wav,True,5.0,0.9978716373443604,0.18378812074661255,1156.7464714178043,2149.681599934896,5.800170038128272e-05,0.06080910011574074,2.240828514099121,0.7587321996688843,5.42946754820291
/home/andres/Documentos/proyecto4geeks/data/raw/youtube/car_crash/🚨 The Most Horrific Car Crashes Ever Recorded! Learn to Drive! 🚨 - RR&BD Driving School_seg168.wav,True,5.0,0.4763428270816803,0.10654827207326889,1944.7843455384896,3587.2721354166665,0.00025251219631172717,0.1414455837673611,2.0546741485595703,0.09265502542257309,4.470676227857061
/home/andres/Documentos/proyecto4geeks/data/raw/youtube/car_crash/hgfhons_seg15.wav,True,5.0,0.36616283655166626,0.07163228839635849,1253.7250612655157,2313.872273763021,0.00010990705050062388,0.06438530815972222,1.6632518768310547,0.6204984784126282,5.111700948606981
/home/andres/Documentos/proyecto4geeks/data/raw/youtube/car_crash/🚨 The Most Horrific Car Crashes Ever Recorded! Learn to Drive! 🚨 - RR&BD Driving School_seg2050.wav,True,5.0,1.0352497100830078,0.2312210500240326,1507.1326782713031,2973.5758463541665,0.00019976607291027904,0.06877983940972222,1.8879203796386719,1.6575944423675537,4.477316014138544
/home/andres/Documentos/proyecto4geeks/data/raw/youtube/car_crash/🚨 The Most Horrific Car Crashes Ever Recorded! Learn to Drive! 🚨 - RR&BD Driving School_seg908.wav,False,5.0,0.23256291449069977,0.05248235911130905,847.494670169853,1565.8426920572917,2.06965360121103e-05,0.03077076099537037,-0.3132970333099365,0.885245680809021,4.431258777697651
/home/andres/Documentos/proyecto4geeks/data/raw/youtube/car_crash/🚨 The Most Horrific Car Crashes Ever Recorded! Learn to Drive! 🚨 - RR&BD Driving School_seg1029.wav,True,5.0,0.37991297245025635,0.0600351057946682,710.2246987429958,1569.0327962239583,3.567086241673678e-05,0.022904007523148147,3.9824180603027344,1.6851235628128052,6.328180277441416
/home/andres/Documentos/proyecto4geeks/data/raw/youtube/car_crash/🚨 The Most Horrific Car Crashes Ever Recorded! Learn to Drive! 🚨 - RR&BD Driving School_seg134.wav,True,5.0,0.8140472769737244,0.09732244163751602,1513.795419506842,2759.290568033854,0.000495224492624402,0.09404161241319445,6.844537734985352,1.0993201732635498,8.364435409433455
/home/andres/Documentos/proyecto4geeks/data/raw/youtube/car_crash/BEST OF CAR CRASHES 2024 (so far) - Dashcam Lessons_seg807.wav,True,5.0,0.44667327404022217,0.07811278104782104,2148.7724343606383,3970.6329345703125,0.0005718861357308924,0.12978560836226852,3.8919758796691895,1.4850133657455444,5.718312266478493
/home/andres/Documentos/proyecto4geeks/data/raw/youtube/car_crash/🚨 The Most Horrific Car Crashes Ever Recorded! Learn to Drive! 🚨 - RR&BD Driving School_seg238.wav,True,5.0,0.23958514630794525,0.0904332622885704,2369.458454901314,4374.3804931640625,0.00029664786416105926,0.14083297164351852,-1.2939850091934204,0.9691187143325806,2.649303367391363
/home/andres/Documentos/proyecto4geeks/data/raw/youtube/car_crash/🚨 The Most Horrific Car Crashes Ever Recorded! Learn to Drive! 🚨 - RR&BD Driving School_seg135.wav,True,5.0,0.6640536785125732,0.09734120965003967,1213.3846560900336,2382.8084309895835,0.0005077871610410511,0.06609203197337964,3.306939125061035,1.2819567918777466,6.82191726292648
/home/andres/Documentos/proyecto4geeks/data/raw/youtube/car_crash/🚨 The Most Horrific Car Crashes Ever Recorded! Learn to Drive! 🚨 - RR&BD Driving School_seg181.wav,True,5.0,0.4405878782272339,0.09875693172216415,582.7530436757665,893.1294759114584,0.2969186007976532,0.04670545789930555,1.5323715209960938,1.365923338880748e-07,4.461336237767002
/home/andres/Documentos/proyecto4geeks/data/raw/youtube/car_crash/BEST OF CAR CRASHES 2024 (so far) - Dashcam Lessons_seg523.wav,True,5.0,1.028885841369629,0.2218869924545288,602.7000922732434,1315.0705973307292,2.3135411538532935e-05,0.02335838035300926,10.623456001281738,0.3860171437263489,4.636981329925597
/home/andres/Documentos/proyecto4geeks/data/raw/youtube/car_crash/BEST OF CAR CRASHES 2024 (so far) - Dashcam Lessons_seg533.wav,True,5.0,0.8605269193649292,0.13657988607883453,337.1309984709692,635.3790283203125,0.5048151612281799,0.014707212094907407,11.616021156311035,4.551905155181885,6.300539150120015
/home/andres/Documentos/proyecto4geeks/data/raw/youtube/car_crash/BEST OF CAR CRASHES 2024 (so far) - Dashcam Lessons_seg367.wav,True,5.0,0.4839887320995331,0.1739027351140976,1378.782800306937,2606.11572265625,0.00014950596960261464,0.06774450231481481,0.852175235748291,0.08018217235803604,2.783100172514279
/home/andres/Documentos/proyecto4geeks/data/raw/youtube/car_crash/BEST OF CAR CRASHES 2024 (so far) - Dashcam Lessons_seg376.wav,True,5.0,0.7856483459472656,0.09160865098237991,817.3327486423368,1348.7162272135417,0.0001230109337484464,0.03726761429398148,13.171463012695312,0.2955188453197479,8.576137051617556
/home/andres/Documentos/proyecto4geeks/data/raw/youtube/car_crash/🚨 The Most Horrific Car Crashes Ever Recorded! Learn to Drive! 🚨 - RR&BD Driving School_seg720.wav,True,5.0,0.775963306427002,0.1659415066242218,1136.5287606630202,2329.0252685546875,0.045783184468746185,0.043088559751157406,3.5676679611206055,1.7090439796447754,4.676125474619872
/home/andres/Documentos/proyecto4geeks/data/raw/youtube/car_crash/INSANE CAR CRASHES COMPILATION   Best of USA & Canada Accidents - part 43 - Dashcam Lessons_seg1.wav,True,5.0,0.528290867805481,0.11295580863952637,599.4963107534226,1018.8395182291666,3.333867061883211e-05,0.02824119285300926,2.6552515029907227,0.3722272217273712,4.676969464108996
/home/andres/Documentos/proyecto4geeks/data/raw/youtube/car_crash/BEST OF CAR CRASHES 2024 (so far) - Dashcam Lessons_seg366.wav,True,5.0,0.5531143546104431,0.13090063631534576,1575.8913794807236,3234.815470377604,0.008322656154632568,0.0811451099537037,3.6662511825561523,2.5618059635162354,4.225451993019647
/home/andres/Documentos/proyecto4geeks/data/raw/youtube/car_crash/BEST OF CAR CRASHES 2024 (so far) - Dashcam Lessons_seg607.wav,True,5.0,0.4218674898147583,0.09743554145097733,247.79485725443914,435.5987548828125,8.239790076913778e-06,0.009051287615740741,1.184119701385498,1.410337209701538,4.329708477298117
/home/andres/Documentos/proyecto4geeks/data/raw/youtube/car_crash/🚨 The Most Horrific Car Crashes Ever Recorded! Learn to Drive! 🚨 - RR&BD Driving School_seg1.wav,True,5.0,0.9204648733139038,0.11964297294616699,1107.6515702919792,2203.614298502604,4.437146708369255e-05,0.060610170717592594,7.979557037353516,0.910294771194458,7.693430300502236
/home/andres/Documentos/proyecto4geeks/data/raw/youtube/car_crash/🚨 The Most Horrific Car Crashes Ever Recorded! Learn to Drive! 🚨 - RR&BD Driving School_seg1466.wav,True,5.0,0.35728901624679565,0.060861729085445404,1462.8889777145716,2300.3143310546875,8.9452754764352e-05,0.11417643229166667,1.6110615730285645,0.5078763961791992,5.870503871806165
/home/andres/Documentos/proyecto4geeks/data/raw/youtube/car_crash/🚨 The Most Horrific Car Crashes Ever Recorded! Learn to Drive! 🚨 - RR&BD Driving School_seg1818.wav,True,5.0,0.5692863464355469,0.09244702011346817,1341.767423650755,2820.25146484375,0.00013020919868722558,0.058440031828703706,1.6765456199645996,0.9120671153068542,6.157974002089573
/home/andres/Documentos/proyecto4geeks/data/raw/youtube/car_crash/BEST OF CAR CRASHES 2024 (so far) - Dashcam Lessons_seg17.wav,True,5.0,0.8409488797187805,0.18740957975387573,757.5084768098958,1437.2914632161458,0.04088287055492401,0.02442310474537037,6.870553016662598,0.23023928701877594,4.48722461689903
/home/andres/Documentos/proyecto4geeks/data/raw/youtube/car_crash/🚨 The Most Horrific Car Crashes Ever Recorded! Learn to Drive! 🚨 - RR&BD Driving School_seg1578.wav,True,5.0,0.40378814935684204,0.20319026708602905,1976.7405205844095,3747.425333658854,0.0002064944856101647,0.09899450231481481,-1.4172250032424927,1.1427946090698242,1.9872415895978635
/home/andres/Documentos/proyecto4geeks/data/raw/youtube/car_crash/🚨 The Most Horrific Car Crashes Ever Recorded! Learn to Drive! 🚨 - RR&BD Driving School_seg1743.wav,True,5.0,0.5832350850105286,0.09290897846221924,800.4325921858132,1335.5570475260417,9.979237074730918e-05,0.04323549623842592,3.005557060241699,1.6704093217849731,6.277488943024159
/home/andres/Documentos/proyecto4geeks/data/raw/youtube/car_crash/🚨 The Most Horrific Car Crashes Ever Recorded! Learn to Drive! 🚨 - RR&BD Driving School_seg2045.wav,False,5.0,0.4656272530555725,0.1807851344347,703.9427660012888,1406.8857828776042,1.0301157089998014e-05,0.02498146339699074,0.38515567779541016,0.3373999297618866,2.5755837420425878
/home/andres/Documentos/proyecto4geeks/data/raw/youtube/car_crash/🚨 The Most Horrific Car Crashes Ever Recorded! Learn to Drive! 🚨 - RR&BD Driving School_seg388.wav,True,5.0,0.5166869759559631,0.10494492948055267,1111.4554818744625,2335.405476888021,0.2322799116373062,0.05154758029513889,8.772868156433105,1.9578813314437866,4.923410578371839
/home/andres/Documentos/proyecto4geeks/data/raw/youtube/car_crash/BEST OF CAR CRASHES 2024 (so far) - Dashcam Lessons_seg192.wav,True,5.0,0.548016369342804,0.06751111149787903,1560.3725637553691,3274.7416178385415,2.6450117729837075e-05,0.10742865668402778,2.030153274536133,1.469335675239563,8.117424779058826
/home/andres/Documentos/proyecto4geeks/data/raw/youtube/car_crash/🚨 The Most Horrific Car Crashes Ever Recorded! Learn to Drive! 🚨 - RR&BD Driving School_seg247.wav,True,5.0,0.628145694732666,0.10963746160268784,1159.3906182566159,1826.434326171875,0.07948938757181168,0.09034559461805555,7.165138244628906,1.245158314704895,5.729298047808299
/home/andres/Documentos/proyecto4geeks/data/raw/youtube/car_crash/hgfhons_seg190.wav,False,5.0,0.5675916075706482,0.1405002325773239,443.0374548217415,767.2200520833334,1.721342960081529e-05,0.026046187789351853,0.08781933784484863,1.091650128364563,4.0397912313364746
/home/andres/Documentos/proyecto4geeks/data/raw/youtube/car_crash/🚨 The Most Horrific Car Crashes Ever Recorded! Learn to Drive! 🚨 - RR&BD Driving School_seg1293.wav,False,5.0,0.22830350697040558,0.06137986481189728,620.0373410203601,1147.6898193359375,3.9481190469814464e-05,0.030119719328703703,-0.09058380126953125,0.9197250604629517,3.7195179179090325
/home/andres/Documentos/proyecto4geeks/data/raw/youtube/car_crash/🚨 The Most Horrific Car Crashes Ever Recorded! Learn to Drive! 🚨 - RR&BD Driving School_seg189.wav,True,5.0,0.6682956218719482,0.09499170631170273,1044.359346968615,1899.0091959635417,4.331327727413736e-05,0.06501826533564815,4.367143630981445,0.85496985912323,7.035304952539637
/home/andres/Documentos/proyecto4geeks/data/raw/youtube/car_crash/🚨 The Most Horrific Car Crashes Ever Recorded! Learn to Drive! 🚨 - RR&BD Driving School_seg1155.wav,False,5.0,0.5479188561439514,0.12303734570741653,892.0700767409419,1795.2311197916667,4.0961156628327444e-05,0.02830222800925926,0.016613483428955078,0.5945397019386292,4.453272727798047
/home/andres/Documentos/proyecto4geeks/data/raw/youtube/car_crash/INSANE CAR CRASHES COMPILATION   Best of USA & Canada Accidents - part 43 - Dashcam Lessons_seg71.wav,True,5.0,0.45936083793640137,0.08610861748456955,894.4731663314184,1668.7733968098958,7.729871867923066e-05,0.050962094907407406,2.768674850463867,0.653822660446167,5.334667439218647
/home/andres/Documentos/proyecto4geeks/data/raw/youtube/car_crash/🚨 The Most Horrific Car Crashes Ever Recorded! Learn to Drive! 🚨 - RR&BD Driving School_seg1024.wav,True,5.0,0.3984035849571228,0.0774426981806755,406.26793880244725,783.7687174479166,1.853532921813894e-05,0.010597511574074073,1.927591323852539,2.0468413829803467,5.14449514688259
/home/andres/Documentos/proyecto4geeks/data/raw/youtube/car_crash/🚨 The Most Horrific Car Crashes Ever Recorded! Learn to Drive! 🚨 - RR&BD Driving School_seg1415.wav,True,5.0,0.41720473766326904,0.10927031934261322,893.5107434229701,1740.5507405598958,6.738607044098899e-05,0.035319010416666664,0.07135415077209473,1.3104180097579956,3.8180975416693004
/home/andres/Documentos/proyecto4geeks/data/raw/youtube/car_crash/🚨 The Most Horrific Car Crashes Ever Recorded! Learn to Drive! 🚨 - RR&BD Driving School_seg1297.wav,True,5.0,0.2619680166244507,0.06334196776151657,771.4618964133609,1438.3382161458333,4.3626510887406766e-05,0.033153392650462965,0.9321670532226562,1.8419429063796997,4.135773261838475
/home/andres/Documentos/proyecto4geeks/data/raw/youtube/car_crash/BEST OF CAR CRASHES 2024 (so far) - Dashcam Lessons_seg620.wav,True,5.0,0.890812873840332,0.11749517172574997,1318.0102927321454,2721.6573079427085,0.09037318825721741,0.04543502242476852,12.020124435424805,0.3244139850139618,7.5816977050940535
/home/andres/Documentos/proyecto4geeks/data/raw/youtube/car_crash/🚨 The Most Horrific Car Crashes Ever Recorded! Learn to Drive! 🚨 - RR&BD Driving School_seg1725.wav,True,5.0,0.5798397064208984,0.10052192211151123,796.3732859439523,1369.5017496744792,0.46760717034339905,0.06101029007523148,3.608405113220215,1.5961391852670204e-07,5.76829107756118
/home/andres/Documentos/proyecto4geeks/data/raw/youtube/car_crash/BEST OF CAR CRASHES 2024 (so far) - Dashcam Lessons_seg403.wav,True,5.0,0.8426215052604675,0.13675756752490997,1053.733713881943,1730.8308919270833,2.8328504413366318e-05,0.052675600405092594,0.547823429107666,1.3607804775238037,6.161425071419358
/home/andres/Documentos/proyecto4geeks/data/raw/youtube/car_crash/INSANE CAR CRASHES COMPILATION   Best of USA & Canada Accidents - part 43 - Dashcam Lessons_seg80.wav,False,5.0,0.593913733959198,0.175734281539917,644.1047484936724,1319.207763671875,1.2328793673077598e-05,0.03663691767939815,0.049712419509887695,1.0630578994750977,3.3796122688839993
/home/andres/Documentos/proyecto4geeks/data/raw/youtube/car_crash/🚨 The Most Horrific Car Crashes Ever Recorded! Learn to Drive! 🚨 - RR&BD Driving School_seg2016.wav,True,5.0,0.7280738353729248,0.13959388434886932,1579.5817605482928,3159.150187174479,0.0004113450413569808,0.10197844328703703,3.992948532104492,0.003454962046816945,5.215657109649062
/home/andres/Documentos/proyecto4geeks/data/raw/youtube/car_crash/🚨 The Most Horrific Car Crashes Ever Recorded! Learn to Drive! 🚨 - RR&BD Driving School_seg959.wav,True,5.0,0.6153417229652405,0.0969102680683136,2608.5811685726185,4561.9984944661455,0.0009507797658443451,0.20682553891782407,4.420501232147217,2.219756841659546,6.34960293913465
/home/andres/Documentos/proyecto4geeks/data/raw/youtube/car_crash/🚨 The Most Horrific Car Crashes Ever Recorded! Learn to Drive! 🚨 - RR&BD Driving School_seg2078.wav,True,5.0,0.5970247983932495,0.13481339812278748,780.2540525614392,1382.611083984375,0.357369601726532,0.04275173611111111,1.77679443359375,1.0321582522010431e-07,4.428527184256963
/home/andres/Documentos/proyecto4geeks/data/raw/youtube/car_crash/🚨 The Most Horrific Car Crashes Ever Recorded! Learn to Drive! 🚨 - RR&BD Driving School_seg144.wav,True,5.0,0.9991803765296936,0.1306421160697937,2068.954827608202,4582.9833984375,0.00043798197293654084,0.12218560112847222,6.441783905029297,0.8003893494606018,7.6482255996852295
/home/andres/Documentos/proyecto4geeks/data/raw/youtube/car_crash/🚨 The Most Horrific Car Crashes Ever Recorded! Learn to Drive! 🚨 - RR&BD Driving School_seg1982.wav,False,5.0,0.40030258893966675,0.12954150140285492,473.65783396586414,744.7896321614584,7.851275768189225e-06,0.009308991608796295,-0.11732149124145508,0.9128592610359192,3.0901493699049754
/home/andres/Documentos/proyecto4geeks/data/raw/youtube/car_crash/🚨 The Most Horrific Car Crashes Ever Recorded! Learn to Drive! 🚨 - RR&BD Driving School_seg1832.wav,True,5.0,0.8650463819503784,0.12112350761890411,1029.5567852762588,1996.8556722005208,4.1889448766596615e-05,0.05295364945023148,6.124822616577148,0.07097648829221725,7.141853789975829
/home/andres/Documentos/proyecto4geeks/data/raw/youtube/car_crash/hgfhons_seg155.wav,True,5.0,0.4938674569129944,0.06328672915697098,1113.7446397215779,1998.8494873046875,0.0016187357250601053,0.0976223415798611,4.131451606750488,0.29441460967063904,7.803649572096611
/home/andres/Documentos/proyecto4geeks/data/raw/youtube/car_crash/🚨 The Most Horrific Car Crashes Ever Recorded! Learn to Drive! 🚨 - RR&BD Driving School_seg1579.wav,True,5.0,0.3992537260055542,0.17738987505435944,1776.1991602032037,3218.4163411458335,0.00017266120994463563,0.10973895037615741,-1.0064842700958252,1.1676011085510254,2.2507131586904605
/home/andres/Documentos/proyecto4geeks/data/raw/youtube/car_crash/🚨 The Most Horrific Car Crashes Ever Recorded! Learn to Drive! 🚨 - RR&BD Driving School_seg226.wav,True,5.0,0.630712628364563,0.107203908264637,379.06545023385974,777.886962890625,0.382049024105072,0.012335883246527778,2.4002151489257812,3.0578835010528564,5.88329883274163
/home/andres/Documentos/proyecto4geeks/data/raw/youtube/car_crash/🚨 The Most Horrific Car Crashes Ever Recorded! Learn to Drive! 🚨 - RR&BD Driving School_seg2049.wav,True,5.0,1.0323971509933472,0.0911887064576149,841.2192521359245,1586.4288330078125,0.00017315399600192904,0.023973253038194444,28.4014949798584,0.8079409003257751,11.321546177013602
/home/andres/Documentos/proyecto4geeks/data/raw/youtube/car_crash/🚨 The Most Horrific Car Crashes Ever Recorded! Learn to Drive! 🚨 - RR&BD Driving School_seg1747.wav,True,5.0,0.9505502581596375,0.10056719183921814,945.7995800345453,1555.3253173828125,8.718677236174699e-06,0.059296784577546294,8.488587379455566,0.8587588667869568,9.451892220177315
/home/andres/Documentos/proyecto4geeks/data/raw/youtube/car_crash/INSANE CAR CRASHES COMPILATION   Best of USA & Canada Accidents - part 43 - Dashcam Lessons_seg77.wav,True,5.0,0.8304710388183594,0.09892449527978897,1093.6980941553124,2075.1627604166665,0.22607730329036713,0.043219672309027776,13.669275283813477,3.867567539215088,8.39499899859116
/home/andres/Documentos/proyecto4geeks/data/raw/youtube/car_crash/INSANE CAR CRASHES COMPILATION   Best of USA & Canada Accidents - part 43 - Dashcam Lessons_seg13.wav,True,5.0,0.6143666505813599,0.09124913066625595,581.9055397401085,1211.24267578125,2.7498563213157468e-05,0.022852014612268517,16.07128143310547,0.42006102204322815,6.73284935526318
/home/andres/Documentos/proyecto4geeks/data/raw/youtube/car_crash/🚨 The Most Horrific Car Crashes Ever Recorded! Learn to Drive! 🚨 - RR&BD Driving School_seg1617.wav,True,5.0,0.3013124465942383,0.05521906912326813,1153.7429442670837,2258.1949869791665,0.00015860963321756572,0.05182336877893518,1.194352149963379,0.9586018919944763,5.4566737790553415
/home/andres/Documentos/proyecto4geeks/data/raw/youtube/car_crash/INSANE CAR CRASHES COMPILATION   Best of USA & Canada Accidents - part 43 - Dashcam Lessons_seg134.wav,True,5.0,0.7768534421920776,0.11796002089977264,426.18109601872266,625.2604166666666,0.08412868529558182,0.013332790798611112,5.3977861404418945,0.7652548551559448,6.5857350334446165
/home/andres/Documentos/proyecto4geeks/data/raw/youtube/car_crash/BEST OF CAR CRASHES 2024 (so far) - Dashcam Lessons_seg485.wav,True,5.0,0.4411890506744385,0.08710601180791855,712.5105360071335,1554.2287190755208,0.36406803131103516,0.02557373046875,1.559664249420166,1.5901264305284712e-07,5.064966717133826
/home/andres/Documentos/proyecto4geeks/data/raw/youtube/car_crash/🚨 The Most Horrific Car Crashes Ever Recorded! Learn to Drive! 🚨 - RR&BD Driving School_seg1047.wav,True,5.0,0.6846676468849182,0.08963441103696823,1124.4470665881809,2033.5917154947917,5.288665124680847e-05,0.06673177083333333,6.182530403137207,0.3783413767814636,7.63844642873706
/home/andres/Documentos/proyecto4geeks/data/raw/youtube/car_crash/🚨 The Most Horrific Car Crashes Ever Recorded! Learn to Drive! 🚨 - RR&BD Driving School_seg1543.wav,True,5.0,0.5749857425689697,0.08695007860660553,1849.7539843713416,3583.6334228515625,0.12206961214542389,0.1052517361111111,2.1307144165039062,1.304611086845398,6.612826023583096
/home/andres/Documentos/proyecto4geeks/data/raw/youtube/car_crash/🚨 The Most Horrific Car Crashes Ever Recorded! Learn to Drive! 🚨 - RR&BD Driving School_seg1594.wav,False,5.0,0.8384830951690674,0.4174206256866455,602.4680376751544,1051.837158203125,4.771155727212317e-05,0.01184986255787037,-0.7936205863952637,0.7407239675521851,2.00872463785846
/home/andres/Documentos/proyecto4geeks/data/raw/youtube/car_crash/🚨 The Most Horrific Car Crashes Ever Recorded! Learn to Drive! 🚨 - RR&BD Driving School_seg564.wav,True,5.0,0.523332953453064,0.07467939704656601,1657.4817036816503,3106.16455078125,0.00022960940259508789,0.11448160807291667,1.6739697456359863,1.420041561126709,7.007728692824531
/home/andres/Documentos/proyecto4geeks/data/raw/youtube/car_crash/BEST OF CAR CRASHES 2024 (so far) - Dashcam Lessons_seg124.wav,False,5.0,1.046637773513794,0.5066696405410767,764.371247965662,1493.56689453125,1.1694992281263694e-05,0.0352783203125,-1.017098069190979,1.42698335647583,2.0657203229978713
/home/andres/Documentos/proyecto4geeks/data/raw/youtube/car_crash/🚨 The Most Horrific Car Crashes Ever Recorded! Learn to Drive! 🚨 - RR&BD Driving School_seg915.wav,False,5.0,0.8189256191253662,0.11446443200111389,593.9883122907128,1387.1470133463542,4.108153734705411e-05,0.01867449725115741,1.3061027526855469,0.8632587790489197,7.154411242002603
/home/andres/Documentos/proyecto4geeks/data/raw/youtube/car_crash/🚨 The Most Horrific Car Crashes Ever Recorded! Learn to Drive! 🚨 - RR&BD Driving School_seg1400.wav,True,5.0,0.7152696847915649,0.13696755468845367,863.888574524857,1603.6753336588542,4.62202078779228e-05,0.046746148003472224,2.644641876220703,2.2767181396484375,5.222183358776426
/home/andres/Documentos/proyecto4geeks/data/raw/youtube/car_crash/BEST OF CAR CRASHES 2024 (so far) - Dashcam Lessons_seg586.wav,True,5.0,0.9796086549758911,0.12277202308177948,1564.6527017722979,3167.2749837239585,0.01930995099246502,0.09102828414351852,8.220513343811035,0.7555525302886963,7.97908701329607
/home/andres/Documentos/proyecto4geeks/data/raw/youtube/car_crash/hgfhons_seg44.wav,True,5.0,0.5173947811126709,0.09027817100286484,1534.4726681447723,4105.8135986328125,0.00010568831203272566,0.06270571108217593,1.37762451171875,1.5360625982284546,5.731117227557934
/home/andres/Documentos/proyecto4geeks/data/raw/youtube/car_crash/🚨 The Most Horrific Car Crashes Ever Recorded! Learn to Drive! 🚨 - RR&BD Driving School_seg111.wav,True,5.0,0.4792090356349945,0.09378092736005783,535.6403021867495,1055.3761800130208,0.10383100807666779,0.019022623697916668,1.3111391067504883,0.8693504929542542,5.109877339877791
/home/andres/Documentos/proyecto4geeks/data/raw/youtube/car_crash/🚨 The Most Horrific Car Crashes Ever Recorded! Learn to Drive! 🚨 - RR&BD Driving School_seg1127.wav,True,5.0,1.0119425058364868,0.12054329365491867,1227.8838650928099,2250.0203450520835,0.00016914009756874293,0.0621337890625,16.73653221130371,0.41838306188583374,8.394846989372937
/home/andres/Documentos/proyecto4geeks/data/raw/youtube/car_crash/hgfhons_seg181.wav,True,5.0,0.48386314511299133,0.06652957201004028,1462.4987538452076,2898.359171549479,0.0001637179229874164,0.07293927228009259,8.88463020324707,1.549689769744873,7.272903319334391
/home/andres/Documentos/proyecto4geeks/data/raw/youtube/car_crash/🚨 The Most Horrific Car Crashes Ever Recorded! Learn to Drive! 🚨 - RR&BD Driving School_seg914.wav,False,5.0,0.7809228897094727,0.1152363047003746,315.0849833216659,594.5556640625,5.658285954268649e-05,0.005325882523148148,1.0224690437316895,0.8455995917320251,6.7767088829615805
/home/andres/Documentos/proyecto4geeks/data/raw/youtube/car_crash/🚨 The Most Horrific Car Crashes Ever Recorded! Learn to Drive! 🚨 - RR&BD Driving School_seg1856.wav,True,5.0,1.0119682550430298,0.14969460666179657,995.3721599740903,1872.5911458333333,0.00012355124636087567,0.04186107494212963,4.741091251373291,0.01116225216537714,6.760218538284406
/home/andres/Documentos/proyecto4geeks/data/raw/youtube/car_crash/🚨 The Most Horrific Car Crashes Ever Recorded! Learn to Drive! 🚨 - RR&BD Driving School_seg246.wav,True,5.0,0.7548426389694214,0.19647005200386047,1116.2773801939713,1975.7710774739583,3.7309149774955586e-05,0.07732928240740741,1.5229277610778809,1.7799781560897827,3.8420239179798625
/home/andres/Documentos/proyecto4geeks/data/raw/youtube/car_crash/🚨 The Most Horrific Car Crashes Ever Recorded! Learn to Drive! 🚨 - RR&BD Driving School_seg1470.wav,True,5.0,0.3288657069206238,0.062365975230932236,1747.1907265672062,2965.5008951822915,5.8643476222641766e-05,0.14482738353587962,1.1630287170410156,0.7944554090499878,5.273159053435919
/home/andres/Documentos/proyecto4geeks/data/raw/youtube/car_crash/BEST OF CAR CRASHES 2024 (so far) - Dashcam Lessons_seg21.wav,True,5.0,0.6266862750053406,0.2001693993806839,1606.2504759478966,3755.8492024739585,7.57237066864036e-05,0.06926586009837964,0.45084166526794434,2.2185263633728027,3.1307796143723867
/home/andres/Documentos/proyecto4geeks/data/raw/youtube/car_crash/🚨 The Most Horrific Car Crashes Ever Recorded! Learn to Drive! 🚨 - RR&BD Driving School_seg1903.wav,True,5.0,0.30755239725112915,0.05840490758419037,1235.3959644683705,2291.9901529947915,0.13014736771583557,0.07787407769097222,1.0102152824401855,1.3878692388534546,5.265865660390407
/home/andres/Documentos/proyecto4geeks/data/raw/youtube/car_crash/🚨 The Most Horrific Car Crashes Ever Recorded! Learn to Drive! 🚨 - RR&BD Driving School_seg1296.wav,False,5.0,0.29928863048553467,0.08208371698856354,709.5328238446543,1344.1802978515625,8.314847946166992e-05,0.033209906684027776,-0.16225218772888184,0.6493675708770752,3.6461388623956617
/home/andres/Documentos/proyecto4geeks/data/raw/youtube/car_crash/🚨 The Most Horrific Car Crashes Ever Recorded! Learn to Drive! 🚨 - RR&BD Driving School_seg32.wav,True,5.0,0.3711960017681122,0.10301970690488815,1877.6610799206394,3503.4820556640625,0.00022732887009624392,0.12094681351273148,1.4480724334716797,0.35335081815719604,3.6031552886013523
/home/andres/Documentos/proyecto4geeks/data/raw/youtube/car_crash/BEST OF CAR CRASHES 2024 (so far) - Dashcam Lessons_seg292.wav,True,5.0,0.4843127131462097,0.1422683596611023,988.5401382043542,1894.4234212239583,6.653513264609501e-05,0.05003300419560185,-0.0699622631072998,0.9553351998329163,3.4042194223402
/home/andres/Documentos/proyecto4geeks/data/raw/youtube/car_crash/🚨 The Most Horrific Car Crashes Ever Recorded! Learn to Drive! 🚨 - RR&BD Driving School_seg1864.wav,True,5.0,0.926539421081543,0.1954306662082672,1971.6429761687502,3492.9646809895835,0.0009401898714713752,0.13471589265046297,2.501286029815674,0.10048829019069672,4.741013470677137
/home/andres/Documentos/proyecto4geeks/data/raw/youtube/car_crash/🚨 The Most Horrific Car Crashes Ever Recorded! Learn to Drive! 🚨 - RR&BD Driving School_seg1751.wav,True,5.0,0.9518156051635742,0.1521540880203247,392.51604735900077,840.093994140625,0.3060583174228668,0.019538031684027776,4.105804920196533,9.703545345018938e-08,6.255603234466991
/home/andres/Documentos/proyecto4geeks/data/raw/youtube/car_crash/🚨 The Most Horrific Car Crashes Ever Recorded! Learn to Drive! 🚨 - RR&BD Driving School_seg354.wav,False,5.0,0.3330506682395935,0.060920748859643936,869.8407848725001,1498.8006591796875,5.654673441313207e-05,0.03495053891782408,1.3891644477844238,0.31529226899147034,5.466949675905102
/home/andres/Documentos/proyecto4geeks/data/raw/youtube/car_crash/INSANE CAR CRASHES COMPILATION   Best of USA & Canada Accidents - part 43 - Dashcam Lessons_seg27.wav,True,5.0,0.5911967158317566,0.10227837413549423,1299.5325270035228,2288.451131184896,0.0001502300292486325,0.08465350115740741,5.604497909545898,2.0839650630950928,5.780270959751305
/home/andres/Documentos/proyecto4geeks/data/raw/youtube/car_crash/BEST OF CAR CRASHES 2024 (so far) - Dashcam Lessons_seg103.wav,True,5.0,1.0332057476043701,0.16064587235450745,1965.8058363067196,4094.548543294271,0.019471336156129837,0.10523139105902778,20.374225616455078,0.6185858845710754,6.431573575185908
/home/andres/Documentos/proyecto4geeks/data/raw/youtube/car_crash/🚨 The Most Horrific Car Crashes Ever Recorded! Learn to Drive! 🚨 - RR&BD Driving School_seg1888.wav,True,5.0,0.9473527669906616,0.1489819586277008,1077.72489769757,2140.6595865885415,0.3520472049713135,0.05702944155092592,3.073535919189453,1.3454716205596924,6.358842209557028
/home/andres/Documentos/proyecto4geeks/data/raw/youtube/car_crash/🚨 The Most Horrific Car Crashes Ever Recorded! Learn to Drive! 🚨 - RR&BD Driving School_seg1689.wav,True,5.0,0.4081754684448242,0.06725019961595535,1059.3732188605127,2035.3861490885417,0.0001378264423692599,0.04486988208912037,3.837977409362793,0.7597526907920837,6.0695056783432
/home/andres/Documentos/proyecto4geeks/data/raw/youtube/car_crash/🚨 The Most Horrific Car Crashes Ever Recorded! Learn to Drive! 🚨 - RR&BD Driving School_seg2073.wav,True,5.0,0.37244415283203125,0.06318047642707825,1430.050817471462,2762.580362955729,0.0001550381857668981,0.0744900173611111,3.276473045349121,0.6090809106826782,5.894924728147698
/home/andres/Documentos/proyecto4geeks/data/raw/youtube/car_crash/🚨 The Most Horrific Car Crashes Ever Recorded! Learn to Drive! 🚨 - RR&BD Driving School_seg568.wav,False,5.0,0.3741624355316162,0.07847806066274643,612.7003220333637,1125.6581624348958,2.9789180189254694e-05,0.03242775245949074,1.9500689506530762,0.6177764534950256,4.767732948126527
/home/andres/Documentos/proyecto4geeks/data/raw/youtube/car_crash/🚨 The Most Horrific Car Crashes Ever Recorded! Learn to Drive! 🚨 - RR&BD Driving School_seg1412.wav,False,5.0,0.3288266360759735,0.07640516757965088,732.5496832154763,1286.907958984375,0.00010520461364649236,0.028720431857638888,0.06500077247619629,1.145385503768921,4.303722463914165
/home/andres/Documentos/proyecto4geeks/data/raw/youtube/car_crash/BEST OF CAR CRASHES 2024 (so far) - Dashcam Lessons_seg626.wav,True,5.0,0.45257169008255005,0.07330648601055145,1040.4975178742925,1773.7477620442708,3.376459426362999e-05,0.06850405092592593,1.9264106750488281,0.7912076711654663,6.173692325277123
/home/andres/Documentos/proyecto4geeks/data/raw/youtube/car_crash/🚨 The Most Horrific Car Crashes Ever Recorded! Learn to Drive! 🚨 - RR&BD Driving School_seg1030.wav,False,5.0,0.29841986298561096,0.08257932215929031,462.8335687656014,1013.0076090494791,3.5746288631344214e-05,0.010330765335648149,-0.07347345352172852,1.0391324758529663,3.613735922975537
/home/andres/Documentos/proyecto4geeks/data/raw/youtube/car_crash/🚨 The Most Horrific Car Crashes Ever Recorded! Learn to Drive! 🚨 - RR&BD Driving School_seg1313.wav,False,5.0,0.21023505926132202,0.05874466896057129,792.9018185924045,1503.7353515625,3.7304558645701036e-05,0.03044750072337963,-0.20157146453857422,1.1219128370285034,3.5787938374263453
/home/andres/Documentos/proyecto4geeks/data/raw/youtube/car_crash/🚨 The Most Horrific Car Crashes Ever Recorded! Learn to Drive! 🚨 - RR&BD Driving School_seg723.wav,True,5.0,0.4437585175037384,0.06280584633350372,979.4992293270143,1842.6839192708333,2.8046677471138537e-05,0.047333893952546294,4.306277275085449,1.0221729278564453,7.065560666761531
/home/andres/Documentos/proyecto4geeks/data/raw/youtube/car_crash/🚨 The Most Horrific Car Crashes Ever Recorded! Learn to Drive! 🚨 - RR&BD Driving School_seg1438.wav,True,5.0,0.3731768727302551,0.05825623869895935,1239.4608388740965,2355.0445556640625,6.201015639817342e-05,0.057750560619212965,3.8107447624206543,0.8317078948020935,6.405783844924329
/home/andres/Documentos/proyecto4geeks/data/raw/youtube/car_crash/🚨 The Most Horrific Car Crashes Ever Recorded! Learn to Drive! 🚨 - RR&BD Driving School_seg1079.wav,False,5.0,0.2249305248260498,0.0560426265001297,853.9539086100868,1772.0530192057292,6.798351387260482e-05,0.030257613570601853,0.04080700874328613,1.091086745262146,4.013561441869889
/home/andres/Documentos/proyecto4geeks/data/raw/youtube/car_crash/BEST OF CAR CRASHES 2024 (so far) - Dashcam Lessons_seg399.wav,True,5.0,1.0342378616333008,0.17499122023582458,1286.7240803444454,2630.6396484375,0.00012375309597700834,0.059733072916666664,13.762075424194336,4.713602542877197,5.9102271544458835
/home/andres/Documentos/proyecto4geeks/data/raw/youtube/car_crash/🚨 The Most Horrific Car Crashes Ever Recorded! Learn to Drive! 🚨 - RR&BD Driving School_seg1564.wav,True,5.0,0.9194262027740479,0.11880886554718018,1315.8775198281173,2454.9346923828125,9.916795534081757e-05,0.0758373119212963,2.037311553955078,1.4685890674591064,7.738700294223379
/home/andres/Documentos/proyecto4geeks/data/raw/youtube/car_crash/BEST OF CAR CRASHES 2024 (so far) - Dashcam Lessons_seg10.wav,True,5.0,0.3892483115196228,0.11326853185892105,816.4929035055662,1569.3817138671875,2.0483874322962947e-05,0.04571985315393518,2.1941585540771484,1.964290738105774,3.436508844318785
/home/andres/Documentos/proyecto4geeks/data/raw/youtube/car_crash/🚨 The Most Horrific Car Crashes Ever Recorded! Learn to Drive! 🚨 - RR&BD Driving School_seg2079.wav,True,5.0,0.6156644225120544,0.1518673300743103,1235.3197454007652,2606.963094075521,8.045709546422586e-05,0.06537317346643519,0.39433813095092773,1.2972538471221924,4.053962245907328
/home/andres/Documentos/proyecto4geeks/data/raw/youtube/car_crash/hgfhons_seg21.wav,True,5.0,0.6019090414047241,0.1275337189435959,2256.9829969373304,4479.4545491536455,0.009614817798137665,0.10781295211226852,0.7397866249084473,0.00019359833095222712,4.719607068513463
/home/andres/Documentos/proyecto4geeks/data/raw/youtube/car_crash/🚨 The Most Horrific Car Crashes Ever Recorded! Learn to Drive! 🚨 - RR&BD Driving School_seg2031.wav,True,5.0,1.0758670568466187,0.24132469296455383,1341.2737867570142,2828.7251790364585,0.0001787404326023534,0.05775734230324074,3.927548885345459,1.3634527921676636,4.458172280779347
/home/andres/Documentos/proyecto4geeks/data/raw/youtube/car_crash/🚨 The Most Horrific Car Crashes Ever Recorded! Learn to Drive! 🚨 - RR&BD Driving School_seg257.wav,False,5.0,0.2520381808280945,0.09724647551774979,628.5823835192639,1212.6881917317708,1.8575103240436874e-05,0.02802417896412037,-0.15423035621643066,0.5273957252502441,2.5917461736646668
/home/andres/Documentos/proyecto4geeks/data/raw/youtube/car_crash/🚨 The Most Horrific Car Crashes Ever Recorded! Learn to Drive! 🚨 - RR&BD Driving School_seg251.wav,False,5.0,0.34203267097473145,0.061297353357076645,378.89343395749506,700.3774007161459,2.6883799364441074e-05,0.019327799479166668,0.5700607299804688,0.5943688154220581,5.579892968244519
/home/andres/Documentos/proyecto4geeks/data/raw/youtube/car_crash/BEST OF CAR CRASHES 2024 (so far) - Dashcam Lessons_seg201.wav,False,5.0,0.24658414721488953,0.12437117844820023,581.6447059231919,905.3415934244791,2.3996275558602065e-05,0.009575737847222222,-1.0565574169158936,1.1235599517822266,1.9826470271455017
/home/andres/Documentos/proyecto4geeks/data/raw/youtube/car_crash/🚨 The Most Horrific Car Crashes Ever Recorded! Learn to Drive! 🚨 - RR&BD Driving School_seg38.wav,True,5.0,0.8268658518791199,0.12901891767978668,2133.848408036096,4473.722330729167,0.0003444046014919877,0.1350414134837963,2.8540210723876953,1.0074681043624878,6.408872952452736
/home/andres/Documentos/proyecto4geeks/data/raw/youtube/car_crash/INSANE CAR CRASHES COMPILATION   Best of USA & Canada Accidents - part 43 - Dashcam Lessons_seg207.wav,True,5.0,0.5668643712997437,0.08329994976520538,284.03762223400366,462.8641764322917,0.42925167083740234,0.008804886429398149,5.583829879760742,1.9500748749123886e-07,6.805098597186902
/home/andres/Documentos/proyecto4geeks/data/raw/youtube/car_crash/BEST OF CAR CRASHES 2024 (so far) - Dashcam Lessons_seg24.wav,True,5.0,0.8461785912513733,0.09715592861175537,1235.1836201145825,2172.760009765625,0.00010142161772819236,0.07108109085648148,13.221981048583984,3.6738154888153076,8.709490026327435
/home/andres/Documentos/proyecto4geeks/data/raw/youtube/car_crash/🚨 The Most Horrific Car Crashes Ever Recorded! Learn to Drive! 🚨 - RR&BD Driving School_seg215.wav,True,5.0,0.9359745979309082,0.13323204219341278,1062.7091002321686,2088.8702392578125,6.753929483238608e-05,0.0703396267361111,8.789498329162598,1.8185029029846191,7.025146372560513
/home/andres/Documentos/proyecto4geeks/data/raw/youtube/car_crash/🚨 The Most Horrific Car Crashes Ever Recorded! Learn to Drive! 🚨 - RR&BD Driving School_seg1366.wav,True,5.0,0.44927698373794556,0.07704973220825195,1145.1361298151028,2099.6368408203125,7.216944504762068e-05,0.05710404007523148,1.012228012084961,1.0376149415969849,5.8309999380373885
/home/andres/Documentos/proyecto4geeks/data/raw/youtube/car_crash/🚨 The Most Horrific Car Crashes Ever Recorded! Learn to Drive! 🚨 - RR&BD Driving School_seg26.wav,True,5.0,0.44788292050361633,0.08085887134075165,720.1660922757109,1037.5813802083333,3.119203756796196e-05,0.04709653501157408,3.649153709411621,0.637627363204956,5.539069653973157
/home/andres/Documentos/proyecto4geeks/data/raw/youtube/car_crash/BEST OF CAR CRASHES 2024 (so far) - Dashcam Lessons_seg23.wav,True,5.0,0.9111708402633667,0.1379052847623825,972.6878454623557,1805.3497314453125,6.097920049796812e-05,0.04792842158564815,5.684491157531738,0.3106977939605713,6.607222064235979
/home/andres/Documentos/proyecto4geeks/data/raw/youtube/car_crash/BEST OF CAR CRASHES 2024 (so far) - Dashcam Lessons_seg489.wav,True,5.0,0.7321574687957764,0.08902285993099213,1212.904377459826,2557.416788736979,0.00010869393008761108,0.05187536168981482,4.445460796356201,1.2564616203308105,8.224375956412754
/home/andres/Documentos/proyecto4geeks/data/raw/youtube/car_crash/BEST OF CAR CRASHES 2024 (so far) - Dashcam Lessons_seg318.wav,True,5.0,1.0123710632324219,0.1843862235546112,1088.779091519012,2082.789103190104,3.206284236512147e-05,0.05977828414351852,4.3918609619140625,0.5399061441421509,5.490491880089344
/home/andres/Documentos/proyecto4geeks/data/raw/youtube/car_crash/BEST OF CAR CRASHES 2024 (so far) - Dashcam Lessons_seg143.wav,True,5.0,0.7977226376533508,0.09878270328044891,1246.2822233804686,2692.9463704427085,7.871040725149214e-05,0.05284062138310185,1.9983744621276855,1.2576690912246704,8.075529532538726
/home/andres/Documentos/proyecto4geeks/data/raw/youtube/car_crash/🚨 The Most Horrific Car Crashes Ever Recorded! Learn to Drive! 🚨 - RR&BD Driving School_seg1923.wav,False,5.0,0.24273404479026794,0.06070725992321968,678.4441493064872,1154.2195638020833,2.6868996428675018e-05,0.02989818431712963,-0.018883228302001953,0.8453854322433472,3.9984351969314815
/home/andres/Documentos/proyecto4geeks/data/raw/youtube/car_crash/INSANE CAR CRASHES COMPILATION   Best of USA & Canada Accidents - part 43 - Dashcam Lessons_seg57.wav,False,5.0,0.48834922909736633,0.11069061607122421,237.06612058839278,410.5265299479167,1.8662874936126173e-05,0.005579065393518518,0.7185966968536377,0.8138520121574402,4.4118394713669735
/home/andres/Documentos/proyecto4geeks/data/raw/youtube/car_crash/BEST OF CAR CRASHES 2024 (so far) - Dashcam Lessons_seg415.wav,True,5.0,1.0098044872283936,0.14059782028198242,1240.1902732798017,2411.070760091146,0.05105293169617653,0.06068702980324074,16.481754302978516,3.0771889686584473,7.182220074222712
/home/andres/Documentos/proyecto4geeks/data/raw/youtube/car_crash/BEST OF CAR CRASHES 2024 (so far) - Dashcam Lessons_seg451.wav,True,5.0,0.7538438439369202,0.1400717794895172,1265.3643421294412,2221.9573974609375,0.00013503919763024896,0.08503779658564815,2.8808488845825195,0.041369836777448654,5.3818395588238745
/home/andres/Documentos/proyecto4geeks/data/raw/youtube/car_crash/🚨 The Most Horrific Car Crashes Ever Recorded! Learn to Drive! 🚨 - RR&BD Driving School_seg1995.wav,False,5.0,0.61653733253479,0.13755890727043152,734.8158283235855,1187.5661214192708,2.0599763956852257e-05,0.04001419632523148,0.055147409439086914,0.7922677993774414,4.481987715402807
/home/andres/Documentos/proyecto4geeks/data/raw/youtube/car_crash/🚨 The Most Horrific Car Crashes Ever Recorded! Learn to Drive! 🚨 - RR&BD Driving School_seg1639.wav,True,5.0,1.0125336647033691,0.25318917632102966,910.8216937791752,1762.2833251953125,2.7463662263471633e-05,0.04473876953125,1.3621091842651367,0.828697681427002,3.9991190753570534
/home/andres/Documentos/proyecto4geeks/data/raw/youtube/car_crash/🚨 The Most Horrific Car Crashes Ever Recorded! Learn to Drive! 🚨 - RR&BD Driving School_seg1861.wav,True,5.0,0.9227266907691956,0.1395350992679596,1748.2728339095117,3220.958455403646,0.00019392008834984154,0.10722294560185185,6.087223052978516,1.5531005859375,6.612864401885021
/home/andres/Documentos/proyecto4geeks/data/raw/youtube/car_crash/🚨 The Most Horrific Car Crashes Ever Recorded! Learn to Drive! 🚨 - RR&BD Driving School_seg1063.wav,True,5.0,0.44562262296676636,0.0771465003490448,1614.948342393219,2967.694091796875,0.0003622670192271471,0.09979474103009259,3.1204299926757812,0.9776707291603088,5.776316760252205
/home/andres/Documentos/proyecto4geeks/data/raw/youtube/car_crash/hgfhons_seg174.wav,True,5.0,0.7345823049545288,0.13488422334194183,2460.4430447168907,4484.488932291667,0.017339788377285004,0.1439186378761574,7.064962387084961,6.71046257019043,5.446020941136017
/home/andres/Documentos/proyecto4geeks/data/raw/youtube/car_crash/🚨 The Most Horrific Car Crashes Ever Recorded! Learn to Drive! 🚨 - RR&BD Driving School_seg352.wav,True,5.0,0.9487307071685791,0.07794816046953201,982.2231322290348,1944.0694173177083,5.877018702449277e-05,0.029258445457175927,14.683135986328125,0.5091738104820251,12.171303356507597
/home/andres/Documentos/proyecto4geeks/data/raw/youtube/car_crash/BEST OF CAR CRASHES 2024 (so far) - Dashcam Lessons_seg363.wav,False,5.0,0.4173319637775421,0.11125032603740692,815.8457506175286,1342.236328125,3.98357369704172e-05,0.04340503833912037,-0.00841379165649414,0.9270960092544556,3.7512875569772866
/home/andres/Documentos/proyecto4geeks/data/raw/youtube/car_crash/🚨 The Most Horrific Car Crashes Ever Recorded! Learn to Drive! 🚨 - RR&BD Driving School_seg2051.wav,True,5.0,0.7808515429496765,0.1847904473543167,1584.5457922305563,2976.3671875,4.4523334508994594e-05,0.08366789641203703,3.461390972137451,1.5967618227005005,4.225605566332377
/home/andres/Documentos/proyecto4geeks/data/raw/youtube/car_crash/🚨 The Most Horrific Car Crashes Ever Recorded! Learn to Drive! 🚨 - RR&BD Driving School_seg1937.wav,True,5.0,0.728672981262207,0.08328794687986374,1738.4995862705443,3587.371826171875,0.010949390009045601,0.10074643735532407,11.974949836730957,4.760624885559082,8.748840721269204
/home/andres/Documentos/proyecto4geeks/data/raw/youtube/car_crash/hgfhons_seg94.wav,True,5.0,0.5288392305374146,0.08155085146427155,1276.7645040796256,2317.2119140625,0.032242339104413986,0.06519911024305555,11.740358352661133,2.2287614345550537,6.484778773433418
/home/andres/Documentos/proyecto4geeks/data/raw/youtube/car_crash/🚨 The Most Horrific Car Crashes Ever Recorded! Learn to Drive! 🚨 - RR&BD Driving School_seg1880.wav,True,5.0,0.40759485960006714,0.10215932130813599,1947.8062346106249,4303.450520833333,0.0002509973128326237,0.08135534215856481,0.7194857597351074,0.5898957252502441,3.989796079074151
/home/andres/Documentos/proyecto4geeks/data/raw/youtube/car_crash/BEST OF CAR CRASHES 2024 (so far) - Dashcam Lessons_seg336.wav,True,5.0,1.0657049417495728,0.2761474549770355,1381.437505214069,2785.4095458984375,0.08818091452121735,0.04800075954861111,0.24143624305725098,1.5156686305999756,3.859187990106003
/home/andres/Documentos/proyecto4geeks/data/raw/youtube/car_crash/🚨 The Most Horrific Car Crashes Ever Recorded! Learn to Drive! 🚨 - RR&BD Driving School_seg2060.wav,True,5.0,0.4671042561531067,0.12628977000713348,1071.5770184057335,1816.2160237630208,8.519554103258997e-05,0.07481779875578703,-0.43318915367126465,0.9045517444610596,3.6986705742121755
/home/andres/Documentos/proyecto4geeks/data/raw/youtube/car_crash/🚨 The Most Horrific Car Crashes Ever Recorded! Learn to Drive! 🚨 - RR&BD Driving School_seg1083.wav,False,5.0,0.31547456979751587,0.06183683127164841,333.3328516929001,536.9344075520834,2.6279599296685774e-06,0.013827853732638888,1.185351848602295,0.8557281494140625,5.101725998968776
/home/andres/Documentos/proyecto4geeks/data/raw/youtube/car_crash/hgfhons_seg171.wav,True,5.0,0.9763458371162415,0.09914004802703857,858.6203990905931,1813.7237548828125,2.4311637389473617e-05,0.02313006365740741,11.98838996887207,0.5408518314361572,9.848147711610078
/home/andres/Documentos/proyecto4geeks/data/raw/youtube/car_crash/🚨 The Most Horrific Car Crashes Ever Recorded! Learn to Drive! 🚨 - RR&BD Driving School_seg225.wav,False,5.0,0.9655524492263794,0.3320087492465973,784.6846803976811,1472.2829182942708,3.0041874197195284e-05,0.035829897280092594,0.2639174461364746,2.9503180980682373,2.9082138691059423
/home/andres/Documentos/proyecto4geeks/data/raw/youtube/car_crash/🚨 The Most Horrific Car Crashes Ever Recorded! Learn to Drive! 🚨 - RR&BD Driving School_seg1787.wav,True,5.0,1.0121798515319824,0.15032073855400085,2190.8648764567097,4776.5329996744795,0.00025855388958007097,0.12892207392939814,24.686599731445312,0.8023202419281006,6.733467792014845
/home/andres/Documentos/proyecto4geeks/data/raw/youtube/car_crash/BEST OF CAR CRASHES 2024 (so far) - Dashcam Lessons_seg11.wav,True,5.0,0.4229210615158081,0.11027000844478607,863.3818816136283,1547.7986653645833,0.09527302533388138,0.04611771195023148,3.3900303840637207,1.0482146739959717,3.835322654606814
/home/andres/Documentos/proyecto4geeks/data/raw/youtube/car_crash/BEST OF CAR CRASHES 2024 (so far) - Dashcam Lessons_seg313.wav,True,5.0,0.9792117476463318,0.16075952351093292,788.5845381485914,1522.6765950520833,0.5233084559440613,0.04581479673032408,9.215238571166992,1.2107928171189997e-07,6.091158559409679
/home/andres/Documentos/proyecto4geeks/data/raw/youtube/car_crash/🚨 The Most Horrific Car Crashes Ever Recorded! Learn to Drive! 🚨 - RR&BD Driving School_seg1204.wav,True,5.0,0.3415108919143677,0.07185725122690201,823.30936782211,1465.6534830729167,4.7565110435243696e-05,0.04003454137731482,0.7383108139038086,1.4541122913360596,4.7526294991612446
/home/andres/Documentos/proyecto4geeks/data/raw/youtube/car_crash/BEST OF CAR CRASHES 2024 (so far) - Dashcam Lessons_seg142.wav,True,5.0,0.8530113101005554,0.13423699140548706,1460.1308868629933,3286.80419921875,0.00011871568858623505,0.05838803891782408,1.5420427322387695,1.9307057857513428,6.354517493002553
/home/andres/Documentos/proyecto4geeks/data/raw/youtube/car_crash/🚨 The Most Horrific Car Crashes Ever Recorded! Learn to Drive! 🚨 - RR&BD Driving School_seg722.wav,True,5.0,0.6468378305435181,0.07521255314350128,577.9449222806472,1150.0325520833333,2.7147811124450527e-05,0.023087112991898147,2.20632266998291,1.4602717161178589,8.600131274639594
/home/andres/Documentos/proyecto4geeks/data/raw/youtube/car_crash/🚨 The Most Horrific Car Crashes Ever Recorded! Learn to Drive! 🚨 - RR&BD Driving School_seg1887.wav,True,5.0,0.88874751329422,0.15611518919467926,1672.486844729463,3528.8533528645835,0.001744208624586463,0.083984375,1.7987217903137207,0.9251270294189453,5.692895853844422
/home/andres/Documentos/proyecto4geeks/data/raw/youtube/car_crash/🚨 The Most Horrific Car Crashes Ever Recorded! Learn to Drive! 🚨 - RR&BD Driving School_seg508.wav,True,5.0,0.23136061429977417,0.06734516471624374,753.653752813417,1448.6562093098958,0.00010369365918450058,0.020785861545138888,2.1085920333862305,0.42556363344192505,3.435445072725974
/home/andres/Documentos/proyecto4geeks/data/raw/youtube/car_crash/BEST OF CAR CRASHES 2024 (so far) - Dashcam Lessons_seg276.wav,True,5.0,0.36555349826812744,0.05319175869226456,967.2781105327554,2083.038330078125,0.01472876500338316,0.04602955005787037,1.3353643417358398,1.1841999292373657,6.872370969648272
/home/andres/Documentos/proyecto4geeks/data/raw/youtube/car_crash/🚨 The Most Horrific Car Crashes Ever Recorded! Learn to Drive! 🚨 - RR&BD Driving School_seg569.wav,True,5.0,0.5540999174118042,0.1463954746723175,1017.423433023655,2142.902628580729,6.0678481531795114e-05,0.04550736038773148,0.14203453063964844,0.5814502239227295,3.7849524969831334
/home/andres/Documentos/proyecto4geeks/data/raw/youtube/car_crash/🚨 The Most Horrific Car Crashes Ever Recorded! Learn to Drive! 🚨 - RR&BD Driving School_seg14.wav,True,5.0,0.7130725979804993,0.11574593931436539,647.1418050290268,1160.5499267578125,1.196265293401666e-05,0.025456181278935185,5.898931503295898,0.9387820363044739,6.160670535815835
/home/andres/Documentos/proyecto4geeks/data/raw/youtube/car_crash/🚨 The Most Horrific Car Crashes Ever Recorded! Learn to Drive! 🚨 - RR&BD Driving School_seg1730.wav,False,5.0,1.0481129884719849,0.32465168833732605,702.4167474678748,1190.90576171875,3.3790052839322016e-05,0.027601453993055556,1.167553424835205,0.6361779570579529,3.2284230334256736
/home/andres/Documentos/proyecto4geeks/data/raw/youtube/car_crash/BEST OF CAR CRASHES 2024 (so far) - Dashcam Lessons_seg50.wav,False,5.0,0.8401529788970947,0.2876392900943756,274.78729143551055,517.4448649088541,0.12765374779701233,0.008529097945601851,-0.06662583351135254,4.049986301879471e-08,2.920856113288683
/home/andres/Documentos/proyecto4geeks/data/raw/youtube/car_crash/BEST OF CAR CRASHES 2024 (so far) - Dashcam Lessons_seg118.wav,True,5.0,0.6840627789497375,0.11023867875337601,871.6401859229389,1680.4372151692708,0.008553506806492805,0.033478913483796294,10.043054580688477,0.6614755988121033,6.20528825888693
/home/andres/Documentos/proyecto4geeks/data/raw/youtube/car_crash/🚨 The Most Horrific Car Crashes Ever Recorded! Learn to Drive! 🚨 - RR&BD Driving School_seg66.wav,False,5.0,0.5224044322967529,0.13230152428150177,417.0162726863289,710.8449300130209,4.0258924855152145e-05,0.023154929832175927,0.20703601837158203,1.0363969802856445,3.9485896714331825
/home/andres/Documentos/proyecto4geeks/data/raw/youtube/car_crash/🚨 The Most Horrific Car Crashes Ever Recorded! Learn to Drive! 🚨 - RR&BD Driving School_seg584.wav,False,5.0,0.46481484174728394,0.19881993532180786,524.6386820917287,956.0343424479166,1.9304872694192454e-05,0.015514232494212963,-0.8813478946685791,0.8224648237228394,2.337868388260974
/home/andres/Documentos/proyecto4geeks/data/raw/youtube/car_crash/INSANE CAR CRASHES COMPILATION   Best of USA & Canada Accidents - part 43 - Dashcam Lessons_seg106.wav,False,5.0,0.2719278037548065,0.05976594612002373,756.3560661565134,1355.9438069661458,5.743529254687019e-05,0.03631139684606482,0.8075621128082275,0.09300386905670166,4.549878675126521
/home/andres/Documentos/proyecto4geeks/data/raw/youtube/car_crash/BEST OF CAR CRASHES 2024 (so far) - Dashcam Lessons_seg31.wav,True,5.0,0.47102808952331543,0.1267865002155304,623.2528803505944,1142.0074462890625,0.11577599495649338,0.014447247540509259,0.5235695838928223,9.30409314037206e-08,3.715128098960672
/home/andres/Documentos/proyecto4geeks/data/raw/youtube/car_crash/🚨 The Most Horrific Car Crashes Ever Recorded! Learn to Drive! 🚨 - RR&BD Driving School_seg1450.wav,True,5.0,0.6801853179931641,0.07543541491031647,530.9490190754136,1086.4298502604167,0.1356661319732666,0.020636664496527776,21.057889938354492,2.048673479748686e-07,9.016790307215846
/home/andres/Documentos/proyecto4geeks/data/raw/youtube/car_crash/🚨 The Most Horrific Car Crashes Ever Recorded! Learn to Drive! 🚨 - RR&BD Driving School_seg1414.wav,False,5.0,0.37593311071395874,0.10441000014543533,724.4620735964462,1258.3964029947917,4.481718860915862e-05,0.028263798466435185,0.1608128547668457,0.5462997555732727,3.60054698004704
/home/andres/Documentos/proyecto4geeks/data/raw/youtube/car_crash/🚨 The Most Horrific Car Crashes Ever Recorded! Learn to Drive! 🚨 - RR&BD Driving School_seg1206.wav,True,5.0,0.3504811227321625,0.09572678059339523,918.9719872812328,1563.2008870442708,3.945266144000925e-05,0.055937590422453706,0.12753820419311523,1.0012059211730957,3.661265118871897
/home/andres/Documentos/proyecto4geeks/data/raw/youtube/car_crash/🚨 The Most Horrific Car Crashes Ever Recorded! Learn to Drive! 🚨 - RR&BD Driving School_seg346.wav,False,5.0,0.1618950068950653,0.08308741450309753,991.4114414048391,1943.8201904296875,0.00011771209392463788,0.04390010127314815,-1.2028943300247192,0.9372683167457581,1.9484901276724802
/home/andres/Documentos/proyecto4geeks/data/raw/youtube/car_crash/🚨 The Most Horrific Car Crashes Ever Recorded! Learn to Drive! 🚨 - RR&BD Driving School_seg2005.wav,True,5.0,0.8290375471115112,0.12428931891918182,1000.5719979521435,2124.559529622396,9.387944010086358e-05,0.04432056568287037,2.9707202911376953,0.7046831250190735,6.670223590523626
/home/andres/Documentos/proyecto4geeks/data/raw/youtube/car_crash/🚨 The Most Horrific Car Crashes Ever Recorded! Learn to Drive! 🚨 - RR&BD Driving School_seg1437.wav,True,5.0,0.37603574991226196,0.06071389839053154,1438.9666667353727,2707.750447591146,0.00010996072523994371,0.08325421368634259,3.9130964279174805,0.650682806968689,6.193569510020328
/home/andres/Documentos/proyecto4geeks/data/raw/youtube/car_crash/🚨 The Most Horrific Car Crashes Ever Recorded! Learn to Drive! 🚨 - RR&BD Driving School_seg286.wav,False,5.0,0.4380388855934143,0.09087034314870834,693.9052474142011,1320.4538981119792,6.626890535699204e-05,0.04051151982060185,1.0296449661254883,0.6128652095794678,4.8204823533212355
/home/andres/Documentos/proyecto4geeks/data/raw/youtube/car_crash/🚨 The Most Horrific Car Crashes Ever Recorded! Learn to Drive! 🚨 - RR&BD Driving School_seg1390.wav,True,5.0,0.4905681610107422,0.13906419277191162,1064.3624522874652,2001.98974609375,0.05137258395552635,0.05134412977430555,-0.07895779609680176,0.475983589887619,3.527638216775384
/home/andres/Documentos/proyecto4geeks/data/raw/youtube/car_crash/BEST OF CAR CRASHES 2024 (so far) - Dashcam Lessons_seg87.wav,True,5.0,1.061028242111206,0.1417258083820343,1633.4198878549437,3523.420206705729,0.00015407543105538934,0.08336498119212964,5.00682258605957,0.5642860531806946,7.486485730556747
/home/andres/Documentos/proyecto4geeks/data/raw/youtube/car_crash/🚨 The Most Horrific Car Crashes Ever Recorded! Learn to Drive! 🚨 - RR&BD Driving School_seg0.wav,True,5.0,1.00357985496521,0.10436096042394638,810.2156140789265,1510.0657145182292,0.15595169365406036,0.038031684027777776,10.39273452758789,1.142216444015503,9.616429849617546
/home/andres/Documentos/proyecto4geeks/data/raw/youtube/car_crash/BEST OF CAR CRASHES 2024 (so far) - Dashcam Lessons_seg594.wav,True,5.0,0.7784055471420288,0.2614995837211609,373.5348707061988,687.5172932942709,0.2918463349342346,0.00827591507523148,1.553443431854248,2.704802989959717,2.976698991494657
/home/andres/Documentos/proyecto4geeks/data/raw/youtube/car_crash/BEST OF CAR CRASHES 2024 (so far) - Dashcam Lessons_seg150.wav,True,5.0,0.971615731716156,0.12946003675460815,1308.8390085175674,3240.697224934896,0.2507808208465576,0.056538899739583336,9.85721206665039,1.2052691999997478e-07,7.5051402430106755
/home/andres/Documentos/proyecto4geeks/data/raw/youtube/car_crash/BEST OF CAR CRASHES 2024 (so far) - Dashcam Lessons_seg294.wav,True,5.0,0.4578200578689575,0.13417264819145203,1491.34647423882,3246.5291341145835,8.938967221183702e-05,0.08557581018518519,-0.006173133850097656,1.0252715349197388,3.412171288534741
/home/andres/Documentos/proyecto4geeks/data/raw/youtube/car_crash/🚨 The Most Horrific Car Crashes Ever Recorded! Learn to Drive! 🚨 - RR&BD Driving School_seg232.wav,True,5.0,0.7909871935844421,0.11071369051933289,1323.178218116655,2262.9302978515625,0.0001707903720671311,0.08375153718171297,3.1997671127319336,0.9935632348060608,7.144438866295176
/home/andres/Documentos/proyecto4geeks/data/raw/youtube/car_crash/🚨 The Most Horrific Car Crashes Ever Recorded! Learn to Drive! 🚨 - RR&BD Driving School_seg71.wav,True,5.0,0.8369899392127991,0.10757570713758469,391.4072147328913,718.5211181640625,3.983972055721097e-05,0.019506383825231483,8.407963752746582,0.690071165561676,7.780473505366268
/home/andres/Documentos/proyecto4geeks/data/raw/youtube/car_crash/🚨 The Most Horrific Car Crashes Ever Recorded! Learn to Drive! 🚨 - RR&BD Driving School_seg1364.wav,True,5.0,0.6144965291023254,0.0831429734826088,1905.86393961378,3767.662556966146,0.00014760579506400973,0.11088505497685185,4.721263885498047,0.883307933807373,7.39084138268726
/home/andres/Documentos/proyecto4geeks/data/raw/youtube/car_crash/🚨 The Most Horrific Car Crashes Ever Recorded! Learn to Drive! 🚨 - RR&BD Driving School_seg1769.wav,True,5.0,0.997240424156189,0.11387703567743301,1657.8665316990819,2935.045369466146,0.00017928934539668262,0.11036060474537036,6.67436408996582,2.1406731605529785,8.757168802428307
/home/andres/Documentos/proyecto4geeks/data/raw/youtube/car_crash/🚨 The Most Horrific Car Crashes Ever Recorded! Learn to Drive! 🚨 - RR&BD Driving School_seg945.wav,True,5.0,0.3337476849555969,0.09391303360462189,1116.3213755758616,2002.1891276041667,4.6176774048944935e-05,0.05276150173611111,0.9020364284515381,0.7347812056541443,3.5537951671025336
/home/andres/Documentos/proyecto4geeks/data/raw/youtube/car_crash/🚨 The Most Horrific Car Crashes Ever Recorded! Learn to Drive! 🚨 - RR&BD Driving School_seg1607.wav,True,5.0,0.5327950716018677,0.0999843031167984,1221.636802511703,2352.203369140625,0.0001827336091082543,0.08684172453703703,1.316662311553955,0.8800544738769531,5.328787169463441
/home/andres/Documentos/proyecto4geeks/data/raw/youtube/car_crash/🚨 The Most Horrific Car Crashes Ever Recorded! Learn to Drive! 🚨 - RR&BD Driving School_seg1020.wav,True,5.0,0.4689377546310425,0.09706439822912216,376.88164623093354,725.7486979166666,2.3803042950021336e-06,0.010954680266203705,0.420778751373291,1.168851613998413,4.831202409757651
/home/andres/Documentos/proyecto4geeks/data/raw/youtube/car_crash/🚨 The Most Horrific Car Crashes Ever Recorded! Learn to Drive! 🚨 - RR&BD Driving School_seg1114.wav,True,5.0,1.2097129821777344,0.1666008085012436,2004.8182625761506,3701.2186686197915,0.0002387166750850156,0.14217348451967593,8.47115707397461,0.3321395814418793,7.26114712799514
/home/andres/Documentos/proyecto4geeks/data/raw/youtube/car_crash/🚨 The Most Horrific Car Crashes Ever Recorded! Learn to Drive! 🚨 - RR&BD Driving School_seg1585.wav,False,5.0,0.328677237033844,0.1058885008096695,305.6559294032369,393.4794108072917,3.674179424706381e-06,0.011969672309027778,-0.4672424793243408,0.9865716695785522,3.1039936774770727
/home/andres/Documentos/proyecto4geeks/data/raw/youtube/car_crash/🚨 The Most Horrific Car Crashes Ever Recorded! Learn to Drive! 🚨 - RR&BD Driving School_seg1580.wav,False,5.0,0.3172530233860016,0.11286184936761856,798.4585979818307,1376.2807210286458,0.17346738278865814,0.04069688585069445,-0.12013483047485352,0.7649546265602112,2.8109855115861175
/home/andres/Documentos/proyecto4geeks/data/raw/youtube/car_crash/🚨 The Most Horrific Car Crashes Ever Recorded! Learn to Drive! 🚨 - RR&BD Driving School_seg1621.wav,False,5.0,1.0004303455352783,0.20360375940799713,568.72985286349,961.5671793619791,1.4572272448276635e-05,0.027547200520833332,1.0429534912109375,1.0013397932052612,4.9136143086907555
/home/andres/Documentos/proyecto4geeks/data/raw/youtube/car_crash/BEST OF CAR CRASHES 2024 (so far) - Dashcam Lessons_seg562.wav,True,5.0,0.4500444531440735,0.08128131181001663,565.4365045378518,1110.1064046223958,0.36452922224998474,0.016682942708333332,2.936690330505371,2.4069526195526123,5.536874874638475
/home/andres/Documentos/proyecto4geeks/data/raw/youtube/car_crash/🚨 The Most Horrific Car Crashes Ever Recorded! Learn to Drive! 🚨 - RR&BD Driving School_seg222.wav,True,5.0,0.7319847941398621,0.12403856962919235,1302.8498549165795,2261.0860188802085,0.0006670341826975346,0.09776927806712964,4.524806499481201,0.061018284410238266,5.901267616372842
/home/andres/Documentos/proyecto4geeks/data/raw/youtube/car_crash/🚨 The Most Horrific Car Crashes Ever Recorded! Learn to Drive! 🚨 - RR&BD Driving School_seg2072.wav,True,5.0,0.5589936971664429,0.07688981294631958,926.0544947497683,1770.8567301432292,0.4301444888114929,0.05487964771412037,6.606087684631348,2.1816632056470553e-07,7.270061868266382
/home/andres/Documentos/proyecto4geeks/data/raw/youtube/car_crash/🚨 The Most Horrific Car Crashes Ever Recorded! Learn to Drive! 🚨 - RR&BD Driving School_seg1996.wav,False,5.0,0.5841712355613708,0.13574333488941193,693.3328273456058,1037.0829264322917,4.6965666115283966e-05,0.031584563078703706,0.08039999008178711,1.048306941986084,4.303498481402294
/home/andres/Documentos/proyecto4geeks/data/raw/youtube/car_crash/🚨 The Most Horrific Car Crashes Ever Recorded! Learn to Drive! 🚨 - RR&BD Driving School_seg2034.wav,False,5.0,0.6703556776046753,0.20245985686779022,503.5196574614986,851.5085856119791,2.1156572984182276e-05,0.0126953125,-0.6411876678466797,1.1014864444732666,3.3110547837595186
/home/andres/Documentos/proyecto4geeks/data/raw/youtube/car_crash/🚨 The Most Horrific Car Crashes Ever Recorded! Learn to Drive! 🚨 - RR&BD Driving School_seg1760.wav,True,5.0,0.5310932397842407,0.09394029527902603,1597.5823043820628,3325.135294596354,0.0001668619952397421,0.08277949580439815,2.498109817504883,0.6627445220947266,5.653518952661456
/home/andres/Documentos/proyecto4geeks/data/raw/youtube/car_crash/🚨 The Most Horrific Car Crashes Ever Recorded! Learn to Drive! 🚨 - RR&BD Driving School_seg1295.wav,False,5.0,0.28539276123046875,0.0651768147945404,593.7269504825798,1159.9019368489583,0.000144441713928245,0.027187771267361112,0.33104991912841797,1.0201820135116577,4.378746677415052
/home/andres/Documentos/proyecto4geeks/data/raw/youtube/car_crash/BEST OF CAR CRASHES 2024 (so far) - Dashcam Lessons_seg275.wav,True,5.0,0.6739005446434021,0.09866419434547424,843.4131296602658,1753.4108479817708,7.312974048545584e-05,0.03611472800925926,6.158115386962891,4.056011199951172,6.83024423507578
/home/andres/Documentos/proyecto4geeks/data/raw/youtube/car_crash/🚨 The Most Horrific Car Crashes Ever Recorded! Learn to Drive! 🚨 - RR&BD Driving School_seg468.wav,False,5.0,0.707525908946991,0.17773735523223877,422.8675048492149,645.6471761067709,9.363225217384752e-06,0.01757586443865741,-0.09780049324035645,0.9522714018821716,3.9807383654298696
/home/andres/Documentos/proyecto4geeks/data/raw/youtube/car_crash/🚨 The Most Horrific Car Crashes Ever Recorded! Learn to Drive! 🚨 - RR&BD Driving School_seg1243.wav,False,5.0,0.39213889837265015,0.07896217703819275,427.59707217271455,748.9766438802084,1.5919942597975023e-05,0.009021900318287037,0.9186496734619141,0.9799716472625732,4.966161180915929
/home/andres/Documentos/proyecto4geeks/data/raw/youtube/car_crash/BEST OF CAR CRASHES 2024 (so far) - Dashcam Lessons_seg314.wav,True,5.0,0.6218295693397522,0.07797104865312576,1919.2509026404257,3396.6634114583335,0.0003696424246300012,0.1387916847511574,7.748847007751465,0.5656441450119019,7.975134105200324
/home/andres/Documentos/proyecto4geeks/data/raw/youtube/car_crash/🚨 The Most Horrific Car Crashes Ever Recorded! Learn to Drive! 🚨 - RR&BD Driving School_seg27.wav,True,5.0,0.3195621371269226,0.057916074991226196,873.2028482172835,1699.9267578125,6.62204620311968e-05,0.040681061921296294,1.4183549880981445,1.477719783782959,5.517676002212096
/home/andres/Documentos/proyecto4geeks/data/raw/youtube/car_crash/🚨 The Most Horrific Car Crashes Ever Recorded! Learn to Drive! 🚨 - RR&BD Driving School_seg426.wav,True,5.0,0.5329463481903076,0.08522298187017441,913.8059579919375,1767.5669352213542,9.140600741375238e-05,0.03125,2.9872331619262695,2.076434373855591,6.253551993708987
/home/andres/Documentos/proyecto4geeks/data/raw/youtube/car_crash/🚨 The Most Horrific Car Crashes Ever Recorded! Learn to Drive! 🚨 - RR&BD Driving School_seg750.wav,True,5.0,0.47438785433769226,0.07601119577884674,1700.1628636910914,3176.1474609375,0.00020566114108078182,0.1064792209201389,5.655521392822266,2.0317442417144775,6.24102606820809
/home/andres/Documentos/proyecto4geeks/data/raw/youtube/car_crash/🚨 The Most Horrific Car Crashes Ever Recorded! Learn to Drive! 🚨 - RR&BD Driving School_seg1858.wav,True,5.0,0.9991414546966553,0.1819942593574524,1463.3276657768313,2836.8001302083335,0.08331973105669022,0.07191297743055555,3.7372655868530273,1.5303086042404175,5.48996137690676
/home/andres/Documentos/proyecto4geeks/data/raw/youtube/car_crash/🚨 The Most Horrific Car Crashes Ever Recorded! Learn to Drive! 🚨 - RR&BD Driving School_seg1399.wav,True,5.0,0.7318087816238403,0.14110255241394043,856.4163336064904,1561.9049072265625,1.6536783732590266e-05,0.05260326244212963,1.1499948501586914,1.2662097215652466,5.186361048039793
/home/andres/Documentos/proyecto4geeks/data/raw/youtube/car_crash/🚨 The Most Horrific Car Crashes Ever Recorded! Learn to Drive! 🚨 - RR&BD Driving School_seg1359.wav,True,5.0,1.1129909753799438,0.15412309765815735,1177.9106498093865,2405.2388509114585,9.685332042863593e-05,0.052182798032407406,12.692906379699707,0.40477514266967773,7.221441771442455
/home/andres/Documentos/proyecto4geeks/data/raw/youtube/car_crash/INSANE CAR CRASHES COMPILATION   Best of USA & Canada Accidents - part 43 - Dashcam Lessons_seg31.wav,True,5.0,0.32632553577423096,0.08595573902130127,1402.2010593528714,2533.092244466146,0.00014409779396373779,0.08604148582175926,1.5108814239501953,0.30495354533195496,3.7964368579224894
/home/andres/Documentos/proyecto4geeks/data/raw/youtube/car_crash/BEST OF CAR CRASHES 2024 (so far) - Dashcam Lessons_seg752.wav,True,5.0,0.5178844332695007,0.10377852618694305,1074.189630761121,1989.7776285807292,5.017764851800166e-05,0.04090711805555555,3.020617961883545,0.3210950195789337,4.990285103216934
/home/andres/Documentos/proyecto4geeks/data/raw/youtube/car_crash/🚨 The Most Horrific Car Crashes Ever Recorded! Learn to Drive! 🚨 - RR&BD Driving School_seg1541.wav,True,5.0,0.7101744413375854,0.1284365952014923,2053.286779414717,3866.2567138671875,0.00013235759979579598,0.12705032913773148,2.776477813720703,0.8964667320251465,5.529377668552557
/home/andres/Documentos/proyecto4geeks/data/raw/youtube/car_crash/🚨 The Most Horrific Car Crashes Ever Recorded! Learn to Drive! 🚨 - RR&BD Driving School_seg408.wav,True,5.0,0.8205803632736206,0.098649762570858,1342.6428485051174,2675.0518798828125,0.00021116455900482833,0.0658275462962963,24.006690979003906,0.2816753387451172,8.318117974951
/home/andres/Documentos/proyecto4geeks/data/raw/youtube/car_crash/INSANE CAR CRASHES COMPILATION   Best of USA & Canada Accidents - part 43 - Dashcam Lessons_seg87.wav,True,5.0,0.8520530462265015,0.13755479454994202,762.8749417913984,1656.6609700520833,3.9478349208366126e-05,0.024565520109953703,14.181396484375,0.3968041241168976,6.194280970053372
/home/andres/Documentos/proyecto4geeks/data/raw/youtube/car_crash/🚨 The Most Horrific Car Crashes Ever Recorded! Learn to Drive! 🚨 - RR&BD Driving School_seg192.wav,True,5.0,0.4090375602245331,0.08324036747217178,966.8512698735706,1984.04541015625,0.22715938091278076,0.06235306351273148,1.0946545600891113,1.5232871770858765,4.913932658410777
/home/andres/Documentos/proyecto4geeks/data/raw/youtube/car_crash/🚨 The Most Horrific Car Crashes Ever Recorded! Learn to Drive! 🚨 - RR&BD Driving School_seg2121.wav,True,5.0,0.7270928621292114,0.12152335792779922,1206.9028322218262,2176.697794596354,0.22200049459934235,0.07871952763310185,5.404146194458008,0.3572586178779602,5.983153152789084
/home/andres/Documentos/proyecto4geeks/data/raw/youtube/car_crash/🚨 The Most Horrific Car Crashes Ever Recorded! Learn to Drive! 🚨 - RR&BD Driving School_seg1430.wav,True,5.0,0.4986206293106079,0.07762029021978378,971.5387088742754,1618.0806477864583,0.00010772213863674551,0.055492259837962965,0.6537327766418457,0.7380480170249939,6.423843918804314
/home/andres/Documentos/proyecto4geeks/data/raw/youtube/car_crash/🚨 The Most Horrific Car Crashes Ever Recorded! Learn to Drive! 🚨 - RR&BD Driving School_seg1809.wav,False,5.0,1.0004955530166626,0.23481032252311707,674.9131696451427,1248.5768636067708,3.588539766496979e-05,0.01880108868634259,1.0584688186645508,0.9573892951011658,4.260866993672746
/home/andres/Documentos/proyecto4geeks/data/raw/youtube/car_crash/🚨 The Most Horrific Car Crashes Ever Recorded! Learn to Drive! 🚨 - RR&BD Driving School_seg1372.wav,True,5.0,0.3056506812572479,0.0749395564198494,671.0795628453953,1181.6843668619792,2.2156498744152486e-05,0.024183485243055556,0.0075359344482421875,1.1772438287734985,4.078629442917425
/home/andres/Documentos/proyecto4geeks/data/raw/youtube/car_crash/🚨 The Most Horrific Car Crashes Ever Recorded! Learn to Drive! 🚨 - RR&BD Driving School_seg129.wav,True,5.0,0.6219699382781982,0.08334643393754959,1175.7875292333251,2293.4356689453125,4.4443062506616116e-05,0.05665418836805555,3.577423095703125,0.9412661790847778,7.462466105469729
/home/andres/Documentos/proyecto4geeks/data/raw/youtube/car_crash/🚨 The Most Horrific Car Crashes Ever Recorded! Learn to Drive! 🚨 - RR&BD Driving School_seg1054.wav,True,5.0,0.9267368316650391,0.24592560529708862,1783.1267372140765,3662.139892578125,0.00010189129534410313,0.11353895399305555,2.180539131164551,0.9592192769050598,3.768362511669873
/home/andres/Documentos/proyecto4geeks/data/raw/youtube/car_crash/🚨 The Most Horrific Car Crashes Ever Recorded! Learn to Drive! 🚨 - RR&BD Driving School_seg231.wav,True,5.0,0.5966740250587463,0.10726305097341537,1262.9763934873254,2163.6383056640625,0.00013769885117653757,0.07340946903935185,2.2284584045410156,1.0259733200073242,5.562717260401873
/home/andres/Documentos/proyecto4geeks/data/raw/youtube/car_crash/🚨 The Most Horrific Car Crashes Ever Recorded! Learn to Drive! 🚨 - RR&BD Driving School_seg291.wav,True,5.0,0.5327516794204712,0.10979779064655304,346.10248636365213,447.9604085286458,1.3948669220553711e-05,0.015012387876157407,0.7795929908752441,1.3579210042953491,4.852116570638337
/home/andres/Documentos/proyecto4geeks/data/raw/youtube/car_crash/🚨 The Most Horrific Car Crashes Ever Recorded! Learn to Drive! 🚨 - RR&BD Driving School_seg1979.wav,False,5.0,0.4357169568538666,0.21291165053844452,436.9277227161746,801.3641357421875,1.730902113195043e-05,0.007792154947916667,-1.004178524017334,1.071154236793518,2.04646836258096
/home/andres/Documentos/proyecto4geeks/data/raw/youtube/car_crash/🚨 The Most Horrific Car Crashes Ever Recorded! Learn to Drive! 🚨 - RR&BD Driving School_seg1057.wav,True,5.0,0.527213990688324,0.07175688445568085,1537.4055194747632,2339.1937255859375,8.891118341125548e-05,0.10877143012152778,3.2873549461364746,0.3838813900947571,7.347225213026069
/home/andres/Documentos/proyecto4geeks/data/raw/youtube/car_crash/BEST OF CAR CRASHES 2024 (so far) - Dashcam Lessons_seg698.wav,True,5.0,0.7240983247756958,0.14318352937698364,332.422332572706,591.7643229166666,0.3615571856498718,0.008271393952546295,1.967177391052246,2.8849494457244873,5.057134210347489
/home/andres/Documentos/proyecto4geeks/data/raw/youtube/car_crash/🚨 The Most Horrific Car Crashes Ever Recorded! Learn to Drive! 🚨 - RR&BD Driving School_seg1039.wav,False,5.0,0.3770948648452759,0.09004546701908112,364.1525081690776,768.5658772786459,4.094683026778512e-05,0.019144694010416668,0.3666810989379883,0.7791701555252075,4.1878272979713635
/home/andres/Documentos/proyecto4geeks/data/raw/youtube/car_crash/🚨 The Most Horrific Car Crashes Ever Recorded! Learn to Drive! 🚨 - RR&BD Driving School_seg424.wav,False,5.0,0.6932505369186401,0.14731165766716003,600.0093139818827,1046.3541666666667,4.948512287228368e-05,0.01768889250578704,0.16740727424621582,1.0837708711624146,4.70601273444552
/home/andres/Documentos/proyecto4geeks/data/raw/youtube/car_crash/BEST OF CAR CRASHES 2024 (so far) - Dashcam Lessons_seg760.wav,True,5.0,0.7750160694122314,0.17321264743804932,1083.6781176727518,2981.451416015625,1.278121635550633e-05,0.028587058738425927,2.32216739654541,0.4721941649913788,4.474361894878068
/home/andres/Documentos/proyecto4geeks/data/raw/youtube/car_crash/🚨 The Most Horrific Car Crashes Ever Recorded! Learn to Drive! 🚨 - RR&BD Driving School_seg1966.wav,True,5.0,0.6702455878257751,0.08244719356298447,729.6907159082438,1332.0180257161458,6.952838884899393e-05,0.045656557436342594,5.637020111083984,0.6341037154197693,8.129392388664149
/home/andres/Documentos/proyecto4geeks/data/raw/youtube/car_crash/🚨 The Most Horrific Car Crashes Ever Recorded! Learn to Drive! 🚨 - RR&BD Driving School_seg1823.wav,True,5.0,0.5101501941680908,0.1015237420797348,1355.3502379109204,2393.126424153646,0.00016591633902862668,0.06652379918981481,1.029432773590088,1.7577883005142212,5.024934894168929
/home/andres/Documentos/proyecto4geeks/data/raw/youtube/car_crash/🚨 The Most Horrific Car Crashes Ever Recorded! Learn to Drive! 🚨 - RR&BD Driving School_seg1078.wav,False,5.0,0.22578994929790497,0.06514819711446762,412.66762627530744,588.3748372395834,5.522002993529895e-06,0.017399540653935185,-0.11485123634338379,0.973156213760376,3.465789680990227
/home/andres/Documentos/proyecto4geeks/data/raw/youtube/car_crash/🚨 The Most Horrific Car Crashes Ever Recorded! Learn to Drive! 🚨 - RR&BD Driving School_seg1208.wav,False,5.0,0.35879257321357727,0.10741198062896729,586.2896892473228,1106.5673828125,1.4135150195215829e-05,0.02479157624421296,-0.30994677543640137,0.9560540318489075,3.340340352251882
/home/andres/Documentos/proyecto4geeks/data/raw/youtube/car_crash/🚨 The Most Horrific Car Crashes Ever Recorded! Learn to Drive! 🚨 - RR&BD Driving School_seg1161.wav,True,5.0,0.8716795444488525,0.09808634966611862,836.7773083285291,1769.90966796875,5.76580896449741e-05,0.016370985243055556,4.5495758056640625,0.9826143383979797,8.88685884842409
/home/andres/Documentos/proyecto4geeks/data/raw/youtube/car_crash/🚨 The Most Horrific Car Crashes Ever Recorded! Learn to Drive! 🚨 - RR&BD Driving School_seg1627.wav,True,5.0,0.7779179811477661,0.1343304067850113,1416.7023028440997,3302.2562662760415,8.006585267139599e-05,0.05849880642361111,2.0942955017089844,1.0681953430175781,5.7910788760358
/home/andres/Documentos/proyecto4geeks/data/raw/youtube/car_crash/BEST OF CAR CRASHES 2024 (so far) - Dashcam Lessons_seg296.wav,True,5.0,0.9488154053688049,0.13084012269973755,1254.7152750090763,2453.638712565104,0.00011085955338785425,0.07486979166666667,3.4293084144592285,0.4070691168308258,7.25171595519649
/home/andres/Documentos/proyecto4geeks/data/raw/youtube/car_crash/🚨 The Most Horrific Car Crashes Ever Recorded! Learn to Drive! 🚨 - RR&BD Driving School_seg1924.wav,False,5.0,0.2835794985294342,0.06537710130214691,864.7879803561892,1689.5589192708333,5.8955978602170944e-05,0.035712348090277776,0.45067858695983887,0.8948440551757812,4.337596694819875
/home/andres/Documentos/proyecto4geeks/data/raw/youtube/car_crash/🚨 The Most Horrific Car Crashes Ever Recorded! Learn to Drive! 🚨 - RR&BD Driving School_seg2083.wav,True,5.0,0.7849949598312378,0.12948065996170044,542.2781543808146,1060.1114908854167,1.5323101251851767e-05,0.01794659649884259,10.036766052246094,0.7144126892089844,6.0626425603435425
/home/andres/Documentos/proyecto4geeks/data/raw/youtube/car_crash/🚨 The Most Horrific Car Crashes Ever Recorded! Learn to Drive! 🚨 - RR&BD Driving School_seg1189.wav,True,5.0,0.4461873173713684,0.0659366324543953,2178.847292041557,4338.3921305338545,0.0003582010685931891,0.11833812572337964,3.818706512451172,1.0637388229370117,6.766910907577884
/home/andres/Documentos/proyecto4geeks/data/raw/youtube/car_crash/🚨 The Most Horrific Car Crashes Ever Recorded! Learn to Drive! 🚨 - RR&BD Driving School_seg224.wav,False,5.0,0.7848718762397766,0.24454332888126373,166.0500334117715,210.04842122395834,1.0560410373727791e-05,0.004215946903935185,0.3762083053588867,0.8361352682113647,3.2095411468683164
/home/andres/Documentos/proyecto4geeks/data/raw/youtube/car_crash/🚨 The Most Horrific Car Crashes Ever Recorded! Learn to Drive! 🚨 - RR&BD Driving School_seg1833.wav,True,5.0,0.9046991467475891,0.11731532961130142,1351.8867244791077,2634.0789794921875,7.378245936706662e-05,0.07905635127314815,6.188678741455078,0.5773019194602966,7.71168737911234
/home/andres/Documentos/proyecto4geeks/data/raw/youtube/car_crash/🚨 The Most Horrific Car Crashes Ever Recorded! Learn to Drive! 🚨 - RR&BD Driving School_seg470.wav,True,5.0,0.9258908033370972,0.11667315661907196,394.17599725205844,499.0519205729167,0.14832326769828796,0.013445818865740741,4.622547626495361,1.0841455459594727,7.935765433621693
/home/andres/Documentos/proyecto4geeks/data/raw/youtube/car_crash/🚨 The Most Horrific Car Crashes Ever Recorded! Learn to Drive! 🚨 - RR&BD Driving School_seg17.wav,True,5.0,0.6613467931747437,0.13508976995944977,1444.2695430538993,2525.1668294270835,1.0631811164785177e-05,0.12479654947916667,2.007518768310547,0.7779760360717773,4.895609736905808
/home/andres/Documentos/proyecto4geeks/data/raw/youtube/car_crash/🚨 The Most Horrific Car Crashes Ever Recorded! Learn to Drive! 🚨 - RR&BD Driving School_seg1561.wav,True,5.0,0.7635728120803833,0.07585959136486053,1073.8545707451105,2132.933553059896,7.339819421758875e-05,0.04256863064236111,3.979909896850586,0.33216068148612976,10.065606712772482
/home/andres/Documentos/proyecto4geeks/data/raw/youtube/car_crash/BEST OF CAR CRASHES 2024 (so far) - Dashcam Lessons_seg741.wav,True,5.0,0.702007532119751,0.10441265255212784,998.8829649522032,1863.9678955078125,0.00028844899497926235,0.043398256655092594,16.88933563232422,0.44357600808143616,6.723395249082016
/home/andres/Documentos/proyecto4geeks/data/raw/youtube/car_crash/🚨 The Most Horrific Car Crashes Ever Recorded! Learn to Drive! 🚨 - RR&BD Driving School_seg526.wav,True,5.0,0.23101089894771576,0.05857299640774727,488.5186237377161,883.9579264322916,0.08401431888341904,0.01213695384837963,0.40923237800598145,0.1331469565629959,3.943982946264581
/home/andres/Documentos/proyecto4geeks/data/raw/youtube/car_crash/🚨 The Most Horrific Car Crashes Ever Recorded! Learn to Drive! 🚨 - RR&BD Driving School_seg1988.wav,True,5.0,0.2111991047859192,0.055491019040346146,718.1292766293719,1541.5181477864583,3.287443905719556e-05,0.016992639612268517,-0.09227347373962402,1.1603204011917114,3.806005159655755
/home/andres/Documentos/proyecto4geeks/data/raw/youtube/car_crash/🚨 The Most Horrific Car Crashes Ever Recorded! Learn to Drive! 🚨 - RR&BD Driving School_seg261.wav,True,5.0,0.2237740159034729,0.07557827234268188,1015.3271082464314,1945.9635416666667,0.00013462957576848567,0.05984157986111111,1.2181549072265625,2.7256975173950195,2.9608247048290686
/home/andres/Documentos/proyecto4geeks/data/raw/youtube/car_crash/🚨 The Most Horrific Car Crashes Ever Recorded! Learn to Drive! 🚨 - RR&BD Driving School_seg439.wav,True,5.0,0.9895397424697876,0.13981886208057404,1067.1039586635934,2049.2431640625,3.694822225952521e-05,0.05842646846064815,0.9987602233886719,1.3261512517929077,7.077297924885584
/home/andres/Documentos/proyecto4geeks/data/raw/youtube/car_crash/BEST OF CAR CRASHES 2024 (so far) - Dashcam Lessons_seg195.wav,True,5.0,0.9598821401596069,0.11581150442361832,1260.1483725128744,2441.4764404296875,0.05132073909044266,0.06199815538194445,6.684802055358887,1.5463775396347046,8.288314230339646
/home/andres/Documentos/proyecto4geeks/data/raw/youtube/car_crash/BEST OF CAR CRASHES 2024 (so far) - Dashcam Lessons_seg346.wav,True,5.0,0.7583490610122681,0.07648269087076187,1763.3496596264206,3634.7747802734375,0.16566260159015656,0.08396176938657407,8.06302547454834,0.8854662775993347,9.915303088430662
/home/andres/Documentos/proyecto4geeks/data/raw/youtube/car_crash/🚨 The Most Horrific Car Crashes Ever Recorded! Learn to Drive! 🚨 - RR&BD Driving School_seg82.wav,True,5.0,0.9461187124252319,0.11080162972211838,997.596076961271,1729.7342936197917,0.03770535811781883,0.06156186704282408,5.30532169342041,0.6623807549476624,8.538851953617316
/home/andres/Documentos/proyecto4geeks/data/raw/youtube/car_crash/BEST OF CAR CRASHES 2024 (so far) - Dashcam Lessons_seg751.wav,True,5.0,0.5735313892364502,0.1801200658082962,1381.9063521709302,2607.611083984375,0.047633249312639236,0.059445981626157406,1.5524353981018066,2.224546432495117,3.184161557234172
/home/andres/Documentos/proyecto4geeks/data/raw/youtube/car_crash/🚨 The Most Horrific Car Crashes Ever Recorded! Learn to Drive! 🚨 - RR&BD Driving School_seg1391.wav,True,5.0,0.4831938147544861,0.1194162592291832,1353.08860880925,2638.963826497396,8.529986371286213e-05,0.06974735966435185,0.1858234405517578,1.2896088361740112,4.046298367319446
/home/andres/Documentos/proyecto4geeks/data/raw/youtube/car_crash/🚨 The Most Horrific Car Crashes Ever Recorded! Learn to Drive! 🚨 - RR&BD Driving School_seg1516.wav,True,5.0,1.1357080936431885,0.16093304753303528,1077.2019619568737,2139.4632975260415,0.05090789496898651,0.04618778935185185,15.365325927734375,0.31801068782806396,7.057022227849135
/home/andres/Documentos/proyecto4geeks/data/raw/youtube/car_crash/BEST OF CAR CRASHES 2024 (so far) - Dashcam Lessons_seg139.wav,True,5.0,0.5884263515472412,0.07503290474414825,720.0567413717465,1432.4066162109375,2.441949982312508e-05,0.02630389178240741,4.239288806915283,0.6360430121421814,7.84224406006739
/home/andres/Documentos/proyecto4geeks/data/raw/youtube/car_crash/🚨 The Most Horrific Car Crashes Ever Recorded! Learn to Drive! 🚨 - RR&BD Driving School_seg298.wav,True,5.0,0.6052045226097107,0.14716923236846924,2400.3062433136597,4497.0998128255205,0.0006606469978578389,0.1891140407986111,1.1265082359313965,1.0023047924041748,4.11230331819861
/home/andres/Documentos/proyecto4geeks/data/raw/youtube/car_crash/BEST OF CAR CRASHES 2024 (so far) - Dashcam Lessons_seg729.wav,True,5.0,0.6710454821586609,0.16814926266670227,676.3822018245511,1242.5455729166667,0.13510340452194214,0.03568748191550926,2.466512680053711,0.31394830346107483,3.9907726713306233
/home/andres/Documentos/proyecto4geeks/data/raw/youtube/car_crash/🚨 The Most Horrific Car Crashes Ever Recorded! Learn to Drive! 🚨 - RR&BD Driving School_seg1392.wav,True,5.0,0.48759979009628296,0.11401376128196716,1091.5008246829768,1950.6988525390625,0.00010949263378279284,0.05165382667824074,0.6542081832885742,0.9942493438720703,4.276674890903076
/home/andres/Documentos/proyecto4geeks/data/raw/youtube/car_crash/BEST OF CAR CRASHES 2024 (so far) - Dashcam Lessons_seg710.wav,True,5.0,0.3325914740562439,0.08382252603769302,928.3166527413309,2055.3741455078125,0.00016028642130549997,0.031932689525462965,-0.44126272201538086,0.8632884621620178,3.9678054309973607
/home/andres/Documentos/proyecto4geeks/data/raw/youtube/car_crash/BEST OF CAR CRASHES 2024 (so far) - Dashcam Lessons_seg316.wav,True,5.0,1.0239102840423584,0.1592034101486206,1822.0714786181613,3393.0745442708335,0.0007509625284001231,0.11057083695023148,10.281752586364746,0.0063748727552592754,6.4314594962512395
/home/andres/Documentos/proyecto4geeks/data/raw/youtube/car_crash/🚨 The Most Horrific Car Crashes Ever Recorded! Learn to Drive! 🚨 - RR&BD Driving School_seg1612.wav,True,5.0,0.6777859330177307,0.09741140156984329,1975.6910780152011,4409.322102864583,0.0002616491401568055,0.11002604166666667,2.1927547454833984,0.8292471766471863,6.957973318193199
/home/andres/Documentos/proyecto4geeks/data/raw/youtube/car_crash/🚨 The Most Horrific Car Crashes Ever Recorded! Learn to Drive! 🚨 - RR&BD Driving School_seg1800.wav,False,5.0,0.7336504459381104,0.1383269727230072,805.1635526972718,1464.0584309895833,4.48550381406676e-05,0.026728877314814815,0.3944416046142578,1.023284673690796,5.303741067202451
/home/andres/Documentos/proyecto4geeks/data/raw/youtube/car_crash/🚨 The Most Horrific Car Crashes Ever Recorded! Learn to Drive! 🚨 - RR&BD Driving School_seg917.wav,True,5.0,0.31795769929885864,0.06303271651268005,840.5264496002549,1520.0347900390625,3.765086512430571e-05,0.061625162760416664,1.5495281219482422,1.5832338333129883,5.044328039231054
/home/andres/Documentos/proyecto4geeks/data/raw/youtube/car_crash/BEST OF CAR CRASHES 2024 (so far) - Dashcam Lessons_seg761.wav,True,5.0,0.6633169651031494,0.18772423267364502,1185.6171738405785,2895.069376627604,2.9692173484363593e-05,0.02669044777199074,0.12621712684631348,1.9251298904418945,3.5334647831682964
/home/andres/Documentos/proyecto4geeks/data/raw/youtube/car_crash/🚨 The Most Horrific Car Crashes Ever Recorded! Learn to Drive! 🚨 - RR&BD Driving School_seg15.wav,True,5.0,1.0061744451522827,0.10301430523395538,668.2129681870952,1253.4617106119792,1.926420554809738e-05,0.024490921585648147,11.573922157287598,0.36228880286216736,9.767327390670612
/home/andres/Documentos/proyecto4geeks/data/raw/youtube/car_crash/🚨 The Most Horrific Car Crashes Ever Recorded! Learn to Drive! 🚨 - RR&BD Driving School_seg1989.wav,False,5.0,0.14962635934352875,0.04903719574213028,496.0896965644575,906.8868001302084,3.262362224631943e-05,0.006770381221064815,-0.4919297695159912,0.9465920329093933,3.0512829511563213
/home/andres/Documentos/proyecto4geeks/data/raw/youtube/car_crash/🚨 The Most Horrific Car Crashes Ever Recorded! Learn to Drive! 🚨 - RR&BD Driving School_seg1863.wav,True,5.0,0.924912691116333,0.17442813515663147,2078.5571793347763,3756.94580078125,0.0007417864399030805,0.1468799732349537,4.659023761749268,0.4881466329097748,5.302543023122304
/home/andres/Documentos/proyecto4geeks/data/raw/youtube/car_crash/🚨 The Most Horrific Car Crashes Ever Recorded! Learn to Drive! 🚨 - RR&BD Driving School_seg949.wav,True,5.0,0.3220182955265045,0.07417915761470795,797.1551562661681,1534.24072265625,2.409947046544403e-05,0.03129521122685185,2.24758243560791,0.4661506414413452,4.341088600584417
/home/andres/Documentos/proyecto4geeks/data/raw/youtube/car_crash/🚨 The Most Horrific Car Crashes Ever Recorded! Learn to Drive! 🚨 - RR&BD Driving School_seg227.wav,True,5.0,0.8212898969650269,0.08673982322216034,584.9145325962112,1113.3961995442708,0.5453848242759705,0.032857259114583336,10.178323745727539,2.16463377000764e-07,9.468429453124996
/home/andres/Documentos/proyecto4geeks/data/raw/youtube/car_crash/🚨 The Most Horrific Car Crashes Ever Recorded! Learn to Drive! 🚨 - RR&BD Driving School_seg2020.wav,True,5.0,0.9713760614395142,0.12612101435661316,1640.8486589203574,3483.4940592447915,0.0003875425027217716,0.08880389178240741,4.838046073913574,0.4709140956401825,7.701936639085381
/home/andres/Documentos/proyecto4geeks/data/raw/youtube/car_crash/🚨 The Most Horrific Car Crashes Ever Recorded! Learn to Drive! 🚨 - RR&BD Driving School_seg916.wav,False,5.0,0.34277379512786865,0.10472847521305084,371.3091370545689,697.8851318359375,3.1723589927423745e-05,0.006578233506944444,-1.0774096250534058,1.002244472503662,3.2729760881869554
/home/andres/Documentos/proyecto4geeks/data/raw/youtube/car_crash/🚨 The Most Horrific Car Crashes Ever Recorded! Learn to Drive! 🚨 - RR&BD Driving School_seg648.wav,True,5.0,0.9081389307975769,0.10923069715499878,663.815372588542,1076.5106201171875,0.08353838324546814,0.033772786458333336,7.73844051361084,2.6480343341827393,8.313953443880434
/home/andres/Documentos/proyecto4geeks/data/raw/youtube/car_crash/🚨 The Most Horrific Car Crashes Ever Recorded! Learn to Drive! 🚨 - RR&BD Driving School_seg1985.wav,True,5.0,0.33126407861709595,0.052982110530138016,1650.1188667559768,4086.1246744791665,9.773239435162395e-05,0.06048583984375,1.9159932136535645,1.1718045473098755,6.252376043464886
/home/andres/Documentos/proyecto4geeks/data/raw/youtube/car_crash/BEST OF CAR CRASHES 2024 (so far) - Dashcam Lessons_seg422.wav,True,5.0,0.9667273759841919,0.11058229953050613,924.8458447300734,1797.0753987630208,9.287208376917988e-05,0.035135904947916664,13.963933944702148,3.4402573108673096,8.742152949249897
/home/andres/Documentos/proyecto4geeks/data/raw/youtube/car_crash/🚨 The Most Horrific Car Crashes Ever Recorded! Learn to Drive! 🚨 - RR&BD Driving School_seg1302.wav,False,5.0,0.28604209423065186,0.06954343616962433,817.4466919998164,1357.18994140625,2.8080272386432625e-05,0.05203586154513889,-0.03052687644958496,1.1037107706069946,4.1131429503835495
/home/andres/Documentos/proyecto4geeks/data/raw/youtube/car_crash/🚨 The Most Horrific Car Crashes Ever Recorded! Learn to Drive! 🚨 - RR&BD Driving School_seg1810.wav,False,5.0,1.0109517574310303,0.2959517240524292,752.4852977428991,1558.6649576822917,1.6058434994192794e-05,0.018018934461805556,0.2967362403869629,0.9604329466819763,3.415934678753619
/home/andres/Documentos/proyecto4geeks/data/raw/youtube/car_crash/🚨 The Most Horrific Car Crashes Ever Recorded! Learn to Drive! 🚨 - RR&BD Driving School_seg202.wav,True,5.0,0.7504469156265259,0.12022803723812103,733.0314298550059,1279.0323893229167,2.2133761376608163e-05,0.04550962094907408,3.339916229248047,0.762618362903595,6.241862820516359
/home/andres/Documentos/proyecto4geeks/data/raw/youtube/car_crash/🚨 The Most Horrific Car Crashes Ever Recorded! Learn to Drive! 🚨 - RR&BD Driving School_seg1651.wav,True,5.0,0.2916691303253174,0.07292000949382782,1278.90906613089,2750.1688639322915,8.98685393622145e-05,0.051393862123842594,0.7791755199432373,0.5086619257926941,3.9998504161742505
/home/andres/Documentos/proyecto4geeks/data/raw/youtube/car_crash/🚨 The Most Horrific Car Crashes Ever Recorded! Learn to Drive! 🚨 - RR&BD Driving School_seg2033.wav,True,5.0,0.6086938381195068,0.11698346585035324,251.00710953213698,475.6744384765625,0.6444671154022217,0.008587872540509259,3.927252769470215,1.5393932528695586e-07,5.203246746792
/home/andres/Documentos/proyecto4geeks/data/raw/youtube/car_crash/🚨 The Most Horrific Car Crashes Ever Recorded! Learn to Drive! 🚨 - RR&BD Driving School_seg1610.wav,True,5.0,0.6078661680221558,0.08809680491685867,1192.0561249454431,2534.637451171875,0.0001228878099936992,0.051961263020833336,2.097017288208008,0.8578273057937622,6.899979727856524
/home/andres/Documentos/proyecto4geeks/data/raw/youtube/car_crash/INSANE CAR CRASHES COMPILATION   Best of USA & Canada Accidents - part 43 - Dashcam Lessons_seg154.wav,False,5.0,0.30809658765792847,0.1276724487543106,411.7002546232835,676.8503824869791,2.5773986635613255e-05,0.015961823640046297,-0.6798865795135498,0.7639368772506714,2.4131799042125994
/home/andres/Documentos/proyecto4geeks/data/raw/youtube/car_crash/🚨 The Most Horrific Car Crashes Ever Recorded! Learn to Drive! 🚨 - RR&BD Driving School_seg2080.wav,True,5.0,0.6038092374801636,0.14373473823070526,1092.9212646262195,2166.778564453125,0.0001024602897814475,0.04970070167824074,0.8776562213897705,0.4459806978702545,4.2008580869768775
/home/andres/Documentos/proyecto4geeks/data/raw/youtube/car_crash/BEST OF CAR CRASHES 2024 (so far) - Dashcam Lessons_seg707.wav,True,5.0,0.8862226605415344,0.22356268763542175,881.6116003757155,1826.13525390625,0.09980498254299164,0.025944462528935185,3.6238269805908203,1.2794502973556519,3.9640902062458268
/home/andres/Documentos/proyecto4geeks/data/raw/youtube/car_crash/🚨 The Most Horrific Car Crashes Ever Recorded! Learn to Drive! 🚨 - RR&BD Driving School_seg1300.wav,False,5.0,0.24606060981750488,0.061983898282051086,641.4302985201758,1175.4038492838542,1.4997654034232255e-05,0.031039767795138888,0.24245190620422363,0.9801142811775208,3.969750477678295
/home/andres/Documentos/proyecto4geeks/data/raw/youtube/car_crash/🚨 The Most Horrific Car Crashes Ever Recorded! Learn to Drive! 🚨 - RR&BD Driving School_seg1440.wav,True,5.0,0.6136772036552429,0.1161690503358841,1678.3615124562104,3249.370320638021,0.00014763652870897204,0.09293393735532407,1.8378305435180664,1.5405123233795166,5.282622194772286
/home/andres/Documentos/proyecto4geeks/data/raw/youtube/car_crash/🚨 The Most Horrific Car Crashes Ever Recorded! Learn to Drive! 🚨 - RR&BD Driving School_seg1759.wav,True,5.0,0.8923553228378296,0.0942605659365654,1264.227635119588,2604.7200520833335,7.090286817401648e-05,0.05815294053819445,1.8604183197021484,1.04920494556427,9.466899694076648
/home/andres/Documentos/proyecto4geeks/data/raw/youtube/car_crash/🚨 The Most Horrific Car Crashes Ever Recorded! Learn to Drive! 🚨 - RR&BD Driving School_seg1801.wav,True,5.0,0.6230405569076538,0.11724948137998581,1040.4069094770095,2044.6573893229167,0.00019633090414572507,0.04762324580439815,1.5931997299194336,1.4442096948623657,5.313802240908601
/home/andres/Documentos/proyecto4geeks/data/raw/youtube/car_crash/BEST OF CAR CRASHES 2024 (so far) - Dashcam Lessons_seg193.wav,False,5.0,0.3134092688560486,0.07427453249692917,737.2650328405124,1502.838134765625,1.2112362128391396e-05,0.029875578703703703,0.5653519630432129,0.6104763150215149,4.219606079173729
/home/andres/Documentos/proyecto4geeks/data/raw/youtube/car_crash/BEST OF CAR CRASHES 2024 (so far) - Dashcam Lessons_seg712.wav,True,5.0,0.5957936644554138,0.09475194662809372,1165.4268183896606,2509.9639892578125,3.369397745700553e-05,0.04786060474537037,-0.44283509254455566,1.3672294616699219,6.287930598277276
/home/andres/Documentos/proyecto4geeks/data/raw/youtube/car_crash/🚨 The Most Horrific Car Crashes Ever Recorded! Learn to Drive! 🚨 - RR&BD Driving School_seg1540.wav,True,5.0,0.4963935613632202,0.08105919510126114,1557.6015304437472,2586.028035481771,0.15809647738933563,0.0960376880787037,2.0049538612365723,1.5706395117831562e-07,6.123840247081029
/home/andres/Documentos/proyecto4geeks/data/raw/youtube/car_crash/🚨 The Most Horrific Car Crashes Ever Recorded! Learn to Drive! 🚨 - RR&BD Driving School_seg987.wav,True,5.0,0.9307659864425659,0.1344618946313858,374.9974068707829,744.1416422526041,2.3774775854690233e-06,0.015177408854166666,15.22714614868164,0.4187290072441101,6.922154332179002
/home/andres/Documentos/proyecto4geeks/data/raw/youtube/car_crash/🚨 The Most Horrific Car Crashes Ever Recorded! Learn to Drive! 🚨 - RR&BD Driving School_seg283.wav,True,5.0,0.5156068205833435,0.08718419820070267,724.0683873567367,1448.0082194010417,1.6505393432453275e-05,0.04269974320023148,2.4478816986083984,0.9641338586807251,5.913993948656557
/home/andres/Documentos/proyecto4geeks/data/raw/youtube/car_crash/🚨 The Most Horrific Car Crashes Ever Recorded! Learn to Drive! 🚨 - RR&BD Driving School_seg1925.wav,False,5.0,0.2974543571472168,0.08617540448904037,769.2054273112999,1328.5288492838542,4.034867015434429e-05,0.031184443721064815,0.318831205368042,0.7040295004844666,3.4517314877424767
/home/andres/Documentos/proyecto4geeks/data/raw/youtube/car_crash/🚨 The Most Horrific Car Crashes Ever Recorded! Learn to Drive! 🚨 - RR&BD Driving School_seg1433.wav,True,5.0,0.6238361597061157,0.08471914380788803,1250.1927165796706,2233.0230712890625,9.42534752539359e-05,0.07969382957175926,5.457737922668457,0.6251806020736694,7.363579607383473
/home/andres/Documentos/proyecto4geeks/data/raw/youtube/car_crash/BEST OF CAR CRASHES 2024 (so far) - Dashcam Lessons_seg377.wav,True,5.0,0.5719118118286133,0.0850815698504448,781.8641675821617,1254.2592366536458,4.944819011143409e-05,0.037037037037037035,4.976487159729004,2.092545747756958,6.721923594348223
/home/andres/Documentos/proyecto4geeks/data/raw/youtube/car_crash/🚨 The Most Horrific Car Crashes Ever Recorded! Learn to Drive! 🚨 - RR&BD Driving School_seg1227.wav,True,5.0,0.2862480878829956,0.06778410077095032,1050.7147440652695,2135.076904296875,0.00012063056783517823,0.05179398148148148,1.7605900764465332,1.544875979423523,4.222938485914792
/home/andres/Documentos/proyecto4geeks/data/raw/youtube/car_crash/BEST OF CAR CRASHES 2024 (so far) - Dashcam Lessons_seg713.wav,True,5.0,0.3538898527622223,0.0691656544804573,1084.98509662387,2410.0240071614585,2.012076583923772e-05,0.05442527488425926,0.24025726318359375,0.7757163643836975,5.1165546746484845
/home/andres/Documentos/proyecto4geeks/data/raw/youtube/car_crash/🚨 The Most Horrific Car Crashes Ever Recorded! Learn to Drive! 🚨 - RR&BD Driving School_seg1280.wav,False,5.0,0.35528457164764404,0.0932772308588028,743.23524716856,1504.2836507161458,2.9275499400682747e-05,0.022913049768518517,-0.1768195629119873,1.0279265642166138,3.8089099383926026
/home/andres/Documentos/proyecto4geeks/data/raw/youtube/car_crash/🚨 The Most Horrific Car Crashes Ever Recorded! Learn to Drive! 🚨 - RR&BD Driving School_seg1952.wav,True,5.0,0.4881495535373688,0.12215480953454971,1177.9888260393702,2466.5985107421875,6.953846605028957e-05,0.046759711371527776,1.2745742797851562,0.8608999848365784,3.9961550052215227
/home/andres/Documentos/proyecto4geeks/data/raw/youtube/car_crash/BEST OF CAR CRASHES 2024 (so far) - Dashcam Lessons_seg180.wav,True,5.0,0.723180890083313,0.19293934106826782,890.2778664037158,1642.5048828125,1.5103833902685437e-05,0.04792616102430555,2.0686755180358887,0.4689010679721832,3.748229293597936
/home/andres/Documentos/proyecto4geeks/data/raw/youtube/car_crash/🚨 The Most Horrific Car Crashes Ever Recorded! Learn to Drive! 🚨 - RR&BD Driving School_seg321.wav,True,5.0,0.19222965836524963,0.05266566574573517,1014.9484444080416,2099.0885416666665,5.919587056268938e-05,0.03369140625,0.023227930068969727,0.45219549536705017,3.6499995896694095
/home/andres/Documentos/proyecto4geeks/data/raw/youtube/car_crash/BEST OF CAR CRASHES 2024 (so far) - Dashcam Lessons_seg277.wav,True,5.0,0.37823325395584106,0.061170727014541626,940.9768408508309,2113.9424641927085,5.32529411430005e-05,0.047544126157407406,0.6600713729858398,0.7895258665084839,6.183239474328031
/home/andres/Documentos/proyecto4geeks/data/raw/youtube/car_crash/🚨 The Most Horrific Car Crashes Ever Recorded! Learn to Drive! 🚨 - RR&BD Driving School_seg1584.wav,True,5.0,0.3199078142642975,0.09971477836370468,364.0642772110456,538.6789957682291,6.9546808845188934e-06,0.017799660011574073,-0.24704313278198242,1.4605863094329834,3.208228705019445
/home/andres/Documentos/proyecto4geeks/data/raw/youtube/car_crash/🚨 The Most Horrific Car Crashes Ever Recorded! Learn to Drive! 🚨 - RR&BD Driving School_seg911.wav,True,5.0,0.5883514881134033,0.05517388880252838,1599.3464802885837,3415.106201171875,0.00011117899703094736,0.06694652416087964,1.5882635116577148,1.0296207666397095,10.6635856357433
/home/andres/Documentos/proyecto4geeks/data/raw/youtube/car_crash/BEST OF CAR CRASHES 2024 (so far) - Dashcam Lessons_seg539.wav,True,5.0,0.38121965527534485,0.16347944736480713,1428.2839127287125,2447.4578857421875,0.032393209636211395,0.10111942997685185,-0.672377347946167,0.34241509437561035,2.331911817773123
/home/andres/Documentos/proyecto4geeks/data/raw/youtube/car_crash/🚨 The Most Horrific Car Crashes Ever Recorded! Learn to Drive! 🚨 - RR&BD Driving School_seg759.wav,True,5.0,0.5863004922866821,0.10002810508012772,1252.378214728374,2183.526611328125,0.00022262877610046417,0.08350965711805555,3.7916107177734375,0.16694241762161255,5.861357583562775
/home/andres/Documentos/proyecto4geeks/data/raw/youtube/car_crash/BEST OF CAR CRASHES 2024 (so far) - Dashcam Lessons_seg191.wav,True,5.0,0.6880415678024292,0.07900609821081161,1626.6109550173549,3302.8544108072915,0.00022360103321261704,0.1141651294849537,13.781740188598633,2.255275249481201,8.708714686274245
/home/andres/Documentos/proyecto4geeks/data/raw/youtube/car_crash/hgfhons_seg191.wav,False,5.0,0.5122969150543213,0.1404000222682953,726.6691500834468,1092.6106770833333,5.2754887292394415e-05,0.04498291015625,0.6589877605438232,0.9143043756484985,3.64883784755893
/home/andres/Documentos/proyecto4geeks/data/raw/youtube/car_crash/🚨 The Most Horrific Car Crashes Ever Recorded! Learn to Drive! 🚨 - RR&BD Driving School_seg131.wav,True,5.0,0.4723109006881714,0.06712613254785538,834.591897992077,1684.5743815104167,0.0001268461928702891,0.04389784071180555,5.962305068969727,1.084652066230774,7.036170307360052
/home/andres/Documentos/proyecto4geeks/data/raw/youtube/car_crash/🚨 The Most Horrific Car Crashes Ever Recorded! Learn to Drive! 🚨 - RR&BD Driving School_seg1207.wav,False,5.0,0.3615127503871918,0.10094547271728516,677.5395653599755,1216.9748942057292,6.937522266525775e-05,0.03008807146990741,-0.030957698822021484,0.8251296281814575,3.581267595784984
/home/andres/Documentos/proyecto4geeks/data/raw/youtube/car_crash/🚨 The Most Horrific Car Crashes Ever Recorded! Learn to Drive! 🚨 - RR&BD Driving School_seg1301.wav,False,5.0,0.2944517135620117,0.07865583151578903,767.1744697034303,1412.7176920572917,2.5749301130417734e-05,0.033049406828703706,0.3478124141693115,0.9833860993385315,3.7435458742707612
/home/andres/Documentos/proyecto4geeks/data/raw/youtube/car_crash/🚨 The Most Horrific Car Crashes Ever Recorded! Learn to Drive! 🚨 - RR&BD Driving School_seg1017.wav,True,5.0,0.8689025044441223,0.10329703986644745,474.60861638358995,828.2307942708334,4.926335168420337e-05,0.023044162326388888,5.187093734741211,0.5364903211593628,8.411688326781803
/home/andres/Documentos/proyecto4geeks/data/raw/youtube/car_crash/🚨 The Most Horrific Car Crashes Ever Recorded! Learn to Drive! 🚨 - RR&BD Driving School_seg269.wav,True,5.0,0.5480925440788269,0.07938645780086517,805.7004217331104,1448.6562093098958,5.159935972187668e-05,0.04774305555555555,2.5762224197387695,0.6051045656204224,6.904106307989843
/home/andres/Documentos/proyecto4geeks/data/raw/youtube/car_crash/hgfhons_seg189.wav,False,5.0,0.4970515966415405,0.14384934306144714,453.4494719242726,784.7157796223959,4.555515988613479e-05,0.026401095920138888,0.2038719654083252,0.8683368563652039,3.455362298218929
/home/andres/Documentos/proyecto4geeks/data/raw/youtube/car_crash/BEST OF CAR CRASHES 2024 (so far) - Dashcam Lessons_seg364.wav,True,5.0,0.4859640598297119,0.22272001206874847,1146.6300244762085,2072.4711100260415,3.073624611715786e-05,0.05760814525462963,-0.7808520793914795,0.48217499256134033,2.181950581421144
/home/andres/Documentos/proyecto4geeks/data/raw/youtube/car_crash/BEST OF CAR CRASHES 2024 (so far) - Dashcam Lessons_seg20.wav,True,5.0,0.6186990737915039,0.22641663253307343,952.85799949755,1980.5562337239583,0.014731703326106071,0.03356029369212963,-0.012069225311279297,0.6986553072929382,2.7325690116798107
/home/andres/Documentos/proyecto4geeks/data/raw/youtube/car_crash/🚨 The Most Horrific Car Crashes Ever Recorded! Learn to Drive! 🚨 - RR&BD Driving School_seg1252.wav,True,5.0,0.65437251329422,0.0889602079987526,855.1099298426269,1662.6424153645833,7.59562972234562e-05,0.02697527850115741,3.2129554748535156,1.9129611253738403,7.355788930889638
/home/andres/Documentos/proyecto4geeks/data/raw/youtube/car_crash/🚨 The Most Horrific Car Crashes Ever Recorded! Learn to Drive! 🚨 - RR&BD Driving School_seg1306.wav,True,5.0,0.32212361693382263,0.058862101286649704,1263.174322851955,2302.3579915364585,0.00010085946996696293,0.08338306568287036,2.472134590148926,0.6129530072212219,5.472513041280261
/home/andres/Documentos/proyecto4geeks/data/raw/youtube/car_crash/🚨 The Most Horrific Car Crashes Ever Recorded! Learn to Drive! 🚨 - RR&BD Driving School_seg2107.wav,False,5.0,0.24516579508781433,0.09115354716777802,843.0349462250648,1693.3970133463542,0.0001724735484458506,0.03128842954282408,-0.2343132495880127,0.13998882472515106,2.689591384017897
/home/andres/Documentos/proyecto4geeks/data/raw/youtube/car_crash/BEST OF CAR CRASHES 2024 (so far) - Dashcam Lessons_seg141.wav,True,5.0,1.0081557035446167,0.33463427424430847,460.393465297316,786.260986328125,4.357406942290254e-05,0.010785138165509259,0.6486797332763672,1.672876238822937,3.0127090412907727
/home/andres/Documentos/proyecto4geeks/data/raw/youtube/car_crash/BEST OF CAR CRASHES 2024 (so far) - Dashcam Lessons_seg64.wav,True,5.0,0.9825053811073303,0.1305292248725891,1041.6859281173554,1962.3128255208333,5.639667870127596e-05,0.05086715133101852,5.220785140991211,1.0197803974151611,7.527091209335201
/home/andres/Documentos/proyecto4geeks/data/raw/youtube/car_crash/BEST OF CAR CRASHES 2024 (so far) - Dashcam Lessons_seg655.wav,False,5.0,1.0113463401794434,0.34896138310432434,264.29892335764555,481.0078938802083,0.4861118495464325,0.00838668258101852,1.718541145324707,4.345169202224497e-08,2.8981611981810507
/home/andres/Documentos/proyecto4geeks/data/raw/youtube/car_crash/🚨 The Most Horrific Car Crashes Ever Recorded! Learn to Drive! 🚨 - RR&BD Driving School_seg62.wav,True,5.0,0.6065425276756287,0.10214104503393173,242.56187440568903,396.9685872395833,0.5054563879966736,0.009815357349537037,3.5726890563964844,4.07337756769266e-05,5.93828394322962
/home/andres/Documentos/proyecto4geeks/data/raw/youtube/car_crash/🚨 The Most Horrific Car Crashes Ever Recorded! Learn to Drive! 🚨 - RR&BD Driving School_seg40.wav,True,5.0,1.0433688163757324,0.12451966106891632,442.61894458554184,805.9000651041666,1.666609023232013e-05,0.017096625434027776,9.345064163208008,0.8812946081161499,8.379149183436125
/home/andres/Documentos/proyecto4geeks/data/raw/youtube/car_crash/🚨 The Most Horrific Car Crashes Ever Recorded! Learn to Drive! 🚨 - RR&BD Driving School_seg1488.wav,True,5.0,0.536758303642273,0.07346458733081818,775.9809431199094,1426.7740885416667,0.00011053441994590685,0.03136302806712963,5.7063751220703125,1.519458293914795,7.306354301262073
/home/andres/Documentos/proyecto4geeks/data/raw/youtube/car_crash/🚨 The Most Horrific Car Crashes Ever Recorded! Learn to Drive! 🚨 - RR&BD Driving School_seg1860.wav,True,5.0,0.9357814788818359,0.15866588056087494,1817.830196235016,3490.0736490885415,0.00021428287436719984,0.1156322337962963,4.482555389404297,1.4532302618026733,5.897811650293077
/home/andres/Documentos/proyecto4geeks/data/raw/youtube/car_crash/🚨 The Most Horrific Car Crashes Ever Recorded! Learn to Drive! 🚨 - RR&BD Driving School_seg427.wav,True,5.0,1.000101923942566,0.06254793703556061,922.9663893343626,1975.1729329427083,8.924501162255183e-05,0.02935564959490741,49.993614196777344,0.7289442420005798,15.989367057109892
/home/andres/Documentos/proyecto4geeks/data/raw/youtube/car_crash/INSANE CAR CRASHES COMPILATION   Best of USA & Canada Accidents - part 43 - Dashcam Lessons_seg19.wav,False,5.0,0.38000747561454773,0.09716393798589706,711.7607101700501,1498.4018961588542,1.8172897398471832e-05,0.023839879918981483,-0.007727861404418945,1.0148570537567139,3.910992941288497
/home/andres/Documentos/proyecto4geeks/data/raw/youtube/car_crash/🚨 The Most Horrific Car Crashes Ever Recorded! Learn to Drive! 🚨 - RR&BD Driving School_seg1493.wav,True,5.0,1.0017198324203491,0.13224750757217407,800.2623506336286,1492.37060546875,0.00011640087177511305,0.04034875940393518,6.9930925369262695,2.3778433799743652,7.574583829990791
/home/andres/Documentos/proyecto4geeks/data/raw/youtube/car_crash/🚨 The Most Horrific Car Crashes Ever Recorded! Learn to Drive! 🚨 - RR&BD Driving School_seg1157.wav,True,5.0,0.4721221327781677,0.07177291065454483,1237.5928087263353,2763.178507486979,0.00011800201173173264,0.04369665075231482,1.0629148483276367,0.9103671908378601,6.577998975741606
/home/andres/Documentos/proyecto4geeks/data/raw/youtube/car_crash/🚨 The Most Horrific Car Crashes Ever Recorded! Learn to Drive! 🚨 - RR&BD Driving School_seg1131.wav,True,5.0,0.603790819644928,0.09273555129766464,642.3810641987985,1572.5718180338542,1.752964817569591e-05,0.014756944444444444,2.4033541679382324,0.6728622317314148,6.510888339902739
/home/andres/Documentos/proyecto4geeks/data/raw/youtube/car_crash/🚨 The Most Horrific Car Crashes Ever Recorded! Learn to Drive! 🚨 - RR&BD Driving School_seg1803.wav,True,5.0,0.5610225200653076,0.10312209278345108,1501.7361702221694,2758.891805013021,0.00015620676276739687,0.09235071252893519,2.1437149047851562,0.7606895565986633,5.440371746895923
/home/andres/Documentos/proyecto4geeks/data/raw/youtube/car_crash/🚨 The Most Horrific Car Crashes Ever Recorded! Learn to Drive! 🚨 - RR&BD Driving School_seg1028.wav,True,5.0,0.5612266063690186,0.10187333077192307,590.0119094811789,1210.3953043619792,0.16573487222194672,0.01900001808449074,1.8636431694030762,1.6335853338241577,5.509063089534195
/home/andres/Documentos/proyecto4geeks/data/raw/youtube/car_crash/BEST OF CAR CRASHES 2024 (so far) - Dashcam Lessons_seg18.wav,True,5.0,0.5480034351348877,0.07705114036798477,883.8021371866621,1494.9127197265625,7.654091314179823e-05,0.04958767361111111,5.658025741577148,1.0053778886795044,7.112204083036184
/home/andres/Documentos/proyecto4geeks/data/raw/youtube/car_crash/BEST OF CAR CRASHES 2024 (so far) - Dashcam Lessons_seg63.wav,True,5.0,0.794317364692688,0.14938391745090485,572.2468907295587,1149.4842529296875,2.5559029381838627e-05,0.022187409577546297,0.4539487361907959,1.2385936975479126,5.3172883550093255
/home/andres/Documentos/proyecto4geeks/data/raw/youtube/car_crash/🚨 The Most Horrific Car Crashes Ever Recorded! Learn to Drive! 🚨 - RR&BD Driving School_seg1374.wav,False,5.0,0.35737472772598267,0.06646741181612015,878.9108644546658,1491.9219970703125,2.6873669412452728e-05,0.039082845052083336,1.5116257667541504,0.9138476252555847,5.376690891910626
/home/andres/Documentos/proyecto4geeks/data/raw/youtube/car_crash/🚨 The Most Horrific Car Crashes Ever Recorded! Learn to Drive! 🚨 - RR&BD Driving School_seg10.wav,True,5.0,0.5381642580032349,0.09505142271518707,486.920061006206,955.4860432942709,2.4580997433076845e-06,0.014824761284722222,0.41352415084838867,1.200631856918335,5.661822228691234
/home/andres/Documentos/proyecto4geeks/data/raw/youtube/car_crash/hgfhons_seg177.wav,True,5.0,0.7271658778190613,0.07089406996965408,1176.2886433028632,3250.616455078125,5.256614531390369e-05,0.01806866681134259,23.837825775146484,1.3741227388381958,10.257076200027232
/home/andres/Documentos/proyecto4geeks/data/raw/youtube/car_crash/hgfhons_seg4.wav,True,5.0,0.5951665639877319,0.11835157126188278,1328.173447903071,2634.9263509114585,0.0001222883292939514,0.06578233506944445,1.5754714012145996,0.7135457992553711,5.028801541347909
/home/andres/Documentos/proyecto4geeks/data/raw/youtube/car_crash/BEST OF CAR CRASHES 2024 (so far) - Dashcam Lessons_seg320.wav,True,5.0,0.5509401559829712,0.09551297873258591,975.9063728938578,1937.7390543619792,0.06173739209771156,0.042023835358796294,3.901076316833496,3.1187782287597656,5.768222950304032
/home/andres/Documentos/proyecto4geeks/data/raw/youtube/car_crash/🚨 The Most Horrific Car Crashes Ever Recorded! Learn to Drive! 🚨 - RR&BD Driving School_seg1600.wav,True,5.0,0.3855701684951782,0.07846047729253769,1521.5009124019202,3136.669921875,0.00019067749963141978,0.07783338758680555,2.106231689453125,2.003934621810913,4.914196061447299
/home/andres/Documentos/proyecto4geeks/data/raw/youtube/car_crash/🚨 The Most Horrific Car Crashes Ever Recorded! Learn to Drive! 🚨 - RR&BD Driving School_seg1271.wav,True,5.0,0.46417438983917236,0.10371019691228867,714.5751155382895,1448.9552815755208,0.2769736647605896,0.027411566840277776,1.9266738891601562,1.299236487284361e-07,4.475687093982332
/home/andres/Documentos/proyecto4geeks/data/raw/youtube/car_crash/hgfhons_seg92.wav,True,5.0,0.6326229572296143,0.13682454824447632,1378.582749245317,2528.5064697265625,0.0074960398487746716,0.07706705729166667,6.069974899291992,0.00023541838163509965,4.623607132943923
/home/andres/Documentos/proyecto4geeks/data/raw/youtube/car_crash/🚨 The Most Horrific Car Crashes Ever Recorded! Learn to Drive! 🚨 - RR&BD Driving School_seg43.wav,True,5.0,0.9965927004814148,0.1178181916475296,705.8289658322457,1128.7984212239583,1.4141895917418879e-05,0.049858940972222224,7.756072998046875,1.6161819696426392,8.458733634737913
/home/andres/Documentos/proyecto4geeks/data/raw/youtube/car_crash/🚨 The Most Horrific Car Crashes Ever Recorded! Learn to Drive! 🚨 - RR&BD Driving School_seg258.wav,True,5.0,0.2511480152606964,0.10142218321561813,1058.272599820445,1920.64208984375,2.6231316951452754e-05,0.06267406322337964,-0.16335654258728027,1.8797962665557861,2.4762631536366446
/home/andres/Documentos/proyecto4geeks/data/raw/youtube/car_crash/BEST OF CAR CRASHES 2024 (so far) - Dashcam Lessons_seg90.wav,True,5.0,0.6936021447181702,0.0944058820605278,1043.3598271246963,1984.344482421875,4.351252209744416e-05,0.07193558304398148,6.793004989624023,0.2590900957584381,7.347022553807865
/home/andres/Documentos/proyecto4geeks/data/raw/youtube/car_crash/🚨 The Most Horrific Car Crashes Ever Recorded! Learn to Drive! 🚨 - RR&BD Driving School_seg871.wav,True,5.0,0.4985283613204956,0.060185857117176056,2060.7197762452374,3751.1138916015625,0.00020680880697909743,0.15058729383680555,3.4689321517944336,0.15982593595981598,8.28314798843233
/home/andres/Documentos/proyecto4geeks/data/raw/youtube/car_crash/BEST OF CAR CRASHES 2024 (so far) - Dashcam Lessons_seg548.wav,True,5.0,0.338104248046875,0.07618480920791626,1250.3561024082596,2382.6090494791665,0.019543111324310303,0.05861183449074074,2.0213146209716797,1.4961189031600952,4.43794834636542
/home/andres/Documentos/proyecto4geeks/data/raw/youtube/car_crash/🚨 The Most Horrific Car Crashes Ever Recorded! Learn to Drive! 🚨 - RR&BD Driving School_seg451.wav,True,5.0,0.7265973091125488,0.09920329600572586,2245.224577793113,4876.772054036458,0.0005258547607809305,0.1343700267650463,7.068885803222656,1.2098875045776367,7.324326291167648
/home/andres/Documentos/proyecto4geeks/data/raw/youtube/car_crash/🚨 The Most Horrific Car Crashes Ever Recorded! Learn to Drive! 🚨 - RR&BD Driving School_seg1168.wav,True,5.0,0.4131787419319153,0.05627297982573509,720.4700376872476,1449.8026529947917,2.1317737264325842e-05,0.010344328703703705,3.0514159202575684,0.8469768762588501,7.342400263929431
/home/andres/Documentos/proyecto4geeks/data/raw/youtube/car_crash/🚨 The Most Horrific Car Crashes Ever Recorded! Learn to Drive! 🚨 - RR&BD Driving School_seg1974.wav,True,5.0,1.0154922008514404,0.18321755528450012,1491.3853739538824,2497.502644856771,0.00012441269063856453,0.12374312789351852,4.880836009979248,0.6699449419975281,5.542548579851107
/home/andres/Documentos/proyecto4geeks/data/raw/youtube/car_crash/BEST OF CAR CRASHES 2024 (so far) - Dashcam Lessons_seg447.wav,True,5.0,0.8284540772438049,0.16168753802776337,650.0661218707442,1209.3485514322917,0.5785964727401733,0.03240062572337963,5.160160064697266,1.1575368574767708e-07,5.123796721404882
/home/andres/Documentos/proyecto4geeks/data/raw/youtube/car_crash/🚨 The Most Horrific Car Crashes Ever Recorded! Learn to Drive! 🚨 - RR&BD Driving School_seg2089.wav,True,5.0,0.9817094802856445,0.11543207615613937,1610.726947615003,3527.1087646484375,0.000284833979094401,0.08080602575231481,4.795109748840332,0.9473758339881897,8.504650639300891
/home/andres/Documentos/proyecto4geeks/data/raw/youtube/car_crash/hgfhons_seg172.wav,False,5.0,0.7930994033813477,0.28016623854637146,509.9528860021829,861.8764241536459,1.7064137864508666e-05,0.008124457465277778,-0.5350289344787598,0.780824601650238,2.8308171873009167
/home/andres/Documentos/proyecto4geeks/data/raw/youtube/car_crash/🚨 The Most Horrific Car Crashes Ever Recorded! Learn to Drive! 🚨 - RR&BD Driving School_seg926.wav,True,5.0,0.4307541847229004,0.07955200225114822,588.4039489634107,1268.7642415364583,0.4178802967071533,0.02582691333912037,3.483152389526367,1.883967968296929e-07,5.414749755230306
/home/andres/Documentos/proyecto4geeks/data/raw/youtube/car_crash/🚨 The Most Horrific Car Crashes Ever Recorded! Learn to Drive! 🚨 - RR&BD Driving School_seg1209.wav,True,5.0,0.4164386987686157,0.13446199893951416,764.9213772495374,1477.9652913411458,7.00891760061495e-05,0.023948386863425927,-0.48915624618530273,1.3694015741348267,3.0970735378762866
/home/andres/Documentos/proyecto4geeks/data/raw/youtube/car_crash/BEST OF CAR CRASHES 2024 (so far) - Dashcam Lessons_seg593.wav,False,5.0,0.8234714865684509,0.3891778886318207,519.804384545401,956.0343424479166,1.959968540177215e-05,0.014919704861111112,-0.7498703002929688,0.18269741535186768,2.1159256746607595
/home/andres/Documentos/proyecto4geeks/data/raw/youtube/car_crash/🚨 The Most Horrific Car Crashes Ever Recorded! Learn to Drive! 🚨 - RR&BD Driving School_seg133.wav,True,5.0,0.9193015694618225,0.10208410769701004,1735.9161566877335,3070.226033528646,0.000850953976623714,0.11796061197916667,10.108980178833008,0.7317565679550171,9.00533481843563
/home/andres/Documentos/proyecto4geeks/data/raw/youtube/car_crash/BEST OF CAR CRASHES 2024 (so far) - Dashcam Lessons_seg742.wav,True,5.0,0.7020770311355591,0.11330576241016388,1405.917607074945,2584.7320556640625,0.0001517831115052104,0.07569037543402778,8.865294456481934,5.145177364349365,6.196304726213857
/home/andres/Documentos/proyecto4geeks/data/raw/youtube/car_crash/🚨 The Most Horrific Car Crashes Ever Recorded! Learn to Drive! 🚨 - RR&BD Driving School_seg1998.wav,True,5.0,0.7684062123298645,0.0985720306634903,1002.4297782453106,1852.154541015625,3.9494985685450956e-05,0.054280598958333336,3.4238080978393555,2.399040460586548,7.795377726824857
/home/andres/Documentos/proyecto4geeks/data/raw/youtube/car_crash/🚨 The Most Horrific Car Crashes Ever Recorded! Learn to Drive! 🚨 - RR&BD Driving School_seg518.wav,True,5.0,0.2963576316833496,0.052674584090709686,1242.3452915095916,2694.1925048828125,6.530495738843456e-05,0.05506953486689815,1.3646464347839355,0.7699218392372131,5.626197848422928
/home/andres/Documentos/proyecto4geeks/data/raw/youtube/car_crash/BEST OF CAR CRASHES 2024 (so far) - Dashcam Lessons_seg354.wav,True,5.0,1.077004075050354,0.23485314846038818,1241.1837624147875,2399.8555501302085,8.984054875327274e-05,0.059929741753472224,3.0318007469177246,0.601478099822998,4.585861769817501
/home/andres/Documentos/proyecto4geeks/data/raw/youtube/car_crash/🚨 The Most Horrific Car Crashes Ever Recorded! Learn to Drive! 🚨 - RR&BD Driving School_seg1458.wav,True,5.0,0.6761714220046997,0.12573684751987457,1312.320417377872,2238.1571451822915,0.00013096851762384176,0.07512975622106481,0.6959860324859619,0.879699170589447,5.377671186582303
/home/andres/Documentos/proyecto4geeks/data/raw/youtube/car_crash/🚨 The Most Horrific Car Crashes Ever Recorded! Learn to Drive! 🚨 - RR&BD Driving School_seg1758.wav,False,5.0,0.397644966840744,0.09948346018791199,778.2069256173335,1329.3263753255208,3.136502709821798e-05,0.031403718171296294,0.04877758026123047,1.059918761253357,3.9970962618876
/home/andres/Documentos/proyecto4geeks/data/raw/youtube/car_crash/BEST OF CAR CRASHES 2024 (so far) - Dashcam Lessons_seg95.wav,True,5.0,0.7591413855552673,0.21956060826778412,1118.6874193424826,2018.438720703125,0.00010895497689489275,0.06823278356481481,2.7644691467285156,1.3295456171035767,3.4575481983814385
/home/andres/Documentos/proyecto4geeks/data/raw/youtube/car_crash/🚨 The Most Horrific Car Crashes Ever Recorded! Learn to Drive! 🚨 - RR&BD Driving School_seg1552.wav,True,5.0,1.007713794708252,0.14951446652412415,850.4776037444329,1424.9796549479167,0.3656325936317444,0.04541015625,10.537558555603027,0.7363495826721191,6.7399083053874085
/home/andres/Documentos/proyecto4geeks/data/raw/youtube/car_crash/BEST OF CAR CRASHES 2024 (so far) - Dashcam Lessons_seg224.wav,True,5.0,1.0067819356918335,0.20404641330242157,881.5047290252464,1747.9278564453125,4.778928087034728e-06,0.05582908347800926,4.917654037475586,1.6543902158737183,4.934082983339317
/home/andres/Documentos/proyecto4geeks/data/raw/youtube/car_crash/BEST OF CAR CRASHES 2024 (so far) - Dashcam Lessons_seg26.wav,True,5.0,0.33195286989212036,0.05186231806874275,1156.8517704427668,1983.0983479817708,6.876682164147496e-05,0.05955222800925926,0.6581399440765381,0.761925995349884,6.400656242278276
/home/andres/Documentos/proyecto4geeks/data/raw/youtube/car_crash/🚨 The Most Horrific Car Crashes Ever Recorded! Learn to Drive! 🚨 - RR&BD Driving School_seg155.wav,True,5.0,0.29064518213272095,0.07528252899646759,1362.0587604877892,2840.0899251302085,0.00014368265692610294,0.06766764322916667,-0.007144927978515625,1.030070185661316,3.8607255362329536
/home/andres/Documentos/proyecto4geeks/data/raw/youtube/car_crash/🚨 The Most Horrific Car Crashes Ever Recorded! Learn to Drive! 🚨 - RR&BD Driving School_seg1202.wav,False,5.0,0.3563261032104492,0.08410406857728958,593.155607973044,1156.1136881510417,2.7237598260398954e-05,0.026973017939814815,0.25997376441955566,1.0806385278701782,4.236728486907355
/home/andres/Documentos/proyecto4geeks/data/raw/youtube/car_crash/🚨 The Most Horrific Car Crashes Ever Recorded! Learn to Drive! 🚨 - RR&BD Driving School_seg1748.wav,True,5.0,1.0008177757263184,0.08159298449754715,493.3298260649984,908.880615234375,0.24589230120182037,0.021794071903935185,16.139575958251953,1.3153163194656372,12.265978280818235
/home/andres/Documentos/proyecto4geeks/data/raw/youtube/car_crash/BEST OF CAR CRASHES 2024 (so far) - Dashcam Lessons_seg297.wav,True,5.0,1.002941370010376,0.12549647688865662,1114.3253660993103,2265.9708658854165,7.098180503817275e-05,0.04571081090856482,12.912386894226074,0.9284329414367676,7.991789051514306
/home/andres/Documentos/proyecto4geeks/data/raw/youtube/car_crash/🚨 The Most Horrific Car Crashes Ever Recorded! Learn to Drive! 🚨 - RR&BD Driving School_seg2041.wav,False,5.0,0.21882161498069763,0.056804560124874115,741.4237738726769,1413.3158365885417,1.3778387256024871e-05,0.012706615306712963,-0.010764837265014648,1.038602352142334,3.852183953115866
/home/andres/Documentos/proyecto4geeks/data/raw/youtube/car_crash/🚨 The Most Horrific Car Crashes Ever Recorded! Learn to Drive! 🚨 - RR&BD Driving School_seg2035.wav,True,5.0,0.6916504502296448,0.1105949804186821,889.1209423122979,1711.1918131510417,0.019407592713832855,0.04093876591435185,7.081483840942383,0.21981358528137207,6.253904540739489
/home/andres/Documentos/proyecto4geeks/data/raw/youtube/car_crash/🚨 The Most Horrific Car Crashes Ever Recorded! Learn to Drive! 🚨 - RR&BD Driving School_seg425.wav,False,5.0,0.8294668197631836,0.1599079668521881,735.1124200939438,1408.8795979817708,3.752180055016652e-05,0.02690520109953704,0.16653037071228027,1.0822961330413818,5.187151310132778
/home/andres/Documentos/proyecto4geeks/data/raw/youtube/car_crash/🚨 The Most Horrific Car Crashes Ever Recorded! Learn to Drive! 🚨 - RR&BD Driving School_seg391.wav,True,5.0,0.300499826669693,0.06204472482204437,894.5971390805496,1724.0519205729167,4.153363988734782e-05,0.037477846498842594,0.6893446445465088,1.3873292207717896,4.843277611863671
/home/andres/Documentos/proyecto4geeks/data/raw/youtube/car_crash/BEST OF CAR CRASHES 2024 (so far) - Dashcam Lessons_seg736.wav,True,5.0,1.0060198307037354,0.15468992292881012,1157.304354049685,2136.821492513021,2.741169009823352e-05,0.08181197554976852,8.631489753723145,3.7142510414123535,6.5034606757171405
/home/andres/Documentos/proyecto4geeks/data/raw/youtube/car_crash/🚨 The Most Horrific Car Crashes Ever Recorded! Learn to Drive! 🚨 - RR&BD Driving School_seg396.wav,True,5.0,0.40009987354278564,0.0927882045507431,638.3539293326518,1341.5384928385417,8.493563655065373e-05,0.03378634982638889,2.6407546997070312,0.49888497591018677,4.311969128788034
/home/andres/Documentos/proyecto4geeks/data/raw/youtube/car_crash/🚨 The Most Horrific Car Crashes Ever Recorded! Learn to Drive! 🚨 - RR&BD Driving School_seg881.wav,True,5.0,0.9282587766647339,0.07813160121440887,1241.9267463074336,2537.7777099609375,0.0002494587970431894,0.05990035445601852,20.739967346191406,0.5439504981040955,11.880708474225733
/home/andres/Documentos/proyecto4geeks/data/raw/youtube/car_crash/BEST OF CAR CRASHES 2024 (so far) - Dashcam Lessons_seg711.wav,True,5.0,0.3129715621471405,0.10451493412256241,1011.3426525593658,2328.626505533854,4.9932765250559896e-05,0.024113407841435185,-1.0125211477279663,0.9668353199958801,2.994515231451335
/home/andres/Documentos/proyecto4geeks/data/raw/youtube/car_crash/🚨 The Most Horrific Car Crashes Ever Recorded! Learn to Drive! 🚨 - RR&BD Driving School_seg1397.wav,True,5.0,0.8485949039459229,0.21164706349372864,730.4065028849169,1448.5565185546875,1.7073720300686546e-05,0.041271068431712965,1.712599754333496,2.03480863571167,4.0094811141429245
/home/andres/Documentos/proyecto4geeks/data/raw/youtube/car_crash/🚨 The Most Horrific Car Crashes Ever Recorded! Learn to Drive! 🚨 - RR&BD Driving School_seg1581.wav,False,5.0,0.29398709535598755,0.1348811835050583,481.43500531870086,730.9326171875,2.4711645892239176e-05,0.015401204427083334,-1.0108264684677124,0.9992441534996033,2.1796005025621894
/home/andres/Documentos/proyecto4geeks/data/raw/youtube/car_crash/🚨 The Most Horrific Car Crashes Ever Recorded! Learn to Drive! 🚨 - RR&BD Driving School_seg160.wav,True,5.0,1.210754156112671,0.13247831165790558,1716.6638695385648,4084.0311686197915,0.0002253799611935392,0.07633011429398148,30.399612426757812,0.2230629026889801,9.13926318165967
/home/andres/Documentos/proyecto4geeks/data/raw/youtube/car_crash/🚨 The Most Horrific Car Crashes Ever Recorded! Learn to Drive! 🚨 - RR&BD Driving School_seg1367.wav,False,5.0,0.2945406138896942,0.09079467505216599,642.3099880099606,1167.4285888671875,1.383603648719145e-05,0.020898889612268517,-0.4620959758758545,0.9072707295417786,3.244029605450123
/home/andres/Documentos/proyecto4geeks/data/raw/youtube/car_crash/🚨 The Most Horrific Car Crashes Ever Recorded! Learn to Drive! 🚨 - RR&BD Driving School_seg85.wav,True,5.0,1.0096360445022583,0.17406465113162994,1731.3549294477127,3624.3072509765625,0.0001597683731233701,0.1045803493923611,2.098388195037842,0.9090055227279663,5.80035083477666
/home/andres/Documentos/proyecto4geeks/data/raw/youtube/car_crash/BEST OF CAR CRASHES 2024 (so far) - Dashcam Lessons_seg7.wav,True,5.0,0.6154534220695496,0.2582681477069855,1546.6496405770115,3354.095458984375,0.0001058198104146868,0.05164026331018518,-1.336530327796936,1.2375354766845703,2.3830016497637203
/home/andres/Documentos/proyecto4geeks/data/raw/youtube/car_crash/🚨 The Most Horrific Car Crashes Ever Recorded! Learn to Drive! 🚨 - RR&BD Driving School_seg1577.wav,True,5.0,0.41241711378097534,0.1961991786956787,1944.6555435107393,3746.77734375,0.00016315747052431107,0.09858760127314815,-1.2976073026657104,0.7594783306121826,2.102032824605075
/home/andres/Documentos/proyecto4geeks/data/raw/youtube/car_crash/🚨 The Most Horrific Car Crashes Ever Recorded! Learn to Drive! 🚨 - RR&BD Driving School_seg382.wav,True,5.0,0.23294374346733093,0.06091656535863876,1007.5774824346902,2081.243896484375,9.389320621266961e-05,0.03946261935763889,0.1285710334777832,0.6323558688163757,3.8239802604115876
/home/andres/Documentos/proyecto4geeks/data/raw/youtube/car_crash/BEST OF CAR CRASHES 2024 (so far) - Dashcam Lessons_seg125.wav,True,5.0,0.9580127596855164,0.13094137609004974,864.4865005672756,1371.9441731770833,6.66601990815252e-05,0.05558946397569445,5.909309387207031,1.2141833305358887,7.316348646125153
/home/andres/Documentos/proyecto4geeks/data/raw/youtube/car_crash/BEST OF CAR CRASHES 2024 (so far) - Dashcam Lessons_seg42.wav,True,5.0,0.8490856289863586,0.21934731304645538,740.2092988386352,1395.0225830078125,6.418357224902138e-05,0.022944697627314815,2.542917251586914,0.17020998895168304,3.870964349595933
/home/andres/Documentos/proyecto4geeks/data/raw/youtube/car_crash/🚨 The Most Horrific Car Crashes Ever Recorded! Learn to Drive! 🚨 - RR&BD Driving School_seg884.wav,True,5.0,1.112144947052002,0.0864628478884697,1066.851219886505,2006.475830078125,0.00011109658953500912,0.047892252604166664,7.017845153808594,1.08115553855896,12.862691597594832
/home/andres/Documentos/proyecto4geeks/data/raw/youtube/car_crash/🚨 The Most Horrific Car Crashes Ever Recorded! Learn to Drive! 🚨 - RR&BD Driving School_seg1154.wav,True,5.0,0.3455488681793213,0.07273788750171661,1250.150393286403,2467.8446451822915,6.5767286287155e-05,0.046174225983796294,0.7489047050476074,1.3513816595077515,4.7506035718512685
/home/andres/Documentos/proyecto4geeks/data/raw/youtube/car_crash/🚨 The Most Horrific Car Crashes Ever Recorded! Learn to Drive! 🚨 - RR&BD Driving School_seg1459.wav,True,5.0,0.6505680084228516,0.09561024606227875,1428.540007362235,2812.724812825521,0.2612973749637604,0.08701126663773148,2.4686970710754395,1.8128340244293213,6.80437542219355
/home/andres/Documentos/proyecto4geeks/data/raw/youtube/car_crash/🚨 The Most Horrific Car Crashes Ever Recorded! Learn to Drive! 🚨 - RR&BD Driving School_seg2091.wav,True,5.0,0.8472802042961121,0.09874875098466873,1361.6333443930548,2759.9884033203125,9.757825318956748e-05,0.0803516529224537,6.473682403564453,0.42422494292259216,8.580161225726052
/home/andres/Documentos/proyecto4geeks/data/raw/youtube/car_crash/🚨 The Most Horrific Car Crashes Ever Recorded! Learn to Drive! 🚨 - RR&BD Driving School_seg1936.wav,True,5.0,1.019045352935791,0.13980141282081604,1845.3757930426902,3588.518269856771,0.00027924621826969087,0.1192943431712963,12.495278358459473,0.35027459263801575,7.289235011055402
/home/andres/Documentos/proyecto4geeks/data/raw/youtube/car_crash/🚨 The Most Horrific Car Crashes Ever Recorded! Learn to Drive! 🚨 - RR&BD Driving School_seg8.wav,False,5.0,0.3471117317676544,0.08107949048280716,608.9334417737319,1115.0410970052083,3.1872987165115774e-05,0.026396574797453703,0.05466914176940918,0.8849260210990906,4.281128676270826
/home/andres/Documentos/proyecto4geeks/data/raw/youtube/car_crash/🚨 The Most Horrific Car Crashes Ever Recorded! Learn to Drive! 🚨 - RR&BD Driving School_seg1172.wav,True,5.0,0.5780906677246094,0.07439220696687698,1178.7848696918547,2158.5540771484375,0.04209849238395691,0.0673534252025463,7.8721923828125,0.3062000870704651,7.770849814608034
/home/andres/Documentos/proyecto4geeks/data/raw/youtube/car_crash/🚨 The Most Horrific Car Crashes Ever Recorded! Learn to Drive! 🚨 - RR&BD Driving School_seg1865.wav,True,5.0,0.933115541934967,0.1950293928384781,1645.4741755055645,2958.8216145833335,0.0001544261904200539,0.09921829788773148,2.604496479034424,1.0737770795822144,4.784486729664292
/home/andres/Documentos/proyecto4geeks/data/raw/youtube/car_crash/BEST OF CAR CRASHES 2024 (so far) - Dashcam Lessons_seg227.wav,True,5.0,0.5885117053985596,0.15907007455825806,1877.0087600119468,3839.2903645833335,0.03878786414861679,0.1075122974537037,0.98183274269104,0.8939637541770935,3.6997009464487456
/home/andres/Documentos/proyecto4geeks/data/raw/youtube/car_crash/🚨 The Most Horrific Car Crashes Ever Recorded! Learn to Drive! 🚨 - RR&BD Driving School_seg985.wav,True,5.0,0.5962185263633728,0.12911391258239746,1198.6078531337234,2850.6571451822915,4.251844438840635e-05,0.041693793402777776,0.7243471145629883,0.8485248684883118,4.617771349607754
/home/andres/Documentos/proyecto4geeks/data/raw/youtube/car_crash/🚨 The Most Horrific Car Crashes Ever Recorded! Learn to Drive! 🚨 - RR&BD Driving School_seg201.wav,True,5.0,1.1168245077133179,0.23474593460559845,736.4753633227274,1386.2497965494792,4.914137389278039e-05,0.041045012297453706,5.854612350463867,0.11697322130203247,4.757588281922583
/home/andres/Documentos/proyecto4geeks/data/raw/youtube/car_crash/🚨 The Most Horrific Car Crashes Ever Recorded! Learn to Drive! 🚨 - RR&BD Driving School_seg1343.wav,True,5.0,0.2142535150051117,0.05464491993188858,1759.5251013782652,3266.3675944010415,0.00015321708633564413,0.10080521195023148,-0.47202134132385254,0.7538027167320251,3.9208313465962483
/home/andres/Documentos/proyecto4geeks/data/raw/youtube/car_crash/🚨 The Most Horrific Car Crashes Ever Recorded! Learn to Drive! 🚨 - RR&BD Driving School_seg437.wav,True,5.0,0.6352731585502625,0.1647191047668457,920.5763097830373,2077.655029296875,0.14385810494422913,0.021346480758101853,-0.16513514518737793,7.073705887705728e-08,3.856705993185267
/home/andres/Documentos/proyecto4geeks/data/raw/youtube/car_crash/BEST OF CAR CRASHES 2024 (so far) - Dashcam Lessons_seg96.wav,True,5.0,0.6579160690307617,0.22065593302249908,1639.442926930267,2977.3640950520835,0.00010241285053780302,0.1333550347222222,0.2954683303833008,0.49439236521720886,2.9816377924481006
/home/andres/Documentos/proyecto4geeks/data/raw/youtube/car_crash/BEST OF CAR CRASHES 2024 (so far) - Dashcam Lessons_seg171.wav,True,5.0,1.0375345945358276,0.3202855885028839,1119.55843622263,1953.839111328125,6.0922855482203886e-05,0.05718089916087963,0.5452480316162109,0.68181973695755,3.2394045557352515
/home/andres/Documentos/proyecto4geeks/data/raw/youtube/car_crash/BEST OF CAR CRASHES 2024 (so far) - Dashcam Lessons_seg293.wav,True,5.0,0.4692985415458679,0.13728155195713043,1132.5481665581533,2408.478800455729,6.271075835684314e-05,0.058948658130787035,0.12252330780029297,1.0024728775024414,3.4185113356600128
/home/andres/Documentos/proyecto4geeks/data/raw/youtube/car_crash/🚨 The Most Horrific Car Crashes Ever Recorded! Learn to Drive! 🚨 - RR&BD Driving School_seg229.wav,True,5.0,0.9567093253135681,0.17887306213378906,1155.282605154679,2330.670166015625,4.49716389994137e-05,0.044831452546296294,1.229811191558838,0.8094933032989502,5.348537750154038
/home/andres/Documentos/proyecto4geeks/data/raw/youtube/car_crash/INSANE CAR CRASHES COMPILATION   Best of USA & Canada Accidents - part 43 - Dashcam Lessons_seg96.wav,True,5.0,0.3341982066631317,0.0894835889339447,792.3121761423455,1495.0124104817708,0.15733756124973297,0.027398003472222224,1.7521800994873047,0.10113713890314102,3.7347429918808523
/home/andres/Documentos/proyecto4geeks/data/raw/youtube/car_crash/🚨 The Most Horrific Car Crashes Ever Recorded! Learn to Drive! 🚨 - RR&BD Driving School_seg719.wav,True,5.0,0.8629943132400513,0.2355453372001648,1181.3802770464415,2425.775146484375,0.13511887192726135,0.05670618127893518,2.241302967071533,0.8051775097846985,3.6638140389211817
/home/andres/Documentos/proyecto4geeks/data/raw/youtube/car_crash/🚨 The Most Horrific Car Crashes Ever Recorded! Learn to Drive! 🚨 - RR&BD Driving School_seg325.wav,True,5.0,1.0645647048950195,0.09095338732004166,2220.240794550743,4470.2829996744795,0.00033311601146124303,0.1351657443576389,29.26976776123047,3.403691291809082,11.704508608760053
/home/andres/Documentos/proyecto4geeks/data/raw/youtube/car_crash/🚨 The Most Horrific Car Crashes Ever Recorded! Learn to Drive! 🚨 - RR&BD Driving School_seg1978.wav,False,5.0,0.446310818195343,0.20334844291210175,501.9135939705319,987.237548828125,0.1994447410106659,0.011366102430555556,-0.7702507972717285,5.6197734465968097e-08,2.194808142131032
/home/andres/Documentos/proyecto4geeks/data/raw/youtube/car_crash/🚨 The Most Horrific Car Crashes Ever Recorded! Learn to Drive! 🚨 - RR&BD Driving School_seg378.wav,True,5.0,0.7656576633453369,0.11657798290252686,2053.3936814093036,4223.099772135417,0.0006762214470654726,0.1264671043113426,3.5250868797302246,2.491534948348999,6.56777244103589
/home/andres/Documentos/proyecto4geeks/data/raw/youtube/car_crash/BEST OF CAR CRASHES 2024 (so far) - Dashcam Lessons_seg656.wav,False,5.0,1.0741550922393799,0.718895673751831,425.84986783923637,824.1933186848959,9.01607836567564e-06,0.009785970052083334,-1.480279803276062,0.6951838731765747,1.4941738161143716
/home/andres/Documentos/proyecto4geeks/data/raw/youtube/car_crash/🚨 The Most Horrific Car Crashes Ever Recorded! Learn to Drive! 🚨 - RR&BD Driving School_seg1700.wav,True,5.0,0.4175654947757721,0.06322220712900162,2012.7492642965174,4005.474853515625,0.000284496956737712,0.1170337818287037,4.301854610443115,1.6397347450256348,6.604728207560782
/home/andres/Documentos/proyecto4geeks/data/raw/youtube/car_crash/🚨 The Most Horrific Car Crashes Ever Recorded! Learn to Drive! 🚨 - RR&BD Driving School_seg2062.wav,True,5.0,0.49148303270339966,0.12589487433433533,984.3120443353869,1945.7143147786458,6.139864126453176e-05,0.06290916160300926,0.18936705589294434,1.5075346231460571,3.9039161466913948
/home/andres/Documentos/proyecto4geeks/data/raw/youtube/car_crash/🚨 The Most Horrific Car Crashes Ever Recorded! Learn to Drive! 🚨 - RR&BD Driving School_seg940.wav,True,5.0,0.6859736442565918,0.12167045474052429,1449.331679904208,3044.505818684896,0.07510627806186676,0.06755235460069445,8.866394996643066,0.5903176069259644,5.637964004604639
/home/andres/Documentos/proyecto4geeks/data/raw/youtube/car_crash/INSANE CAR CRASHES COMPILATION   Best of USA & Canada Accidents - part 43 - Dashcam Lessons_seg36.wav,True,5.0,0.5751749277114868,0.1084926575422287,528.2834991750613,1037.0829264322917,0.5282366275787354,0.020494249131944444,6.567897796630859,1.7983795430609462e-07,5.301510173463208
/home/andres/Documentos/proyecto4geeks/data/raw/youtube/car_crash/INSANE CAR CRASHES COMPILATION   Best of USA & Canada Accidents - part 43 - Dashcam Lessons_seg58.wav,False,5.0,0.4838491678237915,0.11467231065034866,519.1785697730936,979.2124430338541,0.0001905155077110976,0.01568603515625,0.9417214393615723,0.9738175272941589,4.219407153091154
/home/andres/Documentos/proyecto4geeks/data/raw/youtube/car_crash/🚨 The Most Horrific Car Crashes Ever Recorded! Learn to Drive! 🚨 - RR&BD Driving School_seg910.wav,True,5.0,0.3460603952407837,0.05548613518476486,1306.0709404576564,2770.057169596354,9.68395106610842e-05,0.06047001591435185,0.23119211196899414,1.0562386512756348,6.236880512261134
/home/andres/Documentos/proyecto4geeks/data/raw/youtube/car_crash/🚨 The Most Horrific Car Crashes Ever Recorded! Learn to Drive! 🚨 - RR&BD Driving School_seg423.wav,True,5.0,0.6636947393417358,0.1211257353425026,517.2826117566999,971.0378011067709,0.3160043954849243,0.020790382667824073,1.9115300178527832,1.1266060795378507e-07,5.479386667577722
/home/andres/Documentos/proyecto4geeks/data/raw/youtube/car_crash/🚨 The Most Horrific Car Crashes Ever Recorded! Learn to Drive! 🚨 - RR&BD Driving School_seg1398.wav,True,5.0,0.7156648635864258,0.12450318783521652,802.1255249642343,1533.1441243489583,3.30552393279504e-05,0.056812427662037035,1.3823809623718262,1.3143537044525146,5.748164974923214
/home/andres/Documentos/proyecto4geeks/data/raw/youtube/car_crash/BEST OF CAR CRASHES 2024 (so far) - Dashcam Lessons_seg12.wav,True,5.0,0.3972022533416748,0.09843221306800842,1222.1704375539757,2276.6876220703125,0.00010286890756106004,0.06266502097800926,5.524358749389648,3.853978157043457,4.035287239383777
/home/andres/Documentos/proyecto4geeks/data/raw/youtube/car_crash/BEST OF CAR CRASHES 2024 (so far) - Dashcam Lessons_seg92.wav,True,5.0,0.8932808041572571,0.2930092513561249,858.0978886767065,1661.346435546875,0.0014301288174465299,0.04367630570023148,0.468813419342041,1.177168607711792,3.0486436862312947
/home/andres/Documentos/proyecto4geeks/data/raw/youtube/car_crash/INSANE CAR CRASHES COMPILATION   Best of USA & Canada Accidents - part 43 - Dashcam Lessons_seg21.wav,True,5.0,0.2819058895111084,0.07394760847091675,1892.1966733797972,4155.409749348958,0.0004095903132110834,0.0937793872974537,0.30458807945251465,1.3399583101272583,3.8122380877018953
/home/andres/Documentos/proyecto4geeks/data/raw/youtube/car_crash/🚨 The Most Horrific Car Crashes Ever Recorded! Learn to Drive! 🚨 - RR&BD Driving School_seg132.wav,True,5.0,0.6833043098449707,0.07871027290821075,838.114961631564,1693.0979410807292,0.00014370270946528763,0.039430971498842594,6.329216957092285,0.5632274150848389,8.68125956866057
/home/andres/Documentos/proyecto4geeks/data/raw/youtube/car_crash/BEST OF CAR CRASHES 2024 (so far) - Dashcam Lessons_seg406.wav,True,5.0,0.710624098777771,0.09194666147232056,1911.7665725906188,4046.3480631510415,0.00013685204612556845,0.10248254846643519,7.8370208740234375,4.547750949859619,7.728655803168745
/home/andres/Documentos/proyecto4geeks/data/raw/youtube/car_crash/🚨 The Most Horrific Car Crashes Ever Recorded! Learn to Drive! 🚨 - RR&BD Driving School_seg1147.wav,False,5.0,1.1037571430206299,0.2727710008621216,824.5856870060899,1662.3931884765625,1.955289553734474e-05,0.03303810402199074,0.9406745433807373,0.8274248242378235,4.046460729065928
/home/andres/Documentos/proyecto4geeks/data/raw/youtube/car_crash/🚨 The Most Horrific Car Crashes Ever Recorded! Learn to Drive! 🚨 - RR&BD Driving School_seg1583.wav,False,5.0,0.29123711585998535,0.11192536354064941,527.308236946935,814.5731608072916,5.778569175163284e-06,0.019241898148148147,-0.7816605567932129,1.0415167808532715,2.602065400052159
/home/andres/Documentos/proyecto4geeks/data/raw/youtube/car_crash/🚨 The Most Horrific Car Crashes Ever Recorded! Learn to Drive! 🚨 - RR&BD Driving School_seg209.wav,True,5.0,0.9418541193008423,0.19122056663036346,1173.7111305490525,2050.140380859375,0.1172509491443634,0.06246609157986111,3.542433261871338,2.4335672855377197,4.925485453228241
/home/andres/Documentos/proyecto4geeks/data/raw/youtube/car_crash/BEST OF CAR CRASHES 2024 (so far) - Dashcam Lessons_seg368.wav,True,5.0,0.5046395063400269,0.13417796790599823,1385.8630171892617,2785.260009765625,0.00011560926213860512,0.06538221571180555,3.422825336456299,0.2765445411205292,3.7609714486792933
/home/andres/Documentos/proyecto4geeks/data/raw/youtube/car_crash/🚨 The Most Horrific Car Crashes Ever Recorded! Learn to Drive! 🚨 - RR&BD Driving School_seg1158.wav,True,5.0,0.4459279775619507,0.10731044411659241,913.3749268540114,1954.9855550130208,3.871776061714627e-05,0.021782769097222224,-0.20791196823120117,0.8670986294746399,4.155494660643619
/home/andres/Documentos/proyecto4geeks/data/raw/youtube/car_crash/🚨 The Most Horrific Car Crashes Ever Recorded! Learn to Drive! 🚨 - RR&BD Driving School_seg357.wav,True,5.0,0.3824203610420227,0.08543340116739273,1537.926983956552,3070.0764973958335,0.06126782298088074,0.08586290147569445,1.0876212120056152,0.10019183903932571,4.476239454499259
/home/andres/Documentos/proyecto4geeks/data/raw/youtube/car_crash/🚨 The Most Horrific Car Crashes Ever Recorded! Learn to Drive! 🚨 - RR&BD Driving School_seg1628.wav,True,5.0,0.4107837677001953,0.08162760734558105,1254.2984538646735,2732.573445638021,5.6648714235052466e-05,0.052252875434027776,1.2816252708435059,1.0711913108825684,5.032412207748005
/home/andres/Documentos/proyecto4geeks/data/raw/youtube/car_crash/🚨 The Most Horrific Car Crashes Ever Recorded! Learn to Drive! 🚨 - RR&BD Driving School_seg1223.wav,True,5.0,0.6493129730224609,0.0896645337343216,1252.8594235598446,2681.531778971354,0.00012336346844676882,0.05162669994212963,12.888914108276367,0.314751535654068,7.241580879003408
/home/andres/Documentos/proyecto4geeks/data/raw/youtube/car_crash/🚨 The Most Horrific Car Crashes Ever Recorded! Learn to Drive! 🚨 - RR&BD Driving School_seg287.wav,False,5.0,0.6894044876098633,0.11132669448852539,704.8217966986774,1418.6492919921875,8.354535566468257e-06,0.040913899739583336,1.8585386276245117,0.8833444714546204,6.192625145038583
/home/andres/Documentos/proyecto4geeks/data/raw/youtube/car_crash/BEST OF CAR CRASHES 2024 (so far) - Dashcam Lessons_seg203.wav,False,5.0,0.22272035479545593,0.07528602331876755,778.0788061070162,1548.9949544270833,6.297120853560045e-05,0.018111617476851853,-0.07435441017150879,0.5967002511024475,2.9583227400586734
/home/andres/Documentos/proyecto4geeks/data/raw/youtube/car_crash/🚨 The Most Horrific Car Crashes Ever Recorded! Learn to Drive! 🚨 - RR&BD Driving School_seg1478.wav,True,5.0,0.4948585629463196,0.07947108149528503,1041.7967846889237,2006.7250569661458,4.918906415696256e-05,0.06776258680555555,7.397656440734863,3.2359068393707275,6.226901076833241
/home/andres/Documentos/proyecto4geeks/data/raw/youtube/car_crash/🚨 The Most Horrific Car Crashes Ever Recorded! Learn to Drive! 🚨 - RR&BD Driving School_seg182.wav,True,5.0,0.527788519859314,0.07922503352165222,568.4040215421809,901.9022623697916,0.27115705609321594,0.04037814670138889,3.062472343444824,2.5095014572143555,6.661890773557165
/home/andres/Documentos/proyecto4geeks/data/raw/youtube/car_crash/BEST OF CAR CRASHES 2024 (so far) - Dashcam Lessons_seg253.wav,True,5.0,0.5302289128303528,0.11669979244470596,1101.8352483111391,2484.941609700521,4.291820005164482e-05,0.04489700882523148,3.5134124755859375,0.8725468516349792,4.543529184741604
/home/andres/Documentos/proyecto4geeks/data/raw/youtube/car_crash/🚨 The Most Horrific Car Crashes Ever Recorded! Learn to Drive! 🚨 - RR&BD Driving School_seg1272.wav,True,5.0,0.4429742991924286,0.10421975702047348,931.2168194721716,1829.1758219401042,2.5641045795055106e-05,0.03697148075810185,0.7170310020446777,0.9001636505126953,4.250386988535753
/home/andres/Documentos/proyecto4geeks/data/raw/youtube/car_crash/🚨 The Most Horrific Car Crashes Ever Recorded! Learn to Drive! 🚨 - RR&BD Driving School_seg1179.wav,True,5.0,0.578421413898468,0.1458231508731842,1238.365920910329,2226.4933268229165,5.3632054914487526e-05,0.07295283564814815,0.5307912826538086,1.017409086227417,3.9665952246329415
/home/andres/Documentos/proyecto4geeks/data/raw/youtube/car_crash/🚨 The Most Horrific Car Crashes Ever Recorded! Learn to Drive! 🚨 - RR&BD Driving School_seg1251.wav,False,5.0,0.25095176696777344,0.06492546200752258,691.8413919958941,1109.3088785807292,5.945325392531231e-05,0.015019169560185185,-0.2481985092163086,1.0094786882400513,3.8652288209336376
/home/andres/Documentos/proyecto4geeks/data/raw/youtube/car_crash/🚨 The Most Horrific Car Crashes Ever Recorded! Learn to Drive! 🚨 - RR&BD Driving School_seg127.wav,True,5.0,0.8589314818382263,0.09687091410160065,1107.9520844315275,2279.9774169921875,9.786250302568078e-05,0.04722764756944445,5.023135185241699,0.8542342782020569,8.866763463473573
/home/andres/Documentos/proyecto4geeks/data/raw/youtube/car_crash/🚨 The Most Horrific Car Crashes Ever Recorded! Learn to Drive! 🚨 - RR&BD Driving School_seg63.wav,True,5.0,0.7561905384063721,0.14870989322662354,334.4183149888279,574.3682861328125,2.7494297683006153e-05,0.01376907913773148,3.2362794876098633,1.8394662141799927,5.085004917923687
/home/andres/Documentos/proyecto4geeks/data/raw/youtube/car_crash/🚨 The Most Horrific Car Crashes Ever Recorded! Learn to Drive! 🚨 - RR&BD Driving School_seg718.wav,True,5.0,0.7425148487091064,0.15439307689666748,681.5666167855247,1407.0353190104167,0.08544018864631653,0.03365749782986111,1.092667579650879,0.18407496809959412,4.809249634951242
/home/andres/Documentos/proyecto4geeks/data/raw/youtube/car_crash/🚨 The Most Horrific Car Crashes Ever Recorded! Learn to Drive! 🚨 - RR&BD Driving School_seg9.wav,True,5.0,0.9149465560913086,0.21007739007472992,771.0833536038991,1680.4372151692708,1.0027932148659602e-05,0.03346308955439815,4.793734073638916,0.5712348222732544,4.3552833351627385
/home/andres/Documentos/proyecto4geeks/data/raw/youtube/car_crash/INSANE CAR CRASHES COMPILATION   Best of USA & Canada Accidents - part 43 - Dashcam Lessons_seg51.wav,True,5.0,0.4579923450946808,0.10844893753528595,598.4561742529112,1252.9632568359375,0.28030431270599365,0.027196813512731483,3.295027732849121,4.817078590393066,4.223115094524933
/home/andres/Documentos/proyecto4geeks/data/raw/youtube/car_crash/🚨 The Most Horrific Car Crashes Ever Recorded! Learn to Drive! 🚨 - RR&BD Driving School_seg1469.wav,True,5.0,0.3979041576385498,0.05982707440853119,1715.3657659112764,2940.179443359375,4.887133400188759e-05,0.14027235243055555,1.6053004264831543,0.578154981136322,6.650904487068797
/home/andres/Documentos/proyecto4geeks/data/raw/youtube/car_crash/BEST OF CAR CRASHES 2024 (so far) - Dashcam Lessons_seg237.wav,True,5.0,0.4302154779434204,0.07028590142726898,515.5494043449737,959.1746012369791,9.375243098475039e-05,0.026679144965277776,2.8399658203125,2.3723814487457275,6.120935624372426
/home/andres/Documentos/proyecto4geeks/data/raw/youtube/car_crash/🚨 The Most Horrific Car Crashes Ever Recorded! Learn to Drive! 🚨 - RR&BD Driving School_seg355.wav,True,5.0,0.39195236563682556,0.0781964585185051,922.9655411313511,1581.8430582682292,0.00010971987649099901,0.04312698929398148,2.0592212677001953,1.3936996459960938,5.012405587895749
/home/andres/Documentos/proyecto4geeks/data/raw/youtube/car_crash/🚨 The Most Horrific Car Crashes Ever Recorded! Learn to Drive! 🚨 - RR&BD Driving School_seg1146.wav,True,5.0,0.5909134149551392,0.11927267163991928,419.9724583396745,745.0388590494791,0.4355323314666748,0.016398111979166668,5.435314178466797,1.3485497163401305e-07,4.954306856931446
/home/andres/Documentos/proyecto4geeks/data/raw/youtube/car_crash/🚨 The Most Horrific Car Crashes Ever Recorded! Learn to Drive! 🚨 - RR&BD Driving School_seg1477.wav,True,5.0,0.5030772089958191,0.09060682356357574,1162.6627398412859,2161.4949544270835,4.870228804065846e-05,0.08157913773148148,5.530032157897949,0.17858627438545227,5.552310402287467
/home/andres/Documentos/proyecto4geeks/data/raw/youtube/car_crash/🚨 The Most Horrific Car Crashes Ever Recorded! Learn to Drive! 🚨 - RR&BD Driving School_seg223.wav,False,5.0,0.829834520816803,0.18756252527236938,191.8097723477981,304.3060302734375,1.567927210999187e-05,0.004600242332175926,1.0830178260803223,0.8484638929367065,4.424308745082913
/home/andres/Documentos/proyecto4geeks/data/raw/youtube/car_crash/BEST OF CAR CRASHES 2024 (so far) - Dashcam Lessons_seg91.wav,True,5.0,0.6827181577682495,0.12188190221786499,517.562646878412,1020.3348795572916,2.6747104584501358e-06,0.025996455439814815,2.2530012130737305,0.9202768206596375,5.6014727809407105
/home/andres/Documentos/proyecto4geeks/data/raw/youtube/car_crash/🚨 The Most Horrific Car Crashes Ever Recorded! Learn to Drive! 🚨 - RR&BD Driving School_seg1125.wav,True,5.0,1.0235579013824463,0.15799866616725922,1217.9756667628842,2433.85009765625,0.056268930435180664,0.05558720341435185,8.03256607055664,2.9747486114501953,6.478269255086102
/home/andres/Documentos/proyecto4geeks/data/raw/youtube/car_crash/🚨 The Most Horrific Car Crashes Ever Recorded! Learn to Drive! 🚨 - RR&BD Driving School_seg97.wav,True,5.0,0.7905219793319702,0.09683824330568314,1432.8712612651925,2482.000732421875,0.0001602357515366748,0.08430085358796297,10.305497169494629,0.44175952672958374,8.16332424400158
/home/andres/Documentos/proyecto4geeks/data/raw/youtube/car_crash/🚨 The Most Horrific Car Crashes Ever Recorded! Learn to Drive! 🚨 - RR&BD Driving School_seg393.wav,True,5.0,0.4850353002548218,0.08689796179533005,1216.9513853979197,2377.0263671875,7.077796180965379e-05,0.06304705584490741,4.243368625640869,0.929354190826416,5.581664865645976
/home/andres/Documentos/proyecto4geeks/data/raw/youtube/car_crash/🚨 The Most Horrific Car Crashes Ever Recorded! Learn to Drive! 🚨 - RR&BD Driving School_seg823.wav,True,5.0,0.2304740697145462,0.07847007364034653,1099.242035724027,2450.59814453125,7.964294491102919e-05,0.033698187934027776,1.1134815216064453,1.309551477432251,2.9370951117995063
/home/andres/Documentos/proyecto4geeks/data/raw/youtube/car_crash/🚨 The Most Horrific Car Crashes Ever Recorded! Learn to Drive! 🚨 - RR&BD Driving School_seg505.wav,True,5.0,0.18169748783111572,0.05936566740274429,1377.4806595353164,3110.8500162760415,0.0002257443411508575,0.05751998336226852,-0.6315011978149414,0.7252110242843628,3.0606492906985454
/home/andres/Documentos/proyecto4geeks/data/raw/youtube/car_crash/🚨 The Most Horrific Car Crashes Ever Recorded! Learn to Drive! 🚨 - RR&BD Driving School_seg1819.wav,True,5.0,0.9963715672492981,0.09876871854066849,1889.0695901320694,3818.803914388021,0.0002203487092629075,0.1124606662326389,4.50686502456665,0.9374220371246338,10.087926440282299
/home/andres/Documentos/proyecto4geeks/data/raw/youtube/car_crash/🚨 The Most Horrific Car Crashes Ever Recorded! Learn to Drive! 🚨 - RR&BD Driving School_seg1797.wav,False,5.0,0.3033263087272644,0.10389267653226852,349.1442738452101,595.7021077473959,3.149448093608953e-05,0.030472366898148147,-0.39095568656921387,1.6420559883117676,2.919612034734067
/home/andres/Documentos/proyecto4geeks/data/raw/youtube/car_crash/🚨 The Most Horrific Car Crashes Ever Recorded! Learn to Drive! 🚨 - RR&BD Driving School_seg23.wav,True,5.0,0.9298107028007507,0.19538678228855133,907.5877415287033,1469.64111328125,0.00010279897833243012,0.050426341869212965,4.990420818328857,0.03566084802150726,4.758820898246984
/home/andres/Documentos/proyecto4geeks/data/raw/youtube/car_crash/🚨 The Most Horrific Car Crashes Ever Recorded! Learn to Drive! 🚨 - RR&BD Driving School_seg1528.wav,True,5.0,0.6170737743377686,0.10086442530155182,827.1447290876887,1419.7957356770833,0.1161588504910469,0.03677933304398148,1.667661190032959,1.2836490869522095,6.117853470009876
/home/andres/Documentos/proyecto4geeks/data/raw/youtube/car_crash/BEST OF CAR CRASHES 2024 (so far) - Dashcam Lessons_seg421.wav,True,5.0,0.9514182806015015,0.08099678158760071,762.8493404722582,1444.9178059895833,9.573379793437198e-05,0.033295808015046294,27.41487693786621,1.1983824968338013,11.746371422928263
/home/andres/Documentos/proyecto4geeks/data/raw/youtube/car_crash/hgfhons_seg134.wav,True,5.0,0.45930397510528564,0.06333594024181366,3013.6245597116817,5097.188313802083,0.0008368506096303463,0.23475477430555555,2.963080406188965,1.2470287084579468,7.251869528492553
/home/andres/Documentos/proyecto4geeks/data/raw/youtube/car_crash/🚨 The Most Horrific Car Crashes Ever Recorded! Learn to Drive! 🚨 - RR&BD Driving School_seg208.wav,True,5.0,0.6782817840576172,0.13491655886173248,753.0267668544858,1336.1551920572917,3.638674024841748e-05,0.043088559751157406,5.586467742919922,0.7162571549415588,5.027416869916747
/home/andres/Documentos/proyecto4geeks/data/raw/youtube/car_crash/INSANE CAR CRASHES COMPILATION   Best of USA & Canada Accidents - part 43 - Dashcam Lessons_seg162.wav,True,5.0,0.5683093070983887,0.11320331692695618,758.0205414639383,1611.8001302083333,0.2408227175474167,0.030051902488425927,6.359527587890625,1.2683513164520264,5.020253138519491
/home/andres/Documentos/proyecto4geeks/data/raw/youtube/car_crash/🚨 The Most Horrific Car Crashes Ever Recorded! Learn to Drive! 🚨 - RR&BD Driving School_seg270.wav,True,5.0,0.605893611907959,0.11065024882555008,844.3098323153972,1331.0709635416667,3.7481211620615795e-05,0.053708676938657406,4.54121208190918,1.46552574634552,5.4757546262523835
/home/andres/Documentos/proyecto4geeks/data/raw/youtube/car_crash/INSANE CAR CRASHES COMPILATION   Best of USA & Canada Accidents - part 43 - Dashcam Lessons_seg104.wav,True,5.0,0.8088569641113281,0.11744607985019684,525.4525945710366,1104.9224853515625,0.3447202146053314,0.013362178096064815,13.43228530883789,1.49922428249738e-07,6.88704948803862
/home/andres/Documentos/proyecto4geeks/data/raw/youtube/car_crash/BEST OF CAR CRASHES 2024 (so far) - Dashcam Lessons_seg583.wav,True,5.0,1.1394435167312622,0.191348135471344,1458.7696780355163,2861.4237467447915,0.05531952530145645,0.08965386284722222,5.560884475708008,0.16137062013149261,5.954819020935528
/home/andres/Documentos/proyecto4geeks/data/raw/youtube/car_crash/BEST OF CAR CRASHES 2024 (so far) - Dashcam Lessons_seg335.wav,False,5.0,0.7966885566711426,0.23857025802135468,735.0034884429922,1446.8119303385417,6.935234705451876e-05,0.01813874421296296,0.2874715328216553,0.3731521964073181,3.3394294966830724
/home/andres/Documentos/proyecto4geeks/data/raw/youtube/car_crash/🚨 The Most Horrific Car Crashes Ever Recorded! Learn to Drive! 🚨 - RR&BD Driving School_seg1987.wav,False,5.0,0.2365245521068573,0.052028343081474304,738.2065931999424,1564.2974853515625,3.312065382488072e-05,0.016303168402777776,-0.1624605655670166,0.5484515428543091,4.54607120069004
/home/andres/Documentos/proyecto4geeks/data/raw/youtube/car_crash/hgfhons_seg164.wav,False,5.0,0.25467449426651,0.05714350566267967,624.0057177940724,1061.2080891927083,0.001317109097726643,0.02478931568287037,-0.46904754638671875,0.5792913436889648,4.456753069463513
/home/andres/Documentos/proyecto4geeks/data/raw/youtube/car_crash/🚨 The Most Horrific Car Crashes Ever Recorded! Learn to Drive! 🚨 - RR&BD Driving School_seg1177.wav,True,5.0,0.5484284162521362,0.06691081076860428,1276.8224651479616,2508.5184733072915,0.00011340511264279485,0.0695461697048611,7.0368194580078125,1.2186952829360962,8.196409667498335
/home/andres/Documentos/proyecto4geeks/data/raw/youtube/car_crash/🚨 The Most Horrific Car Crashes Ever Recorded! Learn to Drive! 🚨 - RR&BD Driving School_seg1532.wav,True,5.0,0.6155862808227539,0.05864007771015167,1938.3545211154453,3965.7979329427085,0.0005145769100636244,0.11517107928240741,4.196709156036377,1.4054481983184814,10.497705747509386
/home/andres/Documentos/proyecto4geeks/data/raw/youtube/car_crash/BEST OF CAR CRASHES 2024 (so far) - Dashcam Lessons_seg608.wav,False,5.0,0.5964871048927307,0.19615530967712402,370.18077007280476,775.3448486328125,9.233922355633695e-06,0.00949661820023148,0.2541980743408203,0.6720080375671387,3.0408919639826255
/home/andres/Documentos/proyecto4geeks/data/raw/youtube/car_crash/INSANE CAR CRASHES COMPILATION   Best of USA & Canada Accidents - part 43 - Dashcam Lessons_seg107.wav,True,5.0,0.37242549657821655,0.07884451746940613,1122.5987288375275,2267.0674641927085,7.790080417180434e-05,0.05508761935763889,1.1041102409362793,1.111333966255188,4.723543355034223
/home/andres/Documentos/proyecto4geeks/data/raw/youtube/car_crash/🚨 The Most Horrific Car Crashes Ever Recorded! Learn to Drive! 🚨 - RR&BD Driving School_seg1253.wav,False,5.0,0.28508859872817993,0.06784792989492416,459.67371350613786,602.4810791015625,6.187768576637609e-06,0.013504593460648149,-0.10490298271179199,1.0680826902389526,4.201876154003426
/home/andres/Documentos/proyecto4geeks/data/raw/youtube/car_crash/🚨 The Most Horrific Car Crashes Ever Recorded! Learn to Drive! 🚨 - RR&BD Driving School_seg400.wav,True,5.0,0.5938003659248352,0.05743378400802612,1501.4320316007647,3228.9337158203125,6.992858106968924e-05,0.05910689742476852,0.6453309059143066,1.041553258895874,10.338868945697802
/home/andres/Documentos/proyecto4geeks/data/raw/youtube/car_crash/INSANE CAR CRASHES COMPILATION   Best of USA & Canada Accidents - part 43 - Dashcam Lessons_seg155.wav,False,5.0,0.2923542559146881,0.098972387611866,462.7863187249618,841.1407470703125,1.757560130499769e-05,0.017607512297453703,0.23185110092163086,2.2310314178466797,2.9538971723935985
/home/andres/Documentos/proyecto4geeks/data/raw/youtube/car_crash/BEST OF CAR CRASHES 2024 (so far) - Dashcam Lessons_seg228.wav,True,5.0,0.6536319851875305,0.13622373342514038,1872.9290738296274,3279.1778564453125,0.00038128677988424897,0.12577763310185186,2.484401226043701,1.5696651935577393,4.7982239859981926
/home/andres/Documentos/proyecto4geeks/data/raw/youtube/car_crash/🚨 The Most Horrific Car Crashes Ever Recorded! Learn to Drive! 🚨 - RR&BD Driving School_seg1638.wav,True,5.0,0.6621071100234985,0.12486489117145538,616.3825956830093,1204.962158203125,0.390837162733078,0.027802643952546297,1.9032459259033203,1.1341694516886491e-07,5.302588292084751
/home/andres/Documentos/proyecto4geeks/data/raw/youtube/car_crash/🚨 The Most Horrific Car Crashes Ever Recorded! Learn to Drive! 🚨 - RR&BD Driving School_seg306.wav,False,5.0,1.0605268478393555,0.2669169306755066,842.8403822581672,1703.6153157552083,1.4598231246054638e-05,0.025795265480324073,1.5035181045532227,0.15429405868053436,3.973246826836454
/home/andres/Documentos/proyecto4geeks/data/raw/youtube/car_crash/BEST OF CAR CRASHES 2024 (so far) - Dashcam Lessons_seg236.wav,True,5.0,0.6786040663719177,0.18372437357902527,486.2106979092298,949.6541341145834,4.48532919108402e-05,0.021407515914351853,2.6368818283081055,3.959226369857788,3.693598476613319
/home/andres/Documentos/proyecto4geeks/data/raw/youtube/car_crash/🚨 The Most Horrific Car Crashes Ever Recorded! Learn to Drive! 🚨 - RR&BD Driving School_seg1129.wav,True,5.0,0.2678855061531067,0.07206904143095016,399.2217248471723,887.7960205078125,1.5509192962781526e-05,0.009598343460648149,-0.11397552490234375,1.2238882780075073,3.7170677010606905
/home/andres/Documentos/proyecto4geeks/data/raw/youtube/car_crash/BEST OF CAR CRASHES 2024 (so far) - Dashcam Lessons_seg183.wav,True,5.0,0.6799407005310059,0.1394907534122467,1236.0883688479937,2446.2615966796875,0.0009927329374477267,0.05488416883680555,5.340354919433594,2.4152958393096924,4.8744499824777305
/home/andres/Documentos/proyecto4geeks/data/raw/youtube/car_crash/🚨 The Most Horrific Car Crashes Ever Recorded! Learn to Drive! 🚨 - RR&BD Driving School_seg126.wav,True,5.0,0.2887994050979614,0.07367648184299469,1197.324461646964,2448.6043294270835,8.044688729569316e-05,0.05345097294560185,-0.16151022911071777,1.0884215831756592,3.9198316459990035
/home/andres/Documentos/proyecto4geeks/data/raw/youtube/car_crash/BEST OF CAR CRASHES 2024 (so far) - Dashcam Lessons_seg706.wav,True,5.0,0.7584145665168762,0.15558907389640808,840.169044739504,1905.8878580729167,7.422170892823488e-05,0.022935655381944444,0.6138401031494141,0.3786497712135315,4.874471886226135
/home/andres/Documentos/proyecto4geeks/data/raw/youtube/car_crash/BEST OF CAR CRASHES 2024 (so far) - Dashcam Lessons_seg580.wav,True,5.0,0.97808438539505,0.2631455361843109,1371.9366381852515,2780.2754720052085,0.00013333930110093206,0.06317364728009259,2.1249637603759766,0.3646782338619232,3.716895219177379
/home/andres/Documentos/proyecto4geeks/data/raw/youtube/car_crash/BEST OF CAR CRASHES 2024 (so far) - Dashcam Lessons_seg16.wav,False,5.0,0.3136993646621704,0.06025814637541771,397.17796595027335,704.315185546875,2.1500787624972872e-05,0.014689127604166666,0.8760535717010498,0.8907986283302307,5.205924568315929
/home/andres/Documentos/proyecto4geeks/data/raw/youtube/car_crash/BEST OF CAR CRASHES 2024 (so far) - Dashcam Lessons_seg285.wav,False,5.0,0.4887629449367523,0.13102148473262787,696.8719483476535,1311.6312662760417,1.9980998331448063e-05,0.03269675925925926,0.8025431632995605,0.7604468464851379,3.7304030398558505
/home/andres/Documentos/proyecto4geeks/data/raw/youtube/car_crash/hgfhons_seg143.wav,True,5.0,0.3787393271923065,0.07306335866451263,1257.6229076442332,2397.5626627604165,5.6507389672333375e-05,0.05727810329861111,0.09543943405151367,1.208821415901184,5.183710879295767
/home/andres/Documentos/proyecto4geeks/data/raw/youtube/car_crash/🚨 The Most Horrific Car Crashes Ever Recorded! Learn to Drive! 🚨 - RR&BD Driving School_seg2082.wav,True,5.0,0.5797604322433472,0.09960825741291046,329.21218847860183,492.9209391276042,1.8738743165158667e-05,0.012663664641203705,1.7950668334960938,1.5464998483657837,5.820405328789364
/home/andres/Documentos/proyecto4geeks/data/raw/youtube/car_crash/🚨 The Most Horrific Car Crashes Ever Recorded! Learn to Drive! 🚨 - RR&BD Driving School_seg2046.wav,True,5.0,0.4869837760925293,0.09711693972349167,909.2136687382978,1867.6066080729167,0.047079991549253464,0.028652615017361112,7.29063606262207,3.0559449195861816,5.014406111580945
/home/andres/Documentos/proyecto4geeks/data/raw/youtube/car_crash/BEST OF CAR CRASHES 2024 (so far) - Dashcam Lessons_seg181.wav,True,5.0,0.6774173974990845,0.15786021947860718,1294.6830756135676,2383.855183919271,9.225756366504356e-05,0.06708667896412036,3.070627212524414,1.470213770866394,4.291248293789399
/home/andres/Documentos/proyecto4geeks/data/raw/youtube/car_crash/🚨 The Most Horrific Car Crashes Ever Recorded! Learn to Drive! 🚨 - RR&BD Driving School_seg749.wav,True,5.0,0.4552215337753296,0.08579033613204956,1974.5253627320917,3584.08203125,0.0001975443447008729,0.13205973307291666,2.5163731575012207,1.3328455686569214,5.306209933358236
/home/andres/Documentos/proyecto4geeks/data/raw/youtube/car_crash/🚨 The Most Horrific Car Crashes Ever Recorded! Learn to Drive! 🚨 - RR&BD Driving School_seg1562.wav,True,5.0,0.7600405216217041,0.10138105601072311,1452.819304367589,2786.705525716146,0.00012606618111021817,0.08502649377893519,7.489030838012695,1.6468614339828491,7.4968692527114476
/home/andres/Documentos/proyecto4geeks/data/raw/youtube/car_crash/🚨 The Most Horrific Car Crashes Ever Recorded! Learn to Drive! 🚨 - RR&BD Driving School_seg1807.wav,True,5.0,1.0354533195495605,0.23853369057178497,1116.1640270119376,1948.5555013020833,0.05394310504198074,0.051726164641203706,1.1239776611328125,1.3390897512435913,4.340910154297921
/home/andres/Documentos/proyecto4geeks/data/raw/youtube/car_crash/🚨 The Most Horrific Car Crashes Ever Recorded! Learn to Drive! 🚨 - RR&BD Driving School_seg647.wav,True,5.0,1.0030677318572998,0.13551738858222961,609.2139239420582,1081.9936116536458,0.022178208455443382,0.029520670572916668,12.237601280212402,0.7551597356796265,7.401764027066193
/home/andres/Documentos/proyecto4geeks/data/raw/youtube/car_crash/BEST OF CAR CRASHES 2024 (so far) - Dashcam Lessons_seg305.wav,True,5.0,0.5160085558891296,0.077023446559906,1443.6141004518488,2999.69482421875,0.00011141387949464843,0.05019350405092592,0.34478044509887695,1.0051411390304565,6.699369853322491
/home/andres/Documentos/proyecto4geeks/data/raw/youtube/car_crash/🚨 The Most Horrific Car Crashes Ever Recorded! Learn to Drive! 🚨 - RR&BD Driving School_seg33.wav,True,5.0,0.303239107131958,0.08535119891166687,1997.2984781090797,3928.8126627604165,0.00024352762557100505,0.10871943721064815,2.015176773071289,1.2110799551010132,3.552839456212426
/home/andres/Documentos/proyecto4geeks/data/raw/youtube/car_crash/🚨 The Most Horrific Car Crashes Ever Recorded! Learn to Drive! 🚨 - RR&BD Driving School_seg1413.wav,False,5.0,0.3140334486961365,0.061178430914878845,846.582586480974,1583.7870279947917,7.018098403932527e-05,0.03221073857060185,1.0214433670043945,0.7835858464241028,5.1330745819214725
/home/andres/Documentos/proyecto4geeks/data/raw/youtube/car_crash/🚨 The Most Horrific Car Crashes Ever Recorded! Learn to Drive! 🚨 - RR&BD Driving School_seg1487.wav,True,5.0,0.4891197681427002,0.09907709062099457,951.8266598961541,1859.332275390625,0.00010654988727765158,0.04561812789351852,2.3677854537963867,0.11004225164651871,4.936759497801789
/home/andres/Documentos/proyecto4geeks/data/raw/youtube/car_crash/🚨 The Most Horrific Car Crashes Ever Recorded! Learn to Drive! 🚨 - RR&BD Driving School_seg1428.wav,True,5.0,0.46263450384140015,0.07334622740745544,1303.645151102033,2255.8024088541665,8.270408579846844e-05,0.08575213396990741,3.705702781677246,0.934324324131012,6.307543280515979
/home/andres/Documentos/proyecto4geeks/data/raw/youtube/car_crash/🚨 The Most Horrific Car Crashes Ever Recorded! Learn to Drive! 🚨 - RR&BD Driving School_seg1611.wav,True,5.0,0.7179386615753174,0.09508424997329712,1811.4037834313112,4201.466878255208,0.00021177844610065222,0.08264612268518519,1.5949182510375977,1.2379646301269531,7.550552923006579
/home/andres/Documentos/proyecto4geeks/data/raw/youtube/car_crash/🚨 The Most Horrific Car Crashes Ever Recorded! Learn to Drive! 🚨 - RR&BD Driving School_seg13.wav,False,5.0,0.43600744009017944,0.12194497883319855,538.4206778240408,1027.6123046875,3.338772148708813e-05,0.01715992115162037,-0.2949662208557129,0.9332320690155029,3.575443976934821
/home/andres/Documentos/proyecto4geeks/data/raw/youtube/car_crash/BEST OF CAR CRASHES 2024 (so far) - Dashcam Lessons_seg585.wav,True,5.0,0.9743398427963257,0.11833592504262924,1520.4973126754674,2946.5596516927085,0.0001057147528626956,0.09355785228587964,6.9747772216796875,1.5269908905029297,8.23367749427823
/home/andres/Documentos/proyecto4geeks/data/raw/youtube/car_crash/🚨 The Most Horrific Car Crashes Ever Recorded! Learn to Drive! 🚨 - RR&BD Driving School_seg1421.wav,True,5.0,0.5967259407043457,0.08062145859003067,1041.2301352509246,2058.3648681640625,8.879815868567675e-05,0.04866310402199074,7.665701866149902,0.46367397904396057,7.401577087948305
/home/andres/Documentos/proyecto4geeks/data/raw/youtube/car_crash/hgfhons_seg43.wav,True,5.0,0.6766445636749268,0.11657293885946274,1151.407931874168,2841.6849772135415,5.578340278589167e-05,0.03759313512731482,1.3795208930969238,0.8407796025276184,5.8044737508493895
/home/andres/Documentos/proyecto4geeks/data/raw/youtube/car_crash/BEST OF CAR CRASHES 2024 (so far) - Dashcam Lessons_seg369.wav,True,5.0,0.535298764705658,0.08342990279197693,1336.3630004180386,3126.9999186197915,7.584068953292444e-05,0.04496708622685185,6.084617614746094,0.8041149973869324,6.41614992689071
/home/andres/Documentos/proyecto4geeks/data/raw/youtube/car_crash/🚨 The Most Horrific Car Crashes Ever Recorded! Learn to Drive! 🚨 - RR&BD Driving School_seg1416.wav,True,5.0,0.44274234771728516,0.12263786792755127,1289.2983040855438,2400.702921549479,0.00016319997666869313,0.06630678530092593,-0.11145806312561035,1.0512703657150269,3.6101601829479497
/home/andres/Documentos/proyecto4geeks/data/raw/youtube/car_crash/🚨 The Most Horrific Car Crashes Ever Recorded! Learn to Drive! 🚨 - RR&BD Driving School_seg900.wav,True,5.0,0.3493010401725769,0.07184361666440964,330.7016660516746,512.2609456380209,0.17644113302230835,0.01315872757523148,1.6744589805603027,1.782273812978019e-07,4.861963475465649
/home/andres/Documentos/proyecto4geeks/data/raw/youtube/car_crash/BEST OF CAR CRASHES 2024 (so far) - Dashcam Lessons_seg494.wav,True,5.0,0.7096379995346069,0.1780625283718109,735.4402279865586,1482.8999837239583,0.5902865529060364,0.02830222800925926,3.048198699951172,3.634610176086426,3.98533035568737
/home/andres/Documentos/proyecto4geeks/data/raw/youtube/car_crash/🚨 The Most Horrific Car Crashes Ever Recorded! Learn to Drive! 🚨 - RR&BD Driving School_seg1608.wav,True,5.0,0.3567471206188202,0.08360151946544647,922.5508202530793,1560.0107828776042,0.00012874339881818742,0.04137731481481482,0.2549397945404053,0.7368358373641968,4.267232496438068
/home/andres/Documentos/proyecto4geeks/data/raw/youtube/car_crash/INSANE CAR CRASHES COMPILATION   Best of USA & Canada Accidents - part 43 - Dashcam Lessons_seg82.wav,True,5.0,0.615747332572937,0.17251050472259521,943.9627504164644,1737.60986328125,3.1862939067650586e-05,0.04275173611111111,2.5300941467285156,3.4784297943115234,3.5693323925955553
/home/andres/Documentos/proyecto4geeks/data/raw/youtube/car_crash/INSANE CAR CRASHES COMPILATION   Best of USA & Canada Accidents - part 43 - Dashcam Lessons_seg175.wav,True,5.0,0.29097238183021545,0.0864446684718132,904.7575725128831,1787.4552408854167,8.93100950634107e-05,0.035472728587962965,1.2203431129455566,1.9275445938110352,3.3659956937856275
/home/andres/Documentos/proyecto4geeks/data/raw/youtube/car_crash/🚨 The Most Horrific Car Crashes Ever Recorded! Learn to Drive! 🚨 - RR&BD Driving School_seg725.wav,True,5.0,0.327882319688797,0.06920696049928665,1951.6572571880024,3521.625773111979,5.5292464821832255e-05,0.12773527922453703,0.41511988639831543,1.0670368671417236,4.73770726699432
/home/andres/Documentos/proyecto4geeks/data/raw/youtube/car_crash/🚨 The Most Horrific Car Crashes Ever Recorded! Learn to Drive! 🚨 - RR&BD Driving School_seg1804.wav,True,5.0,1.0184406042099,0.112600177526474,1253.351566197674,2603.174845377604,8.05617673904635e-05,0.05827501085069445,10.142450332641602,1.058245301246643,9.044751318987968
/home/andres/Documentos/proyecto4geeks/data/raw/youtube/car_crash/🚨 The Most Horrific Car Crashes Ever Recorded! Learn to Drive! 🚨 - RR&BD Driving School_seg1346.wav,True,5.0,0.6521104574203491,0.1230759248137474,1481.0321886081551,2328.7261962890625,9.364770085085183e-05,0.0972583912037037,2.5877819061279297,0.6039801836013794,5.298440441555885
/home/andres/Documentos/proyecto4geeks/data/raw/youtube/car_crash/🚨 The Most Horrific Car Crashes Ever Recorded! Learn to Drive! 🚨 - RR&BD Driving School_seg301.wav,True,5.0,0.8040033578872681,0.09887707978487015,1394.3329633850708,2983.893839518229,0.000150682230014354,0.06455032913773148,5.8564958572387695,0.5291718244552612,8.13134206257336
/home/andres/Documentos/proyecto4geeks/data/raw/youtube/car_crash/hgfhons_seg23.wav,True,5.0,0.5146962404251099,0.15242186188697815,1524.289751980247,2906.38427734375,5.226493158261292e-05,0.09971336082175926,0.17206287384033203,1.0151290893554688,3.376787516238214
/home/andres/Documentos/proyecto4geeks/data/raw/youtube/car_crash/BEST OF CAR CRASHES 2024 (so far) - Dashcam Lessons_seg284.wav,True,5.0,0.49094459414482117,0.10723699629306793,432.12985015897533,916.1081949869791,0.06055765599012375,0.01775218822337963,0.5686540603637695,0.36678841710090637,4.578127056063196
/home/andres/Documentos/proyecto4geeks/data/raw/youtube/car_crash/hgfhons_seg148.wav,True,5.0,0.42765358090400696,0.0674997940659523,1194.6817277120801,2192.3492431640625,0.006323039066046476,0.06451189959490741,0.5480992794036865,0.00034634870826266706,6.3356279350989135
/home/andres/Documentos/proyecto4geeks/data/raw/youtube/car_crash/🚨 The Most Horrific Car Crashes Ever Recorded! Learn to Drive! 🚨 - RR&BD Driving School_seg147.wav,True,5.0,0.43221423029899597,0.07442961633205414,936.3809403124362,1848.9644368489583,7.564487896161154e-05,0.035332573784722224,3.9229774475097656,0.2612738013267517,5.80701945801983
/home/andres/Documentos/proyecto4geeks/data/raw/youtube/car_crash/🚨 The Most Horrific Car Crashes Ever Recorded! Learn to Drive! 🚨 - RR&BD Driving School_seg51.wav,True,5.0,0.19613926112651825,0.05918417498469353,1257.7851002305513,2387.144978841146,0.14105990529060364,0.06538221571180555,-0.6776161193847656,1.5780302286148071,3.3140490878504365
/home/andres/Documentos/proyecto4geeks/data/raw/youtube/car_crash/BEST OF CAR CRASHES 2024 (so far) - Dashcam Lessons_seg542.wav,True,5.0,1.0004310607910156,0.13782857358455658,1132.5172054210464,2079.150390625,0.24348688125610352,0.06815140335648148,8.632357597351074,1.1761059681703045e-07,7.258517118513177
/home/andres/Documentos/proyecto4geeks/data/raw/youtube/car_crash/🚨 The Most Horrific Car Crashes Ever Recorded! Learn to Drive! 🚨 - RR&BD Driving School_seg1685.wav,False,5.0,0.3142468333244324,0.06248766556382179,828.4083949183317,1510.8632405598958,5.788743510493077e-05,0.034505208333333336,1.1804146766662598,0.9737002849578857,5.028941799697211
/home/andres/Documentos/proyecto4geeks/data/raw/youtube/car_crash/BEST OF CAR CRASHES 2024 (so far) - Dashcam Lessons_seg750.wav,True,5.0,1.0780748128890991,0.3636724352836609,1145.129141600712,2286.2579345703125,8.892860932974145e-05,0.04788773148148148,0.9033713340759277,0.3222092390060425,2.964411674602853
/home/andres/Documentos/proyecto4geeks/data/raw/youtube/car_crash/🚨 The Most Horrific Car Crashes Ever Recorded! Learn to Drive! 🚨 - RR&BD Driving School_seg1687.wav,False,5.0,0.4597644507884979,0.10005997866392136,816.148145703161,1543.6116536458333,2.444470374030061e-05,0.028957790798611112,1.2491569519042969,0.8359511494636536,4.594888555075021
/home/andres/Documentos/proyecto4geeks/data/raw/youtube/car_crash/🚨 The Most Horrific Car Crashes Ever Recorded! Learn to Drive! 🚨 - RR&BD Driving School_seg2087.wav,True,5.0,0.9251762628555298,0.1294088065624237,1678.31928754351,3616.631062825521,0.00032666686456650496,0.08967872902199074,6.177574157714844,1.21050226688385,7.149252724172969
/home/andres/Documentos/proyecto4geeks/data/raw/youtube/car_crash/BEST OF CAR CRASHES 2024 (so far) - Dashcam Lessons_seg386.wav,True,5.0,0.8286526799201965,0.1443861573934555,1020.1357293573744,1927.2715250651042,5.745076123275794e-05,0.05579517505787037,4.367448329925537,0.32391345500946045,5.739142137125793
/home/andres/Documentos/proyecto4geeks/data/raw/youtube/car_crash/🚨 The Most Horrific Car Crashes Ever Recorded! Learn to Drive! 🚨 - RR&BD Driving School_seg44.wav,True,5.0,0.33936798572540283,0.07367151230573654,765.9962892527168,1358.8846842447917,8.611434168415144e-05,0.025184913917824073,0.8022952079772949,1.3977136611938477,4.606502229958579
/home/andres/Documentos/proyecto4geeks/data/raw/youtube/car_crash/🚨 The Most Horrific Car Crashes Ever Recorded! Learn to Drive! 🚨 - RR&BD Driving School_seg685.wav,False,5.0,0.5153230428695679,0.09363716840744019,800.143658409578,1563.6494954427083,4.3953536078333855e-05,0.03601526331018518,0.9107732772827148,0.8946272730827332,5.503402672555806
/home/andres/Documentos/proyecto4geeks/data/raw/youtube/car_crash/🚨 The Most Horrific Car Crashes Ever Recorded! Learn to Drive! 🚨 - RR&BD Driving School_seg752.wav,True,5.0,0.5776034593582153,0.08778509497642517,1347.385888465781,2559.0616861979165,0.06663297861814499,0.06943992332175926,4.786187171936035,0.6322502493858337,6.579744084195067
/home/andres/Documentos/proyecto4geeks/data/raw/youtube/car_crash/🚨 The Most Horrific Car Crashes Ever Recorded! Learn to Drive! 🚨 - RR&BD Driving School_seg1371.wav,True,5.0,0.25141993165016174,0.08365895599126816,661.7640708622886,1187.8153483072917,1.409503511240473e-05,0.022928873697916668,-0.42071104049682617,1.17091965675354,3.0052960698361835
/home/andres/Documentos/proyecto4geeks/data/raw/youtube/car_crash/🚨 The Most Horrific Car Crashes Ever Recorded! Learn to Drive! 🚨 - RR&BD Driving School_seg563.wav,True,5.0,0.3803514242172241,0.0577189102768898,1155.5958522714802,2149.3326822916665,0.2051609605550766,0.07501220703125,1.4453916549682617,2.191821408814576e-07,6.58971942446606
/home/andres/Documentos/proyecto4geeks/data/raw/youtube/car_crash/BEST OF CAR CRASHES 2024 (so far) - Dashcam Lessons_seg499.wav,True,5.0,0.5438483357429504,0.10762329399585724,1436.2589848454454,2695.9869384765625,0.1959296315908432,0.07959436487268519,6.649768829345703,2.397282838821411,5.0532585980766545
/home/andres/Documentos/proyecto4geeks/data/raw/youtube/car_crash/🚨 The Most Horrific Car Crashes Ever Recorded! Learn to Drive! 🚨 - RR&BD Driving School_seg567.wav,False,5.0,0.357822984457016,0.07668840140104294,814.9044618296664,1602.6285807291667,6.431654037442058e-05,0.045102719907407406,0.7688803672790527,1.0939574241638184,4.665933542950131
/home/andres/Documentos/proyecto4geeks/data/raw/youtube/car_crash/🚨 The Most Horrific Car Crashes Ever Recorded! Learn to Drive! 🚨 - RR&BD Driving School_seg1953.wav,True,5.0,0.6005626916885376,0.14895528554916382,1605.7020582015748,3619.621785481771,0.1510586440563202,0.07139078776041667,1.7347760200500488,0.0004892412689514458,4.031832032481221
/home/andres/Documentos/proyecto4geeks/data/raw/youtube/car_crash/BEST OF CAR CRASHES 2024 (so far) - Dashcam Lessons_seg561.wav,True,5.0,0.5168549418449402,0.09362468868494034,889.9396650423831,1733.8714599609375,0.18054650723934174,0.027092827690972224,1.883063793182373,1.4128249858913478e-07,5.520498376007486
/home/andres/Documentos/proyecto4geeks/data/raw/youtube/car_crash/BEST OF CAR CRASHES 2024 (so far) - Dashcam Lessons_seg488.wav,True,5.0,0.6574472188949585,0.12624989449977875,1320.4655204492349,2881.511433919271,0.00010766037303255871,0.04349320023148148,-0.1951601505279541,1.1945658922195435,5.207507075508116
/home/andres/Documentos/proyecto4geeks/data/raw/youtube/car_crash/🚨 The Most Horrific Car Crashes Ever Recorded! Learn to Drive! 🚨 - RR&BD Driving School_seg2088.wav,True,5.0,0.8851393461227417,0.12935060262680054,1656.239516763706,3233.619181315104,0.00021030761126894504,0.10607458043981481,4.299027919769287,0.9725627303123474,6.842947215867891
/home/andres/Documentos/proyecto4geeks/data/raw/youtube/car_crash/BEST OF CAR CRASHES 2024 (so far) - Dashcam Lessons_seg627.wav,True,5.0,0.45942258834838867,0.09060773998498917,1244.5850977437242,2114.141845703125,5.3159154049353674e-05,0.07755533854166667,2.5869250297546387,0.4753573536872864,5.070456325468773
/home/andres/Documentos/proyecto4geeks/data/raw/youtube/car_crash/🚨 The Most Horrific Car Crashes Ever Recorded! Learn to Drive! 🚨 - RR&BD Driving School_seg265.wav,True,5.0,0.5193032622337341,0.08680365979671478,1042.8202922053044,1794.0348307291667,7.754652324365452e-05,0.06470856843171297,4.647339820861816,0.8152958154678345,5.982504233622249
/home/andres/Documentos/proyecto4geeks/data/raw/youtube/car_crash/🚨 The Most Horrific Car Crashes Ever Recorded! Learn to Drive! 🚨 - RR&BD Driving School_seg16.wav,True,5.0,0.5631455183029175,0.08703910559415817,821.3246880816681,1378.4739176432292,4.48017381131649e-05,0.05085584852430555,3.8841447830200195,2.2692103385925293,6.470028781341754
/home/andres/Documentos/proyecto4geeks/data/raw/youtube/car_crash/BEST OF CAR CRASHES 2024 (so far) - Dashcam Lessons_seg696.wav,False,5.0,0.9431602954864502,0.21192066371440887,591.7126859453982,1069.3328857421875,0.033547062426805496,0.02489104094328704,0.5882406234741211,0.8614194989204407,4.450534832002192
/home/andres/Documentos/proyecto4geeks/data/raw/youtube/car_crash/🚨 The Most Horrific Car Crashes Ever Recorded! Learn to Drive! 🚨 - RR&BD Driving School_seg1932.wav,True,5.0,0.5498454570770264,0.11015452444553375,1727.9099430936335,3674.6012369791665,0.0429716594517231,0.08333333333333333,2.216411590576172,0.5511618852615356,4.99158304971765
/home/andres/Documentos/proyecto4geeks/data/raw/youtube/car_crash/🚨 The Most Horrific Car Crashes Ever Recorded! Learn to Drive! 🚨 - RR&BD Driving School_seg1448.wav,True,5.0,0.6472746133804321,0.09323515743017197,897.6132396530194,1813.0757649739583,0.057497575879096985,0.053172923900462965,7.392946243286133,0.8228158950805664,6.94238773456529
/home/andres/Documentos/proyecto4geeks/data/raw/youtube/car_crash/🚨 The Most Horrific Car Crashes Ever Recorded! Learn to Drive! 🚨 - RR&BD Driving School_seg988.wav,True,5.0,1.0107728242874146,0.2146274298429489,628.6310327591613,1366.2119547526042,7.283358627319103e-06,0.02216706452546296,2.85970401763916,3.249073028564453,4.709429847910521
/home/andres/Documentos/proyecto4geeks/data/raw/youtube/car_crash/BEST OF CAR CRASHES 2024 (so far) - Dashcam Lessons_seg475.wav,True,5.0,0.5180049538612366,0.07503531873226166,1412.4331749041928,2697.4822998046875,8.543001604266465e-05,0.1025119357638889,3.728971481323242,0.6671323180198669,6.903481755074031
/home/andres/Documentos/proyecto4geeks/data/raw/youtube/car_crash/BEST OF CAR CRASHES 2024 (so far) - Dashcam Lessons_seg32.wav,True,5.0,0.666784942150116,0.1754053235054016,1879.0338513826239,3737.9048665364585,0.00031544535886496305,0.12176061559606481,0.21946406364440918,0.8350793123245239,3.80139512770136
/home/andres/Documentos/proyecto4geeks/data/raw/youtube/car_crash/🚨 The Most Horrific Car Crashes Ever Recorded! Learn to Drive! 🚨 - RR&BD Driving School_seg284.wav,True,5.0,0.4723164439201355,0.0728786438703537,765.6939866283524,1548.1974283854167,1.7222580936504528e-05,0.046052155671296294,2.764763832092285,1.3838859796524048,6.480862140545239
/home/andres/Documentos/proyecto4geeks/data/raw/youtube/car_crash/🚨 The Most Horrific Car Crashes Ever Recorded! Learn to Drive! 🚨 - RR&BD Driving School_seg768.wav,True,5.0,0.6679514050483704,0.09678420424461365,1181.5206171150571,2048.595174153646,0.00029815826565027237,0.08675130208333333,2.820530414581299,0.3765546977519989,6.9014506060646
/home/andres/Documentos/proyecto4geeks/data/raw/youtube/car_crash/BEST OF CAR CRASHES 2024 (so far) - Dashcam Lessons_seg252.wav,True,5.0,0.5658850073814392,0.10769647359848022,1040.5881583047722,2213.5335286458335,4.675623495131731e-05,0.04278112340856482,5.418773651123047,0.10086749494075775,5.254443237259073
/home/andres/Documentos/proyecto4geeks/data/raw/youtube/car_crash/BEST OF CAR CRASHES 2024 (so far) - Dashcam Lessons_seg298.wav,True,5.0,0.3468918204307556,0.07642504572868347,1120.1518719492635,2392.528279622396,0.209706649184227,0.044435854311342594,0.8623354434967041,1.3151330947875977,4.53898086836241
/home/andres/Documentos/proyecto4geeks/data/raw/youtube/car_crash/🚨 The Most Horrific Car Crashes Ever Recorded! Learn to Drive! 🚨 - RR&BD Driving School_seg399.wav,True,5.0,0.907066285610199,0.15857411921024323,973.8078389972873,2109.705607096354,2.7764379410655238e-05,0.034177426938657406,2.0471649169921875,0.12268680334091187,5.7201407778394024
/home/andres/Documentos/proyecto4geeks/data/raw/youtube/car_crash/🚨 The Most Horrific Car Crashes Ever Recorded! Learn to Drive! 🚨 - RR&BD Driving School_seg230.wav,True,5.0,0.9918187856674194,0.16906777024269104,1332.5029595886097,2705.0089518229165,8.556679676985368e-05,0.06113236038773148,1.932579517364502,1.5433540344238281,5.866397742383606
/home/andres/Documentos/proyecto4geeks/data/raw/youtube/car_crash/BEST OF CAR CRASHES 2024 (so far) - Dashcam Lessons_seg102.wav,True,5.0,0.973962664604187,0.142796128988266,1507.0994968154484,3033.240763346354,0.028925538063049316,0.07008418330439815,4.838802337646484,1.0115745067596436,6.820651732634852
/home/andres/Documentos/proyecto4geeks/data/raw/youtube/car_crash/BEST OF CAR CRASHES 2024 (so far) - Dashcam Lessons_seg514.wav,True,5.0,0.7573091983795166,0.15723906457424164,359.5640807552342,723.5056559244791,0.5509577393531799,0.014996563946759259,3.8063626289367676,1.0588483689843997e-07,4.81629167933094
/home/andres/Documentos/proyecto4geeks/data/raw/youtube/car_crash/🚨 The Most Horrific Car Crashes Ever Recorded! Learn to Drive! 🚨 - RR&BD Driving School_seg1531.wav,True,5.0,0.5921734571456909,0.09543750435113907,1743.4364668348064,3534.5357259114585,0.00032929753069765866,0.0925021701388889,3.861481189727783,0.7634709477424622,6.2048296543959065
/home/andres/Documentos/proyecto4geeks/data/raw/youtube/car_crash/BEST OF CAR CRASHES 2024 (so far) - Dashcam Lessons_seg304.wav,True,5.0,0.4804614186286926,0.07390297949314117,1419.122885349345,2937.2884114583335,9.843719453783706e-05,0.04948594835069445,1.2815675735473633,0.7187244296073914,6.501245577883396
/home/andres/Documentos/proyecto4geeks/data/raw/youtube/car_crash/🚨 The Most Horrific Car Crashes Ever Recorded! Learn to Drive! 🚨 - RR&BD Driving School_seg205.wav,False,5.0,0.28878170251846313,0.05374172329902649,688.9182722097431,1430.8614095052083,1.4501038094749674e-05,0.032023111979166664,0.659721851348877,0.9685518741607666,5.373510278155163
/home/andres/Documentos/proyecto4geeks/data/raw/youtube/car_crash/🚨 The Most Horrific Car Crashes Ever Recorded! Learn to Drive! 🚨 - RR&BD Driving School_seg1452.wav,True,5.0,0.7085011601448059,0.08694910258054733,1055.5241657096844,2260.1888020833335,0.3116436302661896,0.043529369212962965,2.8837833404541016,1.8724604845046997,8.148458570694514
/home/andres/Documentos/proyecto4geeks/data/raw/youtube/car_crash/🚨 The Most Horrific Car Crashes Ever Recorded! Learn to Drive! 🚨 - RR&BD Driving School_seg1385.wav,True,5.0,1.0012096166610718,0.10609526187181473,1429.5049510804276,2907.6802571614585,0.025492927059531212,0.0685763888888889,12.714420318603516,1.4237719774246216,9.436892835622627
/home/andres/Documentos/proyecto4geeks/data/raw/youtube/car_crash/🚨 The Most Horrific Car Crashes Ever Recorded! Learn to Drive! 🚨 - RR&BD Driving School_seg1260.wav,True,5.0,0.5148358345031738,0.1464451104402542,2884.472587349953,5746.5240478515625,0.0003067918587476015,0.17057517722800927,0.9874799251556396,0.8963444828987122,3.5155549608445127
/home/andres/Documentos/proyecto4geeks/data/raw/youtube/car_crash/🚨 The Most Horrific Car Crashes Ever Recorded! Learn to Drive! 🚨 - RR&BD Driving School_seg1542.wav,True,5.0,0.5192023515701294,0.1021234467625618,2395.286463425417,5028.0029296875,0.0002634843112900853,0.14445665147569445,1.2241644859313965,0.815611720085144,5.084066079087566
/home/andres/Documentos/proyecto4geeks/data/raw/youtube/car_crash/🚨 The Most Horrific Car Crashes Ever Recorded! Learn to Drive! 🚨 - RR&BD Driving School_seg1341.wav,True,5.0,0.16884949803352356,0.06422673165798187,1227.1251086776897,2329.473876953125,0.0001821444311644882,0.06141945167824074,-0.3222696781158447,1.5035290718078613,2.6289598376272125
/home/andres/Documentos/proyecto4geeks/data/raw/youtube/car_crash/INSANE CAR CRASHES COMPILATION   Best of USA & Canada Accidents - part 43 - Dashcam Lessons_seg122.wav,True,5.0,0.31847888231277466,0.08589309453964233,723.3777608445905,1415.2099609375,0.052100006490945816,0.019820601851851853,1.832864761352539,1.3570334911346436,3.7078519992323584
/home/andres/Documentos/proyecto4geeks/data/raw/youtube/car_crash/🚨 The Most Horrific Car Crashes Ever Recorded! Learn to Drive! 🚨 - RR&BD Driving School_seg1999.wav,True,5.0,0.5006638169288635,0.08910984545946121,1101.0161969860565,2154.3172200520835,4.4422311475500464e-05,0.05787037037037037,2.698354721069336,1.320759654045105,5.61850168566404
/home/andres/Documentos/proyecto4geeks/data/raw/youtube/car_crash/🚨 The Most Horrific Car Crashes Ever Recorded! Learn to Drive! 🚨 - RR&BD Driving School_seg4.wav,False,5.0,0.6268265843391418,0.1376378834247589,483.334432776172,802.8096516927084,3.667359487735666e-05,0.011960630063657407,-0.2686574459075928,1.015053153038025,4.554171923729476
/home/andres/Documentos/proyecto4geeks/data/raw/youtube/car_crash/BEST OF CAR CRASHES 2024 (so far) - Dashcam Lessons_seg497.wav,True,5.0,0.6658932566642761,0.2380692958831787,1562.3453555710907,3076.85546875,3.810691850958392e-05,0.07813404224537036,-0.6398115158081055,1.0484066009521484,2.797056437669454
/home/andres/Documentos/proyecto4geeks/data/raw/youtube/car_crash/🚨 The Most Horrific Car Crashes Ever Recorded! Learn to Drive! 🚨 - RR&BD Driving School_seg2036.wav,True,5.0,0.6856948137283325,0.14782679080963135,895.4196799382846,1694.9422200520833,1.8020888091996312e-05,0.05091236255787037,2.1606006622314453,2.0814549922943115,4.638501654322722
/home/andres/Documentos/proyecto4geeks/data/raw/youtube/car_crash/BEST OF CAR CRASHES 2024 (so far) - Dashcam Lessons_seg202.wav,True,5.0,0.21548153460025787,0.06334205716848373,831.2110498432796,1712.9862467447917,4.9479203880764544e-05,0.022318522135416668,0.19373059272766113,1.341239094734192,3.4018714299678643
/home/andres/Documentos/proyecto4geeks/data/raw/youtube/car_crash/BEST OF CAR CRASHES 2024 (so far) - Dashcam Lessons_seg402.wav,True,5.0,0.6419252157211304,0.1408713310956955,1515.5392922243147,2891.081746419271,5.392308594309725e-05,0.07158293547453703,1.4289722442626953,1.8446599245071411,4.556819409057095
/home/andres/Documentos/proyecto4geeks/data/raw/youtube/car_crash/hgfhons_seg150.wav,True,5.0,0.7556065917015076,0.10298702120780945,2307.242640149866,4518.6330159505205,0.011065799742937088,0.11997477213541667,5.405178070068359,3.294989824295044,7.336910834322426
/home/andres/Documentos/proyecto4geeks/data/raw/youtube/car_crash/hgfhons_seg120.wav,True,5.0,0.539187490940094,0.08655495941638947,938.5738267440975,1725.4475911458333,4.422060010256246e-05,0.03721336082175926,1.53997802734375,0.6633584499359131,6.2294234157051385
/home/andres/Documentos/proyecto4geeks/data/raw/youtube/car_crash/🚨 The Most Horrific Car Crashes Ever Recorded! Learn to Drive! 🚨 - RR&BD Driving School_seg1160.wav,True,5.0,0.5787975192070007,0.1022019237279892,900.3529087533809,2035.5855305989583,4.760902083944529e-05,0.015543619791666666,1.5204930305480957,1.935206413269043,5.6632742133289895
/home/andres/Documentos/proyecto4geeks/data/raw/youtube/car_crash/BEST OF CAR CRASHES 2024 (so far) - Dashcam Lessons_seg295.wav,True,5.0,0.4648919105529785,0.1409120410680771,1576.8264239206667,3429.511515299479,0.00010008542449213564,0.08802173755787036,-0.06608748435974121,0.8887128233909607,3.2991638402645935
/home/andres/Documentos/proyecto4geeks/data/raw/youtube/car_crash/🚨 The Most Horrific Car Crashes Ever Recorded! Learn to Drive! 🚨 - RR&BD Driving School_seg769.wav,True,5.0,0.8106192350387573,0.08369625359773636,1151.2408909408757,1876.9775390625,3.6675155570264906e-05,0.08860270182291667,5.229940414428711,0.8484193086624146,9.68525113352261
/home/andres/Documentos/proyecto4geeks/data/raw/youtube/car_crash/🚨 The Most Horrific Car Crashes Ever Recorded! Learn to Drive! 🚨 - RR&BD Driving School_seg87.wav,True,5.0,1.0006437301635742,0.10028455406427383,370.9338837868647,618.4315999348959,0.6813772916793823,0.026652018229166668,15.926069259643555,2.1811541728311568e-07,9.978044370743962
/home/andres/Documentos/proyecto4geeks/data/raw/youtube/car_crash/🚨 The Most Horrific Car Crashes Ever Recorded! Learn to Drive! 🚨 - RR&BD Driving School_seg1641.wav,True,5.0,1.0255889892578125,0.16990113258361816,364.591940426806,721.9106038411459,0.7090917229652405,0.017781575520833332,17.504425048828125,4.071579456329346,6.036387007290987
/home/andres/Documentos/proyecto4geeks/data/raw/youtube/car_crash/🚨 The Most Horrific Car Crashes Ever Recorded! Learn to Drive! 🚨 - RR&BD Driving School_seg2135.wav,True,5.0,0.42926278710365295,0.1305953562259674,273.7713221391023,466.851806640625,0.4675983488559723,0.00520607277199074,0.5032052993774414,1.0727794119702594e-07,3.2869682315320485
/home/andres/Documentos/proyecto4geeks/data/raw/youtube/car_crash/hgfhons_seg93.wav,True,5.0,0.7124855518341064,0.22798563539981842,630.941932196584,1117.034912109375,5.187537681194954e-06,0.024470576533564815,0.2298130989074707,1.165446400642395,3.125133522476078
/home/andres/Documentos/proyecto4geeks/data/raw/youtube/car_crash/BEST OF CAR CRASHES 2024 (so far) - Dashcam Lessons_seg170.wav,True,5.0,1.0262113809585571,0.14624089002609253,958.5372463566948,1667.926025390625,5.0448750698706135e-05,0.04933901186342592,14.808542251586914,0.36486291885375977,7.017267063736015
/home/andres/Documentos/proyecto4geeks/data/raw/youtube/car_crash/🚨 The Most Horrific Car Crashes Ever Recorded! Learn to Drive! 🚨 - RR&BD Driving School_seg1077.wav,False,5.0,0.2113940715789795,0.058797456324100494,498.95980114796504,598.2442220052084,4.614124190993607e-05,0.01964201750578704,-0.10482406616210938,0.9427219033241272,3.595292803317001
/home/andres/Documentos/proyecto4geeks/data/raw/youtube/car_crash/BEST OF CAR CRASHES 2024 (so far) - Dashcam Lessons_seg735.wav,True,5.0,0.9941096305847168,0.11347559094429016,961.3506020174675,1829.0262858072917,4.3572461436269805e-05,0.058534975405092594,6.691390037536621,0.653453528881073,8.760559185490433
/home/andres/Documentos/proyecto4geeks/data/raw/youtube/car_crash/BEST OF CAR CRASHES 2024 (so far) - Dashcam Lessons_seg352.wav,True,5.0,1.020605206489563,0.185690239071846,1118.0116227938447,2177.0467122395835,7.613893103552982e-05,0.04850938585069445,1.7645721435546875,0.5880858302116394,5.496278165106896
/home/andres/Documentos/proyecto4geeks/data/raw/youtube/car_crash/🚨 The Most Horrific Car Crashes Ever Recorded! Learn to Drive! 🚨 - RR&BD Driving School_seg1752.wav,True,5.0,0.9981974363327026,0.22858844697475433,996.0557883202408,2110.9517415364585,5.8473040553508326e-05,0.061371979890046294,1.059687614440918,0.8050293922424316,4.36678865244042
/home/andres/Documentos/proyecto4geeks/data/raw/youtube/car_crash/🚨 The Most Horrific Car Crashes Ever Recorded! Learn to Drive! 🚨 - RR&BD Driving School_seg1411.wav,True,5.0,0.30864769220352173,0.06413277983665466,667.1074560714106,1207.4045817057292,0.10694065690040588,0.028905797887731483,0.8680984973907471,0.03797989338636398,4.8126354881985565
/home/andres/Documentos/proyecto4geeks/data/raw/youtube/car_crash/🚨 The Most Horrific Car Crashes Ever Recorded! Learn to Drive! 🚨 - RR&BD Driving School_seg290.wav,False,5.0,0.5664591789245605,0.13890163600444794,301.70871358980577,364.4694010416667,1.0443960491102189e-05,0.014659740306712963,0.29179883003234863,0.8908820152282715,4.078131800422733
/home/andres/Documentos/proyecto4geeks/data/raw/youtube/car_crash/🚨 The Most Horrific Car Crashes Ever Recorded! Learn to Drive! 🚨 - RR&BD Driving School_seg1615.wav,True,5.0,0.30590811371803284,0.07216489315032959,1329.7097662719023,2534.7371419270835,0.00011383217497495934,0.07711226851851852,0.9099478721618652,1.387856364250183,4.23901568144145
/home/andres/Documentos/proyecto4geeks/data/raw/youtube/car_crash/🚨 The Most Horrific Car Crashes Ever Recorded! Learn to Drive! 🚨 - RR&BD Driving School_seg401.wav,True,5.0,0.6086584329605103,0.07600559294223785,2160.262964706834,4091.30859375,0.0003822219732683152,0.14435718677662038,1.6428070068359375,1.088997721672058,8.008074266522277
/home/andres/Documentos/proyecto4geeks/data/raw/youtube/car_crash/🚨 The Most Horrific Car Crashes Ever Recorded! Learn to Drive! 🚨 - RR&BD Driving School_seg1598.wav,True,5.0,0.336928129196167,0.07619282603263855,681.4757090692739,1445.3165690104167,0.4150470495223999,0.017921730324074073,1.91685152053833,1.9672171447382425e-07,4.422045312342343
/home/andres/Documentos/proyecto4geeks/data/raw/youtube/car_crash/INSANE CAR CRASHES COMPILATION   Best of USA & Canada Accidents - part 43 - Dashcam Lessons_seg50.wav,False,5.0,0.4563125669956207,0.15074194967746735,540.7656281358245,1093.0094401041667,1.3213668353273533e-05,0.022587528935185185,0.4982457160949707,0.4934197962284088,3.0271106879600245
/home/andres/Documentos/proyecto4geeks/data/raw/youtube/car_crash/🚨 The Most Horrific Car Crashes Ever Recorded! Learn to Drive! 🚨 - RR&BD Driving School_seg88.wav,True,5.0,0.9401164054870605,0.13498297333717346,2127.3058177392177,4415.5527750651045,0.000217052802327089,0.15110948350694445,3.025322914123535,1.1298820972442627,6.964703638078727
/home/andres/Documentos/proyecto4geeks/data/raw/youtube/car_crash/INSANE CAR CRASHES COMPILATION   Best of USA & Canada Accidents - part 43 - Dashcam Lessons_seg156.wav,False,5.0,0.25834619998931885,0.06560175120830536,470.26404487994904,913.7654622395834,1.4972739336371887e-05,0.01560013382523148,1.1874113082885742,1.115193247795105,3.938099139534455
/home/andres/Documentos/proyecto4geeks/data/raw/youtube/car_crash/🚨 The Most Horrific Car Crashes Ever Recorded! Learn to Drive! 🚨 - RR&BD Driving School_seg522.wav,True,5.0,1.0037338733673096,0.14858201146125793,1060.6090716658257,1948.9044189453125,3.2789757824502885e-05,0.05617947048611111,7.975984573364258,0.3604738116264343,6.755419875455603
/home/andres/Documentos/proyecto4geeks/data/raw/youtube/car_crash/🚨 The Most Horrific Car Crashes Ever Recorded! Learn to Drive! 🚨 - RR&BD Driving School_seg1345.wav,True,5.0,0.5871292948722839,0.12055135518312454,1528.9095897023578,2413.0645751953125,8.832709863781929e-05,0.1047024197048611,0.9779810905456543,0.40028610825538635,4.870366608285157
/home/andres/Documentos/proyecto4geeks/data/raw/youtube/car_crash/hgfhons_seg140.wav,True,5.0,0.722689688205719,0.07008542120456696,3030.815114558401,5501.5838623046875,0.0010855688014999032,0.2285427517361111,12.564742088317871,0.8282378911972046,10.311555181868764
/home/andres/Documentos/proyecto4geeks/data/raw/youtube/car_crash/🚨 The Most Horrific Car Crashes Ever Recorded! Learn to Drive! 🚨 - RR&BD Driving School_seg120.wav,True,5.0,0.6936287879943848,0.15671536326408386,314.93693533861557,623.9644368489584,0.6687323451042175,0.007674605758101852,4.807981491088867,1.294950493502256e-07,4.426042051927688
/home/andres/Documentos/proyecto4geeks/data/raw/youtube/car_crash/🚨 The Most Horrific Car Crashes Ever Recorded! Learn to Drive! 🚨 - RR&BD Driving School_seg1593.wav,True,5.0,0.8428969383239746,0.21999351680278778,546.8292473926215,914.9119059244791,6.0805534303653985e-05,0.01177978515625,2.499457359313965,0.4579317271709442,3.831462629309001
/home/andres/Documentos/proyecto4geeks/data/raw/youtube/car_crash/🚨 The Most Horrific Car Crashes Ever Recorded! Learn to Drive! 🚨 - RR&BD Driving School_seg1423.wav,True,5.0,0.6281047463417053,0.0734194740653038,1179.2419698582196,2113.6932373046875,4.469488703762181e-05,0.06968632450810185,5.175565719604492,1.7470639944076538,8.555015604912604
/home/andres/Documentos/proyecto4geeks/data/raw/youtube/car_crash/🚨 The Most Horrific Car Crashes Ever Recorded! Learn to Drive! 🚨 - RR&BD Driving School_seg587.wav,True,5.0,0.7221511006355286,0.09467322379350662,1307.0716063669006,2707.8999837239585,0.00033004654687829316,0.05800600405092592,15.727897644042969,0.8293276429176331,7.6278283520058086
/home/andres/Documentos/proyecto4geeks/data/raw/youtube/car_crash/🚨 The Most Horrific Car Crashes Ever Recorded! Learn to Drive! 🚨 - RR&BD Driving School_seg264.wav,True,5.0,0.295642226934433,0.06527627259492874,1143.4872330369985,1967.1976725260417,8.811787847662345e-05,0.0672901294849537,0.28832411766052246,0.7967678308486938,4.5290917385021165
/home/andres/Documentos/proyecto4geeks/data/raw/youtube/car_crash/🚨 The Most Horrific Car Crashes Ever Recorded! Learn to Drive! 🚨 - RR&BD Driving School_seg2043.wav,True,5.0,0.4606359601020813,0.17845550179481506,1010.8026299785515,2016.5445963541667,0.025886408984661102,0.034270109953703706,-0.36191773414611816,0.39665675163269043,2.5812370897319323
/home/andres/Documentos/proyecto4geeks/data/raw/youtube/car_crash/🚨 The Most Horrific Car Crashes Ever Recorded! Learn to Drive! 🚨 - RR&BD Driving School_seg1614.wav,True,5.0,0.3754025399684906,0.07511963695287704,1831.0657694785348,3765.7684326171875,0.00017076023505069315,0.10307481553819445,0.7275793552398682,0.7182535529136658,4.997395557156183
/home/andres/Documentos/proyecto4geeks/data/raw/youtube/car_crash/🚨 The Most Horrific Car Crashes Ever Recorded! Learn to Drive! 🚨 - RR&BD Driving School_seg775.wav,True,5.0,0.4614909291267395,0.0660560205578804,2627.777241254987,5282.114664713542,0.0004060759674757719,0.17730260778356483,4.958171844482422,0.9222003221511841,6.986356810813027
/home/andres/Documentos/proyecto4geeks/data/raw/youtube/car_crash/BEST OF CAR CRASHES 2024 (so far) - Dashcam Lessons_seg743.wav,True,5.0,0.7113425731658936,0.07470852136611938,1098.9500876293623,1850.0111897786458,7.374151755357161e-05,0.057140209056712965,12.821868896484375,0.1915477067232132,9.521572106484879
/home/andres/Documentos/proyecto4geeks/data/raw/youtube/car_crash/🚨 The Most Horrific Car Crashes Ever Recorded! Learn to Drive! 🚨 - RR&BD Driving School_seg1572.wav,True,5.0,0.29492616653442383,0.07986009865999222,968.0121098232943,1427.0233154296875,4.7396039008162916e-05,0.04983859592013889,0.11595559120178223,1.1423128843307495,3.6930353390419857
/home/andres/Documentos/proyecto4geeks/data/raw/youtube/car_crash/🚨 The Most Horrific Car Crashes Ever Recorded! Learn to Drive! 🚨 - RR&BD Driving School_seg1226.wav,False,5.0,0.2913825809955597,0.12733164429664612,665.0930969106797,1117.0847574869792,2.4132270482368767e-05,0.0294189453125,-0.9423551559448242,1.1716474294662476,2.288375231489461
/home/andres/Documentos/proyecto4geeks/data/raw/youtube/car_crash/🚨 The Most Horrific Car Crashes Ever Recorded! Learn to Drive! 🚨 - RR&BD Driving School_seg517.wav,True,5.0,0.42888370156288147,0.06014420837163925,1149.3370549147437,2428.9652506510415,5.687822340405546e-05,0.050455729166666664,1.7379050254821777,0.4899325966835022,7.130922713382804
/home/andres/Documentos/proyecto4geeks/data/raw/youtube/car_crash/🚨 The Most Horrific Car Crashes Ever Recorded! Learn to Drive! 🚨 - RR&BD Driving School_seg438.wav,True,5.0,0.8728522062301636,0.19284065067768097,1064.0701263583057,2252.363077799479,7.332622772082686e-05,0.037211100260416664,-0.18725275993347168,0.9943042993545532,4.526287394064781
/home/andres/Documentos/proyecto4geeks/data/raw/youtube/car_crash/🚨 The Most Horrific Car Crashes Ever Recorded! Learn to Drive! 🚨 - RR&BD Driving School_seg1173.wav,True,5.0,0.641916811466217,0.09211769700050354,1791.427432910953,3330.3192138671875,0.00013922863581683487,0.11005316840277778,5.141925811767578,1.1609525680541992,6.9684418126056675
/home/andres/Documentos/proyecto4geeks/data/raw/youtube/car_crash/🚨 The Most Horrific Car Crashes Ever Recorded! Learn to Drive! 🚨 - RR&BD Driving School_seg1314.wav,True,5.0,0.20435059070587158,0.06001798436045647,932.1972767599706,1941.876220703125,6.19025740888901e-05,0.034055356626157406,-0.2994551658630371,1.0569034814834595,3.4048226190865796
/home/andres/Documentos/proyecto4geeks/data/raw/youtube/car_crash/🚨 The Most Horrific Car Crashes Ever Recorded! Learn to Drive! 🚨 - RR&BD Driving School_seg12.wav,True,5.0,0.4282107353210449,0.09122481197118759,328.127892229874,594.7550455729166,0.3863304853439331,0.012005841290509259,1.812943458557129,1.5491636418119015e-07,4.6940160912756586
/home/andres/Documentos/proyecto4geeks/data/raw/youtube/car_crash/🚨 The Most Horrific Car Crashes Ever Recorded! Learn to Drive! 🚨 - RR&BD Driving School_seg1652.wav,True,5.0,0.2670108377933502,0.07523302733898163,1590.6860587380597,3360.2762858072915,9.015254909172654e-05,0.07262957537615741,0.5188841819763184,0.6780877709388733,3.5491172857728497
/home/andres/Documentos/proyecto4geeks/data/raw/youtube/car_crash/hgfhons_seg200.wav,True,5.0,0.6582005023956299,0.11764548718929291,1922.2858596367096,3806.1431884765625,0.0003320534306112677,0.12060998987268519,0.8970508575439453,0.6290426850318909,5.594779010358324
/home/andres/Documentos/proyecto4geeks/data/raw/youtube/car_crash/🚨 The Most Horrific Car Crashes Ever Recorded! Learn to Drive! 🚨 - RR&BD Driving School_seg1455.wav,True,5.0,0.6894959211349487,0.1327785849571228,1147.285329847476,2178.0436197916665,8.616504783276469e-05,0.04538529007523148,0.46140336990356445,1.1721441745758057,5.192824741673589
/home/andres/Documentos/proyecto4geeks/data/raw/youtube/car_crash/🚨 The Most Horrific Car Crashes Ever Recorded! Learn to Drive! 🚨 - RR&BD Driving School_seg1486.wav,True,5.0,0.7105393409729004,0.0825849175453186,938.9674428244357,1686.2691243489583,0.3477466106414795,0.06026430483217592,5.16623592376709,2.0242596576736105e-07,8.603742209639998
/home/andres/Documentos/proyecto4geeks/data/raw/youtube/car_crash/🚨 The Most Horrific Car Crashes Ever Recorded! Learn to Drive! 🚨 - RR&BD Driving School_seg1144.wav,True,5.0,0.981917142868042,0.11359839886426926,1230.6932669299451,2531.098429361979,0.00010631890472723171,0.04392270688657408,2.951380729675293,0.8033962249755859,8.64375865044209
/home/andres/Documentos/proyecto4geeks/data/raw/youtube/car_crash/🚨 The Most Horrific Car Crashes Ever Recorded! Learn to Drive! 🚨 - RR&BD Driving School_seg901.wav,True,5.0,0.9545042514801025,0.0836794450879097,534.398690866996,1017.44384765625,4.576564970193431e-05,0.01665129484953704,19.838172912597656,1.3618484735488892,11.406675205194519
/home/andres/Documentos/proyecto4geeks/data/raw/youtube/car_crash/BEST OF CAR CRASHES 2024 (so far) - Dashcam Lessons_seg570.wav,True,5.0,1.000848650932312,0.27136558294296265,274.5468360623911,461.5183512369792,0.15886422991752625,0.007952654803240741,2.4030585289001465,4.9078209940489614e-08,3.688193027554967
/home/andres/Documentos/proyecto4geeks/data/raw/youtube/car_crash/INSANE CAR CRASHES COMPILATION   Best of USA & Canada Accidents - part 43 - Dashcam Lessons_seg79.wav,False,5.0,0.5956047177314758,0.14503848552703857,633.6315898238593,1309.6872965494792,1.4709542483615223e-05,0.03833459924768518,0.2632327079772949,0.8616065979003906,4.106528798636239
/home/andres/Documentos/proyecto4geeks/data/raw/youtube/car_crash/BEST OF CAR CRASHES 2024 (so far) - Dashcam Lessons_seg448.wav,True,5.0,0.8399341106414795,0.22641152143478394,611.385603852563,1147.1415201822917,0.4440731108188629,0.025230125144675927,3.318376064300537,5.65843391418457,3.7097675300048993
/home/andres/Documentos/proyecto4geeks/data/raw/youtube/car_crash/BEST OF CAR CRASHES 2024 (so far) - Dashcam Lessons_seg338.wav,True,5.0,0.9125298261642456,0.15872308611869812,642.7160476312097,1347.7691650390625,0.5711942315101624,0.021000614872685185,6.880527496337891,9.59597110748291,5.749194074238689
/home/andres/Documentos/proyecto4geeks/data/raw/youtube/car_crash/🚨 The Most Horrific Car Crashes Ever Recorded! Learn to Drive! 🚨 - RR&BD Driving School_seg128.wav,True,5.0,0.9793213605880737,0.10912687331438065,932.1512005176447,1845.3755696614583,4.106432243133895e-05,0.04220920138888889,3.875979423522949,0.9127193689346313,8.974153944260816
/home/andres/Documentos/proyecto4geeks/data/raw/youtube/car_crash/🚨 The Most Horrific Car Crashes Ever Recorded! Learn to Drive! 🚨 - RR&BD Driving School_seg1203.wav,False,5.0,0.3658704459667206,0.1104961410164833,727.0751873097395,1388.29345703125,2.6921125027001835e-05,0.032866301359953706,-0.304581880569458,0.6921191811561584,3.3111603952651207
/home/andres/Documentos/proyecto4geeks/data/raw/youtube/car_crash/🚨 The Most Horrific Car Crashes Ever Recorded! Learn to Drive! 🚨 - RR&BD Driving School_seg2061.wav,True,5.0,0.4886917769908905,0.13300257921218872,1379.9854029049225,2486.237589518229,8.115136006381363e-05,0.10456000434027778,-0.22076773643493652,0.6526711583137512,3.674303008873012
/home/andres/Documentos/proyecto4geeks/data/raw/youtube/car_crash/hgfhons_seg149.wav,True,5.0,0.6861700415611267,0.15251070261001587,1057.314767439538,2087.3748779296875,9.429772762814537e-05,0.046366373697916664,1.9242281913757324,0.5081329345703125,4.499159926573996
/home/andres/Documentos/proyecto4geeks/data/raw/youtube/car_crash/BEST OF CAR CRASHES 2024 (so far) - Dashcam Lessons_seg6.wav,False,5.0,0.16866320371627808,0.10674306005239487,1165.4377763919617,2315.5171712239585,9.002491424325854e-05,0.04179325810185185,-1.6030902862548828,0.9236015677452087,1.5800858962813094
/home/andres/Documentos/proyecto4geeks/data/raw/youtube/car_crash/🚨 The Most Horrific Car Crashes Ever Recorded! Learn to Drive! 🚨 - RR&BD Driving School_seg2040.wav,False,5.0,0.21129849553108215,0.05729059502482414,753.5806015009393,1450.1017252604167,1.8555096175987273e-05,0.012419524016203705,-0.05156517028808594,0.949385404586792,3.6881881822982963
/home/andres/Documentos/proyecto4geeks/data/raw/youtube/car_crash/🚨 The Most Horrific Car Crashes Ever Recorded! Learn to Drive! 🚨 - RR&BD Driving School_seg1254.wav,False,5.0,0.1885066032409668,0.06345401704311371,340.6703309671742,397.0184326171875,4.081358383700717e-06,0.008190013744212963,-0.20694637298583984,0.9791874885559082,2.9707591736850256
/home/andres/Documentos/proyecto4geeks/data/raw/youtube/car_crash/BEST OF CAR CRASHES 2024 (so far) - Dashcam Lessons_seg652.wav,True,5.0,0.4976019561290741,0.06585444509983063,1227.848566044023,2344.5770263671875,0.00012598682951647788,0.07414415147569445,4.601158618927002,0.6175215840339661,7.5560876014852
/home/andres/Documentos/proyecto4geeks/data/raw/youtube/car_crash/🚨 The Most Horrific Car Crashes Ever Recorded! Learn to Drive! 🚨 - RR&BD Driving School_seg402.wav,True,5.0,0.5687082409858704,0.07335876673460007,2349.8312472236425,4417.0481363932295,0.0006279055378399789,0.17573377821180555,1.3628168106079102,0.9658448100090027,7.752423688304503
/home/andres/Documentos/proyecto4geeks/data/raw/youtube/car_crash/🚨 The Most Horrific Car Crashes Ever Recorded! Learn to Drive! 🚨 - RR&BD Driving School_seg113.wav,True,5.0,0.4612984359264374,0.08724113553762436,739.9660087610523,1309.5876057942708,0.021754059940576553,0.027113172743055556,1.267059326171875,1.4470645189285278,5.287625305177352
/home/andres/Documentos/proyecto4geeks/data/raw/youtube/car_crash/🚨 The Most Horrific Car Crashes Ever Recorded! Learn to Drive! 🚨 - RR&BD Driving School_seg28.wav,True,5.0,0.21276512742042542,0.053155768662691116,977.6277121515387,2012.5569661458333,0.00012455644900910556,0.04024703414351852,0.022071361541748047,1.1887638568878174,4.002672386633325
/home/andres/Documentos/proyecto4geeks/data/raw/youtube/car_crash/INSANE CAR CRASHES COMPILATION   Best of USA & Canada Accidents - part 43 - Dashcam Lessons_seg28.wav,True,5.0,0.5755868554115295,0.12937618792057037,1708.3167859082864,2996.8536376953125,0.00024972038227133453,0.1008006908275463,1.801314353942871,1.040453314781189,4.448939674744924
/home/andres/Documentos/proyecto4geeks/data/raw/youtube/car_crash/🚨 The Most Horrific Car Crashes Ever Recorded! Learn to Drive! 🚨 - RR&BD Driving School_seg2074.wav,False,5.0,0.546760082244873,0.06864308565855026,762.9983876561187,1291.9921875,0.0002255885920021683,0.04237422236689815,1.1889677047729492,0.8924576044082642,7.96526084151642
/home/andres/Documentos/proyecto4geeks/data/raw/youtube/car_crash/BEST OF CAR CRASHES 2024 (so far) - Dashcam Lessons_seg144.wav,True,5.0,0.7366318702697754,0.13901486992835999,1404.6141643482783,2911.518351236979,9.250833682017401e-05,0.07572880497685185,1.5620594024658203,1.1505088806152344,5.298942988214806
/home/andres/Documentos/proyecto4geeks/data/raw/youtube/car_crash/🚨 The Most Horrific Car Crashes Ever Recorded! Learn to Drive! 🚨 - RR&BD Driving School_seg1683.wav,True,5.0,0.49276113510131836,0.11227646470069885,1061.236995371379,2295.977783203125,0.00011872336472151801,0.036632396556712965,0.41244077682495117,0.8405628800392151,4.38881947708728
/home/andres/Documentos/proyecto4geeks/data/raw/youtube/car_crash/🚨 The Most Horrific Car Crashes Ever Recorded! Learn to Drive! 🚨 - RR&BD Driving School_seg1245.wav,False,5.0,0.38147860765457153,0.07441059499979019,419.1390111185739,752.8645833333334,1.5808163880137727e-05,0.01018382884837963,0.569828987121582,0.8208653926849365,5.126670572255476
/home/andres/Documentos/proyecto4geeks/data/raw/youtube/car_crash/BEST OF CAR CRASHES 2024 (so far) - Dashcam Lessons_seg398.wav,True,5.0,1.0155515670776367,0.1347118616104126,1046.5815551612152,1907.9315185546875,7.544243999291211e-05,0.04783573857060185,14.898155212402344,0.35959485173225403,7.538694476712663
/home/andres/Documentos/proyecto4geeks/data/raw/youtube/car_crash/BEST OF CAR CRASHES 2024 (so far) - Dashcam Lessons_seg345.wav,True,5.0,0.7253402471542358,0.11950335651636124,1047.0389780239527,2175.0528971354165,8.840131340548396e-05,0.03740098741319445,3.0452966690063477,0.5268652439117432,6.069622379592825
/home/andres/Documentos/proyecto4geeks/data/raw/youtube/car_crash/BEST OF CAR CRASHES 2024 (so far) - Dashcam Lessons_seg52.wav,False,5.0,0.896306574344635,0.31274595856666565,332.9775381090226,676.5513102213541,9.223531378665939e-06,0.013954445167824073,0.23065996170043945,0.6769964694976807,2.8659253614326414
/home/andres/Documentos/proyecto4geeks/data/raw/youtube/car_crash/🚨 The Most Horrific Car Crashes Ever Recorded! Learn to Drive! 🚨 - RR&BD Driving School_seg244.wav,False,5.0,0.3881057798862457,0.07877890765666962,850.7958553488432,1603.326416015625,2.4618508177809417e-05,0.06458875868055555,0.4073057174682617,1.0203980207443237,4.92651893033022
/home/andres/Documentos/proyecto4geeks/data/raw/youtube/car_crash/🚨 The Most Horrific Car Crashes Ever Recorded! Learn to Drive! 🚨 - RR&BD Driving School_seg1821.wav,True,5.0,0.45276129245758057,0.1064157634973526,1411.0346080393342,2173.8566080729165,2.9163355065975338e-05,0.10105387369791667,0.6490535736083984,0.8455269932746887,4.25464496587096
/home/andres/Documentos/proyecto4geeks/data/raw/youtube/car_crash/🚨 The Most Horrific Car Crashes Ever Recorded! Learn to Drive! 🚨 - RR&BD Driving School_seg1242.wav,False,5.0,0.4757307171821594,0.08546452969312668,324.90131773962105,573.4710693359375,3.907598147634417e-05,0.00675681785300926,0.6863055229187012,0.9918417930603027,5.5664112221149065
/home/andres/Documentos/proyecto4geeks/data/raw/youtube/car_crash/🚨 The Most Horrific Car Crashes Ever Recorded! Learn to Drive! 🚨 - RR&BD Driving School_seg1983.wav,True,5.0,0.2286839336156845,0.05321255326271057,1164.0624530858297,2744.237263997396,5.3481446229852736e-05,0.027506510416666668,0.19434094429016113,1.243327260017395,4.297556113918713
/home/andres/Documentos/proyecto4geeks/data/raw/youtube/car_crash/🚨 The Most Horrific Car Crashes Ever Recorded! Learn to Drive! 🚨 - RR&BD Driving School_seg1111.wav,False,5.0,0.5795187950134277,0.11008761823177338,465.110036709949,828.43017578125,0.03875333443284035,0.022372775607638888,1.2008943557739258,0.7697075009346008,5.264159624092071
/home/andres/Documentos/proyecto4geeks/data/raw/youtube/car_crash/INSANE CAR CRASHES COMPILATION   Best of USA & Canada Accidents - part 43 - Dashcam Lessons_seg153.wav,False,5.0,0.2723688781261444,0.11536506563425064,345.36109504145423,619.1792805989584,9.844965461525135e-06,0.012134693287037037,-0.5294055938720703,1.1606245040893555,2.3609302922540887
/home/andres/Documentos/proyecto4geeks/data/raw/youtube/car_crash/hgfhons_seg169.wav,True,5.0,0.6865234971046448,0.061299584805965424,799.5686311493458,1626.055908203125,0.00011088669998571277,0.03564001012731482,4.003883361816406,0.7994459271430969,11.199480376034058
/home/andres/Documentos/proyecto4geeks/data/raw/youtube/car_crash/INSANE CAR CRASHES COMPILATION   Best of USA & Canada Accidents - part 43 - Dashcam Lessons_seg133.wav,True,5.0,0.8319234848022461,0.13553868234157562,430.5789356969607,733.3251953125,0.0032881905790418386,0.012042010271990741,6.755989074707031,0.7121548652648926,6.13790447438134
/home/andres/Documentos/proyecto4geeks/data/raw/youtube/car_crash/hgfhons_seg192.wav,False,5.0,0.49223753809928894,0.14644986391067505,710.4034306627826,1054.1300455729167,8.132670336635783e-05,0.049985532407407406,0.7616524696350098,1.0374982357025146,3.3611334620028113
/home/andres/Documentos/proyecto4geeks/data/raw/youtube/car_crash/🚨 The Most Horrific Car Crashes Ever Recorded! Learn to Drive! 🚨 - RR&BD Driving School_seg61.wav,False,5.0,0.41309207677841187,0.09774841368198395,240.6438325409847,370.6502278645833,9.104956916416995e-06,0.010443793402777778,-0.05314898490905762,1.0522764921188354,4.226074482580815
/home/andres/Documentos/proyecto4geeks/data/raw/youtube/car_crash/🚨 The Most Horrific Car Crashes Ever Recorded! Learn to Drive! 🚨 - RR&BD Driving School_seg1023.wav,True,5.0,0.9281968474388123,0.16045710444450378,654.2925773620486,1293.6869303385417,0.11662854999303818,0.023640950520833332,6.605952262878418,0.6290154457092285,5.784703959643349
/home/andres/Documentos/proyecto4geeks/data/raw/youtube/car_crash/BEST OF CAR CRASHES 2024 (so far) - Dashcam Lessons_seg549.wav,True,5.0,0.4287722706794739,0.13113364577293396,1690.5624269487776,3261.4827473958335,0.0108693428337574,0.0924976490162037,1.3728537559509277,0.5808936357498169,3.2697349955376813
/home/andres/Documentos/proyecto4geeks/data/raw/youtube/car_crash/BEST OF CAR CRASHES 2024 (so far) - Dashcam Lessons_seg540.wav,True,5.0,0.9562953114509583,0.18199175596237183,947.7354164731294,1465.3045654296875,2.043566564680077e-05,0.07321732132523148,1.4919428825378418,0.6421445608139038,5.254607860607845
/home/andres/Documentos/proyecto4geeks/data/raw/youtube/car_crash/BEST OF CAR CRASHES 2024 (so far) - Dashcam Lessons_seg140.wav,True,5.0,0.8761903047561646,0.11836274713277817,654.2437149075483,1282.2723388671875,2.29297875193879e-05,0.0174560546875,9.945438385009766,4.4133405685424805,7.402585069826575
/home/andres/Documentos/proyecto4geeks/data/raw/youtube/car_crash/🚨 The Most Horrific Car Crashes Ever Recorded! Learn to Drive! 🚨 - RR&BD Driving School_seg2075.wav,False,5.0,0.31877362728118896,0.0759204849600792,593.6823640377961,1027.7618408203125,1.2009228157694452e-05,0.02692780671296296,-0.06479382514953613,0.9439821839332581,4.198782811313824
/home/andres/Documentos/proyecto4geeks/data/raw/youtube/car_crash/🚨 The Most Horrific Car Crashes Ever Recorded! Learn to Drive! 🚨 - RR&BD Driving School_seg67.wav,False,5.0,0.5405754446983337,0.13156794011592865,436.1041079652057,733.4747314453125,2.7266473807685543e-06,0.022797761140046297,0.1711583137512207,1.0053001642227173,4.108717094893383
/home/andres/Documentos/proyecto4geeks/data/raw/youtube/car_crash/BEST OF CAR CRASHES 2024 (so far) - Dashcam Lessons_seg68.wav,True,5.0,0.9381728768348694,0.08891139924526215,377.61910181733066,607.5653076171875,1.4174710486258846e-05,0.012941713686342593,9.170153617858887,1.1331501007080078,10.551772717425886
/home/andres/Documentos/proyecto4geeks/data/raw/youtube/car_crash/hgfhons_seg22.wav,True,5.0,0.5057744383811951,0.12936793267726898,1544.6912435711038,3265.918986002604,9.724508709041402e-05,0.05315709997106482,0.5203676223754883,1.2116395235061646,3.909581206952024
/home/andres/Documentos/proyecto4geeks/data/raw/youtube/car_crash/BEST OF CAR CRASHES 2024 (so far) - Dashcam Lessons_seg234.wav,True,5.0,0.6817718744277954,0.17482122778892517,211.99095370603513,442.3777262369792,0.5132579207420349,0.01083939163773148,4.182699680328369,1.0011774520535255e-07,3.899823168197
/home/andres/Documentos/proyecto4geeks/data/raw/youtube/car_crash/🚨 The Most Horrific Car Crashes Ever Recorded! Learn to Drive! 🚨 - RR&BD Driving School_seg83.wav,True,5.0,1.0069180727005005,0.14700983464717865,934.8537935190564,1564.5965576171875,4.614971112459898e-05,0.059215404369212965,0.5684304237365723,0.6954704523086548,6.849324571449516
/home/andres/Documentos/proyecto4geeks/data/raw/youtube/car_crash/BEST OF CAR CRASHES 2024 (so far) - Dashcam Lessons_seg355.wav,True,5.0,0.7973103523254395,0.10145458579063416,737.9991934658697,1443.2230631510417,0.3815946877002716,0.030922218605324073,4.566278457641602,1.8616243600845337,7.858790670763202
/home/andres/Documentos/proyecto4geeks/data/raw/youtube/car_crash/🚨 The Most Horrific Car Crashes Ever Recorded! Learn to Drive! 🚨 - RR&BD Driving School_seg2137.wav,True,5.0,0.25189512968063354,0.09571494907140732,1307.1444201846057,2646.141560872396,0.05327102914452553,0.03995090060763889,-0.2944808006286621,1.4474464654922485,2.631721921411436
/home/andres/Documentos/proyecto4geeks/data/raw/youtube/car_crash/🚨 The Most Horrific Car Crashes Ever Recorded! Learn to Drive! 🚨 - RR&BD Driving School_seg1553.wav,True,5.0,0.8039047718048096,0.08441218733787537,850.8884396850273,1614.4419352213542,0.13244730234146118,0.03727439597800926,12.113995552062988,3.827133893966675,9.52356285446684
/home/andres/Documentos/proyecto4geeks/data/raw/youtube/car_crash/🚨 The Most Horrific Car Crashes Ever Recorded! Learn to Drive! 🚨 - RR&BD Driving School_seg1429.wav,True,5.0,0.485043466091156,0.0701250359416008,1357.779626249724,2623.810831705729,0.0001258964039152488,0.0775417751736111,2.6458911895751953,1.1194629669189453,6.916837325946997
/home/andres/Documentos/proyecto4geeks/data/raw/youtube/car_crash/hgfhons_seg142.wav,True,5.0,0.25865867733955383,0.05535585805773735,1249.6385968878355,2469.489542643229,0.00012335249630268663,0.06628191912615741,-0.034832000732421875,0.8526171445846558,4.672652297523681
/home/andres/Documentos/proyecto4geeks/data/raw/youtube/car_crash/🚨 The Most Horrific Car Crashes Ever Recorded! Learn to Drive! 🚨 - RR&BD Driving School_seg2092.wav,True,5.0,0.4976039528846741,0.08373768627643585,738.3202953567644,1535.4868570963542,8.952691860031337e-05,0.040097837094907406,1.845982551574707,1.3069170713424683,5.942413446151778
/home/andres/Documentos/proyecto4geeks/data/raw/youtube/car_crash/🚨 The Most Horrific Car Crashes Ever Recorded! Learn to Drive! 🚨 - RR&BD Driving School_seg252.wav,False,5.0,0.3055229187011719,0.06936629861593246,358.7030279627652,635.0799560546875,5.466506627271883e-05,0.017487702546296297,0.3216545581817627,0.9592232704162598,4.404486397470731
/home/andres/Documentos/proyecto4geeks/data/raw/youtube/car_crash/BEST OF CAR CRASHES 2024 (so far) - Dashcam Lessons_seg353.wav,True,5.0,1.0565097332000732,0.22545090317726135,1311.3577270766907,2612.396240234375,6.193883018568158e-05,0.06298602068865741,3.6274900436401367,1.0770705938339233,4.686207588020633
/home/andres/Documentos/proyecto4geeks/data/raw/youtube/car_crash/🚨 The Most Horrific Car Crashes Ever Recorded! Learn to Drive! 🚨 - RR&BD Driving School_seg41.wav,True,5.0,0.9780048727989197,0.19730564951896667,465.973968213406,814.7226969401041,1.619738577574026e-05,0.016129105179398147,2.695122718811035,0.617587685585022,4.956801161945182
/home/andres/Documentos/proyecto4geeks/data/raw/youtube/car_crash/🚨 The Most Horrific Car Crashes Ever Recorded! Learn to Drive! 🚨 - RR&BD Driving School_seg110.wav,True,5.0,0.43871450424194336,0.09020667523145676,315.7454654217709,650.5818684895834,0.3810654282569885,0.013965747974537037,2.19558048248291,1.591433971270817e-07,4.863437246871193
/home/andres/Documentos/proyecto4geeks/data/raw/youtube/car_crash/BEST OF CAR CRASHES 2024 (so far) - Dashcam Lessons_seg584.wav,True,5.0,0.9693586826324463,0.17013594508171082,1423.600280572381,2783.7646484375,6.177285831654444e-05,0.07953106915509259,3.0730247497558594,1.2221935987472534,5.697553695435712
/home/andres/Documentos/proyecto4geeks/data/raw/youtube/car_crash/🚨 The Most Horrific Car Crashes Ever Recorded! Learn to Drive! 🚨 - RR&BD Driving School_seg1635.wav,True,5.0,0.7127801179885864,0.07750394940376282,1409.2715833596553,2911.0697428385415,0.00019177337526343763,0.09538890697337964,9.175827980041504,0.46815741062164307,9.196694148656949
/home/andres/Documentos/proyecto4geeks/data/raw/youtube/car_crash/BEST OF CAR CRASHES 2024 (so far) - Dashcam Lessons_seg190.wav,True,5.0,0.730829119682312,0.10294204950332642,992.1519186126361,2126.453653971354,0.34809932112693787,0.07477936921296297,13.46622085571289,1.6825858040192543e-07,7.099422667426074
/home/andres/Documentos/proyecto4geeks/data/raw/youtube/car_crash/BEST OF CAR CRASHES 2024 (so far) - Dashcam Lessons_seg556.wav,False,5.0,0.15783047676086426,0.07622931897640228,1781.3462038725347,3565.489705403646,0.00018842073041014373,0.08752215350115741,-1.2117867469787598,0.267509400844574,2.0704694581838274
/home/andres/Documentos/proyecto4geeks/data/raw/youtube/car_crash/🚨 The Most Horrific Car Crashes Ever Recorded! Learn to Drive! 🚨 - RR&BD Driving School_seg1529.wav,True,5.0,0.9729865789413452,0.1221688985824585,1565.7273040019381,3015.0472005208335,0.00017784174997359514,0.09362340856481481,3.12148380279541,0.7876349687576294,7.964273970078063
/home/andres/Documentos/proyecto4geeks/data/raw/youtube/car_crash/BEST OF CAR CRASHES 2024 (so far) - Dashcam Lessons_seg106.wav,True,5.0,0.3190891146659851,0.06928764283657074,3148.745928864428,6080.338541666667,0.0007956596673466265,0.2526538990162037,1.2616853713989258,1.7616534233093262,4.605281715442645
/home/andres/Documentos/proyecto4geeks/data/raw/youtube/car_crash/🚨 The Most Horrific Car Crashes Ever Recorded! Learn to Drive! 🚨 - RR&BD Driving School_seg249.wav,True,5.0,0.3360171318054199,0.054435331374406815,1206.9998998651117,2328.1280517578125,5.574116585194133e-05,0.06638364438657407,1.1545920372009277,0.9950831532478333,6.172776454470674
/home/andres/Documentos/proyecto4geeks/data/raw/youtube/car_crash/BEST OF CAR CRASHES 2024 (so far) - Dashcam Lessons_seg58.wav,False,5.0,0.7016836404800415,0.08421563357114792,381.64579490957664,692.950439453125,4.020241613034159e-05,0.02076325593171296,0.7258353233337402,1.118219017982483,8.331987906721688
/home/andres/Documentos/proyecto4geeks/data/raw/youtube/car_crash/🚨 The Most Horrific Car Crashes Ever Recorded! Learn to Drive! 🚨 - RR&BD Driving School_seg1767.wav,True,5.0,0.5596500039100647,0.1300285905599594,1075.2845978506728,2129.2948404947915,7.816942525096238e-05,0.04344120732060185,0.5969252586364746,0.7906572222709656,4.304053450826971
/home/andres/Documentos/proyecto4geeks/data/raw/youtube/car_crash/🚨 The Most Horrific Car Crashes Ever Recorded! Learn to Drive! 🚨 - RR&BD Driving School_seg1112.wav,True,5.0,1.007556676864624,0.07926274091005325,909.8082446861649,1892.7286783854167,7.687899778829888e-05,0.0389404296875,47.98615264892578,0.9635779857635498,12.711605292520478
/home/andres/Documentos/proyecto4geeks/data/raw/youtube/car_crash/INSANE CAR CRASHES COMPILATION   Best of USA & Canada Accidents - part 43 - Dashcam Lessons_seg32.wav,True,5.0,0.3554164171218872,0.06803293526172638,1307.2717758818662,2454.8848470052085,0.13978111743927002,0.07146990740740741,4.146150588989258,0.5643365383148193,5.224181725356356
/home/andres/Documentos/proyecto4geeks/data/raw/youtube/car_crash/🚨 The Most Horrific Car Crashes Ever Recorded! Learn to Drive! 🚨 - RR&BD Driving School_seg1467.wav,True,5.0,0.31846821308135986,0.06642147898674011,1525.7210394631397,2474.0753173828125,4.459107367438264e-05,0.1191134982638889,0.887641429901123,1.1451629400253296,4.794657058752663
/home/andres/Documentos/proyecto4geeks/data/raw/youtube/car_crash/🚨 The Most Horrific Car Crashes Ever Recorded! Learn to Drive! 🚨 - RR&BD Driving School_seg1281.wav,True,5.0,0.3862997889518738,0.07545695453882217,941.5108696555866,1920.4925537109375,7.742393790977076e-05,0.036379213686342594,2.525874137878418,1.3921505212783813,5.119472304544245
/home/andres/Documentos/proyecto4geeks/data/raw/youtube/car_crash/🚨 The Most Horrific Car Crashes Ever Recorded! Learn to Drive! 🚨 - RR&BD Driving School_seg1373.wav,True,5.0,0.3072493076324463,0.059426240622997284,861.851435870823,1513.4053548177083,6.0861861129524186e-05,0.03887939453125,0.6180849075317383,1.4836437702178955,5.170263244085712
/home/andres/Documentos/proyecto4geeks/data/raw/youtube/car_crash/🚨 The Most Horrific Car Crashes Ever Recorded! Learn to Drive! 🚨 - RR&BD Driving School_seg1453.wav,True,5.0,0.4961510896682739,0.07711979001760483,582.0154922087746,1024.62158203125,0.5257288217544556,0.025071885850694444,3.632709503173828,2.1194138355440373e-07,6.433511937060247
/home/andres/Documentos/proyecto4geeks/data/raw/youtube/car_crash/INSANE CAR CRASHES COMPILATION   Best of USA & Canada Accidents - part 43 - Dashcam Lessons_seg81.wav,True,5.0,0.7239171266555786,0.16382640600204468,650.8497145941046,1264.9759928385417,1.6279682313324884e-05,0.03318504050925926,3.9172768592834473,0.6686089634895325,4.418806127274285
/home/andres/Documentos/proyecto4geeks/data/raw/youtube/car_crash/🚨 The Most Horrific Car Crashes Ever Recorded! Learn to Drive! 🚨 - RR&BD Driving School_seg1636.wav,True,5.0,0.40586763620376587,0.07313565909862518,966.4725240789713,2212.187703450521,4.8392143071396276e-05,0.0404052734375,0.9379720687866211,0.8542746901512146,5.549517720909496
/home/andres/Documentos/proyecto4geeks/data/raw/youtube/car_crash/🚨 The Most Horrific Car Crashes Ever Recorded! Learn to Drive! 🚨 - RR&BD Driving School_seg822.wav,False,5.0,0.25776171684265137,0.11697067320346832,638.5508080545645,1259.5428466796875,0.2743629217147827,0.01606354890046296,-0.7407207489013672,1.0109562254001503e-07,2.2036439543446584
/home/andres/Documentos/proyecto4geeks/data/raw/youtube/car_crash/INSANE CAR CRASHES COMPILATION   Best of USA & Canada Accidents - part 43 - Dashcam Lessons_seg119.wav,False,5.0,0.30248382687568665,0.10577880591154099,480.80694101355186,963.311767578125,2.1670455680578016e-05,0.008822970920138888,0.0900428295135498,1.0472804307937622,2.8595882158641817
/home/andres/Documentos/proyecto4geeks/data/raw/youtube/car_crash/🚨 The Most Horrific Car Crashes Ever Recorded! Learn to Drive! 🚨 - RR&BD Driving School_seg1036.wav,True,5.0,1.0338894128799438,0.26313358545303345,1368.7065165524652,2714.8284912109375,0.00012171710841357708,0.08061161747685185,3.8594274520874023,0.1699451357126236,3.9291427245821993
/home/andres/Documentos/proyecto4geeks/data/raw/youtube/car_crash/🚨 The Most Horrific Car Crashes Ever Recorded! Learn to Drive! 🚨 - RR&BD Driving School_seg929.wav,True,5.0,0.5530010461807251,0.08944101631641388,1657.5567670412108,2920.490519205729,0.00010615433711791411,0.11641890914351852,5.9039459228515625,0.218531534075737,6.182857361752245
/home/andres/Documentos/proyecto4geeks/data/raw/youtube/car_crash/🚨 The Most Horrific Car Crashes Ever Recorded! Learn to Drive! 🚨 - RR&BD Driving School_seg570.wav,True,5.0,0.5510707497596741,0.1742427796125412,1668.1443499392685,3705.206298828125,0.0001152969416580163,0.07647026909722222,-0.35588955879211426,0.9992951154708862,3.1626604613511793
/home/andres/Documentos/proyecto4geeks/data/raw/youtube/car_crash/🚨 The Most Horrific Car Crashes Ever Recorded! Learn to Drive! 🚨 - RR&BD Driving School_seg1188.wav,True,5.0,0.30527353286743164,0.05748755857348442,2105.5781776999393,4452.687581380208,0.0002118896518368274,0.09981056495949074,-0.09631967544555664,1.024102807044983,5.310253912973195
/home/andres/Documentos/proyecto4geeks/data/raw/youtube/car_crash/🚨 The Most Horrific Car Crashes Ever Recorded! Learn to Drive! 🚨 - RR&BD Driving School_seg1159.wav,True,5.0,1.0024751424789429,0.1689123958349228,1093.3741342677313,2292.388916015625,4.4985677959630266e-05,0.038637514467592594,4.602396011352539,0.7946133613586426,5.934882028745372
/home/andres/Documentos/proyecto4geeks/data/raw/youtube/car_crash/hgfhons_seg59.wav,True,5.0,0.5144484043121338,0.08185740560293198,1028.0075557565424,1885.8500162760417,5.080398841528222e-05,0.06566478587962964,5.725553512573242,1.1374210119247437,6.284689827592367
/home/andres/Documentos/proyecto4geeks/data/raw/youtube/car_crash/🚨 The Most Horrific Car Crashes Ever Recorded! Learn to Drive! 🚨 - RR&BD Driving School_seg1954.wav,True,5.0,0.4453754425048828,0.07419051229953766,1613.4714076603373,3750.017293294271,7.345050835283473e-05,0.06568739149305555,3.7037835121154785,0.6457939743995667,6.003132054146163
/home/andres/Documentos/proyecto4geeks/data/raw/youtube/car_crash/🚨 The Most Horrific Car Crashes Ever Recorded! Learn to Drive! 🚨 - RR&BD Driving School_seg538.wav,True,5.0,0.3482142686843872,0.08323513716459274,671.6028180360693,1301.8117268880208,8.730743866181001e-05,0.027438693576388888,0.4435453414916992,1.2815253734588623,4.183500869249843
/home/andres/Documentos/proyecto4geeks/data/raw/youtube/car_crash/🚨 The Most Horrific Car Crashes Ever Recorded! Learn to Drive! 🚨 - RR&BD Driving School_seg528.wav,True,5.0,0.985743522644043,0.0696869045495987,541.724654316574,1044.5597330729167,4.6977162128314376e-05,0.01175491898148148,59.89413833618164,0.9951286911964417,14.145319396821654
/home/andres/Documentos/proyecto4geeks/data/raw/youtube/car_crash/BEST OF CAR CRASHES 2024 (so far) - Dashcam Lessons_seg697.wav,False,5.0,1.016825795173645,0.2663510739803314,697.7774324416991,1321.2015787760417,6.900037988089025e-06,0.035036440248842594,0.7536635398864746,0.840404212474823,3.817614774269371
/home/andres/Documentos/proyecto4geeks/data/raw/youtube/car_crash/🚨 The Most Horrific Car Crashes Ever Recorded! Learn to Drive! 🚨 - RR&BD Driving School_seg124.wav,True,5.0,0.25775837898254395,0.08492198586463928,500.6588943423012,910.5753580729166,0.12608854472637177,0.01765046296296296,-0.4578433036804199,1.3297220391450537e-07,3.035237298740995
/home/andres/Documentos/proyecto4geeks/data/raw/youtube/car_crash/🚨 The Most Horrific Car Crashes Ever Recorded! Learn to Drive! 🚨 - RR&BD Driving School_seg880.wav,True,5.0,0.9587684869766235,0.10220780223608017,1277.9342781320743,2457.8755696614585,0.00011945595178985968,0.06900589554398148,18.32107162475586,0.5780629515647888,9.380580210037918
/home/andres/Documentos/proyecto4geeks/data/raw/youtube/car_crash/BEST OF CAR CRASHES 2024 (so far) - Dashcam Lessons_seg360.wav,False,5.0,0.5527023077011108,0.12028419226408005,520.7439319848141,982.5022379557291,1.206158867717022e-05,0.02458586516203704,0.8039364814758301,0.9322400093078613,4.594970438701337
/home/andres/Documentos/proyecto4geeks/data/raw/youtube/car_crash/BEST OF CAR CRASHES 2024 (so far) - Dashcam Lessons_seg416.wav,True,5.0,1.0177407264709473,0.15449512004852295,1305.7480628713922,2510.5621337890625,0.03850271552801132,0.07054533781828703,12.81640911102295,1.2527990341186523,6.587526687863756
/home/andres/Documentos/proyecto4geeks/data/raw/youtube/car_crash/🚨 The Most Horrific Car Crashes Ever Recorded! Learn to Drive! 🚨 - RR&BD Driving School_seg1368.wav,False,5.0,0.275947630405426,0.09627530723810196,563.7957240912182,963.909912109375,1.1853181604237761e-05,0.018948025173611112,-0.5579848289489746,1.0167293548583984,2.866234741999874
/home/andres/Documentos/proyecto4geeks/data/raw/youtube/car_crash/🚨 The Most Horrific Car Crashes Ever Recorded! Learn to Drive! 🚨 - RR&BD Driving School_seg1038.wav,True,5.0,0.27322614192962646,0.0637836828827858,364.69957818833535,764.0299479166666,1.561237331770826e-05,0.01874005353009259,0.47611021995544434,1.2882633209228516,4.283636967583792
/home/andres/Documentos/proyecto4geeks/data/raw/youtube/car_crash/🚨 The Most Horrific Car Crashes Ever Recorded! Learn to Drive! 🚨 - RR&BD Driving School_seg1027.wav,True,5.0,0.7359925508499146,0.10630188137292862,468.8689088857536,863.8203938802084,1.1402826203266159e-05,0.013782642505787037,2.66796875,0.25602155923843384,6.923607948771663
/home/andres/Documentos/proyecto4geeks/data/raw/youtube/car_crash/🚨 The Most Horrific Car Crashes Ever Recorded! Learn to Drive! 🚨 - RR&BD Driving School_seg1981.wav,False,5.0,0.4836622476577759,0.2167852371931076,460.0950951578521,810.2366129557291,1.1708039892255329e-05,0.007896140769675927,-1.063839077949524,1.0708048343658447,2.2310663489724116
/home/andres/Documentos/proyecto4geeks/data/raw/youtube/car_crash/🚨 The Most Horrific Car Crashes Ever Recorded! Learn to Drive! 🚨 - RR&BD Driving School_seg1347.wav,True,5.0,0.6572997570037842,0.11380364745855331,1227.0461850670156,1830.3721110026042,0.00010073128214571625,0.07413963035300926,3.3317346572875977,3.6700451374053955,5.775735415135912
/home/andres/Documentos/proyecto4geeks/data/raw/youtube/car_crash/BEST OF CAR CRASHES 2024 (so far) - Dashcam Lessons_seg216.wav,True,5.0,0.9849740862846375,0.10033965110778809,1064.8466864457312,1926.5736897786458,0.00010879741603275761,0.06372974537037036,9.891960144042969,3.9386346340179443,9.81639935359881
/home/andres/Documentos/proyecto4geeks/data/raw/youtube/car_crash/🚨 The Most Horrific Car Crashes Ever Recorded! Learn to Drive! 🚨 - RR&BD Driving School_seg234.wav,True,5.0,0.9357530474662781,0.1876259744167328,1979.0369691914518,3717.219034830729,0.000533432699739933,0.12779857494212962,3.639573097229004,2.354461908340454,4.987332113105544
/home/andres/Documentos/proyecto4geeks/data/raw/youtube/car_crash/🚨 The Most Horrific Car Crashes Ever Recorded! Learn to Drive! 🚨 - RR&BD Driving School_seg1886.wav,True,5.0,0.617516040802002,0.1044478788971901,1777.1318264198078,4023.469034830729,0.00027200611657463014,0.0868824146412037,1.9114370346069336,0.4196228086948395,5.912193213649861
/home/andres/Documentos/proyecto4geeks/data/raw/youtube/car_crash/🚨 The Most Horrific Car Crashes Ever Recorded! Learn to Drive! 🚨 - RR&BD Driving School_seg392.wav,True,5.0,0.45496878027915955,0.07890904694795609,1281.3386226430755,2445.513916015625,5.954095104243606e-05,0.07226336443865741,3.725405693054199,0.6596359610557556,5.765736602717624
/home/andres/Documentos/proyecto4geeks/data/raw/youtube/car_crash/BEST OF CAR CRASHES 2024 (so far) - Dashcam Lessons_seg592.wav,True,5.0,0.6658893823623657,0.11176077276468277,404.77169001056893,734.6211751302084,0.05587243288755417,0.014008698640046295,6.712553977966309,0.3696010708808899,5.95816730579044
/home/andres/Documentos/proyecto4geeks/data/raw/youtube/car_crash/🚨 The Most Horrific Car Crashes Ever Recorded! Learn to Drive! 🚨 - RR&BD Driving School_seg2019.wav,True,5.0,0.9435950517654419,0.1593545824289322,564.3173627143531,1001.3936360677084,0.5092750787734985,0.03567843967013889,7.300511360168457,1.1442717351428655e-07,5.921354989464066
/home/andres/Documentos/proyecto4geeks/data/raw/youtube/car_crash/🚨 The Most Horrific Car Crashes Ever Recorded! Learn to Drive! 🚨 - RR&BD Driving School_seg1859.wav,True,5.0,1.0113896131515503,0.15735632181167603,1090.4409129667895,2144.4478352864585,0.3756353259086609,0.058268229166666664,4.170529365539551,9.762194963514048e-08,6.427384686555864
/home/andres/Documentos/proyecto4geeks/data/raw/youtube/car_crash/🚨 The Most Horrific Car Crashes Ever Recorded! Learn to Drive! 🚨 - RR&BD Driving School_seg2000.wav,True,5.0,0.6864342093467712,0.10835418850183487,1359.9308400867073,2444.666544596354,7.85283264121972e-05,0.08341019241898148,6.350825309753418,0.48255226016044617,6.335096213920813
/home/andres/Documentos/proyecto4geeks/data/raw/youtube/car_crash/BEST OF CAR CRASHES 2024 (so far) - Dashcam Lessons_seg5.wav,True,5.0,0.44309738278388977,0.06532856822013855,1182.8090965919391,2340.0909423828125,0.00018007660401053727,0.056751392505787035,1.4201126098632812,0.4628394842147827,6.782597489110675
/home/andres/Documentos/proyecto4geeks/data/raw/youtube/car_crash/🚨 The Most Horrific Car Crashes Ever Recorded! Learn to Drive! 🚨 - RR&BD Driving School_seg1462.wav,True,5.0,0.32257717847824097,0.06301093846559525,1271.0768597117178,1701.2227376302083,0.0002128915803041309,0.08983696831597222,0.41655588150024414,0.9956958293914795,5.119383813800086
/home/andres/Documentos/proyecto4geeks/data/raw/youtube/car_crash/🚨 The Most Horrific Car Crashes Ever Recorded! Learn to Drive! 🚨 - RR&BD Driving School_seg583.wav,False,5.0,0.37538713216781616,0.1584881842136383,261.98645595580234,408.8816324869792,1.0927161383733619e-05,0.008280436197916666,-0.4604182243347168,1.1629047393798828,2.368549643167308
/home/andres/Documentos/proyecto4geeks/data/raw/youtube/car_crash/BEST OF CAR CRASHES 2024 (so far) - Dashcam Lessons_seg723.wav,True,5.0,1.0340602397918701,0.2232104241847992,918.4588151660255,1828.826904296875,0.0001526160485809669,0.04700611255787037,5.948333740234375,3.746973991394043,4.632670017826424
/home/andres/Documentos/proyecto4geeks/data/raw/youtube/car_crash/BEST OF CAR CRASHES 2024 (so far) - Dashcam Lessons_seg104.wav,True,5.0,1.0168132781982422,0.11294087767601013,1604.9271555808114,3542.0623779296875,0.055631231516599655,0.06901493778935185,17.926223754882812,0.32503604888916016,9.003058052250477
/home/andres/Documentos/proyecto4geeks/data/raw/youtube/car_crash/🚨 The Most Horrific Car Crashes Ever Recorded! Learn to Drive! 🚨 - RR&BD Driving School_seg1362.wav,True,5.0,0.7562640309333801,0.09658099710941315,1499.4553491234763,2992.0186360677085,0.00011419932707212865,0.07751916956018519,10.085121154785156,0.450521320104599,7.830360563256614
/home/andres/Documentos/proyecto4geeks/data/raw/youtube/car_crash/🚨 The Most Horrific Car Crashes Ever Recorded! Learn to Drive! 🚨 - RR&BD Driving School_seg1731.wav,True,5.0,0.9171744585037231,0.08999545127153397,564.1000156381295,1169.4722493489583,0.2686721980571747,0.01442916304976852,9.384729385375977,5.903863906860352,10.1913424015869
/home/andres/Documentos/proyecto4geeks/data/raw/youtube/car_crash/🚨 The Most Horrific Car Crashes Ever Recorded! Learn to Drive! 🚨 - RR&BD Driving School_seg539.wav,False,5.0,0.46214646100997925,0.09240356087684631,671.9704240465295,1321.8994140625,3.099294917774387e-05,0.02553077980324074,1.967134952545166,0.7358653545379639,5.001392334013164
/home/andres/Documentos/proyecto4geeks/data/raw/youtube/car_crash/🚨 The Most Horrific Car Crashes Ever Recorded! Learn to Drive! 🚨 - RR&BD Driving School_seg1454.wav,True,5.0,0.7097766995429993,0.12771844863891602,1130.117187174196,1991.3228352864583,4.44971228716895e-05,0.05067726417824074,0.325380802154541,0.893351137638092,5.557354533362002
/home/andres/Documentos/proyecto4geeks/data/raw/youtube/car_crash/🚨 The Most Horrific Car Crashes Ever Recorded! Learn to Drive! 🚨 - RR&BD Driving School_seg1048.wav,True,5.0,0.49379318952560425,0.1093243733048439,1358.688173896293,2448.753865559896,0.012420346029102802,0.08003517433449074,2.170583724975586,1.6499677896499634,4.5167712797600705
/home/andres/Documentos/proyecto4geeks/data/raw/youtube/car_crash/🚨 The Most Horrific Car Crashes Ever Recorded! Learn to Drive! 🚨 - RR&BD Driving School_seg292.wav,True,5.0,0.3429943919181824,0.06436402350664139,333.81692901189854,396.56982421875,9.334034075436648e-06,0.014223451967592593,1.2878289222717285,1.6658848524093628,5.328976860457792
/home/andres/Documentos/proyecto4geeks/data/raw/youtube/car_crash/BEST OF CAR CRASHES 2024 (so far) - Dashcam Lessons_seg460.wav,True,5.0,0.7369150519371033,0.06538180261850357,1384.3252381565048,2695.488484700521,0.0002023316774284467,0.08315022786458333,14.5,0.883912205696106,11.270950362529152
/home/andres/Documentos/proyecto4geeks/data/raw/youtube/car_crash/🚨 The Most Horrific Car Crashes Ever Recorded! Learn to Drive! 🚨 - RR&BD Driving School_seg1151.wav,True,5.0,0.5634465217590332,0.11498703062534332,981.510850542653,2045.8038330078125,5.461470573209226e-05,0.03127260561342592,0.645599365234375,0.9305517673492432,4.900087589790744
/home/andres/Documentos/proyecto4geeks/data/raw/youtube/car_crash/🚨 The Most Horrific Car Crashes Ever Recorded! Learn to Drive! 🚨 - RR&BD Driving School_seg883.wav,True,5.0,0.8450101017951965,0.10947525501251221,1085.9803084275866,2080.7952880859375,9.828135807765648e-05,0.050281665943287035,4.760841369628906,0.6083417534828186,7.718731522396539
/home/andres/Documentos/proyecto4geeks/data/raw/youtube/car_crash/🚨 The Most Horrific Car Crashes Ever Recorded! Learn to Drive! 🚨 - RR&BD Driving School_seg1934.wav,True,5.0,0.5469152927398682,0.11257894337177277,1957.4280576301576,4082.9345703125,0.00029976569931022823,0.10808648003472222,1.1865582466125488,0.6952817440032959,4.85806027623581
/home/andres/Documentos/proyecto4geeks/data/raw/youtube/car_crash/🚨 The Most Horrific Car Crashes Ever Recorded! Learn to Drive! 🚨 - RR&BD Driving School_seg1795.wav,True,5.0,0.31012576818466187,0.09001293778419495,1337.070002395875,2465.1031494140625,0.00010217273666057736,0.101318359375,0.367717981338501,0.3869074285030365,3.4453465892285364
/home/andres/Documentos/proyecto4geeks/data/raw/youtube/car_crash/BEST OF CAR CRASHES 2024 (so far) - Dashcam Lessons_seg117.wav,False,5.0,0.2603399157524109,0.05807582288980484,649.9933153712533,1171.5657552083333,1.7399772332282737e-05,0.021443684895833332,0.12428927421569824,1.0673766136169434,4.482758965669871
/home/andres/Documentos/proyecto4geeks/data/raw/youtube/car_crash/🚨 The Most Horrific Car Crashes Ever Recorded! Learn to Drive! 🚨 - RR&BD Driving School_seg1570.wav,True,5.0,0.5866837501525879,0.1397062987089157,1343.6618390216597,2702.666219075521,0.00010457662574481219,0.06266954210069445,0.9913983345031738,0.1354541778564453,4.1994080121667965
/home/andres/Documentos/proyecto4geeks/data/raw/youtube/car_crash/BEST OF CAR CRASHES 2024 (so far) - Dashcam Lessons_seg306.wav,True,5.0,0.8328030705451965,0.07140383869409561,1533.4492623926888,3108.806355794271,0.0001170868199551478,0.05988453052662037,1.4156451225280762,0.712036669254303,11.66328149529022
/home/andres/Documentos/proyecto4geeks/data/raw/youtube/car_crash/🚨 The Most Horrific Car Crashes Ever Recorded! Learn to Drive! 🚨 - RR&BD Driving School_seg1563.wav,True,5.0,0.654568076133728,0.1272892951965332,986.289258268329,1816.265869140625,6.240439688554034e-05,0.05106382016782408,0.5467009544372559,0.8077696561813354,5.14236546850181
/home/andres/Documentos/proyecto4geeks/data/raw/youtube/car_crash/🚨 The Most Horrific Car Crashes Ever Recorded! Learn to Drive! 🚨 - RR&BD Driving School_seg233.wav,True,5.0,1.0056793689727783,0.15274986624717712,1811.120661020432,3182.9264322916665,0.00024156580911949277,0.12037263093171297,4.9748992919921875,0.0625506043434143,6.583831421094811
/home/andres/Documentos/proyecto4geeks/data/raw/youtube/car_crash/BEST OF CAR CRASHES 2024 (so far) - Dashcam Lessons_seg260.wav,True,5.0,0.34098243713378906,0.056251540780067444,2553.6922484080983,5588.2151285807295,0.00034848894574679434,0.15993019386574073,0.5452938079833984,0.9020436406135559,6.061743952239498
/home/andres/Documentos/proyecto4geeks/data/raw/youtube/car_crash/🚨 The Most Horrific Car Crashes Ever Recorded! Learn to Drive! 🚨 - RR&BD Driving School_seg542.wav,True,5.0,0.7443345785140991,0.10677207261323929,1911.471901388866,3686.713663736979,0.0002687270753085613,0.1248485423900463,5.89852237701416,0.3197823762893677,6.971247820610663
/home/andres/Documentos/proyecto4geeks/data/raw/youtube/car_crash/🚨 The Most Horrific Car Crashes Ever Recorded! Learn to Drive! 🚨 - RR&BD Driving School_seg1592.wav,True,5.0,0.4120370149612427,0.0872848853468895,280.80714393903577,454.4403076171875,0.4917641878128052,0.006650571469907407,3.056624412536621,1.7883243685901107e-07,4.720599830302755
/home/andres/Documentos/proyecto4geeks/data/raw/youtube/car_crash/🚨 The Most Horrific Car Crashes Ever Recorded! Learn to Drive! 🚨 - RR&BD Driving School_seg2029.wav,True,5.0,1.0320285558700562,0.24234329164028168,723.2428901500194,1486.2396240234375,0.22849927842617035,0.029362431278935185,3.299581527709961,5.790861834498173e-08,4.258539813009029
/home/andres/Documentos/proyecto4geeks/data/raw/youtube/car_crash/🚨 The Most Horrific Car Crashes Ever Recorded! Learn to Drive! 🚨 - RR&BD Driving School_seg882.wav,True,5.0,1.0009864568710327,0.12993866205215454,1273.7404166349659,2571.8719482421875,0.00014550027844961733,0.06192355685763889,15.899044036865234,1.539512038230896,7.703530581695193
/home/andres/Documentos/proyecto4geeks/data/raw/youtube/car_crash/🚨 The Most Horrific Car Crashes Ever Recorded! Learn to Drive! 🚨 - RR&BD Driving School_seg1530.wav,True,5.0,0.8834584355354309,0.11047422885894775,1518.973263726244,3046.2005615234375,0.00022904627257958055,0.0813304759837963,4.241867542266846,0.27859070897102356,7.996964039961063
/home/andres/Documentos/proyecto4geeks/data/raw/youtube/car_crash/INSANE CAR CRASHES COMPILATION   Best of USA & Canada Accidents - part 43 - Dashcam Lessons_seg64.wav,False,5.0,0.4352690279483795,0.20565010607242584,469.6566871164166,873.5402425130209,8.327818250108976e-06,0.014259620949074073,-0.8143329620361328,0.850338339805603,2.116551439039715
/home/andres/Documentos/proyecto4geeks/data/raw/youtube/car_crash/🚨 The Most Horrific Car Crashes Ever Recorded! Learn to Drive! 🚨 - RR&BD Driving School_seg89.wav,True,5.0,0.9286903142929077,0.13930876553058624,1444.7936235792,2589.716593424479,0.00018259066564496607,0.09923864293981481,2.060202121734619,0.9880028963088989,6.666416939014082
/home/andres/Documentos/proyecto4geeks/data/raw/youtube/car_crash/BEST OF CAR CRASHES 2024 (so far) - Dashcam Lessons_seg496.wav,True,5.0,0.6508775353431702,0.18743456900119781,933.6488373835755,1833.9609781901042,6.77375282975845e-05,0.039984809027777776,0.8015251159667969,0.28552770614624023,3.472558657712378
/home/andres/Documentos/proyecto4geeks/data/raw/youtube/car_crash/BEST OF CAR CRASHES 2024 (so far) - Dashcam Lessons_seg319.wav,True,5.0,0.7975677847862244,0.13057178258895874,1018.6980106764942,2031.1492919921875,3.0628238164354116e-05,0.055675365306712965,2.296788215637207,1.4691270589828491,6.108270630652775
/home/andres/Documentos/proyecto4geeks/data/raw/youtube/car_crash/🚨 The Most Horrific Car Crashes Ever Recorded! Learn to Drive! 🚨 - RR&BD Driving School_seg1682.wav,True,5.0,0.34372416138648987,0.1004786565899849,636.1221921755051,1091.5639241536458,2.5679253667476587e-05,0.025548864293981483,-0.20951008796691895,1.2038840055465698,3.420867406554571
/home/andres/Documentos/proyecto4geeks/data/raw/youtube/car_crash/🚨 The Most Horrific Car Crashes Ever Recorded! Learn to Drive! 🚨 - RR&BD Driving School_seg1259.wav,True,5.0,0.4825747609138489,0.09210304170846939,2514.880923223532,4907.177734375,0.000392628280678764,0.16585060402199073,6.063709259033203,0.046915601938962936,5.239509488037179
/home/andres/Documentos/proyecto4geeks/data/raw/youtube/car_crash/🚨 The Most Horrific Car Crashes Ever Recorded! Learn to Drive! 🚨 - RR&BD Driving School_seg906.wav,False,5.0,0.17737674713134766,0.050140198320150375,856.3042132653222,1646.2931315104167,4.7054054448381066e-05,0.03142406322337963,-0.5178356170654297,1.2435482740402222,3.5376155873026485
/home/andres/Documentos/proyecto4geeks/data/raw/youtube/car_crash/🚨 The Most Horrific Car Crashes Ever Recorded! Learn to Drive! 🚨 - RR&BD Driving School_seg1021.wav,False,5.0,0.5263679027557373,0.10163677483797073,532.5520958372186,1019.3379720052084,0.009931336157023907,0.01903166594328704,1.1788759231567383,0.8029738664627075,5.178911900635313
/home/andres/Documentos/proyecto4geeks/data/raw/youtube/car_crash/BEST OF CAR CRASHES 2024 (so far) - Dashcam Lessons_seg487.wav,True,5.0,0.6983878016471863,0.12515780329704285,1298.0747423185499,2837.049357096354,0.00030148433870635927,0.052065248842592594,0.019946575164794922,1.9996458292007446,5.580058000731204
/home/andres/Documentos/proyecto4geeks/data/raw/youtube/car_crash/BEST OF CAR CRASHES 2024 (so far) - Dashcam Lessons_seg8.wav,True,5.0,0.38788509368896484,0.10842907428741455,642.864244532549,1108.9101155598958,9.824999870033935e-05,0.030897352430555556,2.492837905883789,2.683760404586792,3.5773162893304313
/home/andres/Documentos/proyecto4geeks/data/raw/youtube/car_crash/🚨 The Most Horrific Car Crashes Ever Recorded! Learn to Drive! 🚨 - RR&BD Driving School_seg753.wav,True,5.0,0.6038740277290344,0.09569672495126724,801.1754157269481,1281.3252766927083,0.09437579661607742,0.037914134837962965,4.591763496398926,3.387190580368042,6.310289385872316
/home/andres/Documentos/proyecto4geeks/data/raw/youtube/car_crash/🚨 The Most Horrific Car Crashes Ever Recorded! Learn to Drive! 🚨 - RR&BD Driving School_seg585.wav,True,5.0,0.401616632938385,0.08830830454826355,891.3770751292852,1711.2416585286458,0.06958358734846115,0.03371853298611111,6.686479568481445,1.6379597187042236,4.547892012968494
/home/andres/Documentos/proyecto4geeks/data/raw/youtube/car_crash/🚨 The Most Horrific Car Crashes Ever Recorded! Learn to Drive! 🚨 - RR&BD Driving School_seg1878.wav,True,5.0,0.42558109760284424,0.08879493921995163,1681.9636853287159,2804.1015625,0.18636074662208557,0.1022067599826389,3.0399184226989746,2.8370425701141357,4.792853076275614
/home/andres/Documentos/proyecto4geeks/data/raw/youtube/car_crash/INSANE CAR CRASHES COMPILATION   Best of USA & Canada Accidents - part 43 - Dashcam Lessons_seg88.wav,True,5.0,0.7829307913780212,0.08651761710643768,1172.3914226178522,2068.433634440104,5.009099913877435e-05,0.07380280671296297,10.525703430175781,1.9813072681427002,9.04937997085353
/home/andres/Documentos/proyecto4geeks/data/raw/youtube/car_crash/🚨 The Most Horrific Car Crashes Ever Recorded! Learn to Drive! 🚨 - RR&BD Driving School_seg1149.wav,True,5.0,0.8436121940612793,0.1395270973443985,392.057564040046,723.7548828125,0.2918301522731781,0.009308991608796295,4.795838356018066,2.3287341594696045,6.046224784372331
/home/andres/Documentos/proyecto4geeks/data/raw/youtube/car_crash/hgfhons_seg173.wav,False,5.0,0.811557948589325,0.3310125172138214,494.51185842081907,837.701416015625,2.9128856112947688e-05,0.007857711226851851,-0.7732832431793213,0.8339724540710449,2.451743986656063
/home/andres/Documentos/proyecto4geeks/data/raw/youtube/car_crash/🚨 The Most Horrific Car Crashes Ever Recorded! Learn to Drive! 🚨 - RR&BD Driving School_seg1298.wav,False,5.0,0.21163925528526306,0.051612675189971924,608.6461117468921,1156.21337890625,4.469799387152307e-05,0.02527985749421296,0.1510014533996582,1.1134899854660034,4.100528688004975
/home/andres/Documentos/proyecto4geeks/data/raw/youtube/car_crash/BEST OF CAR CRASHES 2024 (so far) - Dashcam Lessons_seg43.wav,True,5.0,0.7334222793579102,0.06946215778589249,1223.364753389212,2602.477010091146,0.025214040651917458,0.04677553530092592,8.313167572021484,2.317704200744629,10.55858762130633
/home/andres/Documentos/proyecto4geeks/data/raw/youtube/car_crash/BEST OF CAR CRASHES 2024 (so far) - Dashcam Lessons_seg616.wav,True,5.0,0.5041324496269226,0.08102916926145554,1172.4568657408413,2154.0181477864585,0.04657897725701332,0.061272515190972224,3.3586740493774414,1.1339668035507202,6.221616909264179
/home/andres/Documentos/proyecto4geeks/data/raw/youtube/car_crash/🚨 The Most Horrific Car Crashes Ever Recorded! Learn to Drive! 🚨 - RR&BD Driving School_seg1609.wav,False,5.0,0.3146349787712097,0.0727357268333435,679.1173593515476,974.676513671875,5.2759965910809115e-05,0.03654197410300926,0.11281991004943848,0.9584710001945496,4.325728118284906
/home/andres/Documentos/proyecto4geeks/data/raw/youtube/car_crash/🚨 The Most Horrific Car Crashes Ever Recorded! Learn to Drive! 🚨 - RR&BD Driving School_seg1632.wav,True,5.0,0.30649328231811523,0.06447665393352509,2231.0939942828822,3216.9708251953125,2.9478904252755456e-05,0.2270530418113426,1.687108039855957,0.8905126452445984,4.753554404813776
/home/andres/Documentos/proyecto4geeks/data/raw/youtube/car_crash/🚨 The Most Horrific Car Crashes Ever Recorded! Learn to Drive! 🚨 - RR&BD Driving School_seg1492.wav,True,5.0,1.0166202783584595,0.16925600171089172,852.0099057799865,1648.9349365234375,3.552811176632531e-05,0.04255054615162037,10.246221542358398,0.8903177976608276,6.006406083542933
/home/andres/Documentos/proyecto4geeks/data/raw/youtube/car_crash/🚨 The Most Horrific Car Crashes Ever Recorded! Learn to Drive! 🚨 - RR&BD Driving School_seg1393.wav,True,5.0,0.4578171968460083,0.0937405601143837,833.2686022374265,1493.6665852864583,0.0002818141074385494,0.04285572193287037,1.005394458770752,1.1518226861953735,4.883875200686754
/home/andres/Documentos/proyecto4geeks/data/raw/youtube/car_crash/🚨 The Most Horrific Car Crashes Ever Recorded! Learn to Drive! 🚨 - RR&BD Driving School_seg139.wav,True,5.0,0.17482832074165344,0.08127499371767044,1553.3784393529854,3094.1019694010415,0.011496859602630138,0.06882505063657407,-1.384293556213379,1.258836030960083,2.1510714765086716
/home/andres/Documentos/proyecto4geeks/data/raw/youtube/car_crash/🚨 The Most Horrific Car Crashes Ever Recorded! Learn to Drive! 🚨 - RR&BD Driving School_seg1907.wav,False,5.0,0.24323104321956635,0.06101506948471069,785.52264418297,1606.4168294270833,3.940976966987364e-05,0.023889612268518517,0.1963176727294922,0.8477495908737183,3.9864093455884597
/home/andres/Documentos/proyecto4geeks/data/raw/youtube/car_crash/BEST OF CAR CRASHES 2024 (so far) - Dashcam Lessons_seg119.wav,True,5.0,0.6457945108413696,0.0809469223022461,1007.0923441157132,1826.5838623046875,2.531503196223639e-05,0.051289876302083336,3.8426856994628906,0.8112309575080872,7.977999563986786
/home/andres/Documentos/proyecto4geeks/data/raw/youtube/car_crash/🚨 The Most Horrific Car Crashes Ever Recorded! Learn to Drive! 🚨 - RR&BD Driving School_seg1124.wav,True,5.0,1.0870815515518188,0.14204241335391998,495.9209000818676,862.0758056640625,9.96185281110229e-06,0.019090440538194444,20.327341079711914,0.8197917342185974,7.653217978179087
/home/andres/Documentos/proyecto4geeks/data/raw/youtube/car_crash/hgfhons_seg119.wav,True,5.0,0.5904902219772339,0.06839857995510101,1026.362491326391,2097.69287109375,8.600072033004835e-05,0.040070710358796294,3.7482004165649414,0.696103572845459,8.633077212366356
/home/andres/Documentos/proyecto4geeks/data/raw/youtube/car_crash/BEST OF CAR CRASHES 2024 (so far) - Dashcam Lessons_seg574.wav,True,5.0,0.6247920393943787,0.07915017008781433,330.01852739413175,611.3037109375,0.3798368573188782,0.009693287037037037,4.589944362640381,2.285785436630249,7.8937548547691065
/home/andres/Documentos/proyecto4geeks/data/raw/youtube/car_crash/BEST OF CAR CRASHES 2024 (so far) - Dashcam Lessons_seg486.wav,True,5.0,0.5421547293663025,0.14765618741512299,1215.7955487674012,2660.497029622396,0.0002060554688796401,0.043924967447916664,-0.3535170555114746,0.7936316728591919,3.6717372895346956
/home/andres/Documentos/proyecto4geeks/data/raw/youtube/car_crash/🚨 The Most Horrific Car Crashes Ever Recorded! Learn to Drive! 🚨 - RR&BD Driving School_seg506.wav,True,5.0,0.17864593863487244,0.06340218335390091,1292.0952883213122,2878.221638997396,0.39416471123695374,0.044108072916666664,-0.18226861953735352,1.980865716934204,2.8176622504446183
/home/andres/Documentos/proyecto4geeks/data/raw/youtube/car_crash/🚨 The Most Horrific Car Crashes Ever Recorded! Learn to Drive! 🚨 - RR&BD Driving School_seg1241.wav,False,5.0,0.2686310112476349,0.06800402700901031,556.4063508012009,997.7549235026041,4.2332507291575894e-05,0.025603117766203703,0.4139857292175293,0.8565914034843445,3.950222112700648
/home/andres/Documentos/proyecto4geeks/data/raw/youtube/car_crash/🚨 The Most Horrific Car Crashes Ever Recorded! Learn to Drive! 🚨 - RR&BD Driving School_seg3.wav,True,5.0,0.8002539873123169,0.093237966299057,785.0274647709938,1254.4087727864583,0.15838788449764252,0.028410734953703703,8.483663558959961,0.0810992419719696,8.58291980261508
/home/andres/Documentos/proyecto4geeks/data/raw/youtube/car_crash/🚨 The Most Horrific Car Crashes Ever Recorded! Learn to Drive! 🚨 - RR&BD Driving School_seg1431.wav,True,5.0,0.5535871982574463,0.08787616342306137,1333.4500619856128,2601.629638671875,0.00012516147398855537,0.06990333839699074,1.5006494522094727,1.3080387115478516,6.29962866705977
/home/andres/Documentos/proyecto4geeks/data/raw/youtube/car_crash/🚨 The Most Horrific Car Crashes Ever Recorded! Learn to Drive! 🚨 - RR&BD Driving School_seg1742.wav,True,5.0,0.9219793677330017,0.08155716955661774,947.9917149914128,1638.5670979817708,0.2227880358695984,0.06201171875,8.649072647094727,0.6001664400100708,11.304700405053296
/home/andres/Documentos/proyecto4geeks/data/raw/youtube/car_crash/🚨 The Most Horrific Car Crashes Ever Recorded! Learn to Drive! 🚨 - RR&BD Driving School_seg2076.wav,True,5.0,0.6332554817199707,0.18747670948505402,666.913711525197,1359.0342203776042,0.18496529757976532,0.018907335069444444,1.1429157257080078,0.5899462103843689,3.377782144011212
/home/andres/Documentos/proyecto4geeks/data/raw/youtube/car_crash/🚨 The Most Horrific Car Crashes Ever Recorded! Learn to Drive! 🚨 - RR&BD Driving School_seg1370.wav,False,5.0,0.3176180124282837,0.07355032116174698,666.1192184878083,1128.2501220703125,2.2906171579961665e-05,0.024592646846064815,0.08802938461303711,0.8602572679519653,4.318376961610825
/home/andres/Documentos/proyecto4geeks/data/raw/youtube/car_crash/🚨 The Most Horrific Car Crashes Ever Recorded! Learn to Drive! 🚨 - RR&BD Driving School_seg686.wav,True,5.0,0.5381921529769897,0.13471047580242157,1422.5744660788391,2728.486124674479,0.001155948732048273,0.09095368561921297,1.349471092224121,0.6278437972068787,3.995176691101257
/home/andres/Documentos/proyecto4geeks/data/raw/youtube/car_crash/BEST OF CAR CRASHES 2024 (so far) - Dashcam Lessons_seg714.wav,True,5.0,0.33750343322753906,0.059911347925662994,1171.3247941080704,2544.1080729166665,0.01918063312768936,0.06602873625578703,0.4990367889404297,1.156445860862732,5.633380735160129
/home/andres/Documentos/proyecto4geeks/data/raw/youtube/car_crash/BEST OF CAR CRASHES 2024 (so far) - Dashcam Lessons_seg572.wav,True,5.0,0.7125257253646851,0.10966631770133972,584.9876299327551,1184.2264811197917,1.2664707355725113e-05,0.02092375578703704,0.952505350112915,1.3515381813049316,6.497215738551996
/home/andres/Documentos/proyecto4geeks/data/raw/youtube/car_crash/INSANE CAR CRASHES COMPILATION   Best of USA & Canada Accidents - part 43 - Dashcam Lessons_seg174.wav,False,5.0,0.4574214220046997,0.0831587165594101,598.7647516814045,1226.2959798177083,5.554442395805381e-05,0.021907099971064815,0.5408174991607666,0.978585958480835,5.50058299267292
/home/andres/Documentos/proyecto4geeks/data/raw/youtube/car_crash/BEST OF CAR CRASHES 2024 (so far) - Dashcam Lessons_seg515.wav,False,5.0,0.8676724433898926,0.26033827662467957,855.8895878472298,1691.2038167317708,2.5186905986629426e-05,0.030971950954861112,0.2096846103668213,1.0706393718719482,3.3328654342959037
/home/andres/Documentos/proyecto4geeks/data/raw/youtube/car_crash/🚨 The Most Horrific Car Crashes Ever Recorded! Learn to Drive! 🚨 - RR&BD Driving School_seg1037.wav,False,5.0,0.4154888093471527,0.07550213485956192,749.4809919737834,1645.794677734375,0.0001471190043957904,0.036356608072916664,1.32792329788208,0.19641108810901642,5.503007433027973
/home/andres/Documentos/proyecto4geeks/data/raw/youtube/car_crash/🚨 The Most Horrific Car Crashes Ever Recorded! Learn to Drive! 🚨 - RR&BD Driving School_seg1799.wav,True,5.0,0.4926849603652954,0.08970386534929276,921.4382855873888,1999.3977864583333,2.9992042982485145e-05,0.03205928096064815,2.463590145111084,0.8996394276618958,5.492349281063477
/home/andres/Documentos/proyecto4geeks/data/raw/youtube/car_crash/🚨 The Most Horrific Car Crashes Ever Recorded! Learn to Drive! 🚨 - RR&BD Driving School_seg1178.wav,True,5.0,0.5570603609085083,0.10774177312850952,1185.9786334860883,2194.7916666666665,4.850441109738313e-05,0.06778745298032407,1.4112963676452637,0.5959756970405579,5.1703285060930035
/home/andres/Documentos/proyecto4geeks/data/raw/youtube/car_crash/INSANE CAR CRASHES COMPILATION   Best of USA & Canada Accidents - part 43 - Dashcam Lessons_seg120.wav,False,5.0,0.3137434720993042,0.10093820095062256,532.0252145906976,1092.5608317057292,8.702009836270008e-06,0.010954680266203705,0.33533596992492676,0.9781150221824646,3.1082728752979705
/home/andres/Documentos/proyecto4geeks/data/raw/youtube/car_crash/🚨 The Most Horrific Car Crashes Ever Recorded! Learn to Drive! 🚨 - RR&BD Driving School_seg1457.wav,True,5.0,0.5567283034324646,0.13288946449756622,1096.602936987332,1937.8387451171875,7.864608778618276e-05,0.052623607494212965,0.14681243896484375,0.8477575182914734,4.189408886048083
/home/andres/Documentos/proyecto4geeks/data/raw/youtube/car_crash/BEST OF CAR CRASHES 2024 (so far) - Dashcam Lessons_seg154.wav,True,5.0,0.9998205900192261,0.0979655310511589,829.1162875436062,1543.3624267578125,0.16632187366485596,0.044187192563657406,7.707502365112305,1.46412702406451e-07,10.205840557194556
/home/andres/Documentos/proyecto4geeks/data/raw/youtube/car_crash/🚨 The Most Horrific Car Crashes Ever Recorded! Learn to Drive! 🚨 - RR&BD Driving School_seg1549.wav,True,5.0,0.4788956046104431,0.09709866344928741,304.1087944481785,491.2261962890625,0.4772771894931793,0.009736237702546295,3.845881462097168,1.6794749058135494e-07,4.932051457697233
/home/andres/Documentos/proyecto4geeks/data/raw/youtube/car_crash/BEST OF CAR CRASHES 2024 (so far) - Dashcam Lessons_seg365.wav,True,5.0,0.5373421907424927,0.27827373147010803,1378.9337013827064,2821.0489908854165,9.988705278374255e-05,0.059294524016203706,-1.4329445362091064,1.047938346862793,1.930984243111293
/home/andres/Documentos/proyecto4geeks/data/raw/youtube/car_crash/BEST OF CAR CRASHES 2024 (so far) - Dashcam Lessons_seg60.wav,True,5.0,0.8737062215805054,0.25954681634902954,610.4923475105081,1123.9634195963542,4.104523395653814e-05,0.027015968605324073,3.377011299133301,0.9314793348312378,3.366276010884331
/home/andres/Documentos/proyecto4geeks/data/raw/youtube/car_crash/hgfhons_seg188.wav,True,5.0,0.4927350580692291,0.1326935738325119,1055.2989559642983,1965.7023111979167,0.005958428606390953,0.06621862340856481,1.0513315200805664,0.0001777526194928214,3.7133302226636413
/home/andres/Documentos/proyecto4geeks/data/raw/youtube/car_crash/BEST OF CAR CRASHES 2024 (so far) - Dashcam Lessons_seg274.wav,True,5.0,0.6383710503578186,0.10626892745494843,1210.8101401768804,2615.5364990234375,0.00010481291974429041,0.06251582392939815,1.7894635200500488,1.0605403184890747,6.007128006655022
/home/andres/Documentos/proyecto4geeks/data/raw/youtube/car_crash/🚨 The Most Horrific Car Crashes Ever Recorded! Learn to Drive! 🚨 - RR&BD Driving School_seg1340.wav,False,5.0,0.15183670818805695,0.07195048034191132,920.2201156686219,1687.7146402994792,0.00010258123074891046,0.03653745298032408,-1.0202107429504395,1.1507846117019653,2.110294572939792
/home/andres/Documentos/proyecto4geeks/data/raw/youtube/car_crash/🚨 The Most Horrific Car Crashes Ever Recorded! Learn to Drive! 🚨 - RR&BD Driving School_seg1148.wav,True,5.0,0.8127387762069702,0.1532466560602188,610.9283852575425,1197.3856608072917,1.764009357430041e-05,0.021785029658564815,1.0200848579406738,1.5236878395080566,5.303468258924346
/home/andres/Documentos/proyecto4geeks/data/raw/youtube/car_crash/BEST OF CAR CRASHES 2024 (so far) - Dashcam Lessons_seg197.wav,True,5.0,0.43230509757995605,0.10067349672317505,1313.8720474581064,3115.385945638021,0.00010047766409115866,0.04423466435185185,2.9257774353027344,0.23215746879577637,4.294130149908116
/home/andres/Documentos/proyecto4geeks/data/raw/youtube/car_crash/INSANE CAR CRASHES COMPILATION   Best of USA & Canada Accidents - part 43 - Dashcam Lessons_seg4.wav,True,5.0,0.8841050863265991,0.1422872245311737,192.12130249385106,348.5188802083333,0.7846733927726746,0.010475441261574073,12.224442481994629,1.796304047729791e-07,6.213524012668382
/home/andres/Documentos/proyecto4geeks/data/raw/youtube/car_crash/BEST OF CAR CRASHES 2024 (so far) - Dashcam Lessons_seg370.wav,True,5.0,0.6420289278030396,0.11495798826217651,1221.030647220108,2414.2608642578125,0.0011346344836056232,0.06370261863425926,4.046865940093994,0.36939406394958496,5.584900514553412
/home/andres/Documentos/proyecto4geeks/data/raw/youtube/car_crash/🚨 The Most Horrific Car Crashes Ever Recorded! Learn to Drive! 🚨 - RR&BD Driving School_seg1150.wav,True,5.0,0.5182790160179138,0.07445088028907776,922.8595489136433,1947.4090576171875,0.17272475361824036,0.02825701678240741,2.3451504707336426,1.7727852252846787e-07,6.961355110894317
/home/andres/Documentos/proyecto4geeks/data/raw/youtube/car_crash/🚨 The Most Horrific Car Crashes Ever Recorded! Learn to Drive! 🚨 - RR&BD Driving School_seg1304.wav,False,5.0,0.3193604350090027,0.10820312052965164,718.7368844549302,1389.2903645833333,4.159913441981189e-05,0.021968135127314815,-0.5663197040557861,0.9820205569267273,2.951490062789221
/home/andres/Documentos/proyecto4geeks/data/raw/youtube/car_crash/🚨 The Most Horrific Car Crashes Ever Recorded! Learn to Drive! 🚨 - RR&BD Driving School_seg2030.wav,True,5.0,1.0804022550582886,0.35604265332221985,1352.8793678486404,2944.117228190104,0.0001282126468140632,0.05008273654513889,0.5886173248291016,1.0723077058792114,3.034474226540173
/home/andres/Documentos/proyecto4geeks/data/raw/youtube/car_crash/🚨 The Most Horrific Car Crashes Ever Recorded! Learn to Drive! 🚨 - RR&BD Driving School_seg1926.wav,False,5.0,0.26679152250289917,0.09106329083442688,715.3231529804897,1253.5115559895833,2.0656303604482673e-05,0.024434407552083332,-0.4471006393432617,1.0954890251159668,2.9297373294476605
/home/andres/Documentos/proyecto4geeks/data/raw/youtube/car_crash/🚨 The Most Horrific Car Crashes Ever Recorded! Learn to Drive! 🚨 - RR&BD Driving School_seg1224.wav,True,5.0,0.5418168902397156,0.10252919048070908,1040.7844146455727,2039.5233154296875,9.159649926004931e-05,0.04463478370949074,2.514950752258301,0.2703326344490051,5.2845134901984245
/home/andres/Documentos/proyecto4geeks/data/raw/youtube/car_crash/🚨 The Most Horrific Car Crashes Ever Recorded! Learn to Drive! 🚨 - RR&BD Driving School_seg913.wav,True,5.0,0.2558344006538391,0.05893608182668686,2212.7488166262838,3525.713094075521,0.00037062072078697383,0.19718650535300927,0.3342921733856201,0.6154900789260864,4.340879011974865
/home/andres/Documentos/proyecto4geeks/data/raw/youtube/car_crash/🚨 The Most Horrific Car Crashes Ever Recorded! Learn to Drive! 🚨 - RR&BD Driving School_seg440.wav,True,5.0,0.5295681953430176,0.1440502256155014,973.6817841486604,1841.0390218098958,4.773176260641776e-05,0.05257387514467592,0.2813248634338379,1.0580312013626099,3.6762746679263367
/home/andres/Documentos/proyecto4geeks/data/raw/youtube/car_crash/🚨 The Most Horrific Car Crashes Ever Recorded! Learn to Drive! 🚨 - RR&BD Driving School_seg1439.wav,True,5.0,0.5171003937721252,0.06293535232543945,1705.1943243480282,3504.3294270833335,0.00011325864034006372,0.09651014539930555,4.491065979003906,0.7315987348556519,8.216374019644421
/home/andres/Documentos/proyecto4geeks/data/raw/youtube/car_crash/🚨 The Most Horrific Car Crashes Ever Recorded! Learn to Drive! 🚨 - RR&BD Driving School_seg148.wav,True,5.0,0.7677199840545654,0.17630812525749207,641.548511779829,1156.2632242838542,1.2422118743415922e-05,0.022926613136574073,2.3599910736083984,0.725614070892334,4.3544220263755955
/home/andres/Documentos/proyecto4geeks/data/raw/youtube/car_crash/🚨 The Most Horrific Car Crashes Ever Recorded! Learn to Drive! 🚨 - RR&BD Driving School_seg207.wav,True,5.0,0.6994835138320923,0.08307648450136185,717.4544052646414,1395.6207275390625,3.8478869100799784e-05,0.039003725405092594,5.311622619628906,0.9244586825370789,8.419753411835886
/home/andres/Documentos/proyecto4geeks/data/raw/youtube/car_crash/BEST OF CAR CRASHES 2024 (so far) - Dashcam Lessons_seg532.wav,True,5.0,0.7614342570304871,0.08351241052150726,652.019444249894,1291.6432698567708,0.12673135101795197,0.032115794994212965,7.525023460388184,1.7256765261208784e-07,9.117617995534621
/home/andres/Documentos/proyecto4geeks/data/raw/youtube/car_crash/🚨 The Most Horrific Car Crashes Ever Recorded! Learn to Drive! 🚨 - RR&BD Driving School_seg1550.wav,True,5.0,0.41082847118377686,0.0719616562128067,558.9059077812763,1005.5806477864584,2.757868787739426e-05,0.019384313512731483,2.6033201217651367,2.1548054218292236,5.708991326758187
/home/andres/Documentos/proyecto4geeks/data/raw/youtube/car_crash/🚨 The Most Horrific Car Crashes Ever Recorded! Learn to Drive! 🚨 - RR&BD Driving School_seg259.wav,True,5.0,0.21960663795471191,0.07356803864240646,768.0214641736325,1441.0797119140625,4.641834311769344e-05,0.039614076967592594,2.1623024940490723,4.3826704025268555,2.9850821362680726
/home/andres/Documentos/proyecto4geeks/data/raw/youtube/car_crash/🚨 The Most Horrific Car Crashes Ever Recorded! Learn to Drive! 🚨 - RR&BD Driving School_seg1951.wav,True,5.0,0.46480605006217957,0.10640326887369156,837.5403953936735,1542.5649007161458,0.24793745577335358,0.03386999059606482,1.2847628593444824,1.2157114781530254e-07,4.368343707650278
/home/andres/Documentos/proyecto4geeks/data/raw/youtube/car_crash/🚨 The Most Horrific Car Crashes Ever Recorded! Learn to Drive! 🚨 - RR&BD Driving School_seg1299.wav,False,5.0,0.23722891509532928,0.06032814085483551,588.7271168225684,1163.690185546875,7.31103282305412e-05,0.02217384620949074,-0.019234895706176758,1.1032378673553467,3.932309395415129
/home/andres/Documentos/proyecto4geeks/data/raw/youtube/car_crash/🚨 The Most Horrific Car Crashes Ever Recorded! Learn to Drive! 🚨 - RR&BD Driving School_seg1768.wav,True,5.0,0.6968684196472168,0.1347029209136963,1302.7966697994646,2616.633097330729,0.00013003057392779738,0.06233950014467592,1.6663661003112793,2.3908915519714355,5.173372744370738
/home/andres/Documentos/proyecto4geeks/data/raw/youtube/car_crash/🚨 The Most Horrific Car Crashes Ever Recorded! Learn to Drive! 🚨 - RR&BD Driving School_seg1153.wav,True,5.0,0.2963656187057495,0.06724106520414352,1159.6599824861041,2398.3601888020835,6.644709355896339e-05,0.03409378616898148,1.9068589210510254,0.9430776834487915,4.407509277278364
/home/andres/Documentos/proyecto4geeks/data/raw/youtube/car_crash/🚨 The Most Horrific Car Crashes Ever Recorded! Learn to Drive! 🚨 - RR&BD Driving School_seg469.wav,True,5.0,0.8024303317070007,0.15666255354881287,389.1102357168409,650.1332600911459,8.591608093411196e-06,0.01770245587384259,0.054251670837402344,1.1757888793945312,5.122030207760259
/home/andres/Documentos/proyecto4geeks/data/raw/youtube/car_crash/🚨 The Most Horrific Car Crashes Ever Recorded! Learn to Drive! 🚨 - RR&BD Driving School_seg1225.wav,True,5.0,0.6029257774353027,0.13555650413036346,597.3782039253422,954.2399088541666,1.107920706999721e-05,0.02850567853009259,0.06749820709228516,1.1891522407531738,4.447781988026385
/home/andres/Documentos/proyecto4geeks/data/raw/youtube/car_crash/🚨 The Most Horrific Car Crashes Ever Recorded! Learn to Drive! 🚨 - RR&BD Driving School_seg1422.wav,True,5.0,0.6012133359909058,0.09219583123922348,1369.5850101965782,2614.0909830729165,0.00013015040894970298,0.07640697337962964,4.067536354064941,1.4179118871688843,6.521046861917186
/home/andres/Documentos/proyecto4geeks/data/raw/youtube/car_crash/BEST OF CAR CRASHES 2024 (so far) - Dashcam Lessons_seg705.wav,True,5.0,0.7056604027748108,0.10317698866128922,599.1575092065568,1268.66455078125,0.48153287172317505,0.024278428819444444,7.115503311157227,1.679522227959751e-07,6.839319618878612
/home/andres/Documentos/proyecto4geeks/data/raw/youtube/car_crash/🚨 The Most Horrific Car Crashes Ever Recorded! Learn to Drive! 🚨 - RR&BD Driving School_seg885.wav,True,5.0,0.9623302817344666,0.13659395277500153,1230.5515635872512,2304.601033528646,0.004865666385740042,0.061125578703703706,5.500909805297852,0.6985723376274109,7.0451894990737856
/home/andres/Documentos/proyecto4geeks/data/raw/youtube/car_crash/hgfhons_seg130.wav,True,5.0,0.22978068888187408,0.061765629798173904,2112.418024388509,4255.499267578125,0.0001651850325288251,0.14862964771412038,-0.320659875869751,0.5357997417449951,3.7202031231445054
/home/andres/Documentos/proyecto4geeks/data/raw/youtube/car_crash/🚨 The Most Horrific Car Crashes Ever Recorded! Learn to Drive! 🚨 - RR&BD Driving School_seg1686.wav,False,5.0,0.35656869411468506,0.07310798019170761,729.1769703352156,1312.7777099609375,5.583864913205616e-05,0.027608235677083332,1.0063018798828125,0.9583935141563416,4.877288268323027
/home/andres/Documentos/proyecto4geeks/data/raw/youtube/car_crash/🚨 The Most Horrific Car Crashes Ever Recorded! Learn to Drive! 🚨 - RR&BD Driving School_seg1808.wav,False,5.0,1.0630837678909302,0.30254897475242615,590.4805393974518,1119.6268717447917,3.675774860312231e-05,0.014293529369212963,0.1958916187286377,0.7340728044509888,3.513757628024788
/home/andres/Documentos/proyecto4geeks/data/raw/youtube/car_crash/🚨 The Most Horrific Car Crashes Ever Recorded! Learn to Drive! 🚨 - RR&BD Driving School_seg1719.wav,True,5.0,0.9222159385681152,0.09146738052368164,671.1095917501385,1393.975830078125,0.4157002866268158,0.028718171296296297,18.422252655029297,2.1497527313840692e-07,10.082457082273867
/home/andres/Documentos/proyecto4geeks/data/raw/youtube/car_crash/🚨 The Most Horrific Car Crashes Ever Recorded! Learn to Drive! 🚨 - RR&BD Driving School_seg39.wav,False,5.0,0.5268243551254272,0.0828404426574707,847.13046062442,1751.1678059895833,0.00022181148233357817,0.03488498263888889,1.8227500915527344,0.5592491030693054,6.359506760452562
/home/andres/Documentos/proyecto4geeks/data/raw/youtube/car_crash/🚨 The Most Horrific Car Crashes Ever Recorded! Learn to Drive! 🚨 - RR&BD Driving School_seg2038.wav,True,5.0,0.7897617220878601,0.13263989984989166,858.8181977049143,1805.5989583333333,8.376688492717221e-05,0.026884856047453703,7.6314802169799805,1.040781021118164,5.954179119372661
/home/andres/Documentos/proyecto4geeks/data/raw/youtube/car_crash/🚨 The Most Horrific Car Crashes Ever Recorded! Learn to Drive! 🚨 - RR&BD Driving School_seg216.wav,True,5.0,0.9969614744186401,0.2517184019088745,939.1695573176869,1879.0211995442708,4.3607273255474865e-05,0.05445918330439815,2.298579216003418,2.9197802543640137,3.960622135109507
/home/andres/Documentos/proyecto4geeks/data/raw/youtube/car_crash/BEST OF CAR CRASHES 2024 (so far) - Dashcam Lessons_seg206.wav,True,5.0,0.9504416584968567,0.08260840177536011,1068.0592534384793,1920.5423990885417,0.00010652012133505195,0.05540635850694445,28.451988220214844,0.6614305973052979,11.505387322102179
/home/andres/Documentos/proyecto4geeks/data/raw/youtube/car_crash/BEST OF CAR CRASHES 2024 (so far) - Dashcam Lessons_seg337.wav,True,5.0,0.9545472860336304,0.2462599277496338,1091.211078468221,2299.4171142578125,0.047343023121356964,0.033723054108796294,0.4959602355957031,1.726617693901062,3.8761778855072926
/home/andres/Documentos/proyecto4geeks/data/raw/youtube/car_crash/BEST OF CAR CRASHES 2024 (so far) - Dashcam Lessons_seg59.wav,False,5.0,0.24701234698295593,0.06500004231929779,388.810417101613,685.3240966796875,4.2444586142664775e-05,0.023057725694444444,0.052272796630859375,1.0999573469161987,3.800187479352156
/home/andres/Documentos/proyecto4geeks/data/raw/youtube/car_crash/BEST OF CAR CRASHES 2024 (so far) - Dashcam Lessons_seg405.wav,True,5.0,0.7500473260879517,0.10540058463811874,1800.6778056600817,4256.4463297526045,0.00022261757112573832,0.09240948712384259,12.521557807922363,0.4057081341743469,7.116159067390756
/home/andres/Documentos/proyecto4geeks/data/raw/youtube/car_crash/🚨 The Most Horrific Car Crashes Ever Recorded! Learn to Drive! 🚨 - RR&BD Driving School_seg1496.wav,True,5.0,0.36314523220062256,0.06204672157764435,853.3026566101026,1880.0679524739583,3.91698740713764e-05,0.030978732638888888,3.6564087867736816,0.6439420580863953,5.852770669604763
/home/andres/Documentos/proyecto4geeks/data/raw/youtube/car_crash/BEST OF CAR CRASHES 2024 (so far) - Dashcam Lessons_seg207.wav,True,5.0,1.0087929964065552,0.17461943626403809,2043.4716014044996,3462.309773763021,0.0003857027622871101,0.15180799696180555,7.870455741882324,6.736480236053467,5.7770945662394935
/home/andres/Documentos/proyecto4geeks/data/raw/youtube/car_crash/🚨 The Most Horrific Car Crashes Ever Recorded! Learn to Drive! 🚨 - RR&BD Driving School_seg1143.wav,True,5.0,0.4248976707458496,0.10117220878601074,997.6725703332363,2108.0607096354165,5.833601244376041e-05,0.030612521701388888,0.28011560440063477,1.143083095550537,4.199746905203489
/home/andres/Documentos/proyecto4geeks/data/raw/youtube/car_crash/🚨 The Most Horrific Car Crashes Ever Recorded! Learn to Drive! 🚨 - RR&BD Driving School_seg950.wav,False,5.0,0.22145867347717285,0.053362246602773666,762.383992625919,1437.4908447265625,3.381736314622685e-05,0.03571460865162037,0.049579620361328125,0.9831989407539368,4.150100259487796
/home/andres/Documentos/proyecto4geeks/data/raw/youtube/car_crash/🚨 The Most Horrific Car Crashes Ever Recorded! Learn to Drive! 🚨 - RR&BD Driving School_seg1980.wav,False,5.0,0.4819902777671814,0.2245858907699585,415.1243762378383,678.8441975911459,1.7778305846150033e-05,0.006318268952546296,-1.1469322443008423,0.9501012563705444,2.146128931397271
/home/andres/Documentos/proyecto4geeks/data/raw/youtube/car_crash/🚨 The Most Horrific Car Crashes Ever Recorded! Learn to Drive! 🚨 - RR&BD Driving School_seg1369.wav,True,5.0,0.29694706201553345,0.08190818130970001,698.6586963751001,1294.1853841145833,3.0695824534632266e-05,0.022363733362268517,-0.3927137851715088,1.1619369983673096,3.625365101065209
/home/andres/Documentos/proyecto4geeks/data/raw/youtube/car_crash/BEST OF CAR CRASHES 2024 (so far) - Dashcam Lessons_seg762.wav,True,5.0,0.7549689412117004,0.1109294444322586,617.809085285046,1324.9898274739583,0.2640218138694763,0.008192274305555556,14.28924560546875,5.919681549072266,6.805848033124624
/home/andres/Documentos/proyecto4geeks/data/raw/youtube/car_crash/🚨 The Most Horrific Car Crashes Ever Recorded! Learn to Drive! 🚨 - RR&BD Driving School_seg138.wav,False,5.0,0.1791095733642578,0.09738537669181824,1007.908011026984,2320.6512451171875,7.086949335644022e-05,0.023543746383101853,-1.6923930644989014,0.9621641039848328,1.8391834528629634
/home/andres/Documentos/proyecto4geeks/data/raw/youtube/car_crash/🚨 The Most Horrific Car Crashes Ever Recorded! Learn to Drive! 🚨 - RR&BD Driving School_seg1211.wav,True,5.0,0.4396374225616455,0.07663346827030182,1326.6287882896086,2526.4628092447915,0.00012535844871308655,0.08567753544560185,2.156177043914795,0.5647425055503845,5.736885364567059
/home/andres/Documentos/proyecto4geeks/data/raw/youtube/car_crash/BEST OF CAR CRASHES 2024 (so far) - Dashcam Lessons_seg51.wav,False,5.0,1.0150893926620483,0.4196705222129822,384.71774465669216,768.7154134114584,1.1449513294792268e-05,0.011922200520833334,-0.8237557411193848,0.8147134780883789,2.418776966528217
/home/andres/Documentos/proyecto4geeks/data/raw/youtube/car_crash/BEST OF CAR CRASHES 2024 (so far) - Dashcam Lessons_seg493.wav,True,5.0,0.6878703832626343,0.2799590229988098,1320.2930477642612,2480.6549072265625,6.145882798591629e-05,0.07298900462962964,-0.7135565280914307,1.3260276317596436,2.4570395191838545
/home/andres/Documentos/proyecto4geeks/data/raw/youtube/car_crash/hgfhons_seg193.wav,False,5.0,0.5259708762168884,0.14723922312259674,479.8969853685901,721.0133870442709,8.584583156334702e-06,0.02331316912615741,0.7881975173950195,0.8984559178352356,3.5722198545925066
/home/andres/Documentos/proyecto4geeks/data/raw/youtube/car_crash/🚨 The Most Horrific Car Crashes Ever Recorded! Learn to Drive! 🚨 - RR&BD Driving School_seg2085.wav,True,5.0,0.44824427366256714,0.08294287323951721,802.0434726669611,1432.0078531901042,0.2151547372341156,0.035267017505787035,2.5401535034179688,1.012169599533081,5.404253025606567
/home/andres/Documentos/proyecto4geeks/data/raw/youtube/car_crash/BEST OF CAR CRASHES 2024 (so far) - Dashcam Lessons_seg235.wav,False,5.0,0.6846227049827576,0.2506427764892578,574.4357908674938,1133.4340413411458,1.8889109924202785e-05,0.027449996383101853,0.23171663284301758,1.9648979902267456,2.731467926462936
/home/andres/Documentos/proyecto4geeks/data/raw/youtube/car_crash/BEST OF CAR CRASHES 2024 (so far) - Dashcam Lessons_seg657.wav,True,5.0,1.0458736419677734,0.5029826164245605,288.65119720142275,532.1990966796875,0.546617329120636,0.00640869140625,0.4579606056213379,4.366208553314209,2.0793435156870053
/home/andres/Documentos/proyecto4geeks/data/raw/youtube/car_crash/🚨 The Most Horrific Car Crashes Ever Recorded! Learn to Drive! 🚨 - RR&BD Driving School_seg1729.wav,False,5.0,0.5391630530357361,0.10987291485071182,755.2571656229653,1559.7615559895833,5.656672510667704e-05,0.02741382740162037,1.872518539428711,0.17184214293956757,4.907151628437351
/home/andres/Documentos/proyecto4geeks/data/raw/youtube/car_crash/🚨 The Most Horrific Car Crashes Ever Recorded! Learn to Drive! 🚨 - RR&BD Driving School_seg1822.wav,True,5.0,0.5259998440742493,0.12114829570055008,1388.3019083919307,2003.2857259114583,0.0002080990670947358,0.0941455982349537,0.08388280868530273,1.1294184923171997,4.341784925889957
/home/andres/Documentos/proyecto4geeks/data/raw/youtube/car_crash/🚨 The Most Horrific Car Crashes Ever Recorded! Learn to Drive! 🚨 - RR&BD Driving School_seg271.wav,True,5.0,0.5847471356391907,0.09764263778924942,807.5112248243936,1478.1646728515625,7.89109108154662e-05,0.03803394458912037,9.75778865814209,4.352520942687988,5.988645420408577
/home/andres/Documentos/proyecto4geeks/data/raw/youtube/car_crash/🚨 The Most Horrific Car Crashes Ever Recorded! Learn to Drive! 🚨 - RR&BD Driving School_seg1761.wav,True,5.0,0.5668461918830872,0.12114091962575912,1671.8597346484325,2953.6376953125,0.0001633388746995479,0.10733597366898148,1.0213851928710938,0.6099447011947632,4.67922972377597
/home/andres/Documentos/proyecto4geeks/data/raw/youtube/car_crash/INSANE CAR CRASHES COMPILATION   Best of USA & Canada Accidents - part 43 - Dashcam Lessons_seg26.wav,True,5.0,0.5135757923126221,0.08787824213504791,829.6065263916222,1419.696044921875,3.8292870158329606e-05,0.054606119791666664,6.445093154907227,0.3265847861766815,5.844174619669045
/home/andres/Documentos/proyecto4geeks/data/raw/youtube/car_crash/BEST OF CAR CRASHES 2024 (so far) - Dashcam Lessons_seg361.wav,True,5.0,0.6126164197921753,0.10025375336408615,919.5224019819735,1770.0093587239583,5.381595838116482e-05,0.042652271412037035,9.68618392944336,1.7081749439239502,6.110658197117654
/home/andres/Documentos/proyecto4geeks/data/raw/youtube/car_crash/🚨 The Most Horrific Car Crashes Ever Recorded! Learn to Drive! 🚨 - RR&BD Driving School_seg1571.wav,True,5.0,0.566724419593811,0.10241299867630005,1012.9883822615367,1902.9469807942708,7.984694093465805e-05,0.04167344835069445,2.350971221923828,1.8173229694366455,5.533715709072642
/home/andres/Documentos/proyecto4geeks/data/raw/youtube/car_crash/BEST OF CAR CRASHES 2024 (so far) - Dashcam Lessons_seg41.wav,True,5.0,0.3314903676509857,0.066305972635746,616.8069496058035,1085.4827880859375,0.19655150175094604,0.014686867042824073,1.2493515014648438,1.9077309332260484e-07,4.999404344266833
/home/andres/Documentos/proyecto4geeks/data/raw/youtube/car_crash/🚨 The Most Horrific Car Crashes Ever Recorded! Learn to Drive! 🚨 - RR&BD Driving School_seg872.wav,True,5.0,1.0139949321746826,0.20536480844020844,2506.6045008980695,4469.3359375,0.0002911211340688169,0.1943088107638889,4.165841579437256,1.928502082824707,4.9375301438998385
/home/andres/Documentos/proyecto4geeks/data/raw/youtube/car_crash/🚨 The Most Horrific Car Crashes Ever Recorded! Learn to Drive! 🚨 - RR&BD Driving School_seg1681.wav,False,5.0,0.4987255334854126,0.09437070041894913,795.8491005966879,1510.2152506510417,8.739723125472665e-05,0.03278040002893518,0.9549384117126465,0.4465053081512451,5.284749729164735
/home/andres/Documentos/proyecto4geeks/data/raw/youtube/car_crash/🚨 The Most Horrific Car Crashes Ever Recorded! Learn to Drive! 🚨 - RR&BD Driving School_seg1218.wav,True,5.0,0.3080383539199829,0.06015583872795105,1454.8797880753639,3045.502726236979,0.00016309220518451184,0.06726752387152778,1.4053006172180176,0.6680805087089539,5.120672580228427
/home/andres/Documentos/proyecto4geeks/data/raw/youtube/car_crash/🚨 The Most Horrific Car Crashes Ever Recorded! Learn to Drive! 🚨 - RR&BD Driving School_seg1130.wav,True,5.0,1.0091097354888916,0.10716749727725983,545.3211896497637,1259.0443929036458,6.077785201341612e-06,0.018844039351851853,11.297575950622559,0.7679354548454285,9.416192046257677
/home/andres/Documentos/proyecto4geeks/data/raw/youtube/car_crash/🚨 The Most Horrific Car Crashes Ever Recorded! Learn to Drive! 🚨 - RR&BD Driving School_seg1922.wav,False,5.0,0.28137898445129395,0.08522509783506393,699.9170216440766,1139.8142496744792,4.5040007535135373e-05,0.03456850405092592,0.027021169662475586,1.1264368295669556,3.301597670119955
/home/andres/Documentos/proyecto4geeks/data/raw/youtube/car_crash/INSANE CAR CRASHES COMPILATION   Best of USA & Canada Accidents - part 43 - Dashcam Lessons_seg20.wav,True,5.0,0.30630528926849365,0.12306669354438782,1867.0017326381858,4162.2385660807295,0.0002428808220429346,0.07768192997685185,-1.3851985931396484,0.6442384123802185,2.4889373431937227
/home/andres/Documentos/proyecto4geeks/data/raw/youtube/car_crash/hgfhons_seg5.wav,True,5.0,0.5436044931411743,0.13633304834365845,1126.0398436898363,2088.5711669921875,9.027525084093213e-05,0.060099283854166664,1.4306449890136719,1.6719309091567993,3.9873273556306628
/home/andres/Documentos/proyecto4geeks/data/raw/youtube/car_crash/hgfhons_seg24.wav,True,5.0,0.518794059753418,0.13140994310379028,1596.8421531595309,3077.5533040364585,4.848374010180123e-05,0.10091597945601852,1.4795479774475098,0.957454264163971,3.9479056720975505
/home/andres/Documentos/proyecto4geeks/data/raw/youtube/car_crash/BEST OF CAR CRASHES 2024 (so far) - Dashcam Lessons_seg495.wav,True,5.0,0.6468125581741333,0.1277703046798706,1056.4731759331066,2121.668497721354,0.3147856295108795,0.05216245298032408,8.480201721191406,1.4788257374220848e-07,5.062307394426775
/home/andres/Documentos/proyecto4geeks/data/raw/youtube/car_crash/INSANE CAR CRASHES COMPILATION   Best of USA & Canada Accidents - part 43 - Dashcam Lessons_seg59.wav,True,5.0,0.4520544409751892,0.0891614556312561,378.2965399949057,651.6286214192709,0.14021050930023193,0.007410120081018518,2.264982223510742,1.0145800113677979,5.07006573378159
/home/andres/Documentos/proyecto4geeks/data/raw/youtube/car_crash/hgfhons_seg69.wav,True,5.0,0.4055752754211426,0.11086738109588623,933.5721983109698,1909.87548828125,0.00011413181346142665,0.028894495081018517,3.1426806449890137,0.49907925724983215,3.6582020014228815
/home/andres/Documentos/proyecto4geeks/data/raw/youtube/car_crash/🚨 The Most Horrific Car Crashes Ever Recorded! Learn to Drive! 🚨 - RR&BD Driving School_seg90.wav,True,5.0,0.9988783001899719,0.15626953542232513,2036.0712968170194,4300.1108805338545,0.0003570831613615155,0.1320732964409722,2.8380956649780273,0.8866381645202637,6.392021947746042
/home/andres/Documentos/proyecto4geeks/data/raw/youtube/car_crash/🚨 The Most Horrific Car Crashes Ever Recorded! Learn to Drive! 🚨 - RR&BD Driving School_seg213.wav,True,5.0,0.9978305101394653,0.2366240918636322,1223.8539052061005,2279.578653971354,5.71168347960338e-05,0.08501971209490741,2.7575488090515137,0.40778833627700806,4.216943855025141
/home/andres/Documentos/proyecto4geeks/data/raw/youtube/car_crash/🚨 The Most Horrific Car Crashes Ever Recorded! Learn to Drive! 🚨 - RR&BD Driving School_seg1121.wav,True,5.0,0.43815675377845764,0.09889872372150421,1132.5541600181825,2691.7500813802085,0.23553314805030823,0.043547453703703706,1.6626381874084473,1.310596360326599e-07,4.4303580196632595
/home/andres/Documentos/proyecto4geeks/data/raw/youtube/car_crash/🚨 The Most Horrific Car Crashes Ever Recorded! Learn to Drive! 🚨 - RR&BD Driving School_seg1315.wav,False,5.0,0.24394750595092773,0.056733641773462296,746.9090920768244,1429.9143473307292,5.899409734411165e-05,0.02253101490162037,0.23982501029968262,1.0619313716888428,4.299873907631586
/home/andres/Documentos/proyecto4geeks/data/raw/youtube/car_crash/🚨 The Most Horrific Car Crashes Ever Recorded! Learn to Drive! 🚨 - RR&BD Driving School_seg72.wav,True,5.0,0.6238524317741394,0.0916752889752388,312.3791020944373,571.2778727213541,1.058471571013797e-05,0.010321723090277778,5.172680854797363,2.413058280944824,6.805022801028038
/home/andres/Documentos/proyecto4geeks/data/raw/youtube/car_crash/🚨 The Most Horrific Car Crashes Ever Recorded! Learn to Drive! 🚨 - RR&BD Driving School_seg2093.wav,True,5.0,1.251225471496582,0.284994512796402,780.671513465165,1574.1170247395833,0.19484713673591614,0.03390842013888889,5.2099809646606445,0.3366301655769348,4.390349341168046
/home/andres/Documentos/proyecto4geeks/data/raw/youtube/car_crash/BEST OF CAR CRASHES 2024 (so far) - Dashcam Lessons_seg123.wav,False,5.0,0.7562606930732727,0.19405730068683624,439.2589185939881,882.6619466145834,6.204850797075778e-05,0.019965277777777776,0.12784051895141602,0.7551194429397583,3.8970999307560503
/home/andres/Documentos/proyecto4geeks/data/raw/youtube/car_crash/BEST OF CAR CRASHES 2024 (so far) - Dashcam Lessons_seg317.wav,True,5.0,0.6877018213272095,0.12462711334228516,1023.7457505224934,2114.490763346354,9.854757809080184e-05,0.05127405237268518,1.1882758140563965,0.8753012418746948,5.518075504428447
/home/andres/Documentos/proyecto4geeks/data/raw/youtube/car_crash/🚨 The Most Horrific Car Crashes Ever Recorded! Learn to Drive! 🚨 - RR&BD Driving School_seg103.wav,True,5.0,0.41074591875076294,0.06751036643981934,1864.573264679779,3639.659627278646,0.00047801408800296485,0.10653121383101852,4.589625358581543,0.4306979775428772,6.084190331137209
/home/andres/Documentos/proyecto4geeks/data/raw/youtube/car_crash/🚨 The Most Horrific Car Crashes Ever Recorded! Learn to Drive! 🚨 - RR&BD Driving School_seg1933.wav,True,5.0,0.6046299934387207,0.08907333016395569,1443.9995914263939,2972.8780110677085,0.298890620470047,0.08008942780671297,4.405865669250488,0.40635210275650024,6.788002562821004
/home/andres/Documentos/proyecto4geeks/data/raw/youtube/car_crash/🚨 The Most Horrific Car Crashes Ever Recorded! Learn to Drive! 🚨 - RR&BD Driving School_seg1244.wav,True,5.0,0.2586478292942047,0.062007587403059006,588.9965706782384,1159.4533284505208,2.2725071175955236e-05,0.020849157262731483,0.3788778781890869,1.2751305103302002,4.171228717685501
/home/andres/Documentos/proyecto4geeks/data/raw/youtube/car_crash/🚨 The Most Horrific Car Crashes Ever Recorded! Learn to Drive! 🚨 - RR&BD Driving School_seg84.wav,True,5.0,0.9052923321723938,0.14236778020858765,992.8931832063525,1764.9251302083333,7.500503852497786e-05,0.07097032335069445,0.9909641742706299,1.1153476238250732,6.3588287380730515
/home/andres/Documentos/proyecto4geeks/data/raw/youtube/car_crash/🚨 The Most Horrific Car Crashes Ever Recorded! Learn to Drive! 🚨 - RR&BD Driving School_seg887.wav,False,5.0,0.29640474915504456,0.11694441735744476,704.8041724326375,1658.9040120442708,1.442546727048466e-05,0.020534939236111112,-0.5225934982299805,1.1713976860046387,2.534578014498446
/home/andres/Documentos/proyecto4geeks/data/raw/youtube/car_crash/🚨 The Most Horrific Car Crashes Ever Recorded! Learn to Drive! 🚨 - RR&BD Driving School_seg1776.wav,True,5.0,0.3222854435443878,0.05171797797083855,2320.019660137145,4514.495849609375,0.00037849548971280456,0.15653709129050927,0.7772750854492188,1.0046558380126953,6.231594044915649
/home/andres/Documentos/proyecto4geeks/data/raw/youtube/car_crash/hgfhons_seg156.wav,True,5.0,0.4748842120170593,0.0884804055094719,1011.7152039992966,1773.6480712890625,1.0736484910012223e-05,0.08879711009837964,0.8483576774597168,1.485802173614502,5.36711161389123
/home/andres/Documentos/proyecto4geeks/data/raw/youtube/car_crash/INSANE CAR CRASHES COMPILATION   Best of USA & Canada Accidents - part 43 - Dashcam Lessons_seg121.wav,True,5.0,0.28796911239624023,0.07412368804216385,842.7648540972821,1744.9371337890625,7.231665222207084e-05,0.03510877821180555,2.2477312088012695,0.4704975187778473,3.8849809014973657
/home/andres/Documentos/proyecto4geeks/data/raw/youtube/car_crash/🚨 The Most Horrific Car Crashes Ever Recorded! Learn to Drive! 🚨 - RR&BD Driving School_seg1820.wav,True,5.0,0.45186835527420044,0.10209205001592636,1611.146181513792,2755.003865559896,4.228677789797075e-05,0.10927779586226852,0.6267218589782715,1.0210143327713013,4.426087586636598
/home/andres/Documentos/proyecto4geeks/data/raw/youtube/car_crash/🚨 The Most Horrific Car Crashes Ever Recorded! Learn to Drive! 🚨 - RR&BD Driving School_seg1967.wav,True,5.0,0.6328659653663635,0.10338796675205231,776.3814573722657,1317.6127115885417,0.23288553953170776,0.046131275318287035,2.1930923461914062,2.167424201965332,6.121272960885261
/home/andres/Documentos/proyecto4geeks/data/raw/youtube/car_crash/🚨 The Most Horrific Car Crashes Ever Recorded! Learn to Drive! 🚨 - RR&BD Driving School_seg1019.wav,True,5.0,1.0117546319961548,0.18858250975608826,544.7277266100073,889.739990234375,2.8277980163693428e-05,0.027481644241898147,5.427349090576172,2.5130910873413086,5.365050201629984
/home/andres/Documentos/proyecto4geeks/data/raw/youtube/car_crash/INSANE CAR CRASHES COMPILATION   Best of USA & Canada Accidents - part 43 - Dashcam Lessons_seg132.wav,True,5.0,0.30130019783973694,0.0671156495809555,245.6676500530264,410.7757568359375,0.4407920241355896,0.005646882233796296,1.4069428443908691,2.1274567529872002e-07,4.489268892075858
/home/andres/Documentos/proyecto4geeks/data/raw/youtube/car_crash/🚨 The Most Horrific Car Crashes Ever Recorded! Learn to Drive! 🚨 - RR&BD Driving School_seg1702.wav,True,5.0,0.5864158868789673,0.0691070631146431,1464.6635947666402,2696.2361653645835,0.05003485083580017,0.08911358868634259,8.310997009277344,0.4878922700881958,8.485614356055972
/home/andres/Documentos/proyecto4geeks/data/raw/youtube/car_crash/🚨 The Most Horrific Car Crashes Ever Recorded! Learn to Drive! 🚨 - RR&BD Driving School_seg214.wav,True,5.0,1.0077060461044312,0.20992325246334076,1201.713137513977,2323.3428955078125,5.637317372020334e-05,0.08421495225694445,4.304871082305908,0.6011916995048523,4.8003545785172514
/home/andres/Documentos/proyecto4geeks/data/raw/youtube/car_crash/🚨 The Most Horrific Car Crashes Ever Recorded! Learn to Drive! 🚨 - RR&BD Driving School_seg136.wav,False,5.0,0.16815774142742157,0.09292476624250412,898.6530246922919,1942.2749837239583,4.918457489111461e-05,0.031073676215277776,-1.6291389465332031,1.0203214883804321,1.8096116700124234
/home/andres/Documentos/proyecto4geeks/data/raw/youtube/car_crash/🚨 The Most Horrific Car Crashes Ever Recorded! Learn to Drive! 🚨 - RR&BD Driving School_seg2081.wav,True,5.0,0.5886040329933167,0.16477322578430176,965.5464238480671,1950.2003987630208,2.1833262508152984e-05,0.03720657913773148,0.21288490295410156,1.0417821407318115,3.5722067719925756
/home/andres/Documentos/proyecto4geeks/data/raw/youtube/car_crash/🚨 The Most Horrific Car Crashes Ever Recorded! Learn to Drive! 🚨 - RR&BD Driving School_seg1834.wav,True,5.0,0.9814789295196533,0.13216929137706757,1751.706731115017,3484.6903483072915,0.00013650830078404397,0.1041576244212963,4.234072685241699,0.9672892689704895,7.425922612478513
/home/andres/Documentos/proyecto4geeks/data/raw/youtube/car_crash/BEST OF CAR CRASHES 2024 (so far) - Dashcam Lessons_seg550.wav,True,5.0,0.38144320249557495,0.0974138081073761,1104.0279859283803,2131.3385009765625,0.36946237087249756,0.049745912905092594,4.430757522583008,4.842167854309082,3.915699528666477
/home/andres/Documentos/proyecto4geeks/data/raw/youtube/car_crash/🚨 The Most Horrific Car Crashes Ever Recorded! Learn to Drive! 🚨 - RR&BD Driving School_seg721.wav,True,5.0,0.7871349453926086,0.22042696177959442,1033.3959957143734,2136.323038736979,3.702561298268847e-05,0.05253318504050926,0.7936763763427734,0.5885365605354309,3.57095583514006
/home/andres/Documentos/proyecto4geeks/data/raw/youtube/car_crash/🚨 The Most Horrific Car Crashes Ever Recorded! Learn to Drive! 🚨 - RR&BD Driving School_seg1205.wav,False,5.0,0.3785558342933655,0.09382230043411255,681.0099058980079,1269.1630045572917,2.1261746951495297e-05,0.030124240451388888,0.3326246738433838,0.9156842827796936,4.034817229355557
/home/andres/Documentos/proyecto4geeks/data/raw/youtube/car_crash/🚨 The Most Horrific Car Crashes Ever Recorded! Learn to Drive! 🚨 - RR&BD Driving School_seg1620.wav,True,5.0,0.5321252346038818,0.13080500066280365,1803.162683524699,3224.946085611979,3.574680886231363e-05,0.10554786964699074,-0.2847445011138916,0.7494415044784546,4.06808021026318
/home/andres/Documentos/proyecto4geeks/data/raw/youtube/car_crash/🚨 The Most Horrific Car Crashes Ever Recorded! Learn to Drive! 🚨 - RR&BD Driving School_seg1360.wav,True,5.0,1.1222572326660156,0.11647547036409378,1334.3394376916187,2555.7220458984375,0.00011118823749711737,0.05681920934606482,26.519264221191406,1.9498249292373657,9.635138017887256
/home/andres/Documentos/proyecto4geeks/data/raw/youtube/car_crash/🚨 The Most Horrific Car Crashes Ever Recorded! Learn to Drive! 🚨 - RR&BD Driving School_seg98.wav,True,5.0,0.7985475063323975,0.11686437577009201,1240.4987591080555,2017.8904215494792,0.0001583943230798468,0.07007514105902778,3.6776885986328125,0.415594220161438,6.83311317981582
/home/andres/Documentos/proyecto4geeks/data/raw/youtube/car_crash/🚨 The Most Horrific Car Crashes Ever Recorded! Learn to Drive! 🚨 - RR&BD Driving School_seg1308.wav,False,5.0,0.1849103420972824,0.08858641237020493,848.1115593514432,1530.2032470703125,0.12122958898544312,0.04911521629050926,-0.7082309722900391,1.2661161008509225e-07,2.0873442907073594
