file,probable_crying,duration,peak,rms,centroid,zcr,kurtosis,attack_ratio
crying_processed\-cqk5d4PYyE_seg0.wav,True,5.0,1.0,0.21033701300621033,2183.857132584047,0.04626074426972281,1.0472030639648438,0.8796917796134949
crying_processed\-cqk5d4PYyE_seg1.wav,True,5.0,1.0,0.28052353858947754,1863.1739136665565,0.04610978311567164,0.7947659492492676,0.5838760137557983
crying_processed\-cqk5d4PYyE_seg10.wav,True,5.0,1.0,0.23035021126270294,2298.988961491992,0.05869161447228145,1.752561092376709,1.1066210269927979
crying_processed\-cqk5d4PYyE_seg11.wav,True,5.0,0.999969482421875,0.20811127126216888,3889.8951576974623,0.11215789079157783,2.2480921745300293,1.3507262468338013
crying_processed\-cqk5d4PYyE_seg12.wav,True,5.0,0.999969482421875,0.20870232582092285,4555.604535404589,0.1378150403118337,1.657182216644287,2.1112093925476074
crying_processed\-cqk5d4PYyE_seg2.wav,True,5.0,1.0,0.3284907341003418,2283.669194929219,0.0609383328891258,0.5841970443725586,0.4458906650543213
crying_processed\-cqk5d4PYyE_seg3.wav,True,5.0,1.0,0.21419109404087067,2002.1392618909524,0.04298957222814499,2.796252727508545,1.592525839805603
crying_processed\-cqk5d4PYyE_seg4.wav,True,5.0,1.0,0.24613149464130402,1863.3128716863512,0.043385194562899784,1.651160717010498,0.9841455221176147
crying_processed\-cqk5d4PYyE_seg5.wav,True,5.0,1.0,0.23329384624958038,1463.3271101173516,0.03491887659914712,2.462266445159912,1.6592686176300049
crying_processed\-cqk5d4PYyE_seg6.wav,True,5.0,1.0,0.2611270844936371,1714.615411050515,0.041808951892324094,1.3699193000793457,1.0852622985839844
crying_processed\-cqk5d4PYyE_seg7.wav,True,5.0,1.0,0.26146551966667175,2149.1225907820112,0.05519764458955224,0.6437976360321045,1.349374771118164
crying_processed\-cqk5d4PYyE_seg8.wav,True,5.0,1.0,0.2532304525375366,2124.3641652049646,0.04292398220948827,2.06320858001709,0.32338351011276245
crying_processed\-cqk5d4PYyE_seg9.wav,True,5.0,1.0,0.26191064715385437,2005.8572570998633,0.03850550539712153,1.3231029510498047,1.4454878568649292
crying_processed\-UA6Y4AiSKc_seg0.wav,True,5.0,1.0,0.05509120225906372,2943.564960889305,0.05035543543443497,55.78976058959961,1.5381687879562378
crying_processed\-UA6Y4AiSKc_seg1.wav,True,5.0,0.90020751953125,0.056647736579179764,2764.017133894171,0.050657357742537316,37.10215377807617,0.005354804452508688
crying_processed\-UA6Y4AiSKc_seg2.wav,True,5.0,0.844451904296875,0.06252361088991165,2483.617878458593,0.04334042677238806,27.42568016052246,0.1320144683122635
crying_processed\-UA6Y4AiSKc_seg3.wav,True,5.0,0.978851318359375,0.06748590618371964,2884.778448602293,0.04840022821162047,23.305326461791992,0.17040623724460602
crying_processed\-UA6Y4AiSKc_seg4.wav,True,5.0,0.93560791015625,0.05927632376551628,2787.735094256688,0.050218008728678036,48.78656005859375,8.400950900977477e-05
crying_processed\58VQ7_Hugbg_seg0.wav,True,5.0,0.284881591796875,0.04220361262559891,1324.5262386003283,0.029439507262793176,4.295177459716797,0.17097347974777222
crying_processed\58VQ7_Hugbg_seg1.wav,True,5.0,0.25054931640625,0.03904888406395912,1256.0361226680805,0.020969024853411514,2.0774741172790527,0.5792974233627319
crying_processed\58VQ7_Hugbg_seg10.wav,True,5.0,0.406158447265625,0.08044200390577316,1568.1014439009605,0.030093325226545842,0.1801283359527588,1.4402395486831665
crying_processed\58VQ7_Hugbg_seg11.wav,True,5.0,0.31866455078125,0.07958435267210007,1518.2381302931585,0.030824185434434968,-0.21814990043640137,1.5472383499145508
crying_processed\58VQ7_Hugbg_seg12.wav,True,5.0,0.361083984375,0.0816551223397255,1551.206533023248,0.026299515258528784,-0.10328269004821777,0.8215250372886658
crying_processed\58VQ7_Hugbg_seg13.wav,True,5.0,0.35308837890625,0.08205099403858185,1260.8594695679622,0.022063232942430705,0.6877398490905762,0.30731213092803955
crying_processed\58VQ7_Hugbg_seg14.wav,True,5.0,0.239166259765625,0.05371181294322014,1568.4160809980729,0.03362893956556503,0.04749917984008789,0.7945760488510132
crying_processed\58VQ7_Hugbg_seg15.wav,True,5.0,0.81097412109375,0.06562000513076782,1743.5839894501871,0.03699381163379531,12.056641578674316,1.1742497682571411
crying_processed\58VQ7_Hugbg_seg16.wav,True,5.0,0.381744384765625,0.04522867128252983,1604.872895586746,0.028760702625266525,6.49077033996582,1.4016109704971313
crying_processed\58VQ7_Hugbg_seg17.wav,True,5.0,0.676300048828125,0.08600904792547226,2164.0208341221605,0.05259903051705757,6.88624382019043,2.427525520324707
crying_processed\58VQ7_Hugbg_seg18.wav,True,5.0,0.4490966796875,0.05315939709544182,1615.1085290842475,0.03132912446695096,3.001929759979248,1.0781738758087158
crying_processed\58VQ7_Hugbg_seg19.wav,True,5.0,0.78167724609375,0.10891148447990417,1842.1787975367113,0.04589947861140725,5.17718505859375,1.3624587059020996
crying_processed\58VQ7_Hugbg_seg2.wav,True,5.0,0.269287109375,0.05138493329286575,1497.0393914479662,0.027585287846481878,1.8381028175354004,0.8266196250915527
crying_processed\58VQ7_Hugbg_seg20.wav,True,5.0,0.63336181640625,0.12651103734970093,1684.1508529367873,0.04299165445095949,2.6635193824768066,1.605138897895813
crying_processed\58VQ7_Hugbg_seg21.wav,True,5.0,0.621673583984375,0.11159137636423111,1328.1040570581563,0.033097972747867806,1.6656885147094727,1.8272556066513062
crying_processed\58VQ7_Hugbg_seg22.wav,True,5.0,0.47021484375,0.07945088297128677,1396.2775186925212,0.026883578757995734,1.1887555122375488,0.6205432415008545
crying_processed\58VQ7_Hugbg_seg23.wav,True,5.0,0.3367919921875,0.06328699737787247,1374.5849696691464,0.030259903051705755,0.778693437576294,1.5042327642440796
crying_processed\58VQ7_Hugbg_seg24.wav,True,5.0,0.376495361328125,0.06320250779390335,1352.2920492753121,0.02663995868869936,2.3088760375976562,0.5917355418205261
crying_processed\58VQ7_Hugbg_seg25.wav,True,5.0,0.34765625,0.05146154761314392,1398.8730570388357,0.02515429271055437,3.1314845085144043,0.44940444827079773
crying_processed\58VQ7_Hugbg_seg26.wav,True,5.0,0.2371826171875,0.035665079951286316,1249.455982400581,0.03123230110607676,2.854133129119873,1.8538743257522583
crying_processed\58VQ7_Hugbg_seg27.wav,True,5.0,0.2132568359375,0.04894228279590607,1320.4746330417786,0.02498042710554371,0.5751254558563232,0.5371670722961426
crying_processed\58VQ7_Hugbg_seg28.wav,True,5.0,0.32666015625,0.0591147355735302,1744.40107543029,0.016222597947761194,-0.019807815551757812,1.4123671054840088
crying_processed\58VQ7_Hugbg_seg29.wav,True,5.0,0.3453369140625,0.06747430562973022,1686.2032041918633,0.01394568730010661,0.7234616279602051,1.1336182355880737
crying_processed\58VQ7_Hugbg_seg3.wav,True,5.0,0.299041748046875,0.06096552684903145,1341.2045218677722,0.026509819762793176,0.7235081195831299,1.5242063999176025
crying_processed\58VQ7_Hugbg_seg30.wav,True,5.0,0.282958984375,0.06335551291704178,1964.1778877403267,0.02292943763326226,-0.4106764793395996,0.8334075808525085
crying_processed\58VQ7_Hugbg_seg31.wav,True,5.0,0.332122802734375,0.08118855953216553,3010.429359301595,0.034343141990938165,0.16929054260253906,0.86252361536026
crying_processed\58VQ7_Hugbg_seg32.wav,True,5.0,0.432037353515625,0.06639554351568222,1781.239793914334,0.025144922707889126,0.828693151473999,0.942154049873352
crying_processed\58VQ7_Hugbg_seg33.wav,True,5.0,0.394622802734375,0.07792624831199646,2405.39998090275,0.03734258395522388,0.06142234802246094,0.8490829467773438
crying_processed\58VQ7_Hugbg_seg34.wav,True,5.0,0.451934814453125,0.0840609222650528,2348.0442390874737,0.030143298574093817,0.49551868438720703,0.7826590538024902
crying_processed\58VQ7_Hugbg_seg35.wav,True,5.0,0.699737548828125,0.12220406532287598,2251.5319981976627,0.04845748933901919,1.3919706344604492,0.817386269569397
crying_processed\58VQ7_Hugbg_seg36.wav,True,5.0,1.0,0.2028232365846634,1978.867065549336,0.04419517923773987,2.5584492683410645,0.5655815601348877
crying_processed\58VQ7_Hugbg_seg37.wav,True,5.0,0.999969482421875,0.250384658575058,2118.159444425871,0.06765037813166311,0.2525656223297119,0.7912244200706482
crying_processed\58VQ7_Hugbg_seg38.wav,True,5.0,0.97979736328125,0.2183496206998825,2037.0922637577203,0.04618370202558635,0.4810624122619629,1.2251789569854736
crying_processed\58VQ7_Hugbg_seg39.wav,True,5.0,1.0,0.173257514834404,2055.8391413287372,0.03807136194029851,1.5986061096191406,0.6345803141593933
crying_processed\58VQ7_Hugbg_seg4.wav,True,5.0,0.31396484375,0.04911322891712189,1302.491373190008,0.026002798507462687,1.4907355308532715,0.9723403453826904
crying_processed\58VQ7_Hugbg_seg40.wav,True,5.0,0.9930419921875,0.20685985684394836,2287.2343432361336,0.0560492737206823,1.344860553741455,1.0722718238830566
crying_processed\58VQ7_Hugbg_seg41.wav,True,5.0,0.999969482421875,0.18185776472091675,1969.546537356703,0.04750487240138593,2.5008034706115723,0.7442770600318909
crying_processed\58VQ7_Hugbg_seg42.wav,True,5.0,0.3656005859375,0.06864506751298904,1888.1222798085919,0.042175423107675906,0.8208177089691162,1.7792489528656006
crying_processed\58VQ7_Hugbg_seg43.wav,True,5.0,0.390106201171875,0.0735592246055603,2439.326526645534,0.06401377598614072,0.7056684494018555,0.647620677947998
crying_processed\58VQ7_Hugbg_seg44.wav,True,5.0,0.372344970703125,0.07731092721223831,2253.724205141939,0.04797024920042644,0.08462238311767578,0.8346940279006958
crying_processed\58VQ7_Hugbg_seg45.wav,True,5.0,0.5042724609375,0.125343918800354,2192.7061813423716,0.028132912446695097,-0.32019686698913574,0.32555022835731506
crying_processed\58VQ7_Hugbg_seg46.wav,True,5.0,0.446044921875,0.1211700364947319,2172.225883436232,0.026654534248400853,-0.6486787796020508,1.1152021884918213
crying_processed\58VQ7_Hugbg_seg47.wav,True,5.0,0.47998046875,0.14416737854480743,2517.5286307795463,0.03152173007729211,-0.6628918647766113,0.8427301645278931
crying_processed\58VQ7_Hugbg_seg48.wav,True,5.0,0.613616943359375,0.1704179048538208,2688.830716652265,0.032494128131663115,-0.5777537822723389,0.6107075810432434
crying_processed\58VQ7_Hugbg_seg49.wav,True,5.0,0.502593994140625,0.17561544477939606,2553.803865256871,0.021509361673773986,-0.8606255054473877,1.2045562267303467
crying_processed\58VQ7_Hugbg_seg5.wav,True,5.0,0.36767578125,0.05314898490905762,1307.873757119268,0.026019456289978676,1.232126235961914,0.6439422965049744
crying_processed\58VQ7_Hugbg_seg50.wav,True,5.0,0.528350830078125,0.16020607948303223,2620.9190876987623,0.02277118869936034,-0.8550441265106201,1.1005338430404663
crying_processed\58VQ7_Hugbg_seg51.wav,True,5.0,0.58837890625,0.16732092201709747,2542.9800075633766,0.02413712686567164,-0.7128102779388428,0.9494251608848572
crying_processed\58VQ7_Hugbg_seg52.wav,True,5.0,0.58148193359375,0.1692308634519577,2235.7714827664736,0.02462853144989339,-0.7483458518981934,0.8904204368591309
crying_processed\58VQ7_Hugbg_seg53.wav,True,5.0,0.912872314453125,0.17754751443862915,2686.5498373705923,0.036157799173773986,-0.4600522518157959,0.8564314842224121
crying_processed\58VQ7_Hugbg_seg54.wav,True,5.0,0.701202392578125,0.1963915228843689,2747.515001682501,0.04115096948294243,-0.5328254699707031,0.931519091129303
crying_processed\58VQ7_Hugbg_seg55.wav,True,5.0,0.7445068359375,0.1738898605108261,2800.6791892122087,0.04405775253198294,-0.38521552085876465,0.9643349051475525
crying_processed\58VQ7_Hugbg_seg56.wav,True,5.0,0.901824951171875,0.2206694334745407,2851.852151209263,0.04367670575692964,-0.4481992721557617,0.8445388078689575
crying_processed\58VQ7_Hugbg_seg57.wav,True,5.0,0.80804443359375,0.15542937815189362,2958.824698811711,0.07112144356343283,1.6177663803100586,2.1683475971221924
crying_processed\58VQ7_Hugbg_seg58.wav,True,5.0,0.785125732421875,0.15574423968791962,2366.454250629338,0.050490779917377396,0.5881927013397217,0.4823608994483948
crying_processed\58VQ7_Hugbg_seg59.wav,True,5.0,0.623687744140625,0.14135585725307465,2378.9881761618017,0.04777868470149254,0.19275546073913574,1.4533114433288574
crying_processed\58VQ7_Hugbg_seg6.wav,True,5.0,0.52545166015625,0.06662265956401825,1275.2423312352207,0.023173057702558637,1.571451187133789,1.300506591796875
crying_processed\58VQ7_Hugbg_seg60.wav,True,5.0,0.550994873046875,0.1220104843378067,2345.761344560108,0.05009411647121535,0.06390547752380371,0.8331277966499329
crying_processed\58VQ7_Hugbg_seg61.wav,True,5.0,0.507904052734375,0.11547207832336426,2664.13442925506,0.06467175839552239,0.09548282623291016,1.0128345489501953
crying_processed\58VQ7_Hugbg_seg62.wav,True,5.0,0.8028564453125,0.12918634712696075,2740.505367303256,0.07144210587686567,0.6342172622680664,0.6281409859657288
crying_processed\58VQ7_Hugbg_seg63.wav,True,5.0,0.764007568359375,0.19592927396297455,1277.4660001357383,0.024870069296375266,-0.17219328880310059,0.6444215178489685
crying_processed\58VQ7_Hugbg_seg64.wav,True,5.0,0.711273193359375,0.1780809909105301,458.1119833210828,0.009593841617803838,-0.1525869369506836,0.9603862166404724
crying_processed\58VQ7_Hugbg_seg65.wav,True,5.0,0.606536865234375,0.11295995861291885,427.5846688376371,0.009460579357675906,0.7313613891601562,1.5144896507263184
crying_processed\58VQ7_Hugbg_seg66.wav,True,5.0,0.657684326171875,0.12893904745578766,347.65250241498836,0.005376299307036247,0.8142178058624268,0.8690712451934814
crying_processed\58VQ7_Hugbg_seg67.wav,True,5.0,0.507904052734375,0.11134892702102661,388.9007284815593,0.006335162913113006,0.3362891674041748,0.9909890294075012
crying_processed\58VQ7_Hugbg_seg68.wav,True,5.0,0.559661865234375,0.10229499638080597,406.9123957426516,0.005479369336353944,0.7552435398101807,1.09988534450531
crying_processed\58VQ7_Hugbg_seg69.wav,True,5.0,0.6138916015625,0.12741735577583313,503.41014162047475,0.007412713219616205,0.4564492702484131,0.7402599453926086
crying_processed\58VQ7_Hugbg_seg7.wav,True,5.0,0.490814208984375,0.08018053323030472,1320.6092774715344,0.021773803971215352,1.140744686126709,0.6080757975578308
crying_processed\58VQ7_Hugbg_seg70.wav,True,5.0,0.698974609375,0.12051084637641907,476.23958361836304,0.00742208322228145,1.0823335647583008,1.1703907251358032
crying_processed\58VQ7_Hugbg_seg71.wav,True,5.0,0.630615234375,0.11905346065759659,531.1509470382529,0.007596989938699361,1.1214427947998047,0.7713373303413391
crying_processed\58VQ7_Hugbg_seg72.wav,True,5.0,0.832366943359375,0.1572888344526291,725.7665509259408,0.009527210487739872,0.6555874347686768,0.7974978685379028
crying_processed\58VQ7_Hugbg_seg73.wav,True,5.0,0.789886474609375,0.16743813455104828,700.8560116031693,0.009932202825159915,0.4329559803009033,0.8182781934738159
crying_processed\58VQ7_Hugbg_seg74.wav,True,5.0,0.5274658203125,0.13550850749015808,616.4229321253582,0.00804883228944563,0.263913631439209,1.3073619604110718
crying_processed\58VQ7_Hugbg_seg75.wav,True,5.0,0.90631103515625,0.14939363300800323,770.1080750756136,0.0118155733608742,0.8153150081634521,0.8496208190917969
crying_processed\58VQ7_Hugbg_seg76.wav,True,5.0,0.700775146484375,0.1492159217596054,724.3000886762618,0.010733858608742004,0.5721874237060547,1.0811151266098022
crying_processed\58VQ7_Hugbg_seg77.wav,True,5.0,0.6622314453125,0.13253751397132874,710.3801602528641,0.010596431902985074,1.112299919128418,0.8731660842895508
crying_processed\58VQ7_Hugbg_seg78.wav,True,5.0,1.0,0.1737281084060669,996.6408788247066,0.02019652018923241,0.5770208835601807,0.9690773487091064
crying_processed\58VQ7_Hugbg_seg79.wav,True,5.0,0.852020263671875,0.16759204864501953,975.0646114112573,0.020476579157782514,0.8649308681488037,0.9274836182594299
crying_processed\58VQ7_Hugbg_seg8.wav,True,5.0,0.2877197265625,0.07084297388792038,1269.5987881316653,0.02174152951759062,-0.07025718688964844,0.985249936580658
crying_processed\58VQ7_Hugbg_seg80.wav,True,5.0,0.712982177734375,0.12952202558517456,970.9767976397542,0.018524495269189766,0.7033693790435791,1.2944585084915161
crying_processed\58VQ7_Hugbg_seg81.wav,True,5.0,0.8365478515625,0.16299545764923096,1100.302242893866,0.021821695095948827,0.3220400810241699,0.9676598906517029
crying_processed\58VQ7_Hugbg_seg82.wav,True,5.0,0.73663330078125,0.1451222449541092,986.1689626796305,0.01935321994936034,0.4878273010253906,0.6987009048461914
crying_processed\58VQ7_Hugbg_seg83.wav,True,5.0,0.853485107421875,0.14688925445079803,1073.2572635998822,0.021045025986140727,1.2081594467163086,1.0032447576522827
crying_processed\58VQ7_Hugbg_seg84.wav,True,5.0,0.988067626953125,0.2414521872997284,1314.5749985671707,0.02677322094882729,0.25634765625,0.7967774271965027
crying_processed\58VQ7_Hugbg_seg85.wav,True,5.0,1.0,0.23743842542171478,1281.2903516468857,0.0244161447228145,0.3351459503173828,0.5526123642921448
crying_processed\58VQ7_Hugbg_seg86.wav,True,5.0,0.991424560546875,0.2271791249513626,1261.102525760803,0.02457543476812367,0.518418550491333,1.8416386842727661
crying_processed\58VQ7_Hugbg_seg87.wav,True,5.0,0.9967041015625,0.27579745650291443,1473.047561895841,0.030712786513859273,-0.04449152946472168,0.8339871764183044
crying_processed\58VQ7_Hugbg_seg88.wav,True,5.0,0.976165771484375,0.2381504476070404,1358.1216889750465,0.026537929770788914,0.13977813720703125,0.5506548881530762
crying_processed\58VQ7_Hugbg_seg89.wav,True,5.0,1.0,0.27164918184280396,1320.0154004131264,0.02693563432835821,0.24715280532836914,1.3574267625808716
crying_processed\58VQ7_Hugbg_seg9.wav,True,5.0,0.300384521484375,0.06921052187681198,1155.6332014712025,0.022025752931769723,0.28579092025756836,0.46240928769111633
crying_processed\58VQ7_Hugbg_seg90.wav,True,5.0,1.0,0.3234746754169464,1624.937893229663,0.0324202092217484,-0.23510193824768066,0.9169359803199768
crying_processed\58VQ7_Hugbg_seg91.wav,True,5.0,1.0,0.3268470764160156,1521.2425675149855,0.027373942230810234,-0.17519235610961914,0.7352166175842285
crying_processed\58VQ7_Hugbg_seg92.wav,True,5.0,1.0,0.31393176317214966,1526.4974995838309,0.028298449160447763,-0.11381101608276367,1.2222750186920166
crying_processed\58VQ7_Hugbg_seg93.wav,True,5.0,1.0,0.33436769247055054,1669.2725376560131,0.03293347714552239,-0.3134036064147949,0.830920934677124
crying_processed\58VQ7_Hugbg_seg94.wav,True,5.0,1.0,0.3054139018058777,1568.2008875717459,0.029518631729744137,-0.1404707431793213,0.85188889503479
crying_processed\58VQ7_Hugbg_seg95.wav,True,5.0,1.0,0.2804669439792633,1436.438561329518,0.027494711154051173,0.4160754680633545,1.5452672243118286
crying_processed\58VQ7_Hugbg_seg96.wav,True,5.0,0.33428955078125,0.0746079608798027,688.4134899582043,0.00865267690565032,0.5120351314544678,0.8554164171218872
crying_processed\58VQ7_Hugbg_seg97.wav,True,5.0,0.25537109375,0.055038753896951675,807.146306145679,0.009248192630597014,0.4805872440338135,1.5840872526168823
crying_processed\84z6tNIBN5w_seg0.wav,True,5.0,0.777984619140625,0.09760655462741852,4676.710360935037,0.11653368203624734,7.7141876220703125,1.8531386852264404
crying_processed\84z6tNIBN5w_seg1.wav,True,5.0,0.6085205078125,0.0789719969034195,4300.29324692271,0.10239538912579957,7.3370361328125,0.8194500207901001
crying_processed\84z6tNIBN5w_seg10.wav,True,5.0,0.6376953125,0.06246417760848999,4526.764694232146,0.11246085421108742,12.199260711669922,0.22882264852523804
crying_processed\84z6tNIBN5w_seg11.wav,True,5.0,0.478424072265625,0.06957186013460159,4238.5698199651015,0.09431532349413646,6.523360252380371,1.12245512008667
crying_processed\84z6tNIBN5w_seg12.wav,True,5.0,0.613433837890625,0.06896045804023743,4579.016631924879,0.10569363006396588,11.821015357971191,0.029113607481122017
crying_processed\84z6tNIBN5w_seg13.wav,True,5.0,0.565673828125,0.0532216839492321,4516.812688521187,0.09681399087153518,10.115095138549805,2.2295172214508057
crying_processed\84z6tNIBN5w_seg14.wav,True,5.0,0.760894775390625,0.0857243612408638,4528.489360093678,0.10810276186034115,13.169559478759766,0.02160201407968998
crying_processed\84z6tNIBN5w_seg15.wav,True,5.0,0.598358154296875,0.07524189352989197,4335.448373368868,0.1038165061966951,7.11468505859375,0.33340486884117126
crying_processed\84z6tNIBN5w_seg16.wav,True,5.0,0.595489501953125,0.06910864263772964,4584.905690938442,0.1131698510794243,10.251194953918457,1.553165078163147
crying_processed\84z6tNIBN5w_seg17.wav,True,5.0,0.66046142578125,0.06224581226706505,4609.709962086053,0.11499179604211088,12.192432403564453,0.0012998190941289067
crying_processed\84z6tNIBN5w_seg18.wav,True,5.0,0.471405029296875,0.06950103491544724,4133.322020077935,0.09571353611407249,6.586980819702148,0.021383022889494896
crying_processed\84z6tNIBN5w_seg19.wav,True,5.0,0.54595947265625,0.054441846907138824,4634.784716818709,0.10399141291311301,18.35081672668457,0.06577751785516739
crying_processed\84z6tNIBN5w_seg2.wav,True,5.0,0.59906005859375,0.044895581901073456,4830.052101669115,0.1285043809968017,27.10220718383789,3.0082345008850098
crying_processed\84z6tNIBN5w_seg20.wav,True,5.0,0.6123046875,0.06815299391746521,4492.704354314485,0.1028420259195096,8.736681938171387,3.158331871032715
crying_processed\84z6tNIBN5w_seg21.wav,True,5.0,0.749237060546875,0.08368295431137085,4507.521886543525,0.10589560567697229,13.982217788696289,0.009960155002772808
crying_processed\84z6tNIBN5w_seg22.wav,True,5.0,0.60443115234375,0.07716957479715347,4326.155408044657,0.10240684135127932,6.961320877075195,0.29029586911201477
crying_processed\84z6tNIBN5w_seg23.wav,True,5.0,0.601470947265625,0.06726580858230591,4641.451009237431,0.11305324660181236,11.536739349365234,0.05124031379818916
crying_processed\84z6tNIBN5w_seg24.wav,True,5.0,0.634613037109375,0.06093483045697212,4712.945661838597,0.11691993436833689,12.40531063079834,0.3797527253627777
crying_processed\84z6tNIBN5w_seg25.wav,True,5.0,0.481414794921875,0.0675736665725708,4060.9501307599826,0.09243924073827292,7.437621116638184,0.48623406887054443
crying_processed\84z6tNIBN5w_seg26.wav,True,5.0,0.54498291015625,0.05502018705010414,4658.6433960005525,0.1063713935900853,16.5970458984375,1.2114266157150269
crying_processed\84z6tNIBN5w_seg27.wav,True,5.0,0.601898193359375,0.07125334441661835,4483.119189990835,0.10571757562633262,8.161571502685547,2.2651619911193848
crying_processed\84z6tNIBN5w_seg28.wav,True,5.0,0.782928466796875,0.0835070013999939,4438.267083675154,0.10007579291044776,13.946285247802734,0.15775254368782043
crying_processed\84z6tNIBN5w_seg29.wav,True,5.0,0.6015625,0.07653956860303879,4402.4595782349215,0.10525636327292111,7.78392219543457,0.5119662880897522
crying_processed\84z6tNIBN5w_seg3.wav,True,5.0,0.64031982421875,0.06594161689281464,4366.705178109698,0.1033178138326226,10.194510459899902,0.9622728824615479
crying_processed\84z6tNIBN5w_seg30.wav,True,5.0,0.602264404296875,0.06744956225156784,4590.350993405602,0.11088357042910447,11.447762489318848,0.44442465901374817
crying_processed\84z6tNIBN5w_seg31.wav,True,5.0,0.668609619140625,0.05835367366671562,4740.449067568998,0.11797458022388059,13.384176254272461,0.953072726726532
crying_processed\84z6tNIBN5w_seg32.wav,True,5.0,0.473358154296875,0.06420428305864334,4080.0138945782155,0.09380309668176973,8.12252426147461,1.361675500869751
crying_processed\84z6tNIBN5w_seg33.wav,True,5.0,0.55145263671875,0.06423981487751007,4565.594484852323,0.10951555003997868,10.778891563415527,2.222167491912842
crying_processed\84z6tNIBN5w_seg34.wav,True,5.0,0.6114501953125,0.07092196494340897,4560.135304644672,0.1002028085021322,8.428885459899902,1.0123947858810425
crying_processed\84z6tNIBN5w_seg35.wav,True,5.0,0.779876708984375,0.08718515187501907,4737.913475666674,0.11498971381929637,12.175861358642578,0.18618115782737732
crying_processed\84z6tNIBN5w_seg36.wav,True,5.0,0.6207275390625,0.0752786323428154,4338.376909562002,0.10233604577558636,7.217524528503418,0.07945837080478668
crying_processed\84z6tNIBN5w_seg37.wav,True,5.0,0.597198486328125,0.06919392198324203,4578.091880661747,0.11444000699626866,10.25365924835205,0.9564247727394104
crying_processed\84z6tNIBN5w_seg38.wav,True,5.0,0.636138916015625,0.06243937835097313,4678.109714078504,0.11671067097547974,12.269432067871094,0.000157733797095716
crying_processed\84z6tNIBN5w_seg39.wav,True,5.0,0.475860595703125,0.06921212375164032,4081.6467078192713,0.09425181569829424,6.718669891357422,0.021502824500203133
crying_processed\84z6tNIBN5w_seg4.wav,True,5.0,0.473236083984375,0.06603500247001648,4342.4961976943105,0.09798940565031983,7.733602523803711,2.3937182426452637
crying_processed\84z6tNIBN5w_seg40.wav,True,5.0,0.551910400390625,0.04906165599822998,4643.487023587461,0.10568842450692964,22.907581329345703,0.18483349680900574
crying_processed\84z6tNIBN5w_seg41.wav,True,5.0,0.6138916015625,0.0724015012383461,4477.4462067153,0.10370406616471216,7.624853134155273,2.8803346157073975
crying_processed\84z6tNIBN5w_seg42.wav,True,5.0,0.76153564453125,0.08573493361473083,4532.89141479025,0.10601116904317698,13.202766418457031,0.006665122229605913
crying_processed\84z6tNIBN5w_seg43.wav,True,5.0,0.619659423828125,0.07501981407403946,4330.475568370293,0.10014658848614072,7.122987747192383,0.003970240242779255
crying_processed\84z6tNIBN5w_seg44.wav,True,5.0,0.60357666015625,0.06892798840999603,4640.434473251866,0.11540095282515991,10.587973594665527,0.1970699280500412
crying_processed\84z6tNIBN5w_seg45.wav,True,5.0,0.622344970703125,0.06263212114572525,4691.306810335735,0.11751857342750532,11.964421272277832,0.09038601070642471
crying_processed\84z6tNIBN5w_seg46.wav,True,5.0,0.4757080078125,0.06749561429023743,4064.0458665895985,0.09293897421375266,7.268028259277344,0.027634842321276665
crying_processed\84z6tNIBN5w_seg47.wav,True,5.0,0.544677734375,0.05103280767798424,4653.441309754377,0.1066243836620469,20.336944580078125,0.6750604510307312
crying_processed\84z6tNIBN5w_seg48.wav,True,5.0,0.60076904296875,0.0725846141576767,4471.327812405216,0.10318663379530917,7.451694488525391,2.6743290424346924
crying_processed\84z6tNIBN5w_seg49.wav,True,5.0,0.77960205078125,0.08502444624900818,4518.80999104893,0.10453487306769722,13.554571151733398,0.02692756988108158
crying_processed\84z6tNIBN5w_seg5.wav,True,5.0,0.610076904296875,0.07750340551137924,4654.137218769483,0.11207251965618337,8.430106163024902,0.5836348533630371
crying_processed\84z6tNIBN5w_seg50.wav,True,5.0,0.613128662109375,0.07615440338850021,4320.9979562687795,0.10183423007729211,6.951714515686035,0.12197668105363846
crying_processed\84z6tNIBN5w_seg51.wav,True,5.0,0.5965576171875,0.06726519763469696,4639.258143523208,0.11290540878198294,11.455951690673828,0.05281074345111847
crying_processed\84z6tNIBN5w_seg52.wav,True,5.0,0.6697998046875,0.061836641281843185,4711.638674687403,0.11728015891524521,12.079793930053711,0.3370320200920105
crying_processed\84z6tNIBN5w_seg53.wav,True,5.0,0.475616455078125,0.0675787553191185,4055.3841946382367,0.09235074626865672,7.393668174743652,0.355484277009964
crying_processed\84z6tNIBN5w_seg54.wav,True,5.0,0.548736572265625,0.053758226335048676,4668.181998307695,0.10630996801705757,17.585603713989258,1.0330342054367065
crying_processed\84z6tNIBN5w_seg55.wav,True,5.0,0.6126708984375,0.07154542952775955,4475.0516387509115,0.10443804970682302,8.057975769042969,2.3272740840911865
crying_processed\84z6tNIBN5w_seg56.wav,True,5.0,0.756866455078125,0.08343296498060226,4442.851101362952,0.10098051872334755,13.93324089050293,0.13908378779888153
crying_processed\84z6tNIBN5w_seg57.wav,True,5.0,0.62408447265625,0.07669823616743088,4407.513747402036,0.10630372134861407,7.796462059020996,0.49679654836654663
crying_processed\84z6tNIBN5w_seg58.wav,True,5.0,0.59564208984375,0.0672692134976387,4600.557971452539,0.1115301006130064,11.44986343383789,0.41223469376564026
crying_processed\84z6tNIBN5w_seg59.wav,True,5.0,0.6376953125,0.05927395075559616,4735.544947057526,0.11786838686034115,13.264175415039062,0.8934773206710815
crying_processed\84z6tNIBN5w_seg6.wav,True,5.0,0.28875732421875,0.04003435745835304,4232.373613666107,0.08112652418710022,8.498298645019531,0.0065911696292459965
crying_processed\84z6tNIBN5w_seg60.wav,True,5.0,0.4783935546875,0.06412938237190247,4073.267987248663,0.09306078424840085,7.997091293334961,1.2374171018600464
crying_processed\84z6tNIBN5w_seg61.wav,True,5.0,0.551025390625,0.06341857463121414,4570.504940147905,0.1083984375,11.173829078674316,2.15291166305542
crying_processed\84z6tNIBN5w_seg62.wav,True,5.0,0.613128662109375,0.07088109850883484,4553.732055100479,0.10070150086620469,8.467592239379883,1.1247562170028687
crying_processed\84z6tNIBN5w_seg63.wav,True,5.0,0.740203857421875,0.08127164840698242,4439.709736549917,0.10210804237739872,15.453277587890625,0.2123674750328064
crying_processed\84z6tNIBN5w_seg64.wav,True,5.0,0.603607177734375,0.07729345560073853,4390.221645220192,0.10593412679904052,7.433783531188965,0.8564679622650146
crying_processed\84z6tNIBN5w_seg65.wav,True,5.0,0.598052978515625,0.06892292201519012,4590.482937001452,0.11234945529051173,10.768470764160156,0.703553318977356
crying_processed\84z6tNIBN5w_seg66.wav,True,5.0,0.6295166015625,0.055277105420827866,4724.844515016938,0.11637230976812367,13.707563400268555,1.1771365404129028
crying_processed\84z6tNIBN5w_seg67.wav,True,5.0,0.517059326171875,0.06618833541870117,4097.693990802165,0.09495873034381663,8.518600463867188,1.756600260734558
crying_processed\84z6tNIBN5w_seg68.wav,True,5.0,0.542236328125,0.065625861287117,4538.3674315972785,0.10902830990138593,9.872740745544434,2.3356239795684814
crying_processed\84z6tNIBN5w_seg69.wav,True,5.0,0.598419189453125,0.07073702663183212,4617.079095765983,0.10119290545042645,8.468326568603516,0.5632995963096619
crying_processed\84z6tNIBN5w_seg7.wav,True,5.0,0.756866455078125,0.08557408303022385,4830.473917660939,0.12049823427505331,13.200023651123047,0.018152153119444847
crying_processed\84z6tNIBN5w_seg70.wav,True,5.0,0.740203857421875,0.08119595795869827,4413.169769432285,0.10016845182569296,15.522010803222656,0.22133512794971466
crying_processed\84z6tNIBN5w_seg71.wav,True,5.0,0.589111328125,0.06936365365982056,4401.323359825207,0.10749475279850747,7.148505210876465,1.0890830755233765
crying_processed\84z6tNIBN5w_seg72.wav,True,5.0,0.60748291015625,0.07694967836141586,4652.96082727988,0.11457951592484009,9.797624588012695,1.5691033601760864
crying_processed\84z6tNIBN5w_seg73.wav,True,5.0,0.63336181640625,0.04673539847135544,4624.5653123724915,0.11356651452558636,14.447669982910156,1.6955457925796509
crying_processed\84z6tNIBN5w_seg74.wav,True,5.0,0.56866455078125,0.07259656488895416,4136.731403703643,0.09533561267324094,7.580835342407227,2.2832789421081543
crying_processed\84z6tNIBN5w_seg75.wav,True,5.0,0.541900634765625,0.0656019076704979,4552.92335004091,0.10941560334488273,9.86519718170166,2.1487064361572266
crying_processed\84z6tNIBN5w_seg76.wav,True,5.0,0.60150146484375,0.07038053125143051,4611.267003929751,0.10073377531982942,8.694814682006836,0.004662428051233292
crying_processed\84z6tNIBN5w_seg77.wav,True,5.0,0.75396728515625,0.08147025108337402,4314.240028478844,0.09698369203091685,15.245023727416992,0.2596222460269928
crying_processed\84z6tNIBN5w_seg78.wav,True,5.0,0.586456298828125,0.06592346727848053,4526.445640863534,0.1110418193630064,8.297929763793945,0.8174099922180176
crying_processed\84z6tNIBN5w_seg79.wav,True,5.0,0.6241455078125,0.0799986869096756,4645.986208648515,0.11593400186567164,8.568354606628418,1.8185184001922607
crying_processed\84z6tNIBN5w_seg8.wav,True,5.0,0.62396240234375,0.07563850283622742,4236.471087699444,0.10054012859808102,7.059029579162598,2.2825610637664795
crying_processed\84z6tNIBN5w_seg80.wav,True,5.0,0.32110595703125,0.04088509455323219,4527.790657669331,0.10944371335287846,11.037894248962402,1.3900705575942993
crying_processed\84z6tNIBN5w_seg81.wav,True,5.0,0.620941162109375,0.07605036348104477,4170.204022297236,0.09572707056236673,7.116793632507324,2.1765189170837402
crying_processed\84z6tNIBN5w_seg82.wav,True,5.0,0.544677734375,0.0655612051486969,4570.67742344998,0.10994136460554371,9.898624420166016,1.505798578262329
crying_processed\84z6tNIBN5w_seg83.wav,True,5.0,0.6048583984375,0.06891754269599915,4580.641273319634,0.09958022388059702,9.533587455749512,0.02468138188123703
crying_processed\84z6tNIBN5w_seg84.wav,True,5.0,0.75396728515625,0.08276044577360153,4325.536241181674,0.09876295142590619,14.214624404907227,0.25177228450775146
crying_processed\84z6tNIBN5w_seg85.wav,True,5.0,0.586456298828125,0.06555312871932983,4608.721379228379,0.11287833988539446,8.553980827331543,0.5472878813743591
crying_processed\84z6tNIBN5w_seg86.wav,True,5.0,0.622772216796875,0.08031931519508362,4564.67184080023,0.11040570029317698,8.391769409179688,1.6578710079193115
crying_processed\84z6tNIBN5w_seg87.wav,True,5.0,0.32110595703125,0.04087425768375397,4583.953003743021,0.11306157549307036,11.05201244354248,0.7562843561172485
crying_processed\84z6tNIBN5w_seg88.wav,True,5.0,0.62091064453125,0.0760388895869255,4125.338094083078,0.09811746235341151,7.119014739990234,1.9389493465423584
crying_processed\84z6tNIBN5w_seg89.wav,True,5.0,0.544677734375,0.06539109349250793,4577.726222115992,0.10833492970415778,10.019762992858887,0.736310601234436
crying_processed\84z6tNIBN5w_seg9.wav,True,5.0,0.59564208984375,0.06873989850282669,4713.186935520004,0.12025044976012793,10.542898178100586,3.4272420406341553
crying_processed\GtFt7HXBCnM_seg10.wav,True,5.0,0.65313720703125,0.11809414625167847,2354.405932234594,0.049638109674840086,3.3613734245300293,0.4623698890209198
crying_processed\GtFt7HXBCnM_seg11.wav,True,5.0,0.740875244140625,0.1521654725074768,2196.6186367463915,0.05064278218283582,1.9896721839904785,0.14862990379333496
crying_processed\GtFt7HXBCnM_seg12.wav,True,5.0,0.675567626953125,0.11897267401218414,1993.0574840613544,0.04901240171908316,4.244194984436035,2.541412353515625
crying_processed\GtFt7HXBCnM_seg13.wav,True,5.0,0.627349853515625,0.11900113523006439,1788.0119610300976,0.044069204757462684,3.4032187461853027,3.5079681873321533
crying_processed\GtFt7HXBCnM_seg14.wav,True,5.0,0.55419921875,0.06996822357177734,1468.2046882618185,0.030479577558635396,16.66175079345703,4.973222732543945
crying_processed\GtFt7HXBCnM_seg3.wav,True,5.0,0.289093017578125,0.038515377789735794,2755.6608057090552,0.06632191997601279,6.186126708984375,0.00862156506627798
crying_processed\GtFt7HXBCnM_seg4.wav,True,5.0,0.771453857421875,0.10932707041501999,3069.4908516464347,0.08868082855810235,6.657608985900879,0.08880722522735596
crying_processed\GtFt7HXBCnM_seg5.wav,True,5.0,0.634979248046875,0.07632146775722504,2224.4432183255685,0.056885286180703626,9.49968433380127,0.7642584443092346
crying_processed\GtFt7HXBCnM_seg6.wav,True,5.0,0.70953369140625,0.08083651214838028,1977.3924788465513,0.04743928238272921,8.882048606872559,0.8060795068740845
crying_processed\GtFt7HXBCnM_seg7.wav,True,5.0,0.665985107421875,0.1321328580379486,2245.063189821002,0.0560534381663113,1.780508041381836,1.9227654933929443
crying_processed\GtFt7HXBCnM_seg8.wav,True,5.0,0.5850830078125,0.10341636091470718,2268.4908505773406,0.04557569296375266,3.0480189323425293,1.2080445289611816
crying_processed\GtFt7HXBCnM_seg9.wav,True,5.0,0.527984619140625,0.12328089773654938,2170.5868327836,0.04449606043443497,1.5670533180236816,0.8141398429870605
crying_processed\Hr_my17s6_g_seg0.wav,True,5.0,0.52362060546875,0.053870465606451035,3986.8825172671345,0.04609104311034115,25.160499572753906,3.607088804244995
crying_processed\Hr_my17s6_g_seg1.wav,True,5.0,0.741241455078125,0.10417621582746506,3209.1619434556487,0.04091151385927505,14.713245391845703,2.4259145259857178
crying_processed\Hr_my17s6_g_seg10.wav,True,5.0,0.748138427734375,0.10258631408214569,3224.549461205122,0.041724621868336885,15.586709976196289,3.1891400814056396
crying_processed\Hr_my17s6_g_seg100.wav,True,5.0,0.721832275390625,0.08744319528341293,3483.941638922589,0.04420663146321962,11.277911186218262,2.754390239715576
crying_processed\Hr_my17s6_g_seg101.wav,True,5.0,0.69659423828125,0.05932937189936638,3638.6085726028873,0.038646055437100216,28.36435890197754,3.2058205604553223
crying_processed\Hr_my17s6_g_seg102.wav,True,5.0,0.735748291015625,0.12063741683959961,3243.9136018452764,0.03876265991471215,8.556853294372559,0.3809221684932709
crying_processed\Hr_my17s6_g_seg104.wav,True,5.0,0.6890869140625,0.09396427124738693,3995.757171399896,0.0560534381663113,11.029468536376953,0.0017625070177018642
crying_processed\Hr_my17s6_g_seg105.wav,True,5.0,0.653900146484375,0.05806964635848999,3818.8142653094787,0.045439307369402986,29.390380859375,1.965414047241211
crying_processed\Hr_my17s6_g_seg106.wav,True,5.0,0.703826904296875,0.10769501328468323,3266.295544218512,0.038192130863539446,9.111379623413086,3.122267484664917
crying_processed\Hr_my17s6_g_seg107.wav,True,5.0,0.7412109375,0.09505743533372879,3756.3629381272362,0.0470748933901919,19.303537368774414,0.0007750598597340286
crying_processed\Hr_my17s6_g_seg108.wav,True,5.0,0.709625244140625,0.0575568787753582,3652.911687058926,0.0423919742803838,26.59792137145996,1.6410903930664062
crying_processed\Hr_my17s6_g_seg109.wav,True,5.0,0.702239990234375,0.08459380269050598,3553.668163173421,0.042058818630063964,12.91465950012207,3.8383045196533203
crying_processed\Hr_my17s6_g_seg11.wav,True,5.0,0.709442138671875,0.08915824443101883,3533.1868050333624,0.04629510094616205,10.282328605651855,0.21454328298568726
crying_processed\Hr_my17s6_g_seg110.wav,True,5.0,0.705810546875,0.06764974445104599,3451.9036660504153,0.03942480676972281,19.583642959594727,3.6505510807037354
crying_processed\Hr_my17s6_g_seg111.wav,True,5.0,0.72686767578125,0.11579765379428864,3501.1674332769344,0.0412009428304904,9.97622013092041,0.051578059792518616
crying_processed\Hr_my17s6_g_seg113.wav,True,5.0,0.690399169921875,0.10067664086818695,3927.057074287824,0.05808256429904051,9.486191749572754,0.01090225763618946
crying_processed\Hr_my17s6_g_seg114.wav,True,5.0,0.70281982421875,0.07518725097179413,3696.3264358901915,0.04362152685234542,22.280170440673828,0.02122066542506218
crying_processed\Hr_my17s6_g_seg115.wav,True,5.0,0.70416259765625,0.08964492380619049,3594.476993286747,0.039034389992004266,12.692216873168945,2.5355589389801025
crying_processed\Hr_my17s6_g_seg116.wav,True,5.0,0.748138427734375,0.10087340325117111,3466.777185129401,0.0469718233608742,16.514760971069336,0.313986599445343
crying_processed\Hr_my17s6_g_seg117.wav,True,5.0,0.709442138671875,0.08492300659418106,3690.6599832589545,0.043704815764925374,13.038803100585938,0.915336012840271
crying_processed\Hr_my17s6_g_seg118.wav,True,5.0,0.7010498046875,0.07058709859848022,3558.433437304328,0.04085112939765458,16.578962326049805,0.448271244764328
crying_processed\Hr_my17s6_g_seg119.wav,True,5.0,0.542755126953125,0.043539125472307205,3615.8102081848497,0.03902501998933902,34.707088470458984,1.3358505964279175
crying_processed\Hr_my17s6_g_seg12.wav,True,5.0,0.7010498046875,0.059143561869859695,3646.5593882259595,0.03877098880597015,28.528444290161133,0.004791946150362492
crying_processed\Hr_my17s6_g_seg120.wav,True,5.0,0.755462646484375,0.11511506140232086,3586.4224232766364,0.0387699476945629,10.19329833984375,0.0024389484897255898
crying_processed\Hr_my17s6_g_seg122.wav,True,5.0,0.71319580078125,0.10072029381990433,3909.8367824525844,0.056258537113539446,9.432013511657715,0.010707533918321133
crying_processed\Hr_my17s6_g_seg123.wav,True,5.0,0.706085205078125,0.09640517085790634,3467.9482896154414,0.041570537380063964,13.596529006958008,0.7716871500015259
crying_processed\Hr_my17s6_g_seg124.wav,True,5.0,0.538360595703125,0.06644155085086823,3818.3478142930226,0.04294168110341151,16.834901809692383,2.381058692932129
crying_processed\Hr_my17s6_g_seg125.wav,True,5.0,0.745819091796875,0.10579046607017517,3356.7562671709125,0.044724063832622604,13.8253173828125,0.26275336742401123
crying_processed\Hr_my17s6_g_seg126.wav,True,5.0,0.721832275390625,0.08089936524629593,3682.55390718286,0.04293751665778252,14.391977310180664,0.17023998498916626
crying_processed\Hr_my17s6_g_seg127.wav,True,5.0,0.69659423828125,0.07105571776628494,3493.5196870580507,0.04242945429104478,16.623016357421875,0.001385856419801712
crying_processed\Hr_my17s6_g_seg128.wav,True,5.0,0.542236328125,0.03726619482040405,3763.6218451850727,0.03919368003731343,51.59347152709961,0.2548960745334625
crying_processed\Hr_my17s6_g_seg129.wav,True,5.0,0.735748291015625,0.11572910100221634,3544.019726265846,0.04457934934701493,10.071625709533691,0.030853524804115295
crying_processed\Hr_my17s6_g_seg13.wav,True,5.0,0.755462646484375,0.1117129847407341,3470.746514688204,0.03781628964552239,10.70394515991211,0.011618424206972122
crying_processed\Hr_my17s6_g_seg131.wav,True,5.0,0.6890869140625,0.10065076500177383,3881.49915816107,0.046574118803304906,9.450014114379883,0.0010043535148724914
crying_processed\Hr_my17s6_g_seg132.wav,True,5.0,0.703826904296875,0.10668964684009552,3203.453375736582,0.04234095982142857,9.32392406463623,0.8009107112884521
crying_processed\Hr_my17s6_g_seg133.wav,True,5.0,0.52362060546875,0.05394120141863823,3856.006971625351,0.04411501365938166,25.050376892089844,0.010555748827755451
crying_processed\Hr_my17s6_g_seg134.wav,True,5.0,0.7412109375,0.10410007834434509,3236.781697896883,0.04058148154317697,14.753021240234375,0.0007582862162962556
crying_processed\Hr_my17s6_g_seg135.wav,True,5.0,0.702239990234375,0.07973594963550568,3917.4873046913717,0.04629926539179104,15.36003303527832,0.010221658274531364
crying_processed\Hr_my17s6_g_seg136.wav,True,5.0,0.705810546875,0.07076319307088852,3502.209471743046,0.041805828558102345,16.404314041137695,1.3786132335662842
crying_processed\Hr_my17s6_g_seg137.wav,True,5.0,0.53900146484375,0.03727665916085243,3794.360766079246,0.03995369136460555,49.62269973754883,0.38691446185112
crying_processed\Hr_my17s6_g_seg138.wav,True,5.0,0.72686767578125,0.11586954444646835,3479.6601013303366,0.04880209721481876,9.940790176391602,2.063957452774048
crying_processed\Hr_my17s6_g_seg14.wav,True,5.0,0.69500732421875,0.04723811894655228,4019.575356792188,0.05962653251599147,55.38679122924805,4.593135833740234
crying_processed\Hr_my17s6_g_seg140.wav,True,5.0,0.690399169921875,0.10767435282468796,3779.0769716619366,0.04689686333955224,7.768655776977539,0.0007561511010862887
crying_processed\Hr_my17s6_g_seg141.wav,True,5.0,0.70416259765625,0.09967146068811417,3225.9265440130357,0.04042323260927505,11.551315307617188,0.1746387928724289
crying_processed\Hr_my17s6_g_seg142.wav,True,5.0,0.5430908203125,0.054021500051021576,3973.9442438099477,0.04562566631130064,25.321659088134766,2.6402249336242676
crying_processed\Hr_my17s6_g_seg143.wav,True,5.0,0.748138427734375,0.1043650209903717,3223.5555087053635,0.04099792610607676,14.900945663452148,0.16940119862556458
crying_processed\Hr_my17s6_g_seg144.wav,True,5.0,0.709442138671875,0.08056540042161942,3947.929152027267,0.04713215451759062,14.755197525024414,0.0007084205863066018
crying_processed\Hr_my17s6_g_seg145.wav,True,5.0,0.7010498046875,0.07014425843954086,3346.8905577079618,0.03992037579957356,16.691240310668945,1.4829905033111572
crying_processed\Hr_my17s6_g_seg146.wav,True,5.0,0.542755126953125,0.037508439272642136,3884.258736854701,0.03946332789179104,51.52910614013672,0.13174882531166077
crying_processed\Hr_my17s6_g_seg147.wav,True,5.0,0.755462646484375,0.11549820005893707,3552.8482816035807,0.05548290911513859,10.023040771484375,4.164211750030518
crying_processed\Hr_my17s6_g_seg149.wav,True,5.0,0.71319580078125,0.10931214690208435,3634.934362670837,0.04452729377665245,7.23858642578125,0.8051655292510986
crying_processed\Hr_my17s6_g_seg15.wav,True,5.0,0.515411376953125,0.045476943254470825,4186.053555678266,0.05626790711620469,28.664836883544922,0.28259697556495667
crying_processed\Hr_my17s6_g_seg150.wav,True,5.0,0.706085205078125,0.09782124310731888,3422.415206623746,0.04196615971481876,12.512106895446777,0.00535272853448987
crying_processed\Hr_my17s6_g_seg151.wav,True,5.0,0.538360595703125,0.05385361611843109,4025.2392935673765,0.04738306236673774,25.062978744506836,3.882046699523926
crying_processed\Hr_my17s6_g_seg152.wav,True,5.0,0.745819091796875,0.10405029356479645,3199.4390521651057,0.04114264059168443,14.88094711303711,2.5192148685455322
crying_processed\Hr_my17s6_g_seg153.wav,True,5.0,0.721832275390625,0.08931472152471542,3593.927198464717,0.045873450826226014,10.371575355529785,0.21415652334690094
crying_processed\Hr_my17s6_g_seg154.wav,True,5.0,0.69659423828125,0.05917295441031456,3541.693927461993,0.039375874533582086,28.688928604125977,0.01206595916301012
crying_processed\Hr_my17s6_g_seg155.wav,True,5.0,0.724090576171875,0.09838786721229553,3670.8243349700115,0.03820462420042644,14.430147171020508,0.014941541478037834
crying_processed\Hr_my17s6_g_seg156.wav,True,5.0,0.735748291015625,0.07130363583564758,3844.057875669225,0.05982850812899787,28.572111129760742,4.821272850036621
crying_processed\Hr_my17s6_g_seg158.wav,True,5.0,0.6890869140625,0.10862267017364502,3551.5996604729626,0.04571728411513859,7.4429216384887695,2.1137778759002686
crying_processed\Hr_my17s6_g_seg159.wav,True,5.0,0.703826904296875,0.1057741567492485,3300.465741298383,0.03774757629264392,9.668980598449707,0.041921671479940414
crying_processed\Hr_my17s6_g_seg16.wav,True,5.0,0.71319580078125,0.10017576068639755,3633.5336213748137,0.04351845682302772,10.218218803405762,3.187971353530884
crying_processed\Hr_my17s6_g_seg160.wav,True,5.0,0.7412109375,0.0734548345208168,4105.17655191167,0.04717484008528785,40.09695053100586,0.5760949850082397
crying_processed\Hr_my17s6_g_seg161.wav,True,5.0,0.713348388671875,0.08201055228710175,3277.7797431696777,0.04207651752398721,16.83611297607422,2.3402724266052246
crying_processed\Hr_my17s6_g_seg162.wav,True,5.0,0.702239990234375,0.08944831043481827,3530.0533587934906,0.046557461020788914,10.358606338500977,0.20983490347862244
crying_processed\Hr_my17s6_g_seg163.wav,True,5.0,0.705810546875,0.05881240591406822,3644.4685801381816,0.03905104777452026,28.3482666015625,0.005862910766154528
crying_processed\Hr_my17s6_g_seg164.wav,True,5.0,0.72686767578125,0.11937488615512848,3376.244587788797,0.03816610307835821,8.869998931884766,0.009816039353609085
crying_processed\Hr_my17s6_g_seg166.wav,True,5.0,0.519317626953125,0.05094099044799805,4154.71598496509,0.05736315631663113,20.695629119873047,0.21882013976573944
crying_processed\Hr_my17s6_g_seg167.wav,True,5.0,0.690399169921875,0.09744280576705933,3667.4396218864204,0.042786555503731345,11.45507526397705,3.6483962535858154
crying_processed\Hr_my17s6_g_seg168.wav,True,5.0,0.70416259765625,0.10885307937860489,3223.9280394144635,0.041690265191897655,8.721112251281738,0.7445297837257385
crying_processed\Hr_my17s6_g_seg169.wav,True,5.0,0.748138427734375,0.07863175123929977,4098.812747200407,0.04767353244936034,33.7364501953125,0.0012088206131011248
crying_processed\Hr_my17s6_g_seg17.wav,True,5.0,0.706085205078125,0.10867614299058914,3245.3739633206824,0.04207964085820896,8.726641654968262,0.08799418061971664
crying_processed\Hr_my17s6_g_seg170.wav,True,5.0,0.7218017578125,0.07548179477453232,3385.0554591972386,0.04048986373933902,20.2921199798584,2.5742361545562744
crying_processed\Hr_my17s6_g_seg171.wav,True,5.0,0.709442138671875,0.08723616600036621,3579.2952314158924,0.04714464785447761,11.215739250183105,1.3144892454147339
crying_processed\Hr_my17s6_g_seg172.wav,True,5.0,0.7010498046875,0.0593695268034935,3603.716936263867,0.03747064065831557,28.060056686401367,0.15063343942165375
crying_processed\Hr_my17s6_g_seg173.wav,True,5.0,0.755462646484375,0.12041930109262466,3248.6387273247965,0.03685534381663113,8.525067329406738,0.386052668094635
crying_processed\Hr_my17s6_g_seg175.wav,True,5.0,0.7078857421875,0.08656616508960724,4070.521011084726,0.05749745968816631,14.296998977661133,0.0020699789747595787
crying_processed\Hr_my17s6_g_seg176.wav,True,5.0,0.71319580078125,0.06848613917827606,3819.3929718810505,0.045296675106609806,19.428144454956055,2.829411745071411
crying_processed\Hr_my17s6_g_seg177.wav,True,5.0,0.706085205078125,0.10776965320110321,3272.7603388175394,0.03968092017590618,9.105591773986816,2.49289870262146
crying_processed\Hr_my17s6_g_seg178.wav,True,5.0,0.745819091796875,0.09347304701805115,3825.0000496996076,0.04760586020788912,20.786056518554688,0.0007500824285671115
crying_processed\Hr_my17s6_g_seg179.wav,True,5.0,0.715728759765625,0.05803440511226654,3629.126389385893,0.041575742937100216,26.247417449951172,2.022366523742676
crying_processed\Hr_my17s6_g_seg18.wav,True,5.0,0.745819091796875,0.07812359929084778,4088.5210749362022,0.0470707289445629,33.74741744995117,0.0012340315151959658
crying_processed\Hr_my17s6_g_seg180.wav,True,5.0,0.721832275390625,0.08578015118837357,3491.543423165717,0.04228578091684435,12.143122673034668,3.8656697273254395
crying_processed\Hr_my17s6_g_seg181.wav,True,5.0,0.69659423828125,0.06795186549425125,3509.5081082483507,0.038679371002132194,19.991727828979492,3.5583724975585938
crying_processed\Hr_my17s6_g_seg182.wav,True,5.0,0.735748291015625,0.1159963607788086,3429.0863336643793,0.0398433335554371,9.959161758422852,0.05614547058939934
crying_processed\Hr_my17s6_g_seg184.wav,True,5.0,0.6890869140625,0.09703313559293747,3928.057742042613,0.05724446961620469,9.877735137939453,0.012338217347860336
crying_processed\Hr_my17s6_g_seg185.wav,True,5.0,0.695556640625,0.07980211824178696,3719.8770854169807,0.04357259461620469,20.196428298950195,0.5794769525527954
crying_processed\Hr_my17s6_g_seg186.wav,True,5.0,0.703826904296875,0.08952542394399643,3462.0468727298803,0.037826700759594885,12.704778671264648,2.28562593460083
crying_processed\Hr_my17s6_g_seg187.wav,True,5.0,0.7412109375,0.10018020123243332,3597.4315093679857,0.04798794809434968,16.61778450012207,0.18491698801517487
crying_processed\Hr_my17s6_g_seg188.wav,True,5.0,0.709625244140625,0.07383235543966293,3660.9435670081025,0.04361528018390192,19.677366256713867,1.1557148694992065
crying_processed\Hr_my17s6_g_seg189.wav,True,5.0,0.6962890625,0.07107529789209366,3565.659200432765,0.04035868370202559,12.634076118469238,2.330481767654419
crying_processed\Hr_my17s6_g_seg19.wav,True,5.0,0.715728759765625,0.07558634877204895,3335.4917243741234,0.0406345782249467,20.39997673034668,2.571333169937134
crying_processed\Hr_my17s6_g_seg190.wav,True,5.0,0.705810546875,0.0595160648226738,3583.894118459318,0.04017544809434968,27.685148239135742,3.258667469024658
crying_processed\Hr_my17s6_g_seg191.wav,True,5.0,0.72686767578125,0.11579910665750504,3515.721613690221,0.04015670808901919,9.97568130493164,0.051528193056583405
crying_processed\Hr_my17s6_g_seg193.wav,True,5.0,0.690399169921875,0.10078878700733185,3908.514826371259,0.05679575059968017,9.431926727294922,0.010762334801256657
crying_processed\Hr_my17s6_g_seg194.wav,True,5.0,0.70416259765625,0.09625978767871857,3540.679151093903,0.04301039445628998,13.671878814697266,0.0006450308137573302
crying_processed\Hr_my17s6_g_seg195.wav,True,5.0,0.5430908203125,0.06633678823709488,3797.4085893557744,0.04081156716417911,17.12717628479004,2.4151418209075928
crying_processed\Hr_my17s6_g_seg196.wav,True,5.0,0.748138427734375,0.10091347247362137,3466.615857405432,0.0459994253065032,16.484378814697266,0.31603044271469116
crying_processed\Hr_my17s6_g_seg197.wav,True,5.0,0.709442138671875,0.08745964616537094,3576.2894157236115,0.04335708455490405,11.57308578491211,0.883714497089386
crying_processed\Hr_my17s6_g_seg198.wav,True,5.0,0.7010498046875,0.07100293785333633,3506.169102791515,0.040713702691897655,16.46670150756836,0.001263208920136094
crying_processed\Hr_my17s6_g_seg199.wav,True,5.0,0.542755126953125,0.03737325221300125,3751.458128155659,0.04025873700692964,52.49839782714844,0.2372521311044693
crying_processed\Hr_my17s6_g_seg2.wav,True,5.0,0.702239990234375,0.08789403736591339,3763.0910582276506,0.047272704557569295,11.206470489501953,0.15794706344604492
crying_processed\Hr_my17s6_g_seg20.wav,True,5.0,0.721832275390625,0.08742939680814743,3608.171903403715,0.04659077658582089,11.287060737609863,0.34805917739868164
crying_processed\Hr_my17s6_g_seg200.wav,True,5.0,0.755462646484375,0.11546174436807632,3614.4074903900214,0.0431623967217484,10.039647102355957,0.030977478250861168
crying_processed\Hr_my17s6_g_seg202.wav,True,5.0,0.71319580078125,0.10061794519424438,3856.3521653592857,0.046780258861940295,9.48228645324707,0.0007706413744017482
crying_processed\Hr_my17s6_g_seg203.wav,True,5.0,0.706085205078125,0.09920669347047806,3375.109152089838,0.04280008995202559,12.085371971130371,0.7513631582260132
crying_processed\Hr_my17s6_g_seg204.wav,True,5.0,0.538360595703125,0.0667194351553917,3783.690448337735,0.04351533348880597,16.060585021972656,1.745827078819275
crying_processed\Hr_my17s6_g_seg205.wav,True,5.0,0.745819091796875,0.10386919975280762,3274.202413605057,0.042178546441897655,15.003515243530273,0.0014519268879666924
crying_processed\Hr_my17s6_g_seg206.wav,True,5.0,0.721832275390625,0.07976645231246948,3843.946808593776,0.04545180070628998,15.229001998901367,0.03206143155694008
crying_processed\Hr_my17s6_g_seg207.wav,True,5.0,0.69659423828125,0.07105556130409241,3511.0892157719823,0.041671525186567165,16.623279571533203,1.041153073310852
crying_processed\Hr_my17s6_g_seg208.wav,True,5.0,0.542236328125,0.037262845784425735,3795.638632222982,0.03898858109008529,51.61295700073242,0.38725054264068604
crying_processed\Hr_my17s6_g_seg209.wav,True,5.0,0.735748291015625,0.11609920114278793,3477.420916017637,0.04772975246535181,9.910303115844727,1.659171223640442
crying_processed\Hr_my17s6_g_seg21.wav,True,5.0,0.69659423828125,0.05934573709964752,3571.4934818598576,0.037838152985074626,28.328784942626953,0.012258927337825298
crying_processed\Hr_my17s6_g_seg211.wav,True,5.0,0.6890869140625,0.10766784101724625,3816.268714039233,0.04652206323294243,7.771638870239258,0.000886769441422075
crying_processed\Hr_my17s6_g_seg212.wav,True,5.0,0.703826904296875,0.09963022917509079,3225.9411484480147,0.041052063899253734,11.48272705078125,0.18237003684043884
crying_processed\Hr_my17s6_g_seg213.wav,True,5.0,0.52362060546875,0.053897224366664886,3859.0449233824825,0.044851079424307036,25.141393661499023,0.002027619630098343
crying_processed\Hr_my17s6_g_seg214.wav,True,5.0,0.7412109375,0.10415352135896683,3197.34478347814,0.039203050039978676,14.716863632202148,0.000438269751612097
crying_processed\Hr_my17s6_g_seg215.wav,True,5.0,0.702239990234375,0.07966345548629761,4020.716187485786,0.04800668809968017,15.426055908203125,0.0009242696105502546
crying_processed\Hr_my17s6_g_seg216.wav,True,5.0,0.705810546875,0.07121077924966812,3351.0041138632996,0.04026498367537314,15.96678352355957,1.6327357292175293
crying_processed\Hr_my17s6_g_seg217.wav,True,5.0,0.53900146484375,0.03724949061870575,3841.052031168181,0.04029309368336887,49.49422073364258,0.1578407883644104
crying_processed\Hr_my17s6_g_seg218.wav,True,5.0,0.72686767578125,0.11561301350593567,3551.650055630637,0.05413987539978678,10.052411079406738,3.1314749717712402
crying_processed\Hr_my17s6_g_seg22.wav,True,5.0,0.735748291015625,0.12063878029584885,3257.3868755483477,0.03704378498134328,8.556463241577148,0.38105377554893494
crying_processed\Hr_my17s6_g_seg220.wav,True,5.0,0.690399169921875,0.10911235213279724,3718.0438173490475,0.04560484408315565,7.286220550537109,0.27880188822746277
crying_processed\Hr_my17s6_g_seg221.wav,True,5.0,0.70416259765625,0.09809151291847229,3332.6705243194056,0.0413102595282516,12.398213386535645,0.022610953077673912
crying_processed\Hr_my17s6_g_seg222.wav,True,5.0,0.5430908203125,0.05402316898107529,4000.782753900318,0.04546117070895522,25.318159103393555,3.8834927082061768
crying_processed\Hr_my17s6_g_seg223.wav,True,5.0,0.748138427734375,0.10436572134494781,3236.212800847707,0.04171525186567164,14.900442123413086,2.4595143795013428
crying_processed\Hr_my17s6_g_seg224.wav,True,5.0,0.709442138671875,0.08810923993587494,3740.2204023754334,0.04653767990405117,10.855320930480957,0.21763388812541962
crying_processed\Hr_my17s6_g_seg225.wav,True,5.0,0.7010498046875,0.06069427356123924,3436.0722749582887,0.03890737440031983,25.742572784423828,0.2534354627132416
crying_processed\Hr_my17s6_g_seg226.wav,True,5.0,0.702484130859375,0.08469678461551666,3771.6604908670315,0.03916244669509595,22.052616119384766,0.0006056735292077065
crying_processed\Hr_my17s6_g_seg227.wav,True,5.0,0.755462646484375,0.08681950718164444,3722.760486085955,0.057507870802238806,16.991724014282227,4.877865791320801
crying_processed\Hr_my17s6_g_seg229.wav,True,5.0,0.71319580078125,0.1093176081776619,3597.1618942688833,0.044996835021321964,7.236564636230469,1.1202728748321533
crying_processed\Hr_my17s6_g_seg230.wav,True,5.0,0.706085205078125,0.10574639588594437,3327.915371928974,0.04065956489872068,9.701370239257812,0.0040376982651650906
crying_processed\Hr_my17s6_g_seg231.wav,True,5.0,0.740234375,0.05755435302853584,4093.633118177453,0.047465310167910446,63.27734375,0.9622218608856201
crying_processed\Hr_my17s6_g_seg232.wav,True,5.0,0.745819091796875,0.09380568563938141,3250.197644976267,0.04192972081556503,15.555377960205078,2.819951057434082
crying_processed\Hr_my17s6_g_seg233.wav,True,5.0,0.721832275390625,0.089357390999794,3508.7666496160045,0.04586720415778252,10.346373558044434,0.2140517234802246
crying_processed\Hr_my17s6_g_seg234.wav,True,5.0,0.69659423828125,0.0591094009578228,3629.695294064056,0.03865021988272921,28.82423210144043,0.004862004425376654
crying_processed\Hr_my17s6_g_seg235.wav,True,5.0,0.735748291015625,0.1135437935590744,3438.8787249624224,0.03810363639392324,10.180455207824707,0.011421756818890572
crying_processed\Hr_my17s6_g_seg236.wav,True,5.0,0.714813232421875,0.04326938837766647,4031.291523358746,0.05972856143390192,70.80586242675781,4.515024662017822
crying_processed\Hr_my17s6_g_seg237.wav,True,5.0,0.515716552734375,0.04702524095773697,4187.1162090987145,0.05655629497601279,25.66977882385254,0.25911182165145874
crying_processed\Hr_my17s6_g_seg238.wav,True,5.0,0.6890869140625,0.09946655482053757,3628.67740093279,0.04255334654850746,10.51958179473877,3.4024577140808105
crying_processed\Hr_my17s6_g_seg239.wav,True,5.0,0.703826904296875,0.10866304486989975,3210.786264504153,0.041383137326759065,8.7063627243042,0.08934738487005234
crying_processed\Hr_my17s6_g_seg24.wav,True,5.0,0.6890869140625,0.07196346670389175,4135.640735861089,0.05764842084221748,17.926008224487305,0.0029851358849555254
crying_processed\Hr_my17s6_g_seg240.wav,True,5.0,0.7412109375,0.07830758392810822,4087.15149501592,0.046088960887526655,33.1619758605957,0.001268030726350844
crying_processed\Hr_my17s6_g_seg241.wav,True,5.0,0.713348388671875,0.07552360743284225,3305.574183464918,0.041328999533582086,20.406295776367188,2.5468857288360596
crying_processed\Hr_my17s6_g_seg242.wav,True,5.0,0.702239990234375,0.08755674958229065,3625.207104828593,0.04662200992803838,11.285750389099121,0.3354814648628235
crying_processed\Hr_my17s6_g_seg243.wav,True,5.0,0.705810546875,0.05903714522719383,3595.1423079073807,0.03903647221481876,27.882898330688477,0.006166093982756138
crying_processed\Hr_my17s6_g_seg244.wav,True,5.0,0.72686767578125,0.12042046338319778,3292.5382874444967,0.037468558435501065,8.560639381408691,0.37769630551338196
crying_processed\Hr_my17s6_g_seg246.wav,True,5.0,0.690216064453125,0.06174230948090553,4165.88173389085,0.05864060001332622,19.9210205078125,0.003858333919197321
crying_processed\Hr_my17s6_g_seg247.wav,True,5.0,0.690399169921875,0.09037293493747711,3800.924371722017,0.04423474147121535,13.870357513427734,3.873152256011963
crying_processed\Hr_my17s6_g_seg248.wav,True,5.0,0.70416259765625,0.10884489119052887,3190.9812565697,0.04032328591417911,8.724661827087402,1.6090158224105835
crying_processed\Hr_my17s6_g_seg249.wav,True,5.0,0.748138427734375,0.08927183598279953,3906.9446030889285,0.04654496768390192,23.167556762695312,0.0009233111049979925
crying_processed\Hr_my17s6_g_seg25.wav,True,5.0,0.6864013671875,0.08309420198202133,3802.9644096156694,0.0441389592217484,15.863105773925781,3.6033432483673096
crying_processed\Hr_my17s6_g_seg250.wav,True,5.0,0.7218017578125,0.06253711879253387,3623.720753575807,0.04153409848081024,29.59365463256836,2.822187900543213
crying_processed\Hr_my17s6_g_seg251.wav,True,5.0,0.709442138671875,0.08724742382764816,3481.612116658567,0.04447315598347548,11.207858085632324,3.6182336807250977
crying_processed\Hr_my17s6_g_seg252.wav,True,5.0,0.7010498046875,0.061544694006443024,3644.724036816855,0.03814736307302772,25.775897979736328,3.8002874851226807
crying_processed\Hr_my17s6_g_seg253.wav,True,5.0,0.755462646484375,0.1193135678768158,3282.492178416923,0.04001824027185501,8.82532787322998,0.3465974032878876
crying_processed\Hr_my17s6_g_seg255.wav,True,5.0,0.71319580078125,0.09692612290382385,3925.96832804794,0.05626894822761194,9.939584732055664,0.0017283278284594417
crying_processed\Hr_my17s6_g_seg256.wav,True,5.0,0.699127197265625,0.0727059543132782,3804.80667681021,0.04566835187899787,24.97736167907715,0.7123830318450928
crying_processed\Hr_my17s6_g_seg257.wav,True,5.0,0.706085205078125,0.09548663347959518,3409.652758267373,0.0384815598347548,11.120251655578613,2.610832929611206
crying_processed\Hr_my17s6_g_seg258.wav,True,5.0,0.745819091796875,0.09541522711515427,3650.247732576079,0.048164937033582086,19.11393928527832,0.031710416078567505
crying_processed\Hr_my17s6_g_seg259.wav,True,5.0,0.721832275390625,0.07095998525619507,3634.9452763196714,0.04280321328624734,19.358980178833008,2.130246162414551
crying_processed\Hr_my17s6_g_seg26.wav,True,5.0,0.703826904296875,0.10824067890644073,3168.980126650353,0.03952475346481876,8.879864692687988,1.5833256244659424
crying_processed\Hr_my17s6_g_seg260.wav,True,5.0,0.70391845703125,0.07671415060758591,3537.5325699305768,0.03998388359541578,14.63753890991211,3.105048894882202
crying_processed\Hr_my17s6_g_seg261.wav,True,5.0,0.69659423828125,0.06376118957996368,3560.2301470776256,0.04019210587686567,24.046192169189453,3.466414213180542
crying_processed\Hr_my17s6_g_seg262.wav,True,5.0,0.735748291015625,0.11595708131790161,3524.3294758293896,0.03978503131663113,9.976746559143066,0.052734557539224625
crying_processed\Hr_my17s6_g_seg264.wav,True,5.0,0.6890869140625,0.10075557976961136,3907.824726045099,0.05740271855010661,9.398768424987793,0.01102552842348814
crying_processed\Hr_my17s6_g_seg265.wav,True,5.0,0.702423095703125,0.09317361563444138,3596.8926010930977,0.04240342650586354,14.763622283935547,0.0007336626877076924
crying_processed\Hr_my17s6_g_seg266.wav,True,5.0,0.703826904296875,0.07046057283878326,3681.877425002939,0.040005746934968014,16.257125854492188,2.721853494644165
crying_processed\Hr_my17s6_g_seg267.wav,True,5.0,0.7412109375,0.10060756653547287,3440.80440561076,0.04601608308901919,16.295394897460938,0.31989815831184387
crying_processed\Hr_my17s6_g_seg268.wav,True,5.0,0.709625244140625,0.08779963105916977,3624.6546235309797,0.04355073127665245,11.655753135681152,0.8837574124336243
crying_processed\Hr_my17s6_g_seg269.wav,True,5.0,0.705810546875,0.0697510614991188,3535.090791974407,0.04002761027452026,17.403520584106445,0.011905037797987461
crying_processed\Hr_my17s6_g_seg27.wav,True,5.0,0.7412109375,0.08900529891252518,3902.309390028733,0.04651373434168443,22.81134796142578,0.0009705819538794458
crying_processed\Hr_my17s6_g_seg270.wav,True,5.0,0.53900146484375,0.03901973366737366,3643.312697544973,0.040967733875266525,42.322330474853516,0.5050875544548035
crying_processed\Hr_my17s6_g_seg271.wav,True,5.0,0.72686767578125,0.11538343131542206,3604.897631085871,0.04002761027452026,10.155157089233398,0.007816550321877003
crying_processed\Hr_my17s6_g_seg273.wav,True,5.0,0.690399169921875,0.10069377720355988,3873.1762587261874,0.052452233808635396,9.478507995605469,0.0014900651294738054
crying_processed\Hr_my17s6_g_seg274.wav,True,5.0,0.70416259765625,0.09635136276483536,3482.6856590620946,0.0420931753065032,13.609077453613281,0.7850151658058167
crying_processed\Hr_my17s6_g_seg275.wav,True,5.0,0.5430908203125,0.06936407089233398,3760.8479366109223,0.04224725979477612,14.509162902832031,2.1910228729248047
crying_processed\Hr_my17s6_g_seg276.wav,True,5.0,0.748138427734375,0.10445532947778702,3329.372956594245,0.043941148054371,14.82479476928711,0.0986691489815712
crying_processed\Hr_my17s6_g_seg277.wav,True,5.0,0.709442138671875,0.08058159053325653,3783.4316775559028,0.043955723614072496,14.448070526123047,0.151274174451828
crying_processed\Hr_my17s6_g_seg278.wav,True,5.0,0.7010498046875,0.071010060608387,3496.5533794205267,0.0433581256663113,16.458463668823242,0.19221718609333038
crying_processed\Hr_my17s6_g_seg279.wav,True,5.0,0.542755126953125,0.03736082464456558,3768.8333236413523,0.037122909448294245,52.57212448120117,0.2566101551055908
crying_processed\Hr_my17s6_g_seg28.wav,True,5.0,0.713348388671875,0.06255797296762466,3600.7394766474017,0.041787088552771856,29.73975372314453,2.8120834827423096
crying_processed\Hr_my17s6_g_seg280.wav,True,5.0,0.755462646484375,0.11556842923164368,3527.850897908142,0.045773504131130065,9.992735862731934,0.03095553256571293
crying_processed\Hr_my17s6_g_seg282.wav,True,5.0,0.71319580078125,0.10061823576688766,3897.8132533887683,0.047434076825692964,9.48213005065918,0.0010027859825640917
crying_processed\Hr_my17s6_g_seg283.wav,True,5.0,0.706085205078125,0.10674718767404556,3130.125001817731,0.04145913845948827,9.34466552734375,0.8017350435256958
crying_processed\Hr_my17s6_g_seg284.wav,True,5.0,0.538360595703125,0.053855717182159424,3920.8134310299806,0.04542993736673774,25.058597564697266,0.002037640428170562
crying_processed\Hr_my17s6_g_seg285.wav,True,5.0,0.745819091796875,0.10404834151268005,3207.3907344807867,0.039898512460021324,14.882335662841797,0.00044127798173576593
crying_processed\Hr_my17s6_g_seg286.wav,True,5.0,0.721832275390625,0.07951963692903519,4007.9733439800025,0.04778180803571429,15.449085235595703,0.0010759506840258837
crying_processed\Hr_my17s6_g_seg287.wav,True,5.0,0.69659423828125,0.07150620967149734,3342.7068439314476,0.04010881696428571,16.176610946655273,1.6184855699539185
crying_processed\Hr_my17s6_g_seg288.wav,True,5.0,0.542236328125,0.037495486438274384,3816.9045231652067,0.03954765791577825,50.101924896240234,0.15437725186347961
crying_processed\Hr_my17s6_g_seg289.wav,True,5.0,0.735748291015625,0.11575805395841599,3557.1387231426197,0.052567797174840086,10.05872917175293,3.1036243438720703
crying_processed\Hr_my17s6_g_seg29.wav,True,5.0,0.702239990234375,0.08757442235946655,3464.1719008254863,0.04369232242803838,11.274125099182129,3.329101085662842
crying_processed\Hr_my17s6_g_seg291.wav,True,5.0,0.6890869140625,0.10795726627111435,3774.6033867223637,0.04536538845948827,7.675273895263672,0.07014410942792892
crying_processed\Hr_my17s6_g_seg292.wav,True,5.0,0.703826904296875,0.09931366890668869,3271.492613989978,0.04078553937899787,11.642060279846191,0.15594133734703064
crying_processed\Hr_my17s6_g_seg293.wav,True,5.0,0.52362060546875,0.05389770120382309,3897.9861574669335,0.04490001166044776,25.140409469604492,2.809992790222168
crying_processed\Hr_my17s6_g_seg294.wav,True,5.0,0.7412109375,0.10415498912334442,3195.830926874063,0.039898512460021324,14.715946197509766,1.9004123210906982
crying_processed\Hr_my17s6_g_seg295.wav,True,5.0,0.702239990234375,0.08512668311595917,3885.6453111202068,0.04799003031716418,12.812276840209961,0.000483960029669106
crying_processed\Hr_my17s6_g_seg296.wav,True,5.0,0.705810546875,0.0648922547698021,3372.5058282604878,0.03970694796108742,19.549476623535156,0.8966395854949951
crying_processed\Hr_my17s6_g_seg297.wav,True,5.0,0.70758056640625,0.061885520815849304,3845.1126752646824,0.040110899187100216,45.40211486816406,0.003974663559347391
crying_processed\Hr_my17s6_g_seg298.wav,True,5.0,0.72686767578125,0.10432451963424683,3633.2841074648454,0.05715285181236674,11.543478965759277,4.788665771484375
crying_processed\Hr_my17s6_g_seg3.wav,True,5.0,0.705810546875,0.06110869348049164,3400.730157569045,0.03898129331023454,24.415895462036133,0.36997896432876587
crying_processed\Hr_my17s6_g_seg30.wav,True,5.0,0.705810546875,0.059015415608882904,3683.8442135517616,0.0398474980010661,27.928970336914062,4.078612804412842
crying_processed\Hr_my17s6_g_seg300.wav,True,5.0,0.690399169921875,0.1092667207121849,3598.9557022826007,0.04403484808102345,7.230956077575684,1.0278714895248413
crying_processed\Hr_my17s6_g_seg301.wav,True,5.0,0.70416259765625,0.09794861078262329,3451.928149615306,0.04261268989872068,12.48428726196289,0.0053584096021950245
crying_processed\Hr_my17s6_g_seg302.wav,True,5.0,0.5430908203125,0.053967494517564774,4047.4072783948486,0.046730285514392324,25.432756423950195,3.8890182971954346
crying_processed\Hr_my17s6_g_seg303.wav,True,5.0,0.748138427734375,0.10436587780714035,3188.183093989538,0.04150494736140725,14.900283813476562,2.5411713123321533
crying_processed\Hr_my17s6_g_seg304.wav,True,5.0,0.709442138671875,0.08915828168392181,3536.06645888878,0.044973930570362475,10.282220840454102,0.21453282237052917
crying_processed\Hr_my17s6_g_seg305.wav,True,5.0,0.7010498046875,0.05914275720715523,3626.896127945197,0.04009840585021322,28.53053092956543,0.0028905251529067755
crying_processed\Hr_my17s6_g_seg306.wav,True,5.0,0.713043212890625,0.10045861452817917,3578.0798128341057,0.0377871385261194,13.439289093017578,0.014317018911242485
crying_processed\Hr_my17s6_g_seg307.wav,True,5.0,0.755462646484375,0.06796581298112869,3915.597537673172,0.059598422507995734,32.18291091918945,4.8034563064575195
crying_processed\Hr_my17s6_g_seg308.wav,True,5.0,0.515411376953125,0.036388203501701355,4249.607200462111,0.05566302138859275,50.73667526245117,0.4412453770637512
crying_processed\Hr_my17s6_g_seg309.wav,True,5.0,0.71319580078125,0.10382044315338135,3600.7808538769705,0.045419526252665245,8.812385559082031,2.9161486625671387
crying_processed\Hr_my17s6_g_seg31.wav,True,5.0,0.72686767578125,0.12042739987373352,3257.3985365117583,0.03984437466684435,8.558080673217773,0.40902426838874817
crying_processed\Hr_my17s6_g_seg310.wav,True,5.0,0.706085205078125,0.10866986215114594,3295.3009106416307,0.04150286513859275,8.729409217834473,0.08388184010982513
crying_processed\Hr_my17s6_g_seg311.wav,True,5.0,0.745819091796875,0.07774815708398819,4080.248058239607,0.04544867737206823,34.44185256958008,0.0027073498349636793
crying_processed\Hr_my17s6_g_seg312.wav,True,5.0,0.715728759765625,0.07598304748535156,3300.786586089021,0.041510152918443496,19.937538146972656,2.3345835208892822
crying_processed\Hr_my17s6_g_seg313.wav,True,5.0,0.721832275390625,0.08743105828762054,3585.3092245774887,0.046726121068763324,11.28585147857666,0.18986746668815613
crying_processed\Hr_my17s6_g_seg314.wav,True,5.0,0.69659423828125,0.059250153601169586,3631.6181067659186,0.03846594316364606,28.529237747192383,0.006155399605631828
crying_processed\Hr_my17s6_g_seg315.wav,True,5.0,0.735748291015625,0.12067601084709167,3269.9809458505115,0.03673978045042644,8.542255401611328,0.3815217912197113
crying_processed\Hr_my17s6_g_seg317.wav,True,5.0,0.515716552734375,0.052262082695961,4187.153093193803,0.057923274253731345,18.343835830688477,0.004759346600621939
crying_processed\Hr_my17s6_g_seg318.wav,True,5.0,0.6890869140625,0.09622965008020401,3790.513499040381,0.04332481010127932,12.158761978149414,3.6104745864868164
crying_processed\Hr_my17s6_g_seg319.wav,True,5.0,0.703826904296875,0.10866554826498032,3106.254783175924,0.03970486573827292,8.705255508422852,1.6069072484970093
crying_processed\Hr_my17s6_g_seg320.wav,True,5.0,0.7412109375,0.08753811568021774,3997.3187282530494,0.047115496735074626,24.350811004638672,0.0010023097274824977
crying_processed\Hr_my17s6_g_seg321.wav,True,5.0,0.713348388671875,0.06459532678127289,3486.4518370079386,0.04108850279850746,26.59282112121582,2.845602512359619
crying_processed\Hr_my17s6_g_seg322.wav,True,5.0,0.702239990234375,0.08757004886865616,3504.8576839353263,0.044815681636460554,11.277144432067871,2.382044553756714
crying_processed\Hr_my17s6_g_seg323.wav,True,5.0,0.705810546875,0.05902073532342911,3647.508488923966,0.039587220149253734,27.916973114013672,1.4877985715866089
crying_processed\Hr_my17s6_g_seg324.wav,True,5.0,0.72686767578125,0.12042821198701859,3243.5935365855485,0.03810051305970149,8.55771541595459,0.377594918012619
crying_processed\Hr_my17s6_g_seg326.wav,True,5.0,0.690399169921875,0.08974369615316391,4041.3852955466928,0.05707268623400853,12.619415283203125,0.0019261190900579095
crying_processed\Hr_my17s6_g_seg327.wav,True,5.0,0.687835693359375,0.06428459286689758,3812.7166857085567,0.04604106976279318,23.241308212280273,2.549964427947998
crying_processed\Hr_my17s6_g_seg328.wav,True,5.0,0.70416259765625,0.10789000988006592,3312.143639554962,0.038684576559168446,9.124074935913086,3.1103217601776123
crying_processed\Hr_my17s6_g_seg329.wav,True,5.0,0.748138427734375,0.09534770250320435,3753.217444038894,0.04722377232142857,19.5078067779541,0.0007163924165070057
crying_processed\Hr_my17s6_g_seg33.wav,True,5.0,0.690399169921875,0.09700410813093185,3946.163748548748,0.05642303271588486,9.99829387664795,0.0016695607919245958
crying_processed\Hr_my17s6_g_seg330.wav,True,5.0,0.7218017578125,0.05755971744656563,3666.1235706841285,0.04257000433102345,26.665090560913086,1.6504772901535034
crying_processed\Hr_my17s6_g_seg331.wav,True,5.0,0.709442138671875,0.08419328182935715,3578.7967961909,0.042552305437100216,12.87949275970459,3.829941511154175
crying_processed\Hr_my17s6_g_seg332.wav,True,5.0,0.7010498046875,0.06812386959791183,3453.5189432377497,0.03779442630597015,19.77666664123535,3.644390821456909
crying_processed\Hr_my17s6_g_seg333.wav,True,5.0,0.755462646484375,0.11568212509155273,3513.5663896390124,0.04075951159381663,9.947574615478516,0.05175513029098511
crying_processed\Hr_my17s6_g_seg335.wav,True,5.0,0.71319580078125,0.1007133424282074,3907.0319618065973,0.05813670209221748,9.435482025146484,0.01094014011323452
crying_processed\Hr_my17s6_g_seg336.wav,True,5.0,0.699127197265625,0.07511170208454132,3712.867909904174,0.0433539612206823,22.31156349182129,0.002647057408466935
crying_processed\Hr_my17s6_g_seg337.wav,True,5.0,0.706085205078125,0.0895092785358429,3603.255024593278,0.03963615238539445,12.775066375732422,2.623086929321289
crying_processed\Hr_my17s6_g_seg338.wav,True,5.0,0.745819091796875,0.1004897803068161,3449.157894786912,0.04704366004797441,16.499902725219727,0.31825488805770874
crying_processed\Hr_my17s6_g_seg339.wav,True,5.0,0.721832275390625,0.08642961829900742,3657.0158165760145,0.043182177838486144,12.388229370117188,0.8924779295921326
crying_processed\Hr_my17s6_g_seg34.wav,True,5.0,0.70281982421875,0.0658111646771431,3802.1956721209926,0.04578183302238806,28.25792694091797,0.8678532838821411
crying_processed\Hr_my17s6_g_seg340.wav,True,5.0,0.69659423828125,0.06914929300546646,3544.4496002107635,0.04000158248933902,18.040342330932617,0.23630478978157043
crying_processed\Hr_my17s6_g_seg341.wav,True,5.0,0.542236328125,0.043360635638237,3617.704755130051,0.039956814698827295,34.20328903198242,1.3117399215698242
crying_processed\Hr_my17s6_g_seg342.wav,True,5.0,0.735748291015625,0.11535896360874176,3585.087158410237,0.03848884761460555,10.23629379272461,0.0006114697898738086
crying_processed\Hr_my17s6_g_seg344.wav,True,5.0,0.6890869140625,0.10073630511760712,3902.406144423674,0.05494257229477612,9.408228874206543,0.009092581458389759
crying_processed\Hr_my17s6_g_seg345.wav,True,5.0,0.703826904296875,0.09638253599405289,3473.1444551209574,0.04164966184701493,13.551176071166992,0.7874490022659302
crying_processed\Hr_my17s6_g_seg346.wav,True,5.0,0.527313232421875,0.06600545346736908,3778.4706620564307,0.04152681070095949,17.289505004882812,2.4096155166625977
crying_processed\Hr_my17s6_g_seg347.wav,True,5.0,0.7412109375,0.10399487614631653,3379.476553749419,0.04443463486140725,14.637950897216797,0.29949113726615906
crying_processed\Hr_my17s6_g_seg348.wav,True,5.0,0.702239990234375,0.08381929993629456,3649.8603226570367,0.043174890058635396,12.900426864624023,0.4845198094844818
crying_processed\Hr_my17s6_g_seg349.wav,True,5.0,0.705810546875,0.07075007259845734,3507.182138528451,0.04255855210554371,16.418140411376953,0.0014066599542275071
crying_processed\Hr_my17s6_g_seg35.wav,True,5.0,0.70416259765625,0.10042959451675415,3385.9734417503973,0.037721548507462684,10.435744285583496,2.827791690826416
crying_processed\Hr_my17s6_g_seg350.wav,True,5.0,0.53900146484375,0.03703823685646057,3765.7628540301193,0.040168160314498935,50.90395736694336,0.2435106635093689
crying_processed\Hr_my17s6_g_seg351.wav,True,5.0,0.72686767578125,0.1155887246131897,3565.7900375780423,0.04489897054904051,10.063462257385254,0.030875731259584427
crying_processed\Hr_my17s6_g_seg353.wav,True,5.0,0.690399169921875,0.1006866842508316,3871.8347477059506,0.04654392657249467,9.481996536254883,0.000925964443013072
crying_processed\Hr_my17s6_g_seg354.wav,True,5.0,0.70416259765625,0.10344327241182327,3265.44811422406,0.04292710554371002,10.415364265441895,0.8268645405769348
crying_processed\Hr_my17s6_g_seg355.wav,True,5.0,0.5430908203125,0.060067418962717056,3863.424831285855,0.044331564832089554,20.494510650634766,0.9575819373130798
crying_processed\Hr_my17s6_g_seg356.wav,True,5.0,0.748138427734375,0.10435546189546585,3241.7190839155182,0.040725154917377396,14.907489776611328,0.0006508135702461004
crying_processed\Hr_my17s6_g_seg357.wav,True,5.0,0.709442138671875,0.07937674224376678,3959.833568442387,0.046461678771321964,15.359029769897461,0.0028247740119695663
crying_processed\Hr_my17s6_g_seg358.wav,True,5.0,0.7010498046875,0.07141251116991043,3480.049916959559,0.0416933885261194,16.066978454589844,1.4374549388885498
crying_processed\Hr_my17s6_g_seg359.wav,True,5.0,0.542755126953125,0.037448152899742126,3789.399299193685,0.038803263259594885,51.84577941894531,0.17890919744968414
crying_processed\Hr_my17s6_g_seg36.wav,True,5.0,0.748138427734375,0.09547146409749985,3688.273950220689,0.04798170142590618,19.392900466918945,0.0007314800168387592
crying_processed\Hr_my17s6_g_seg37.wav,True,5.0,0.7218017578125,0.06902789324522018,3662.0194382201544,0.04319571228678038,20.432153701782227,2.2412705421447754
crying_processed\Hr_my17s6_g_seg38.wav,True,5.0,0.709442138671875,0.07560189068317413,3565.628601806919,0.0412155183901919,15.244020462036133,3.4591166973114014
crying_processed\Hr_my17s6_g_seg39.wav,True,5.0,0.7010498046875,0.06736592203378677,3541.9668517105642,0.03920409115138593,20.59515380859375,3.6148247718811035
crying_processed\Hr_my17s6_g_seg4.wav,True,5.0,0.7158203125,0.08260802924633026,3795.582938842843,0.039887060234541576,24.083921432495117,0.0006314817583188415
crying_processed\Hr_my17s6_g_seg40.wav,True,5.0,0.755462646484375,0.1156822070479393,3523.900719674367,0.039991171375266525,9.94737434387207,0.051774874329566956
crying_processed\Hr_my17s6_g_seg42.wav,True,5.0,0.71319580078125,0.1007213220000267,3893.132206066658,0.05782124533582089,9.431506156921387,0.010808697901666164
crying_processed\Hr_my17s6_g_seg43.wav,True,5.0,0.706085205078125,0.08846930414438248,3631.7246908603743,0.04292918776652452,16.622800827026367,0.0007959345239214599
crying_processed\Hr_my17s6_g_seg44.wav,True,5.0,0.701019287109375,0.07632139325141907,3708.682802480674,0.040360765924840086,15.160289764404297,2.9823379516601562
crying_processed\Hr_my17s6_g_seg45.wav,True,5.0,0.745819091796875,0.10048962384462357,3464.62518717477,0.04654080323827292,16.500015258789062,0.3191238343715668
crying_processed\Hr_my17s6_g_seg46.wav,True,5.0,0.721832275390625,0.08771904557943344,3556.943879870436,0.04322694562899787,11.622267723083496,0.8916997313499451
crying_processed\Hr_my17s6_g_seg47.wav,True,5.0,0.69659423828125,0.07039502263069153,3506.8063685190823,0.03954349347014925,17.280027389526367,0.0014557581162080169
crying_processed\Hr_my17s6_g_seg48.wav,True,5.0,0.542236328125,0.03850220516324043,3698.2257398912866,0.04136856176705757,45.918968200683594,0.5236036777496338
crying_processed\Hr_my17s6_g_seg49.wav,True,5.0,0.735748291015625,0.11569323390722275,3621.0033556174076,0.04148516624466951,10.088053703308105,0.030421985313296318
crying_processed\Hr_my17s6_g_seg5.wav,True,5.0,0.72686767578125,0.08881010860204697,3732.510331799623,0.057457897454690834,15.830343246459961,4.883885383605957
crying_processed\Hr_my17s6_g_seg51.wav,True,5.0,0.6890869140625,0.10064919292926788,3878.9550361675856,0.04976928971215352,9.450790405273438,0.0006707858992740512
crying_processed\Hr_my17s6_g_seg52.wav,True,5.0,0.703826904296875,0.09640580415725708,3461.6556145938357,0.04176938965884861,13.535394668579102,0.7896326780319214
crying_processed\Hr_my17s6_g_seg53.wav,True,5.0,0.527313232421875,0.06871826946735382,3712.971032563778,0.04139146621801706,14.898195266723633,2.2186849117279053
crying_processed\Hr_my17s6_g_seg54.wav,True,5.0,0.7412109375,0.10452231764793396,3316.708083417999,0.043486182369402986,14.465473175048828,0.12723270058631897
crying_processed\Hr_my17s6_g_seg55.wav,True,5.0,0.702239990234375,0.08090601861476898,3764.9731221418892,0.04405775253198294,14.486030578613281,0.15349818766117096
crying_processed\Hr_my17s6_g_seg56.wav,True,5.0,0.705810546875,0.07075072824954987,3497.3530700711635,0.04310825892857143,16.4178466796875,0.00213871942833066
crying_processed\Hr_my17s6_g_seg57.wav,True,5.0,0.53900146484375,0.037037938833236694,3776.3031932953745,0.03862939765458422,50.90586853027344,0.26620030403137207
crying_processed\Hr_my17s6_g_seg58.wav,True,5.0,0.72686767578125,0.11559418588876724,3525.030501950002,0.045132179504264396,10.06092643737793,0.03084556572139263
crying_processed\Hr_my17s6_g_seg60.wav,True,5.0,0.690399169921875,0.10068619251251221,3892.0776624376585,0.047895289179104475,9.482251167297363,0.001009445171803236
crying_processed\Hr_my17s6_g_seg61.wav,True,5.0,0.70416259765625,0.10672558844089508,3139.9402893147676,0.04124779284381663,9.337963104248047,0.7915946841239929
crying_processed\Hr_my17s6_g_seg62.wav,True,5.0,0.5430908203125,0.0540243498980999,3926.755276570366,0.04512593283582089,25.31568145751953,0.002132185036316514
crying_processed\Hr_my17s6_g_seg63.wav,True,5.0,0.748138427734375,0.1043638214468956,3217.6302953483837,0.03985062133528785,14.901742935180664,0.00045464118011295795
crying_processed\Hr_my17s6_g_seg64.wav,True,5.0,0.709442138671875,0.07936323434114456,4042.683487440319,0.048076442563965885,15.37132453918457,0.001146207912825048
crying_processed\Hr_my17s6_g_seg65.wav,True,5.0,0.7010498046875,0.07145921885967255,3363.536157221743,0.04010465251865672,16.017601013183594,1.601061463356018
crying_processed\Hr_my17s6_g_seg66.wav,True,5.0,0.542755126953125,0.03759092837572098,3799.2526278282066,0.03912080223880597,51.05655288696289,0.1540309488773346
crying_processed\Hr_my17s6_g_seg67.wav,True,5.0,0.755462646484375,0.11549467593431473,3566.88290534883,0.051882745868869935,10.024724006652832,3.0225744247436523
crying_processed\Hr_my17s6_g_seg69.wav,True,5.0,0.71319580078125,0.10770974308252335,3794.383951564373,0.045093658382196165,7.780157089233398,0.011510026641190052
crying_processed\Hr_my17s6_g_seg7.wav,True,5.0,0.690399169921875,0.10926572978496552,3611.191561030184,0.04515508395522388,7.231325149536133,1.1186590194702148
crying_processed\Hr_my17s6_g_seg70.wav,True,5.0,0.706085205078125,0.09958560764789581,3238.3549570288956,0.04102811833688699,11.553131103515625,0.18035836517810822
crying_processed\Hr_my17s6_g_seg71.wav,True,5.0,0.538360595703125,0.053854551166296005,3963.1861072229217,0.04564232409381663,25.061038970947266,2.8756699562072754
crying_processed\Hr_my17s6_g_seg72.wav,True,5.0,0.745819091796875,0.10405036062002182,3208.7517129717016,0.04047424706823028,14.880859375,2.318122625350952
crying_processed\Hr_my17s6_g_seg73.wav,True,5.0,0.721832275390625,0.08586746454238892,3813.3115047488645,0.0480410447761194,12.251465797424316,0.0004945892142131925
crying_processed\Hr_my17s6_g_seg74.wav,True,5.0,0.69659423828125,0.06407105177640915,3366.1875778600743,0.039076034448294245,21.345449447631836,0.7457550168037415
crying_processed\Hr_my17s6_g_seg75.wav,True,5.0,0.724090576171875,0.07585367560386658,3821.4580135020246,0.039175981143390194,30.47341537475586,0.0008438839577138424
crying_processed\Hr_my17s6_g_seg76.wav,True,5.0,0.735748291015625,0.09492271393537521,3662.015168021033,0.05759844749466951,13.520889282226562,4.895798206329346
crying_processed\Hr_my17s6_g_seg78.wav,True,5.0,0.6890869140625,0.10932683199644089,3604.759202529713,0.04392865471748401,7.213171005249023,1.0729418992996216
crying_processed\Hr_my17s6_g_seg79.wav,True,5.0,0.703826904296875,0.09780240803956985,3405.328527079724,0.04120823061034115,12.470207214355469,0.005401818081736565
crying_processed\Hr_my17s6_g_seg8.wav,True,5.0,0.70416259765625,0.10549131780862808,3335.5250234216064,0.040690798240938165,9.874326705932617,0.004624414257705212
crying_processed\Hr_my17s6_g_seg80.wav,True,5.0,0.52362060546875,0.05389511585235596,4002.1345625392873,0.047234183435501065,25.14577865600586,3.8782126903533936
crying_processed\Hr_my17s6_g_seg81.wav,True,5.0,0.7412109375,0.10415459424257278,3186.3706631514397,0.0411186950293177,14.716217041015625,2.5282089710235596
crying_processed\Hr_my17s6_g_seg82.wav,True,5.0,0.702239990234375,0.08944834023714066,3552.4060820285868,0.04488127165511727,10.358491897583008,0.20979376137256622
crying_processed\Hr_my17s6_g_seg83.wav,True,5.0,0.705810546875,0.058812111616134644,3610.2333947381726,0.04058044043176972,28.34886360168457,0.0025244434364140034
crying_processed\Hr_my17s6_g_seg84.wav,True,5.0,0.7158203125,0.0985647588968277,3610.372642159923,0.03830248867270789,14.290563583374023,0.014198800548911095
crying_processed\Hr_my17s6_g_seg85.wav,True,5.0,0.72686767578125,0.07068853825330734,3896.377879892331,0.059599463619402986,29.06993865966797,4.818761825561523
crying_processed\Hr_my17s6_g_seg87.wav,True,5.0,0.690399169921875,0.10623164474964142,3568.9076602705536,0.04559130963486141,8.165360450744629,2.804738998413086
crying_processed\Hr_my17s6_g_seg88.wav,True,5.0,0.70416259765625,0.10883578658103943,3314.319892742628,0.04070537380063966,8.728574752807617,0.07830830663442612
crying_processed\Hr_my17s6_g_seg89.wav,True,5.0,0.748138427734375,0.07752168923616409,4107.582554581496,0.04563607742537314,35.78081130981445,0.004642107058316469
crying_processed\Hr_my17s6_g_seg9.wav,True,5.0,0.647552490234375,0.041789259761571884,4119.807931808689,0.04729456789712153,41.98603439331055,2.0930392742156982
crying_processed\Hr_my17s6_g_seg90.wav,True,5.0,0.7218017578125,0.07663032412528992,3314.5233542250694,0.041666319629530914,19.037303924560547,1.6780098676681519
crying_processed\Hr_my17s6_g_seg91.wav,True,5.0,0.709442138671875,0.08724706619977951,3589.349654358731,0.04777139692164179,11.208502769470215,0.07148692011833191
crying_processed\Hr_my17s6_g_seg92.wav,True,5.0,0.7010498046875,0.05914340913295746,3655.0258353195013,0.03771321961620469,28.529216766357422,0.006089812144637108
crying_processed\Hr_my17s6_g_seg93.wav,True,5.0,0.755462646484375,0.12052461504936218,3238.2984693663634,0.03648158482142857,8.485320091247559,0.3708624243736267
crying_processed\Hr_my17s6_g_seg95.wav,True,5.0,0.515411376953125,0.05201926454901695,4174.681791457594,0.057669243070362475,18.705976486206055,0.002880742074921727
crying_processed\Hr_my17s6_g_seg96.wav,True,5.0,0.71319580078125,0.0963423103094101,3777.6936241800495,0.04357467683901919,12.12421703338623,3.6105897426605225
crying_processed\Hr_my17s6_g_seg97.wav,True,5.0,0.706085205078125,0.10867723822593689,3171.794170380409,0.041263409514925374,8.726207733154297,1.590266227722168
crying_processed\Hr_my17s6_g_seg98.wav,True,5.0,0.745819091796875,0.08739489316940308,3942.7714413202502,0.04679587553304904,24.567134857177734,0.0010035163722932339
crying_processed\Hr_my17s6_g_seg99.wav,True,5.0,0.715728759765625,0.0646413266658783,3536.7421673909084,0.041417494003198295,27.039960861206055,2.8769142627716064
crying_processed\IesCkkvRiUg_seg0.wav,True,5.0,0.60479736328125,0.03858776018023491,3829.637184424574,0.0629143623400853,44.36606216430664,0.25906285643577576
crying_processed\IesCkkvRiUg_seg1.wav,True,5.0,0.66680908203125,0.06937121599912643,3721.387901229736,0.062113747667910446,16.753185272216797,1.89094078540802
crying_processed\IesCkkvRiUg_seg10.wav,True,5.0,0.590850830078125,0.040132004767656326,3688.104358598506,0.061810784248400856,40.45888137817383,0.25418946146965027
crying_processed\IesCkkvRiUg_seg100.wav,True,5.0,0.61309814453125,0.0413929782807827,3340.852111051963,0.06412205157249468,35.483341217041016,1.4523510932922363
crying_processed\IesCkkvRiUg_seg101.wav,True,5.0,0.633453369140625,0.0487060509622097,3543.6620264521985,0.04721023787313433,33.016761779785156,0.228172168135643
crying_processed\IesCkkvRiUg_seg102.wav,True,5.0,0.59967041015625,0.04948023334145546,3527.164679738947,0.07224272054904052,27.824182510375977,1.973334789276123
crying_processed\IesCkkvRiUg_seg103.wav,True,5.0,0.626129150390625,0.050279561430215836,4022.9167116022577,0.053877515325159914,31.399551391601562,0.10145877301692963
crying_processed\IesCkkvRiUg_seg104.wav,True,5.0,0.652374267578125,0.07509605586528778,3298.665578336568,0.05046683435501066,13.178075790405273,2.460033655166626
crying_processed\IesCkkvRiUg_seg105.wav,True,5.0,0.611083984375,0.040191151201725006,3401.559247339693,0.06418243603411514,37.346435546875,1.1371756792068481
crying_processed\IesCkkvRiUg_seg106.wav,True,5.0,0.6376953125,0.048180192708969116,3631.225709073368,0.05002227978411514,35.23756408691406,0.13015110790729523
crying_processed\IesCkkvRiUg_seg107.wav,True,5.0,0.647125244140625,0.055149778723716736,3749.3532996641866,0.06109137626599147,25.30765151977539,0.014167453162372112
crying_processed\IesCkkvRiUg_seg108.wav,True,5.0,0.64935302734375,0.061055876314640045,3674.7456384280176,0.06315485907515991,23.461332321166992,1.0240020751953125
crying_processed\IesCkkvRiUg_seg109.wav,True,5.0,0.60870361328125,0.05670122429728508,3507.11748799388,0.05225338152985075,19.463768005371094,0.5519228577613831
crying_processed\IesCkkvRiUg_seg11.wav,True,5.0,0.61834716796875,0.061814967542886734,3567.1987077487684,0.06437712386727079,18.88727378845215,1.6925514936447144
crying_processed\IesCkkvRiUg_seg110.wav,True,5.0,0.61907958984375,0.03625555709004402,3507.8195104547963,0.05318101179371002,45.68586349487305,2.518789768218994
crying_processed\IesCkkvRiUg_seg111.wav,True,5.0,0.63800048828125,0.057521313428878784,3428.1908223800083,0.05928608908582089,23.533632278442383,2.6824285984039307
crying_processed\IesCkkvRiUg_seg112.wav,True,5.0,0.620208740234375,0.0589904859662056,3700.9890403833597,0.06247709554904051,22.012617111206055,0.018386563286185265
crying_processed\IesCkkvRiUg_seg113.wav,True,5.0,0.698760986328125,0.05910023674368858,3753.8594533896176,0.06357859141791045,25.70970916748047,0.5001570582389832
crying_processed\IesCkkvRiUg_seg114.wav,True,5.0,0.623931884765625,0.05494872108101845,3637.6132401323775,0.047238347881130065,20.682859420776367,0.3318982720375061
crying_processed\IesCkkvRiUg_seg115.wav,True,5.0,0.619384765625,0.04510775953531265,3360.447750124278,0.055342359075159914,35.70911407470703,2.12117338180542
crying_processed\IesCkkvRiUg_seg116.wav,True,5.0,0.62847900390625,0.040859155356884,3648.530603242079,0.060167910447761194,46.87328338623047,4.236887454986572
crying_processed\IesCkkvRiUg_seg117.wav,True,5.0,0.611480712890625,0.06182001903653145,3613.2410277184936,0.06325376465884862,18.494598388671875,1.6835756301879883
crying_processed\IesCkkvRiUg_seg118.wav,True,5.0,0.64642333984375,0.057279322296381,3750.1654652139573,0.057288196295309166,27.536327362060547,0.12182705849409103
crying_processed\IesCkkvRiUg_seg119.wav,True,5.0,0.624114990234375,0.06094050779938698,3479.961508837053,0.05047412213486141,17.892791748046875,0.22314810752868652
crying_processed\IesCkkvRiUg_seg12.wav,True,5.0,0.665771484375,0.057456377893686295,3767.112371255912,0.0567374483608742,27.462793350219727,0.12298315018415451
crying_processed\IesCkkvRiUg_seg120.wav,True,5.0,0.63067626953125,0.050701506435871124,3411.10089136487,0.05645947161513859,29.893146514892578,0.10803727805614471
crying_processed\IesCkkvRiUg_seg121.wav,True,5.0,0.60894775390625,0.039167121052742004,3513.481255805813,0.05891233009061834,40.532161712646484,0.2153102308511734
crying_processed\IesCkkvRiUg_seg122.wav,True,5.0,0.628448486328125,0.05082196369767189,3744.1431384866405,0.06570558202292111,29.71585464477539,0.1422586739063263
crying_processed\IesCkkvRiUg_seg123.wav,True,5.0,0.675689697265625,0.05942687392234802,3872.614944582009,0.047856768057036245,24.40946388244629,0.016732830554246902
crying_processed\IesCkkvRiUg_seg124.wav,True,5.0,0.62310791015625,0.059083953499794006,3405.5105035951897,0.06278110007995735,20.33213996887207,2.951221227645874
crying_processed\IesCkkvRiUg_seg125.wav,True,5.0,0.63555908203125,0.05084744840860367,3350.7519921058843,0.0531216684434968,30.146480560302734,0.5631346702575684
crying_processed\IesCkkvRiUg_seg126.wav,True,5.0,0.62530517578125,0.038584377616643906,3869.909163313928,0.0607363572761194,45.49065399169922,0.24941055476665497
crying_processed\IesCkkvRiUg_seg127.wav,True,5.0,0.644073486328125,0.06547770649194717,3830.1704770805163,0.05877178005063966,19.812911987304688,1.6205085515975952
crying_processed\IesCkkvRiUg_seg128.wav,True,5.0,0.613372802734375,0.06418698281049728,3387.71826104829,0.05273333388859275,16.125030517578125,1.2420978546142578
crying_processed\IesCkkvRiUg_seg129.wav,True,5.0,0.611114501953125,0.03751152381300926,3435.8287326026557,0.05925797907782516,43.77324676513672,0.34595856070518494
crying_processed\IesCkkvRiUg_seg13.wav,True,5.0,0.60528564453125,0.060830242931842804,3422.1494541797224,0.05002852645255863,17.595182418823242,0.21527057886123657
crying_processed\IesCkkvRiUg_seg130.wav,True,5.0,0.633392333984375,0.04781651496887207,3711.877863767406,0.05845632329424307,36.59568405151367,0.037687934935092926
crying_processed\IesCkkvRiUg_seg131.wav,True,5.0,0.64111328125,0.0605272501707077,3619.8692985240655,0.060514600546375266,21.214603424072266,0.5068994164466858
crying_processed\IesCkkvRiUg_seg132.wav,True,5.0,0.63494873046875,0.058395978063344955,3733.0000943265695,0.06253123334221748,25.372739791870117,0.3703928589820862
crying_processed\IesCkkvRiUg_seg133.wav,True,5.0,0.610809326171875,0.0540088526904583,3514.174291409504,0.04595882196162047,21.435195922851562,0.1025763526558876
crying_processed\IesCkkvRiUg_seg134.wav,True,5.0,0.609588623046875,0.05164844170212746,3384.583796808651,0.05659169276385927,29.376171112060547,1.5906951427459717
crying_processed\IesCkkvRiUg_seg135.wav,True,5.0,0.593292236328125,0.04493486508727074,3438.823899238881,0.05941935134594883,32.116458892822266,1.8867154121398926
crying_processed\IesCkkvRiUg_seg136.wav,True,5.0,0.625335693359375,0.059102870523929596,3738.530113701929,0.06398983042377399,21.805288314819336,0.051632557064294815
crying_processed\IesCkkvRiUg_seg137.wav,True,5.0,0.632354736328125,0.05937068909406662,3697.4736313095113,0.06150365638326226,24.222803115844727,0.4835280478000641
crying_processed\IesCkkvRiUg_seg138.wav,True,5.0,0.603973388671875,0.05414542183279991,3645.176971255943,0.04898845615671642,21.49199104309082,0.13032297790050507
crying_processed\IesCkkvRiUg_seg139.wav,True,5.0,0.6290283203125,0.0466342456638813,3354.5651837721107,0.05597639592217484,32.821998596191406,1.9464218616485596
crying_processed\IesCkkvRiUg_seg14.wav,True,5.0,0.624267578125,0.050661809742450714,3411.042820559412,0.05707893290245203,29.789039611816406,0.10887475311756134
crying_processed\IesCkkvRiUg_seg140.wav,True,5.0,0.62432861328125,0.048107802867889404,3480.711248094076,0.06062391724413646,34.668296813964844,2.7195358276367188
crying_processed\IesCkkvRiUg_seg141.wav,True,5.0,0.61956787109375,0.0614023432135582,3566.0965298790884,0.06046150386460555,18.913555145263672,1.562791347503662
crying_processed\IesCkkvRiUg_seg142.wav,True,5.0,0.653778076171875,0.05757998675107956,3787.282027113201,0.06091751066098081,28.104398727416992,0.16460365056991577
crying_processed\IesCkkvRiUg_seg143.wav,True,5.0,0.61737060546875,0.05968635901808739,3528.269167626221,0.04744032349413646,18.64703369140625,0.0976579338312149
crying_processed\IesCkkvRiUg_seg144.wav,True,5.0,0.641387939453125,0.0495825819671154,3392.626700296512,0.05646780050639659,33.39317321777344,0.5133339762687683
crying_processed\IesCkkvRiUg_seg145.wav,True,5.0,0.605499267578125,0.04226258769631386,3594.3137965368956,0.060971648454157784,34.18132400512695,1.1055794954299927
crying_processed\IesCkkvRiUg_seg146.wav,True,5.0,0.60455322265625,0.05159726366400719,3700.6672726296592,0.06624800106609809,27.613069534301758,0.3196183741092682
crying_processed\IesCkkvRiUg_seg147.wav,True,5.0,0.680572509765625,0.057652972638607025,3945.9957084188363,0.04866258828624734,27.949893951416016,0.023398220539093018
crying_processed\IesCkkvRiUg_seg148.wav,True,5.0,0.619415283203125,0.06063353270292282,3333.3484452317175,0.05972543809968017,17.790098190307617,2.751875400543213
crying_processed\IesCkkvRiUg_seg149.wav,True,5.0,0.64190673828125,0.05082393065094948,3305.072948774561,0.05638034714818763,29.936485290527344,0.49832960963249207
crying_processed\IesCkkvRiUg_seg15.wav,True,5.0,0.6033935546875,0.047175049781799316,3498.567078225918,0.05559951359275053,32.42762756347656,0.14763909578323364
crying_processed\IesCkkvRiUg_seg150.wav,True,5.0,0.607208251953125,0.0386541523039341,3884.7624011551625,0.06201484208422175,44.05323791503906,0.2894531190395355
crying_processed\IesCkkvRiUg_seg151.wav,True,5.0,0.65399169921875,0.07092735916376114,3735.8742755946896,0.062194954357675906,17.004215240478516,1.642488956451416
crying_processed\IesCkkvRiUg_seg152.wav,True,5.0,0.60919189453125,0.059230633080005646,3314.93131942786,0.053370494069829424,17.575315475463867,0.691217839717865
crying_processed\IesCkkvRiUg_seg153.wav,True,5.0,0.62451171875,0.03656771034002304,3546.2015975012764,0.05603469816098081,48.17963409423828,0.07938530296087265
crying_processed\IesCkkvRiUg_seg154.wav,True,5.0,0.6279296875,0.05698326230049133,3430.717436298717,0.05242308268923241,24.092208862304688,0.22659258544445038
crying_processed\IesCkkvRiUg_seg155.wav,True,5.0,0.607208251953125,0.03982258588075638,3807.7186522528814,0.0656441564498934,40.3405876159668,0.5536729693412781
crying_processed\IesCkkvRiUg_seg156.wav,True,5.0,0.681549072265625,0.06571368128061295,3840.0555371594883,0.06138392857142857,19.869258880615234,1.8772578239440918
crying_processed\IesCkkvRiUg_seg157.wav,True,5.0,0.615997314453125,0.06462156027555466,3363.1406395684266,0.05252615271855011,16.101560592651367,1.2495121955871582
crying_processed\IesCkkvRiUg_seg158.wav,True,5.0,0.617095947265625,0.03697195276618004,3528.022086390316,0.059422474680170576,43.07855987548828,0.29326680302619934
crying_processed\IesCkkvRiUg_seg159.wav,True,5.0,0.63006591796875,0.048464011400938034,3583.2378752132936,0.050198227611940295,34.678565979003906,0.04722980782389641
crying_processed\IesCkkvRiUg_seg16.wav,True,5.0,0.6357421875,0.0521487332880497,3741.37946063724,0.06692784681503199,27.541040420532227,0.3559175431728363
crying_processed\IesCkkvRiUg_seg160.wav,True,5.0,0.641387939453125,0.05614987760782242,3774.1805382079556,0.06516212186833689,23.456836700439453,0.015974339097738266
crying_processed\IesCkkvRiUg_seg161.wav,True,5.0,0.68017578125,0.06176488474011421,3685.289933304336,0.06298724013859275,23.588228225708008,0.8503023982048035
crying_processed\IesCkkvRiUg_seg162.wav,True,5.0,0.618988037109375,0.05511321872472763,3623.3997013878916,0.04790778251599147,20.92658233642578,0.32377567887306213
crying_processed\IesCkkvRiUg_seg163.wav,True,5.0,0.627838134765625,0.04129602015018463,3418.927724189105,0.05475725446428571,36.048439025878906,2.3687477111816406
crying_processed\IesCkkvRiUg_seg164.wav,True,5.0,0.62353515625,0.05320175737142563,3392.4282167118185,0.060998717350746266,28.602415084838867,3.014026403427124
crying_processed\IesCkkvRiUg_seg165.wav,True,5.0,0.6270751953125,0.06040385365486145,3642.286638042683,0.060167910447761194,20.820789337158203,0.3010610044002533
crying_processed\IesCkkvRiUg_seg166.wav,True,5.0,0.6759033203125,0.058779262006282806,3733.6234876117032,0.06292893789978678,25.597291946411133,0.3480497896671295
crying_processed\IesCkkvRiUg_seg167.wav,True,5.0,0.620391845703125,0.054050296545028687,3615.247372758142,0.04691560334488273,21.567771911621094,0.09907948970794678
crying_processed\IesCkkvRiUg_seg168.wav,True,5.0,0.632049560546875,0.05206120386719704,3387.9074517369527,0.05607946595149254,29.878860473632812,1.5642566680908203
crying_processed\IesCkkvRiUg_seg169.wav,True,5.0,0.59991455078125,0.04653603583574295,3629.1150249671728,0.06325584688166311,30.613208770751953,1.747884750366211
crying_processed\IesCkkvRiUg_seg17.wav,True,5.0,0.688568115234375,0.057144973427057266,3946.6547493352514,0.04960999966684435,28.576534271240234,0.03193947672843933
crying_processed\IesCkkvRiUg_seg170.wav,True,5.0,0.62176513671875,0.05128004774451256,3726.948302331291,0.06498305070628999,29.362262725830078,0.187151700258255
crying_processed\IesCkkvRiUg_seg171.wav,True,5.0,0.661590576171875,0.058599021285772324,3827.9624532043485,0.04843770822228145,26.47547721862793,0.005014907568693161
crying_processed\IesCkkvRiUg_seg172.wav,True,5.0,0.626007080078125,0.059955183416604996,3401.1701580432355,0.06278942897121535,18.726287841796875,2.989842653274536
crying_processed\IesCkkvRiUg_seg173.wav,True,5.0,0.643280029296875,0.050942011177539825,3312.9655407920845,0.05490613339552239,29.970230102539062,0.5828238129615784
crying_processed\IesCkkvRiUg_seg174.wav,True,5.0,0.61175537109375,0.04832060635089874,3607.742769559334,0.061375599680170576,29.3211669921875,0.16282634437084198
crying_processed\IesCkkvRiUg_seg175.wav,True,5.0,0.639007568359375,0.05051232874393463,3859.910286439948,0.055581814698827295,31.852901458740234,0.030040478333830833
crying_processed\IesCkkvRiUg_seg176.wav,True,5.0,0.61566162109375,0.07258646935224533,3591.425457417387,0.051398629064498935,14.954833984375,1.6962645053863525
crying_processed\IesCkkvRiUg_seg177.wav,True,5.0,0.6026611328125,0.04334225505590439,3439.0943195232485,0.06539845415778252,31.894546508789062,1.7674201726913452
crying_processed\IesCkkvRiUg_seg178.wav,True,5.0,0.63543701171875,0.049361493438482285,3529.9352408585055,0.047027002265458424,31.521709442138672,0.4010000228881836
crying_processed\IesCkkvRiUg_seg179.wav,True,5.0,0.5950927734375,0.048539552837610245,3376.9003091074483,0.06832710054637527,30.218441009521484,1.846313238143921
crying_processed\IesCkkvRiUg_seg18.wav,True,5.0,0.6148681640625,0.06101902574300766,3410.23995892062,0.05843654217750533,17.247629165649414,2.744765520095825
crying_processed\IesCkkvRiUg_seg180.wav,True,5.0,0.6258544921875,0.050319984555244446,4048.997352717874,0.05450634661513859,31.291481018066406,0.041970688849687576
crying_processed\IesCkkvRiUg_seg181.wav,True,5.0,0.656036376953125,0.07434138655662537,3283.4954557125147,0.051414245735607676,13.673185348510742,2.415194272994995
crying_processed\IesCkkvRiUg_seg182.wav,True,5.0,0.62420654296875,0.04167323559522629,3395.2780515498885,0.06434693163646056,34.413822174072266,1.4307889938354492
crying_processed\IesCkkvRiUg_seg183.wav,True,5.0,0.672027587890625,0.0485648438334465,3595.214061146721,0.04794942697228145,35.419525146484375,0.13042627274990082
crying_processed\IesCkkvRiUg_seg184.wav,True,5.0,0.612152099609375,0.05214405059814453,3802.77558484156,0.06301639125799574,27.60912322998047,0.01576118730008602
crying_processed\IesCkkvRiUg_seg185.wav,True,5.0,0.68212890625,0.06379063427448273,3698.100171694453,0.06292789678837953,21.953716278076172,1.3158231973648071
crying_processed\IesCkkvRiUg_seg186.wav,True,5.0,0.612548828125,0.05667265132069588,3460.1981534461293,0.05144860241204691,19.315107345581055,0.5041735768318176
crying_processed\IesCkkvRiUg_seg187.wav,True,5.0,0.6165771484375,0.0360867977142334,3564.436232444469,0.0519472947761194,46.491477966308594,2.5107598304748535
crying_processed\IesCkkvRiUg_seg188.wav,True,5.0,0.630523681640625,0.05468541011214256,3497.701098996036,0.06377848480810235,27.883214950561523,3.010814905166626
crying_processed\IesCkkvRiUg_seg189.wav,True,5.0,0.61639404296875,0.05643581598997116,3719.0020543878745,0.06764621368603412,22.16657257080078,1.0514254570007324
crying_processed\IesCkkvRiUg_seg19.wav,True,5.0,0.6343994140625,0.05069204047322273,3318.181823290296,0.0570362473347548,29.522850036621094,0.3536466658115387
crying_processed\IesCkkvRiUg_seg190.wav,True,5.0,0.690673828125,0.05715131014585495,3989.213936955277,0.050148254264392324,28.944046020507812,0.03110063262283802
crying_processed\IesCkkvRiUg_seg191.wav,True,5.0,0.623199462890625,0.06075272709131241,3396.6854857216026,0.05664166611140725,17.505088806152344,1.919486403465271
crying_processed\IesCkkvRiUg_seg192.wav,True,5.0,0.628936767578125,0.05084154009819031,3355.4273637293495,0.05806590651652452,29.120223999023438,0.41465550661087036
crying_processed\IesCkkvRiUg_seg193.wav,True,5.0,0.616302490234375,0.038985107094049454,3586.5919128786077,0.06351612473347548,43.42243194580078,0.1093030571937561
crying_processed\IesCkkvRiUg_seg194.wav,True,5.0,0.64605712890625,0.05035974457859993,4080.6211141291806,0.05307585954157783,31.939281463623047,0.012512427754700184
crying_processed\IesCkkvRiUg_seg195.wav,True,5.0,0.64044189453125,0.07419178634881973,3431.8623748629584,0.05163912579957356,13.668455123901367,2.2904412746429443
crying_processed\IesCkkvRiUg_seg196.wav,True,5.0,0.61212158203125,0.04143615812063217,3338.7003585553603,0.06340160247867804,35.50703430175781,1.4441148042678833
crying_processed\IesCkkvRiUg_seg197.wav,True,5.0,0.623565673828125,0.04871617257595062,3558.4946171689853,0.04672195662313433,33.674800872802734,0.22622062265872955
crying_processed\IesCkkvRiUg_seg198.wav,True,5.0,0.59893798828125,0.039166633039712906,3807.26390894749,0.06478836287313433,41.8300895690918,0.2515356242656708
crying_processed\IesCkkvRiUg_seg199.wav,True,5.0,0.65570068359375,0.07256243377923965,3762.8059683606302,0.06329645022654584,16.096092224121094,1.932565689086914
crying_processed\IesCkkvRiUg_seg2.wav,True,5.0,0.617523193359375,0.05863355100154877,3401.304414504409,0.05208159814765458,17.862369537353516,0.6127864122390747
crying_processed\IesCkkvRiUg_seg20.wav,True,5.0,0.587738037109375,0.03886939212679863,3623.1011030503464,0.06196590984808102,42.99028778076172,0.22653663158416748
crying_processed\IesCkkvRiUg_seg200.wav,True,5.0,0.606903076171875,0.05705289542675018,3411.9528843224175,0.052844732809168446,18.740493774414062,0.5358676314353943
crying_processed\IesCkkvRiUg_seg201.wav,True,5.0,0.617218017578125,0.0359153114259243,3588.012718607031,0.05199518590085288,48.41748809814453,0.10798726975917816
crying_processed\IesCkkvRiUg_seg202.wav,True,5.0,0.624359130859375,0.04871273785829544,3530.143621353083,0.06017623933901919,35.01825714111328,1.9097988605499268
crying_processed\IesCkkvRiUg_seg203.wav,True,5.0,0.62371826171875,0.060491401702165604,3690.681619920641,0.06270405783582089,20.751012802124023,1.0152982473373413
crying_processed\IesCkkvRiUg_seg204.wav,True,5.0,0.640899658203125,0.05841457098722458,3778.8264718246537,0.06092375732942431,25.58124542236328,0.353824645280838
crying_processed\IesCkkvRiUg_seg205.wav,True,5.0,0.607879638671875,0.054858263581991196,3512.618635256531,0.0471696345282516,20.354049682617188,0.09939302504062653
crying_processed\IesCkkvRiUg_seg206.wav,True,5.0,0.6341552734375,0.05129292234778404,3403.8289342707626,0.056569829424307036,31.232669830322266,1.4609193801879883
crying_processed\IesCkkvRiUg_seg207.wav,True,5.0,0.579559326171875,0.04333502799272537,3591.9502490814575,0.06014188266257996,35.76738739013672,1.9464372396469116
crying_processed\IesCkkvRiUg_seg208.wav,True,5.0,0.6181640625,0.06144940108060837,3577.89989868184,0.0652297941098081,19.02155113220215,1.6110090017318726
crying_processed\IesCkkvRiUg_seg209.wav,True,5.0,0.6727294921875,0.058290012180805206,3691.4763696147693,0.057976370935501065,27.1166934967041,0.16731351613998413
crying_processed\IesCkkvRiUg_seg21.wav,True,5.0,0.6201171875,0.061362531036138535,3641.198154275723,0.06511943630063965,19.052400588989258,1.7065269947052002
crying_processed\IesCkkvRiUg_seg210.wav,True,5.0,0.616943359375,0.05912192538380623,3500.64932640447,0.049641233009061835,19.018651962280273,0.08147377520799637
crying_processed\IesCkkvRiUg_seg211.wav,True,5.0,0.64215087890625,0.050039876252412796,3397.9955796930176,0.05724551072761194,32.40486526489258,0.49084314703941345
crying_processed\IesCkkvRiUg_seg212.wav,True,5.0,0.606414794921875,0.04278288036584854,3480.4895747291957,0.06937654084488273,32.89976501464844,0.9345573782920837
crying_processed\IesCkkvRiUg_seg213.wav,True,5.0,0.61676025390625,0.0503537580370903,3965.878153592303,0.053577675239872065,31.605636596679688,0.011488061398267746
crying_processed\IesCkkvRiUg_seg214.wav,True,5.0,0.67041015625,0.07301467657089233,3557.6345416025215,0.05375154084488273,14.942537307739258,2.3420159816741943
crying_processed\IesCkkvRiUg_seg215.wav,True,5.0,0.6119384765625,0.04377419129014015,3426.4448776193153,0.06464156616471216,30.338890075683594,1.8887866735458374
crying_processed\IesCkkvRiUg_seg216.wav,True,5.0,0.62994384765625,0.049039144068956375,3508.008413060935,0.05201288479477612,33.88150405883789,0.2501532733440399
crying_processed\IesCkkvRiUg_seg217.wav,True,5.0,0.62701416015625,0.05214697867631912,3804.877575962294,0.06354007029584222,27.64763832092285,0.01609893888235092
crying_processed\IesCkkvRiUg_seg218.wav,True,5.0,0.67620849609375,0.06397262960672379,3726.4321820449168,0.06336412246801706,21.960073471069336,1.3192064762115479
crying_processed\IesCkkvRiUg_seg219.wav,True,5.0,0.619232177734375,0.056668225675821304,3538.707638276425,0.05212844816098081,19.445327758789062,0.5033913850784302
crying_processed\IesCkkvRiUg_seg22.wav,True,5.0,0.655242919921875,0.05781974643468857,3808.9014130101236,0.05837823993869936,26.889617919921875,0.19171102344989777
crying_processed\IesCkkvRiUg_seg220.wav,True,5.0,0.612335205078125,0.03605884313583374,3567.4733221872516,0.052552180503731345,45.47604751586914,2.4787445068359375
crying_processed\IesCkkvRiUg_seg221.wav,True,5.0,0.64398193359375,0.049101218581199646,3441.5466938386326,0.06139121635127932,35.034889221191406,3.7611515522003174
crying_processed\IesCkkvRiUg_seg222.wav,True,5.0,0.62835693359375,0.061799995601177216,3631.4729265654855,0.06079986507196162,19.551549911499023,1.409637689590454
crying_processed\IesCkkvRiUg_seg223.wav,True,5.0,0.64642333984375,0.0571698434650898,3783.3474187341344,0.06092688066364606,27.646493911743164,0.16635479032993317
crying_processed\IesCkkvRiUg_seg224.wav,True,5.0,0.626251220703125,0.05860156565904617,3562.120152108234,0.047358075692963755,18.742774963378906,0.084905706346035
crying_processed\IesCkkvRiUg_seg225.wav,True,5.0,0.618621826171875,0.0495903380215168,3397.1164924347463,0.05619190598347548,32.469783782958984,0.751966655254364
crying_processed\IesCkkvRiUg_seg226.wav,True,5.0,0.604095458984375,0.04420870542526245,3568.399282440868,0.06586278984541578,32.324607849121094,1.2358754873275757
crying_processed\IesCkkvRiUg_seg227.wav,True,5.0,0.641754150390625,0.050422847270965576,3784.8359888159125,0.06002736040778252,30.531612396240234,0.060949090868234634
crying_processed\IesCkkvRiUg_seg228.wav,True,5.0,0.6439208984375,0.06802995502948761,3693.2862625850667,0.05017636427238806,17.428442001342773,0.42619097232818604
crying_processed\IesCkkvRiUg_seg229.wav,True,5.0,0.643280029296875,0.04923393577337265,3428.0248448718526,0.06420013492803837,26.9718017578125,2.3687286376953125
crying_processed\IesCkkvRiUg_seg23.wav,True,5.0,0.625030517578125,0.05957750976085663,3545.1579826743864,0.04949027185501066,18.981338500976562,0.1511804610490799
crying_processed\IesCkkvRiUg_seg230.wav,True,5.0,0.634765625,0.049691181629896164,3577.9950368585737,0.057703599746801705,32.696067810058594,0.5221501588821411
crying_processed\IesCkkvRiUg_seg231.wav,True,5.0,0.6319580078125,0.06085140258073807,3654.7373960017285,0.06167335754264392,20.080339431762695,1.0038591623306274
crying_processed\IesCkkvRiUg_seg232.wav,True,5.0,0.689361572265625,0.058343566954135895,3808.5364687997417,0.060906058435501065,26.809289932250977,0.28881382942199707
crying_processed\IesCkkvRiUg_seg233.wav,True,5.0,0.618865966796875,0.055546436458826065,3500.027760271646,0.04724667677238806,19.93168067932129,0.0986655130982399
crying_processed\IesCkkvRiUg_seg234.wav,True,5.0,0.644805908203125,0.050849370658397675,3382.2356797284942,0.056100288179637525,32.189247131347656,1.3896632194519043
crying_processed\IesCkkvRiUg_seg235.wav,True,5.0,0.62225341796875,0.047002289444208145,3518.2655549780775,0.07337232642590619,30.272743225097656,1.5950406789779663
crying_processed\IesCkkvRiUg_seg236.wav,True,5.0,0.6187744140625,0.05025636777281761,3979.836510472901,0.05326221848347548,31.265003204345703,0.011401417665183544
crying_processed\IesCkkvRiUg_seg237.wav,True,5.0,0.66436767578125,0.0738852471113205,3505.9694877151946,0.05264275719616205,14.063409805297852,2.3212742805480957
crying_processed\IesCkkvRiUg_seg238.wav,True,5.0,0.623779296875,0.04193941131234169,3427.118547994905,0.06497263959221748,33.65411376953125,1.611149787902832
crying_processed\IesCkkvRiUg_seg239.wav,True,5.0,0.62255859375,0.049131233245134354,3539.3804785464617,0.04695204224413646,33.45133590698242,0.23988927900791168
crying_processed\IesCkkvRiUg_seg24.wav,True,5.0,0.629608154296875,0.05016275495290756,3416.0771089769514,0.056627090551705755,30.15576934814453,0.4539976418018341
crying_processed\IesCkkvRiUg_seg240.wav,True,5.0,0.608245849609375,0.03892696648836136,3776.4533905436833,0.062178296575159914,43.766136169433594,0.3384530544281006
crying_processed\IesCkkvRiUg_seg241.wav,True,5.0,0.66363525390625,0.07072750478982925,3719.6688419766397,0.061763934235074626,16.93677520751953,1.6269044876098633
crying_processed\IesCkkvRiUg_seg242.wav,True,5.0,0.604095458984375,0.058969996869564056,3330.197196939542,0.05392644756130064,17.405914306640625,0.7016529440879822
crying_processed\IesCkkvRiUg_seg243.wav,True,5.0,0.609466552734375,0.03631063923239708,3577.835469522975,0.05579628364872068,46.55712890625,0.07886581867933273
crying_processed\IesCkkvRiUg_seg244.wav,True,5.0,0.6251220703125,0.0479428730905056,3684.692687618187,0.0594693246934968,36.87505340576172,0.32043978571891785
crying_processed\IesCkkvRiUg_seg245.wav,True,5.0,0.62115478515625,0.06112564727663994,3644.275904427654,0.06117050073294243,19.931800842285156,1.1951791048049927
crying_processed\IesCkkvRiUg_seg246.wav,True,5.0,0.63934326171875,0.057677075266838074,3817.508787847309,0.05978478144989339,26.96978187561035,0.24327798187732697
crying_processed\IesCkkvRiUg_seg247.wav,True,5.0,0.610260009765625,0.055997349321842194,3489.9430777276702,0.04736432236140725,18.90719985961914,0.09598486870527267
crying_processed\IesCkkvRiUg_seg248.wav,True,5.0,0.6456298828125,0.05008656904101372,3404.502714015624,0.05601804037846482,32.75221633911133,1.3254611492156982
crying_processed\IesCkkvRiUg_seg249.wav,True,5.0,0.622100830078125,0.046030037105083466,3705.927325413631,0.061364147454690834,32.083351135253906,1.653242826461792
crying_processed\IesCkkvRiUg_seg25.wav,True,5.0,0.593994140625,0.03869301825761795,3581.657821005634,0.059883687033582086,42.20791244506836,0.8952975869178772
crying_processed\IesCkkvRiUg_seg250.wav,True,5.0,0.608489990234375,0.05142281949520111,3703.344280772024,0.0660002165511727,28.73528480529785,0.2517543137073517
crying_processed\IesCkkvRiUg_seg251.wav,True,5.0,0.63787841796875,0.057334382086992264,3906.1170219832948,0.04914670509061834,27.651330947875977,0.01106931734830141
crying_processed\IesCkkvRiUg_seg252.wav,True,5.0,0.6214599609375,0.06063741073012352,3357.7379197570513,0.060336570495735604,18.104175567626953,2.7653567790985107
crying_processed\IesCkkvRiUg_seg253.wav,True,5.0,0.63470458984375,0.05047876387834549,3339.185731353426,0.05634494936034115,29.457141876220703,0.49933287501335144
crying_processed\IesCkkvRiUg_seg254.wav,True,5.0,0.615020751953125,0.03863641992211342,3803.580556408669,0.06164212420042644,44.10548400878906,0.28925713896751404
crying_processed\IesCkkvRiUg_seg255.wav,True,5.0,0.671051025390625,0.07116296887397766,3768.2442442145148,0.0632849980010661,16.945331573486328,1.6769040822982788
crying_processed\IesCkkvRiUg_seg256.wav,True,5.0,0.6085205078125,0.05908270925283432,3316.88433781054,0.05306128398187633,17.582136154174805,0.679991602897644
crying_processed\IesCkkvRiUg_seg257.wav,True,5.0,0.623291015625,0.03628398850560188,3525.4997118358037,0.05603261593816631,47.0794677734375,0.08005170524120331
crying_processed\IesCkkvRiUg_seg258.wav,True,5.0,0.64794921875,0.04781511053442955,3687.382910396034,0.058391774386993604,36.75604248046875,0.426031231880188
crying_processed\IesCkkvRiUg_seg259.wav,True,5.0,0.6092529296875,0.06021072715520859,3649.8396443453266,0.06165045309168443,20.532339096069336,0.963901698589325
crying_processed\IesCkkvRiUg_seg26.wav,True,5.0,0.6221923828125,0.06154491752386093,3563.2111338890654,0.06460929171108742,19.28397560119629,1.6144297122955322
crying_processed\IesCkkvRiUg_seg260.wav,True,5.0,0.713348388671875,0.05880976840853691,3767.3815542373027,0.061675439765458424,25.8834171295166,0.36628779768943787
crying_processed\IesCkkvRiUg_seg261.wav,True,5.0,0.61956787109375,0.05427316576242447,3495.987979876685,0.046099372001599144,21.442089080810547,0.10175427794456482
crying_processed\IesCkkvRiUg_seg262.wav,True,5.0,0.63348388671875,0.05185846984386444,3401.5010391323726,0.0570404117803838,30.30141830444336,1.5584766864776611
crying_processed\IesCkkvRiUg_seg263.wav,True,5.0,0.611480712890625,0.04712482914328575,3526.6374757143776,0.059783740338486144,29.96524429321289,1.6952091455459595
crying_processed\IesCkkvRiUg_seg264.wav,True,5.0,0.617523193359375,0.05116588622331619,3677.702205370409,0.06618865771588486,29.112388610839844,0.17247241735458374
crying_processed\IesCkkvRiUg_seg265.wav,True,5.0,0.6478271484375,0.057725392282009125,3776.9366721477686,0.049202925106609806,27.224483489990234,4.7287761844927445e-05
crying_processed\IesCkkvRiUg_seg266.wav,True,5.0,0.6204833984375,0.060462284833192825,3373.159122900826,0.061039320695629,18.22596549987793,2.9232003688812256
crying_processed\IesCkkvRiUg_seg267.wav,True,5.0,0.648406982421875,0.05083097144961357,3307.2269282258553,0.05675722947761194,30.043556213378906,0.4684043824672699
crying_processed\IesCkkvRiUg_seg268.wav,True,5.0,0.621673583984375,0.04916154965758324,3503.5382330786656,0.05717367404051173,27.8983097076416,0.16454176604747772
crying_processed\IesCkkvRiUg_seg269.wav,True,5.0,0.6220703125,0.05046071112155914,3776.208197441604,0.0613235441098081,30.445907592773438,0.06599836051464081
crying_processed\IesCkkvRiUg_seg27.wav,True,5.0,0.6339111328125,0.057764820754528046,3707.4600867537706,0.056727037246801705,26.784515380859375,0.166986346244812
crying_processed\IesCkkvRiUg_seg270.wav,True,5.0,0.658721923828125,0.06402850151062012,3788.928973151146,0.049991046441897655,19.119401931762695,0.13684837520122528
crying_processed\IesCkkvRiUg_seg271.wav,True,5.0,0.618377685546875,0.05415583401918411,3478.31779216024,0.06411372268123668,26.0244140625,2.837873935699463
crying_processed\IesCkkvRiUg_seg272.wav,True,5.0,0.6405029296875,0.05064672231674194,3522.0342701516283,0.057135152918443496,30.134517669677734,0.6219160556793213
crying_processed\IesCkkvRiUg_seg273.wav,True,5.0,0.617340087890625,0.05916055291891098,3721.1879375175777,0.06374412813166311,21.91318130493164,0.05343117564916611
crying_processed\IesCkkvRiUg_seg274.wav,True,5.0,0.68133544921875,0.059115681797266006,3706.1673057543076,0.06260411114072495,26.02864646911621,0.496345579624176
crying_processed\IesCkkvRiUg_seg275.wav,True,5.0,0.62054443359375,0.05520655959844589,3693.986770014711,0.04740804904051173,20.444578170776367,0.3205677270889282
crying_processed\IesCkkvRiUg_seg276.wav,True,5.0,0.640106201171875,0.04522998631000519,3402.15578771838,0.05590560034648188,36.937034606933594,2.124025821685791
crying_processed\IesCkkvRiUg_seg277.wav,True,5.0,0.63134765625,0.05379539355635643,3475.6034530333163,0.07102982575959488,24.927898406982422,2.4256575107574463
crying_processed\IesCkkvRiUg_seg278.wav,True,5.0,0.629241943359375,0.050555068999528885,3957.1355686922802,0.055912888126332626,31.1478271484375,0.027474837377667427
crying_processed\IesCkkvRiUg_seg279.wav,True,5.0,0.661163330078125,0.07266830652952194,3665.5528936638216,0.052351246002132194,14.864826202392578,1.7146025896072388
crying_processed\IesCkkvRiUg_seg28.wav,True,5.0,0.609771728515625,0.05906299129128456,3542.710610695202,0.0494173940565032,19.222028732299805,0.07538726925849915
crying_processed\IesCkkvRiUg_seg280.wav,True,5.0,0.62109375,0.043179210275411606,3384.4958372644833,0.06501220182569296,31.368824005126953,1.8437970876693726
crying_processed\IesCkkvRiUg_seg281.wav,True,5.0,0.628082275390625,0.04960208386182785,3506.076370038528,0.046772971082089554,31.829586029052734,0.3857153356075287
crying_processed\IesCkkvRiUg_seg282.wav,True,5.0,0.5987548828125,0.038618069142103195,3790.057811832051,0.06348697361407249,44.03495788574219,0.28376641869544983
crying_processed\IesCkkvRiUg_seg283.wav,True,5.0,0.6920166015625,0.07128353416919708,3773.386104488171,0.06310905017324094,17.02535629272461,1.7263801097869873
crying_processed\IesCkkvRiUg_seg284.wav,True,5.0,0.617706298828125,0.05895397812128067,3382.298439993658,0.05261881163379531,17.59687042236328,0.68942791223526
crying_processed\IesCkkvRiUg_seg285.wav,True,5.0,0.61968994140625,0.03605635091662407,3490.1820404394202,0.054955065631663115,45.241188049316406,0.08105983585119247
crying_processed\IesCkkvRiUg_seg286.wav,True,5.0,0.634246826171875,0.059342384338378906,3537.3516477643057,0.06298828125,22.309213638305664,0.5970421433448792
crying_processed\IesCkkvRiUg_seg287.wav,True,5.0,0.62255859375,0.0510542169213295,3741.686056104408,0.0647644173107676,29.597522735595703,0.18485164642333984
crying_processed\IesCkkvRiUg_seg288.wav,True,5.0,0.6768798828125,0.057904355227947235,3860.565555204511,0.04763501132729211,25.68657875061035,0.008430000394582748
crying_processed\IesCkkvRiUg_seg289.wav,True,5.0,0.6182861328125,0.060071323066949844,3376.438559136543,0.06267178338219616,19.13632583618164,2.9873886108398438
crying_processed\IesCkkvRiUg_seg29.wav,True,5.0,0.6171875,0.049137525260448456,3407.9263653090316,0.05709454957356077,32.72801971435547,0.5252611637115479
crying_processed\IesCkkvRiUg_seg290.wav,True,5.0,0.636474609375,0.051092807203531265,3391.4500380093305,0.0569290128598081,28.85035514831543,0.5757266283035278
crying_processed\IesCkkvRiUg_seg291.wav,True,5.0,0.619781494140625,0.05296127870678902,3775.1379320580663,0.06243961553837953,26.63395118713379,0.015121021308004856
crying_processed\IesCkkvRiUg_seg292.wav,True,5.0,0.647186279296875,0.06285890191793442,3706.726627179347,0.06268115338486141,22.527828216552734,1.268561601638794
crying_processed\IesCkkvRiUg_seg293.wav,True,5.0,0.61761474609375,0.056510038673877716,3569.703999489259,0.05114772121535181,19.42730712890625,0.5184066891670227
crying_processed\IesCkkvRiUg_seg294.wav,True,5.0,0.614898681640625,0.03648059070110321,3478.899502734039,0.05271771721748401,47.949241638183594,2.5407538414001465
crying_processed\IesCkkvRiUg_seg295.wav,True,5.0,0.64190673828125,0.05914672836661339,3410.730705753886,0.06735053804637527,22.289575576782227,2.551300525665283
crying_processed\IesCkkvRiUg_seg296.wav,True,5.0,0.624298095703125,0.05209144577383995,3729.089281701067,0.06626569996002132,28.534109115600586,0.32572048902511597
crying_processed\IesCkkvRiUg_seg297.wav,True,5.0,0.646331787109375,0.057244617491960526,3822.135297014712,0.047980660314498935,27.621017456054688,0.027419263496994972
crying_processed\IesCkkvRiUg_seg298.wav,True,5.0,0.6129150390625,0.060718413442373276,3380.332787106119,0.060613506130063964,17.765336990356445,2.7121808528900146
crying_processed\IesCkkvRiUg_seg299.wav,True,5.0,0.635101318359375,0.05034620314836502,3354.162828996276,0.05668539279051173,29.729183197021484,0.5230692625045776
crying_processed\IesCkkvRiUg_seg3.wav,True,5.0,0.598602294921875,0.03609149903059006,3539.2321868113836,0.054389742137526655,48.090538024902344,0.0024171823170036077
crying_processed\IesCkkvRiUg_seg30.wav,True,5.0,0.60162353515625,0.04557259380817413,3569.932883772414,0.0565333905250533,34.07152557373047,0.9540899395942688
crying_processed\IesCkkvRiUg_seg300.wav,True,5.0,0.586456298828125,0.0454552136361599,3769.26865166384,0.06232613439498934,28.36406135559082,0.18701066076755524
crying_processed\IesCkkvRiUg_seg301.wav,True,5.0,0.652435302734375,0.0687125027179718,3753.407967834657,0.06358067364072495,19.349090576171875,1.775313377380371
crying_processed\IesCkkvRiUg_seg302.wav,True,5.0,0.609771728515625,0.057004645466804504,3394.674377338315,0.052083680370469086,18.841323852539062,0.5570339560508728
crying_processed\IesCkkvRiUg_seg303.wav,True,5.0,0.61871337890625,0.03610546886920929,3639.677999451615,0.053608908582089554,47.68377685546875,0.12783196568489075
crying_processed\IesCkkvRiUg_seg304.wav,True,5.0,0.621337890625,0.04763362929224968,3564.491080781161,0.06107575959488273,36.546791076660156,3.090053081512451
crying_processed\IesCkkvRiUg_seg305.wav,True,5.0,0.627410888671875,0.061635397374629974,3584.3344701559536,0.06487165178571429,19.29662322998047,1.7066103219985962
crying_processed\IesCkkvRiUg_seg306.wav,True,5.0,0.64422607421875,0.05782485753297806,3715.14976820852,0.0579201509195096,26.873271942138672,0.1880141645669937
crying_processed\IesCkkvRiUg_seg307.wav,True,5.0,0.623870849609375,0.05942400544881821,3536.1366478928326,0.04957772521321962,18.80156707763672,0.14935405552387238
crying_processed\IesCkkvRiUg_seg308.wav,True,5.0,0.635101318359375,0.05021338164806366,3403.5553514601843,0.057130988472814496,30.450542449951172,0.45330050587654114
crying_processed\IesCkkvRiUg_seg309.wav,True,5.0,0.615234375,0.042126499116420746,3524.6782397027287,0.06124233742004265,35.827613830566406,0.7636314034461975
crying_processed\IesCkkvRiUg_seg31.wav,True,5.0,0.62274169921875,0.056508488953113556,3721.1387985015085,0.06647808668710022,21.910005569458008,1.0546423196792603
crying_processed\IesCkkvRiUg_seg310.wav,True,5.0,0.611602783203125,0.050453025847673416,3803.042410800008,0.05999300373134328,31.045528411865234,0.06447302550077438
crying_processed\IesCkkvRiUg_seg311.wav,True,5.0,0.6595458984375,0.06787222623825073,3628.020229253218,0.04869798607409382,17.348901748657227,0.26542121171951294
crying_processed\IesCkkvRiUg_seg312.wav,True,5.0,0.60394287109375,0.04899538308382034,3413.035346315887,0.06379097814498934,28.083919525146484,2.3693487644195557
crying_processed\IesCkkvRiUg_seg313.wav,True,5.0,0.62457275390625,0.04987867921590805,3532.460298201206,0.05096969116471215,30.689239501953125,0.6145675778388977
crying_processed\IesCkkvRiUg_seg314.wav,True,5.0,0.59521484375,0.03935525566339493,3804.105187363578,0.06362960587686567,41.24085998535156,0.4356059432029724
crying_processed\IesCkkvRiUg_seg315.wav,True,5.0,0.6510009765625,0.0657631903886795,3825.057478250907,0.059595299173773986,20.019731521606445,1.6285480260849
crying_processed\IesCkkvRiUg_seg316.wav,True,5.0,0.6114501953125,0.06441577523946762,3303.926517742782,0.05296446062100213,16.18131446838379,1.25096595287323
crying_processed\IesCkkvRiUg_seg317.wav,True,5.0,0.611328125,0.037478916347026825,3491.438731619773,0.058349088819296374,42.99143981933594,0.346549928188324
crying_processed\IesCkkvRiUg_seg318.wav,True,5.0,0.63720703125,0.04763227328658104,3694.8438952610936,0.06154425972814499,37.00591278076172,0.037840813398361206
crying_processed\IesCkkvRiUg_seg319.wav,True,5.0,0.62493896484375,0.061498917639255524,3627.7612084650555,0.06460929171108742,18.820640563964844,1.71775484085083
crying_processed\IesCkkvRiUg_seg32.wav,True,5.0,0.644744873046875,0.056844767183065414,3811.1280869127218,0.05068130330490405,28.48396873474121,0.03077210672199726
crying_processed\IesCkkvRiUg_seg320.wav,True,5.0,0.683197021484375,0.057907432317733765,3777.930059454075,0.05851046108742004,27.301010131835938,0.1705898642539978
crying_processed\IesCkkvRiUg_seg321.wav,True,5.0,0.6192626953125,0.06038956716656685,3519.2656533446707,0.04929870735607676,17.942380905151367,0.17417529225349426
crying_processed\IesCkkvRiUg_seg322.wav,True,5.0,0.623992919921875,0.05116790905594826,3381.070299583339,0.05661876166044776,29.480876922607422,0.20962372422218323
crying_processed\IesCkkvRiUg_seg323.wav,True,5.0,0.59173583984375,0.04404990002512932,3529.7073419004387,0.05774836753731343,37.31367874145508,0.2002950757741928
crying_processed\IesCkkvRiUg_seg324.wav,True,5.0,0.626068115234375,0.054745644330978394,3769.6166031584194,0.0673088935900853,24.216365814208984,0.8033605217933655
crying_processed\IesCkkvRiUg_seg325.wav,True,5.0,0.662933349609375,0.05687336623668671,3872.179878181512,0.048704232742537316,28.70663070678711,0.031359780579805374
crying_processed\IesCkkvRiUg_seg326.wav,True,5.0,0.609893798828125,0.06109996140003204,3390.499367070656,0.05801593316897655,17.276805877685547,2.044177532196045
crying_processed\IesCkkvRiUg_seg327.wav,True,5.0,0.65582275390625,0.05075075849890709,3313.4445202421166,0.0584969266391258,29.853824615478516,0.3619949519634247
crying_processed\IesCkkvRiUg_seg328.wav,True,5.0,0.618316650390625,0.04411385580897331,3579.4803938010446,0.0570216717750533,36.76972198486328,0.08676400780677795
crying_processed\IesCkkvRiUg_seg329.wav,True,5.0,0.62786865234375,0.056592199951410294,3650.2117495865477,0.06735990804904052,22.518129348754883,1.0417966842651367
crying_processed\IesCkkvRiUg_seg33.wav,True,5.0,0.634918212890625,0.060939665883779526,3425.1637319869237,0.056673940565031986,17.603574752807617,1.9212491512298584
crying_processed\IesCkkvRiUg_seg330.wav,True,5.0,0.665374755859375,0.05713241174817085,3812.33457804732,0.04972139858742004,28.831485748291016,0.03196350485086441
crying_processed\IesCkkvRiUg_seg331.wav,True,5.0,0.626678466796875,0.060891032218933105,3481.7022281185145,0.056684351679104475,17.669281005859375,1.9176467657089233
crying_processed\IesCkkvRiUg_seg332.wav,True,5.0,0.636474609375,0.05119882524013519,3344.49699951365,0.05836782882462686,29.719661712646484,0.41024208068847656
crying_processed\IesCkkvRiUg_seg333.wav,True,5.0,0.60595703125,0.03957091644406319,3606.11925307105,0.06166190531716418,39.872257232666016,0.1042027547955513
crying_processed\IesCkkvRiUg_seg334.wav,True,5.0,0.635711669921875,0.050305742770433426,3953.8492877434073,0.0553694279717484,31.331497192382812,0.012127527967095375
crying_processed\IesCkkvRiUg_seg335.wav,True,5.0,0.678009033203125,0.07278602570295334,3587.4363711061324,0.05256987939765458,15.026111602783203,1.7186764478683472
crying_processed\IesCkkvRiUg_seg336.wav,True,5.0,0.618011474609375,0.04372036084532738,3446.1121457370914,0.0650423940565032,29.66844940185547,1.943204402923584
crying_processed\IesCkkvRiUg_seg337.wav,True,5.0,0.615234375,0.04865540564060211,3478.594225314905,0.04615559201759062,33.776702880859375,0.2742103636264801
crying_processed\IesCkkvRiUg_seg338.wav,True,5.0,0.600616455078125,0.0392778255045414,3847.4863849917333,0.06409706489872068,42.357696533203125,0.24807871878147125
crying_processed\IesCkkvRiUg_seg339.wav,True,5.0,0.67071533203125,0.0725647434592247,3757.34788542891,0.06390445928837953,16.00459861755371,1.9334131479263306
crying_processed\IesCkkvRiUg_seg34.wav,True,5.0,0.631256103515625,0.050993967801332474,3335.0046917432924,0.057115371801705755,29.12427520751953,0.30127230286598206
crying_processed\IesCkkvRiUg_seg340.wav,True,5.0,0.601593017578125,0.05702727660536766,3334.2884139057114,0.05345065964818763,18.949607849121094,0.5398060083389282
crying_processed\IesCkkvRiUg_seg341.wav,True,5.0,0.63287353515625,0.035865310579538345,3668.975855247996,0.052340834888059705,48.193092346191406,0.10903052985668182
crying_processed\IesCkkvRiUg_seg342.wav,True,5.0,0.626434326171875,0.04784461110830307,3624.03955997005,0.06293414345682302,36.49516677856445,1.956183910369873
crying_processed\IesCkkvRiUg_seg343.wav,True,5.0,0.617828369140625,0.061875052750110626,3604.8849825102952,0.06414912046908315,18.96181869506836,1.7093428373336792
crying_processed\IesCkkvRiUg_seg344.wav,True,5.0,0.66314697265625,0.05752488970756531,3735.5558548800136,0.05699252065565032,27.475032806396484,0.12206703424453735
crying_processed\IesCkkvRiUg_seg345.wav,True,5.0,0.61572265625,0.06076419726014137,3449.278822322821,0.04984424973347548,17.605283737182617,0.21705475449562073
crying_processed\IesCkkvRiUg_seg346.wav,True,5.0,0.634796142578125,0.05050330609083176,3412.325862269681,0.05639804604211088,29.591087341308594,0.10866676270961761
crying_processed\IesCkkvRiUg_seg347.wav,True,5.0,0.598968505859375,0.038982000201940536,3582.8193395760622,0.06350363139658849,41.23392105102539,0.21728937327861786
crying_processed\IesCkkvRiUg_seg348.wav,True,5.0,0.6253662109375,0.05032702162861824,3846.7586910836976,0.05827100546375266,30.956104278564453,0.03291487321257591
crying_processed\IesCkkvRiUg_seg349.wav,True,5.0,0.672821044921875,0.06846227496862411,3715.3277645793432,0.0520524470282516,17.141334533691406,1.7317373752593994
crying_processed\IesCkkvRiUg_seg35.wav,True,5.0,0.597991943359375,0.04743737354874611,3430.7984099387463,0.0547843233608742,31.29181671142578,0.07341952621936798
crying_processed\IesCkkvRiUg_seg350.wav,True,5.0,0.61627197265625,0.049469925463199615,3367.302805240988,0.06385136260660981,26.609878540039062,2.5791213512420654
crying_processed\IesCkkvRiUg_seg351.wav,True,5.0,0.634307861328125,0.04954381659626961,3535.4894790674307,0.047661039112473345,34.26030731201172,0.4108506441116333
crying_processed\IesCkkvRiUg_seg352.wav,True,5.0,0.62359619140625,0.03959527611732483,3813.553250569375,0.06471964952025587,42.02061080932617,0.4607961177825928
crying_processed\IesCkkvRiUg_seg353.wav,True,5.0,0.683563232421875,0.06590114533901215,3825.7576534049626,0.06150886194029851,20.024036407470703,1.8880984783172607
crying_processed\IesCkkvRiUg_seg354.wav,True,5.0,0.615814208984375,0.06518616527318954,3289.5483979661053,0.05164329024520256,15.635074615478516,1.2426363229751587
crying_processed\IesCkkvRiUg_seg355.wav,True,5.0,0.62823486328125,0.03631104901432991,3513.9906143435,0.05873221781716418,46.784305572509766,0.07775528728961945
crying_processed\IesCkkvRiUg_seg356.wav,True,5.0,0.628875732421875,0.04876517876982689,3525.2384592112985,0.05130388792643923,34.484893798828125,0.06698654592037201
crying_processed\IesCkkvRiUg_seg357.wav,True,5.0,0.617431640625,0.05511563643813133,3751.222142796037,0.06223451659115139,25.611295700073242,0.014104978181421757
crying_processed\IesCkkvRiUg_seg358.wav,True,5.0,0.674530029296875,0.061398252844810486,3706.945460236883,0.06226470882196162,23.67595672607422,1.0025634765625
crying_processed\IesCkkvRiUg_seg359.wav,True,5.0,0.605712890625,0.05671696737408638,3535.729460920456,0.05091138892590618,19.547399520874023,0.5890442728996277
crying_processed\IesCkkvRiUg_seg36.wav,True,5.0,0.62347412109375,0.05178902670741081,3705.8546682486112,0.06684872234808102,28.009828567504883,0.31614309549331665
crying_processed\IesCkkvRiUg_seg37.wav,True,5.0,0.68280029296875,0.05741119384765625,3966.711740929233,0.04901656616471215,27.830900192260742,0.0235571451485157
crying_processed\IesCkkvRiUg_seg38.wav,True,5.0,0.611968994140625,0.060614489018917084,3376.900729309989,0.05994615371801706,17.87664794921875,2.765749454498291
crying_processed\IesCkkvRiUg_seg39.wav,True,5.0,0.629547119140625,0.05081748217344284,3326.2144216408856,0.056300181569829424,30.181529998779297,0.49667954444885254
crying_processed\IesCkkvRiUg_seg4.wav,True,5.0,0.65106201171875,0.05812324583530426,3281.6002097564833,0.05422628764658849,23.094127655029297,1.1114948987960815
crying_processed\IesCkkvRiUg_seg40.wav,True,5.0,0.593963623046875,0.03870505467057228,3705.559717832166,0.06157965751599147,43.53354263305664,0.05405006557703018
crying_processed\IesCkkvRiUg_seg41.wav,True,5.0,0.625518798828125,0.05260159447789192,3933.875140166986,0.055493320229211086,26.881290435791016,1.0609914064407349
crying_processed\IesCkkvRiUg_seg42.wav,True,5.0,0.61993408203125,0.07427746802568436,3437.8379825409033,0.052690648320895525,13.937318801879883,2.293134927749634
crying_processed\IesCkkvRiUg_seg43.wav,True,5.0,0.609619140625,0.03959699720144272,3383.430149025345,0.06381180037313433,37.75861358642578,0.8480991721153259
crying_processed\IesCkkvRiUg_seg44.wav,True,5.0,0.624603271484375,0.0476427786052227,3814.273866627228,0.058699943363539446,37.00515365600586,0.011868714354932308
crying_processed\IesCkkvRiUg_seg45.wav,True,5.0,0.632965087890625,0.061737753450870514,3699.776093439757,0.0669996835021322,19.03138542175293,1.754539132118225
crying_processed\IesCkkvRiUg_seg46.wav,True,5.0,0.62615966796875,0.057350583374500275,3789.165517480886,0.052455357142857144,27.50726890563965,0.12324527651071548
crying_processed\IesCkkvRiUg_seg47.wav,True,5.0,0.627593994140625,0.06072791665792465,3442.31297775978,0.05611069929371002,17.647003173828125,0.543009340763092
crying_processed\IesCkkvRiUg_seg48.wav,True,5.0,0.63800048828125,0.050793230533599854,3323.8233691912437,0.0552830157249467,29.841793060302734,0.19429926574230194
crying_processed\IesCkkvRiUg_seg49.wav,True,5.0,0.585479736328125,0.04031214490532875,3489.2212008500724,0.055558910247867806,38.038818359375,0.18719026446342468
crying_processed\IesCkkvRiUg_seg5.wav,True,5.0,0.590972900390625,0.04258346185088158,3697.6959560244045,0.07433223114339019,36.510684967041016,0.9789766669273376
crying_processed\IesCkkvRiUg_seg50.wav,True,5.0,0.634857177734375,0.0505143366754055,3709.61257112317,0.06451350946162047,30.951656341552734,0.06746681779623032
crying_processed\IesCkkvRiUg_seg51.wav,True,5.0,0.654937744140625,0.05966411158442497,3754.30574896051,0.04829715818230277,23.717958450317383,0.02136286534368992
crying_processed\IesCkkvRiUg_seg52.wav,True,5.0,0.608428955078125,0.058632902801036835,3475.7045440189686,0.06297891124733475,20.200963973999023,3.0377249717712402
crying_processed\IesCkkvRiUg_seg53.wav,True,5.0,0.61468505859375,0.05022144317626953,3391.683117010089,0.05366096415245203,30.29629898071289,0.513292133808136
crying_processed\IesCkkvRiUg_seg54.wav,True,5.0,0.58575439453125,0.05009615421295166,3456.615588989773,0.05983475479744137,26.623634338378906,0.29215100407600403
crying_processed\IesCkkvRiUg_seg55.wav,True,5.0,0.637939453125,0.05072418227791786,3781.581850428831,0.062397971082089554,31.378334045410156,0.06442445516586304
crying_processed\IesCkkvRiUg_seg56.wav,True,5.0,0.670379638671875,0.06238348409533501,3697.3650028504944,0.048330473747334755,20.202444076538086,0.14184585213661194
crying_processed\IesCkkvRiUg_seg57.wav,True,5.0,0.616424560546875,0.05585027113556862,3457.307461285229,0.06392840485074627,24.140207290649414,2.9355998039245605
crying_processed\IesCkkvRiUg_seg58.wav,True,5.0,0.61590576171875,0.05014064535498619,3436.066653812562,0.05156937133528785,30.35958480834961,0.636372447013855
crying_processed\IesCkkvRiUg_seg59.wav,True,5.0,0.617340087890625,0.05028163641691208,3477.677999201333,0.06207418543443497,27.005084991455078,0.5674285292625427
crying_processed\IesCkkvRiUg_seg6.wav,True,5.0,0.6278076171875,0.05151842534542084,3712.653996314654,0.0658086520522388,28.95755386352539,0.24696257710456848
crying_processed\IesCkkvRiUg_seg60.wav,True,5.0,0.625091552734375,0.05044619366526604,3813.576941837385,0.05940581689765458,30.789039611816406,0.050570301711559296
crying_processed\IesCkkvRiUg_seg61.wav,True,5.0,0.678466796875,0.06826894730329514,3755.390698436185,0.05146421908315565,17.546537399291992,0.5893927216529846
crying_processed\IesCkkvRiUg_seg62.wav,True,5.0,0.61376953125,0.049806490540504456,3451.2280892309514,0.0630830223880597,25.941490173339844,2.5781798362731934
crying_processed\IesCkkvRiUg_seg63.wav,True,5.0,0.6259765625,0.04914141073822975,3463.9354516532267,0.054927996735074626,33.38335037231445,0.4199995994567871
crying_processed\IesCkkvRiUg_seg64.wav,True,5.0,0.63507080078125,0.05187087133526802,3792.597342264741,0.06226679104477612,28.879955291748047,0.14262200891971588
crying_processed\IesCkkvRiUg_seg65.wav,True,5.0,0.692413330078125,0.06441038101911545,3741.828738813361,0.06333705357142858,20.784912109375,1.2625913619995117
crying_processed\IesCkkvRiUg_seg66.wav,True,5.0,0.60968017578125,0.056534577161073685,3395.137874601379,0.051721373600746266,19.287372589111328,0.5086766481399536
crying_processed\IesCkkvRiUg_seg67.wav,True,5.0,0.61456298828125,0.03642949461936951,3655.5394334738903,0.05357351079424307,48.58274459838867,0.268716424703598
crying_processed\IesCkkvRiUg_seg68.wav,True,5.0,0.6331787109375,0.04789551720023155,3641.116165432804,0.061264200759594885,36.90164566040039,3.134265899658203
crying_processed\IesCkkvRiUg_seg69.wav,True,5.0,0.63134765625,0.061978939920663834,3611.0307256315173,0.06353174140458422,18.96755599975586,1.6770987510681152
crying_processed\IesCkkvRiUg_seg7.wav,True,5.0,0.63262939453125,0.057354092597961426,3981.236265110004,0.047742245802238806,27.509084701538086,0.012025394476950169
crying_processed\IesCkkvRiUg_seg70.wav,True,5.0,0.64385986328125,0.057269200682640076,3756.8233091806205,0.05783686200692964,27.745763778686523,0.12317465245723724
crying_processed\IesCkkvRiUg_seg71.wav,True,5.0,0.62451171875,0.06090852618217468,3469.1122397234844,0.05023258428837953,17.75010108947754,0.22313371300697327
crying_processed\IesCkkvRiUg_seg72.wav,True,5.0,0.625640869140625,0.05066446587443352,3412.168311369695,0.056353278251599144,29.880767822265625,0.10764326900243759
crying_processed\IesCkkvRiUg_seg73.wav,True,5.0,0.592803955078125,0.039402905851602554,3504.481437748998,0.0583980210554371,40.55874252319336,0.21409982442855835
crying_processed\IesCkkvRiUg_seg74.wav,True,5.0,0.62420654296875,0.05102642625570297,3743.3278601403404,0.06547237306769722,29.94853973388672,0.14073675870895386
crying_processed\IesCkkvRiUg_seg75.wav,True,5.0,0.675750732421875,0.05947547033429146,3880.434257721226,0.04807852478678038,24.51462173461914,0.016157155856490135
crying_processed\IesCkkvRiUg_seg76.wav,True,5.0,0.620452880859375,0.058833424001932144,3399.1108691080435,0.06310696795042645,20.093931198120117,2.959336042404175
crying_processed\IesCkkvRiUg_seg77.wav,True,5.0,0.630401611328125,0.05062690004706383,3367.8971509505377,0.0534142207489339,30.39422607421875,0.5624660849571228
crying_processed\IesCkkvRiUg_seg78.wav,True,5.0,0.6075439453125,0.03988022729754448,3528.446585774737,0.0631798457489339,39.43129348754883,0.32686522603034973
crying_processed\IesCkkvRiUg_seg79.wav,True,5.0,0.618408203125,0.05032894387841225,4106.4293652011265,0.054419934368336885,31.143630981445312,0.04241757094860077
crying_processed\IesCkkvRiUg_seg8.wav,True,5.0,0.616607666015625,0.060621850192546844,3340.461146408128,0.06028243270255863,18.07265853881836,2.758955955505371
crying_processed\IesCkkvRiUg_seg80.wav,True,5.0,0.66021728515625,0.0744188204407692,3308.3088291629633,0.05103840451759062,13.762928009033203,2.422760486602783
crying_processed\IesCkkvRiUg_seg81.wav,True,5.0,0.6199951171875,0.041647832840681076,3379.4777189964334,0.06464260727611941,34.2904167175293,1.4399540424346924
crying_processed\IesCkkvRiUg_seg82.wav,True,5.0,0.639892578125,0.04894816130399704,3583.4719650112797,0.04607126199360341,34.084651947021484,0.1266089528799057
crying_processed\IesCkkvRiUg_seg83.wav,True,5.0,0.618988037109375,0.03908582776784897,3918.4318689847623,0.0634786447228145,42.65564727783203,0.3788922429084778
crying_processed\IesCkkvRiUg_seg84.wav,True,5.0,0.65850830078125,0.07105174660682678,3747.696186303216,0.06281858009061833,16.975387573242188,2.0610008239746094
crying_processed\IesCkkvRiUg_seg85.wav,True,5.0,0.6102294921875,0.05903635174036026,3309.895316713206,0.0521492703891258,17.589153289794922,0.6816286444664001
crying_processed\IesCkkvRiUg_seg86.wav,True,5.0,0.619720458984375,0.03620358556509018,3617.6401639727665,0.05534131796375266,46.791290283203125,0.07722407579421997
crying_processed\IesCkkvRiUg_seg87.wav,True,5.0,0.627044677734375,0.04787759855389595,3683.372553928919,0.06117154184434968,36.702354431152344,1.6025930643081665
crying_processed\IesCkkvRiUg_seg88.wav,True,5.0,0.633941650390625,0.061794381588697433,3598.050558880489,0.06420221715085288,19.551952362060547,1.6053009033203125
crying_processed\IesCkkvRiUg_seg89.wav,True,5.0,0.655975341796875,0.05773609131574631,3699.007386765003,0.05735170409115139,26.81093406677246,0.16872698068618774
crying_processed\IesCkkvRiUg_seg9.wav,True,5.0,0.634796142578125,0.05073615536093712,3303.3877587104967,0.05622834488272921,29.459552764892578,0.4924743175506592
crying_processed\IesCkkvRiUg_seg90.wav,True,5.0,0.61419677734375,0.0591505765914917,3648.912816424996,0.04949547741204691,19.48033905029297,0.07417842745780945
crying_processed\IesCkkvRiUg_seg91.wav,True,5.0,0.62548828125,0.049227550625801086,3398.1939469745744,0.057960754264392324,32.525634765625,0.5299862027168274
crying_processed\IesCkkvRiUg_seg92.wav,True,5.0,0.616058349609375,0.04239178076386452,3478.245588919243,0.05782853311567164,34.356788635253906,1.0966588258743286
crying_processed\IesCkkvRiUg_seg93.wav,True,5.0,0.6275634765625,0.051561009138822556,3772.0704186407756,0.0662209321695096,27.910429000854492,0.33131876587867737
crying_processed\IesCkkvRiUg_seg94.wav,True,5.0,0.66986083984375,0.0572364367544651,3999.7858655393134,0.04908111507196162,27.62183952331543,0.026922445744276047
crying_processed\IesCkkvRiUg_seg95.wav,True,5.0,0.61395263671875,0.060898251831531525,3400.591704690544,0.05970878031716418,18.01399040222168,2.725978136062622
crying_processed\IesCkkvRiUg_seg96.wav,True,5.0,0.637451171875,0.0506235808134079,3307.159546486417,0.0575141174706823,29.350616455078125,0.517198920249939
crying_processed\IesCkkvRiUg_seg97.wav,True,5.0,0.6171875,0.039747562259435654,3635.74504893332,0.06344637026918977,40.74880599975586,0.24308417737483978
crying_processed\IesCkkvRiUg_seg98.wav,True,5.0,0.624420166015625,0.05032012611627579,4074.7875907514112,0.052836403917910446,31.84435272216797,0.012318387627601624
crying_processed\IesCkkvRiUg_seg99.wav,True,5.0,0.638275146484375,0.07415106147527695,3435.1735919684374,0.05146213686034115,13.621110916137695,2.2924458980560303
crying_processed\KYmkU1isYuc_seg1.wav,True,5.0,0.617706298828125,0.07743237912654877,2693.6558810197434,0.04889059168443497,8.884513854980469,0.04850037768483162
crying_processed\KYmkU1isYuc_seg2.wav,True,5.0,0.460296630859375,0.10554327070713043,2124.0908422372977,0.04143102845149254,2.2968997955322266,1.2646219730377197
crying_processed\n-R3LzEtumg_seg0.wav,True,5.0,0.899200439453125,0.08265697211027145,4266.769161922772,0.1117258295575693,13.107728958129883,0.019302330911159515
crying_processed\n-R3LzEtumg_seg1.wav,True,5.0,0.7135009765625,0.08286499977111816,4804.076376991799,0.12378606409914712,8.447264671325684,0.00466060871258378
crying_processed\n-R3LzEtumg_seg2.wav,True,5.0,0.7841796875,0.09646966308355331,4416.14008268581,0.12331756396588486,10.736946105957031,3.1234278678894043
crying_processed\n-R3LzEtumg_seg3.wav,True,5.0,0.99224853515625,0.09695025533437729,4666.937845015755,0.11986523853944563,9.486815452575684,2.1876347064971924
crying_processed\nQ8-MWYHi6s_seg0.wav,True,5.0,0.86407470703125,0.10855069011449814,3376.7391502625337,0.08152318763326226,9.539676666259766,0.17200812697410583
crying_processed\nQ8-MWYHi6s_seg1.wav,True,5.0,0.8541259765625,0.14142762124538422,3528.0140732598147,0.09134399153784648,4.206947326660156,2.5334632396698
crying_processed\nQ8-MWYHi6s_seg2.wav,True,5.0,0.925140380859375,0.13160645961761475,3166.4054628279077,0.07782307769189765,6.339529037475586,2.4000818729400635
crying_processed\nQ8-MWYHi6s_seg3.wav,True,5.0,0.85845947265625,0.15149910748004913,3273.078196873326,0.08113172974413646,2.0479750633239746,1.3758686780929565
crying_processed\nQ8-MWYHi6s_seg4.wav,True,5.0,0.505645751953125,0.08824827522039413,3482.6933839496196,0.08283498800639659,4.158332347869873,3.0890209674835205
crying_processed\OEez5NjTluk_seg0.wav,True,5.0,1.0,0.15846092998981476,1701.0828045569667,0.042339918710021324,2.823437213897705,0.44225287437438965
crying_processed\OEez5NjTluk_seg1.wav,True,5.0,0.999969482421875,0.23655197024345398,1800.8710054816265,0.04718525119936034,0.38424110412597656,1.0662733316421509
crying_processed\ONb28aPRmBI_seg1.wav,True,5.0,1.0,0.11025948077440262,2747.0301526183725,0.03713227945095949,32.01286697387695,8.907787560019642e-05
crying_processed\ONb28aPRmBI_seg2.wav,True,5.0,0.4217529296875,0.04258107766509056,3277.6054608548156,0.04108017390724947,18.50345802307129,0.0007598545635119081
crying_processed\ONb28aPRmBI_seg3.wav,True,5.0,0.589599609375,0.04273568466305733,2819.762167451346,0.03635561034115139,31.606704711914062,1.1628578901290894
crying_processed\ONb28aPRmBI_seg5.wav,True,5.0,1.0,0.10916894674301147,3100.5649584187945,0.051432985740938165,21.111587524414062,4.360105514526367
crying_processed\ONb28aPRmBI_seg7.wav,True,5.0,0.61859130859375,0.06018735095858574,3191.3030749233876,0.04089797941098081,10.602721214294434,0.6032140851020813
crying_processed\ONb28aPRmBI_seg8.wav,True,5.0,0.724212646484375,0.06598012149333954,2735.4408937665694,0.035152085554371,20.836565017700195,0.0028884788043797016
crying_processed\Rwj1_eWltJQ_seg10.wav,True,5.0,0.245941162109375,0.033247221261262894,3643.9047077225373,0.08475167410714286,3.836602210998535,1.286173701286316
crying_processed\Rwj1_eWltJQ_seg100.wav,True,5.0,0.331634521484375,0.04941633343696594,3442.618872991699,0.09284631529850747,6.571681976318359,3.450319290161133
crying_processed\Rwj1_eWltJQ_seg102.wav,True,5.0,0.507171630859375,0.04739289730787277,3232.845275871703,0.08518061200692964,15.997989654541016,0.0005975841195322573
crying_processed\Rwj1_eWltJQ_seg103.wav,True,5.0,0.56396484375,0.06727772206068039,3332.3898608469253,0.0750922424706823,4.735149383544922,0.7556443214416504
crying_processed\Rwj1_eWltJQ_seg104.wav,True,5.0,0.491912841796875,0.08301393687725067,3343.0456398590272,0.08484016857675906,2.6890759468078613,0.40040192008018494
crying_processed\Rwj1_eWltJQ_seg105.wav,True,5.0,0.196136474609375,0.03211164101958275,3469.4871781411193,0.0748080190565032,3.1334452629089355,0.4521294832229614
crying_processed\Rwj1_eWltJQ_seg106.wav,True,5.0,0.44390869140625,0.05559908226132393,3665.927777927191,0.0872191081423241,8.462934494018555,0.35318756103515625
crying_processed\Rwj1_eWltJQ_seg107.wav,True,5.0,0.383575439453125,0.05122731998562813,3229.415821274256,0.07506517357409381,6.33933162689209,0.06665544211864471
crying_processed\Rwj1_eWltJQ_seg108.wav,True,5.0,0.442169189453125,0.06158752739429474,3197.7449642731867,0.07260502731876332,5.750984191894531,1.056952714920044
crying_processed\Rwj1_eWltJQ_seg109.wav,True,5.0,0.47967529296875,0.04544484615325928,3206.427740696372,0.06482271954957355,23.598342895507812,0.3984091877937317
crying_processed\Rwj1_eWltJQ_seg11.wav,True,5.0,0.454986572265625,0.054855067282915115,3533.309236815255,0.08625712120202558,9.159523963928223,0.41448211669921875
crying_processed\Rwj1_eWltJQ_seg110.wav,True,5.0,0.543182373046875,0.038489487022161484,1138.997198460502,0.02472431369936034,25.614824295043945,4.993254661560059
crying_processed\Rwj1_eWltJQ_seg111.wav,True,5.0,0.57598876953125,0.053381193429231644,2904.5319747661674,0.05960883362206823,13.027463912963867,0.47600215673446655
crying_processed\Rwj1_eWltJQ_seg113.wav,True,5.0,0.345947265625,0.05842365697026253,3237.9746152723924,0.07250924506929637,5.275409698486328,0.7363825440406799
crying_processed\Rwj1_eWltJQ_seg115.wav,True,5.0,0.427032470703125,0.03192342817783356,3485.8782299440354,0.09128568929904052,24.027048110961914,1.3405436277389526
crying_processed\Rwj1_eWltJQ_seg116.wav,True,5.0,0.470611572265625,0.06407788395881653,3045.326906463716,0.07661226512526652,7.025655746459961,1.0149474143981934
crying_processed\Rwj1_eWltJQ_seg117.wav,True,5.0,0.54547119140625,0.07059396803379059,3485.4940241471354,0.07894435467750532,4.414251327514648,0.33185288310050964
crying_processed\Rwj1_eWltJQ_seg118.wav,True,5.0,0.5213623046875,0.06744202226400375,3262.90930183262,0.0783332222814499,4.403054714202881,1.931994080543518
crying_processed\Rwj1_eWltJQ_seg119.wav,True,5.0,0.249267578125,0.033421266824007034,3661.4150973630994,0.08411763726012793,3.41690731048584,1.4037787914276123
crying_processed\Rwj1_eWltJQ_seg12.wav,True,5.0,0.390106201171875,0.05657115578651428,3210.582912463326,0.07102149686833689,3.959385871887207,0.8442980051040649
crying_processed\Rwj1_eWltJQ_seg120.wav,True,5.0,0.44366455078125,0.05492878332734108,3434.1976668920524,0.08465068630063965,9.299867630004883,0.5871562361717224
crying_processed\Rwj1_eWltJQ_seg121.wav,True,5.0,0.411651611328125,0.05581941083073616,3247.5538207467534,0.07192518156982942,4.322815418243408,0.7265539169311523
crying_processed\Rwj1_eWltJQ_seg122.wav,True,5.0,0.4285888671875,0.055202919989824295,3146.837772553539,0.06773470815565032,9.412833213806152,0.0847087875008583
crying_processed\Rwj1_eWltJQ_seg123.wav,True,5.0,0.519012451171875,0.0580899640917778,3103.585212650976,0.06848639059168443,12.809109687805176,0.11154219508171082
crying_processed\Rwj1_eWltJQ_seg124.wav,True,5.0,0.57525634765625,0.0355871357023716,855.0572004666562,0.022745160914179104,50.03940200805664,0.0
crying_processed\Rwj1_eWltJQ_seg125.wav,True,5.0,0.366729736328125,0.04411003366112709,3303.1535675146383,0.06052397054904051,10.588766098022461,0.5219228863716125
crying_processed\Rwj1_eWltJQ_seg126.wav,True,5.0,0.342529296875,0.039446841925382614,3441.768240695612,0.06028555603678038,16.813161849975586,4.9643720558378845e-05
crying_processed\Rwj1_eWltJQ_seg127.wav,True,5.0,0.340118408203125,0.048671405762434006,3351.361360707049,0.08777402052238806,6.794157981872559,0.08768650144338608
crying_processed\Rwj1_eWltJQ_seg129.wav,True,5.0,0.47027587890625,0.045974552631378174,3362.82410328714,0.08874850079957355,17.757766723632812,0.10741361975669861
crying_processed\Rwj1_eWltJQ_seg13.wav,True,5.0,0.437957763671875,0.05511799827218056,3192.8810533577266,0.06739842917110875,9.456466674804688,0.06301473826169968
crying_processed\Rwj1_eWltJQ_seg130.wav,True,5.0,0.437164306640625,0.053665950894355774,3166.2793203677306,0.0688622318097015,9.025447845458984,0.2921307384967804
crying_processed\Rwj1_eWltJQ_seg131.wav,True,5.0,0.562835693359375,0.08672265708446503,3465.898236459157,0.08736486373933902,2.2236785888671875,1.0719014406204224
crying_processed\Rwj1_eWltJQ_seg132.wav,True,5.0,0.43438720703125,0.044306278228759766,3396.7187493725337,0.07516824360341151,7.0432844161987305,2.894742727279663
crying_processed\Rwj1_eWltJQ_seg133.wav,True,5.0,0.442413330078125,0.05515740066766739,3642.8542539678824,0.08865063632729211,8.247259140014648,0.3785494863986969
crying_processed\Rwj1_eWltJQ_seg134.wav,True,5.0,0.335601806640625,0.03653739020228386,3155.7607652204456,0.06844266391257996,6.994135856628418,1.1710578203201294
crying_processed\Rwj1_eWltJQ_seg135.wav,True,5.0,0.419891357421875,0.06298266351222992,3304.3058405912448,0.07805420442430704,4.7435526847839355,1.8272576332092285
crying_processed\Rwj1_eWltJQ_seg136.wav,True,5.0,0.42755126953125,0.041950467973947525,3201.1333786198115,0.06687787346748401,15.417402267456055,3.4843733310699463
crying_processed\Rwj1_eWltJQ_seg137.wav,True,5.0,0.50653076171875,0.056337106972932816,1964.3844081703126,0.04374125466417911,14.355831146240234,1.159621238708496
crying_processed\Rwj1_eWltJQ_seg138.wav,True,5.0,0.606536865234375,0.040216777473688126,2100.60947631073,0.04254085321162047,32.91307830810547,0.0
crying_processed\Rwj1_eWltJQ_seg139.wav,True,5.0,0.3509521484375,0.04026750475168228,3435.548253130543,0.05896334454957356,14.340909957885742,3.823845386505127
crying_processed\Rwj1_eWltJQ_seg14.wav,True,5.0,0.55316162109375,0.05811828002333641,3246.1604948122053,0.07096840018656717,12.22372055053711,0.10905083268880844
crying_processed\Rwj1_eWltJQ_seg140.wav,True,5.0,0.331024169921875,0.054247546941041946,3235.576565273009,0.06767640591684435,7.169677734375,0.03999821096658707
crying_processed\Rwj1_eWltJQ_seg141.wav,True,5.0,0.290313720703125,0.03312171623110771,3515.8439232377714,0.09538662713219616,9.527043342590332,2.2552988529205322
crying_processed\Rwj1_eWltJQ_seg143.wav,True,5.0,0.479248046875,0.04787425324320793,3149.1987760223624,0.08159918876599147,15.509416580200195,0.056172117590904236
crying_processed\Rwj1_eWltJQ_seg144.wav,True,5.0,0.5489501953125,0.07066212594509125,3379.2169940938425,0.07934622368070363,3.757567882537842,2.2290802001953125
crying_processed\Rwj1_eWltJQ_seg145.wav,True,5.0,0.50177001953125,0.0802692100405693,3340.0120624930487,0.0833003648054371,3.1946377754211426,1.7859512567520142
crying_processed\Rwj1_eWltJQ_seg147.wav,True,5.0,0.447509765625,0.05538392812013626,3634.530723304854,0.09069537913113006,8.654674530029297,0.764227032661438
crying_processed\Rwj1_eWltJQ_seg148.wav,True,5.0,0.41339111328125,0.056018978357315063,3227.7672446338424,0.07210112939765459,4.11100959777832,0.6458424925804138
crying_processed\Rwj1_eWltJQ_seg149.wav,True,5.0,0.42767333984375,0.058464501053094864,3219.579209055992,0.06957226978944563,7.200503349304199,0.607596218585968
crying_processed\Rwj1_eWltJQ_seg150.wav,True,5.0,0.557220458984375,0.05811735615134239,3252.649247278999,0.07154621701759062,12.715903282165527,0.0013147402787581086
crying_processed\Rwj1_eWltJQ_seg152.wav,True,5.0,0.589813232421875,0.05620947107672691,3272.7244690637485,0.06852282949093817,10.84608268737793,1.9915820360183716
crying_processed\Rwj1_eWltJQ_seg154.wav,True,5.0,0.347625732421875,0.05892337113618851,3276.839476039635,0.08362415045309168,5.098404884338379,2.086857557296753
crying_processed\Rwj1_eWltJQ_seg156.wav,True,5.0,0.47265625,0.03929630666971207,3429.9857618842466,0.09038304570895522,20.90721321105957,0.7485948801040649
crying_processed\Rwj1_eWltJQ_seg157.wav,True,5.0,0.486297607421875,0.06066487357020378,3107.132736289605,0.07473514125799574,7.4050397872924805,1.0556992292404175
crying_processed\Rwj1_eWltJQ_seg158.wav,True,5.0,0.5618896484375,0.07616233080625534,3486.3066471006027,0.08100575526385928,3.7025885581970215,0.029699139297008514
crying_processed\Rwj1_eWltJQ_seg159.wav,True,5.0,0.5130615234375,0.060260213911533356,3314.97082930857,0.07997193163646056,5.289952278137207,2.0620920658111572
crying_processed\Rwj1_eWltJQ_seg16.wav,True,5.0,0.532928466796875,0.04896976053714752,3283.2106999015737,0.06387322594616204,11.062719345092773,1.3364827632904053
crying_processed\Rwj1_eWltJQ_seg160.wav,True,5.0,0.249176025390625,0.0325382798910141,3661.057489835601,0.08596561000799574,3.276906967163086,0.45077040791511536
crying_processed\Rwj1_eWltJQ_seg161.wav,True,5.0,0.44927978515625,0.05735090747475624,3291.2627677656787,0.07493919909381663,7.693495750427246,2.7119789123535156
crying_processed\Rwj1_eWltJQ_seg162.wav,True,5.0,0.41278076171875,0.051657430827617645,3263.4609555450484,0.07211778718017058,6.168984413146973,0.2395746111869812
crying_processed\Rwj1_eWltJQ_seg163.wav,True,5.0,0.4365234375,0.05560104548931122,3157.1147850885845,0.0676774470282516,9.045488357543945,2.19254207611084
crying_processed\Rwj1_eWltJQ_seg164.wav,True,5.0,0.5599365234375,0.05744089558720589,2716.288473142029,0.06176081090085288,13.393192291259766,0.15525557100772858
crying_processed\Rwj1_eWltJQ_seg165.wav,True,5.0,0.62115478515625,0.03841458261013031,1393.9641640052719,0.03321874167110874,39.303688049316406,0.0
crying_processed\Rwj1_eWltJQ_seg166.wav,True,5.0,0.352935791015625,0.04181250184774399,3423.8637193822537,0.05932356909648188,12.053424835205078,0.29624125361442566
crying_processed\Rwj1_eWltJQ_seg167.wav,True,5.0,0.35406494140625,0.03987369313836098,3334.6854782881924,0.06432923274253731,15.930845260620117,0.0022172448225319386
crying_processed\Rwj1_eWltJQ_seg168.wav,True,5.0,0.3165283203125,0.049330972135066986,3381.030253347336,0.09110557702558636,6.435595512390137,2.061084508895874
crying_processed\Rwj1_eWltJQ_seg17.wav,True,5.0,0.333465576171875,0.037923265248537064,3489.079069575305,0.05818355210554371,18.840675354003906,4.7506782721029595e-05
crying_processed\Rwj1_eWltJQ_seg170.wav,True,5.0,0.50164794921875,0.04774510860443115,3260.6833124036766,0.08553042543976545,15.974763870239258,0.000510931946337223
crying_processed\Rwj1_eWltJQ_seg171.wav,True,5.0,0.585601806640625,0.06399522721767426,3267.931955367879,0.07000224880063965,5.882223129272461,0.024629361927509308
crying_processed\Rwj1_eWltJQ_seg172.wav,True,5.0,0.5367431640625,0.08401252329349518,3431.313083485997,0.0901363023054371,2.5569968223571777,0.5881978273391724
crying_processed\Rwj1_eWltJQ_seg173.wav,True,5.0,0.4677734375,0.035956691950559616,3403.497908083976,0.07366904317697229,7.111322402954102,1.626787781715393
crying_processed\Rwj1_eWltJQ_seg174.wav,True,5.0,0.434478759765625,0.05632680654525757,3639.2753008806835,0.0876001549173774,7.944022178649902,0.13587315380573273
crying_processed\Rwj1_eWltJQ_seg175.wav,True,5.0,0.41357421875,0.04869277775287628,3232.6425101373534,0.0736273987206823,7.971033096313477,0.013817094266414642
crying_processed\Rwj1_eWltJQ_seg176.wav,True,5.0,0.426910400390625,0.05741354450583458,3250.9369770834064,0.07492774686833689,6.072277069091797,1.0199661254882812
crying_processed\Rwj1_eWltJQ_seg177.wav,True,5.0,0.392669677734375,0.03446483239531517,3159.932092790939,0.06289666344616204,19.287256240844727,3.7952568531036377
crying_processed\Rwj1_eWltJQ_seg178.wav,True,5.0,0.558441162109375,0.05572366714477539,1440.5257798902642,0.03226404251066098,15.171457290649414,4.883781909942627
crying_processed\Rwj1_eWltJQ_seg179.wav,True,5.0,0.599578857421875,0.05322418734431267,2669.674643266106,0.054528209954690834,13.308195114135742,0.0
crying_processed\Rwj1_eWltJQ_seg18.wav,True,5.0,0.325531005859375,0.04842336103320122,3325.582987617875,0.0860343233608742,6.792270660400391,0.33707526326179504
crying_processed\Rwj1_eWltJQ_seg181.wav,True,5.0,0.34832763671875,0.0584719218313694,3204.0040401259157,0.06997413879264393,5.258617401123047,0.06378378719091415
crying_processed\Rwj1_eWltJQ_seg184.wav,True,5.0,0.485443115234375,0.0660579577088356,3051.418123631911,0.07702142190831557,6.895519256591797,1.4334986209869385
crying_processed\Rwj1_eWltJQ_seg185.wav,True,5.0,0.570587158203125,0.0709075778722763,3479.9579007476887,0.08189798773987207,4.259103298187256,0.5349124670028687
crying_processed\Rwj1_eWltJQ_seg186.wav,True,5.0,0.50897216796875,0.06829332560300827,3307.34917679925,0.07710991637793177,4.122480869293213,1.0412687063217163
crying_processed\Rwj1_eWltJQ_seg187.wav,True,5.0,0.261871337890625,0.032937485724687576,3638.2667474288933,0.08469337186833689,3.8672938346862793,1.1627687215805054
crying_processed\Rwj1_eWltJQ_seg188.wav,True,5.0,0.443359375,0.05470128357410431,3519.2450764594214,0.08588544442963753,9.150236129760742,0.3989284336566925
crying_processed\Rwj1_eWltJQ_seg189.wav,True,5.0,0.4044189453125,0.05642610415816307,3216.3908782961685,0.07096944129797442,4.111278533935547,0.8166691660881042
crying_processed\Rwj1_eWltJQ_seg190.wav,True,5.0,0.43988037109375,0.05510113015770912,3187.317862764704,0.0676795292510661,9.491416931152344,0.05007132142782211
crying_processed\Rwj1_eWltJQ_seg191.wav,True,5.0,0.51153564453125,0.058196209371089935,3257.1605197416425,0.07072165678304904,12.351218223571777,0.1148448958992958
crying_processed\Rwj1_eWltJQ_seg193.wav,True,5.0,0.53778076171875,0.049103058874607086,3276.428653763818,0.0647456773054371,11.01657772064209,1.333795428276062
crying_processed\Rwj1_eWltJQ_seg194.wav,True,5.0,0.332672119140625,0.0364958681166172,3495.6887332690158,0.0572278118336887,20.365755081176758,5.39454267709516e-05
crying_processed\Rwj1_eWltJQ_seg195.wav,True,5.0,0.337799072265625,0.04954913631081581,3318.6703008168142,0.08639663013059702,6.665096282958984,0.46923139691352844
crying_processed\Rwj1_eWltJQ_seg197.wav,True,5.0,0.461639404296875,0.040692757815122604,3354.8316908450497,0.08745127598614072,21.228652954101562,0.27645325660705566
crying_processed\Rwj1_eWltJQ_seg198.wav,True,5.0,0.485076904296875,0.058383241295814514,3120.189564212914,0.06858009061833689,8.301087379455566,1.0496139526367188
crying_processed\Rwj1_eWltJQ_seg199.wav,True,5.0,0.5826416015625,0.08132223039865494,3488.4144371753578,0.08645909681503199,2.8933258056640625,0.6306828856468201
crying_processed\Rwj1_eWltJQ_seg2.wav,True,5.0,0.597869873046875,0.05319913476705551,2639.555684548722,0.05417839652185501,13.293510437011719,0.0
crying_processed\Rwj1_eWltJQ_seg20.wav,True,5.0,0.4912109375,0.04319297522306442,3359.682576688739,0.08805720282515991,20.984975814819336,0.18293611705303192
crying_processed\Rwj1_eWltJQ_seg200.wav,True,5.0,0.436126708984375,0.054087746888399124,3424.347778016965,0.07882566797707889,6.335474014282227,2.1960299015045166
crying_processed\Rwj1_eWltJQ_seg201.wav,True,5.0,0.429107666015625,0.04464631900191307,3631.60519700877,0.08658715351812367,9.038591384887695,0.21107612550258636
crying_processed\Rwj1_eWltJQ_seg202.wav,True,5.0,0.44464111328125,0.04860806465148926,3168.122390773157,0.06871022954424306,9.926936149597168,2.856036424636841
crying_processed\Rwj1_eWltJQ_seg203.wav,True,5.0,0.42852783203125,0.05859937518835068,3299.518881880898,0.07758882762526652,5.787722587585449,1.325487732887268
crying_processed\Rwj1_eWltJQ_seg204.wav,True,5.0,0.424652099609375,0.04837299510836601,3204.126075793698,0.06592109208422176,11.222182273864746,1.3933770656585693
crying_processed\Rwj1_eWltJQ_seg205.wav,True,5.0,0.5257568359375,0.05660553649067879,2224.5406735071238,0.05141632795842217,14.278474807739258,0.00886448659002781
crying_processed\Rwj1_eWltJQ_seg206.wav,True,5.0,0.609649658203125,0.038320135325193405,1880.6359001716792,0.03845553204957356,38.38395309448242,0.0
crying_processed\Rwj1_eWltJQ_seg207.wav,True,5.0,0.35357666015625,0.041759759187698364,3470.6467069119153,0.05951617470682303,12.084527015686035,3.5373153686523438
crying_processed\Rwj1_eWltJQ_seg208.wav,True,5.0,0.339691162109375,0.04270252585411072,3186.8023613522673,0.06555774420309168,13.08835220336914,0.06502389907836914
crying_processed\Rwj1_eWltJQ_seg209.wav,True,5.0,0.33404541015625,0.046943556517362595,3481.910168977079,0.0938447411380597,7.280743598937988,3.648322105407715
crying_processed\Rwj1_eWltJQ_seg21.wav,True,5.0,0.450347900390625,0.05651581659913063,3118.3598858614273,0.0672818246934968,8.308880805969238,0.7854121923446655
crying_processed\Rwj1_eWltJQ_seg211.wav,True,5.0,0.47796630859375,0.047464851289987564,3232.491983673616,0.08409473280916845,15.933673858642578,0.0009827333269640803
crying_processed\Rwj1_eWltJQ_seg212.wav,True,5.0,0.550018310546875,0.06797310709953308,3329.1495158029197,0.07728586420575694,4.4845991134643555,2.123784303665161
crying_processed\Rwj1_eWltJQ_seg213.wav,True,5.0,0.5115966796875,0.08287012577056885,3378.1141952619696,0.0867183335554371,2.786506175994873,1.0064867734909058
crying_processed\Rwj1_eWltJQ_seg214.wav,True,5.0,0.19073486328125,0.031779251992702484,3457.9161285864466,0.07220419942697229,3.334599494934082,1.1262357234954834
crying_processed\Rwj1_eWltJQ_seg215.wav,True,5.0,0.44915771484375,0.055816810578107834,3648.282612865077,0.08980418776652452,8.392078399658203,0.6185446977615356
crying_processed\Rwj1_eWltJQ_seg216.wav,True,5.0,0.407379150390625,0.05332314968109131,3235.329829457156,0.074210421108742,5.209057807922363,0.3909059762954712
crying_processed\Rwj1_eWltJQ_seg217.wav,True,5.0,0.437774658203125,0.06030339002609253,3197.4885985975784,0.07108500466417911,6.2256975173950195,0.8910290598869324
crying_processed\Rwj1_eWltJQ_seg218.wav,True,5.0,0.50030517578125,0.05396384745836258,3214.2234373611414,0.06721519356343283,15.324464797973633,0.11983946710824966
crying_processed\Rwj1_eWltJQ_seg22.wav,True,5.0,0.56365966796875,0.08178684115409851,3491.5609888976464,0.08811134061833689,2.777431011199951,0.7499489784240723
crying_processed\Rwj1_eWltJQ_seg220.wav,True,5.0,0.58135986328125,0.0546891950070858,3127.4052117845663,0.06467696395255863,11.736217498779297,1.299438238143921
crying_processed\Rwj1_eWltJQ_seg222.wav,True,5.0,0.340362548828125,0.0584779717028141,3237.797120782629,0.0784279634195096,5.260523796081543,1.6431142091751099
crying_processed\Rwj1_eWltJQ_seg224.wav,True,5.0,0.474395751953125,0.03945391997694969,3455.658395689013,0.09094732809168443,20.448984146118164,0.6725642681121826
crying_processed\Rwj1_eWltJQ_seg225.wav,True,5.0,0.469146728515625,0.06021571531891823,3083.5196944167615,0.07591472048240938,7.575760841369629,0.16075272858142853
crying_processed\Rwj1_eWltJQ_seg226.wav,True,5.0,0.536346435546875,0.0702083483338356,3460.2076494193952,0.0779375999466951,4.671131134033203,0.09647811204195023
crying_processed\Rwj1_eWltJQ_seg227.wav,True,5.0,0.529510498046875,0.06738687306642532,3286.858098689074,0.07996152052238806,4.3185577392578125,1.8334726095199585
crying_processed\Rwj1_eWltJQ_seg228.wav,True,5.0,0.264251708984375,0.032328397035598755,3674.887159504104,0.08509940531716417,3.570169448852539,0.7355462312698364
crying_processed\Rwj1_eWltJQ_seg229.wav,True,5.0,0.458160400390625,0.05707728862762451,3378.7962628347323,0.07982617603944563,7.819571495056152,1.184208631515503
crying_processed\Rwj1_eWltJQ_seg23.wav,True,5.0,0.46856689453125,0.053096868097782135,3419.997283057106,0.07736082422707889,6.573325157165527,2.2270734310150146
crying_processed\Rwj1_eWltJQ_seg230.wav,True,5.0,0.405914306640625,0.052778229117393494,3281.3920709342638,0.07317451525852879,5.710041046142578,0.3467046320438385
crying_processed\Rwj1_eWltJQ_seg231.wav,True,5.0,0.43243408203125,0.05534694716334343,3097.635699822772,0.06481855510394456,9.245098114013672,1.0367722511291504
crying_processed\Rwj1_eWltJQ_seg232.wav,True,5.0,0.55645751953125,0.05772324278950691,2935.0549294254433,0.06616991771055437,13.000589370727539,0.12895765900611877
crying_processed\Rwj1_eWltJQ_seg233.wav,True,5.0,0.611846923828125,0.03785021975636482,1164.4936737069718,0.02882629264392324,40.49468994140625,0.0
crying_processed\Rwj1_eWltJQ_seg234.wav,True,5.0,0.365936279296875,0.04214584082365036,3361.5793123242647,0.058841534514925374,11.61058235168457,0.08854100853204727
crying_processed\Rwj1_eWltJQ_seg235.wav,True,5.0,0.335113525390625,0.03938834369182587,3391.6601071336827,0.06224596881663113,16.49795150756836,5.5792275816202164e-05
crying_processed\Rwj1_eWltJQ_seg236.wav,True,5.0,0.33172607421875,0.049601491540670395,3370.1572909133524,0.09098064365671642,6.277562141418457,0.1469784826040268
crying_processed\Rwj1_eWltJQ_seg238.wav,True,5.0,0.504852294921875,0.047592923045158386,3338.9258610895577,0.08887759861407249,15.731130599975586,0.023321077227592468
crying_processed\Rwj1_eWltJQ_seg239.wav,True,5.0,0.445159912109375,0.056223105639219284,3181.6417420133134,0.06729015358475479,7.9868879318237305,0.006492092274129391
crying_processed\Rwj1_eWltJQ_seg24.wav,True,5.0,0.437225341796875,0.04642411693930626,3622.215871459843,0.0867433202292111,9.312518119812012,0.23273633420467377
crying_processed\Rwj1_eWltJQ_seg240.wav,True,5.0,0.560272216796875,0.08516588807106018,3418.236185757997,0.08680058135660981,2.4657235145568848,0.9796863198280334
crying_processed\Rwj1_eWltJQ_seg241.wav,True,5.0,0.4346923828125,0.043035272508859634,3427.043063836077,0.07491941797707889,7.613367080688477,2.72041916847229
crying_processed\Rwj1_eWltJQ_seg242.wav,True,5.0,0.441650390625,0.05745760351419449,3634.0399418725406,0.08887239305703624,7.353885650634766,0.2884591519832611
crying_processed\Rwj1_eWltJQ_seg243.wav,True,5.0,0.37237548828125,0.038890305906534195,3215.167547225031,0.07210425273187633,7.6582536697387695,0.03017129935324192
crying_processed\Rwj1_eWltJQ_seg244.wav,True,5.0,0.42413330078125,0.05897330120205879,3267.174096920621,0.07650190731609809,5.704119682312012,1.8016616106033325
crying_processed\Rwj1_eWltJQ_seg245.wav,True,5.0,0.4525146484375,0.04236327111721039,3164.980057189497,0.06442709721481876,15.925748825073242,4.19833517074585
crying_processed\Rwj1_eWltJQ_seg246.wav,True,5.0,0.528594970703125,0.056479401886463165,1685.0503552808582,0.0374123384195096,14.330419540405273,3.723900556564331
crying_processed\Rwj1_eWltJQ_seg247.wav,True,5.0,0.579620361328125,0.04812660440802574,2405.885590898821,0.04978386527185501,18.938518524169922,0.0
crying_processed\Rwj1_eWltJQ_seg249.wav,True,5.0,0.33990478515625,0.05803929269313812,3224.668102517822,0.0685467750533049,5.430578231811523,0.0018420865526422858
crying_processed\Rwj1_eWltJQ_seg25.wav,True,5.0,0.43768310546875,0.0467546172440052,3155.559823221193,0.06828441497867804,9.886139869689941,2.680087089538574
crying_processed\Rwj1_eWltJQ_seg252.wav,True,5.0,0.50762939453125,0.0602429136633873,3093.29457124453,0.07848626565831557,9.045845031738281,1.5107078552246094
crying_processed\Rwj1_eWltJQ_seg253.wav,True,5.0,0.57537841796875,0.06354394555091858,3428.185322604503,0.08146696761727079,4.327096939086914,1.430475115776062
crying_processed\Rwj1_eWltJQ_seg254.wav,True,5.0,0.52392578125,0.07825401425361633,3290.571516126413,0.07911405583688699,3.5054073333740234,1.5662965774536133
crying_processed\Rwj1_eWltJQ_seg255.wav,True,5.0,0.2513427734375,0.03467598557472229,3599.5182970023698,0.08135660980810235,3.4628829956054688,1.756044864654541
crying_processed\Rwj1_eWltJQ_seg256.wav,True,5.0,0.44384765625,0.05379055067896843,3581.7460700896277,0.08988435334488273,10.19175910949707,0.521654486656189
crying_processed\Rwj1_eWltJQ_seg257.wav,True,5.0,0.403533935546875,0.0581418015062809,3198.8106758975664,0.06942234974680171,3.3895654678344727,0.8376513719558716
crying_processed\Rwj1_eWltJQ_seg258.wav,True,5.0,0.436004638671875,0.05572172999382019,3192.67836648756,0.06886951958955224,9.111502647399902,0.1358892321586609
crying_processed\Rwj1_eWltJQ_seg259.wav,True,5.0,0.512115478515625,0.05848800763487816,3243.2641987603442,0.07104544243070363,12.515816688537598,0.08461515605449677
crying_processed\Rwj1_eWltJQ_seg26.wav,True,5.0,0.422088623046875,0.05928804725408554,3294.864233115177,0.0782072478011727,5.546121597290039,1.4768673181533813
crying_processed\Rwj1_eWltJQ_seg261.wav,True,5.0,0.588623046875,0.054344359785318375,3268.129316054415,0.06709338352878465,11.186799049377441,1.9839798212051392
crying_processed\Rwj1_eWltJQ_seg263.wav,True,5.0,0.3316650390625,0.05553317070007324,3320.1537066212627,0.08656008462153518,5.277853965759277,1.4652986526489258
crying_processed\Rwj1_eWltJQ_seg265.wav,True,5.0,0.478515625,0.039297740906476974,3410.7154001122904,0.08953141657782517,20.652671813964844,0.6914324164390564
crying_processed\Rwj1_eWltJQ_seg266.wav,True,5.0,0.472320556640625,0.06014278903603554,3081.7385004490593,0.07092363239605544,7.428065299987793,1.084857702255249
crying_processed\Rwj1_eWltJQ_seg267.wav,True,5.0,0.570159912109375,0.08028674870729446,3492.966537355193,0.08289433135660981,3.118389129638672,0.041493065655231476
crying_processed\Rwj1_eWltJQ_seg268.wav,True,5.0,0.441925048828125,0.05550895258784294,3379.8647850091174,0.0793837036913646,5.637226104736328,2.021631956100464
crying_processed\Rwj1_eWltJQ_seg269.wav,True,5.0,0.248016357421875,0.03464348614215851,3668.83500206925,0.08714727145522388,3.2428340911865234,0.0900195986032486
crying_processed\Rwj1_eWltJQ_seg27.wav,True,5.0,0.440673828125,0.04718422144651413,3199.8655971415865,0.06632608442164178,11.859312057495117,1.5651123523712158
crying_processed\Rwj1_eWltJQ_seg270.wav,True,5.0,0.443634033203125,0.055304426699876785,3200.823049168167,0.07241033948560767,8.926671981811523,3.4533309936523438
crying_processed\Rwj1_eWltJQ_seg271.wav,True,5.0,0.4022216796875,0.052468474954366684,3271.9862490624446,0.07338481976279318,5.780010223388672,0.28203263878822327
crying_processed\Rwj1_eWltJQ_seg272.wav,True,5.0,0.421142578125,0.05474495515227318,3215.6638650439872,0.0685530217217484,9.490194320678711,2.211594820022583
crying_processed\Rwj1_eWltJQ_seg273.wav,True,5.0,0.5081787109375,0.057252366095781326,2501.7257996673634,0.05669996835021322,13.385595321655273,0.13763946294784546
crying_processed\Rwj1_eWltJQ_seg274.wav,True,5.0,0.61468505859375,0.03843759372830391,1594.8129227131983,0.03568201126066098,39.01823425292969,0.0
crying_processed\Rwj1_eWltJQ_seg275.wav,True,5.0,0.35223388671875,0.04179064929485321,3476.5376231160335,0.05943080357142857,12.101243019104004,0.9909453988075256
crying_processed\Rwj1_eWltJQ_seg276.wav,True,5.0,0.343475341796875,0.039884839206933975,3211.6557970790745,0.06353382362739872,15.764930725097656,0.002205314114689827
crying_processed\Rwj1_eWltJQ_seg277.wav,True,5.0,0.3232421875,0.04948350787162781,3454.031340319958,0.09323256763059702,6.491987228393555,3.331779956817627
crying_processed\Rwj1_eWltJQ_seg279.wav,True,5.0,0.4835205078125,0.047505855560302734,3230.1717193049412,0.08530242204157783,16.114904403686523,0.0006645951652899384
crying_processed\Rwj1_eWltJQ_seg28.wav,True,5.0,0.534088134765625,0.056329648941755295,2192.411096404804,0.05079894889392324,14.373926162719727,0.013670056127011776
crying_processed\Rwj1_eWltJQ_seg280.wav,True,5.0,0.55731201171875,0.06685833632946014,3322.7563308575586,0.07446341118070363,4.791342258453369,0.46282994747161865
crying_processed\Rwj1_eWltJQ_seg281.wav,True,5.0,0.50146484375,0.08309949189424515,3363.3437818331686,0.08619153118336886,2.658411979675293,0.41591310501098633
crying_processed\Rwj1_eWltJQ_seg282.wav,True,5.0,0.191009521484375,0.03219271078705788,3423.495126448671,0.07471848347547974,3.0667757987976074,0.46653610467910767
crying_processed\Rwj1_eWltJQ_seg283.wav,True,5.0,0.45745849609375,0.05574573576450348,3686.48754680951,0.08807177838486141,8.56071949005127,0.2866804003715515
crying_processed\Rwj1_eWltJQ_seg284.wav,True,5.0,0.408843994140625,0.05079350993037224,3218.65113246777,0.07404592550639659,6.594273567199707,0.06841090321540833
crying_processed\Rwj1_eWltJQ_seg285.wav,True,5.0,0.428863525390625,0.06157831475138664,3193.228358012917,0.07347643756663114,5.673440933227539,1.0649741888046265
crying_processed\Rwj1_eWltJQ_seg286.wav,True,5.0,0.49395751953125,0.042962588369846344,3205.4533033595244,0.06443542610607676,25.902660369873047,0.5394426584243774
crying_processed\Rwj1_eWltJQ_seg287.wav,True,5.0,0.547332763671875,0.04172298684716225,1198.8162769173305,0.02592263292910448,23.367733001708984,4.990922451019287
crying_processed\Rwj1_eWltJQ_seg288.wav,True,5.0,0.612335205078125,0.053318724036216736,2884.263728604798,0.05850629664179104,13.076904296875,0.48184454441070557
crying_processed\Rwj1_eWltJQ_seg29.wav,True,5.0,0.60491943359375,0.03854755312204361,1910.6344485093764,0.03927384561567164,38.850929260253906,0.0
crying_processed\Rwj1_eWltJQ_seg290.wav,True,5.0,0.336090087890625,0.058393485844135284,3215.380733610444,0.07105897687899787,5.247125625610352,0.5429985523223877
crying_processed\Rwj1_eWltJQ_seg293.wav,True,5.0,0.477783203125,0.0656718835234642,3035.0767682143637,0.07644672841151386,6.796442031860352,1.195207953453064
crying_processed\Rwj1_eWltJQ_seg294.wav,True,5.0,0.563385009765625,0.07095996290445328,3491.266585286661,0.07981680603678039,4.246374607086182,0.3757737874984741
crying_processed\Rwj1_eWltJQ_seg295.wav,True,5.0,0.5118408203125,0.06699724495410919,3294.6649791116456,0.07865180237206823,4.455356597900391,1.9088128805160522
crying_processed\Rwj1_eWltJQ_seg296.wav,True,5.0,0.251983642578125,0.033767711371183395,3657.0365297846092,0.08403018390191898,3.3617048263549805,1.5029261112213135
crying_processed\Rwj1_eWltJQ_seg297.wav,True,5.0,0.449676513671875,0.05460815504193306,3438.8891889142783,0.08450076625799574,9.200881958007812,0.5372962951660156
crying_processed\Rwj1_eWltJQ_seg298.wav,True,5.0,0.40472412109375,0.05591358244419098,3246.9549476220254,0.07272579624200426,4.241476058959961,0.7507245540618896
crying_processed\Rwj1_eWltJQ_seg299.wav,True,5.0,0.44305419921875,0.05505301430821419,3180.637216412069,0.06808348047707889,9.543054580688477,0.02084907330572605
crying_processed\Rwj1_eWltJQ_seg30.wav,True,5.0,0.346893310546875,0.041679419577121735,3451.307026307769,0.05913721015458422,12.063722610473633,3.720717191696167
crying_processed\Rwj1_eWltJQ_seg300.wav,True,5.0,0.530914306640625,0.0579131618142128,3126.336622564958,0.06850929504264393,12.645669937133789,0.12990692257881165
crying_processed\Rwj1_eWltJQ_seg301.wav,True,5.0,0.614990234375,0.0357939638197422,889.0295616045506,0.023629064498933903,49.68084716796875,0.0
crying_processed\Rwj1_eWltJQ_seg302.wav,True,5.0,0.357025146484375,0.04400128498673439,3311.9236143302765,0.05959738139658849,10.467135429382324,0.518629789352417
crying_processed\Rwj1_eWltJQ_seg303.wav,True,5.0,0.352294921875,0.039470747113227844,3421.2001235363223,0.05962653251599147,16.948314666748047,5.428396980278194e-05
crying_processed\Rwj1_eWltJQ_seg304.wav,True,5.0,0.328277587890625,0.048492636531591415,3365.6557163363523,0.08981251665778252,6.7907867431640625,0.0892798900604248
crying_processed\Rwj1_eWltJQ_seg306.wav,True,5.0,0.47943115234375,0.04609107971191406,3353.2572827561735,0.08899316198027718,17.72231101989746,0.09460638463497162
crying_processed\Rwj1_eWltJQ_seg307.wav,True,5.0,0.4471435546875,0.05393509939312935,3171.977188690518,0.06849784281716417,9.17418098449707,0.28505486249923706
crying_processed\Rwj1_eWltJQ_seg308.wav,True,5.0,0.574554443359375,0.08730088174343109,3458.036617619408,0.08734195928837953,2.155575752258301,1.0939810276031494
crying_processed\Rwj1_eWltJQ_seg309.wav,True,5.0,0.4609375,0.04357614740729332,3370.099336713908,0.07500270688965885,7.609318733215332,2.8824398517608643
crying_processed\Rwj1_eWltJQ_seg31.wav,True,5.0,0.338775634765625,0.04410355165600777,3198.025913253733,0.06645101779051173,12.211377143859863,0.060261063277721405
crying_processed\Rwj1_eWltJQ_seg310.wav,True,5.0,0.436370849609375,0.055885057896375656,3645.0922537819215,0.08908269756130063,7.9065093994140625,0.3817349374294281
crying_processed\Rwj1_eWltJQ_seg311.wav,True,5.0,0.29901123046875,0.0351058691740036,3163.283383780487,0.06878102511993603,6.1574811935424805,0.8471012115478516
crying_processed\Rwj1_eWltJQ_seg312.wav,True,5.0,0.415130615234375,0.0629638209939003,3276.7925825260704,0.07797507995735607,4.7119855880737305,1.8709874153137207
crying_processed\Rwj1_eWltJQ_seg313.wav,True,5.0,0.4466552734375,0.041895754635334015,3206.8419124407133,0.06686225679637527,15.431966781616211,3.6468465328216553
crying_processed\Rwj1_eWltJQ_seg314.wav,True,5.0,0.55560302734375,0.056410353630781174,1926.9031283725083,0.0427688566098081,14.309480667114258,1.5536774396896362
crying_processed\Rwj1_eWltJQ_seg315.wav,True,5.0,0.573822021484375,0.039872314780950546,2155.006562097516,0.0427751032782516,32.58238983154297,0.0
crying_processed\Rwj1_eWltJQ_seg316.wav,True,5.0,0.336181640625,0.040085334330797195,3460.5639150316633,0.05909660680970149,14.307685852050781,3.835197687149048
crying_processed\Rwj1_eWltJQ_seg317.wav,True,5.0,0.331512451171875,0.05501633509993553,3222.3716804907885,0.06740675806236673,6.825319290161133,0.04112005606293678
crying_processed\Rwj1_eWltJQ_seg318.wav,True,5.0,0.284698486328125,0.031865544617176056,3511.6734919695054,0.09720440764925373,9.992738723754883,2.0079398155212402
crying_processed\Rwj1_eWltJQ_seg32.wav,True,5.0,0.330718994140625,0.04578862339258194,3492.231962602666,0.09286505530383796,7.707181930541992,3.578552484512329
crying_processed\Rwj1_eWltJQ_seg320.wav,True,5.0,0.472137451171875,0.048063937574625015,3131.00439853721,0.0804758295575693,14.802030563354492,0.059034135192632675
crying_processed\Rwj1_eWltJQ_seg321.wav,True,5.0,0.548431396484375,0.07070962339639664,3383.7372622029957,0.07987510827558636,3.8791704177856445,2.2332863807678223
crying_processed\Rwj1_eWltJQ_seg322.wav,True,5.0,0.506805419921875,0.08049681037664413,3326.0366558135656,0.08280063132995735,3.178654670715332,1.7742419242858887
crying_processed\Rwj1_eWltJQ_seg323.wav,True,5.0,0.24066162109375,0.03196936473250389,3544.052969158675,0.0764769206423241,4.063825607299805,1.6754064559936523
crying_processed\Rwj1_eWltJQ_seg324.wav,True,5.0,0.4432373046875,0.05490770936012268,3619.582835262621,0.09045384128464819,8.97159481048584,0.7103104591369629
crying_processed\Rwj1_eWltJQ_seg325.wav,True,5.0,0.403533935546875,0.05669032037258148,3226.009437026019,0.07142857142857142,3.979550838470459,0.6355506181716919
crying_processed\Rwj1_eWltJQ_seg326.wav,True,5.0,0.443817138671875,0.057906623929739,3201.9451268916077,0.06956914645522388,7.527161598205566,0.515981137752533
crying_processed\Rwj1_eWltJQ_seg327.wav,True,5.0,0.502410888671875,0.057952042669057846,3254.1435144337565,0.07156703924573561,12.509773254394531,0.005140763241797686
crying_processed\Rwj1_eWltJQ_seg329.wav,True,5.0,0.59197998046875,0.055889055132865906,3273.409509198888,0.06926514192430704,10.747485160827637,1.9560651779174805
crying_processed\Rwj1_eWltJQ_seg331.wav,True,5.0,0.338470458984375,0.058411505073308945,3260.4586078782745,0.08199585221215352,5.155393600463867,2.0810933113098145
crying_processed\Rwj1_eWltJQ_seg333.wav,True,5.0,0.49017333984375,0.039667803794145584,3431.4973289641703,0.08977295442430704,21.026870727539062,0.7477245926856995
crying_processed\Rwj1_eWltJQ_seg334.wav,True,5.0,0.477081298828125,0.06057269498705864,3107.7517734861303,0.0750016657782516,7.418079376220703,1.021004557609558
crying_processed\Rwj1_eWltJQ_seg335.wav,True,5.0,0.56036376953125,0.07479725778102875,3481.735811426658,0.07999691831023455,3.8635458946228027,0.030597560107707977
crying_processed\Rwj1_eWltJQ_seg336.wav,True,5.0,0.499786376953125,0.06176551803946495,3305.002483461464,0.07956693929904052,5.125205039978027,2.0347797870635986
crying_processed\Rwj1_eWltJQ_seg337.wav,True,5.0,0.24578857421875,0.03272539749741554,3672.2434685311373,0.08678184135127932,3.285001754760742,0.5730453729629517
crying_processed\Rwj1_eWltJQ_seg338.wav,True,5.0,0.435546875,0.05717647820711136,3306.9992726193,0.07533586253997868,7.510787010192871,2.470848798751831
crying_processed\Rwj1_eWltJQ_seg339.wav,True,5.0,0.3914794921875,0.05179951712489128,3276.8250064229924,0.07259045175906183,6.169473648071289,0.24171018600463867
crying_processed\Rwj1_eWltJQ_seg34.wav,True,5.0,0.49993896484375,0.04757264256477356,3214.3145955445993,0.0832878714685501,15.817628860473633,0.010868420824408531
crying_processed\Rwj1_eWltJQ_seg340.wav,True,5.0,0.4395751953125,0.05561669170856476,3108.1308822356627,0.06644164778784648,9.097174644470215,2.0954058170318604
crying_processed\Rwj1_eWltJQ_seg341.wav,True,5.0,0.529052734375,0.05745222792029381,2767.0813360839484,0.06191177205490405,13.233320236206055,0.1729801595211029
crying_processed\Rwj1_eWltJQ_seg342.wav,True,5.0,0.606719970703125,0.03816815838217735,1347.784106785072,0.03201521688432836,38.876277923583984,0.0
crying_processed\Rwj1_eWltJQ_seg343.wav,True,5.0,0.353485107421875,0.04185332730412483,3419.8474932037234,0.059418310234541576,11.982278823852539,0.25200679898262024
crying_processed\Rwj1_eWltJQ_seg344.wav,True,5.0,0.338531494140625,0.03990655392408371,3333.1795539737423,0.06303200792910447,15.880367279052734,0.002167557366192341
crying_processed\Rwj1_eWltJQ_seg345.wav,True,5.0,0.32489013671875,0.049482561647892,3369.95685190109,0.09125237373400853,6.560442924499512,1.5992934703826904
crying_processed\Rwj1_eWltJQ_seg347.wav,True,5.0,0.46783447265625,0.047422077506780624,3266.000147900382,0.08622692897121535,15.885334014892578,0.00047304906183853745
crying_processed\Rwj1_eWltJQ_seg348.wav,True,5.0,0.5302734375,0.06265529245138168,3255.8357524153103,0.0692391141391258,6.002873420715332,0.023775532841682434
crying_processed\Rwj1_eWltJQ_seg349.wav,True,5.0,0.516571044921875,0.08393622934818268,3429.9760234100754,0.08988643556769722,2.610732078552246,0.5638235211372375
crying_processed\Rwj1_eWltJQ_seg35.wav,True,5.0,0.574371337890625,0.06781922280788422,3330.8497173013316,0.0774597298107676,4.476474285125732,2.2091352939605713
crying_processed\Rwj1_eWltJQ_seg350.wav,True,5.0,0.39813232421875,0.03721784055233002,3393.590333041181,0.07393348547441364,7.012967109680176,1.920509934425354
crying_processed\Rwj1_eWltJQ_seg351.wav,True,5.0,0.44573974609375,0.05673962086439133,3633.7491091870515,0.08792706389925373,7.813081741333008,0.16959965229034424
crying_processed\Rwj1_eWltJQ_seg352.wav,True,5.0,0.41204833984375,0.04768260568380356,3234.46769817692,0.0729683751998934,8.41425895690918,0.013264724053442478
crying_processed\Rwj1_eWltJQ_seg353.wav,True,5.0,0.443603515625,0.05653095245361328,3250.7636953971332,0.07535668476812367,5.9476165771484375,1.1129584312438965
crying_processed\Rwj1_eWltJQ_seg354.wav,True,5.0,0.38763427734375,0.03629666566848755,3157.3441330015894,0.0626998933901919,19.639171600341797,4.095754146575928
crying_processed\Rwj1_eWltJQ_seg355.wav,True,5.0,0.542449951171875,0.05606568604707718,1469.2983941715086,0.03338219616204691,14.738546371459961,4.810830593109131
crying_processed\Rwj1_eWltJQ_seg356.wav,True,5.0,0.59271240234375,0.052967529743909836,2651.4665067006044,0.05391811867004265,13.319082260131836,0.0
crying_processed\Rwj1_eWltJQ_seg358.wav,True,5.0,0.35223388671875,0.05842173099517822,3217.610211652882,0.0702156766391258,5.254578590393066,0.04051627218723297
crying_processed\Rwj1_eWltJQ_seg36.wav,True,5.0,0.522125244140625,0.08269233256578445,3374.8518237929975,0.08606243336886994,2.7533936500549316,1.2446407079696655
crying_processed\Rwj1_eWltJQ_seg37.wav,True,5.0,0.20220947265625,0.03166203945875168,3442.992275737034,0.07259878065031983,3.4627785682678223,1.3004192113876343
crying_processed\Rwj1_eWltJQ_seg38.wav,True,5.0,0.435760498046875,0.055764783173799515,3651.1214814091713,0.09051630796908315,8.393678665161133,0.6550143361091614
crying_processed\Rwj1_eWltJQ_seg39.wav,True,5.0,0.4017333984375,0.05391732230782509,3231.4232764939084,0.07339210754264393,5.069121360778809,0.44048961997032166
crying_processed\Rwj1_eWltJQ_seg4.wav,True,5.0,0.343597412109375,0.058352354913949966,3213.19116832783,0.07015112773187633,5.227376937866211,0.04238421469926834
crying_processed\Rwj1_eWltJQ_seg40.wav,True,5.0,0.426422119140625,0.06013647839426994,3208.4495559865686,0.07060401119402986,6.213506698608398,0.8598015904426575
crying_processed\Rwj1_eWltJQ_seg41.wav,True,5.0,0.517333984375,0.0551598034799099,3221.7536183882603,0.06810013825959488,14.577993392944336,0.08981842547655106
crying_processed\Rwj1_eWltJQ_seg43.wav,True,5.0,0.628387451171875,0.055366914719343185,3163.020499281623,0.06575659648187633,11.450262069702148,1.2916433811187744
crying_processed\Rwj1_eWltJQ_seg45.wav,True,5.0,0.34967041015625,0.058552972972393036,3227.9656906591863,0.07798757329424306,5.252354621887207,1.7961539030075073
crying_processed\Rwj1_eWltJQ_seg47.wav,True,5.0,0.479217529296875,0.0396718755364418,3462.9313127560004,0.09211337286780384,21.168001174926758,0.7400375604629517
crying_processed\Rwj1_eWltJQ_seg48.wav,True,5.0,0.46502685546875,0.060406818985939026,3088.4921417516935,0.07524736807036247,7.361499786376953,0.2645682692527771
crying_processed\Rwj1_eWltJQ_seg49.wav,True,5.0,0.54705810546875,0.0710204541683197,3466.959716514033,0.07736394756130063,4.447189807891846,0.07610252499580383
crying_processed\Rwj1_eWltJQ_seg50.wav,True,5.0,0.50921630859375,0.06643366813659668,3293.2540553351423,0.07935663479477612,4.481116771697998,1.7741224765777588
crying_processed\Rwj1_eWltJQ_seg51.wav,True,5.0,0.254913330078125,0.03216176852583885,3681.3502644043006,0.0864997001599147,3.724155902862549,0.6448633074760437
crying_processed\Rwj1_eWltJQ_seg52.wav,True,5.0,0.461334228515625,0.057333361357450485,3365.2731954198835,0.0787225979477612,7.596004486083984,1.4390603303909302
crying_processed\Rwj1_eWltJQ_seg53.wav,True,5.0,0.388458251953125,0.05215547978878021,3283.0723903754356,0.07356076759061833,5.777712821960449,0.2928699553012848
crying_processed\Rwj1_eWltJQ_seg54.wav,True,5.0,0.438720703125,0.05546046048402786,3091.7659564278333,0.06509028518123668,9.278646469116211,1.2447482347488403
crying_processed\Rwj1_eWltJQ_seg55.wav,True,5.0,0.53546142578125,0.057739369571208954,2905.996983342749,0.06552963419509594,13.102025985717773,0.18128401041030884
crying_processed\Rwj1_eWltJQ_seg56.wav,True,5.0,0.580596923828125,0.037828024476766586,1104.4471932560505,0.027689398987206824,40.64275360107422,0.0
crying_processed\Rwj1_eWltJQ_seg57.wav,True,5.0,0.353973388671875,0.04210151731967926,3356.160770351902,0.05941414578891258,11.621382713317871,0.08639782667160034
crying_processed\Rwj1_eWltJQ_seg58.wav,True,5.0,0.353302001953125,0.0393182635307312,3387.8093679926947,0.06146513526119403,16.922531127929688,5.638571747113019e-05
crying_processed\Rwj1_eWltJQ_seg59.wav,True,5.0,0.339385986328125,0.04979163035750389,3361.1154895919162,0.0905194313033049,6.32813835144043,0.15232717990875244
crying_processed\Rwj1_eWltJQ_seg61.wav,True,5.0,0.477691650390625,0.047757819294929504,3343.8091899321407,0.08913267090884862,16.03575325012207,0.028921233490109444
crying_processed\Rwj1_eWltJQ_seg62.wav,True,5.0,0.43701171875,0.05584845691919327,3176.132978434166,0.06767224147121535,8.339001655578613,0.030492335557937622
crying_processed\Rwj1_eWltJQ_seg63.wav,True,5.0,0.579132080078125,0.08557029813528061,3420.241374717231,0.08641432902452026,2.4236745834350586,1.027450442314148
crying_processed\Rwj1_eWltJQ_seg64.wav,True,5.0,0.41131591796875,0.04303907975554466,3424.31041308636,0.07532649253731344,7.312837600708008,2.7637362480163574
crying_processed\Rwj1_eWltJQ_seg65.wav,True,5.0,0.455413818359375,0.057487938553094864,3647.220871653788,0.0895470332489339,7.254448890686035,0.30529987812042236
crying_processed\Rwj1_eWltJQ_seg66.wav,True,5.0,0.316802978515625,0.037256643176078796,3207.708389225774,0.07122555470415778,7.206512451171875,0.03938255459070206
crying_processed\Rwj1_eWltJQ_seg67.wav,True,5.0,0.43487548828125,0.060271527618169785,3276.426492010126,0.07714739638859275,5.443485260009766,1.8612849712371826
crying_processed\Rwj1_eWltJQ_seg68.wav,True,5.0,0.42730712890625,0.04203068092465401,3179.745188335197,0.06478628065031983,15.672920227050781,4.160671710968018
crying_processed\Rwj1_eWltJQ_seg69.wav,True,5.0,0.531005859375,0.0565374493598938,1706.3479911060874,0.03768302738539445,14.333063125610352,3.4910619258880615
crying_processed\Rwj1_eWltJQ_seg7.wav,True,5.0,0.491973876953125,0.06596936285495758,3054.744780118022,0.07665911513859275,6.8778228759765625,1.424685001373291
crying_processed\Rwj1_eWltJQ_seg70.wav,True,5.0,0.5838623046875,0.046692073345184326,2366.209470868095,0.048337761527185504,19.948930740356445,0.0
crying_processed\Rwj1_eWltJQ_seg71.wav,True,5.0,0.341461181640625,0.032145507633686066,3450.3626597155917,0.05747871968283582,20.801509857177734,3.2730586528778076
crying_processed\Rwj1_eWltJQ_seg72.wav,True,5.0,0.342132568359375,0.058225102722644806,3224.1117037460476,0.06909960521055437,5.450777053833008,0.03171020746231079
crying_processed\Rwj1_eWltJQ_seg75.wav,True,5.0,0.48370361328125,0.058415986597537994,3102.376226805291,0.07916923474147121,9.825364112854004,1.429564356803894
crying_processed\Rwj1_eWltJQ_seg76.wav,True,5.0,0.554931640625,0.06458268314599991,3411.7879197089064,0.07971894156449894,4.288726329803467,1.5977030992507935
crying_processed\Rwj1_eWltJQ_seg77.wav,True,5.0,0.512115478515625,0.079038605093956,3312.778728210143,0.08062158515458422,3.4440813064575195,1.631471872329712
crying_processed\Rwj1_eWltJQ_seg78.wav,True,5.0,0.239349365234375,0.03458694368600845,3589.5042410677042,0.08160751765724947,3.3899903297424316,1.776036024093628
crying_processed\Rwj1_eWltJQ_seg79.wav,True,5.0,0.452789306640625,0.053427718579769135,3589.581235079333,0.08991246335287846,10.103377342224121,0.5581648349761963
crying_processed\Rwj1_eWltJQ_seg8.wav,True,5.0,0.54638671875,0.0697484239935875,3482.5078456235856,0.08206144223081023,4.443923473358154,0.5432677268981934
crying_processed\Rwj1_eWltJQ_seg80.wav,True,5.0,0.40423583984375,0.058343105018138885,3198.337891424683,0.06912563299573561,3.2911157608032227,0.8210006952285767
crying_processed\Rwj1_eWltJQ_seg81.wav,True,5.0,0.429443359375,0.05567416176199913,3183.4524758935095,0.06865713286247335,8.987398147583008,0.15459808707237244
crying_processed\Rwj1_eWltJQ_seg82.wav,True,5.0,0.54095458984375,0.05820026248693466,3247.836002008886,0.07129010361140725,12.419700622558594,0.08291896432638168
crying_processed\Rwj1_eWltJQ_seg84.wav,True,5.0,0.568572998046875,0.05427316576242447,3261.7129974879813,0.06724538579424306,11.227298736572266,1.9857583045959473
crying_processed\Rwj1_eWltJQ_seg86.wav,True,5.0,0.33319091796875,0.054601039737463,3318.3212773266896,0.08634665678304904,5.615974426269531,1.3396050930023193
crying_processed\Rwj1_eWltJQ_seg88.wav,True,5.0,0.4605712890625,0.03909182921051979,3408.4249913778244,0.089347139858742,21.55265998840332,0.6297724843025208
crying_processed\Rwj1_eWltJQ_seg89.wav,True,5.0,0.477020263671875,0.06022915989160538,3085.081913745119,0.0712828158315565,7.517104148864746,1.15084969997406
crying_processed\Rwj1_eWltJQ_seg9.wav,True,5.0,0.4989013671875,0.06953690201044083,3277.7313611012605,0.07747742870469083,4.028623104095459,1.0818779468536377
crying_processed\Rwj1_eWltJQ_seg90.wav,True,5.0,0.55712890625,0.0802246704697609,3498.496282551138,0.08359395822228145,3.0979981422424316,0.1690785139799118
crying_processed\Rwj1_eWltJQ_seg91.wav,True,5.0,0.447265625,0.055316876620054245,3368.3269079748247,0.0796804204424307,5.7545671463012695,2.018548011779785
crying_processed\Rwj1_eWltJQ_seg92.wav,True,5.0,0.24420166015625,0.035292379558086395,3657.347502584291,0.08679121135394456,3.225991725921631,0.11699265986680984
crying_processed\Rwj1_eWltJQ_seg93.wav,True,5.0,0.44061279296875,0.05483124777674675,3186.7520719369722,0.07147542144189765,9.169759750366211,3.4512569904327393
crying_processed\Rwj1_eWltJQ_seg94.wav,True,5.0,0.421722412109375,0.05379493907094002,3287.066261070324,0.07386685434434968,5.916408538818359,0.4251093864440918
crying_processed\Rwj1_eWltJQ_seg95.wav,True,5.0,0.437164306640625,0.05381545424461365,3208.8725486093495,0.06855198061034115,9.882339477539062,2.087813138961792
crying_processed\Rwj1_eWltJQ_seg96.wav,True,5.0,0.5421142578125,0.05724569410085678,2455.7384909598754,0.055774420309168446,13.490547180175781,0.13827690482139587
crying_processed\Rwj1_eWltJQ_seg97.wav,True,5.0,0.592681884765625,0.038216520100831985,1652.711229937,0.03648470815565032,38.787811279296875,0.0
crying_processed\Rwj1_eWltJQ_seg98.wav,True,5.0,0.358367919921875,0.04181266576051712,3485.0306421670393,0.058794684501599144,12.18924331665039,1.4390872716903687
crying_processed\Rwj1_eWltJQ_seg99.wav,True,5.0,0.334869384765625,0.03980958089232445,3200.5278130904226,0.06445416611140725,15.365633010864258,0.002193894935771823
crying_processed\sw6cn_wdzo8_seg0.wav,True,5.0,0.999969482421875,0.13145412504673004,1399.386996893553,0.0292000516391258,13.3419189453125,2.509962320327759
crying_processed\sw6cn_wdzo8_seg1.wav,True,5.0,0.97265625,0.12070935219526291,1453.832040445465,0.024308910247867802,12.903566360473633,0.6889724135398865
crying_processed\sw6cn_wdzo8_seg2.wav,True,5.0,1.0,0.22958406805992126,1236.0323268670468,0.027661288979211086,3.8255152702331543,1.3422300815582275
crying_processed\sw6cn_wdzo8_seg3.wav,True,5.0,1.0,0.20678101480007172,1296.769159008852,0.029049090485074626,4.133735656738281,0.16161246597766876
crying_processed\vjmNjDbSdAk_seg0.wav,True,5.0,0.7364501953125,0.09792510420084,2080.0813426990762,0.04076055270522388,3.376234531402588,0.04018557816743851
crying_processed\vjmNjDbSdAk_seg1.wav,True,5.0,0.72784423828125,0.15852203965187073,2125.496721902016,0.044677213819296374,0.841869592666626,0.6392799615859985
crying_processed\vjmNjDbSdAk_seg2.wav,True,5.0,0.7216796875,0.15277381241321564,2255.605681861117,0.05072086553837953,0.8639037609100342,1.1211109161376953
crying_processed\vjmNjDbSdAk_seg3.wav,True,5.0,0.73175048828125,0.16304579377174377,2140.153393726984,0.04322902785181237,0.6840560436248779,0.950833261013031
crying_processed\VzW8_Nr84VU_seg0.wav,True,5.0,0.193450927734375,0.037977516651153564,2605.098257353579,0.059191347947761194,0.6907742023468018,0.8012902140617371
crying_processed\VzW8_Nr84VU_seg1.wav,True,5.0,0.19964599609375,0.03760330379009247,2714.105940900572,0.061475546375266525,0.825401782989502,0.9379454851150513
crying_processed\VzW8_Nr84VU_seg10.wav,True,5.0,0.200439453125,0.03928619250655174,2728.742595144915,0.07226250166577824,0.7318518161773682,0.6947899460792542
crying_processed\VzW8_Nr84VU_seg2.wav,True,5.0,0.19793701171875,0.038501542061567307,2279.6511312361763,0.05477495335820896,0.8237905502319336,1.2274000644683838
crying_processed\VzW8_Nr84VU_seg3.wav,True,5.0,0.212921142578125,0.0402563102543354,2567.319984501042,0.06266345449093817,0.7161712646484375,1.1009705066680908
crying_processed\VzW8_Nr84VU_seg4.wav,True,5.0,0.2139892578125,0.0374809131026268,2364.830096290565,0.054304371002132194,0.9249436855316162,1.3225226402282715
crying_processed\VzW8_Nr84VU_seg5.wav,True,5.0,0.194854736328125,0.041289377957582474,2441.410579433465,0.0543022887793177,0.5040500164031982,1.0059441328048706
crying_processed\VzW8_Nr84VU_seg6.wav,True,5.0,0.217742919921875,0.04280132055282593,2645.0434692198587,0.06283107342750532,0.5484158992767334,1.1974157094955444
crying_processed\VzW8_Nr84VU_seg7.wav,True,5.0,0.1925048828125,0.037037819623947144,2972.312238908508,0.07970853045042645,1.1429190635681152,0.9335695505142212
crying_processed\VzW8_Nr84VU_seg8.wav,True,5.0,0.19354248046875,0.037285253405570984,3029.4522573558543,0.07969395489072495,1.5152721405029297,1.043290138244629
crying_processed\VzW8_Nr84VU_seg9.wav,True,5.0,0.217742919921875,0.03915947675704956,2686.886599475232,0.07117870469083155,1.254591464996338,1.115821361541748
crying_processed\wNa98vN47B8_seg0.wav,True,5.0,0.532073974609375,0.03543013706803322,2913.4537757994303,0.05913304570895522,39.924007415771484,0.2595688998699188
crying_processed\wNa98vN47B8_seg1.wav,True,5.0,0.55670166015625,0.06518226861953735,2423.814934277178,0.051178954557569295,15.583089828491211,1.9901903867721558
crying_processed\wNa98vN47B8_seg10.wav,True,5.0,0.53466796875,0.03691994398832321,2916.315850991992,0.05965568363539445,36.57936096191406,0.2403256893157959
crying_processed\wNa98vN47B8_seg100.wav,True,5.0,0.54876708984375,0.04035333916544914,2475.875374956115,0.05245015158582089,29.70602035522461,1.8850233554840088
crying_processed\wNa98vN47B8_seg101.wav,True,5.0,0.538360595703125,0.04505275934934616,2465.086058165587,0.04703012559968017,32.33073806762695,0.250489205121994
crying_processed\wNa98vN47B8_seg102.wav,True,5.0,0.53173828125,0.045683134347200394,2404.405213619048,0.05680928504797441,25.286653518676758,1.9794198274612427
crying_processed\wNa98vN47B8_seg103.wav,True,5.0,0.569610595703125,0.04628780856728554,2914.5593711631273,0.051767182502665245,28.260822296142578,0.023438816890120506
crying_processed\wNa98vN47B8_seg104.wav,True,5.0,0.56024169921875,0.06802351772785187,2379.566714976653,0.0497036996934968,12.394787788391113,2.3312041759490967
crying_processed\wNa98vN47B8_seg105.wav,True,5.0,0.5140380859375,0.03849523141980171,2306.687499386985,0.04997855310501066,30.948001861572266,1.4707186222076416
crying_processed\wNa98vN47B8_seg106.wav,True,5.0,0.539398193359375,0.04430904984474182,2378.3357017394114,0.04531645622334755,33.25020980834961,0.13245010375976562
crying_processed\wNa98vN47B8_seg107.wav,True,5.0,0.54931640625,0.04765136167407036,3046.41339060823,0.06206065098614073,26.441743850708008,0.017430676147341728
crying_processed\wNa98vN47B8_seg108.wav,True,5.0,0.568695068359375,0.059079576283693314,2682.0965455950723,0.05433352212153518,19.597349166870117,1.3952395915985107
crying_processed\wNa98vN47B8_seg109.wav,True,5.0,0.541473388671875,0.05178949236869812,2271.525450370094,0.045700626332622604,17.268657684326172,0.5113862752914429
crying_processed\wNa98vN47B8_seg11.wav,True,5.0,0.54095458984375,0.05682895705103874,2692.60871791089,0.0604500516391258,17.385414123535156,1.6819398403167725
crying_processed\wNa98vN47B8_seg110.wav,True,5.0,0.54803466796875,0.033511895686388016,2605.063181037292,0.04827113039712153,42.362220764160156,2.305992603302002
crying_processed\wNa98vN47B8_seg111.wav,True,5.0,0.57025146484375,0.0527486577630043,2422.0243246484993,0.05164120802238806,22.032028198242188,2.6570773124694824
crying_processed\wNa98vN47B8_seg112.wav,True,5.0,0.563201904296875,0.05218254029750824,2581.852559356961,0.056735366138059705,21.935014724731445,0.01770029589533806
crying_processed\wNa98vN47B8_seg113.wav,True,5.0,0.566497802734375,0.05680747330188751,2509.4903518492715,0.05239913712686567,21.84404754638672,0.8718463182449341
crying_processed\wNa98vN47B8_seg114.wav,True,5.0,0.52203369140625,0.05044494569301605,2675.649667869431,0.047565256863006396,19.051660537719727,0.3228986859321594
crying_processed\wNa98vN47B8_seg115.wav,True,5.0,0.556365966796875,0.03922848030924797,2330.0637215678944,0.04767457356076759,34.420631408691406,2.3673477172851562
crying_processed\wNa98vN47B8_seg116.wav,True,5.0,0.558197021484375,0.03978258743882179,2464.848719814629,0.04843562599946695,41.0634765625,4.2930192947387695
crying_processed\wNa98vN47B8_seg117.wav,True,5.0,0.52349853515625,0.05652023106813431,2435.0987821996455,0.055766091417910446,17.24051284790039,1.7392816543579102
crying_processed\wNa98vN47B8_seg118.wav,True,5.0,0.570648193359375,0.05300271138548851,2914.9065799588643,0.05546104577558635,24.731739044189453,0.19610397517681122
crying_processed\wNa98vN47B8_seg119.wav,True,5.0,0.547607421875,0.05474404990673065,2513.114039130947,0.04772558801972281,17.298738479614258,0.16765640676021576
crying_processed\wNa98vN47B8_seg12.wav,True,5.0,0.5804443359375,0.05334223434329033,2361.0485349658647,0.047534023520788914,24.88274383544922,0.18966008722782135
crying_processed\wNa98vN47B8_seg120.wav,True,5.0,0.55621337890625,0.04639006406068802,2313.7207783595636,0.048414803771321964,28.53255271911621,0.45730385184288025
crying_processed\wNa98vN47B8_seg121.wav,True,5.0,0.53741455078125,0.038349151611328125,2703.0787130602444,0.05477078891257996,34.88069534301758,0.717175304889679
crying_processed\wNa98vN47B8_seg122.wav,True,5.0,0.5250244140625,0.04731651023030281,2480.3750320233653,0.05457922441364606,26.789836883544922,0.1926366090774536
crying_processed\wNa98vN47B8_seg123.wav,True,5.0,0.5791015625,0.05353284999728203,2272.2634430753583,0.04713215451759062,24.633962631225586,0.00595057150349021
crying_processed\wNa98vN47B8_seg124.wav,True,5.0,0.535736083984375,0.05498264729976654,2604.0792359372585,0.05493736673773987,16.929513931274414,3.0020482540130615
crying_processed\wNa98vN47B8_seg125.wav,True,5.0,0.53851318359375,0.04642326384782791,2502.751324174194,0.05013680203891258,28.709299087524414,0.5770640969276428
crying_processed\wNa98vN47B8_seg126.wav,True,5.0,0.52691650390625,0.035378191620111465,2592.525918980672,0.05341734408315565,40.4775390625,0.25039321184158325
crying_processed\wNa98vN47B8_seg127.wav,True,5.0,0.5889892578125,0.060543935745954514,2460.6901686192004,0.04724147121535181,18.511920928955078,1.423376202583313
crying_processed\wNa98vN47B8_seg128.wav,True,5.0,0.554656982421875,0.059193503111600876,2413.248752382704,0.05044913546108742,14.915672302246094,1.2558863162994385
crying_processed\wNa98vN47B8_seg129.wav,True,5.0,0.498565673828125,0.03460608422756195,2938.572305038312,0.05591913479477612,37.86494445800781,0.3981701731681824
crying_processed\wNa98vN47B8_seg13.wav,True,5.0,0.569793701171875,0.05424623191356659,2473.446921277976,0.0472643756663113,16.961551666259766,0.12173916399478912
crying_processed\wNa98vN47B8_seg130.wav,True,5.0,0.549407958984375,0.04397282376885414,2516.568347216477,0.04992025086620469,34.45357131958008,0.03768736496567726
crying_processed\wNa98vN47B8_seg131.wav,True,5.0,0.55706787109375,0.05493761599063873,2516.3991137747266,0.05330073960554371,19.60232162475586,0.12016341835260391
crying_processed\wNa98vN47B8_seg132.wav,True,5.0,0.549713134765625,0.054879892617464066,2678.9456962451654,0.05300402285447761,22.8306827545166,0.44349926710128784
crying_processed\wNa98vN47B8_seg133.wav,True,5.0,0.515899658203125,0.04938727989792824,2391.7792833247113,0.046157674240405115,19.43867301940918,0.10396457463502884
crying_processed\wNa98vN47B8_seg134.wav,True,5.0,0.526092529296875,0.04762949422001839,2173.8249346862517,0.04818263592750533,28.175325393676758,1.5689855813980103
crying_processed\wNa98vN47B8_seg135.wav,True,5.0,0.5062255859375,0.04118986800312996,2701.397291142616,0.05685301172707889,29.32730484008789,1.9112313985824585
crying_processed\wNa98vN47B8_seg136.wav,True,5.0,0.537261962890625,0.054183024913072586,2606.8881576919334,0.05736211520522388,19.80337142944336,0.05894239619374275
crying_processed\wNa98vN47B8_seg137.wav,True,5.0,0.558380126953125,0.05396648496389389,2457.945099213003,0.051428821295309166,23.907814025878906,0.5074447393417358
crying_processed\wNa98vN47B8_seg138.wav,True,5.0,0.532379150390625,0.05060257017612457,2270.6743396727816,0.04339560567697228,19.210268020629883,0.3255947530269623
crying_processed\wNa98vN47B8_seg139.wav,True,5.0,0.529693603515625,0.04119967296719551,2460.512407990552,0.04938511960287847,33.00566864013672,2.157869338989258
crying_processed\wNa98vN47B8_seg14.wav,True,5.0,0.549713134765625,0.04640071466565132,2314.2140470469126,0.04943196961620469,28.99461555480957,0.49654218554496765
crying_processed\wNa98vN47B8_seg140.wav,True,5.0,0.554656982421875,0.04588199034333229,2764.36863801929,0.05588061367270789,29.88414764404297,2.825479745864868
crying_processed\wNa98vN47B8_seg141.wav,True,5.0,0.553436279296875,0.05653989687561989,2432.041156621962,0.05449072994402985,18.597190856933594,0.9979661107063293
crying_processed\wNa98vN47B8_seg142.wav,True,5.0,0.59783935546875,0.05371522530913353,2512.7569339801994,0.049529834088486144,24.989585876464844,0.2797309160232544
crying_processed\wNa98vN47B8_seg143.wav,True,5.0,0.529296875,0.051107268780469894,2526.5474989533686,0.0475527635261194,17.859256744384766,0.0915742889046669
crying_processed\wNa98vN47B8_seg144.wav,True,5.0,0.528045654296875,0.046589311212301254,2299.8268387830176,0.051068596748400856,30.557533264160156,1.3863024711608887
crying_processed\wNa98vN47B8_seg145.wav,True,5.0,0.524322509765625,0.04236718267202377,2413.9294511658227,0.05130388792643923,29.606510162353516,1.6543480157852173
crying_processed\wNa98vN47B8_seg146.wav,True,5.0,0.53564453125,0.047843486070632935,2874.9484194815036,0.06066347947761194,25.42585563659668,0.33806270360946655
crying_processed\wNa98vN47B8_seg147.wav,True,5.0,0.57342529296875,0.05307800695300102,2530.100852542244,0.047550681303304906,26.697891235351562,0.03118281252682209
crying_processed\wNa98vN47B8_seg148.wav,True,5.0,0.52423095703125,0.05564437434077263,2306.912793476178,0.04884478278251599,16.350648880004883,2.697141408920288
crying_processed\wNa98vN47B8_seg149.wav,True,5.0,0.539276123046875,0.046553853899240494,2300.468394843318,0.04762876465884861,27.641523361206055,0.5070813894271851
crying_processed\wNa98vN47B8_seg15.wav,True,5.0,0.5426025390625,0.041771337389945984,2458.5119236071882,0.048637601612473345,33.768245697021484,0.712443470954895
crying_processed\wNa98vN47B8_seg150.wav,True,5.0,0.527984619140625,0.035841766744852066,2887.2892411507983,0.05914658015724947,39.72039031982422,0.3100985884666443
crying_processed\wNa98vN47B8_seg151.wav,True,5.0,0.63970947265625,0.06193121150135994,2666.010125262521,0.05419193097014925,17.687685012817383,1.826809048652649
crying_processed\wNa98vN47B8_seg152.wav,True,5.0,0.5479736328125,0.059062935411930084,2226.7650236437753,0.047162346748400856,15.05453872680664,1.255622148513794
crying_processed\wNa98vN47B8_seg153.wav,True,5.0,0.512481689453125,0.03322300314903259,2492.8201282214723,0.04954961520522388,43.104305267333984,0.08215078711509705
crying_processed\wNa98vN47B8_seg154.wav,True,5.0,0.552459716796875,0.052372802048921585,2443.3018359464427,0.04913941731076759,23.09190559387207,0.08613020181655884
crying_processed\wNa98vN47B8_seg155.wav,True,5.0,0.556121826171875,0.03684164211153984,2563.9844358614428,0.05604094482942431,35.49163055419922,0.5765893459320068
crying_processed\wNa98vN47B8_seg156.wav,True,5.0,0.568878173828125,0.060805898159742355,2639.5830191857012,0.05062404217750533,18.825092315673828,1.452286720275879
crying_processed\wNa98vN47B8_seg157.wav,True,5.0,0.569854736328125,0.05936024710536003,2559.074975977318,0.052389767124200425,14.73664665222168,1.2321370840072632
crying_processed\wNa98vN47B8_seg158.wav,True,5.0,0.526763916015625,0.03433579206466675,2388.166010519966,0.04829091151385927,37.7164421081543,0.37388285994529724
crying_processed\wNa98vN47B8_seg159.wav,True,5.0,0.537445068359375,0.044278062880039215,2411.502497551591,0.04652414545575693,32.72114181518555,0.03825322166085243
crying_processed\wNa98vN47B8_seg16.wav,True,5.0,0.53204345703125,0.05156100541353226,2463.01606329527,0.05662292610607676,20.634628295898438,1.0046510696411133
crying_processed\wNa98vN47B8_seg160.wav,True,5.0,0.583770751953125,0.05119842290878296,2557.0992660843567,0.054535497734541576,23.598955154418945,0.015134340152144432
crying_processed\wNa98vN47B8_seg161.wav,True,5.0,0.54296875,0.057536594569683075,2986.170547202142,0.05577962586620469,20.39500617980957,0.9597785472869873
crying_processed\wNa98vN47B8_seg162.wav,True,5.0,0.54119873046875,0.05044330656528473,2554.5220428022926,0.04833880263859275,18.69194221496582,0.32241538166999817
crying_processed\wNa98vN47B8_seg163.wav,True,5.0,0.515472412109375,0.03446684032678604,2273.5105698569905,0.04610561867004265,37.29670715332031,2.3612873554229736
crying_processed\wNa98vN47B8_seg164.wav,True,5.0,0.534454345703125,0.05150619149208069,2620.913849228222,0.05386918643390192,23.79877471923828,2.7639832496643066
crying_processed\wNa98vN47B8_seg165.wav,True,5.0,0.54931640625,0.05496465787291527,2650.4310612764602,0.05812837320095949,20.160966873168945,0.06853192299604416
crying_processed\wNa98vN47B8_seg166.wav,True,5.0,0.57061767578125,0.05518728867173195,2345.1427693916908,0.04985778418176972,21.932207107543945,0.4750500023365021
crying_processed\wNa98vN47B8_seg167.wav,True,5.0,0.533721923828125,0.04965154081583023,2568.3338783132685,0.04843770822228145,19.618017196655273,0.09930255264043808
crying_processed\wNa98vN47B8_seg168.wav,True,5.0,0.545501708984375,0.04420110210776329,2421.2822836964124,0.0497120285847548,28.094242095947266,1.7890849113464355
crying_processed\wNa98vN47B8_seg169.wav,True,5.0,0.5423583984375,0.0465569794178009,2489.527427925771,0.05352978411513859,28.610862731933594,2.1638712882995605
crying_processed\wNa98vN47B8_seg17.wav,True,5.0,0.550445556640625,0.05204712226986885,2910.264536219934,0.05091347114872068,26.207923889160156,0.03409935161471367
crying_processed\wNa98vN47B8_seg170.wav,True,5.0,0.547393798828125,0.04716840386390686,2450.787858419062,0.05240330157249467,26.004350662231445,0.18182572722434998
crying_processed\wNa98vN47B8_seg171.wav,True,5.0,0.662322998046875,0.0535532683134079,2543.251675258807,0.047876549173773986,25.27136993408203,9.355686052003875e-05
crying_processed\wNa98vN47B8_seg172.wav,True,5.0,0.580657958984375,0.05533396452665329,2648.776914874388,0.05574318696695096,17.042625427246094,2.9660983085632324
crying_processed\wNa98vN47B8_seg173.wav,True,5.0,0.566802978515625,0.04630270227789879,2371.801639945587,0.0490238539445629,27.53753662109375,0.47573035955429077
crying_processed\wNa98vN47B8_seg174.wav,True,5.0,0.528167724609375,0.044481657445430756,2478.9729896693148,0.05085725113272921,26.98900032043457,0.1715463399887085
crying_processed\wNa98vN47B8_seg175.wav,True,5.0,0.531982421875,0.04627105966210365,2582.205647987668,0.05060217883795309,28.190589904785156,0.034096769988536835
crying_processed\wNa98vN47B8_seg176.wav,True,5.0,0.568572998046875,0.06332594156265259,2493.130178680987,0.049659973014392324,15.124887466430664,1.8624050617218018
crying_processed\wNa98vN47B8_seg177.wav,True,5.0,0.533203125,0.04501347616314888,2335.1997223823414,0.050506396588486144,27.340574264526367,2.45487642288208
crying_processed\wNa98vN47B8_seg178.wav,True,5.0,0.511077880859375,0.044820912182331085,2634.4669513081635,0.048410639325692964,29.481216430664062,0.41680940985679626
crying_processed\wNa98vN47B8_seg179.wav,True,5.0,0.5203857421875,0.04499456658959389,2590.087258279749,0.057866013126332626,26.337644577026367,1.8333089351654053
crying_processed\wNa98vN47B8_seg18.wav,True,5.0,0.555572509765625,0.056535471230745316,2341.2711116958044,0.05084996335287847,15.833623886108398,1.927969217300415
crying_processed\wNa98vN47B8_seg180.wav,True,5.0,0.544952392578125,0.04617759957909584,2529.098273726192,0.04733725346481876,28.533161163330078,0.010264468379318714
crying_processed\wNa98vN47B8_seg181.wav,True,5.0,0.59246826171875,0.06861584633588791,2321.9579424934714,0.047453857942430705,13.007728576660156,2.333761215209961
crying_processed\wNa98vN47B8_seg182.wav,True,5.0,0.572296142578125,0.03852734714746475,2451.157016600335,0.05318829957356077,29.917888641357422,1.423545002937317
crying_processed\wNa98vN47B8_seg183.wav,True,5.0,0.555572509765625,0.04419154301285744,2920.9026372521803,0.05219612040245203,34.67940139770508,0.13876092433929443
crying_processed\wNa98vN47B8_seg184.wav,True,5.0,0.59637451171875,0.04761279746890068,2559.431753060237,0.05237623267590618,26.47901725769043,0.09357573837041855
crying_processed\wNa98vN47B8_seg185.wav,True,5.0,0.58026123046875,0.05936572328209877,2486.5846712169255,0.05191814365671642,19.061765670776367,1.3456408977508545
crying_processed\wNa98vN47B8_seg186.wav,True,5.0,0.52008056640625,0.0520772710442543,2503.5355503311266,0.04907799173773987,17.480106353759766,0.4796280562877655
crying_processed\wNa98vN47B8_seg187.wav,True,5.0,0.500274658203125,0.03289145231246948,2422.382125993396,0.048064990338486144,40.72660827636719,0.7370092868804932
crying_processed\wNa98vN47B8_seg188.wav,True,5.0,0.542083740234375,0.04608884081244469,2402.5920949657893,0.05281245835554371,29.526084899902344,2.9223225116729736
crying_processed\wNa98vN47B8_seg189.wav,True,5.0,0.555023193359375,0.05600206181406975,2803.3850739026248,0.060914387326759065,18.610719680786133,1.5618183612823486
crying_processed\wNa98vN47B8_seg19.wav,True,5.0,0.5615234375,0.046408213675022125,2319.137086249665,0.04876357609275053,28.271516799926758,0.3608093857765198
crying_processed\wNa98vN47B8_seg190.wav,True,5.0,0.55682373046875,0.052270736545324326,2593.3648458593407,0.04878752165511727,26.045269012451172,0.038070641458034515
crying_processed\wNa98vN47B8_seg191.wav,True,5.0,0.55780029296875,0.056227006018161774,2325.544381836938,0.04775786247334755,16.321104049682617,1.7309647798538208
crying_processed\wNa98vN47B8_seg192.wav,True,5.0,0.5458984375,0.046871382743120193,2260.664571259423,0.047230018989872065,27.491737365722656,0.2154376208782196
crying_processed\wNa98vN47B8_seg193.wav,True,5.0,0.522064208984375,0.03571409359574318,2761.911218437368,0.05885506896321962,38.819698333740234,0.11506593972444534
crying_processed\wNa98vN47B8_seg194.wav,True,5.0,0.5439453125,0.04634964466094971,2818.9942863917145,0.05052305437100213,29.071224212646484,0.011711047030985355
crying_processed\wNa98vN47B8_seg195.wav,True,5.0,0.553131103515625,0.06688383221626282,2425.1512619923833,0.04842000932835821,13.179393768310547,2.370814323425293
crying_processed\wNa98vN47B8_seg196.wav,True,5.0,0.548004150390625,0.04019571840763092,2419.4329488496733,0.05263651052771855,29.54828643798828,1.8676990270614624
crying_processed\wNa98vN47B8_seg197.wav,True,5.0,0.5472412109375,0.045345284044742584,2602.4423977081315,0.04788904251066098,32.710140228271484,0.23923002183437347
crying_processed\wNa98vN47B8_seg198.wav,True,5.0,0.5552978515625,0.035917021334171295,2633.2402985444796,0.05493840784914712,39.13463592529297,0.25989243388175964
crying_processed\wNa98vN47B8_seg199.wav,True,5.0,0.56414794921875,0.06649045646190643,2540.3457459685187,0.05212011926972281,15.052680969238281,1.9630628824234009
crying_processed\wNa98vN47B8_seg2.wav,True,5.0,0.529937744140625,0.05477359890937805,2322.010905069716,0.048215951492537316,15.976095199584961,0.6818453669548035
crying_processed\wNa98vN47B8_seg20.wav,True,5.0,0.528411865234375,0.03615102171897888,2587.409251023895,0.053017557302771856,38.8438835144043,0.10438244789838791
crying_processed\wNa98vN47B8_seg200.wav,True,5.0,0.557403564453125,0.053428854793310165,2561.5249607004484,0.05115292677238806,17.266395568847656,0.4264878034591675
crying_processed\wNa98vN47B8_seg201.wav,True,5.0,0.532958984375,0.03294666111469269,2454.886570027647,0.04764750466417911,42.94908905029297,0.017555536702275276
crying_processed\wNa98vN47B8_seg202.wav,True,5.0,0.53851318359375,0.04466986283659935,2498.003404797653,0.05122788679371002,32.8182373046875,1.602647304534912
crying_processed\wNa98vN47B8_seg203.wav,True,5.0,0.53179931640625,0.055340539664030075,2410.3463636853303,0.05291240505063966,18.217920303344727,0.9419470429420471
crying_processed\wNa98vN47B8_seg204.wav,True,5.0,0.5902099609375,0.053973931819200516,2814.2030365834717,0.05504147787846482,24.146814346313477,0.37108948826789856
crying_processed\wNa98vN47B8_seg205.wav,True,5.0,0.54815673828125,0.050072573125362396,2588.4386188013514,0.04620660647654584,20.12031364440918,0.10035981982946396
crying_processed\wNa98vN47B8_seg206.wav,True,5.0,0.539276123046875,0.047276243567466736,2310.2349199737173,0.04745281683102345,27.638168334960938,1.564019799232483
crying_processed\wNa98vN47B8_seg207.wav,True,5.0,0.522613525390625,0.04036502167582512,2671.2125874592894,0.05398474980010661,32.861839294433594,2.0090649127960205
crying_processed\wNa98vN47B8_seg208.wav,True,5.0,0.54510498046875,0.05712221562862396,2590.245265411209,0.05764842084221748,17.48372459411621,1.604382872581482
crying_processed\wNa98vN47B8_seg209.wav,True,5.0,0.553680419921875,0.05353561043739319,2331.1513496531215,0.04833672041577825,24.584754943847656,0.16297246515750885
crying_processed\wNa98vN47B8_seg21.wav,True,5.0,0.5233154296875,0.05647002160549164,2989.9921679527297,0.061202775186567165,17.0277042388916,1.6043070554733276
crying_processed\wNa98vN47B8_seg210.wav,True,5.0,0.58349609375,0.054506514221429825,2437.72748989065,0.04933098180970149,17.439729690551758,0.07717135548591614
crying_processed\wNa98vN47B8_seg211.wav,True,5.0,0.56463623046875,0.04571627825498581,2565.24426384501,0.05105193896588486,32.05171585083008,0.5207063555717468
crying_processed\wNa98vN47B8_seg212.wav,True,5.0,0.49725341796875,0.039932917803525925,2517.475168071582,0.05805133095682303,27.684051513671875,1.0628042221069336
crying_processed\wNa98vN47B8_seg213.wav,True,5.0,0.52252197265625,0.04630555585026741,2456.4850951745316,0.047235224546908317,28.357431411743164,0.012964265421032906
crying_processed\wNa98vN47B8_seg214.wav,True,5.0,0.53778076171875,0.06673552095890045,2476.7512856316066,0.04897804504264392,13.611751556396484,1.6950627565383911
crying_processed\wNa98vN47B8_seg215.wav,True,5.0,0.595611572265625,0.0403544045984745,2848.881702772056,0.05914137460021322,27.15897560119629,1.9238582849502563
crying_processed\wNa98vN47B8_seg216.wav,True,5.0,0.568450927734375,0.044719841331243515,2467.829475911543,0.048707356076759065,33.51041793823242,0.24520333111286163
crying_processed\wNa98vN47B8_seg217.wav,True,5.0,0.5872802734375,0.04761691018939018,2562.271092791472,0.053409015191897655,26.941967010498047,0.09536825120449066
crying_processed\wNa98vN47B8_seg218.wav,True,5.0,0.564605712890625,0.059366896748542786,2685.5556137617223,0.05491758562100213,18.81244659423828,1.3414943218231201
crying_processed\wNa98vN47B8_seg219.wav,True,5.0,0.546295166015625,0.05213702470064163,2398.0412725346314,0.04726333455490405,17.322296142578125,0.4899711608886719
crying_processed\wNa98vN47B8_seg22.wav,True,5.0,0.568695068359375,0.05335485562682152,2692.6101860091603,0.050460587686567165,25.659879684448242,0.17472273111343384
crying_processed\wNa98vN47B8_seg220.wav,True,5.0,0.52557373046875,0.033167023211717606,2195.062572487827,0.04661472214818763,40.71240997314453,0.7140935659408569
crying_processed\wNa98vN47B8_seg221.wav,True,5.0,0.573883056640625,0.04534829780459404,2697.2321764430617,0.054869694496268655,33.15777587890625,3.0483341217041016
crying_processed\wNa98vN47B8_seg222.wav,True,5.0,0.565399169921875,0.05568781867623329,2630.1089362040548,0.05772962753198294,18.664196014404297,1.0148817300796509
crying_processed\wNa98vN47B8_seg223.wav,True,5.0,0.5633544921875,0.05351412296295166,2472.2944410945297,0.050824976679104475,23.958139419555664,0.34423622488975525
crying_processed\wNa98vN47B8_seg224.wav,True,5.0,0.524383544921875,0.05073927715420723,2271.4777235578586,0.042996860007995734,18.77149772644043,0.0958133190870285
crying_processed\wNa98vN47B8_seg225.wav,True,5.0,0.54730224609375,0.046660684049129486,2427.5406367497208,0.04969224746801706,28.6897029876709,1.4416662454605103
crying_processed\wNa98vN47B8_seg226.wav,True,5.0,0.5299072265625,0.04373815655708313,2874.2540387159515,0.061260036313965885,28.031902313232422,1.6653778553009033
crying_processed\wNa98vN47B8_seg227.wav,True,5.0,0.5413818359375,0.04666617140173912,2514.637121864928,0.051917102545309166,28.01706314086914,0.06623271852731705
crying_processed\wNa98vN47B8_seg228.wav,True,5.0,0.597381591796875,0.05936983600258827,2515.2649380766047,0.04694059001865672,17.527095794677734,0.13756243884563446
crying_processed\wNa98vN47B8_seg229.wav,True,5.0,0.513153076171875,0.049091290682554245,2455.8501167085005,0.05388896755063966,23.507234573364258,2.7710602283477783
crying_processed\wNa98vN47B8_seg23.wav,True,5.0,0.55291748046875,0.053712908178567886,2277.7318305311055,0.045904684168443496,16.80181312561035,0.08537497371435165
crying_processed\wNa98vN47B8_seg230.wav,True,5.0,0.554779052734375,0.04621824622154236,2471.8145250659595,0.0504824510261194,29.121471405029297,0.6331536769866943
crying_processed\wNa98vN47B8_seg231.wav,True,5.0,0.520416259765625,0.055834829807281494,2358.024412656045,0.053717184168443496,18.477388381958008,0.9669277667999268
crying_processed\wNa98vN47B8_seg232.wav,True,5.0,0.56256103515625,0.0536256767809391,2816.533502561198,0.05345065964818763,23.72977066040039,0.3788517713546753
crying_processed\wNa98vN47B8_seg233.wav,True,5.0,0.502838134765625,0.0496942512691021,2541.662591675804,0.045612131863006396,19.2204647064209,0.1000450924038887
crying_processed\wNa98vN47B8_seg234.wav,True,5.0,0.53466796875,0.04724092409014702,2328.2079421514486,0.048784398320895525,28.222759246826172,1.5001933574676514
crying_processed\wNa98vN47B8_seg235.wav,True,5.0,0.517669677734375,0.043443482369184494,2492.000189745949,0.05585875033315565,25.81473159790039,1.6654441356658936
crying_processed\wNa98vN47B8_seg236.wav,True,5.0,0.545989990234375,0.04631864279508591,2996.554309088542,0.053082106210021324,28.799264907836914,0.012930081225931644
crying_processed\wNa98vN47B8_seg237.wav,True,5.0,0.58453369140625,0.06712724268436432,2638.6182377315304,0.05135282016257996,13.791513442993164,2.0396499633789062
crying_processed\wNa98vN47B8_seg238.wav,True,5.0,0.525360107421875,0.039936844259500504,2293.51493780768,0.05051576659115139,26.639177322387695,1.8656409978866577
crying_processed\wNa98vN47B8_seg239.wav,True,5.0,0.5504150390625,0.045243002474308014,2485.995362097213,0.04720607342750533,32.50786209106445,0.24057668447494507
crying_processed\wNa98vN47B8_seg24.wav,True,5.0,0.5355224609375,0.04540145769715309,2570.071690554,0.04989005863539445,30.938434600830078,0.5454081892967224
crying_processed\wNa98vN47B8_seg240.wav,True,5.0,0.544677734375,0.03593016043305397,2760.151196358774,0.05530279684168443,38.596954345703125,0.367219477891922
crying_processed\wNa98vN47B8_seg241.wav,True,5.0,0.583099365234375,0.061639852821826935,2453.9119797185695,0.052590701625799575,17.486133575439453,1.8059393167495728
crying_processed\wNa98vN47B8_seg242.wav,True,5.0,0.52215576171875,0.05815717950463295,2201.7100786177525,0.04964852078891258,14.55876350402832,1.219351887702942
crying_processed\wNa98vN47B8_seg243.wav,True,5.0,0.50274658203125,0.033180221915245056,2700.0646572432506,0.05176510027985075,39.668575286865234,0.08176813274621964
crying_processed\wNa98vN47B8_seg244.wav,True,5.0,0.533966064453125,0.044019028544425964,2554.027916692048,0.053078982875799575,34.6862678527832,0.12268481403589249
crying_processed\wNa98vN47B8_seg245.wav,True,5.0,0.54046630859375,0.05527122691273689,2487.459361345232,0.05503314898720682,18.728830337524414,1.034900426864624
crying_processed\wNa98vN47B8_seg246.wav,True,5.0,0.582855224609375,0.05412561446428299,2418.4984786700206,0.04878127498667378,23.72462272644043,0.36739394068717957
crying_processed\wNa98vN47B8_seg247.wav,True,5.0,0.51519775390625,0.05005129799246788,2684.292538019163,0.04922687066897655,18.87099266052246,0.09752257168292999
crying_processed\wNa98vN47B8_seg248.wav,True,5.0,0.5511474609375,0.04765120893716812,2441.76895863898,0.050533465485074626,29.210060119628906,1.5227413177490234
crying_processed\wNa98vN47B8_seg249.wav,True,5.0,0.539520263671875,0.04237144812941551,2485.1174345464324,0.051628714685501065,29.369850158691406,1.685378074645996
crying_processed\wNa98vN47B8_seg25.wav,True,5.0,0.523223876953125,0.03752652928233147,2558.0611053627613,0.053878556436567165,33.41659927368164,1.1951813697814941
crying_processed\wNa98vN47B8_seg250.wav,True,5.0,0.548614501953125,0.04781149700284004,2615.9221015516123,0.057469349680170576,25.082185745239258,0.34568408131599426
crying_processed\wNa98vN47B8_seg251.wav,True,5.0,0.57403564453125,0.052614882588386536,2670.1953279550557,0.04856160047974414,26.162220001220703,0.02627580240368843
crying_processed\wNa98vN47B8_seg252.wav,True,5.0,0.5572509765625,0.055945128202438354,2264.2142220304286,0.04977865971481876,16.346708297729492,2.7115797996520996
crying_processed\wNa98vN47B8_seg253.wav,True,5.0,0.534698486328125,0.04639894887804985,2353.760871498928,0.04928517290778252,27.18903350830078,0.5023311972618103
crying_processed\wNa98vN47B8_seg254.wav,True,5.0,0.535491943359375,0.03561415895819664,2811.0954287471045,0.056765558368869935,39.605926513671875,0.29925301671028137
crying_processed\wNa98vN47B8_seg255.wav,True,5.0,0.572723388671875,0.06275032460689545,2512.310184619617,0.05286867837153518,16.41890525817871,1.729844570159912
crying_processed\wNa98vN47B8_seg256.wav,True,5.0,0.532196044921875,0.05770629271864891,2282.745043301127,0.04779117803837953,15.753534317016602,1.0942845344543457
crying_processed\wNa98vN47B8_seg257.wav,True,5.0,0.507904052734375,0.03369159251451492,2360.2731393401136,0.04652310434434968,44.48836898803711,0.0776912122964859
crying_processed\wNa98vN47B8_seg258.wav,True,5.0,0.57196044921875,0.0441310741007328,2935.4546863795185,0.05752765191897655,35.70928192138672,0.17064188420772552
crying_processed\wNa98vN47B8_seg259.wav,True,5.0,0.548919677734375,0.055957943201065063,2608.8105063607245,0.05509978011727079,18.782978057861328,0.3268706500530243
crying_processed\wNa98vN47B8_seg26.wav,True,5.0,0.535675048828125,0.05678688734769821,2455.40927728549,0.055543293576759065,17.273090362548828,1.6002765893936157
crying_processed\wNa98vN47B8_seg260.wav,True,5.0,0.581298828125,0.05441218987107277,2502.7991056511173,0.051278901252665245,24.71552848815918,0.3552762567996979
crying_processed\wNa98vN47B8_seg261.wav,True,5.0,0.5286865234375,0.050041038542985916,2521.7071009293372,0.04519464618869936,19.976810455322266,0.09969783574342728
crying_processed\wNa98vN47B8_seg262.wav,True,5.0,0.5400390625,0.04737980663776398,2415.9112124196263,0.050179487606609806,27.780317306518555,1.5736432075500488
crying_processed\wNa98vN47B8_seg263.wav,True,5.0,0.51190185546875,0.04262739047408104,2411.05015751551,0.05231584821428571,28.251073837280273,1.7669428586959839
crying_processed\wNa98vN47B8_seg264.wav,True,5.0,0.583892822265625,0.04771265760064125,2733.2790425820704,0.05761614638859275,25.264068603515625,0.344362735748291
crying_processed\wNa98vN47B8_seg265.wav,True,5.0,0.5594482421875,0.053099676966667175,2689.838239095858,0.04913212953091684,26.126636505126953,0.026621880009770393
crying_processed\wNa98vN47B8_seg266.wav,True,5.0,0.531646728515625,0.05539045110344887,2316.6123397039173,0.051006130063965885,16.03203582763672,2.7169930934906006
crying_processed\wNa98vN47B8_seg267.wav,True,5.0,0.5308837890625,0.04644572362303734,2267.3948671891612,0.04614413979211088,27.937410354614258,0.506327211856842
crying_processed\wNa98vN47B8_seg268.wav,True,5.0,0.528350830078125,0.04553036391735077,2492.1071016374094,0.05068754997334755,24.939964294433594,0.16840516030788422
crying_processed\wNa98vN47B8_seg269.wav,True,5.0,0.56524658203125,0.04670210927724838,3032.9814659633053,0.06151614972014925,28.663860321044922,0.06818810850381851
crying_processed\wNa98vN47B8_seg27.wav,True,5.0,0.594573974609375,0.05296207591891289,2598.8494920687117,0.050417902118869935,25.9986629486084,0.1689673364162445
crying_processed\wNa98vN47B8_seg270.wav,True,5.0,0.59283447265625,0.05608474835753441,2481.244878562367,0.045930711953624734,22.016128540039062,0.12090468406677246
crying_processed\wNa98vN47B8_seg271.wav,True,5.0,0.5482177734375,0.05320478975772858,2345.9972165595736,0.0514631779717484,19.090316772460938,3.130166530609131
crying_processed\wNa98vN47B8_seg272.wav,True,5.0,0.537994384765625,0.04649590328335762,2636.8957811868104,0.05177342917110874,28.35400390625,0.4979444146156311
crying_processed\wNa98vN47B8_seg273.wav,True,5.0,0.56011962890625,0.05475858971476555,2548.8914914993675,0.05497172341417911,20.225990295410156,0.02018064074218273
crying_processed\wNa98vN47B8_seg274.wav,True,5.0,0.585235595703125,0.05372600257396698,2386.3576371056515,0.05270314165778252,23.978662490844727,0.5025237798690796
crying_processed\wNa98vN47B8_seg275.wav,True,5.0,0.535797119140625,0.05077837407588959,2704.506785913891,0.04845436600479744,19.14320182800293,0.3278237283229828
crying_processed\wNa98vN47B8_seg276.wav,True,5.0,0.56378173828125,0.04184635356068611,2403.4635694894346,0.04868965718283582,33.97801208496094,2.1373653411865234
crying_processed\wNa98vN47B8_seg277.wav,True,5.0,0.55279541015625,0.049658916890621185,2509.493488649336,0.05902060567697228,23.177743911743164,2.4096152782440186
crying_processed\wNa98vN47B8_seg278.wav,True,5.0,0.597381591796875,0.04634048417210579,2366.81274258718,0.045405991804371,28.975175857543945,0.03428320959210396
crying_processed\wNa98vN47B8_seg279.wav,True,5.0,0.629486083984375,0.06511502712965012,2536.205593980377,0.048587628264925374,14.40342903137207,1.8351020812988281
crying_processed\wNa98vN47B8_seg28.wav,True,5.0,0.526092529296875,0.05462174490094185,2593.8829280401123,0.04762043576759062,16.60320472717285,0.14510118961334229
crying_processed\wNa98vN47B8_seg280.wav,True,5.0,0.53509521484375,0.04253481701016426,2673.158337712409,0.056923807302771856,28.69733428955078,2.19132137298584
crying_processed\wNa98vN47B8_seg281.wav,True,5.0,0.55706787109375,0.04573451727628708,2386.341988522375,0.04576101079424307,30.52841567993164,0.4063560962677002
crying_processed\wNa98vN47B8_seg282.wav,True,5.0,0.57183837890625,0.036041636019945145,2687.668740781624,0.05477495335820896,40.64698791503906,0.3143711984157562
crying_processed\wNa98vN47B8_seg283.wav,True,5.0,0.5618896484375,0.0652628168463707,2491.6289449358856,0.05326846515191898,15.812393188476562,1.6526433229446411
crying_processed\wNa98vN47B8_seg284.wav,True,5.0,0.557098388671875,0.05473334342241287,2360.2079640891484,0.04991920975479744,15.929922103881836,0.71546471118927
crying_processed\wNa98vN47B8_seg285.wav,True,5.0,0.570037841796875,0.033255890011787415,2390.269305878349,0.04672403884594883,42.392948150634766,0.08213675767183304
crying_processed\wNa98vN47B8_seg286.wav,True,5.0,0.54937744140625,0.054332997649908066,2708.820649812732,0.05583792810501066,20.46397590637207,0.16277214884757996
crying_processed\wNa98vN47B8_seg287.wav,True,5.0,0.52685546875,0.046760208904743195,2520.1291165508364,0.05562137693230277,26.00937843322754,0.18534600734710693
crying_processed\wNa98vN47B8_seg288.wav,True,5.0,0.598663330078125,0.05328185111284256,2431.3613993237987,0.04575580523720682,24.539997100830078,0.0003938043664675206
crying_processed\wNa98vN47B8_seg289.wav,True,5.0,0.54827880859375,0.055182408541440964,2279.82127007043,0.050306503198294245,17.21491241455078,2.9974288940429688
crying_processed\wNa98vN47B8_seg29.wav,True,5.0,0.54443359375,0.045466773211956024,2337.4396230629195,0.049709946361940295,30.97765350341797,0.5380967259407043
crying_processed\wNa98vN47B8_seg290.wav,True,5.0,0.52191162109375,0.04689390957355499,2548.2119905214377,0.05168077025586354,27.088884353637695,0.5161193609237671
crying_processed\wNa98vN47B8_seg291.wav,True,5.0,0.55322265625,0.04698524996638298,2820.166555090248,0.059049756796375266,27.20847511291504,0.018722228705883026
crying_processed\wNa98vN47B8_seg292.wav,True,5.0,0.5648193359375,0.05932065099477768,2485.0357080902645,0.052025378131663115,19.307188034057617,1.3894412517547607
crying_processed\wNa98vN47B8_seg293.wav,True,5.0,0.5128173828125,0.052100155502557755,2464.2440723610544,0.0482388559434968,17.4186954498291,0.5055172443389893
crying_processed\wNa98vN47B8_seg294.wav,True,5.0,0.537811279296875,0.03343809023499489,2485.191274375769,0.04679066997601279,43.856239318847656,1.0369887351989746
crying_processed\wNa98vN47B8_seg295.wav,True,5.0,0.54669189453125,0.05448125675320625,2394.736007913974,0.05292698061034115,20.575063705444336,2.1045877933502197
crying_processed\wNa98vN47B8_seg296.wav,True,5.0,0.55072021484375,0.04769422486424446,2534.1823911337074,0.05592538146321962,24.68160629272461,0.3229180872440338
crying_processed\wNa98vN47B8_seg297.wav,True,5.0,0.579071044921875,0.052702996879816055,2831.1854251625764,0.05074272887793177,26.080556869506836,0.029974237084388733
crying_processed\wNa98vN47B8_seg298.wav,True,5.0,0.5372314453125,0.055755604058504105,2343.804554831155,0.05119144789445629,16.210866928100586,2.7185120582580566
crying_processed\wNa98vN47B8_seg299.wav,True,5.0,0.546600341796875,0.04636440798640251,2290.590054940342,0.04734870569029851,27.673315048217773,0.3666705787181854
crying_processed\wNa98vN47B8_seg3.wav,True,5.0,0.516571044921875,0.03339824080467224,2594.4683027906754,0.049087361740405115,42.42776107788086,0.0792812779545784
crying_processed\wNa98vN47B8_seg30.wav,True,5.0,0.529632568359375,0.035946689546108246,2472.258511264716,0.04789424806769723,35.52031326293945,1.3081425428390503
crying_processed\wNa98vN47B8_seg300.wav,True,5.0,0.526458740234375,0.03729095309972763,2615.9181754382544,0.05350792077558635,34.22829818725586,0.254975825548172
crying_processed\wNa98vN47B8_seg301.wav,True,5.0,0.58349609375,0.06588192284107208,2902.2275469797596,0.058267882129530914,15.361812591552734,1.903054118156433
crying_processed\wNa98vN47B8_seg302.wav,True,5.0,0.520111083984375,0.0523868091404438,2457.2080279819306,0.048372118203624734,16.62870216369629,0.5664575695991516
crying_processed\wNa98vN47B8_seg303.wav,True,5.0,0.5506591796875,0.03293576091527939,2321.3562237258816,0.04484275053304904,42.64911651611328,0.13607478141784668
crying_processed\wNa98vN47B8_seg304.wav,True,5.0,0.577178955078125,0.04425651580095291,2829.0880377840554,0.05607321928304904,35.046913146972656,3.10224986076355
crying_processed\wNa98vN47B8_seg305.wav,True,5.0,0.5537109375,0.05685819312930107,2653.0154862279614,0.05851254331023454,17.527637481689453,1.6222803592681885
crying_processed\wNa98vN47B8_seg306.wav,True,5.0,0.58563232421875,0.053279809653759,2316.6131148564855,0.04856992937100213,24.887001037597656,0.16736820340156555
crying_processed\wNa98vN47B8_seg307.wav,True,5.0,0.548187255859375,0.054216694086790085,2523.3688275676463,0.04966205523720682,17.148536682128906,0.078577920794487
crying_processed\wNa98vN47B8_seg308.wav,True,5.0,0.569854736328125,0.04552394524216652,2489.886822588493,0.051128981210021324,31.292156219482422,0.5254892110824585
crying_processed\wNa98vN47B8_seg309.wav,True,5.0,0.541259765625,0.04052480682730675,2508.237851520028,0.05295821395255863,28.759864807128906,1.047363042831421
crying_processed\wNa98vN47B8_seg31.wav,True,5.0,0.56427001953125,0.0557061992585659,2475.378662290117,0.05584833921908316,18.010108947753906,1.722746729850769
crying_processed\wNa98vN47B8_seg310.wav,True,5.0,0.581817626953125,0.04668286442756653,2448.1927733892226,0.05011910314498934,28.241056442260742,0.06827087700366974
crying_processed\wNa98vN47B8_seg311.wav,True,5.0,0.577423095703125,0.05750556290149689,2488.8881831668236,0.04769019023187633,18.34426498413086,0.14776551723480225
crying_processed\wNa98vN47B8_seg312.wav,True,5.0,0.526824951171875,0.05089762434363365,2706.924987073745,0.05758699526918976,21.715370178222656,2.930412530899048
crying_processed\wNa98vN47B8_seg313.wav,True,5.0,0.536163330078125,0.04633854329586029,2352.2360574734626,0.04707177005597015,29.084407806396484,0.6232033967971802
crying_processed\wNa98vN47B8_seg314.wav,True,5.0,0.54534912109375,0.036462992429733276,2588.0267586329405,0.05375258195628998,37.60304641723633,0.4403655230998993
crying_processed\wNa98vN47B8_seg315.wav,True,5.0,0.608642578125,0.06099160760641098,2583.395760961853,0.050198227611940295,19.026403427124023,1.4063829183578491
crying_processed\wNa98vN47B8_seg316.wav,True,5.0,0.53521728515625,0.05930529907345772,2491.4747486633746,0.05223880597014925,14.490240097045898,1.2603652477264404
crying_processed\wNa98vN47B8_seg317.wav,True,5.0,0.541961669921875,0.034559398889541626,2251.722200439401,0.046780258861940295,37.719120025634766,0.38666868209838867
crying_processed\wNa98vN47B8_seg318.wav,True,5.0,0.542449951171875,0.04413604736328125,2780.4916645470776,0.05537463352878465,35.347591400146484,0.037567611783742905
crying_processed\wNa98vN47B8_seg319.wav,True,5.0,0.582305908203125,0.05711755156517029,2571.6090369372896,0.0589935367803838,17.756444931030273,1.598775029182434
crying_processed\wNa98vN47B8_seg32.wav,True,5.0,0.564483642578125,0.052634283900260925,3083.7894910723408,0.05337257629264392,25.931703567504883,0.11724936217069626
crying_processed\wNa98vN47B8_seg320.wav,True,5.0,0.601165771484375,0.05354621261358261,2434.6354541108058,0.04934243403518124,25.365671157836914,0.16673921048641205
crying_processed\wNa98vN47B8_seg321.wav,True,5.0,0.521514892578125,0.05427481234073639,2288.4642151621906,0.04479485940831557,17.062644958496094,0.08859459310770035
crying_processed\wNa98vN47B8_seg322.wav,True,5.0,0.56317138671875,0.0457468144595623,2443.2917635206754,0.050202392057569295,30.143341064453125,0.4972805380821228
crying_processed\wNa98vN47B8_seg323.wav,True,5.0,0.542144775390625,0.041805852204561234,2814.832604669228,0.053778609741471216,32.45161056518555,0.8243207931518555
crying_processed\wNa98vN47B8_seg324.wav,True,5.0,0.548126220703125,0.052127961069345474,2511.8824338326845,0.05719449626865672,20.56990623474121,1.0386384725570679
crying_processed\wNa98vN47B8_seg325.wav,True,5.0,0.59259033203125,0.0518750324845314,2571.933755102605,0.046708422174840086,26.97528648376465,0.031882185488939285
crying_processed\wNa98vN47B8_seg326.wav,True,5.0,0.526885986328125,0.056052371859550476,2351.1454256793595,0.050752098880597014,16.03765106201172,1.9201234579086304
crying_processed\wNa98vN47B8_seg327.wav,True,5.0,0.543792724609375,0.04680515080690384,2409.52940082086,0.05051576659115139,27.79774284362793,0.4166699945926666
crying_processed\wNa98vN47B8_seg328.wav,True,5.0,0.520416259765625,0.03539709746837616,2529.8630416324722,0.05107484341684435,34.076839447021484,0.11399910598993301
crying_processed\wNa98vN47B8_seg329.wav,True,5.0,0.531585693359375,0.05594835802912712,2821.4855385128385,0.061491163046375266,18.837778091430664,1.5578011274337769
crying_processed\wNa98vN47B8_seg33.wav,True,5.0,0.534912109375,0.05567067861557007,2431.099807130471,0.04870215051972281,15.726091384887695,1.2540589570999146
crying_processed\wNa98vN47B8_seg330.wav,True,5.0,0.62115478515625,0.05253306403756142,2602.055467659075,0.04962041078091684,26.851062774658203,0.03951665386557579
crying_processed\wNa98vN47B8_seg331.wav,True,5.0,0.575958251953125,0.056130606681108475,2330.306336199523,0.048264883728678036,16.198680877685547,1.740547776222229
crying_processed\wNa98vN47B8_seg332.wav,True,5.0,0.55743408203125,0.04673970118165016,2274.6944227073964,0.04832526819029851,27.79613494873047,0.21251553297042847
crying_processed\wNa98vN47B8_seg333.wav,True,5.0,0.541168212890625,0.03700723499059677,2758.38636874819,0.05636473047707889,36.83744430541992,0.11165797710418701
crying_processed\wNa98vN47B8_seg334.wav,True,5.0,0.5633544921875,0.04620132967829704,2846.8769246165416,0.05248763159648188,28.27735710144043,0.035782184451818466
crying_processed\wNa98vN47B8_seg335.wav,True,5.0,0.58197021484375,0.06671226769685745,2463.8835547474096,0.048199293710021324,13.86705207824707,1.70871901512146
crying_processed\wNa98vN47B8_seg336.wav,True,5.0,0.565704345703125,0.03994905203580856,2467.572786512838,0.05463127998400853,29.766368865966797,1.8137879371643066
crying_processed\wNa98vN47B8_seg337.wav,True,5.0,0.565460205078125,0.04568643495440483,2564.356063438421,0.047723505796908317,30.981739044189453,0.3907952904701233
crying_processed\wNa98vN47B8_seg338.wav,True,5.0,0.5140380859375,0.03572320193052292,2647.7915683775677,0.054566731076759065,37.56401443481445,0.2625882029533386
crying_processed\wNa98vN47B8_seg339.wav,True,5.0,0.573883056640625,0.06656526774168015,2560.2814269112346,0.05239601379264392,15.08902359008789,1.98881196975708
crying_processed\wNa98vN47B8_seg34.wav,True,5.0,0.55499267578125,0.04684519022703171,2267.3034496044334,0.04737161014125799,27.42662239074707,0.19779594242572784
crying_processed\wNa98vN47B8_seg340.wav,True,5.0,0.52642822265625,0.05264904350042343,2570.5132719444955,0.05033773654051173,16.38894271850586,0.4389604926109314
crying_processed\wNa98vN47B8_seg341.wav,True,5.0,0.521392822265625,0.033066559582948685,2439.2241891376716,0.04808581256663113,41.90412521362305,0.01730339601635933
crying_processed\wNa98vN47B8_seg342.wav,True,5.0,0.548797607421875,0.04408647492527962,2473.3010272403612,0.04945591517857143,35.314430236816406,1.6652618646621704
crying_processed\wNa98vN47B8_seg343.wav,True,5.0,0.579803466796875,0.05634017288684845,2456.7790284896787,0.05621689265724947,17.298301696777344,1.717231273651123
crying_processed\wNa98vN47B8_seg344.wav,True,5.0,0.6136474609375,0.05359181761741638,2731.149186445562,0.05148608242270789,25.82518196105957,0.1885622888803482
crying_processed\wNa98vN47B8_seg345.wav,True,5.0,0.511260986328125,0.05452074110507965,2583.286490772975,0.048334638192963755,17.249820709228516,0.12163478881120682
crying_processed\wNa98vN47B8_seg346.wav,True,5.0,0.557708740234375,0.04675300419330597,2305.7022649164237,0.04781304137793177,29.291229248046875,0.49535104632377625
crying_processed\wNa98vN47B8_seg347.wav,True,5.0,0.56842041015625,0.03878578916192055,2717.240420601958,0.05609820595682303,34.3635139465332,0.7846944332122803
crying_processed\wNa98vN47B8_seg348.wav,True,5.0,0.524688720703125,0.04649405926465988,2552.6462168726453,0.05319871068763326,27.831947326660156,0.044184327125549316
crying_processed\wNa98vN47B8_seg349.wav,True,5.0,0.5615234375,0.0623629204928875,2416.414044573665,0.04744448793976546,16.262067794799805,0.6227403283119202
crying_processed\wNa98vN47B8_seg35.wav,True,5.0,0.55181884765625,0.04378080740571022,2658.1443526625562,0.05151523354211088,28.969486236572266,0.0757642611861229
crying_processed\wNa98vN47B8_seg350.wav,True,5.0,0.561370849609375,0.04639328271150589,2495.8901220451285,0.05364638859275053,23.253990173339844,2.622375726699829
crying_processed\wNa98vN47B8_seg351.wav,True,5.0,0.554931640625,0.045391250401735306,2552.2585464462923,0.04870943829957356,32.088436126708984,0.4050314426422119
crying_processed\wNa98vN47B8_seg352.wav,True,5.0,0.548004150390625,0.03662857040762901,2534.6772577066986,0.054654184434968014,37.971092224121094,0.4601818025112152
crying_processed\wNa98vN47B8_seg353.wav,True,5.0,0.561920166015625,0.06065232679247856,2454.7970566660288,0.048703191631130065,18.723617553710938,1.5269904136657715
crying_processed\wNa98vN47B8_seg354.wav,True,5.0,0.571044921875,0.05926964804530144,2319.615926369303,0.05031066764392324,14.491832733154297,1.2710953950881958
crying_processed\wNa98vN47B8_seg355.wav,True,5.0,0.509124755859375,0.034096457064151764,2829.1990520090912,0.05591705257196162,37.56246566772461,0.36904293298721313
crying_processed\wNa98vN47B8_seg356.wav,True,5.0,0.54010009765625,0.04474952444434166,2482.430080459469,0.04845436600479744,32.04661560058594,0.0360184982419014
crying_processed\wNa98vN47B8_seg357.wav,True,5.0,0.549591064453125,0.048304926604032516,2566.90058527373,0.05372238972547974,25.91046142578125,0.01684606447815895
crying_processed\wNa98vN47B8_seg358.wav,True,5.0,0.56939697265625,0.058739885687828064,2700.7116660664547,0.055553704690831554,20.328330993652344,1.3255250453948975
crying_processed\wNa98vN47B8_seg359.wav,True,5.0,0.526458740234375,0.05222436040639877,2395.206372607683,0.0469739055836887,17.46556282043457,0.5225847959518433
crying_processed\wNa98vN47B8_seg36.wav,True,5.0,0.56396484375,0.0478903166949749,2628.7558060033607,0.05638242937100213,25.631406784057617,0.3313077390193939
crying_processed\wNa98vN47B8_seg37.wav,True,5.0,0.601776123046875,0.052985720336437225,2310.6503090353267,0.04667614772121535,25.787721633911133,0.029341641813516617
crying_processed\wNa98vN47B8_seg38.wav,True,5.0,0.52191162109375,0.05602262169122696,2573.628144782137,0.05388063865938166,15.874298095703125,2.7280077934265137
crying_processed\wNa98vN47B8_seg39.wav,True,5.0,0.562957763671875,0.046951256692409515,2453.695018698171,0.050891607809168446,28.894184112548828,0.5042102336883545
crying_processed\wNa98vN47B8_seg4.wav,True,5.0,0.54486083984375,0.052502959966659546,2388.201270114052,0.05110399453624734,22.230051040649414,1.1217031478881836
crying_processed\wNa98vN47B8_seg40.wav,True,5.0,0.560546875,0.035662468522787094,2532.755344207719,0.05339235740938166,41.21424102783203,0.06098318472504616
crying_processed\wNa98vN47B8_seg41.wav,True,5.0,0.557647705078125,0.04752608388662338,2435.8711117107837,0.04732371901652452,26.527376174926758,0.29923394322395325
crying_processed\wNa98vN47B8_seg42.wav,True,5.0,0.57611083984375,0.06929745525121689,2431.2883196691505,0.05028047541311301,12.638092994689941,2.3774654865264893
crying_processed\wNa98vN47B8_seg43.wav,True,5.0,0.496795654296875,0.0368342250585556,2688.9010073732898,0.05572861140724947,32.32673263549805,0.9660101532936096
crying_processed\wNa98vN47B8_seg44.wav,True,5.0,0.546630859375,0.04379953071475029,2526.19472806168,0.049868195295842216,35.214317321777344,0.00016879902977962047
crying_processed\wNa98vN47B8_seg45.wav,True,5.0,0.5482177734375,0.056303367018699646,2478.686893520124,0.05646363606076759,17.19284439086914,1.72157621383667
crying_processed\wNa98vN47B8_seg46.wav,True,5.0,0.615509033203125,0.0529031865298748,2696.478173192488,0.05015137759861407,26.059980392456055,0.12203112989664078
crying_processed\wNa98vN47B8_seg47.wav,True,5.0,0.5146484375,0.0558263398706913,2341.2175012984003,0.048910372801172705,15.912103652954102,0.32097670435905457
crying_processed\wNa98vN47B8_seg48.wav,True,5.0,0.5494384765625,0.04687565192580223,2209.2712617467464,0.04987756529850746,29.095375061035156,0.12227670103311539
crying_processed\wNa98vN47B8_seg49.wav,True,5.0,0.5523681640625,0.03637085482478142,2786.324560132677,0.05326430070628998,37.97370529174805,0.22583884000778198
crying_processed\wNa98vN47B8_seg5.wav,True,5.0,0.547576904296875,0.039757516235113144,2457.0071672135527,0.05353394856076759,32.15522003173828,1.2022557258605957
crying_processed\wNa98vN47B8_seg50.wav,True,5.0,0.5633544921875,0.04725075513124466,2559.1350310263465,0.05564428138326226,26.190019607543945,0.18512941896915436
crying_processed\wNa98vN47B8_seg51.wav,True,5.0,0.5538330078125,0.053222570568323135,2460.9846969190976,0.04625241537846482,23.478038787841797,0.010093510150909424
crying_processed\wNa98vN47B8_seg52.wav,True,5.0,0.524688720703125,0.05490803346037865,2316.6285721684712,0.04995773087686567,17.24200439453125,2.9556405544281006
crying_processed\wNa98vN47B8_seg53.wav,True,5.0,0.52801513671875,0.04650752991437912,2480.844256813716,0.05091971781716418,27.53973960876465,0.586317241191864
crying_processed\wNa98vN47B8_seg54.wav,True,5.0,0.54998779296875,0.04573776200413704,2768.707694523206,0.054374125466417914,24.46675682067871,0.18501143157482147
crying_processed\wNa98vN47B8_seg55.wav,True,5.0,0.527618408203125,0.046670179814100266,2503.8015570362845,0.05399099646855011,27.929847717285156,0.06581505388021469
crying_processed\wNa98vN47B8_seg56.wav,True,5.0,0.5772705078125,0.05459289625287056,2592.413898614788,0.0475485990804904,21.756383895874023,0.028196081519126892
crying_processed\wNa98vN47B8_seg57.wav,True,5.0,0.54119873046875,0.05396505072712898,2357.7652911615382,0.053386110740938165,18.585363388061523,3.1003239154815674
crying_processed\wNa98vN47B8_seg58.wav,True,5.0,0.55841064453125,0.04656288027763367,2374.574876135524,0.048169101479211086,29.431018829345703,0.525499165058136
crying_processed\wNa98vN47B8_seg59.wav,True,5.0,0.5316162109375,0.046059802174568176,2527.500683741865,0.05356101745735608,25.24913215637207,0.31177380681037903
crying_processed\wNa98vN47B8_seg6.wav,True,5.0,0.574493408203125,0.04810630530118942,2824.136321402481,0.05958592917110874,26.064926147460938,0.33755624294281006
crying_processed\wNa98vN47B8_seg60.wav,True,5.0,0.578094482421875,0.04668300226330757,2831.5468634240947,0.05579628364872068,28.70131492614746,0.0662752240896225
crying_processed\wNa98vN47B8_seg61.wav,True,5.0,0.553680419921875,0.06196044385433197,2471.4963521913205,0.04780263026385927,16.29561996459961,0.18704505264759064
crying_processed\wNa98vN47B8_seg62.wav,True,5.0,0.53363037109375,0.046017516404390335,2335.939694206961,0.05104152785181237,25.424161911010742,2.467111110687256
crying_processed\wNa98vN47B8_seg63.wav,True,5.0,0.54388427734375,0.04593533277511597,2334.8067619844423,0.046885411114072496,29.304832458496094,0.6293759346008301
crying_processed\wNa98vN47B8_seg64.wav,True,5.0,0.529205322265625,0.04227915778756142,2919.7034880857987,0.059361049107142856,25.78790855407715,0.19026529788970947
crying_processed\wNa98vN47B8_seg65.wav,True,5.0,0.601531982421875,0.06311465054750443,2630.5670275806433,0.05599409481609808,18.15921401977539,1.708979845046997
crying_processed\wNa98vN47B8_seg66.wav,True,5.0,0.5101318359375,0.05243394896388054,2248.8245748189147,0.04634611540511727,16.578842163085938,0.585156261920929
crying_processed\wNa98vN47B8_seg67.wav,True,5.0,0.540740966796875,0.033098746091127396,2520.9703500418154,0.04840231043443497,44.49641799926758,0.14141152799129486
crying_processed\wNa98vN47B8_seg68.wav,True,5.0,0.56011962890625,0.04386665299534798,2672.842243131366,0.053427755197228144,33.91122055053711,3.0903818607330322
crying_processed\wNa98vN47B8_seg69.wav,True,5.0,0.55584716796875,0.05621175095438957,2420.3056637136415,0.056162754864072496,17.06022834777832,1.709754467010498
crying_processed\wNa98vN47B8_seg7.wav,True,5.0,0.597869873046875,0.05261586606502533,2587.920435504049,0.04854702492004265,26.29286766052246,0.02779390476644039
crying_processed\wNa98vN47B8_seg70.wav,True,5.0,0.600372314453125,0.053546350449323654,2486.7536907865883,0.04936637959754797,25.573835372924805,0.19235892593860626
crying_processed\wNa98vN47B8_seg71.wav,True,5.0,0.5489501953125,0.054717931896448135,2663.3254710756846,0.04960062966417911,17.01716423034668,0.16591814160346985
crying_processed\wNa98vN47B8_seg72.wav,True,5.0,0.56805419921875,0.04652085900306702,2321.168407650882,0.05015658315565032,28.118696212768555,0.45904213190078735
crying_processed\wNa98vN47B8_seg73.wav,True,5.0,0.515716552734375,0.03841472789645195,2465.90830172514,0.04784011027452026,35.25117874145508,0.7419657707214355
crying_processed\wNa98vN47B8_seg74.wav,True,5.0,0.53814697265625,0.04742653667926788,2447.6206894411966,0.05418464319029851,26.5522518157959,0.1913265734910965
crying_processed\wNa98vN47B8_seg75.wav,True,5.0,0.569122314453125,0.05356873199343681,2953.818706129617,0.051236215684968014,24.789079666137695,0.0059528048150241375
crying_processed\wNa98vN47B8_seg76.wav,True,5.0,0.5418701171875,0.05519329383969307,2388.187294037263,0.05146213686034115,16.835935592651367,3.016571521759033
crying_processed\wNa98vN47B8_seg77.wav,True,5.0,0.55810546875,0.046329423785209656,2358.1439009199407,0.04783698694029851,28.47946548461914,0.5903335809707642
crying_processed\wNa98vN47B8_seg78.wav,True,5.0,0.519317626953125,0.03650398924946785,2719.0624368175813,0.05601595815565032,34.60333251953125,0.26195254921913147
crying_processed\wNa98vN47B8_seg79.wav,True,5.0,0.58831787109375,0.04630165919661522,2528.687865301353,0.04892807169509595,28.514230728149414,0.01014802698045969
crying_processed\wNa98vN47B8_seg8.wav,True,5.0,0.53863525390625,0.056127436459064484,2314.2171947465104,0.049956689765458424,16.34880828857422,2.7214133739471436
crying_processed\wNa98vN47B8_seg80.wav,True,5.0,0.55517578125,0.06831518560647964,2303.1141413729333,0.04925081623134328,12.683289527893066,2.297947645187378
crying_processed\wNa98vN47B8_seg81.wav,True,5.0,0.515380859375,0.0386798270046711,2565.0457934729557,0.05460837553304904,29.856773376464844,1.4444626569747925
crying_processed\wNa98vN47B8_seg82.wav,True,5.0,0.561981201171875,0.044228486716747284,2571.257209811426,0.047592325759594885,32.399085998535156,0.13329480588436127
crying_processed\wNa98vN47B8_seg83.wav,True,5.0,0.5242919921875,0.03639057278633118,2537.024705429704,0.05367345748933902,37.819427490234375,0.47299182415008545
crying_processed\wNa98vN47B8_seg84.wav,True,5.0,0.57427978515625,0.06544838100671768,2461.624381974265,0.0503897921108742,15.791746139526367,1.6773043870925903
crying_processed\wNa98vN47B8_seg85.wav,True,5.0,0.543182373046875,0.054806217551231384,2380.138143046524,0.05003477312100213,16.0499324798584,0.6960698962211609
crying_processed\wNa98vN47B8_seg86.wav,True,5.0,0.55792236328125,0.033483851701021194,2982.6686977637737,0.05475204890724947,43.42621994018555,0.07896620780229568
crying_processed\wNa98vN47B8_seg87.wav,True,5.0,0.567962646484375,0.04430924728512764,2501.6489938269933,0.05153605577025586,34.715599060058594,0.4407598674297333
crying_processed\wNa98vN47B8_seg88.wav,True,5.0,0.54644775390625,0.05714453011751175,2465.637411828573,0.055420442430703626,17.582151412963867,1.6024119853973389
crying_processed\wNa98vN47B8_seg89.wav,True,5.0,0.59271240234375,0.053270380944013596,2695.44286096015,0.051360107942430705,26.538623809814453,0.16540463268756866
crying_processed\wNa98vN47B8_seg9.wav,True,5.0,0.541717529296875,0.04681584984064102,2280.72558362629,0.04683023220948827,28.666141510009766,0.5088079571723938
crying_processed\wNa98vN47B8_seg90.wav,True,5.0,0.517486572265625,0.05479930341243744,2342.7708242789936,0.0462857309434968,16.940509796142578,0.1381881684064865
crying_processed\wNa98vN47B8_seg91.wav,True,5.0,0.546630859375,0.04517917335033417,2203.6100733996414,0.04877190498400853,31.451236724853516,0.5198734998703003
crying_processed\wNa98vN47B8_seg92.wav,True,5.0,0.55474853515625,0.03893451765179634,2781.2898772980952,0.05349542743869936,31.023906707763672,1.0997111797332764
crying_processed\wNa98vN47B8_seg93.wav,True,5.0,0.52252197265625,0.048024918884038925,2612.778281230375,0.05882487673240938,25.40675163269043,0.32038551568984985
crying_processed\wNa98vN47B8_seg94.wav,True,5.0,0.565704345703125,0.05272512510418892,2453.061981146205,0.046004630863539446,26.055700302124023,0.030914967879652977
crying_processed\wNa98vN47B8_seg95.wav,True,5.0,0.526519775390625,0.055758681148290634,2274.8379990751946,0.04891141391257996,16.174753189086914,2.7229738235473633
crying_processed\wNa98vN47B8_seg96.wav,True,5.0,0.535491943359375,0.04640579968690872,2427.4776034031115,0.05101550006663113,27.573301315307617,0.3662157952785492
crying_processed\wNa98vN47B8_seg97.wav,True,5.0,0.52490234375,0.03631037846207619,2925.981437957281,0.059388118003731345,36.467525482177734,0.23678764700889587
crying_processed\wNa98vN47B8_seg98.wav,True,5.0,0.539703369140625,0.04607516527175903,2545.5233452070934,0.046415869869402986,28.571624755859375,0.012325158342719078
crying_processed\wNa98vN47B8_seg99.wav,True,5.0,0.5841064453125,0.06709636002779007,2447.3472131062754,0.049248734008528784,13.521554946899414,2.362558603286743
crying_processed\WxsnLwrG_8A_seg0.wav,True,5.0,0.960174560546875,0.13804534077644348,1359.8872901671734,0.02546766724413646,1.8586511611938477,1.1603240966796875
crying_processed\WxsnLwrG_8A_seg1.wav,True,5.0,0.997528076171875,0.3541254699230194,1255.1872761967988,0.01872959421641791,-0.47543978691101074,1.037641167640686
crying_processed\WxsnLwrG_8A_seg10.wav,True,5.0,1.0,0.31277066469192505,1787.7477502033455,0.03552272121535181,0.03991889953613281,0.8749140501022339
crying_processed\WxsnLwrG_8A_seg11.wav,True,5.0,0.9957275390625,0.26457417011260986,1734.7162953883333,0.032570129264392324,0.5921196937561035,1.7880667448043823
crying_processed\WxsnLwrG_8A_seg2.wav,True,5.0,1.0,0.32302096486091614,2111.970471018505,0.04544867737206823,-0.30905699729919434,1.1371651887893677
crying_processed\WxsnLwrG_8A_seg3.wav,True,5.0,0.999969482421875,0.30711498856544495,2216.279889249639,0.04822532149520256,-0.25940632820129395,1.0889853239059448
crying_processed\WxsnLwrG_8A_seg4.wav,True,5.0,0.991119384765625,0.29910773038864136,1766.995854086441,0.03732072061567164,0.02800607681274414,1.4010754823684692
crying_processed\WxsnLwrG_8A_seg5.wav,True,5.0,1.0,0.34739717841148376,1760.3166223202545,0.04302392890458422,0.015964508056640625,0.7731072306632996
crying_processed\WxsnLwrG_8A_seg6.wav,True,5.0,0.998138427734375,0.2783786356449127,1716.538375088888,0.03824730976812367,0.20362544059753418,1.40973699092865
crying_processed\WxsnLwrG_8A_seg7.wav,True,5.0,0.9654541015625,0.29341188073158264,1209.4322395255647,0.026469216417910446,-0.09876775741577148,0.9546559453010559
crying_processed\WxsnLwrG_8A_seg8.wav,True,5.0,1.0,0.34764283895492554,1718.6827880928138,0.04322694562899787,-0.2826979160308838,1.2563252449035645
crying_processed\WxsnLwrG_8A_seg9.wav,True,5.0,0.999969482421875,0.3272213935852051,1682.2533819612343,0.04720190898187633,-0.1790909767150879,0.9970172047615051
