"audio","label","labels","human_label","human_labels","path","dataset_source","split","env","alertable","emergency","file_exists","audio_format","duration","sample_rate","channels","bit_depth","bit_velocity","size","date_modification"
"4f323e9a-51e4-406a-a459-f1244a4280ea_chan6_v0.wav","/C/gun_explosion_a0a388e0","[""/C/gun_explosion_a0a388e0""]","gun_explosion","[""gun_explosion""]","/home/andres/Documentos/proyecto4geeks/data/raw/edge-collected-gunshot-audio/gunshot/4f323e9a-51e4-406a-a459-f1244a4280ea_chan6_v0.wav","edge-collected-gunshot-audio","train","","True","True","True","wav","3.821","44100","Mono","32","1411200","658.36","2021-12-03 20:28:10"
"5ac8c241-4728-4ba2-a6ce-8cda24399cca_chan3_v0.wav","/C/gun_explosion_a0a388e0","[""/C/gun_explosion_a0a388e0""]","gun_explosion","[""gun_explosion""]","/home/andres/Documentos/proyecto4geeks/data/raw/edge-collected-gunshot-audio/gunshot/5ac8c241-4728-4ba2-a6ce-8cda24399cca_chan3_v0.wav","edge-collected-gunshot-audio","test","","True","True","True","wav","3.377","44100","Mono","32","1411200","581.87","2021-12-03 20:27:00"
"5972ae17-39fc-4813-b384-bb8ece5856f8_mean_v0.wav","/C/gun_explosion_a0a388e0","[""/C/gun_explosion_a0a388e0""]","gun_explosion","[""gun_explosion""]","/home/andres/Documentos/proyecto4geeks/data/raw/edge-collected-gunshot-audio/gunshot/5972ae17-39fc-4813-b384-bb8ece5856f8_mean_v0.wav","edge-collected-gunshot-audio","train","","True","True","True","wav","5.618","44100","Mono","32","1411200","967.79","2021-12-03 20:28:12"
"c0b2e1a0-0ad1-485b-9df8-af37612ac034_chan3_v1.wav","/C/gun_explosion_a0a388e0","[""/C/gun_explosion_a0a388e0""]","gun_explosion","[""gun_explosion""]","/home/andres/Documentos/proyecto4geeks/data/raw/edge-collected-gunshot-audio/gunshot/c0b2e1a0-0ad1-485b-9df8-af37612ac034_chan3_v1.wav","edge-collected-gunshot-audio","train","","True","True","True","wav","3.75","44100","Mono","32","1411200","646.05","2021-12-03 20:27:42"
"305914f4-bd2e-4b56-8473-101726329119_chan3_v0.wav","/C/gun_explosion_a0a388e0","[""/C/gun_explosion_a0a388e0""]","gun_explosion","[""gun_explosion""]","/home/andres/Documentos/proyecto4geeks/data/raw/edge-collected-gunshot-audio/gunshot/305914f4-bd2e-4b56-8473-101726329119_chan3_v0.wav","edge-collected-gunshot-audio","train","","True","True","True","wav","5.56","44100","Mono","32","1411200","957.93","2021-12-03 20:28:48"
"0b4a7cf7-8f49-4efd-bab9-0a3102bc2fb4_chan3_v0.wav","/C/gun_explosion_a0a388e0","[""/C/gun_explosion_a0a388e0""]","gun_explosion","[""gun_explosion""]","/home/andres/Documentos/proyecto4geeks/data/raw/edge-collected-gunshot-audio/gunshot/0b4a7cf7-8f49-4efd-bab9-0a3102bc2fb4_chan3_v0.wav","edge-collected-gunshot-audio","train","","True","True","True","wav","5.75","44100","Mono","32","1411200","990.55","2021-12-03 20:26:50"
"e843a6ae-b61e-48bf-bfa4-2fe2cc16e207_v1.wav","/C/gun_explosion_a0a388e0","[""/C/gun_explosion_a0a388e0""]","gun_explosion","[""gun_explosion""]","/home/andres/Documentos/proyecto4geeks/data/raw/edge-collected-gunshot-audio/gunshot/e843a6ae-b61e-48bf-bfa4-2fe2cc16e207_v1.wav","edge-collected-gunshot-audio","train","","True","True","True","wav","5.159","44100","Mono","32","1411200","888.74","2021-12-03 20:27:14"
"cf5903aa-f70e-4b5a-8f0b-ab010db39792_v0.wav","/C/gun_explosion_a0a388e0","[""/C/gun_explosion_a0a388e0""]","gun_explosion","[""gun_explosion""]","/home/andres/Documentos/proyecto4geeks/data/raw/edge-collected-gunshot-audio/gunshot/cf5903aa-f70e-4b5a-8f0b-ab010db39792_v0.wav","edge-collected-gunshot-audio","train","","True","True","True","wav","4.921","44100","Mono","32","1411200","847.83","2021-12-03 20:27:12"
"ec7abd44-1013-48d0-bc3a-dd8e0a40c49b_v0.wav","/C/gun_explosion_a0a388e0","[""/C/gun_explosion_a0a388e0""]","gun_explosion","[""gun_explosion""]","/home/andres/Documentos/proyecto4geeks/data/raw/edge-collected-gunshot-audio/gunshot/ec7abd44-1013-48d0-bc3a-dd8e0a40c49b_v0.wav","edge-collected-gunshot-audio","test","","True","True","True","wav","4.023","44100","Mono","32","1411200","693.01","2021-12-03 20:28:40"
"915c67a7-82af-476d-8fa6-e321c891e669_chan3_v0.wav","/C/gun_explosion_a0a388e0","[""/C/gun_explosion_a0a388e0""]","gun_explosion","[""gun_explosion""]","/home/andres/Documentos/proyecto4geeks/data/raw/edge-collected-gunshot-audio/gunshot/915c67a7-82af-476d-8fa6-e321c891e669_chan3_v0.wav","edge-collected-gunshot-audio","train","","True","True","True","wav","3.525","44100","Mono","32","1411200","607.31","2021-12-03 20:29:06"
"b5507c10-2cf1-4e65-8696-4ebcbde59485_v0.wav","/C/gun_explosion_a0a388e0","[""/C/gun_explosion_a0a388e0""]","gun_explosion","[""gun_explosion""]","/home/andres/Documentos/proyecto4geeks/data/raw/edge-collected-gunshot-audio/gunshot/b5507c10-2cf1-4e65-8696-4ebcbde59485_v0.wav","edge-collected-gunshot-audio","train","","True","True","True","wav","3.52","44100","Mono","32","1411200","606.43","2021-12-03 20:28:28"
"50e34be8-c0b4-4fc5-80fc-4c52f2ffde7a_chan3_v0.wav","/C/gun_explosion_a0a388e0","[""/C/gun_explosion_a0a388e0""]","gun_explosion","[""gun_explosion""]","/home/andres/Documentos/proyecto4geeks/data/raw/edge-collected-gunshot-audio/gunshot/50e34be8-c0b4-4fc5-80fc-4c52f2ffde7a_chan3_v0.wav","edge-collected-gunshot-audio","train","","True","True","True","wav","3.75","44100","Mono","32","1411200","646.05","2021-12-03 20:26:58"
"dc052a9b-032a-4a42-9e73-f022484ccab5_chan2_v0.wav","/C/gun_explosion_a0a388e0","[""/C/gun_explosion_a0a388e0""]","gun_explosion","[""gun_explosion""]","/home/andres/Documentos/proyecto4geeks/data/raw/edge-collected-gunshot-audio/gunshot/dc052a9b-032a-4a42-9e73-f022484ccab5_chan2_v0.wav","edge-collected-gunshot-audio","train","","True","True","True","wav","2.266","44100","Mono","32","1411200","390.41","2021-12-03 20:27:48"
"b6b54c4a-e6b0-487e-b476-25dc131d0607_chan6_v0.wav","/C/gun_explosion_a0a388e0","[""/C/gun_explosion_a0a388e0""]","gun_explosion","[""gun_explosion""]","/home/andres/Documentos/proyecto4geeks/data/raw/edge-collected-gunshot-audio/gunshot/b6b54c4a-e6b0-487e-b476-25dc131d0607_chan6_v0.wav","edge-collected-gunshot-audio","train","","True","True","True","wav","3.75","44100","Mono","32","1411200","646.05","2021-12-03 20:29:18"
"8b94cbfb-1e86-4adb-a90a-1f485c39df9e_v0.wav","/C/gun_explosion_a0a388e0","[""/C/gun_explosion_a0a388e0""]","gun_explosion","[""gun_explosion""]","/home/andres/Documentos/proyecto4geeks/data/raw/edge-collected-gunshot-audio/gunshot/8b94cbfb-1e86-4adb-a90a-1f485c39df9e_v0.wav","edge-collected-gunshot-audio","train","","True","True","True","wav","7.537","44100","Mono","32","1411200","1298.4","2021-12-03 20:28:22"
"814dbe25-dbb4-4e80-b032-b6b23916a92a_mean_v0.wav","/C/gun_explosion_a0a388e0","[""/C/gun_explosion_a0a388e0""]","gun_explosion","[""gun_explosion""]","/home/andres/Documentos/proyecto4geeks/data/raw/edge-collected-gunshot-audio/gunshot/814dbe25-dbb4-4e80-b032-b6b23916a92a_mean_v0.wav","edge-collected-gunshot-audio","train","","True","True","True","wav","5.553","44100","Mono","32","1411200","956.65","2021-12-03 20:27:34"
"1eddf0db-7c77-4e49-a5e4-544368f8b67c_chan6_v0.wav","/C/gun_explosion_a0a388e0","[""/C/gun_explosion_a0a388e0""]","gun_explosion","[""gun_explosion""]","/home/andres/Documentos/proyecto4geeks/data/raw/edge-collected-gunshot-audio/gunshot/1eddf0db-7c77-4e49-a5e4-544368f8b67c_chan6_v0.wav","edge-collected-gunshot-audio","test","","True","True","True","wav","7.072","44100","Mono","32","1411200","1218.37","2021-12-03 20:26:54"
"9b5c4fdb-b0ee-447d-ae1b-1d4576660a4e_v0.wav","/C/gun_explosion_a0a388e0","[""/C/gun_explosion_a0a388e0""]","gun_explosion","[""gun_explosion""]","/home/andres/Documentos/proyecto4geeks/data/raw/edge-collected-gunshot-audio/gunshot/9b5c4fdb-b0ee-447d-ae1b-1d4576660a4e_v0.wav","edge-collected-gunshot-audio","test","","True","True","True","wav","3.75","44100","Mono","32","1411200","646.05","2021-12-03 20:29:10"
"7ad0b157-1fa7-44ec-a8e9-2de634a26a24_v1.wav","/C/gun_explosion_a0a388e0","[""/C/gun_explosion_a0a388e0""]","gun_explosion","[""gun_explosion""]","/home/andres/Documentos/proyecto4geeks/data/raw/edge-collected-gunshot-audio/gunshot/7ad0b157-1fa7-44ec-a8e9-2de634a26a24_v1.wav","edge-collected-gunshot-audio","train","","True","True","True","wav","2.0","44100","Mono","32","1411200","344.59","2021-12-03 20:28:18"
"df9c8055-a6c4-483e-ac29-6da128a2cb18_v0.wav","/C/gun_explosion_a0a388e0","[""/C/gun_explosion_a0a388e0""]","gun_explosion","[""gun_explosion""]","/home/andres/Documentos/proyecto4geeks/data/raw/edge-collected-gunshot-audio/gunshot/df9c8055-a6c4-483e-ac29-6da128a2cb18_v0.wav","edge-collected-gunshot-audio","test","","True","True","True","wav","3.75","44100","Mono","32","1411200","646.05","2021-12-03 20:27:48"
"2a13d504-e59f-45d9-9edd-7af489318dd4_v0.wav","/C/gun_explosion_a0a388e0","[""/C/gun_explosion_a0a388e0""]","gun_explosion","[""gun_explosion""]","/home/andres/Documentos/proyecto4geeks/data/raw/edge-collected-gunshot-audio/gunshot/2a13d504-e59f-45d9-9edd-7af489318dd4_v0.wav","edge-collected-gunshot-audio","train","","True","True","True","wav","3.75","44100","Mono","32","1411200","646.05","2021-12-03 20:28:04"
"090f69a9-885c-45fb-a807-f2661aaeb165_chan5_v1.wav","/C/gun_explosion_a0a388e0","[""/C/gun_explosion_a0a388e0""]","gun_explosion","[""gun_explosion""]","/home/andres/Documentos/proyecto4geeks/data/raw/edge-collected-gunshot-audio/gunshot/090f69a9-885c-45fb-a807-f2661aaeb165_chan5_v1.wav","edge-collected-gunshot-audio","test","","True","True","True","wav","5.922","44100","Mono","32","1411200","1020.14","2021-12-03 20:27:18"
"c3e941d7-3303-4b6d-a31a-096b36b5c937_v1.wav","/C/gun_explosion_a0a388e0","[""/C/gun_explosion_a0a388e0""]","gun_explosion","[""gun_explosion""]","/home/andres/Documentos/proyecto4geeks/data/raw/edge-collected-gunshot-audio/gunshot/c3e941d7-3303-4b6d-a31a-096b36b5c937_v1.wav","edge-collected-gunshot-audio","train","","True","True","True","wav","3.75","44100","Mono","32","1411200","646.05","2021-12-03 20:27:44"
"dd9aa26c-2b08-41fe-85e3-fbc36613ebb0_chan5_v0.wav","/C/gun_explosion_a0a388e0","[""/C/gun_explosion_a0a388e0""]","gun_explosion","[""gun_explosion""]","/home/andres/Documentos/proyecto4geeks/data/raw/edge-collected-gunshot-audio/gunshot/dd9aa26c-2b08-41fe-85e3-fbc36613ebb0_chan5_v0.wav","edge-collected-gunshot-audio","train","","True","True","True","wav","5.509","44100","Mono","32","1411200","949.07","2021-12-03 20:29:22"
"0b296a57-7c53-45cd-924a-59d76c477291_v5.wav","/C/gun_explosion_a0a388e0","[""/C/gun_explosion_a0a388e0""]","gun_explosion","[""gun_explosion""]","/home/andres/Documentos/proyecto4geeks/data/raw/edge-collected-gunshot-audio/gunshot/0b296a57-7c53-45cd-924a-59d76c477291_v5.wav","edge-collected-gunshot-audio","train","","True","True","True","wav","1.75","44100","Mono","32","1411200","301.52","2021-12-03 20:28:42"
"0a07b229-7d2b-4d2b-8f32-c94cbc7b1487_chan2_v1.wav","/C/gun_explosion_a0a388e0","[""/C/gun_explosion_a0a388e0""]","gun_explosion","[""gun_explosion""]","/home/andres/Documentos/proyecto4geeks/data/raw/edge-collected-gunshot-audio/gunshot/0a07b229-7d2b-4d2b-8f32-c94cbc7b1487_chan2_v1.wav","edge-collected-gunshot-audio","train","","True","True","True","wav","3.75","44100","Mono","32","1411200","646.05","2021-12-03 20:26:48"
"a264a706-edd4-436d-a0d4-ccb64421bdd7_chan5_v0.wav","/C/gun_explosion_a0a388e0","[""/C/gun_explosion_a0a388e0""]","gun_explosion","[""gun_explosion""]","/home/andres/Documentos/proyecto4geeks/data/raw/edge-collected-gunshot-audio/gunshot/a264a706-edd4-436d-a0d4-ccb64421bdd7_chan5_v0.wav","edge-collected-gunshot-audio","test","","True","True","True","wav","2.816","44100","Mono","32","1411200","485.17","2021-12-03 20:28:26"
"a35258c8-b9b5-49db-b444-41166c3151a3_v0.wav","/C/gun_explosion_a0a388e0","[""/C/gun_explosion_a0a388e0""]","gun_explosion","[""gun_explosion""]","/home/andres/Documentos/proyecto4geeks/data/raw/edge-collected-gunshot-audio/gunshot/a35258c8-b9b5-49db-b444-41166c3151a3_v0.wav","edge-collected-gunshot-audio","train","","True","True","True","wav","4.136","44100","Mono","32","1411200","712.62","2021-12-03 20:27:06"
"657bddc4-e58a-4621-ac4b-0cdc577ffc9d_mean_v0.wav","/C/gun_explosion_a0a388e0","[""/C/gun_explosion_a0a388e0""]","gun_explosion","[""gun_explosion""]","/home/andres/Documentos/proyecto4geeks/data/raw/edge-collected-gunshot-audio/gunshot/657bddc4-e58a-4621-ac4b-0cdc577ffc9d_mean_v0.wav","edge-collected-gunshot-audio","train","","True","True","True","wav","3.75","44100","Mono","32","1411200","646.05","2021-12-03 20:27:32"
"022dd50f-a4ee-4b33-b267-8df6e4e40f20_v6.wav","/C/gun_explosion_a0a388e0","[""/C/gun_explosion_a0a388e0""]","gun_explosion","[""gun_explosion""]","/home/andres/Documentos/proyecto4geeks/data/raw/edge-collected-gunshot-audio/gunshot/022dd50f-a4ee-4b33-b267-8df6e4e40f20_v6.wav","edge-collected-gunshot-audio","train","","True","True","True","wav","3.75","44100","Mono","32","1411200","646.05","2021-12-03 20:27:54"
"d36f8f26-ce50-4bd3-8898-26da17995f46_chan5_v0.wav","/C/gun_explosion_a0a388e0","[""/C/gun_explosion_a0a388e0""]","gun_explosion","[""gun_explosion""]","/home/andres/Documentos/proyecto4geeks/data/raw/edge-collected-gunshot-audio/gunshot/d36f8f26-ce50-4bd3-8898-26da17995f46_chan5_v0.wav","edge-collected-gunshot-audio","train","","True","True","True","wav","6.026","44100","Mono","32","1411200","1038.17","2021-12-03 20:29:20"
"a1e92cb2-7999-4a02-ad5e-d9602c622854_chan5_v0.wav","/C/gun_explosion_a0a388e0","[""/C/gun_explosion_a0a388e0""]","gun_explosion","[""gun_explosion""]","/home/andres/Documentos/proyecto4geeks/data/raw/edge-collected-gunshot-audio/gunshot/a1e92cb2-7999-4a02-ad5e-d9602c622854_chan5_v0.wav","edge-collected-gunshot-audio","train","","True","True","True","wav","3.64","44100","Mono","32","1411200","627.08","2021-12-03 20:28:26"
"adf63c42-6a31-4a4a-95c2-8cce6ce1894e_v3.wav","/C/gun_explosion_a0a388e0","[""/C/gun_explosion_a0a388e0""]","gun_explosion","[""gun_explosion""]","/home/andres/Documentos/proyecto4geeks/data/raw/edge-collected-gunshot-audio/gunshot/adf63c42-6a31-4a4a-95c2-8cce6ce1894e_v3.wav","edge-collected-gunshot-audio","train","","True","True","True","wav","3.75","44100","Mono","32","1411200","646.05","2021-12-03 20:27:08"
"fe18216b-56d4-478a-9ed7-a3543a9930e0_chan1_v0.wav","/C/gun_explosion_a0a388e0","[""/C/gun_explosion_a0a388e0""]","gun_explosion","[""gun_explosion""]","/home/andres/Documentos/proyecto4geeks/data/raw/edge-collected-gunshot-audio/gunshot/fe18216b-56d4-478a-9ed7-a3543a9930e0_chan1_v0.wav","edge-collected-gunshot-audio","train","","True","True","True","wav","3.613","44100","Mono","32","1411200","622.41","2021-12-03 20:27:52"
"9480296f-8e6e-438e-a35d-76a2f24506df_chan1_v0.wav","/C/gun_explosion_a0a388e0","[""/C/gun_explosion_a0a388e0""]","gun_explosion","[""gun_explosion""]","/home/andres/Documentos/proyecto4geeks/data/raw/edge-collected-gunshot-audio/gunshot/9480296f-8e6e-438e-a35d-76a2f24506df_chan1_v0.wav","edge-collected-gunshot-audio","test","","True","True","True","wav","3.75","44100","Mono","32","1411200","646.05","2021-12-03 20:28:22"
"c05ea797-711d-4f93-80d1-05a3e76e5c31_chan0_v0.wav","/C/gun_explosion_a0a388e0","[""/C/gun_explosion_a0a388e0""]","gun_explosion","[""gun_explosion""]","/home/andres/Documentos/proyecto4geeks/data/raw/edge-collected-gunshot-audio/gunshot/c05ea797-711d-4f93-80d1-05a3e76e5c31_chan0_v0.wav","edge-collected-gunshot-audio","test","","True","True","True","wav","5.016","44100","Mono","32","1411200","864.2","2021-12-03 20:27:40"
"2953714a-9fed-4926-943f-466071b77cf4_chan1_v0.wav","/C/gun_explosion_a0a388e0","[""/C/gun_explosion_a0a388e0""]","gun_explosion","[""gun_explosion""]","/home/andres/Documentos/proyecto4geeks/data/raw/edge-collected-gunshot-audio/gunshot/2953714a-9fed-4926-943f-466071b77cf4_chan1_v0.wav","edge-collected-gunshot-audio","train","","True","True","True","wav","5.769","44100","Mono","32","1411200","993.84","2021-12-03 20:27:24"
"e481969e-a5dc-4de9-9300-0b91b66a3a07_mean_v0.wav","/C/gun_explosion_a0a388e0","[""/C/gun_explosion_a0a388e0""]","gun_explosion","[""gun_explosion""]","/home/andres/Documentos/proyecto4geeks/data/raw/edge-collected-gunshot-audio/gunshot/e481969e-a5dc-4de9-9300-0b91b66a3a07_mean_v0.wav","edge-collected-gunshot-audio","test","","True","True","True","wav","4.159","44100","Mono","32","1411200","716.57","2021-12-03 20:29:24"
"090f69a9-885c-45fb-a807-f2661aaeb165_chan5_v2.wav","/C/gun_explosion_a0a388e0","[""/C/gun_explosion_a0a388e0""]","gun_explosion","[""gun_explosion""]","/home/andres/Documentos/proyecto4geeks/data/raw/edge-collected-gunshot-audio/gunshot/090f69a9-885c-45fb-a807-f2661aaeb165_chan5_v2.wav","edge-collected-gunshot-audio","train","","True","True","True","wav","6.008","44100","Mono","32","1411200","1035.07","2021-12-03 20:27:18"
"8ffbfbd4-7f3b-456b-8d21-c64c9dfd943f_chan1_v0.wav","/C/gun_explosion_a0a388e0","[""/C/gun_explosion_a0a388e0""]","gun_explosion","[""gun_explosion""]","/home/andres/Documentos/proyecto4geeks/data/raw/edge-collected-gunshot-audio/gunshot/8ffbfbd4-7f3b-456b-8d21-c64c9dfd943f_chan1_v0.wav","edge-collected-gunshot-audio","train","","True","True","True","wav","3.75","44100","Mono","32","1411200","646.05","2021-12-03 20:27:34"
"0a07b229-7d2b-4d2b-8f32-c94cbc7b1487_chan1_v0.wav","/C/gun_explosion_a0a388e0","[""/C/gun_explosion_a0a388e0""]","gun_explosion","[""gun_explosion""]","/home/andres/Documentos/proyecto4geeks/data/raw/edge-collected-gunshot-audio/gunshot/0a07b229-7d2b-4d2b-8f32-c94cbc7b1487_chan1_v0.wav","edge-collected-gunshot-audio","train","","True","True","True","wav","5.242","44100","Mono","32","1411200","903.0","2021-12-03 20:26:48"
"3ab0f1bb-f7fe-4cfe-a78e-11a263f75819_chan0_v0.wav","/C/gun_explosion_a0a388e0","[""/C/gun_explosion_a0a388e0""]","gun_explosion","[""gun_explosion""]","/home/andres/Documentos/proyecto4geeks/data/raw/edge-collected-gunshot-audio/gunshot/3ab0f1bb-f7fe-4cfe-a78e-11a263f75819_chan0_v0.wav","edge-collected-gunshot-audio","train","","True","True","True","wav","5.176","44100","Mono","32","1411200","891.74","2021-12-03 20:27:24"
"97d5cca5-8498-4239-978a-5911089cb25e_mean_v1.wav","/C/gun_explosion_a0a388e0","[""/C/gun_explosion_a0a388e0""]","gun_explosion","[""gun_explosion""]","/home/andres/Documentos/proyecto4geeks/data/raw/edge-collected-gunshot-audio/gunshot/97d5cca5-8498-4239-978a-5911089cb25e_mean_v1.wav","edge-collected-gunshot-audio","train","","True","True","True","wav","4.734","44100","Mono","32","1411200","815.6","2021-12-03 20:29:08"
"2635ee28-ca23-48ab-abb1-ec263c623588_chan2_v0.wav","/C/gun_explosion_a0a388e0","[""/C/gun_explosion_a0a388e0""]","gun_explosion","[""gun_explosion""]","/home/andres/Documentos/proyecto4geeks/data/raw/edge-collected-gunshot-audio/gunshot/2635ee28-ca23-48ab-abb1-ec263c623588_chan2_v0.wav","edge-collected-gunshot-audio","train","","True","True","True","wav","4.356","44100","Mono","32","1411200","750.45","2021-12-03 20:28:48"
"47ec5352-1b86-477b-9852-b13901c7eb4d_chan2_v0.wav","/C/gun_explosion_a0a388e0","[""/C/gun_explosion_a0a388e0""]","gun_explosion","[""gun_explosion""]","/home/andres/Documentos/proyecto4geeks/data/raw/edge-collected-gunshot-audio/gunshot/47ec5352-1b86-477b-9852-b13901c7eb4d_chan2_v0.wav","edge-collected-gunshot-audio","train","","True","True","True","wav","3.75","44100","Mono","32","1411200","646.05","2021-12-03 20:27:28"
"a494f4fa-d5fc-4b52-8e25-6804bc695ec1_chan3_v1.wav","/C/gun_explosion_a0a388e0","[""/C/gun_explosion_a0a388e0""]","gun_explosion","[""gun_explosion""]","/home/andres/Documentos/proyecto4geeks/data/raw/edge-collected-gunshot-audio/gunshot/a494f4fa-d5fc-4b52-8e25-6804bc695ec1_chan3_v1.wav","edge-collected-gunshot-audio","train","","True","True","True","wav","9.191","44100","Mono","32","1411200","1583.38","2021-12-03 20:29:12"
"13bfab79-9198-4558-a1bf-4f8aedd4d6f9_chan0_v0.wav","/C/gun_explosion_a0a388e0","[""/C/gun_explosion_a0a388e0""]","gun_explosion","[""gun_explosion""]","/home/andres/Documentos/proyecto4geeks/data/raw/edge-collected-gunshot-audio/gunshot/13bfab79-9198-4558-a1bf-4f8aedd4d6f9_chan0_v0.wav","edge-collected-gunshot-audio","train","","True","True","True","wav","3.75","44100","Mono","32","1411200","646.05","2021-12-03 20:28:00"
"b23e9f5b-f76c-4c28-bf87-0599a47e0ba4_mean_v0.wav","/C/gun_explosion_a0a388e0","[""/C/gun_explosion_a0a388e0""]","gun_explosion","[""gun_explosion""]","/home/andres/Documentos/proyecto4geeks/data/raw/edge-collected-gunshot-audio/gunshot/b23e9f5b-f76c-4c28-bf87-0599a47e0ba4_mean_v0.wav","edge-collected-gunshot-audio","train","","True","True","True","wav","3.75","44100","Mono","32","1411200","646.05","2021-12-03 20:29:16"
"e509bc91-85b5-43cf-9b71-3335089bee0a_chan3_v0.wav","/C/gun_explosion_a0a388e0","[""/C/gun_explosion_a0a388e0""]","gun_explosion","[""gun_explosion""]","/home/andres/Documentos/proyecto4geeks/data/raw/edge-collected-gunshot-audio/gunshot/e509bc91-85b5-43cf-9b71-3335089bee0a_chan3_v0.wav","edge-collected-gunshot-audio","train","","True","True","True","wav","3.37","44100","Mono","32","1411200","580.56","2021-12-03 20:27:12"
"83f9faea-4b8b-4b8f-be70-99eedb0f3ac9_chan5_v0.wav","/C/gun_explosion_a0a388e0","[""/C/gun_explosion_a0a388e0""]","gun_explosion","[""gun_explosion""]","/home/andres/Documentos/proyecto4geeks/data/raw/edge-collected-gunshot-audio/gunshot/83f9faea-4b8b-4b8f-be70-99eedb0f3ac9_chan5_v0.wav","edge-collected-gunshot-audio","train","","True","True","True","wav","3.594","44100","Mono","32","1411200","619.18","2021-12-03 20:28:20"
"1ff6e63d-c51b-418b-8fa3-65bd648d957c_v5.wav","/C/gun_explosion_a0a388e0","[""/C/gun_explosion_a0a388e0""]","gun_explosion","[""gun_explosion""]","/home/andres/Documentos/proyecto4geeks/data/raw/edge-collected-gunshot-audio/gunshot/1ff6e63d-c51b-418b-8fa3-65bd648d957c_v5.wav","edge-collected-gunshot-audio","test","","True","True","True","wav","3.75","44100","Mono","32","1411200","646.05","2021-12-03 20:27:22"
"022dd50f-a4ee-4b33-b267-8df6e4e40f20_v7.wav","/C/gun_explosion_a0a388e0","[""/C/gun_explosion_a0a388e0""]","gun_explosion","[""gun_explosion""]","/home/andres/Documentos/proyecto4geeks/data/raw/edge-collected-gunshot-audio/gunshot/022dd50f-a4ee-4b33-b267-8df6e4e40f20_v7.wav","edge-collected-gunshot-audio","train","","True","True","True","wav","3.75","44100","Mono","32","1411200","646.05","2021-12-03 20:27:54"
"43f25ccb-4d7c-4fed-9cc5-cd2da5c2e4ce_chan1_v0.wav","/C/gun_explosion_a0a388e0","[""/C/gun_explosion_a0a388e0""]","gun_explosion","[""gun_explosion""]","/home/andres/Documentos/proyecto4geeks/data/raw/edge-collected-gunshot-audio/gunshot/43f25ccb-4d7c-4fed-9cc5-cd2da5c2e4ce_chan1_v0.wav","edge-collected-gunshot-audio","train","","True","True","True","wav","5.778","44100","Mono","32","1411200","995.35","2021-12-03 20:26:58"
"8eb79d18-178a-4095-9d7b-fd2bf513646e_v0.wav","/C/gun_explosion_a0a388e0","[""/C/gun_explosion_a0a388e0""]","gun_explosion","[""gun_explosion""]","/home/andres/Documentos/proyecto4geeks/data/raw/edge-collected-gunshot-audio/gunshot/8eb79d18-178a-4095-9d7b-fd2bf513646e_v0.wav","edge-collected-gunshot-audio","test","","True","True","True","wav","3.764","44100","Mono","32","1411200","648.41","2021-12-03 20:28:22"
"2567b43f-28b3-4df1-9c7c-aae01a354755_chan3_v0.wav","/C/gun_explosion_a0a388e0","[""/C/gun_explosion_a0a388e0""]","gun_explosion","[""gun_explosion""]","/home/andres/Documentos/proyecto4geeks/data/raw/edge-collected-gunshot-audio/gunshot/2567b43f-28b3-4df1-9c7c-aae01a354755_chan3_v0.wav","edge-collected-gunshot-audio","train","","True","True","True","wav","5.82","44100","Mono","32","1411200","1002.69","2021-12-03 20:28:48"
"14c90b51-6fac-410d-90b6-c85c66047de6_v0.wav","/C/gun_explosion_a0a388e0","[""/C/gun_explosion_a0a388e0""]","gun_explosion","[""gun_explosion""]","/home/andres/Documentos/proyecto4geeks/data/raw/edge-collected-gunshot-audio/gunshot/14c90b51-6fac-410d-90b6-c85c66047de6_v0.wav","edge-collected-gunshot-audio","train","","True","True","True","wav","5.067","44100","Mono","32","1411200","872.87","2021-12-03 20:28:00"
"3c7089ad-a3ef-4159-b45c-a57cc64fa254_chan5_v0.wav","/C/gun_explosion_a0a388e0","[""/C/gun_explosion_a0a388e0""]","gun_explosion","[""gun_explosion""]","/home/andres/Documentos/proyecto4geeks/data/raw/edge-collected-gunshot-audio/gunshot/3c7089ad-a3ef-4159-b45c-a57cc64fa254_chan5_v0.wav","edge-collected-gunshot-audio","train","","True","True","True","wav","3.75","44100","Mono","32","1411200","646.05","2021-12-03 20:27:26"
"8caa634a-e579-46f6-83df-66bd6c9aef92_v1.wav","/C/gun_explosion_a0a388e0","[""/C/gun_explosion_a0a388e0""]","gun_explosion","[""gun_explosion""]","/home/andres/Documentos/proyecto4geeks/data/raw/edge-collected-gunshot-audio/gunshot/8caa634a-e579-46f6-83df-66bd6c9aef92_v1.wav","edge-collected-gunshot-audio","train","","True","True","True","wav","8.82","44100","Mono","32","1411200","1519.49","2021-12-03 20:29:06"
"0495b86d-2f39-4912-916b-0cfbc160cf3d_chan0_v1.wav","/C/gun_explosion_a0a388e0","[""/C/gun_explosion_a0a388e0""]","gun_explosion","[""gun_explosion""]","/home/andres/Documentos/proyecto4geeks/data/raw/edge-collected-gunshot-audio/gunshot/0495b86d-2f39-4912-916b-0cfbc160cf3d_chan0_v1.wav","edge-collected-gunshot-audio","train","","True","True","True","wav","3.75","44100","Mono","32","1411200","646.05","2021-12-03 20:28:42"
"1220241f-81de-4e3d-94cb-bdba4ebabd86_v1.wav","/C/gun_explosion_a0a388e0","[""/C/gun_explosion_a0a388e0""]","gun_explosion","[""gun_explosion""]","/home/andres/Documentos/proyecto4geeks/data/raw/edge-collected-gunshot-audio/gunshot/1220241f-81de-4e3d-94cb-bdba4ebabd86_v1.wav","edge-collected-gunshot-audio","train","","True","True","True","wav","2.991","44100","Mono","32","1411200","515.33","2021-12-03 20:27:58"
"e4015a40-425e-4a6d-8b20-743abb46c8d9_mean_v0.wav","/C/gun_explosion_a0a388e0","[""/C/gun_explosion_a0a388e0""]","gun_explosion","[""gun_explosion""]","/home/andres/Documentos/proyecto4geeks/data/raw/edge-collected-gunshot-audio/gunshot/e4015a40-425e-4a6d-8b20-743abb46c8d9_mean_v0.wav","edge-collected-gunshot-audio","train","","True","True","True","wav","3.119","44100","Mono","32","1411200","537.31","2021-12-03 20:28:38"
"894865fa-9e6a-4311-b378-142d65fadc05_v0.wav","/C/gun_explosion_a0a388e0","[""/C/gun_explosion_a0a388e0""]","gun_explosion","[""gun_explosion""]","/home/andres/Documentos/proyecto4geeks/data/raw/edge-collected-gunshot-audio/gunshot/894865fa-9e6a-4311-b378-142d65fadc05_v0.wav","edge-collected-gunshot-audio","train","","True","True","True","wav","3.264","44100","Mono","32","1411200","562.38","2021-12-03 20:28:20"
"a264a706-edd4-436d-a0d4-ccb64421bdd7_chan1_v0.wav","/C/gun_explosion_a0a388e0","[""/C/gun_explosion_a0a388e0""]","gun_explosion","[""gun_explosion""]","/home/andres/Documentos/proyecto4geeks/data/raw/edge-collected-gunshot-audio/gunshot/a264a706-edd4-436d-a0d4-ccb64421bdd7_chan1_v0.wav","edge-collected-gunshot-audio","train","","True","True","True","wav","2.817","44100","Mono","32","1411200","485.36","2021-12-03 20:28:26"
"414311b0-baa1-46bb-b500-81e48be48770_v0.wav","/C/gun_explosion_a0a388e0","[""/C/gun_explosion_a0a388e0""]","gun_explosion","[""gun_explosion""]","/home/andres/Documentos/proyecto4geeks/data/raw/edge-collected-gunshot-audio/gunshot/414311b0-baa1-46bb-b500-81e48be48770_v0.wav","edge-collected-gunshot-audio","train","","True","True","True","wav","4.27","44100","Mono","32","1411200","735.69","2021-12-03 20:28:52"
"a283ea70-649d-4c18-bf8b-ba4e8507455a_chan2_v0.wav","/C/gun_explosion_a0a388e0","[""/C/gun_explosion_a0a388e0""]","gun_explosion","[""gun_explosion""]","/home/andres/Documentos/proyecto4geeks/data/raw/edge-collected-gunshot-audio/gunshot/a283ea70-649d-4c18-bf8b-ba4e8507455a_chan2_v0.wav","edge-collected-gunshot-audio","test","","True","True","True","wav","3.75","44100","Mono","32","1411200","646.05","2021-12-03 20:28:26"
"67c4b424-f7af-4b3d-8d82-edd7eba0f0ae_v2.wav","/C/gun_explosion_a0a388e0","[""/C/gun_explosion_a0a388e0""]","gun_explosion","[""gun_explosion""]","/home/andres/Documentos/proyecto4geeks/data/raw/edge-collected-gunshot-audio/gunshot/67c4b424-f7af-4b3d-8d82-edd7eba0f0ae_v2.wav","edge-collected-gunshot-audio","train","","True","True","True","wav","5.974","44100","Mono","32","1411200","1029.19","2021-12-03 20:28:56"
"3d9e54b9-d9ad-4ed9-acb9-3af327860876_v0.wav","/C/gun_explosion_a0a388e0","[""/C/gun_explosion_a0a388e0""]","gun_explosion","[""gun_explosion""]","/home/andres/Documentos/proyecto4geeks/data/raw/edge-collected-gunshot-audio/gunshot/3d9e54b9-d9ad-4ed9-acb9-3af327860876_v0.wav","edge-collected-gunshot-audio","train","","True","True","True","wav","3.75","44100","Mono","32","1411200","646.05","2021-12-03 20:28:06"
"04d81d9d-63e9-46b1-9417-6fe40765be9a_chan6_v0.wav","/C/gun_explosion_a0a388e0","[""/C/gun_explosion_a0a388e0""]","gun_explosion","[""gun_explosion""]","/home/andres/Documentos/proyecto4geeks/data/raw/edge-collected-gunshot-audio/gunshot/04d81d9d-63e9-46b1-9417-6fe40765be9a_chan6_v0.wav","edge-collected-gunshot-audio","train","","True","True","True","wav","3.75","44100","Mono","32","1411200","646.05","2021-12-03 20:27:54"
"524157e1-fb04-46b2-b887-8fcc84c4261a_mean_v1.wav","/C/gun_explosion_a0a388e0","[""/C/gun_explosion_a0a388e0""]","gun_explosion","[""gun_explosion""]","/home/andres/Documentos/proyecto4geeks/data/raw/edge-collected-gunshot-audio/gunshot/524157e1-fb04-46b2-b887-8fcc84c4261a_mean_v1.wav","edge-collected-gunshot-audio","train","","True","True","True","wav","8.999","44100","Mono","32","1411200","1550.23","2021-12-03 20:28:54"
"d60be857-2a00-49c0-9470-94a34b3de217_mean_v0.wav","/C/gun_explosion_a0a388e0","[""/C/gun_explosion_a0a388e0""]","gun_explosion","[""gun_explosion""]","/home/andres/Documentos/proyecto4geeks/data/raw/edge-collected-gunshot-audio/gunshot/d60be857-2a00-49c0-9470-94a34b3de217_mean_v0.wav","edge-collected-gunshot-audio","train","","True","True","True","wav","5.866","44100","Mono","32","1411200","1010.6","2021-12-03 20:29:22"
"11fe0e34-0703-42dc-a3f8-36e39a820e98_v1.wav","/C/gun_explosion_a0a388e0","[""/C/gun_explosion_a0a388e0""]","gun_explosion","[""gun_explosion""]","/home/andres/Documentos/proyecto4geeks/data/raw/edge-collected-gunshot-audio/gunshot/11fe0e34-0703-42dc-a3f8-36e39a820e98_v1.wav","edge-collected-gunshot-audio","train","","True","True","True","wav","5.687","44100","Mono","32","1411200","979.76","2021-12-03 20:26:52"
"22ed4ab2-febd-4d74-9777-ea4f8c6469ae_chan1_v0.wav","/C/gun_explosion_a0a388e0","[""/C/gun_explosion_a0a388e0""]","gun_explosion","[""gun_explosion""]","/home/andres/Documentos/proyecto4geeks/data/raw/edge-collected-gunshot-audio/gunshot/22ed4ab2-febd-4d74-9777-ea4f8c6469ae_chan1_v0.wav","edge-collected-gunshot-audio","train","","True","True","True","wav","3.75","44100","Mono","32","1411200","646.05","2021-12-03 20:28:02"
"79a5a0ea-2fea-4b3e-9b5b-ef8689b9cacb_chan0_v0.wav","/C/gun_explosion_a0a388e0","[""/C/gun_explosion_a0a388e0""]","gun_explosion","[""gun_explosion""]","/home/andres/Documentos/proyecto4geeks/data/raw/edge-collected-gunshot-audio/gunshot/79a5a0ea-2fea-4b3e-9b5b-ef8689b9cacb_chan0_v0.wav","edge-collected-gunshot-audio","train","","True","True","True","wav","5.333","44100","Mono","32","1411200","918.68","2021-12-03 20:29:00"
"188fea3b-1a81-4fd3-a4d2-4ed86107dc6e_v0.wav","/C/gun_explosion_a0a388e0","[""/C/gun_explosion_a0a388e0""]","gun_explosion","[""gun_explosion""]","/home/andres/Documentos/proyecto4geeks/data/raw/edge-collected-gunshot-audio/gunshot/188fea3b-1a81-4fd3-a4d2-4ed86107dc6e_v0.wav","edge-collected-gunshot-audio","train","","True","True","True","wav","3.279","44100","Mono","32","1411200","564.97","2021-12-03 20:28:00"
"219dffda-efcf-4046-b07a-27b55829b8b1_mean_v0.wav","/C/gun_explosion_a0a388e0","[""/C/gun_explosion_a0a388e0""]","gun_explosion","[""gun_explosion""]","/home/andres/Documentos/proyecto4geeks/data/raw/edge-collected-gunshot-audio/gunshot/219dffda-efcf-4046-b07a-27b55829b8b1_mean_v0.wav","edge-collected-gunshot-audio","train","","True","True","True","wav","5.551","44100","Mono","32","1411200","956.38","2021-12-03 20:28:02"
"188f395f-a01c-4768-aa39-e20701953f19_chan0_v0.wav","/C/gun_explosion_a0a388e0","[""/C/gun_explosion_a0a388e0""]","gun_explosion","[""gun_explosion""]","/home/andres/Documentos/proyecto4geeks/data/raw/edge-collected-gunshot-audio/gunshot/188f395f-a01c-4768-aa39-e20701953f19_chan0_v0.wav","edge-collected-gunshot-audio","train","","True","True","True","wav","5.738","44100","Mono","32","1411200","988.59","2021-12-03 20:28:44"
"6fbbd03e-f48e-4c39-a698-6bfab08c7e86_v0.wav","/C/gun_explosion_a0a388e0","[""/C/gun_explosion_a0a388e0""]","gun_explosion","[""gun_explosion""]","/home/andres/Documentos/proyecto4geeks/data/raw/edge-collected-gunshot-audio/gunshot/6fbbd03e-f48e-4c39-a698-6bfab08c7e86_v0.wav","edge-collected-gunshot-audio","train","","True","True","True","wav","3.75","44100","Mono","32","1411200","646.05","2021-12-03 20:28:16"
"a283ea70-649d-4c18-bf8b-ba4e8507455a_chan4_v0.wav","/C/gun_explosion_a0a388e0","[""/C/gun_explosion_a0a388e0""]","gun_explosion","[""gun_explosion""]","/home/andres/Documentos/proyecto4geeks/data/raw/edge-collected-gunshot-audio/gunshot/a283ea70-649d-4c18-bf8b-ba4e8507455a_chan4_v0.wav","edge-collected-gunshot-audio","train","","True","True","True","wav","3.75","44100","Mono","32","1411200","646.05","2021-12-03 20:28:26"
"7d451790-0f0d-45e5-92fc-cbc68ede0a79_chan0_v0.wav","/C/gun_explosion_a0a388e0","[""/C/gun_explosion_a0a388e0""]","gun_explosion","[""gun_explosion""]","/home/andres/Documentos/proyecto4geeks/data/raw/edge-collected-gunshot-audio/gunshot/7d451790-0f0d-45e5-92fc-cbc68ede0a79_chan0_v0.wav","edge-collected-gunshot-audio","train","","True","True","True","wav","4.896","44100","Mono","32","1411200","843.49","2021-12-03 20:29:02"
"d5a15ea9-1077-4e5f-80a1-c4e856231489_chan6_v0.wav","/C/gun_explosion_a0a388e0","[""/C/gun_explosion_a0a388e0""]","gun_explosion","[""gun_explosion""]","/home/andres/Documentos/proyecto4geeks/data/raw/edge-collected-gunshot-audio/gunshot/d5a15ea9-1077-4e5f-80a1-c4e856231489_chan6_v0.wav","edge-collected-gunshot-audio","train","","True","True","True","wav","3.75","44100","Mono","32","1411200","646.05","2021-12-03 20:28:34"
"bba9bd2f-58f8-4b19-aa1b-cad9ca3daf53_v0.wav","/C/gun_explosion_a0a388e0","[""/C/gun_explosion_a0a388e0""]","gun_explosion","[""gun_explosion""]","/home/andres/Documentos/proyecto4geeks/data/raw/edge-collected-gunshot-audio/gunshot/bba9bd2f-58f8-4b19-aa1b-cad9ca3daf53_v0.wav","edge-collected-gunshot-audio","train","","True","True","True","wav","3.75","44100","Mono","32","1411200","646.05","2021-12-03 20:27:40"
"022dd50f-a4ee-4b33-b267-8df6e4e40f20_v2.wav","/C/gun_explosion_a0a388e0","[""/C/gun_explosion_a0a388e0""]","gun_explosion","[""gun_explosion""]","/home/andres/Documentos/proyecto4geeks/data/raw/edge-collected-gunshot-audio/gunshot/022dd50f-a4ee-4b33-b267-8df6e4e40f20_v2.wav","edge-collected-gunshot-audio","train","","True","True","True","wav","2.0","44100","Mono","32","1411200","344.59","2021-12-03 20:27:54"
"261df355-2117-47fd-b48d-a2978969b866_v0.wav","/C/gun_explosion_a0a388e0","[""/C/gun_explosion_a0a388e0""]","gun_explosion","[""gun_explosion""]","/home/andres/Documentos/proyecto4geeks/data/raw/edge-collected-gunshot-audio/gunshot/261df355-2117-47fd-b48d-a2978969b866_v0.wav","edge-collected-gunshot-audio","train","","True","True","True","wav","3.75","44100","Mono","32","1411200","646.05","2021-12-03 20:28:04"
"311641e1-8a87-4a2b-a12d-5d451505741c_v3.wav","/C/gun_explosion_a0a388e0","[""/C/gun_explosion_a0a388e0""]","gun_explosion","[""gun_explosion""]","/home/andres/Documentos/proyecto4geeks/data/raw/edge-collected-gunshot-audio/gunshot/311641e1-8a87-4a2b-a12d-5d451505741c_v3.wav","edge-collected-gunshot-audio","train","","True","True","True","wav","2.0","44100","Mono","32","1411200","344.59","2021-12-03 20:28:06"
"95532319-45d9-4eee-b05d-cef146e6cfa8_v0.wav","/C/gun_explosion_a0a388e0","[""/C/gun_explosion_a0a388e0""]","gun_explosion","[""gun_explosion""]","/home/andres/Documentos/proyecto4geeks/data/raw/edge-collected-gunshot-audio/gunshot/95532319-45d9-4eee-b05d-cef146e6cfa8_v0.wav","edge-collected-gunshot-audio","train","","True","True","True","wav","4.26","44100","Mono","32","1411200","733.95","2021-12-03 20:28:22"
"a5da1a05-c908-431c-a9ba-2892024c8d02_v0.wav","/C/gun_explosion_a0a388e0","[""/C/gun_explosion_a0a388e0""]","gun_explosion","[""gun_explosion""]","/home/andres/Documentos/proyecto4geeks/data/raw/edge-collected-gunshot-audio/gunshot/a5da1a05-c908-431c-a9ba-2892024c8d02_v0.wav","edge-collected-gunshot-audio","train","","True","True","True","wav","3.012","44100","Mono","32","1411200","518.87","2021-12-03 20:27:06"
"b6b54c4a-e6b0-487e-b476-25dc131d0607_chan1_v1.wav","/C/gun_explosion_a0a388e0","[""/C/gun_explosion_a0a388e0""]","gun_explosion","[""gun_explosion""]","/home/andres/Documentos/proyecto4geeks/data/raw/edge-collected-gunshot-audio/gunshot/b6b54c4a-e6b0-487e-b476-25dc131d0607_chan1_v1.wav","edge-collected-gunshot-audio","train","","True","True","True","wav","5.835","44100","Mono","32","1411200","1005.15","2021-12-03 20:29:16"
"23f32d46-ca2c-4b54-bbad-0b0db3a72ffb_chan1_v0.wav","/C/gun_explosion_a0a388e0","[""/C/gun_explosion_a0a388e0""]","gun_explosion","[""gun_explosion""]","/home/andres/Documentos/proyecto4geeks/data/raw/edge-collected-gunshot-audio/gunshot/23f32d46-ca2c-4b54-bbad-0b0db3a72ffb_chan1_v0.wav","edge-collected-gunshot-audio","train","","True","True","True","wav","8.195","44100","Mono","32","1411200","1411.8","2021-12-03 20:26:56"
"7767a07e-d1e5-43a1-99cb-89d37c1f2aa8_v3.wav","/C/gun_explosion_a0a388e0","[""/C/gun_explosion_a0a388e0""]","gun_explosion","[""gun_explosion""]","/home/andres/Documentos/proyecto4geeks/data/raw/edge-collected-gunshot-audio/gunshot/7767a07e-d1e5-43a1-99cb-89d37c1f2aa8_v3.wav","edge-collected-gunshot-audio","train","","True","True","True","wav","3.75","44100","Mono","32","1411200","646.05","2021-12-03 20:29:00"
"47ec5352-1b86-477b-9852-b13901c7eb4d_chan5_v0.wav","/C/gun_explosion_a0a388e0","[""/C/gun_explosion_a0a388e0""]","gun_explosion","[""gun_explosion""]","/home/andres/Documentos/proyecto4geeks/data/raw/edge-collected-gunshot-audio/gunshot/47ec5352-1b86-477b-9852-b13901c7eb4d_chan5_v0.wav","edge-collected-gunshot-audio","train","","True","True","True","wav","3.75","44100","Mono","32","1411200","646.05","2021-12-03 20:27:28"
"ea3ba9e7-1b6a-4ba1-afff-bc3543d9a61d_chan5_v0.wav","/C/gun_explosion_a0a388e0","[""/C/gun_explosion_a0a388e0""]","gun_explosion","[""gun_explosion""]","/home/andres/Documentos/proyecto4geeks/data/raw/edge-collected-gunshot-audio/gunshot/ea3ba9e7-1b6a-4ba1-afff-bc3543d9a61d_chan5_v0.wav","edge-collected-gunshot-audio","train","","True","True","True","wav","3.75","44100","Mono","32","1411200","646.05","2021-12-03 20:28:38"
"83a4c73a-d42f-4dff-9841-dd03f1c2d6e2_mean_v0.wav","/C/gun_explosion_a0a388e0","[""/C/gun_explosion_a0a388e0""]","gun_explosion","[""gun_explosion""]","/home/andres/Documentos/proyecto4geeks/data/raw/edge-collected-gunshot-audio/gunshot/83a4c73a-d42f-4dff-9841-dd03f1c2d6e2_mean_v0.wav","edge-collected-gunshot-audio","train","","True","True","True","wav","5.01","44100","Mono","32","1411200","863.16","2021-12-03 20:29:04"
"2567b43f-28b3-4df1-9c7c-aae01a354755_chan4_v0.wav","/C/gun_explosion_a0a388e0","[""/C/gun_explosion_a0a388e0""]","gun_explosion","[""gun_explosion""]","/home/andres/Documentos/proyecto4geeks/data/raw/edge-collected-gunshot-audio/gunshot/2567b43f-28b3-4df1-9c7c-aae01a354755_chan4_v0.wav","edge-collected-gunshot-audio","train","","True","True","True","wav","5.82","44100","Mono","32","1411200","1002.64","2021-12-03 20:28:48"
"972e5199-b99c-4f49-b006-ec7c2903f2ee_chan6_v0.wav","/C/gun_explosion_a0a388e0","[""/C/gun_explosion_a0a388e0""]","gun_explosion","[""gun_explosion""]","/home/andres/Documentos/proyecto4geeks/data/raw/edge-collected-gunshot-audio/gunshot/972e5199-b99c-4f49-b006-ec7c2903f2ee_chan6_v0.wav","edge-collected-gunshot-audio","train","","True","True","True","wav","3.75","44100","Mono","32","1411200","646.05","2021-12-03 20:29:08"
"982a287d-e590-4f32-bb52-293f837e30df_v0.wav","/C/gun_explosion_a0a388e0","[""/C/gun_explosion_a0a388e0""]","gun_explosion","[""gun_explosion""]","/home/andres/Documentos/proyecto4geeks/data/raw/edge-collected-gunshot-audio/gunshot/982a287d-e590-4f32-bb52-293f837e30df_v0.wav","edge-collected-gunshot-audio","train","","True","True","True","wav","3.75","44100","Mono","32","1411200","646.05","2021-12-03 20:27:36"
"9a7f2d4b-5bf1-46f4-bcbc-56b1c8c067c1_chan4_v0.wav","/C/gun_explosion_a0a388e0","[""/C/gun_explosion_a0a388e0""]","gun_explosion","[""gun_explosion""]","/home/andres/Documentos/proyecto4geeks/data/raw/edge-collected-gunshot-audio/gunshot/9a7f2d4b-5bf1-46f4-bcbc-56b1c8c067c1_chan4_v0.wav","edge-collected-gunshot-audio","test","","True","True","True","wav","2.162","44100","Mono","32","1411200","372.44","2021-12-03 20:29:10"
"9480296f-8e6e-438e-a35d-76a2f24506df_chan3_v0.wav","/C/gun_explosion_a0a388e0","[""/C/gun_explosion_a0a388e0""]","gun_explosion","[""gun_explosion""]","/home/andres/Documentos/proyecto4geeks/data/raw/edge-collected-gunshot-audio/gunshot/9480296f-8e6e-438e-a35d-76a2f24506df_chan3_v0.wav","edge-collected-gunshot-audio","train","","True","True","True","wav","3.75","44100","Mono","32","1411200","646.05","2021-12-03 20:28:22"
"a8c56aac-4362-430b-8cd1-ed4832960441_chan2_v0.wav","/C/gun_explosion_a0a388e0","[""/C/gun_explosion_a0a388e0""]","gun_explosion","[""gun_explosion""]","/home/andres/Documentos/proyecto4geeks/data/raw/edge-collected-gunshot-audio/gunshot/a8c56aac-4362-430b-8cd1-ed4832960441_chan2_v0.wav","edge-collected-gunshot-audio","train","","True","True","True","wav","5.725","44100","Mono","32","1411200","986.35","2021-12-03 20:29:12"
"fe18216b-56d4-478a-9ed7-a3543a9930e0_chan5_v0.wav","/C/gun_explosion_a0a388e0","[""/C/gun_explosion_a0a388e0""]","gun_explosion","[""gun_explosion""]","/home/andres/Documentos/proyecto4geeks/data/raw/edge-collected-gunshot-audio/gunshot/fe18216b-56d4-478a-9ed7-a3543a9930e0_chan5_v0.wav","edge-collected-gunshot-audio","test","","True","True","True","wav","3.613","44100","Mono","32","1411200","622.37","2021-12-03 20:27:52"
"e9b3d683-c7ec-4e77-9d3b-963d30d641f7_chan3_v0.wav","/C/gun_explosion_a0a388e0","[""/C/gun_explosion_a0a388e0""]","gun_explosion","[""gun_explosion""]","/home/andres/Documentos/proyecto4geeks/data/raw/edge-collected-gunshot-audio/gunshot/e9b3d683-c7ec-4e77-9d3b-963d30d641f7_chan3_v0.wav","edge-collected-gunshot-audio","train","","True","True","True","wav","5.679","44100","Mono","32","1411200","978.38","2021-12-03 20:29:26"
"0a07b229-7d2b-4d2b-8f32-c94cbc7b1487_chan0_v1.wav","/C/gun_explosion_a0a388e0","[""/C/gun_explosion_a0a388e0""]","gun_explosion","[""gun_explosion""]","/home/andres/Documentos/proyecto4geeks/data/raw/edge-collected-gunshot-audio/gunshot/0a07b229-7d2b-4d2b-8f32-c94cbc7b1487_chan0_v1.wav","edge-collected-gunshot-audio","train","","True","True","True","wav","3.75","44100","Mono","32","1411200","646.05","2021-12-03 20:26:48"
"da1019cd-4fdd-404c-a76f-e3fa43997a28_chan1_v0.wav","/C/gun_explosion_a0a388e0","[""/C/gun_explosion_a0a388e0""]","gun_explosion","[""gun_explosion""]","/home/andres/Documentos/proyecto4geeks/data/raw/edge-collected-gunshot-audio/gunshot/da1019cd-4fdd-404c-a76f-e3fa43997a28_chan1_v0.wav","edge-collected-gunshot-audio","train","","True","True","True","wav","6.703","44100","Mono","32","1411200","1154.71","2021-12-03 20:29:22"
"7cf68bd7-f94b-4ca8-9ff9-46a84a67bce8_chan5_v0.wav","/C/gun_explosion_a0a388e0","[""/C/gun_explosion_a0a388e0""]","gun_explosion","[""gun_explosion""]","/home/andres/Documentos/proyecto4geeks/data/raw/edge-collected-gunshot-audio/gunshot/7cf68bd7-f94b-4ca8-9ff9-46a84a67bce8_chan5_v0.wav","edge-collected-gunshot-audio","train","","True","True","True","wav","4.942","44100","Mono","32","1411200","851.36","2021-12-03 20:27:34"
"27c95dc1-e509-4bf6-a7a7-31e49f111fb0_v2.wav","/C/gun_explosion_a0a388e0","[""/C/gun_explosion_a0a388e0""]","gun_explosion","[""gun_explosion""]","/home/andres/Documentos/proyecto4geeks/data/raw/edge-collected-gunshot-audio/gunshot/27c95dc1-e509-4bf6-a7a7-31e49f111fb0_v2.wav","edge-collected-gunshot-audio","test","","True","True","True","wav","1.832","44100","Mono","32","1411200","315.66","2021-12-03 20:28:48"
"e481969e-a5dc-4de9-9300-0b91b66a3a07_chan5_v0.wav","/C/gun_explosion_a0a388e0","[""/C/gun_explosion_a0a388e0""]","gun_explosion","[""gun_explosion""]","/home/andres/Documentos/proyecto4geeks/data/raw/edge-collected-gunshot-audio/gunshot/e481969e-a5dc-4de9-9300-0b91b66a3a07_chan5_v0.wav","edge-collected-gunshot-audio","train","","True","True","True","wav","4.159","44100","Mono","32","1411200","716.57","2021-12-03 20:29:24"
"e9b3d683-c7ec-4e77-9d3b-963d30d641f7_chan6_v0.wav","/C/gun_explosion_a0a388e0","[""/C/gun_explosion_a0a388e0""]","gun_explosion","[""gun_explosion""]","/home/andres/Documentos/proyecto4geeks/data/raw/edge-collected-gunshot-audio/gunshot/e9b3d683-c7ec-4e77-9d3b-963d30d641f7_chan6_v0.wav","edge-collected-gunshot-audio","train","","True","True","True","wav","5.679","44100","Mono","32","1411200","978.33","2021-12-03 20:29:26"
"3754edb6-7d4f-4432-820d-3829797748b7_mean_v0.wav","/C/gun_explosion_a0a388e0","[""/C/gun_explosion_a0a388e0""]","gun_explosion","[""gun_explosion""]","/home/andres/Documentos/proyecto4geeks/data/raw/edge-collected-gunshot-audio/gunshot/3754edb6-7d4f-4432-820d-3829797748b7_mean_v0.wav","edge-collected-gunshot-audio","train","","True","True","True","wav","2.143","44100","Mono","32","1411200","369.24","2021-12-03 20:26:56"
"79a5a0ea-2fea-4b3e-9b5b-ef8689b9cacb_chan3_v0.wav","/C/gun_explosion_a0a388e0","[""/C/gun_explosion_a0a388e0""]","gun_explosion","[""gun_explosion""]","/home/andres/Documentos/proyecto4geeks/data/raw/edge-collected-gunshot-audio/gunshot/79a5a0ea-2fea-4b3e-9b5b-ef8689b9cacb_chan3_v0.wav","edge-collected-gunshot-audio","train","","True","True","True","wav","5.333","44100","Mono","32","1411200","918.68","2021-12-03 20:29:00"
"5bc4497c-5bcd-4114-9879-e16d05b30027_chan5_v0.wav","/C/gun_explosion_a0a388e0","[""/C/gun_explosion_a0a388e0""]","gun_explosion","[""gun_explosion""]","/home/andres/Documentos/proyecto4geeks/data/raw/edge-collected-gunshot-audio/gunshot/5bc4497c-5bcd-4114-9879-e16d05b30027_chan5_v0.wav","edge-collected-gunshot-audio","train","","True","True","True","wav","3.922","44100","Mono","32","1411200","675.61","2021-12-03 20:28:12"
"0495b86d-2f39-4912-916b-0cfbc160cf3d_chan0_v0.wav","/C/gun_explosion_a0a388e0","[""/C/gun_explosion_a0a388e0""]","gun_explosion","[""gun_explosion""]","/home/andres/Documentos/proyecto4geeks/data/raw/edge-collected-gunshot-audio/gunshot/0495b86d-2f39-4912-916b-0cfbc160cf3d_chan0_v0.wav","edge-collected-gunshot-audio","train","","True","True","True","wav","5.009","44100","Mono","32","1411200","862.87","2021-12-03 20:28:42"
"7d451790-0f0d-45e5-92fc-cbc68ede0a79_chan5_v0.wav","/C/gun_explosion_a0a388e0","[""/C/gun_explosion_a0a388e0""]","gun_explosion","[""gun_explosion""]","/home/andres/Documentos/proyecto4geeks/data/raw/edge-collected-gunshot-audio/gunshot/7d451790-0f0d-45e5-92fc-cbc68ede0a79_chan5_v0.wav","edge-collected-gunshot-audio","train","","True","True","True","wav","4.681","44100","Mono","32","1411200","806.45","2021-12-03 20:29:02"
"0a07b229-7d2b-4d2b-8f32-c94cbc7b1487_chan3_v0.wav","/C/gun_explosion_a0a388e0","[""/C/gun_explosion_a0a388e0""]","gun_explosion","[""gun_explosion""]","/home/andres/Documentos/proyecto4geeks/data/raw/edge-collected-gunshot-audio/gunshot/0a07b229-7d2b-4d2b-8f32-c94cbc7b1487_chan3_v0.wav","edge-collected-gunshot-audio","train","","True","True","True","wav","5.242","44100","Mono","32","1411200","903.04","2021-12-03 20:26:48"
"backup_11a102da-fefb-45db-9f99-8060349008ec__v0.wav","/C/gun_explosion_a0a388e0","[""/C/gun_explosion_a0a388e0""]","gun_explosion","[""gun_explosion""]","/home/andres/Documentos/proyecto4geeks/data/raw/edge-collected-gunshot-audio/gunshot/backup_11a102da-fefb-45db-9f99-8060349008ec__v0.wav","edge-collected-gunshot-audio","test","","True","True","True","wav","3.75","44100","Mono","32","1411200","646.05","2021-12-03 20:28:28"
"15d53f4b-0e9d-476e-b321-6ca604f89412_chan1_v0.wav","/C/gun_explosion_a0a388e0","[""/C/gun_explosion_a0a388e0""]","gun_explosion","[""gun_explosion""]","/home/andres/Documentos/proyecto4geeks/data/raw/edge-collected-gunshot-audio/gunshot/15d53f4b-0e9d-476e-b321-6ca604f89412_chan1_v0.wav","edge-collected-gunshot-audio","train","","True","True","True","wav","4.347","44100","Mono","32","1411200","748.89","2021-12-03 20:28:42"
"972e5199-b99c-4f49-b006-ec7c2903f2ee_chan4_v1.wav","/C/gun_explosion_a0a388e0","[""/C/gun_explosion_a0a388e0""]","gun_explosion","[""gun_explosion""]","/home/andres/Documentos/proyecto4geeks/data/raw/edge-collected-gunshot-audio/gunshot/972e5199-b99c-4f49-b006-ec7c2903f2ee_chan4_v1.wav","edge-collected-gunshot-audio","train","","True","True","True","wav","8.457","44100","Mono","32","1411200","1456.94","2021-12-03 20:29:08"
"06f8ef4c-86b4-408a-8909-3badadf8ca20_chan0_v0.wav","/C/gun_explosion_a0a388e0","[""/C/gun_explosion_a0a388e0""]","gun_explosion","[""gun_explosion""]","/home/andres/Documentos/proyecto4geeks/data/raw/edge-collected-gunshot-audio/gunshot/06f8ef4c-86b4-408a-8909-3badadf8ca20_chan0_v0.wav","edge-collected-gunshot-audio","train","","True","True","True","wav","3.124","44100","Mono","32","1411200","538.17","2021-12-03 20:27:54"
"df5dad7d-17e3-40bd-96ef-c77246c84283_v0.wav","/C/gun_explosion_a0a388e0","[""/C/gun_explosion_a0a388e0""]","gun_explosion","[""gun_explosion""]","/home/andres/Documentos/proyecto4geeks/data/raw/edge-collected-gunshot-audio/gunshot/df5dad7d-17e3-40bd-96ef-c77246c84283_v0.wav","edge-collected-gunshot-audio","train","","True","True","True","wav","3.692","44100","Mono","32","1411200","636.09","2021-12-03 20:28:36"
"backup_d3900443-f7b7-4802-9649-d71b5d068ba2__v1.wav","/C/gun_explosion_a0a388e0","[""/C/gun_explosion_a0a388e0""]","gun_explosion","[""gun_explosion""]","/home/andres/Documentos/proyecto4geeks/data/raw/edge-collected-gunshot-audio/gunshot/backup_d3900443-f7b7-4802-9649-d71b5d068ba2__v1.wav","edge-collected-gunshot-audio","train","","True","True","True","wav","3.75","44100","Mono","32","1411200","646.05","2021-12-03 20:28:30"
"ea3ba9e7-1b6a-4ba1-afff-bc3543d9a61d_chan2_v0.wav","/C/gun_explosion_a0a388e0","[""/C/gun_explosion_a0a388e0""]","gun_explosion","[""gun_explosion""]","/home/andres/Documentos/proyecto4geeks/data/raw/edge-collected-gunshot-audio/gunshot/ea3ba9e7-1b6a-4ba1-afff-bc3543d9a61d_chan2_v0.wav","edge-collected-gunshot-audio","train","","True","True","True","wav","3.75","44100","Mono","32","1411200","646.05","2021-12-03 20:28:38"
"a27a21fe-c4ef-46ef-9cf9-fbcb8c1c9dc3_v2.wav","/C/gun_explosion_a0a388e0","[""/C/gun_explosion_a0a388e0""]","gun_explosion","[""gun_explosion""]","/home/andres/Documentos/proyecto4geeks/data/raw/edge-collected-gunshot-audio/gunshot/a27a21fe-c4ef-46ef-9cf9-fbcb8c1c9dc3_v2.wav","edge-collected-gunshot-audio","train","","True","True","True","wav","3.75","44100","Mono","32","1411200","646.05","2021-12-03 20:29:10"
"a0e31937-1988-4fdc-8d5d-95c78b942f4f_mean_v0.wav","/C/gun_explosion_a0a388e0","[""/C/gun_explosion_a0a388e0""]","gun_explosion","[""gun_explosion""]","/home/andres/Documentos/proyecto4geeks/data/raw/edge-collected-gunshot-audio/gunshot/a0e31937-1988-4fdc-8d5d-95c78b942f4f_mean_v0.wav","edge-collected-gunshot-audio","train","","True","True","True","wav","2.324","44100","Mono","32","1411200","400.41","2021-12-03 20:27:36"
"2e743d86-86f3-4ee6-8e8d-20618a383433_chan1_v0.wav","/C/gun_explosion_a0a388e0","[""/C/gun_explosion_a0a388e0""]","gun_explosion","[""gun_explosion""]","/home/andres/Documentos/proyecto4geeks/data/raw/edge-collected-gunshot-audio/gunshot/2e743d86-86f3-4ee6-8e8d-20618a383433_chan1_v0.wav","edge-collected-gunshot-audio","train","","True","True","True","wav","11.75","44100","Mono","32","1411200","2024.18","2021-12-03 20:28:04"
"188f395f-a01c-4768-aa39-e20701953f19_mean_v0.wav","/C/gun_explosion_a0a388e0","[""/C/gun_explosion_a0a388e0""]","gun_explosion","[""gun_explosion""]","/home/andres/Documentos/proyecto4geeks/data/raw/edge-collected-gunshot-audio/gunshot/188f395f-a01c-4768-aa39-e20701953f19_mean_v0.wav","edge-collected-gunshot-audio","test","","True","True","True","wav","5.738","44100","Mono","32","1411200","988.59","2021-12-03 20:28:44"
"1fab478a-049c-40e2-8662-8102e3501d67_chan5_v0.wav","/C/gun_explosion_a0a388e0","[""/C/gun_explosion_a0a388e0""]","gun_explosion","[""gun_explosion""]","/home/andres/Documentos/proyecto4geeks/data/raw/edge-collected-gunshot-audio/gunshot/1fab478a-049c-40e2-8662-8102e3501d67_chan5_v0.wav","edge-collected-gunshot-audio","train","","True","True","True","wav","3.104","44100","Mono","32","1411200","534.77","2021-12-03 20:26:54"
"f1ea3a1c-030f-4275-b3b4-28bb0cd694b2_chan4_v0.wav","/C/gun_explosion_a0a388e0","[""/C/gun_explosion_a0a388e0""]","gun_explosion","[""gun_explosion""]","/home/andres/Documentos/proyecto4geeks/data/raw/edge-collected-gunshot-audio/gunshot/f1ea3a1c-030f-4275-b3b4-28bb0cd694b2_chan4_v0.wav","edge-collected-gunshot-audio","train","","True","True","True","wav","5.548","44100","Mono","32","1411200","955.74","2021-12-03 20:29:26"
"73cf82e8-4db3-403c-a0dd-2e814c9a6694_chan1_v0.wav","/C/gun_explosion_a0a388e0","[""/C/gun_explosion_a0a388e0""]","gun_explosion","[""gun_explosion""]","/home/andres/Documentos/proyecto4geeks/data/raw/edge-collected-gunshot-audio/gunshot/73cf82e8-4db3-403c-a0dd-2e814c9a6694_chan1_v0.wav","edge-collected-gunshot-audio","train","","True","True","True","wav","9.346","44100","Mono","32","1411200","1610.03","2021-12-03 20:29:00"
"86c4c4a5-0374-492f-bfcd-ed9de679b68b_chan1_v0.wav","/C/gun_explosion_a0a388e0","[""/C/gun_explosion_a0a388e0""]","gun_explosion","[""gun_explosion""]","/home/andres/Documentos/proyecto4geeks/data/raw/edge-collected-gunshot-audio/gunshot/86c4c4a5-0374-492f-bfcd-ed9de679b68b_chan1_v0.wav","edge-collected-gunshot-audio","train","","True","True","True","wav","6.598","44100","Mono","32","1411200","1136.63","2021-12-03 20:29:04"
"1298fc2a-4470-4cbd-a8c7-8c6e103d7c4f_mean_v1.wav","/C/gun_explosion_a0a388e0","[""/C/gun_explosion_a0a388e0""]","gun_explosion","[""gun_explosion""]","/home/andres/Documentos/proyecto4geeks/data/raw/edge-collected-gunshot-audio/gunshot/1298fc2a-4470-4cbd-a8c7-8c6e103d7c4f_mean_v1.wav","edge-collected-gunshot-audio","test","","True","True","True","wav","3.393","44100","Mono","32","1411200","584.62","2021-12-03 20:28:00"
"bdeb48ea-313d-44e5-8148-263c50dc53f0_chan5_v0.wav","/C/gun_explosion_a0a388e0","[""/C/gun_explosion_a0a388e0""]","gun_explosion","[""gun_explosion""]","/home/andres/Documentos/proyecto4geeks/data/raw/edge-collected-gunshot-audio/gunshot/bdeb48ea-313d-44e5-8148-263c50dc53f0_chan5_v0.wav","edge-collected-gunshot-audio","train","","True","True","True","wav","6.928","44100","Mono","32","1411200","1193.54","2021-12-03 20:27:10"
"d1fa442d-a890-42c4-b186-f5196099ace7_chan6_v0.wav","/C/gun_explosion_a0a388e0","[""/C/gun_explosion_a0a388e0""]","gun_explosion","[""gun_explosion""]","/home/andres/Documentos/proyecto4geeks/data/raw/edge-collected-gunshot-audio/gunshot/d1fa442d-a890-42c4-b186-f5196099ace7_chan6_v0.wav","edge-collected-gunshot-audio","train","","True","True","True","wav","2.648","44100","Mono","32","1411200","456.15","2021-12-03 20:28:34"
"d5b6bac9-c996-4955-a13d-9cb19e5b372a_chan6_v0.wav","/C/gun_explosion_a0a388e0","[""/C/gun_explosion_a0a388e0""]","gun_explosion","[""gun_explosion""]","/home/andres/Documentos/proyecto4geeks/data/raw/edge-collected-gunshot-audio/gunshot/d5b6bac9-c996-4955-a13d-9cb19e5b372a_chan6_v0.wav","edge-collected-gunshot-audio","test","","True","True","True","wav","10.706","44100","Mono","32","1411200","1844.33","2021-12-03 20:28:36"
"640ba6fd-94c7-4dc7-8efd-0a50166086e3_v4.wav","/C/gun_explosion_a0a388e0","[""/C/gun_explosion_a0a388e0""]","gun_explosion","[""gun_explosion""]","/home/andres/Documentos/proyecto4geeks/data/raw/edge-collected-gunshot-audio/gunshot/640ba6fd-94c7-4dc7-8efd-0a50166086e3_v4.wav","edge-collected-gunshot-audio","train","","True","True","True","wav","3.75","44100","Mono","32","1411200","646.05","2021-12-03 20:28:56"
"cda2b67e-0c10-4b96-8a5d-0819fe357bea_chan5_v0.wav","/C/gun_explosion_a0a388e0","[""/C/gun_explosion_a0a388e0""]","gun_explosion","[""gun_explosion""]","/home/andres/Documentos/proyecto4geeks/data/raw/edge-collected-gunshot-audio/gunshot/cda2b67e-0c10-4b96-8a5d-0819fe357bea_chan5_v0.wav","edge-collected-gunshot-audio","train","","True","True","True","wav","2.397","44100","Mono","32","1411200","412.94","2021-12-03 20:27:44"
"b0a13fed-0f85-467f-9355-4b6b5f88969c_chan6_v0.wav","/C/gun_explosion_a0a388e0","[""/C/gun_explosion_a0a388e0""]","gun_explosion","[""gun_explosion""]","/home/andres/Documentos/proyecto4geeks/data/raw/edge-collected-gunshot-audio/gunshot/b0a13fed-0f85-467f-9355-4b6b5f88969c_chan6_v0.wav","edge-collected-gunshot-audio","train","","True","True","True","wav","3.75","44100","Mono","32","1411200","646.05","2021-12-03 20:28:28"
"b785ce2a-693b-40df-8c78-53fb862046c4_chan2_v0.wav","/C/gun_explosion_a0a388e0","[""/C/gun_explosion_a0a388e0""]","gun_explosion","[""gun_explosion""]","/home/andres/Documentos/proyecto4geeks/data/raw/edge-collected-gunshot-audio/gunshot/b785ce2a-693b-40df-8c78-53fb862046c4_chan2_v0.wav","edge-collected-gunshot-audio","train","","True","True","True","wav","4.043","44100","Mono","32","1411200","696.44","2021-12-03 20:29:18"
"7f307f6f-c8a2-4a29-a750-eee5fced123c_v1.wav","/C/gun_explosion_a0a388e0","[""/C/gun_explosion_a0a388e0""]","gun_explosion","[""gun_explosion""]","/home/andres/Documentos/proyecto4geeks/data/raw/edge-collected-gunshot-audio/gunshot/7f307f6f-c8a2-4a29-a750-eee5fced123c_v1.wav","edge-collected-gunshot-audio","train","","True","True","True","wav","3.75","44100","Mono","32","1411200","646.05","2021-12-03 20:28:20"
"e2f3a120-6fcd-4760-917d-bb03ebff63d8_chan0_v1.wav","/C/gun_explosion_a0a388e0","[""/C/gun_explosion_a0a388e0""]","gun_explosion","[""gun_explosion""]","/home/andres/Documentos/proyecto4geeks/data/raw/edge-collected-gunshot-audio/gunshot/e2f3a120-6fcd-4760-917d-bb03ebff63d8_chan0_v1.wav","edge-collected-gunshot-audio","train","","True","True","True","wav","3.75","44100","Mono","32","1411200","646.05","2021-12-03 20:27:48"
"019439aa-e146-49da-b59c-28a594fba7e2_v5.wav","/C/gun_explosion_a0a388e0","[""/C/gun_explosion_a0a388e0""]","gun_explosion","[""gun_explosion""]","/home/andres/Documentos/proyecto4geeks/data/raw/edge-collected-gunshot-audio/gunshot/019439aa-e146-49da-b59c-28a594fba7e2_v5.wav","edge-collected-gunshot-audio","train","","True","True","True","wav","2.0","44100","Mono","32","1411200","344.59","2021-12-03 20:27:54"
"3ab0f1bb-f7fe-4cfe-a78e-11a263f75819_chan2_v0.wav","/C/gun_explosion_a0a388e0","[""/C/gun_explosion_a0a388e0""]","gun_explosion","[""gun_explosion""]","/home/andres/Documentos/proyecto4geeks/data/raw/edge-collected-gunshot-audio/gunshot/3ab0f1bb-f7fe-4cfe-a78e-11a263f75819_chan2_v0.wav","edge-collected-gunshot-audio","train","","True","True","True","wav","5.176","44100","Mono","32","1411200","891.72","2021-12-03 20:27:24"
"a9777bab-f297-479c-a1fd-43ca9395282a_v0.wav","/C/gun_explosion_a0a388e0","[""/C/gun_explosion_a0a388e0""]","gun_explosion","[""gun_explosion""]","/home/andres/Documentos/proyecto4geeks/data/raw/edge-collected-gunshot-audio/gunshot/a9777bab-f297-479c-a1fd-43ca9395282a_v0.wav","edge-collected-gunshot-audio","train","","True","True","True","wav","3.75","44100","Mono","32","1411200","646.05","2021-12-03 20:27:36"
"c0b2e1a0-0ad1-485b-9df8-af37612ac034_chan3_v0.wav","/C/gun_explosion_a0a388e0","[""/C/gun_explosion_a0a388e0""]","gun_explosion","[""gun_explosion""]","/home/andres/Documentos/proyecto4geeks/data/raw/edge-collected-gunshot-audio/gunshot/c0b2e1a0-0ad1-485b-9df8-af37612ac034_chan3_v0.wav","edge-collected-gunshot-audio","train","","True","True","True","wav","3.75","44100","Mono","32","1411200","646.05","2021-12-03 20:27:42"
"b06fc194-a76a-48c6-8ac2-937b138adf9a_chan2_v0.wav","/C/gun_explosion_a0a388e0","[""/C/gun_explosion_a0a388e0""]","gun_explosion","[""gun_explosion""]","/home/andres/Documentos/proyecto4geeks/data/raw/edge-collected-gunshot-audio/gunshot/b06fc194-a76a-48c6-8ac2-937b138adf9a_chan2_v0.wav","edge-collected-gunshot-audio","train","","True","True","True","wav","5.37","44100","Mono","32","1411200","925.06","2021-12-03 20:29:14"
"d1fa442d-a890-42c4-b186-f5196099ace7_chan4_v0.wav","/C/gun_explosion_a0a388e0","[""/C/gun_explosion_a0a388e0""]","gun_explosion","[""gun_explosion""]","/home/andres/Documentos/proyecto4geeks/data/raw/edge-collected-gunshot-audio/gunshot/d1fa442d-a890-42c4-b186-f5196099ace7_chan4_v0.wav","edge-collected-gunshot-audio","train","","True","True","True","wav","2.749","44100","Mono","32","1411200","473.54","2021-12-03 20:28:32"
"1298fc2a-4470-4cbd-a8c7-8c6e103d7c4f_chan6_v0.wav","/C/gun_explosion_a0a388e0","[""/C/gun_explosion_a0a388e0""]","gun_explosion","[""gun_explosion""]","/home/andres/Documentos/proyecto4geeks/data/raw/edge-collected-gunshot-audio/gunshot/1298fc2a-4470-4cbd-a8c7-8c6e103d7c4f_chan6_v0.wav","edge-collected-gunshot-audio","test","","True","True","True","wav","3.75","44100","Mono","32","1411200","646.05","2021-12-03 20:28:00"
"1a1db5f5-080b-4b6d-9c77-0fe675aed427_chan5_v0.wav","/C/gun_explosion_a0a388e0","[""/C/gun_explosion_a0a388e0""]","gun_explosion","[""gun_explosion""]","/home/andres/Documentos/proyecto4geeks/data/raw/edge-collected-gunshot-audio/gunshot/1a1db5f5-080b-4b6d-9c77-0fe675aed427_chan5_v0.wav","edge-collected-gunshot-audio","train","","True","True","True","wav","5.695","44100","Mono","32","1411200","981.13","2021-12-03 20:27:22"
"46d64add-0759-4314-8d50-e764f78208d7_chan0_v0.wav","/C/gun_explosion_a0a388e0","[""/C/gun_explosion_a0a388e0""]","gun_explosion","[""gun_explosion""]","/home/andres/Documentos/proyecto4geeks/data/raw/edge-collected-gunshot-audio/gunshot/46d64add-0759-4314-8d50-e764f78208d7_chan0_v0.wav","edge-collected-gunshot-audio","train","","True","True","True","wav","5.179","44100","Mono","32","1411200","892.3","2021-12-03 20:27:26"
"86c3ad57-152f-4ad3-ba12-21dbc35c816e_v0.wav","/C/gun_explosion_a0a388e0","[""/C/gun_explosion_a0a388e0""]","gun_explosion","[""gun_explosion""]","/home/andres/Documentos/proyecto4geeks/data/raw/edge-collected-gunshot-audio/gunshot/86c3ad57-152f-4ad3-ba12-21dbc35c816e_v0.wav","edge-collected-gunshot-audio","test","","True","True","True","wav","5.581","44100","Mono","32","1411200","961.45","2021-12-03 20:27:04"
"1c640d36-5831-494f-9707-4f02debe6a68_v3.wav","/C/gun_explosion_a0a388e0","[""/C/gun_explosion_a0a388e0""]","gun_explosion","[""gun_explosion""]","/home/andres/Documentos/proyecto4geeks/data/raw/edge-collected-gunshot-audio/gunshot/1c640d36-5831-494f-9707-4f02debe6a68_v3.wav","edge-collected-gunshot-audio","train","","True","True","True","wav","3.75","44100","Mono","32","1411200","646.05","2021-12-03 20:28:46"
"affc7396-c98b-45d9-99e3-791fb00b3efe_chan1_v0.wav","/C/gun_explosion_a0a388e0","[""/C/gun_explosion_a0a388e0""]","gun_explosion","[""gun_explosion""]","/home/andres/Documentos/proyecto4geeks/data/raw/edge-collected-gunshot-audio/gunshot/affc7396-c98b-45d9-99e3-791fb00b3efe_chan1_v0.wav","edge-collected-gunshot-audio","train","","True","True","True","wav","3.835","44100","Mono","32","1411200","660.76","2021-12-03 20:29:14"
"a67ff046-e452-412a-ac51-159728387382_chan4_v0.wav","/C/gun_explosion_a0a388e0","[""/C/gun_explosion_a0a388e0""]","gun_explosion","[""gun_explosion""]","/home/andres/Documentos/proyecto4geeks/data/raw/edge-collected-gunshot-audio/gunshot/a67ff046-e452-412a-ac51-159728387382_chan4_v0.wav","edge-collected-gunshot-audio","train","","True","True","True","wav","3.75","44100","Mono","32","1411200","646.05","2021-12-03 20:27:08"
"7f307f6f-c8a2-4a29-a750-eee5fced123c_v0.wav","/C/gun_explosion_a0a388e0","[""/C/gun_explosion_a0a388e0""]","gun_explosion","[""gun_explosion""]","/home/andres/Documentos/proyecto4geeks/data/raw/edge-collected-gunshot-audio/gunshot/7f307f6f-c8a2-4a29-a750-eee5fced123c_v0.wav","edge-collected-gunshot-audio","test","","True","True","True","wav","3.75","44100","Mono","32","1411200","646.05","2021-12-03 20:28:20"
"9d01ad9a-3e6b-458c-a02d-dc30f4d83f61_chan2_v0.wav","/C/gun_explosion_a0a388e0","[""/C/gun_explosion_a0a388e0""]","gun_explosion","[""gun_explosion""]","/home/andres/Documentos/proyecto4geeks/data/raw/edge-collected-gunshot-audio/gunshot/9d01ad9a-3e6b-458c-a02d-dc30f4d83f61_chan2_v0.wav","edge-collected-gunshot-audio","test","","True","True","True","wav","6.882","44100","Mono","32","1411200","1185.59","2021-12-03 20:27:06"
"2953714a-9fed-4926-943f-466071b77cf4_chan5_v0.wav","/C/gun_explosion_a0a388e0","[""/C/gun_explosion_a0a388e0""]","gun_explosion","[""gun_explosion""]","/home/andres/Documentos/proyecto4geeks/data/raw/edge-collected-gunshot-audio/gunshot/2953714a-9fed-4926-943f-466071b77cf4_chan5_v0.wav","edge-collected-gunshot-audio","test","","True","True","True","wav","5.769","44100","Mono","32","1411200","993.83","2021-12-03 20:27:24"
"86c4c4a5-0374-492f-bfcd-ed9de679b68b_chan4_v0.wav","/C/gun_explosion_a0a388e0","[""/C/gun_explosion_a0a388e0""]","gun_explosion","[""gun_explosion""]","/home/andres/Documentos/proyecto4geeks/data/raw/edge-collected-gunshot-audio/gunshot/86c4c4a5-0374-492f-bfcd-ed9de679b68b_chan4_v0.wav","edge-collected-gunshot-audio","train","","True","True","True","wav","6.398","44100","Mono","32","1411200","1102.28","2021-12-03 20:29:04"
"04d81d9d-63e9-46b1-9417-6fe40765be9a_chan5_v0.wav","/C/gun_explosion_a0a388e0","[""/C/gun_explosion_a0a388e0""]","gun_explosion","[""gun_explosion""]","/home/andres/Documentos/proyecto4geeks/data/raw/edge-collected-gunshot-audio/gunshot/04d81d9d-63e9-46b1-9417-6fe40765be9a_chan5_v0.wav","edge-collected-gunshot-audio","test","","True","True","True","wav","3.75","44100","Mono","32","1411200","646.05","2021-12-03 20:27:54"
"0bf6802f-32e1-40d2-99d5-b9f893526cdc_chan0_v0.wav","/C/gun_explosion_a0a388e0","[""/C/gun_explosion_a0a388e0""]","gun_explosion","[""gun_explosion""]","/home/andres/Documentos/proyecto4geeks/data/raw/edge-collected-gunshot-audio/gunshot/0bf6802f-32e1-40d2-99d5-b9f893526cdc_chan0_v0.wav","edge-collected-gunshot-audio","train","","True","True","True","wav","4.832","44100","Mono","32","1411200","832.44","2021-12-03 20:27:56"
"81c88e82-5dc3-446c-b9d8-d7687eb45b56_v5.wav","/C/gun_explosion_a0a388e0","[""/C/gun_explosion_a0a388e0""]","gun_explosion","[""gun_explosion""]","/home/andres/Documentos/proyecto4geeks/data/raw/edge-collected-gunshot-audio/gunshot/81c88e82-5dc3-446c-b9d8-d7687eb45b56_v5.wav","edge-collected-gunshot-audio","train","","True","True","True","wav","3.415","44100","Mono","32","1411200","588.26","2021-12-03 20:27:04"
"a0b21434-a906-4993-9a4d-0e781d8c0a53_v0.wav","/C/gun_explosion_a0a388e0","[""/C/gun_explosion_a0a388e0""]","gun_explosion","[""gun_explosion""]","/home/andres/Documentos/proyecto4geeks/data/raw/edge-collected-gunshot-audio/gunshot/a0b21434-a906-4993-9a4d-0e781d8c0a53_v0.wav","edge-collected-gunshot-audio","test","","True","True","True","wav","5.481","44100","Mono","32","1411200","944.29","2021-12-03 20:27:36"
"1bff3ff9-3bb6-43f3-96cd-abbbf7d84b46_chan0_v0.wav","/C/gun_explosion_a0a388e0","[""/C/gun_explosion_a0a388e0""]","gun_explosion","[""gun_explosion""]","/home/andres/Documentos/proyecto4geeks/data/raw/edge-collected-gunshot-audio/gunshot/1bff3ff9-3bb6-43f3-96cd-abbbf7d84b46_chan0_v0.wav","edge-collected-gunshot-audio","train","","True","True","True","wav","3.75","44100","Mono","32","1411200","646.05","2021-12-03 20:28:44"
"57252ebc-52a3-4c77-8f76-bcfeeba95a53_chan4_v0.wav","/C/gun_explosion_a0a388e0","[""/C/gun_explosion_a0a388e0""]","gun_explosion","[""gun_explosion""]","/home/andres/Documentos/proyecto4geeks/data/raw/edge-collected-gunshot-audio/gunshot/57252ebc-52a3-4c77-8f76-bcfeeba95a53_chan4_v0.wav","edge-collected-gunshot-audio","train","","True","True","True","wav","3.75","44100","Mono","32","1411200","646.05","2021-12-03 20:27:00"
"3754edb6-7d4f-4432-820d-3829797748b7_chan6_v0.wav","/C/gun_explosion_a0a388e0","[""/C/gun_explosion_a0a388e0""]","gun_explosion","[""gun_explosion""]","/home/andres/Documentos/proyecto4geeks/data/raw/edge-collected-gunshot-audio/gunshot/3754edb6-7d4f-4432-820d-3829797748b7_chan6_v0.wav","edge-collected-gunshot-audio","test","","True","True","True","wav","2.143","44100","Mono","32","1411200","369.23","2021-12-03 20:26:56"
"50e34be8-c0b4-4fc5-80fc-4c52f2ffde7a_chan4_v0.wav","/C/gun_explosion_a0a388e0","[""/C/gun_explosion_a0a388e0""]","gun_explosion","[""gun_explosion""]","/home/andres/Documentos/proyecto4geeks/data/raw/edge-collected-gunshot-audio/gunshot/50e34be8-c0b4-4fc5-80fc-4c52f2ffde7a_chan4_v0.wav","edge-collected-gunshot-audio","test","","True","True","True","wav","3.75","44100","Mono","32","1411200","646.05","2021-12-03 20:26:58"
"63ad0e9a-02d2-4b6c-9921-525767ab502b_v0.wav","/C/gun_explosion_a0a388e0","[""/C/gun_explosion_a0a388e0""]","gun_explosion","[""gun_explosion""]","/home/andres/Documentos/proyecto4geeks/data/raw/edge-collected-gunshot-audio/gunshot/63ad0e9a-02d2-4b6c-9921-525767ab502b_v0.wav","edge-collected-gunshot-audio","train","","True","True","True","wav","3.727","44100","Mono","32","1411200","642.16","2021-12-03 20:28:16"
"3ab0f1bb-f7fe-4cfe-a78e-11a263f75819_chan4_v0.wav","/C/gun_explosion_a0a388e0","[""/C/gun_explosion_a0a388e0""]","gun_explosion","[""gun_explosion""]","/home/andres/Documentos/proyecto4geeks/data/raw/edge-collected-gunshot-audio/gunshot/3ab0f1bb-f7fe-4cfe-a78e-11a263f75819_chan4_v0.wav","edge-collected-gunshot-audio","train","","True","True","True","wav","5.176","44100","Mono","32","1411200","891.72","2021-12-03 20:27:26"
"ed4c5c29-cca2-4739-b9a3-1389bc0868aa_v1.wav","/C/gun_explosion_a0a388e0","[""/C/gun_explosion_a0a388e0""]","gun_explosion","[""gun_explosion""]","/home/andres/Documentos/proyecto4geeks/data/raw/edge-collected-gunshot-audio/gunshot/ed4c5c29-cca2-4739-b9a3-1389bc0868aa_v1.wav","edge-collected-gunshot-audio","train","","True","True","True","wav","2.902","44100","Mono","32","1411200","499.89","2021-12-03 20:27:14"
"e73d935b-ddfa-4139-91d6-9d2f68994770_chan4_v1.wav","/C/gun_explosion_a0a388e0","[""/C/gun_explosion_a0a388e0""]","gun_explosion","[""gun_explosion""]","/home/andres/Documentos/proyecto4geeks/data/raw/edge-collected-gunshot-audio/gunshot/e73d935b-ddfa-4139-91d6-9d2f68994770_chan4_v1.wav","edge-collected-gunshot-audio","train","","True","True","True","wav","3.75","44100","Mono","32","1411200","646.05","2021-12-03 20:27:50"
"d394b858-4d3d-4658-9eb6-296579776892_mean_v0.wav","/C/gun_explosion_a0a388e0","[""/C/gun_explosion_a0a388e0""]","gun_explosion","[""gun_explosion""]","/home/andres/Documentos/proyecto4geeks/data/raw/edge-collected-gunshot-audio/gunshot/d394b858-4d3d-4658-9eb6-296579776892_mean_v0.wav","edge-collected-gunshot-audio","train","","True","True","True","wav","3.75","44100","Mono","32","1411200","646.05","2021-12-03 20:27:46"
"9d01ad9a-3e6b-458c-a02d-dc30f4d83f61_chan6_v0.wav","/C/gun_explosion_a0a388e0","[""/C/gun_explosion_a0a388e0""]","gun_explosion","[""gun_explosion""]","/home/andres/Documentos/proyecto4geeks/data/raw/edge-collected-gunshot-audio/gunshot/9d01ad9a-3e6b-458c-a02d-dc30f4d83f61_chan6_v0.wav","edge-collected-gunshot-audio","train","","True","True","True","wav","6.883","44100","Mono","32","1411200","1185.78","2021-12-03 20:27:06"
"406b0f75-2c99-4b65-9b34-ab83ecd488b3_mean_v0.wav","/C/gun_explosion_a0a388e0","[""/C/gun_explosion_a0a388e0""]","gun_explosion","[""gun_explosion""]","/home/andres/Documentos/proyecto4geeks/data/raw/edge-collected-gunshot-audio/gunshot/406b0f75-2c99-4b65-9b34-ab83ecd488b3_mean_v0.wav","edge-collected-gunshot-audio","train","","True","True","True","wav","2.686","44100","Mono","32","1411200","462.84","2021-12-03 20:28:08"
"889f15aa-9b06-472b-8a87-85434b13dc0f_mean_v3.wav","/C/gun_explosion_a0a388e0","[""/C/gun_explosion_a0a388e0""]","gun_explosion","[""gun_explosion""]","/home/andres/Documentos/proyecto4geeks/data/raw/edge-collected-gunshot-audio/gunshot/889f15aa-9b06-472b-8a87-85434b13dc0f_mean_v3.wav","edge-collected-gunshot-audio","train","","True","True","True","wav","3.75","44100","Mono","32","1411200","646.05","2021-12-03 20:29:06"
"e0b5c3ba-b47b-49ff-a727-5946c108798c_chan2_v0.wav","/C/gun_explosion_a0a388e0","[""/C/gun_explosion_a0a388e0""]","gun_explosion","[""gun_explosion""]","/home/andres/Documentos/proyecto4geeks/data/raw/edge-collected-gunshot-audio/gunshot/e0b5c3ba-b47b-49ff-a727-5946c108798c_chan2_v0.wav","edge-collected-gunshot-audio","train","","True","True","True","wav","5.74","44100","Mono","32","1411200","988.87","2021-12-03 20:29:24"
"d36f8f26-ce50-4bd3-8898-26da17995f46_chan1_v0.wav","/C/gun_explosion_a0a388e0","[""/C/gun_explosion_a0a388e0""]","gun_explosion","[""gun_explosion""]","/home/andres/Documentos/proyecto4geeks/data/raw/edge-collected-gunshot-audio/gunshot/d36f8f26-ce50-4bd3-8898-26da17995f46_chan1_v0.wav","edge-collected-gunshot-audio","train","","True","True","True","wav","6.029","44100","Mono","32","1411200","1038.68","2021-12-03 20:29:20"
"c2af92cf-45d1-4d03-8db4-129e0d28015e_chan0_v0.wav","/C/gun_explosion_a0a388e0","[""/C/gun_explosion_a0a388e0""]","gun_explosion","[""gun_explosion""]","/home/andres/Documentos/proyecto4geeks/data/raw/edge-collected-gunshot-audio/gunshot/c2af92cf-45d1-4d03-8db4-129e0d28015e_chan0_v0.wav","edge-collected-gunshot-audio","train","","True","True","True","wav","5.18","44100","Mono","32","1411200","892.35","2021-12-03 20:27:42"
"cfa1376d-7ec3-4aba-8bc9-5d598e13ba06_v0.wav","/C/gun_explosion_a0a388e0","[""/C/gun_explosion_a0a388e0""]","gun_explosion","[""gun_explosion""]","/home/andres/Documentos/proyecto4geeks/data/raw/edge-collected-gunshot-audio/gunshot/cfa1376d-7ec3-4aba-8bc9-5d598e13ba06_v0.wav","edge-collected-gunshot-audio","train","","True","True","True","wav","3.75","44100","Mono","32","1411200","646.05","2021-12-03 20:27:12"
"89d8134d-3ca8-4ac9-8020-76dd9c33a2da_chan0_v0.wav","/C/gun_explosion_a0a388e0","[""/C/gun_explosion_a0a388e0""]","gun_explosion","[""gun_explosion""]","/home/andres/Documentos/proyecto4geeks/data/raw/edge-collected-gunshot-audio/gunshot/89d8134d-3ca8-4ac9-8020-76dd9c33a2da_chan0_v0.wav","edge-collected-gunshot-audio","train","","True","True","True","wav","3.75","44100","Mono","32","1411200","646.05","2021-12-03 20:28:20"
"54c1f836-9209-4844-80c7-f20f34d0981c_mean_v0.wav","/C/gun_explosion_a0a388e0","[""/C/gun_explosion_a0a388e0""]","gun_explosion","[""gun_explosion""]","/home/andres/Documentos/proyecto4geeks/data/raw/edge-collected-gunshot-audio/gunshot/54c1f836-9209-4844-80c7-f20f34d0981c_mean_v0.wav","edge-collected-gunshot-audio","train","","True","True","True","wav","3.75","44100","Mono","32","1411200","646.05","2021-12-03 20:28:12"
"d735d982-c6bb-4a60-9cc7-5c2f6d06da93_mean_v0.wav","/C/gun_explosion_a0a388e0","[""/C/gun_explosion_a0a388e0""]","gun_explosion","[""gun_explosion""]","/home/andres/Documentos/proyecto4geeks/data/raw/edge-collected-gunshot-audio/gunshot/d735d982-c6bb-4a60-9cc7-5c2f6d06da93_mean_v0.wav","edge-collected-gunshot-audio","train","","True","True","True","wav","3.397","44100","Mono","32","1411200","585.32","2021-12-03 20:27:46"
"bdeb48ea-313d-44e5-8148-263c50dc53f0_mean_v0.wav","/C/gun_explosion_a0a388e0","[""/C/gun_explosion_a0a388e0""]","gun_explosion","[""gun_explosion""]","/home/andres/Documentos/proyecto4geeks/data/raw/edge-collected-gunshot-audio/gunshot/bdeb48ea-313d-44e5-8148-263c50dc53f0_mean_v0.wav","edge-collected-gunshot-audio","train","","True","True","True","wav","6.931","44100","Mono","32","1411200","1194.07","2021-12-03 20:27:10"
"04d81d9d-63e9-46b1-9417-6fe40765be9a_chan2_v0.wav","/C/gun_explosion_a0a388e0","[""/C/gun_explosion_a0a388e0""]","gun_explosion","[""gun_explosion""]","/home/andres/Documentos/proyecto4geeks/data/raw/edge-collected-gunshot-audio/gunshot/04d81d9d-63e9-46b1-9417-6fe40765be9a_chan2_v0.wav","edge-collected-gunshot-audio","train","","True","True","True","wav","3.75","44100","Mono","32","1411200","646.05","2021-12-03 20:27:54"
"2206e99c-e7ee-493b-902e-1a970a9fc4fe_chan0_v1.wav","/C/gun_explosion_a0a388e0","[""/C/gun_explosion_a0a388e0""]","gun_explosion","[""gun_explosion""]","/home/andres/Documentos/proyecto4geeks/data/raw/edge-collected-gunshot-audio/gunshot/2206e99c-e7ee-493b-902e-1a970a9fc4fe_chan0_v1.wav","edge-collected-gunshot-audio","train","","True","True","True","wav","3.75","44100","Mono","32","1411200","646.05","2021-12-03 20:26:54"
"5ec1b4c4-e9bb-4e83-a69f-c71e322cd656_chan1_v0.wav","/C/gun_explosion_a0a388e0","[""/C/gun_explosion_a0a388e0""]","gun_explosion","[""gun_explosion""]","/home/andres/Documentos/proyecto4geeks/data/raw/edge-collected-gunshot-audio/gunshot/5ec1b4c4-e9bb-4e83-a69f-c71e322cd656_chan1_v0.wav","edge-collected-gunshot-audio","test","","True","True","True","wav","11.225","44100","Mono","32","1411200","1933.72","2021-12-03 20:28:14"
"3f5138a7-0f5b-4ead-b551-3475032820fb_chan5_v0.wav","/C/gun_explosion_a0a388e0","[""/C/gun_explosion_a0a388e0""]","gun_explosion","[""gun_explosion""]","/home/andres/Documentos/proyecto4geeks/data/raw/edge-collected-gunshot-audio/gunshot/3f5138a7-0f5b-4ead-b551-3475032820fb_chan5_v0.wav","edge-collected-gunshot-audio","train","","True","True","True","wav","2.623","44100","Mono","32","1411200","451.95","2021-12-03 20:26:56"
"3754edb6-7d4f-4432-820d-3829797748b7_chan5_v0.wav","/C/gun_explosion_a0a388e0","[""/C/gun_explosion_a0a388e0""]","gun_explosion","[""gun_explosion""]","/home/andres/Documentos/proyecto4geeks/data/raw/edge-collected-gunshot-audio/gunshot/3754edb6-7d4f-4432-820d-3829797748b7_chan5_v0.wav","edge-collected-gunshot-audio","train","","True","True","True","wav","2.143","44100","Mono","32","1411200","369.24","2021-12-03 20:26:56"
"814dbe25-dbb4-4e80-b032-b6b23916a92a_chan1_v0.wav","/C/gun_explosion_a0a388e0","[""/C/gun_explosion_a0a388e0""]","gun_explosion","[""gun_explosion""]","/home/andres/Documentos/proyecto4geeks/data/raw/edge-collected-gunshot-audio/gunshot/814dbe25-dbb4-4e80-b032-b6b23916a92a_chan1_v0.wav","edge-collected-gunshot-audio","train","","True","True","True","wav","5.553","44100","Mono","32","1411200","956.65","2021-12-03 20:27:34"
"be57f8ab-9cf3-4528-bd35-c810f2444baf_chan5_v0.wav","/C/gun_explosion_a0a388e0","[""/C/gun_explosion_a0a388e0""]","gun_explosion","[""gun_explosion""]","/home/andres/Documentos/proyecto4geeks/data/raw/edge-collected-gunshot-audio/gunshot/be57f8ab-9cf3-4528-bd35-c810f2444baf_chan5_v0.wav","edge-collected-gunshot-audio","train","","True","True","True","wav","4.219","44100","Mono","32","1411200","726.81","2021-12-03 20:28:32"
"37861b06-0455-47e7-89de-c18e357eb9c8_chan6_v0.wav","/C/gun_explosion_a0a388e0","[""/C/gun_explosion_a0a388e0""]","gun_explosion","[""gun_explosion""]","/home/andres/Documentos/proyecto4geeks/data/raw/edge-collected-gunshot-audio/gunshot/37861b06-0455-47e7-89de-c18e357eb9c8_chan6_v0.wav","edge-collected-gunshot-audio","train","","True","True","True","wav","4.983","44100","Mono","32","1411200","858.47","2021-12-03 20:28:50"
"a8c56aac-4362-430b-8cd1-ed4832960441_chan3_v0.wav","/C/gun_explosion_a0a388e0","[""/C/gun_explosion_a0a388e0""]","gun_explosion","[""gun_explosion""]","/home/andres/Documentos/proyecto4geeks/data/raw/edge-collected-gunshot-audio/gunshot/a8c56aac-4362-430b-8cd1-ed4832960441_chan3_v0.wav","edge-collected-gunshot-audio","test","","True","True","True","wav","5.726","44100","Mono","32","1411200","986.38","2021-12-03 20:29:12"
"9e0b526e-e70d-434b-9a54-36c2529338ea_v0.wav","/C/gun_explosion_a0a388e0","[""/C/gun_explosion_a0a388e0""]","gun_explosion","[""gun_explosion""]","/home/andres/Documentos/proyecto4geeks/data/raw/edge-collected-gunshot-audio/gunshot/9e0b526e-e70d-434b-9a54-36c2529338ea_v0.wav","edge-collected-gunshot-audio","train","","True","True","True","wav","3.75","44100","Mono","32","1411200","646.05","2021-12-03 20:28:24"
"f96e1f88-c321-4c29-98f4-1f61882c72e2_chan1_v0.wav","/C/gun_explosion_a0a388e0","[""/C/gun_explosion_a0a388e0""]","gun_explosion","[""gun_explosion""]","/home/andres/Documentos/proyecto4geeks/data/raw/edge-collected-gunshot-audio/gunshot/f96e1f88-c321-4c29-98f4-1f61882c72e2_chan1_v0.wav","edge-collected-gunshot-audio","train","","True","True","True","wav","7.921","44100","Mono","32","1411200","1364.57","2021-12-03 20:27:14"
"56fe6fed-6bf0-475f-b660-770535298f86_v0.wav","/C/gun_explosion_a0a388e0","[""/C/gun_explosion_a0a388e0""]","gun_explosion","[""gun_explosion""]","/home/andres/Documentos/proyecto4geeks/data/raw/edge-collected-gunshot-audio/gunshot/56fe6fed-6bf0-475f-b660-770535298f86_v0.wav","edge-collected-gunshot-audio","test","","True","True","True","wav","3.75","44100","Mono","32","1411200","646.05","2021-12-03 20:27:28"
"210e3485-a655-4ade-b23f-74786943b62e_v0.wav","/C/gun_explosion_a0a388e0","[""/C/gun_explosion_a0a388e0""]","gun_explosion","[""gun_explosion""]","/home/andres/Documentos/proyecto4geeks/data/raw/edge-collected-gunshot-audio/gunshot/210e3485-a655-4ade-b23f-74786943b62e_v0.wav","edge-collected-gunshot-audio","test","","True","True","True","wav","3.042","44100","Mono","32","1411200","524.13","2021-12-03 20:28:02"
"c2af92cf-45d1-4d03-8db4-129e0d28015e_chan5_v0.wav","/C/gun_explosion_a0a388e0","[""/C/gun_explosion_a0a388e0""]","gun_explosion","[""gun_explosion""]","/home/andres/Documentos/proyecto4geeks/data/raw/edge-collected-gunshot-audio/gunshot/c2af92cf-45d1-4d03-8db4-129e0d28015e_chan5_v0.wav","edge-collected-gunshot-audio","train","","True","True","True","wav","5.18","44100","Mono","32","1411200","892.35","2021-12-03 20:27:42"
"97057495-3e44-4cd3-af10-4d38e3d570b5_v0.wav","/C/gun_explosion_a0a388e0","[""/C/gun_explosion_a0a388e0""]","gun_explosion","[""gun_explosion""]","/home/andres/Documentos/proyecto4geeks/data/raw/edge-collected-gunshot-audio/gunshot/97057495-3e44-4cd3-af10-4d38e3d570b5_v0.wav","edge-collected-gunshot-audio","train","","True","True","True","wav","4.922","44100","Mono","32","1411200","848.02","2021-12-03 20:27:04"
"6320dc5c-a956-40b8-a664-45f1edcf3b3b_chan3_v2.wav","/C/gun_explosion_a0a388e0","[""/C/gun_explosion_a0a388e0""]","gun_explosion","[""gun_explosion""]","/home/andres/Documentos/proyecto4geeks/data/raw/edge-collected-gunshot-audio/gunshot/6320dc5c-a956-40b8-a664-45f1edcf3b3b_chan3_v2.wav","edge-collected-gunshot-audio","train","","True","True","True","wav","4.569","44100","Mono","32","1411200","787.11","2021-12-03 20:27:30"
"af1d7d22-46ed-4f2b-a2b5-fc4a5bec68bd_chan0_v0.wav","/C/gun_explosion_a0a388e0","[""/C/gun_explosion_a0a388e0""]","gun_explosion","[""gun_explosion""]","/home/andres/Documentos/proyecto4geeks/data/raw/edge-collected-gunshot-audio/gunshot/af1d7d22-46ed-4f2b-a2b5-fc4a5bec68bd_chan0_v0.wav","edge-collected-gunshot-audio","train","","True","True","True","wav","3.494","44100","Mono","32","1411200","601.87","2021-12-03 20:27:38"
"b06fc194-a76a-48c6-8ac2-937b138adf9a_mean_v0.wav","/C/gun_explosion_a0a388e0","[""/C/gun_explosion_a0a388e0""]","gun_explosion","[""gun_explosion""]","/home/andres/Documentos/proyecto4geeks/data/raw/edge-collected-gunshot-audio/gunshot/b06fc194-a76a-48c6-8ac2-937b138adf9a_mean_v0.wav","edge-collected-gunshot-audio","train","","True","True","True","wav","5.525","44100","Mono","32","1411200","951.84","2021-12-03 20:29:16"
"519d8ad8-2ccf-4ad9-a0ba-689ee0052fae_chan0_v0.wav","/C/gun_explosion_a0a388e0","[""/C/gun_explosion_a0a388e0""]","gun_explosion","[""gun_explosion""]","/home/andres/Documentos/proyecto4geeks/data/raw/edge-collected-gunshot-audio/gunshot/519d8ad8-2ccf-4ad9-a0ba-689ee0052fae_chan0_v0.wav","edge-collected-gunshot-audio","train","","True","True","True","wav","5.178","44100","Mono","32","1411200","892.08","2021-12-03 20:27:28"
"191df8d6-a4c9-4430-9ef8-e05c473fdbfb_mean_v0.wav","/C/gun_explosion_a0a388e0","[""/C/gun_explosion_a0a388e0""]","gun_explosion","[""gun_explosion""]","/home/andres/Documentos/proyecto4geeks/data/raw/edge-collected-gunshot-audio/gunshot/191df8d6-a4c9-4430-9ef8-e05c473fdbfb_mean_v0.wav","edge-collected-gunshot-audio","test","","True","True","True","wav","3.537","44100","Mono","32","1411200","609.35","2021-12-03 20:28:44"
"e0b5c3ba-b47b-49ff-a727-5946c108798c_chan3_v0.wav","/C/gun_explosion_a0a388e0","[""/C/gun_explosion_a0a388e0""]","gun_explosion","[""gun_explosion""]","/home/andres/Documentos/proyecto4geeks/data/raw/edge-collected-gunshot-audio/gunshot/e0b5c3ba-b47b-49ff-a727-5946c108798c_chan3_v0.wav","edge-collected-gunshot-audio","train","","True","True","True","wav","5.74","44100","Mono","32","1411200","988.88","2021-12-03 20:29:24"
"2635ee28-ca23-48ab-abb1-ec263c623588_chan6_v0.wav","/C/gun_explosion_a0a388e0","[""/C/gun_explosion_a0a388e0""]","gun_explosion","[""gun_explosion""]","/home/andres/Documentos/proyecto4geeks/data/raw/edge-collected-gunshot-audio/gunshot/2635ee28-ca23-48ab-abb1-ec263c623588_chan6_v0.wav","edge-collected-gunshot-audio","train","","True","True","True","wav","4.356","44100","Mono","32","1411200","750.5","2021-12-03 20:28:48"
"c4bfe4bc-0f13-41d0-9900-aa7ddc99f0d6_v1.wav","/C/gun_explosion_a0a388e0","[""/C/gun_explosion_a0a388e0""]","gun_explosion","[""gun_explosion""]","/home/andres/Documentos/proyecto4geeks/data/raw/edge-collected-gunshot-audio/gunshot/c4bfe4bc-0f13-41d0-9900-aa7ddc99f0d6_v1.wav","edge-collected-gunshot-audio","test","","True","True","True","wav","3.75","44100","Mono","32","1411200","646.05","2021-12-03 20:29:20"
"acf24fae-0755-4bf6-8bf9-0440585c5b15_mean_v0.wav","/C/gun_explosion_a0a388e0","[""/C/gun_explosion_a0a388e0""]","gun_explosion","[""gun_explosion""]","/home/andres/Documentos/proyecto4geeks/data/raw/edge-collected-gunshot-audio/gunshot/acf24fae-0755-4bf6-8bf9-0440585c5b15_mean_v0.wav","edge-collected-gunshot-audio","test","","True","True","True","wav","4.188","44100","Mono","32","1411200","721.57","2021-12-03 20:28:28"
"aacb484a-4c94-4004-af8d-5000066395af_v1.wav","/C/gun_explosion_a0a388e0","[""/C/gun_explosion_a0a388e0""]","gun_explosion","[""gun_explosion""]","/home/andres/Documentos/proyecto4geeks/data/raw/edge-collected-gunshot-audio/gunshot/aacb484a-4c94-4004-af8d-5000066395af_v1.wav","edge-collected-gunshot-audio","test","","True","True","True","wav","4.269","44100","Mono","32","1411200","735.38","2021-12-03 20:29:14"
"6377cc9f-b176-45cf-a9f9-4d3bcdcaa51c_chan3_v1.wav","/C/gun_explosion_a0a388e0","[""/C/gun_explosion_a0a388e0""]","gun_explosion","[""gun_explosion""]","/home/andres/Documentos/proyecto4geeks/data/raw/edge-collected-gunshot-audio/gunshot/6377cc9f-b176-45cf-a9f9-4d3bcdcaa51c_chan3_v1.wav","edge-collected-gunshot-audio","train","","True","True","True","wav","4.742","44100","Mono","32","1411200","816.99","2021-12-03 20:27:02"
"e782f1a4-8cbd-4335-a97e-d90e744de9f7_chan1_v0.wav","/C/gun_explosion_a0a388e0","[""/C/gun_explosion_a0a388e0""]","gun_explosion","[""gun_explosion""]","/home/andres/Documentos/proyecto4geeks/data/raw/edge-collected-gunshot-audio/gunshot/e782f1a4-8cbd-4335-a97e-d90e744de9f7_chan1_v0.wav","edge-collected-gunshot-audio","train","","True","True","True","wav","4.937","44100","Mono","32","1411200","850.47","2021-12-03 20:29:24"
"1bff3ff9-3bb6-43f3-96cd-abbbf7d84b46_chan1_v0.wav","/C/gun_explosion_a0a388e0","[""/C/gun_explosion_a0a388e0""]","gun_explosion","[""gun_explosion""]","/home/andres/Documentos/proyecto4geeks/data/raw/edge-collected-gunshot-audio/gunshot/1bff3ff9-3bb6-43f3-96cd-abbbf7d84b46_chan1_v0.wav","edge-collected-gunshot-audio","train","","True","True","True","wav","3.819","44100","Mono","32","1411200","657.96","2021-12-03 20:28:44"
"cad6cdd9-faca-4577-95f4-4be31f757b0c_chan4_v1.wav","/C/gun_explosion_a0a388e0","[""/C/gun_explosion_a0a388e0""]","gun_explosion","[""gun_explosion""]","/home/andres/Documentos/proyecto4geeks/data/raw/edge-collected-gunshot-audio/gunshot/cad6cdd9-faca-4577-95f4-4be31f757b0c_chan4_v1.wav","edge-collected-gunshot-audio","test","","True","True","True","wav","6.088","44100","Mono","32","1411200","1048.85","2021-12-03 20:27:10"
"6320dc5c-a956-40b8-a664-45f1edcf3b3b_chan0_v0.wav","/C/gun_explosion_a0a388e0","[""/C/gun_explosion_a0a388e0""]","gun_explosion","[""gun_explosion""]","/home/andres/Documentos/proyecto4geeks/data/raw/edge-collected-gunshot-audio/gunshot/6320dc5c-a956-40b8-a664-45f1edcf3b3b_chan0_v0.wav","edge-collected-gunshot-audio","test","","True","True","True","wav","3.75","44100","Mono","32","1411200","646.05","2021-12-03 20:27:30"
"13bfab79-9198-4558-a1bf-4f8aedd4d6f9_chan5_v0.wav","/C/gun_explosion_a0a388e0","[""/C/gun_explosion_a0a388e0""]","gun_explosion","[""gun_explosion""]","/home/andres/Documentos/proyecto4geeks/data/raw/edge-collected-gunshot-audio/gunshot/13bfab79-9198-4558-a1bf-4f8aedd4d6f9_chan5_v0.wav","edge-collected-gunshot-audio","train","","True","True","True","wav","3.75","44100","Mono","32","1411200","646.05","2021-12-03 20:28:00"
"4927b6ef-d78c-46e1-a099-0921fe79eced_v1.wav","/C/gun_explosion_a0a388e0","[""/C/gun_explosion_a0a388e0""]","gun_explosion","[""gun_explosion""]","/home/andres/Documentos/proyecto4geeks/data/raw/edge-collected-gunshot-audio/gunshot/4927b6ef-d78c-46e1-a099-0921fe79eced_v1.wav","edge-collected-gunshot-audio","train","","True","True","True","wav","5.154","44100","Mono","32","1411200","887.89","2021-12-03 20:26:58"
"cc00e8d8-6add-4bed-a0b4-65988e438021_chan4_v0.wav","/C/gun_explosion_a0a388e0","[""/C/gun_explosion_a0a388e0""]","gun_explosion","[""gun_explosion""]","/home/andres/Documentos/proyecto4geeks/data/raw/edge-collected-gunshot-audio/gunshot/cc00e8d8-6add-4bed-a0b4-65988e438021_chan4_v0.wav","edge-collected-gunshot-audio","train","","True","True","True","wav","5.948","44100","Mono","32","1411200","1024.67","2021-12-03 20:27:44"
"adca0472-ee71-44c9-a22d-ee86d7bb85a6_chan1_v0.wav","/C/gun_explosion_a0a388e0","[""/C/gun_explosion_a0a388e0""]","gun_explosion","[""gun_explosion""]","/home/andres/Documentos/proyecto4geeks/data/raw/edge-collected-gunshot-audio/gunshot/adca0472-ee71-44c9-a22d-ee86d7bb85a6_chan1_v0.wav","edge-collected-gunshot-audio","train","","True","True","True","wav","4.604","44100","Mono","32","1411200","793.08","2021-12-03 20:27:38"
"d5b6bac9-c996-4955-a13d-9cb19e5b372a_mean_v0.wav","/C/gun_explosion_a0a388e0","[""/C/gun_explosion_a0a388e0""]","gun_explosion","[""gun_explosion""]","/home/andres/Documentos/proyecto4geeks/data/raw/edge-collected-gunshot-audio/gunshot/d5b6bac9-c996-4955-a13d-9cb19e5b372a_mean_v0.wav","edge-collected-gunshot-audio","train","","True","True","True","wav","10.706","44100","Mono","32","1411200","1844.33","2021-12-03 20:28:36"
"090f69a9-885c-45fb-a807-f2661aaeb165_chan0_v0.wav","/C/gun_explosion_a0a388e0","[""/C/gun_explosion_a0a388e0""]","gun_explosion","[""gun_explosion""]","/home/andres/Documentos/proyecto4geeks/data/raw/edge-collected-gunshot-audio/gunshot/090f69a9-885c-45fb-a807-f2661aaeb165_chan0_v0.wav","edge-collected-gunshot-audio","train","","True","True","True","wav","3.75","44100","Mono","32","1411200","646.05","2021-12-03 20:27:18"
"f1ad53f5-d113-4a27-9929-f5013db0bc0c_v1.wav","/C/gun_explosion_a0a388e0","[""/C/gun_explosion_a0a388e0""]","gun_explosion","[""gun_explosion""]","/home/andres/Documentos/proyecto4geeks/data/raw/edge-collected-gunshot-audio/gunshot/f1ad53f5-d113-4a27-9929-f5013db0bc0c_v1.wav","edge-collected-gunshot-audio","train","","True","True","True","wav","7.533","44100","Mono","32","1411200","1297.68","2021-12-03 20:29:26"
"7b2c5211-c425-4a2d-9989-f8d1946d2187_chan6_v0.wav","/C/gun_explosion_a0a388e0","[""/C/gun_explosion_a0a388e0""]","gun_explosion","[""gun_explosion""]","/home/andres/Documentos/proyecto4geeks/data/raw/edge-collected-gunshot-audio/gunshot/7b2c5211-c425-4a2d-9989-f8d1946d2187_chan6_v0.wav","edge-collected-gunshot-audio","train","","True","True","True","wav","2.389","44100","Mono","32","1411200","411.56","2021-12-03 20:28:20"
"ee3ef4e5-4462-40e8-9f4f-33e8b52def35_v3.wav","/C/gun_explosion_a0a388e0","[""/C/gun_explosion_a0a388e0""]","gun_explosion","[""gun_explosion""]","/home/andres/Documentos/proyecto4geeks/data/raw/edge-collected-gunshot-audio/gunshot/ee3ef4e5-4462-40e8-9f4f-33e8b52def35_v3.wav","edge-collected-gunshot-audio","train","","True","True","True","wav","3.75","44100","Mono","32","1411200","646.05","2021-12-03 20:28:40"
"3f5138a7-0f5b-4ead-b551-3475032820fb_chan3_v0.wav","/C/gun_explosion_a0a388e0","[""/C/gun_explosion_a0a388e0""]","gun_explosion","[""gun_explosion""]","/home/andres/Documentos/proyecto4geeks/data/raw/edge-collected-gunshot-audio/gunshot/3f5138a7-0f5b-4ead-b551-3475032820fb_chan3_v0.wav","edge-collected-gunshot-audio","train","","True","True","True","wav","2.624","44100","Mono","32","1411200","452.0","2021-12-03 20:26:56"
"f96e1f88-c321-4c29-98f4-1f61882c72e2_chan3_v0.wav","/C/gun_explosion_a0a388e0","[""/C/gun_explosion_a0a388e0""]","gun_explosion","[""gun_explosion""]","/home/andres/Documentos/proyecto4geeks/data/raw/edge-collected-gunshot-audio/gunshot/f96e1f88-c321-4c29-98f4-1f61882c72e2_chan3_v0.wav","edge-collected-gunshot-audio","train","","True","True","True","wav","7.921","44100","Mono","32","1411200","1364.66","2021-12-03 20:27:14"
"2206e99c-e7ee-493b-902e-1a970a9fc4fe_chan2_v0.wav","/C/gun_explosion_a0a388e0","[""/C/gun_explosion_a0a388e0""]","gun_explosion","[""gun_explosion""]","/home/andres/Documentos/proyecto4geeks/data/raw/edge-collected-gunshot-audio/gunshot/2206e99c-e7ee-493b-902e-1a970a9fc4fe_chan2_v0.wav","edge-collected-gunshot-audio","test","","True","True","True","wav","3.75","44100","Mono","32","1411200","646.05","2021-12-03 20:26:54"
"e843a6ae-b61e-48bf-bfa4-2fe2cc16e207_v0.wav","/C/gun_explosion_a0a388e0","[""/C/gun_explosion_a0a388e0""]","gun_explosion","[""gun_explosion""]","/home/andres/Documentos/proyecto4geeks/data/raw/edge-collected-gunshot-audio/gunshot/e843a6ae-b61e-48bf-bfa4-2fe2cc16e207_v0.wav","edge-collected-gunshot-audio","train","","True","True","True","wav","5.039","44100","Mono","32","1411200","868.18","2021-12-03 20:27:14"
"683cbedc-1319-4bfe-a656-cdf5e9b1c98f_chan5_v0.wav","/C/gun_explosion_a0a388e0","[""/C/gun_explosion_a0a388e0""]","gun_explosion","[""gun_explosion""]","/home/andres/Documentos/proyecto4geeks/data/raw/edge-collected-gunshot-audio/gunshot/683cbedc-1319-4bfe-a656-cdf5e9b1c98f_chan5_v0.wav","edge-collected-gunshot-audio","train","","True","True","True","wav","4.963","44100","Mono","32","1411200","854.94","2021-12-03 20:28:58"
"b6b54c4a-e6b0-487e-b476-25dc131d0607_chan3_v2.wav","/C/gun_explosion_a0a388e0","[""/C/gun_explosion_a0a388e0""]","gun_explosion","[""gun_explosion""]","/home/andres/Documentos/proyecto4geeks/data/raw/edge-collected-gunshot-audio/gunshot/b6b54c4a-e6b0-487e-b476-25dc131d0607_chan3_v2.wav","edge-collected-gunshot-audio","train","","True","True","True","wav","4.235","44100","Mono","32","1411200","729.54","2021-12-03 20:29:16"
"3f5138a7-0f5b-4ead-b551-3475032820fb_chan0_v0.wav","/C/gun_explosion_a0a388e0","[""/C/gun_explosion_a0a388e0""]","gun_explosion","[""gun_explosion""]","/home/andres/Documentos/proyecto4geeks/data/raw/edge-collected-gunshot-audio/gunshot/3f5138a7-0f5b-4ead-b551-3475032820fb_chan0_v0.wav","edge-collected-gunshot-audio","train","","True","True","True","wav","2.623","44100","Mono","32","1411200","451.94","2021-12-03 20:26:56"
"50e34be8-c0b4-4fc5-80fc-4c52f2ffde7a_chan6_v0.wav","/C/gun_explosion_a0a388e0","[""/C/gun_explosion_a0a388e0""]","gun_explosion","[""gun_explosion""]","/home/andres/Documentos/proyecto4geeks/data/raw/edge-collected-gunshot-audio/gunshot/50e34be8-c0b4-4fc5-80fc-4c52f2ffde7a_chan6_v0.wav","edge-collected-gunshot-audio","train","","True","True","True","wav","3.75","44100","Mono","32","1411200","646.05","2021-12-03 20:26:58"
"519d8ad8-2ccf-4ad9-a0ba-689ee0052fae_chan3_v0.wav","/C/gun_explosion_a0a388e0","[""/C/gun_explosion_a0a388e0""]","gun_explosion","[""gun_explosion""]","/home/andres/Documentos/proyecto4geeks/data/raw/edge-collected-gunshot-audio/gunshot/519d8ad8-2ccf-4ad9-a0ba-689ee0052fae_chan3_v0.wav","edge-collected-gunshot-audio","test","","True","True","True","wav","5.18","44100","Mono","32","1411200","892.33","2021-12-03 20:27:28"
"77ac463c-098c-484a-8394-66285cc161a4_mean_v1.wav","/C/gun_explosion_a0a388e0","[""/C/gun_explosion_a0a388e0""]","gun_explosion","[""gun_explosion""]","/home/andres/Documentos/proyecto4geeks/data/raw/edge-collected-gunshot-audio/gunshot/77ac463c-098c-484a-8394-66285cc161a4_mean_v1.wav","edge-collected-gunshot-audio","train","","True","True","True","wav","4.366","44100","Mono","32","1411200","752.15","2021-12-03 20:27:04"
"b6b54c4a-e6b0-487e-b476-25dc131d0607_chan1_v0.wav","/C/gun_explosion_a0a388e0","[""/C/gun_explosion_a0a388e0""]","gun_explosion","[""gun_explosion""]","/home/andres/Documentos/proyecto4geeks/data/raw/edge-collected-gunshot-audio/gunshot/b6b54c4a-e6b0-487e-b476-25dc131d0607_chan1_v0.wav","edge-collected-gunshot-audio","train","","True","True","True","wav","3.75","44100","Mono","32","1411200","646.05","2021-12-03 20:29:16"
"549ae4a3-3088-47c6-9804-882b81f7f69e_mean_v0.wav","/C/gun_explosion_a0a388e0","[""/C/gun_explosion_a0a388e0""]","gun_explosion","[""gun_explosion""]","/home/andres/Documentos/proyecto4geeks/data/raw/edge-collected-gunshot-audio/gunshot/549ae4a3-3088-47c6-9804-882b81f7f69e_mean_v0.wav","edge-collected-gunshot-audio","train","","True","True","True","wav","3.75","44100","Mono","32","1411200","646.05","2021-12-03 20:27:00"
"24ed6f76-c141-4366-a98c-f09596a4e5c0_v0.wav","/C/gun_explosion_a0a388e0","[""/C/gun_explosion_a0a388e0""]","gun_explosion","[""gun_explosion""]","/home/andres/Documentos/proyecto4geeks/data/raw/edge-collected-gunshot-audio/gunshot/24ed6f76-c141-4366-a98c-f09596a4e5c0_v0.wav","edge-collected-gunshot-audio","test","","True","True","True","wav","3.676","44100","Mono","32","1411200","633.25","2021-12-03 20:28:04"
"640ba6fd-94c7-4dc7-8efd-0a50166086e3_v3.wav","/C/gun_explosion_a0a388e0","[""/C/gun_explosion_a0a388e0""]","gun_explosion","[""gun_explosion""]","/home/andres/Documentos/proyecto4geeks/data/raw/edge-collected-gunshot-audio/gunshot/640ba6fd-94c7-4dc7-8efd-0a50166086e3_v3.wav","edge-collected-gunshot-audio","test","","True","True","True","wav","3.75","44100","Mono","32","1411200","646.05","2021-12-03 20:28:56"
"379848cc-a90b-41dd-8eff-d5312678a40a_v0.wav","/C/gun_explosion_a0a388e0","[""/C/gun_explosion_a0a388e0""]","gun_explosion","[""gun_explosion""]","/home/andres/Documentos/proyecto4geeks/data/raw/edge-collected-gunshot-audio/gunshot/379848cc-a90b-41dd-8eff-d5312678a40a_v0.wav","edge-collected-gunshot-audio","train","","True","True","True","wav","3.75","44100","Mono","32","1411200","646.05","2021-12-03 20:28:50"
"89d8058c-af35-4851-90e4-44aa7dcb8690_chan0_v0.wav","/C/gun_explosion_a0a388e0","[""/C/gun_explosion_a0a388e0""]","gun_explosion","[""gun_explosion""]","/home/andres/Documentos/proyecto4geeks/data/raw/edge-collected-gunshot-audio/gunshot/89d8058c-af35-4851-90e4-44aa7dcb8690_chan0_v0.wav","edge-collected-gunshot-audio","train","","True","True","True","wav","3.308","44100","Mono","32","1411200","569.83","2021-12-03 20:28:20"
"9fe037df-d10f-48a0-b988-1a6202c10f46_chan6_v1.wav","/C/gun_explosion_a0a388e0","[""/C/gun_explosion_a0a388e0""]","gun_explosion","[""gun_explosion""]","/home/andres/Documentos/proyecto4geeks/data/raw/edge-collected-gunshot-audio/gunshot/9fe037df-d10f-48a0-b988-1a6202c10f46_chan6_v1.wav","edge-collected-gunshot-audio","train","","True","True","True","wav","3.454","44100","Mono","32","1411200","595.02","2021-12-03 20:28:26"
"4a48b77c-72bf-4917-b8b0-da4f8b20a24b_chan6_v0.wav","/C/gun_explosion_a0a388e0","[""/C/gun_explosion_a0a388e0""]","gun_explosion","[""gun_explosion""]","/home/andres/Documentos/proyecto4geeks/data/raw/edge-collected-gunshot-audio/gunshot/4a48b77c-72bf-4917-b8b0-da4f8b20a24b_chan6_v0.wav","edge-collected-gunshot-audio","train","","True","True","True","wav","2.208","44100","Mono","32","1411200","380.48","2021-12-03 20:27:28"
"0ecc8bff-1110-42d7-9c39-06dbdd1a0075_chan0_v0.wav","/C/gun_explosion_a0a388e0","[""/C/gun_explosion_a0a388e0""]","gun_explosion","[""gun_explosion""]","/home/andres/Documentos/proyecto4geeks/data/raw/edge-collected-gunshot-audio/gunshot/0ecc8bff-1110-42d7-9c39-06dbdd1a0075_chan0_v0.wav","edge-collected-gunshot-audio","train","","True","True","True","wav","7.047","44100","Mono","32","1411200","1214.01","2021-12-03 20:26:50"
"5cb2087f-9407-45a7-80aa-9ea7a5df275f_chan0_v0.wav","/C/gun_explosion_a0a388e0","[""/C/gun_explosion_a0a388e0""]","gun_explosion","[""gun_explosion""]","/home/andres/Documentos/proyecto4geeks/data/raw/edge-collected-gunshot-audio/gunshot/5cb2087f-9407-45a7-80aa-9ea7a5df275f_chan0_v0.wav","edge-collected-gunshot-audio","train","","True","True","True","wav","3.391","44100","Mono","32","1411200","584.17","2021-12-03 20:28:12"
"64210409-df04-4e4b-bf3b-7afa05b59624_chan3_v0.wav","/C/gun_explosion_a0a388e0","[""/C/gun_explosion_a0a388e0""]","gun_explosion","[""gun_explosion""]","/home/andres/Documentos/proyecto4geeks/data/raw/edge-collected-gunshot-audio/gunshot/64210409-df04-4e4b-bf3b-7afa05b59624_chan3_v0.wav","edge-collected-gunshot-audio","train","","True","True","True","wav","3.897","44100","Mono","32","1411200","671.34","2021-12-03 20:28:16"
"a39107e3-e899-458f-bc52-1340d67fbbb4_mean_v0.wav","/C/gun_explosion_a0a388e0","[""/C/gun_explosion_a0a388e0""]","gun_explosion","[""gun_explosion""]","/home/andres/Documentos/proyecto4geeks/data/raw/edge-collected-gunshot-audio/gunshot/a39107e3-e899-458f-bc52-1340d67fbbb4_mean_v0.wav","edge-collected-gunshot-audio","train","","True","True","True","wav","3.675","44100","Mono","32","1411200","633.13","2021-12-03 20:29:10"
"b3247aa6-f1e5-4a0d-8330-21e3ff183567_chan3_v0.wav","/C/gun_explosion_a0a388e0","[""/C/gun_explosion_a0a388e0""]","gun_explosion","[""gun_explosion""]","/home/andres/Documentos/proyecto4geeks/data/raw/edge-collected-gunshot-audio/gunshot/b3247aa6-f1e5-4a0d-8330-21e3ff183567_chan3_v0.wav","edge-collected-gunshot-audio","train","","True","True","True","wav","2.626","44100","Mono","32","1411200","452.35","2021-12-03 20:27:08"
"d5b6bac9-c996-4955-a13d-9cb19e5b372a_chan1_v0.wav","/C/gun_explosion_a0a388e0","[""/C/gun_explosion_a0a388e0""]","gun_explosion","[""gun_explosion""]","/home/andres/Documentos/proyecto4geeks/data/raw/edge-collected-gunshot-audio/gunshot/d5b6bac9-c996-4955-a13d-9cb19e5b372a_chan1_v0.wav","edge-collected-gunshot-audio","train","","True","True","True","wav","10.706","44100","Mono","32","1411200","1844.33","2021-12-03 20:28:36"
"1c640d36-5831-494f-9707-4f02debe6a68_v0.wav","/C/gun_explosion_a0a388e0","[""/C/gun_explosion_a0a388e0""]","gun_explosion","[""gun_explosion""]","/home/andres/Documentos/proyecto4geeks/data/raw/edge-collected-gunshot-audio/gunshot/1c640d36-5831-494f-9707-4f02debe6a68_v0.wav","edge-collected-gunshot-audio","test","","True","True","True","wav","3.75","44100","Mono","32","1411200","646.05","2021-12-03 20:28:46"
"d31d3dec-08ba-4dfe-a64b-88a1ee4a5841_v0.wav","/C/gun_explosion_a0a388e0","[""/C/gun_explosion_a0a388e0""]","gun_explosion","[""gun_explosion""]","/home/andres/Documentos/proyecto4geeks/data/raw/edge-collected-gunshot-audio/gunshot/d31d3dec-08ba-4dfe-a64b-88a1ee4a5841_v0.wav","edge-collected-gunshot-audio","train","","True","True","True","wav","4.675","44100","Mono","32","1411200","805.44","2021-12-03 20:29:20"
"24ed6f76-c141-4366-a98c-f09596a4e5c0_v4.wav","/C/gun_explosion_a0a388e0","[""/C/gun_explosion_a0a388e0""]","gun_explosion","[""gun_explosion""]","/home/andres/Documentos/proyecto4geeks/data/raw/edge-collected-gunshot-audio/gunshot/24ed6f76-c141-4366-a98c-f09596a4e5c0_v4.wav","edge-collected-gunshot-audio","train","","True","True","True","wav","2.0","44100","Mono","32","1411200","344.59","2021-12-03 20:28:04"
"cad6cdd9-faca-4577-95f4-4be31f757b0c_chan3_v1.wav","/C/gun_explosion_a0a388e0","[""/C/gun_explosion_a0a388e0""]","gun_explosion","[""gun_explosion""]","/home/andres/Documentos/proyecto4geeks/data/raw/edge-collected-gunshot-audio/gunshot/cad6cdd9-faca-4577-95f4-4be31f757b0c_chan3_v1.wav","edge-collected-gunshot-audio","train","","True","True","True","wav","6.088","44100","Mono","32","1411200","1048.85","2021-12-03 20:27:10"
"ee57604f-1b38-4ae6-ac7c-bd6563d18d33_v0.wav","/C/gun_explosion_a0a388e0","[""/C/gun_explosion_a0a388e0""]","gun_explosion","[""gun_explosion""]","/home/andres/Documentos/proyecto4geeks/data/raw/edge-collected-gunshot-audio/gunshot/ee57604f-1b38-4ae6-ac7c-bd6563d18d33_v0.wav","edge-collected-gunshot-audio","test","","True","True","True","wav","9.384","44100","Mono","32","1411200","1616.59","2021-12-03 20:29:26"
"46d64add-0759-4314-8d50-e764f78208d7_chan6_v0.wav","/C/gun_explosion_a0a388e0","[""/C/gun_explosion_a0a388e0""]","gun_explosion","[""gun_explosion""]","/home/andres/Documentos/proyecto4geeks/data/raw/edge-collected-gunshot-audio/gunshot/46d64add-0759-4314-8d50-e764f78208d7_chan6_v0.wav","edge-collected-gunshot-audio","test","","True","True","True","wav","5.252","44100","Mono","32","1411200","904.76","2021-12-03 20:27:26"
"b785ce2a-693b-40df-8c78-53fb862046c4_chan6_v0.wav","/C/gun_explosion_a0a388e0","[""/C/gun_explosion_a0a388e0""]","gun_explosion","[""gun_explosion""]","/home/andres/Documentos/proyecto4geeks/data/raw/edge-collected-gunshot-audio/gunshot/b785ce2a-693b-40df-8c78-53fb862046c4_chan6_v0.wav","edge-collected-gunshot-audio","train","","True","True","True","wav","4.043","44100","Mono","32","1411200","696.44","2021-12-03 20:29:18"
"eb23aa38-5a7a-4f2b-af6e-d11558acaefb_v0.wav","/C/gun_explosion_a0a388e0","[""/C/gun_explosion_a0a388e0""]","gun_explosion","[""gun_explosion""]","/home/andres/Documentos/proyecto4geeks/data/raw/edge-collected-gunshot-audio/gunshot/eb23aa38-5a7a-4f2b-af6e-d11558acaefb_v0.wav","edge-collected-gunshot-audio","train","","True","True","True","wav","5.96","44100","Mono","32","1411200","1026.76","2021-12-03 20:27:50"
"6320dc5c-a956-40b8-a664-45f1edcf3b3b_chan6_v2.wav","/C/gun_explosion_a0a388e0","[""/C/gun_explosion_a0a388e0""]","gun_explosion","[""gun_explosion""]","/home/andres/Documentos/proyecto4geeks/data/raw/edge-collected-gunshot-audio/gunshot/6320dc5c-a956-40b8-a664-45f1edcf3b3b_chan6_v2.wav","edge-collected-gunshot-audio","train","","True","True","True","wav","4.569","44100","Mono","32","1411200","787.12","2021-12-03 20:27:32"
"305914f4-bd2e-4b56-8473-101726329119_chan2_v0.wav","/C/gun_explosion_a0a388e0","[""/C/gun_explosion_a0a388e0""]","gun_explosion","[""gun_explosion""]","/home/andres/Documentos/proyecto4geeks/data/raw/edge-collected-gunshot-audio/gunshot/305914f4-bd2e-4b56-8473-101726329119_chan2_v0.wav","edge-collected-gunshot-audio","train","","True","True","True","wav","5.386","44100","Mono","32","1411200","927.82","2021-12-03 20:28:48"
"1fbde55f-15ba-4137-9d20-c9ed6cbf0f06_v0.wav","/C/gun_explosion_a0a388e0","[""/C/gun_explosion_a0a388e0""]","gun_explosion","[""gun_explosion""]","/home/andres/Documentos/proyecto4geeks/data/raw/edge-collected-gunshot-audio/gunshot/1fbde55f-15ba-4137-9d20-c9ed6cbf0f06_v0.wav","edge-collected-gunshot-audio","train","","True","True","True","wav","4.169","44100","Mono","32","1411200","718.21","2021-12-03 20:28:02"
"b6b54c4a-e6b0-487e-b476-25dc131d0607_mean_v2.wav","/C/gun_explosion_a0a388e0","[""/C/gun_explosion_a0a388e0""]","gun_explosion","[""gun_explosion""]","/home/andres/Documentos/proyecto4geeks/data/raw/edge-collected-gunshot-audio/gunshot/b6b54c4a-e6b0-487e-b476-25dc131d0607_mean_v2.wav","edge-collected-gunshot-audio","test","","True","True","True","wav","4.238","44100","Mono","32","1411200","730.05","2021-12-03 20:29:18"
"1f85c0fd-51bb-470c-9b40-0f0faa5cae1f_chan4_v0.wav","/C/gun_explosion_a0a388e0","[""/C/gun_explosion_a0a388e0""]","gun_explosion","[""gun_explosion""]","/home/andres/Documentos/proyecto4geeks/data/raw/edge-collected-gunshot-audio/gunshot/1f85c0fd-51bb-470c-9b40-0f0faa5cae1f_chan4_v0.wav","edge-collected-gunshot-audio","test","","True","True","True","wav","3.848","44100","Mono","32","1411200","662.95","2021-12-03 20:28:02"
"a1e92cb2-7999-4a02-ad5e-d9602c622854_chan2_v0.wav","/C/gun_explosion_a0a388e0","[""/C/gun_explosion_a0a388e0""]","gun_explosion","[""gun_explosion""]","/home/andres/Documentos/proyecto4geeks/data/raw/edge-collected-gunshot-audio/gunshot/a1e92cb2-7999-4a02-ad5e-d9602c622854_chan2_v0.wav","edge-collected-gunshot-audio","train","","True","True","True","wav","3.64","44100","Mono","32","1411200","627.08","2021-12-03 20:28:26"
"1266f563-7458-4d7b-81bd-8cb56eff1abb_v3.wav","/C/gun_explosion_a0a388e0","[""/C/gun_explosion_a0a388e0""]","gun_explosion","[""gun_explosion""]","/home/andres/Documentos/proyecto4geeks/data/raw/edge-collected-gunshot-audio/gunshot/1266f563-7458-4d7b-81bd-8cb56eff1abb_v3.wav","edge-collected-gunshot-audio","train","","True","True","True","wav","3.75","44100","Mono","32","1411200","646.05","2021-12-03 20:27:20"
"0c4a24ea-01ed-4450-bf9c-fe9562a39730_v0.wav","/C/gun_explosion_a0a388e0","[""/C/gun_explosion_a0a388e0""]","gun_explosion","[""gun_explosion""]","/home/andres/Documentos/proyecto4geeks/data/raw/edge-collected-gunshot-audio/gunshot/0c4a24ea-01ed-4450-bf9c-fe9562a39730_v0.wav","edge-collected-gunshot-audio","train","","True","True","True","wav","4.0","44100","Mono","32","1411200","689.18","2021-12-03 20:27:56"
"0ecc8bff-1110-42d7-9c39-06dbdd1a0075_chan6_v0.wav","/C/gun_explosion_a0a388e0","[""/C/gun_explosion_a0a388e0""]","gun_explosion","[""gun_explosion""]","/home/andres/Documentos/proyecto4geeks/data/raw/edge-collected-gunshot-audio/gunshot/0ecc8bff-1110-42d7-9c39-06dbdd1a0075_chan6_v0.wav","edge-collected-gunshot-audio","train","","True","True","True","wav","7.048","44100","Mono","32","1411200","1214.21","2021-12-03 20:26:50"
"backup_f235dd1e-d103-4639-b1e7-cdf0731fa121__v3.wav","/C/gun_explosion_a0a388e0","[""/C/gun_explosion_a0a388e0""]","gun_explosion","[""gun_explosion""]","/home/andres/Documentos/proyecto4geeks/data/raw/edge-collected-gunshot-audio/gunshot/backup_f235dd1e-d103-4639-b1e7-cdf0731fa121__v3.wav","edge-collected-gunshot-audio","train","","True","True","True","wav","6.52","44100","Mono","32","1411200","1123.27","2021-12-03 20:28:30"
"fe18216b-56d4-478a-9ed7-a3543a9930e0_chan3_v0.wav","/C/gun_explosion_a0a388e0","[""/C/gun_explosion_a0a388e0""]","gun_explosion","[""gun_explosion""]","/home/andres/Documentos/proyecto4geeks/data/raw/edge-collected-gunshot-audio/gunshot/fe18216b-56d4-478a-9ed7-a3543a9930e0_chan3_v0.wav","edge-collected-gunshot-audio","train","","True","True","True","wav","3.613","44100","Mono","32","1411200","622.44","2021-12-03 20:27:52"
"ec013f65-cc3c-4ebb-9315-bb4d2043e8f4_chan4_v0.wav","/C/gun_explosion_a0a388e0","[""/C/gun_explosion_a0a388e0""]","gun_explosion","[""gun_explosion""]","/home/andres/Documentos/proyecto4geeks/data/raw/edge-collected-gunshot-audio/gunshot/ec013f65-cc3c-4ebb-9315-bb4d2043e8f4_chan4_v0.wav","edge-collected-gunshot-audio","train","","True","True","True","wav","3.723","44100","Mono","32","1411200","641.49","2021-12-03 20:28:40"
"cad6cdd9-faca-4577-95f4-4be31f757b0c_chan0_v0.wav","/C/gun_explosion_a0a388e0","[""/C/gun_explosion_a0a388e0""]","gun_explosion","[""gun_explosion""]","/home/andres/Documentos/proyecto4geeks/data/raw/edge-collected-gunshot-audio/gunshot/cad6cdd9-faca-4577-95f4-4be31f757b0c_chan0_v0.wav","edge-collected-gunshot-audio","train","","True","True","True","wav","3.75","44100","Mono","32","1411200","646.05","2021-12-03 20:27:10"
"0495b86d-2f39-4912-916b-0cfbc160cf3d_chan6_v0.wav","/C/gun_explosion_a0a388e0","[""/C/gun_explosion_a0a388e0""]","gun_explosion","[""gun_explosion""]","/home/andres/Documentos/proyecto4geeks/data/raw/edge-collected-gunshot-audio/gunshot/0495b86d-2f39-4912-916b-0cfbc160cf3d_chan6_v0.wav","edge-collected-gunshot-audio","test","","True","True","True","wav","5.009","44100","Mono","32","1411200","862.88","2021-12-03 20:28:42"
"23f32d46-ca2c-4b54-bbad-0b0db3a72ffb_mean_v0.wav","/C/gun_explosion_a0a388e0","[""/C/gun_explosion_a0a388e0""]","gun_explosion","[""gun_explosion""]","/home/andres/Documentos/proyecto4geeks/data/raw/edge-collected-gunshot-audio/gunshot/23f32d46-ca2c-4b54-bbad-0b0db3a72ffb_mean_v0.wav","edge-collected-gunshot-audio","train","","True","True","True","wav","8.195","44100","Mono","32","1411200","1411.8","2021-12-03 20:26:56"
"e4aadaa4-c923-40a3-9739-84d021e5be2d_v0.wav","/C/gun_explosion_a0a388e0","[""/C/gun_explosion_a0a388e0""]","gun_explosion","[""gun_explosion""]","/home/andres/Documentos/proyecto4geeks/data/raw/edge-collected-gunshot-audio/gunshot/e4aadaa4-c923-40a3-9739-84d021e5be2d_v0.wav","edge-collected-gunshot-audio","train","","True","True","True","wav","3.75","44100","Mono","32","1411200","646.05","2021-12-03 20:28:38"
"a494f4fa-d5fc-4b52-8e25-6804bc695ec1_chan4_v0.wav","/C/gun_explosion_a0a388e0","[""/C/gun_explosion_a0a388e0""]","gun_explosion","[""gun_explosion""]","/home/andres/Documentos/proyecto4geeks/data/raw/edge-collected-gunshot-audio/gunshot/a494f4fa-d5fc-4b52-8e25-6804bc695ec1_chan4_v0.wav","edge-collected-gunshot-audio","train","","True","True","True","wav","3.75","44100","Mono","32","1411200","646.05","2021-12-03 20:29:12"
"a39107e3-e899-458f-bc52-1340d67fbbb4_chan5_v0.wav","/C/gun_explosion_a0a388e0","[""/C/gun_explosion_a0a388e0""]","gun_explosion","[""gun_explosion""]","/home/andres/Documentos/proyecto4geeks/data/raw/edge-collected-gunshot-audio/gunshot/a39107e3-e899-458f-bc52-1340d67fbbb4_chan5_v0.wav","edge-collected-gunshot-audio","train","","True","True","True","wav","3.675","44100","Mono","32","1411200","633.13","2021-12-03 20:29:10"
"cad6cdd9-faca-4577-95f4-4be31f757b0c_chan0_v1.wav","/C/gun_explosion_a0a388e0","[""/C/gun_explosion_a0a388e0""]","gun_explosion","[""gun_explosion""]","/home/andres/Documentos/proyecto4geeks/data/raw/edge-collected-gunshot-audio/gunshot/cad6cdd9-faca-4577-95f4-4be31f757b0c_chan0_v1.wav","edge-collected-gunshot-audio","train","","True","True","True","wav","6.088","44100","Mono","32","1411200","1048.86","2021-12-03 20:27:10"
"ee3ef4e5-4462-40e8-9f4f-33e8b52def35_v1.wav","/C/gun_explosion_a0a388e0","[""/C/gun_explosion_a0a388e0""]","gun_explosion","[""gun_explosion""]","/home/andres/Documentos/proyecto4geeks/data/raw/edge-collected-gunshot-audio/gunshot/ee3ef4e5-4462-40e8-9f4f-33e8b52def35_v1.wav","edge-collected-gunshot-audio","train","","True","True","True","wav","2.0","44100","Mono","32","1411200","344.59","2021-12-03 20:28:40"
"a8c56aac-4362-430b-8cd1-ed4832960441_chan0_v0.wav","/C/gun_explosion_a0a388e0","[""/C/gun_explosion_a0a388e0""]","gun_explosion","[""gun_explosion""]","/home/andres/Documentos/proyecto4geeks/data/raw/edge-collected-gunshot-audio/gunshot/a8c56aac-4362-430b-8cd1-ed4832960441_chan0_v0.wav","edge-collected-gunshot-audio","train","","True","True","True","wav","5.726","44100","Mono","32","1411200","986.37","2021-12-03 20:29:12"
"3c7089ad-a3ef-4159-b45c-a57cc64fa254_chan6_v0.wav","/C/gun_explosion_a0a388e0","[""/C/gun_explosion_a0a388e0""]","gun_explosion","[""gun_explosion""]","/home/andres/Documentos/proyecto4geeks/data/raw/edge-collected-gunshot-audio/gunshot/3c7089ad-a3ef-4159-b45c-a57cc64fa254_chan6_v0.wav","edge-collected-gunshot-audio","train","","True","True","True","wav","3.75","44100","Mono","32","1411200","646.05","2021-12-03 20:27:26"
"79c04fcc-da8d-4250-927b-9747b4f4354c_chan5_v0.wav","/C/gun_explosion_a0a388e0","[""/C/gun_explosion_a0a388e0""]","gun_explosion","[""gun_explosion""]","/home/andres/Documentos/proyecto4geeks/data/raw/edge-collected-gunshot-audio/gunshot/79c04fcc-da8d-4250-927b-9747b4f4354c_chan5_v0.wav","edge-collected-gunshot-audio","train","","True","True","True","wav","3.574","44100","Mono","32","1411200","615.67","2021-12-03 20:28:18"
"1a6c051f-185a-479c-957b-55259fcbf287_chan5_v0.wav","/C/gun_explosion_a0a388e0","[""/C/gun_explosion_a0a388e0""]","gun_explosion","[""gun_explosion""]","/home/andres/Documentos/proyecto4geeks/data/raw/edge-collected-gunshot-audio/gunshot/1a6c051f-185a-479c-957b-55259fcbf287_chan5_v0.wav","edge-collected-gunshot-audio","train","","True","True","True","wav","5.939","44100","Mono","32","1411200","1023.08","2021-12-03 20:26:52"
"46d64add-0759-4314-8d50-e764f78208d7_chan5_v0.wav","/C/gun_explosion_a0a388e0","[""/C/gun_explosion_a0a388e0""]","gun_explosion","[""gun_explosion""]","/home/andres/Documentos/proyecto4geeks/data/raw/edge-collected-gunshot-audio/gunshot/46d64add-0759-4314-8d50-e764f78208d7_chan5_v0.wav","edge-collected-gunshot-audio","train","","True","True","True","wav","5.18","44100","Mono","32","1411200","892.31","2021-12-03 20:27:26"
"a0e31937-1988-4fdc-8d5d-95c78b942f4f_chan6_v0.wav","/C/gun_explosion_a0a388e0","[""/C/gun_explosion_a0a388e0""]","gun_explosion","[""gun_explosion""]","/home/andres/Documentos/proyecto4geeks/data/raw/edge-collected-gunshot-audio/gunshot/a0e31937-1988-4fdc-8d5d-95c78b942f4f_chan6_v0.wav","edge-collected-gunshot-audio","train","","True","True","True","wav","2.324","44100","Mono","32","1411200","400.41","2021-12-03 20:27:36"
"d3a364a1-f1fa-402b-8e7a-d7f57192508c_chan1_v0.wav","/C/gun_explosion_a0a388e0","[""/C/gun_explosion_a0a388e0""]","gun_explosion","[""gun_explosion""]","/home/andres/Documentos/proyecto4geeks/data/raw/edge-collected-gunshot-audio/gunshot/d3a364a1-f1fa-402b-8e7a-d7f57192508c_chan1_v0.wav","edge-collected-gunshot-audio","train","","True","True","True","wav","2.912","44100","Mono","32","1411200","501.72","2021-12-03 20:28:34"
"d44f6f66-430a-4f34-8a50-dde6403d0239_v0.wav","/C/gun_explosion_a0a388e0","[""/C/gun_explosion_a0a388e0""]","gun_explosion","[""gun_explosion""]","/home/andres/Documentos/proyecto4geeks/data/raw/edge-collected-gunshot-audio/gunshot/d44f6f66-430a-4f34-8a50-dde6403d0239_v0.wav","edge-collected-gunshot-audio","train","","True","True","True","wav","13.075","44100","Mono","32","1411200","2252.5","2021-12-03 20:28:34"
"d60be857-2a00-49c0-9470-94a34b3de217_chan5_v0.wav","/C/gun_explosion_a0a388e0","[""/C/gun_explosion_a0a388e0""]","gun_explosion","[""gun_explosion""]","/home/andres/Documentos/proyecto4geeks/data/raw/edge-collected-gunshot-audio/gunshot/d60be857-2a00-49c0-9470-94a34b3de217_chan5_v0.wav","edge-collected-gunshot-audio","train","","True","True","True","wav","5.866","44100","Mono","32","1411200","1010.6","2021-12-03 20:29:20"
"bc2ffbf7-02f2-43de-8d9a-92bcad324f61_v0.wav","/C/gun_explosion_a0a388e0","[""/C/gun_explosion_a0a388e0""]","gun_explosion","[""gun_explosion""]","/home/andres/Documentos/proyecto4geeks/data/raw/edge-collected-gunshot-audio/gunshot/bc2ffbf7-02f2-43de-8d9a-92bcad324f61_v0.wav","edge-collected-gunshot-audio","train","","True","True","True","wav","3.75","44100","Mono","32","1411200","646.05","2021-12-03 20:28:32"
"d5a15ea9-1077-4e5f-80a1-c4e856231489_chan1_v0.wav","/C/gun_explosion_a0a388e0","[""/C/gun_explosion_a0a388e0""]","gun_explosion","[""gun_explosion""]","/home/andres/Documentos/proyecto4geeks/data/raw/edge-collected-gunshot-audio/gunshot/d5a15ea9-1077-4e5f-80a1-c4e856231489_chan1_v0.wav","edge-collected-gunshot-audio","test","","True","True","True","wav","3.75","44100","Mono","32","1411200","646.05","2021-12-03 20:28:34"
"3ab0f1bb-f7fe-4cfe-a78e-11a263f75819_chan1_v0.wav","/C/gun_explosion_a0a388e0","[""/C/gun_explosion_a0a388e0""]","gun_explosion","[""gun_explosion""]","/home/andres/Documentos/proyecto4geeks/data/raw/edge-collected-gunshot-audio/gunshot/3ab0f1bb-f7fe-4cfe-a78e-11a263f75819_chan1_v0.wav","edge-collected-gunshot-audio","train","","True","True","True","wav","5.179","44100","Mono","32","1411200","892.28","2021-12-03 20:27:24"
"4f323e9a-51e4-406a-a459-f1244a4280ea_chan5_v0.wav","/C/gun_explosion_a0a388e0","[""/C/gun_explosion_a0a388e0""]","gun_explosion","[""gun_explosion""]","/home/andres/Documentos/proyecto4geeks/data/raw/edge-collected-gunshot-audio/gunshot/4f323e9a-51e4-406a-a459-f1244a4280ea_chan5_v0.wav","edge-collected-gunshot-audio","train","","True","True","True","wav","3.822","44100","Mono","32","1411200","658.53","2021-12-03 20:28:10"
"04f1be04-da3e-4f7d-b4fc-6b64f208cc94_v3.wav","/C/gun_explosion_a0a388e0","[""/C/gun_explosion_a0a388e0""]","gun_explosion","[""gun_explosion""]","/home/andres/Documentos/proyecto4geeks/data/raw/edge-collected-gunshot-audio/gunshot/04f1be04-da3e-4f7d-b4fc-6b64f208cc94_v3.wav","edge-collected-gunshot-audio","train","","True","True","True","wav","3.75","44100","Mono","32","1411200","646.05","2021-12-03 20:27:18"
"2953714a-9fed-4926-943f-466071b77cf4_chan0_v0.wav","/C/gun_explosion_a0a388e0","[""/C/gun_explosion_a0a388e0""]","gun_explosion","[""gun_explosion""]","/home/andres/Documentos/proyecto4geeks/data/raw/edge-collected-gunshot-audio/gunshot/2953714a-9fed-4926-943f-466071b77cf4_chan0_v0.wav","edge-collected-gunshot-audio","test","","True","True","True","wav","5.771","44100","Mono","32","1411200","994.2","2021-12-03 20:27:24"
"0b296a57-7c53-45cd-924a-59d76c477291_v4.wav","/C/gun_explosion_a0a388e0","[""/C/gun_explosion_a0a388e0""]","gun_explosion","[""gun_explosion""]","/home/andres/Documentos/proyecto4geeks/data/raw/edge-collected-gunshot-audio/gunshot/0b296a57-7c53-45cd-924a-59d76c477291_v4.wav","edge-collected-gunshot-audio","train","","True","True","True","wav","1.75","44100","Mono","32","1411200","301.52","2021-12-03 20:28:42"
"d31ded50-a23a-4ca0-b528-3fed60c7a647_mean_v0.wav","/C/gun_explosion_a0a388e0","[""/C/gun_explosion_a0a388e0""]","gun_explosion","[""gun_explosion""]","/home/andres/Documentos/proyecto4geeks/data/raw/edge-collected-gunshot-audio/gunshot/d31ded50-a23a-4ca0-b528-3fed60c7a647_mean_v0.wav","edge-collected-gunshot-audio","train","","True","True","True","wav","3.742","44100","Mono","32","1411200","644.63","2021-12-03 20:28:34"
"d31ded50-a23a-4ca0-b528-3fed60c7a647_chan5_v0.wav","/C/gun_explosion_a0a388e0","[""/C/gun_explosion_a0a388e0""]","gun_explosion","[""gun_explosion""]","/home/andres/Documentos/proyecto4geeks/data/raw/edge-collected-gunshot-audio/gunshot/d31ded50-a23a-4ca0-b528-3fed60c7a647_chan5_v0.wav","edge-collected-gunshot-audio","train","","True","True","True","wav","3.743","44100","Mono","32","1411200","644.83","2021-12-03 20:28:34"
"b23e9f5b-f76c-4c28-bf87-0599a47e0ba4_chan0_v1.wav","/C/gun_explosion_a0a388e0","[""/C/gun_explosion_a0a388e0""]","gun_explosion","[""gun_explosion""]","/home/andres/Documentos/proyecto4geeks/data/raw/edge-collected-gunshot-audio/gunshot/b23e9f5b-f76c-4c28-bf87-0599a47e0ba4_chan0_v1.wav","edge-collected-gunshot-audio","train","","True","True","True","wav","3.75","44100","Mono","32","1411200","646.05","2021-12-03 20:29:14"
"906a6959-11b2-4a24-94c5-fce000ad00a8_mean_v0.wav","/C/gun_explosion_a0a388e0","[""/C/gun_explosion_a0a388e0""]","gun_explosion","[""gun_explosion""]","/home/andres/Documentos/proyecto4geeks/data/raw/edge-collected-gunshot-audio/gunshot/906a6959-11b2-4a24-94c5-fce000ad00a8_mean_v0.wav","edge-collected-gunshot-audio","train","","True","True","True","wav","2.821","44100","Mono","32","1411200","485.98","2021-12-03 20:28:22"
"0ecc8bff-1110-42d7-9c39-06dbdd1a0075_chan3_v0.wav","/C/gun_explosion_a0a388e0","[""/C/gun_explosion_a0a388e0""]","gun_explosion","[""gun_explosion""]","/home/andres/Documentos/proyecto4geeks/data/raw/edge-collected-gunshot-audio/gunshot/0ecc8bff-1110-42d7-9c39-06dbdd1a0075_chan3_v0.wav","edge-collected-gunshot-audio","train","","True","True","True","wav","7.048","44100","Mono","32","1411200","1214.24","2021-12-03 20:26:50"
"524157e1-fb04-46b2-b887-8fcc84c4261a_chan1_v0.wav","/C/gun_explosion_a0a388e0","[""/C/gun_explosion_a0a388e0""]","gun_explosion","[""gun_explosion""]","/home/andres/Documentos/proyecto4geeks/data/raw/edge-collected-gunshot-audio/gunshot/524157e1-fb04-46b2-b887-8fcc84c4261a_chan1_v0.wav","edge-collected-gunshot-audio","train","","True","True","True","wav","3.75","44100","Mono","32","1411200","646.05","2021-12-03 20:28:54"
"8e797a44-9626-4a68-a143-98cc447fbca2_v4.wav","/C/gun_explosion_a0a388e0","[""/C/gun_explosion_a0a388e0""]","gun_explosion","[""gun_explosion""]","/home/andres/Documentos/proyecto4geeks/data/raw/edge-collected-gunshot-audio/gunshot/8e797a44-9626-4a68-a143-98cc447fbca2_v4.wav","edge-collected-gunshot-audio","train","","True","True","True","wav","3.75","44100","Mono","32","1411200","646.05","2021-12-03 20:29:06"
"1ad661e0-c668-444f-846e-53b74fd3b800_chan3_v0.wav","/C/gun_explosion_a0a388e0","[""/C/gun_explosion_a0a388e0""]","gun_explosion","[""gun_explosion""]","/home/andres/Documentos/proyecto4geeks/data/raw/edge-collected-gunshot-audio/gunshot/1ad661e0-c668-444f-846e-53b74fd3b800_chan3_v0.wav","edge-collected-gunshot-audio","train","","True","True","True","wav","2.374","44100","Mono","32","1411200","409.06","2021-12-03 20:26:52"
"7f3eadf2-ba10-49f9-9971-5178e3e2b9f4_v0.wav","/C/gun_explosion_a0a388e0","[""/C/gun_explosion_a0a388e0""]","gun_explosion","[""gun_explosion""]","/home/andres/Documentos/proyecto4geeks/data/raw/edge-collected-gunshot-audio/gunshot/7f3eadf2-ba10-49f9-9971-5178e3e2b9f4_v0.wav","edge-collected-gunshot-audio","test","","True","True","True","wav","4.643","44100","Mono","32","1411200","799.89","2021-12-03 20:29:02"
"e582412f-6f23-4af8-93e4-2138dc459306_chan2_v0.wav","/C/gun_explosion_a0a388e0","[""/C/gun_explosion_a0a388e0""]","gun_explosion","[""gun_explosion""]","/home/andres/Documentos/proyecto4geeks/data/raw/edge-collected-gunshot-audio/gunshot/e582412f-6f23-4af8-93e4-2138dc459306_chan2_v0.wav","edge-collected-gunshot-audio","train","","True","True","True","wav","3.568","44100","Mono","32","1411200","614.71","2021-12-03 20:29:24"
"d312ea2f-8542-4ac2-8bd8-1e8b3433c4c3_chan3_v0.wav","/C/gun_explosion_a0a388e0","[""/C/gun_explosion_a0a388e0""]","gun_explosion","[""gun_explosion""]","/home/andres/Documentos/proyecto4geeks/data/raw/edge-collected-gunshot-audio/gunshot/d312ea2f-8542-4ac2-8bd8-1e8b3433c4c3_chan3_v0.wav","edge-collected-gunshot-audio","train","","True","True","True","wav","2.674","44100","Mono","32","1411200","460.78","2021-12-03 20:27:12"
"1fab478a-049c-40e2-8662-8102e3501d67_chan0_v0.wav","/C/gun_explosion_a0a388e0","[""/C/gun_explosion_a0a388e0""]","gun_explosion","[""gun_explosion""]","/home/andres/Documentos/proyecto4geeks/data/raw/edge-collected-gunshot-audio/gunshot/1fab478a-049c-40e2-8662-8102e3501d67_chan0_v0.wav","edge-collected-gunshot-audio","train","","True","True","True","wav","3.104","44100","Mono","32","1411200","534.78","2021-12-03 20:26:54"
"bdeb48ea-313d-44e5-8148-263c50dc53f0_chan2_v0.wav","/C/gun_explosion_a0a388e0","[""/C/gun_explosion_a0a388e0""]","gun_explosion","[""gun_explosion""]","/home/andres/Documentos/proyecto4geeks/data/raw/edge-collected-gunshot-audio/gunshot/bdeb48ea-313d-44e5-8148-263c50dc53f0_chan2_v0.wav","edge-collected-gunshot-audio","train","","True","True","True","wav","6.928","44100","Mono","32","1411200","1193.5","2021-12-03 20:27:08"
"876ef573-d86e-4d46-a003-8466f4d03d7f_mean_v0.wav","/C/gun_explosion_a0a388e0","[""/C/gun_explosion_a0a388e0""]","gun_explosion","[""gun_explosion""]","/home/andres/Documentos/proyecto4geeks/data/raw/edge-collected-gunshot-audio/gunshot/876ef573-d86e-4d46-a003-8466f4d03d7f_mean_v0.wav","edge-collected-gunshot-audio","train","","True","True","True","wav","4.558","44100","Mono","32","1411200","785.23","2021-12-03 20:29:04"
"83f9faea-4b8b-4b8f-be70-99eedb0f3ac9_chan6_v0.wav","/C/gun_explosion_a0a388e0","[""/C/gun_explosion_a0a388e0""]","gun_explosion","[""gun_explosion""]","/home/andres/Documentos/proyecto4geeks/data/raw/edge-collected-gunshot-audio/gunshot/83f9faea-4b8b-4b8f-be70-99eedb0f3ac9_chan6_v0.wav","edge-collected-gunshot-audio","train","","True","True","True","wav","3.594","44100","Mono","32","1411200","619.17","2021-12-03 20:28:20"
"cfde646e-bf55-425c-bf79-c8d263eb7e7a_v0.wav","/C/gun_explosion_a0a388e0","[""/C/gun_explosion_a0a388e0""]","gun_explosion","[""gun_explosion""]","/home/andres/Documentos/proyecto4geeks/data/raw/edge-collected-gunshot-audio/gunshot/cfde646e-bf55-425c-bf79-c8d263eb7e7a_v0.wav","edge-collected-gunshot-audio","train","","True","True","True","wav","5.302","44100","Mono","32","1411200","913.37","2021-12-03 20:27:44"
"c08395a3-193f-4038-b9bd-8c21338d4f2d_v0.wav","/C/gun_explosion_a0a388e0","[""/C/gun_explosion_a0a388e0""]","gun_explosion","[""gun_explosion""]","/home/andres/Documentos/proyecto4geeks/data/raw/edge-collected-gunshot-audio/gunshot/c08395a3-193f-4038-b9bd-8c21338d4f2d_v0.wav","edge-collected-gunshot-audio","test","","True","True","True","wav","8.582","44100","Mono","32","1411200","1478.37","2021-12-03 20:27:10"
"889f15aa-9b06-472b-8a87-85434b13dc0f_mean_v0.wav","/C/gun_explosion_a0a388e0","[""/C/gun_explosion_a0a388e0""]","gun_explosion","[""gun_explosion""]","/home/andres/Documentos/proyecto4geeks/data/raw/edge-collected-gunshot-audio/gunshot/889f15aa-9b06-472b-8a87-85434b13dc0f_mean_v0.wav","edge-collected-gunshot-audio","train","","True","True","True","wav","3.75","44100","Mono","32","1411200","646.05","2021-12-03 20:29:04"
"1f881663-d824-403c-bb7a-f97eb215a694_v0.wav","/C/gun_explosion_a0a388e0","[""/C/gun_explosion_a0a388e0""]","gun_explosion","[""gun_explosion""]","/home/andres/Documentos/proyecto4geeks/data/raw/edge-collected-gunshot-audio/gunshot/1f881663-d824-403c-bb7a-f97eb215a694_v0.wav","edge-collected-gunshot-audio","train","","True","True","True","wav","3.75","44100","Mono","32","1411200","646.05","2021-12-03 20:28:46"
"0b296a57-7c53-45cd-924a-59d76c477291_v1.wav","/C/gun_explosion_a0a388e0","[""/C/gun_explosion_a0a388e0""]","gun_explosion","[""gun_explosion""]","/home/andres/Documentos/proyecto4geeks/data/raw/edge-collected-gunshot-audio/gunshot/0b296a57-7c53-45cd-924a-59d76c477291_v1.wav","edge-collected-gunshot-audio","train","","True","True","True","wav","1.75","44100","Mono","32","1411200","301.52","2021-12-03 20:28:42"
"876ef573-d86e-4d46-a003-8466f4d03d7f_chan0_v0.wav","/C/gun_explosion_a0a388e0","[""/C/gun_explosion_a0a388e0""]","gun_explosion","[""gun_explosion""]","/home/andres/Documentos/proyecto4geeks/data/raw/edge-collected-gunshot-audio/gunshot/876ef573-d86e-4d46-a003-8466f4d03d7f_chan0_v0.wav","edge-collected-gunshot-audio","train","","True","True","True","wav","4.558","44100","Mono","32","1411200","785.23","2021-12-03 20:29:04"
"1c7f843b-8747-48af-be47-1ec4829d231e_v0.wav","/C/gun_explosion_a0a388e0","[""/C/gun_explosion_a0a388e0""]","gun_explosion","[""gun_explosion""]","/home/andres/Documentos/proyecto4geeks/data/raw/edge-collected-gunshot-audio/gunshot/1c7f843b-8747-48af-be47-1ec4829d231e_v0.wav","edge-collected-gunshot-audio","train","","True","True","True","wav","5.662","44100","Mono","32","1411200","975.44","2021-12-03 20:26:54"
"d3a364a1-f1fa-402b-8e7a-d7f57192508c_chan5_v0.wav","/C/gun_explosion_a0a388e0","[""/C/gun_explosion_a0a388e0""]","gun_explosion","[""gun_explosion""]","/home/andres/Documentos/proyecto4geeks/data/raw/edge-collected-gunshot-audio/gunshot/d3a364a1-f1fa-402b-8e7a-d7f57192508c_chan5_v0.wav","edge-collected-gunshot-audio","train","","True","True","True","wav","2.912","44100","Mono","32","1411200","501.69","2021-12-03 20:28:34"
"097daac2-8bc8-4c8f-a4ec-e1e6ba5735b7_chan6_v0.wav","/C/gun_explosion_a0a388e0","[""/C/gun_explosion_a0a388e0""]","gun_explosion","[""gun_explosion""]","/home/andres/Documentos/proyecto4geeks/data/raw/edge-collected-gunshot-audio/gunshot/097daac2-8bc8-4c8f-a4ec-e1e6ba5735b7_chan6_v0.wav","edge-collected-gunshot-audio","train","","True","True","True","wav","3.835","44100","Mono","32","1411200","660.7","2021-12-03 20:27:56"
"0a621a73-4106-4206-b1c3-204dd9a597c0_v1.wav","/C/gun_explosion_a0a388e0","[""/C/gun_explosion_a0a388e0""]","gun_explosion","[""gun_explosion""]","/home/andres/Documentos/proyecto4geeks/data/raw/edge-collected-gunshot-audio/gunshot/0a621a73-4106-4206-b1c3-204dd9a597c0_v1.wav","edge-collected-gunshot-audio","train","","True","True","True","wav","4.655","44100","Mono","32","1411200","801.96","2021-12-03 20:26:50"
"172e14ff-419c-441c-bf53-3c9ed0ffa490_chan6_v0.wav","/C/gun_explosion_a0a388e0","[""/C/gun_explosion_a0a388e0""]","gun_explosion","[""gun_explosion""]","/home/andres/Documentos/proyecto4geeks/data/raw/edge-collected-gunshot-audio/gunshot/172e14ff-419c-441c-bf53-3c9ed0ffa490_chan6_v0.wav","edge-collected-gunshot-audio","train","","True","True","True","wav","3.601","44100","Mono","32","1411200","620.38","2021-12-03 20:28:00"
"3ab0f1bb-f7fe-4cfe-a78e-11a263f75819_chan6_v0.wav","/C/gun_explosion_a0a388e0","[""/C/gun_explosion_a0a388e0""]","gun_explosion","[""gun_explosion""]","/home/andres/Documentos/proyecto4geeks/data/raw/edge-collected-gunshot-audio/gunshot/3ab0f1bb-f7fe-4cfe-a78e-11a263f75819_chan6_v0.wav","edge-collected-gunshot-audio","train","","True","True","True","wav","5.179","44100","Mono","32","1411200","892.29","2021-12-03 20:27:26"
"3ca1d261-51c7-498d-880c-5b0848cd7b9a_v0.wav","/C/gun_explosion_a0a388e0","[""/C/gun_explosion_a0a388e0""]","gun_explosion","[""gun_explosion""]","/home/andres/Documentos/proyecto4geeks/data/raw/edge-collected-gunshot-audio/gunshot/3ca1d261-51c7-498d-880c-5b0848cd7b9a_v0.wav","edge-collected-gunshot-audio","train","","True","True","True","wav","5.183","44100","Mono","32","1411200","892.84","2021-12-03 20:27:26"
"eafb4d3c-bf69-49de-92fb-436003c27742_chan3_v0.wav","/C/gun_explosion_a0a388e0","[""/C/gun_explosion_a0a388e0""]","gun_explosion","[""gun_explosion""]","/home/andres/Documentos/proyecto4geeks/data/raw/edge-collected-gunshot-audio/gunshot/eafb4d3c-bf69-49de-92fb-436003c27742_chan3_v0.wav","edge-collected-gunshot-audio","train","","True","True","True","wav","3.75","44100","Mono","32","1411200","646.05","2021-12-03 20:28:38"
"0495b86d-2f39-4912-916b-0cfbc160cf3d_chan4_v1.wav","/C/gun_explosion_a0a388e0","[""/C/gun_explosion_a0a388e0""]","gun_explosion","[""gun_explosion""]","/home/andres/Documentos/proyecto4geeks/data/raw/edge-collected-gunshot-audio/gunshot/0495b86d-2f39-4912-916b-0cfbc160cf3d_chan4_v1.wav","edge-collected-gunshot-audio","train","","True","True","True","wav","3.75","44100","Mono","32","1411200","646.05","2021-12-03 20:28:42"
"bd0053c0-547f-4f27-8864-0763e2b8ce42_mean_v0.wav","/C/gun_explosion_a0a388e0","[""/C/gun_explosion_a0a388e0""]","gun_explosion","[""gun_explosion""]","/home/andres/Documentos/proyecto4geeks/data/raw/edge-collected-gunshot-audio/gunshot/bd0053c0-547f-4f27-8864-0763e2b8ce42_mean_v0.wav","edge-collected-gunshot-audio","train","","True","True","True","wav","7.144","44100","Mono","32","1411200","1230.71","2021-12-03 20:29:18"
"314b1548-d95d-4974-aff5-9534f617cb61_v0.wav","/C/gun_explosion_a0a388e0","[""/C/gun_explosion_a0a388e0""]","gun_explosion","[""gun_explosion""]","/home/andres/Documentos/proyecto4geeks/data/raw/edge-collected-gunshot-audio/gunshot/314b1548-d95d-4974-aff5-9534f617cb61_v0.wav","edge-collected-gunshot-audio","train","","True","True","True","wav","7.464","44100","Mono","32","1411200","1285.81","2021-12-03 20:28:50"
"2e743d86-86f3-4ee6-8e8d-20618a383433_chan4_v0.wav","/C/gun_explosion_a0a388e0","[""/C/gun_explosion_a0a388e0""]","gun_explosion","[""gun_explosion""]","/home/andres/Documentos/proyecto4geeks/data/raw/edge-collected-gunshot-audio/gunshot/2e743d86-86f3-4ee6-8e8d-20618a383433_chan4_v0.wav","edge-collected-gunshot-audio","test","","True","True","True","wav","11.75","44100","Mono","32","1411200","2024.22","2021-12-03 20:28:04"
"0ecc8bff-1110-42d7-9c39-06dbdd1a0075_mean_v0.wav","/C/gun_explosion_a0a388e0","[""/C/gun_explosion_a0a388e0""]","gun_explosion","[""gun_explosion""]","/home/andres/Documentos/proyecto4geeks/data/raw/edge-collected-gunshot-audio/gunshot/0ecc8bff-1110-42d7-9c39-06dbdd1a0075_mean_v0.wav","edge-collected-gunshot-audio","train","","True","True","True","wav","7.047","44100","Mono","32","1411200","1214.09","2021-12-03 20:26:52"
"bfcbf987-3056-4cf3-a40b-b209a365b672_mean_v0.wav","/C/gun_explosion_a0a388e0","[""/C/gun_explosion_a0a388e0""]","gun_explosion","[""gun_explosion""]","/home/andres/Documentos/proyecto4geeks/data/raw/edge-collected-gunshot-audio/gunshot/bfcbf987-3056-4cf3-a40b-b209a365b672_mean_v0.wav","edge-collected-gunshot-audio","train","","True","True","True","wav","4.382","44100","Mono","32","1411200","754.93","2021-12-03 20:27:40"
"f8769f1d-8071-46ec-a055-5f140a94cdfa_v0.wav","/C/gun_explosion_a0a388e0","[""/C/gun_explosion_a0a388e0""]","gun_explosion","[""gun_explosion""]","/home/andres/Documentos/proyecto4geeks/data/raw/edge-collected-gunshot-audio/gunshot/f8769f1d-8071-46ec-a055-5f140a94cdfa_v0.wav","edge-collected-gunshot-audio","test","","True","True","True","wav","4.023","44100","Mono","32","1411200","693.01","2021-12-03 20:28:40"
"7767a07e-d1e5-43a1-99cb-89d37c1f2aa8_v4.wav","/C/gun_explosion_a0a388e0","[""/C/gun_explosion_a0a388e0""]","gun_explosion","[""gun_explosion""]","/home/andres/Documentos/proyecto4geeks/data/raw/edge-collected-gunshot-audio/gunshot/7767a07e-d1e5-43a1-99cb-89d37c1f2aa8_v4.wav","edge-collected-gunshot-audio","train","","True","True","True","wav","3.75","44100","Mono","32","1411200","646.05","2021-12-03 20:29:00"
"e9b3d683-c7ec-4e77-9d3b-963d30d641f7_chan0_v0.wav","/C/gun_explosion_a0a388e0","[""/C/gun_explosion_a0a388e0""]","gun_explosion","[""gun_explosion""]","/home/andres/Documentos/proyecto4geeks/data/raw/edge-collected-gunshot-audio/gunshot/e9b3d683-c7ec-4e77-9d3b-963d30d641f7_chan0_v0.wav","edge-collected-gunshot-audio","train","","True","True","True","wav","5.678","44100","Mono","32","1411200","978.2","2021-12-03 20:29:26"
"a961ff63-cd65-49c8-9843-e0f0ee06b29a_v0.wav","/C/gun_explosion_a0a388e0","[""/C/gun_explosion_a0a388e0""]","gun_explosion","[""gun_explosion""]","/home/andres/Documentos/proyecto4geeks/data/raw/edge-collected-gunshot-audio/gunshot/a961ff63-cd65-49c8-9843-e0f0ee06b29a_v0.wav","edge-collected-gunshot-audio","train","","True","True","True","wav","3.75","44100","Mono","32","1411200","646.05","2021-12-03 20:28:26"
"191df8d6-a4c9-4430-9ef8-e05c473fdbfb_chan2_v0.wav","/C/gun_explosion_a0a388e0","[""/C/gun_explosion_a0a388e0""]","gun_explosion","[""gun_explosion""]","/home/andres/Documentos/proyecto4geeks/data/raw/edge-collected-gunshot-audio/gunshot/191df8d6-a4c9-4430-9ef8-e05c473fdbfb_chan2_v0.wav","edge-collected-gunshot-audio","train","","True","True","True","wav","3.537","44100","Mono","32","1411200","609.35","2021-12-03 20:28:44"
"2392a437-9548-44f9-9d79-f5a0b6dcafb2_v0.wav","/C/gun_explosion_a0a388e0","[""/C/gun_explosion_a0a388e0""]","gun_explosion","[""gun_explosion""]","/home/andres/Documentos/proyecto4geeks/data/raw/edge-collected-gunshot-audio/gunshot/2392a437-9548-44f9-9d79-f5a0b6dcafb2_v0.wav","edge-collected-gunshot-audio","train","","True","True","True","wav","3.75","44100","Mono","32","1411200","646.05","2021-12-03 20:27:22"
"519d8ad8-2ccf-4ad9-a0ba-689ee0052fae_chan4_v0.wav","/C/gun_explosion_a0a388e0","[""/C/gun_explosion_a0a388e0""]","gun_explosion","[""gun_explosion""]","/home/andres/Documentos/proyecto4geeks/data/raw/edge-collected-gunshot-audio/gunshot/519d8ad8-2ccf-4ad9-a0ba-689ee0052fae_chan4_v0.wav","edge-collected-gunshot-audio","train","","True","True","True","wav","5.179","44100","Mono","32","1411200","892.25","2021-12-03 20:27:28"
"a494f4fa-d5fc-4b52-8e25-6804bc695ec1_chan3_v0.wav","/C/gun_explosion_a0a388e0","[""/C/gun_explosion_a0a388e0""]","gun_explosion","[""gun_explosion""]","/home/andres/Documentos/proyecto4geeks/data/raw/edge-collected-gunshot-audio/gunshot/a494f4fa-d5fc-4b52-8e25-6804bc695ec1_chan3_v0.wav","edge-collected-gunshot-audio","train","","True","True","True","wav","3.75","44100","Mono","32","1411200","646.05","2021-12-03 20:29:12"
"7149bf71-e2d6-4452-b2a0-9433bb1851f0_chan5_v0.wav","/C/gun_explosion_a0a388e0","[""/C/gun_explosion_a0a388e0""]","gun_explosion","[""gun_explosion""]","/home/andres/Documentos/proyecto4geeks/data/raw/edge-collected-gunshot-audio/gunshot/7149bf71-e2d6-4452-b2a0-9433bb1851f0_chan5_v0.wav","edge-collected-gunshot-audio","train","","True","True","True","wav","5.616","44100","Mono","32","1411200","967.51","2021-12-03 20:28:58"
"7767a07e-d1e5-43a1-99cb-89d37c1f2aa8_v0.wav","/C/gun_explosion_a0a388e0","[""/C/gun_explosion_a0a388e0""]","gun_explosion","[""gun_explosion""]","/home/andres/Documentos/proyecto4geeks/data/raw/edge-collected-gunshot-audio/gunshot/7767a07e-d1e5-43a1-99cb-89d37c1f2aa8_v0.wav","edge-collected-gunshot-audio","train","","True","True","True","wav","3.75","44100","Mono","32","1411200","646.05","2021-12-03 20:29:00"
"5ac8c241-4728-4ba2-a6ce-8cda24399cca_mean_v0.wav","/C/gun_explosion_a0a388e0","[""/C/gun_explosion_a0a388e0""]","gun_explosion","[""gun_explosion""]","/home/andres/Documentos/proyecto4geeks/data/raw/edge-collected-gunshot-audio/gunshot/5ac8c241-4728-4ba2-a6ce-8cda24399cca_mean_v0.wav","edge-collected-gunshot-audio","test","","True","True","True","wav","3.377","44100","Mono","32","1411200","581.86","2021-12-03 20:27:00"
"04187ca0-da31-406a-960b-cb24a97e27a2_v0.wav","/C/gun_explosion_a0a388e0","[""/C/gun_explosion_a0a388e0""]","gun_explosion","[""gun_explosion""]","/home/andres/Documentos/proyecto4geeks/data/raw/edge-collected-gunshot-audio/gunshot/04187ca0-da31-406a-960b-cb24a97e27a2_v0.wav","edge-collected-gunshot-audio","train","","True","True","True","wav","4.943","44100","Mono","32","1411200","851.63","2021-12-03 20:28:42"
"ff842455-42f4-4c3a-8ab0-0ee2085d1c32_chan3_v0.wav","/C/gun_explosion_a0a388e0","[""/C/gun_explosion_a0a388e0""]","gun_explosion","[""gun_explosion""]","/home/andres/Documentos/proyecto4geeks/data/raw/edge-collected-gunshot-audio/gunshot/ff842455-42f4-4c3a-8ab0-0ee2085d1c32_chan3_v0.wav","edge-collected-gunshot-audio","train","","True","True","True","wav","6.068","44100","Mono","32","1411200","1045.41","2021-12-03 20:29:28"
"64210409-df04-4e4b-bf3b-7afa05b59624_chan4_v0.wav","/C/gun_explosion_a0a388e0","[""/C/gun_explosion_a0a388e0""]","gun_explosion","[""gun_explosion""]","/home/andres/Documentos/proyecto4geeks/data/raw/edge-collected-gunshot-audio/gunshot/64210409-df04-4e4b-bf3b-7afa05b59624_chan4_v0.wav","edge-collected-gunshot-audio","train","","True","True","True","wav","3.75","44100","Mono","32","1411200","646.05","2021-12-03 20:28:16"
"2206e99c-e7ee-493b-902e-1a970a9fc4fe_chan3_v0.wav","/C/gun_explosion_a0a388e0","[""/C/gun_explosion_a0a388e0""]","gun_explosion","[""gun_explosion""]","/home/andres/Documentos/proyecto4geeks/data/raw/edge-collected-gunshot-audio/gunshot/2206e99c-e7ee-493b-902e-1a970a9fc4fe_chan3_v0.wav","edge-collected-gunshot-audio","train","","True","True","True","wav","3.75","44100","Mono","32","1411200","646.05","2021-12-03 20:26:54"
"9d01ad9a-3e6b-458c-a02d-dc30f4d83f61_chan5_v0.wav","/C/gun_explosion_a0a388e0","[""/C/gun_explosion_a0a388e0""]","gun_explosion","[""gun_explosion""]","/home/andres/Documentos/proyecto4geeks/data/raw/edge-collected-gunshot-audio/gunshot/9d01ad9a-3e6b-458c-a02d-dc30f4d83f61_chan5_v0.wav","edge-collected-gunshot-audio","train","","True","True","True","wav","6.779","44100","Mono","32","1411200","1167.9","2021-12-03 20:27:06"
"0b4a7cf7-8f49-4efd-bab9-0a3102bc2fb4_mean_v0.wav","/C/gun_explosion_a0a388e0","[""/C/gun_explosion_a0a388e0""]","gun_explosion","[""gun_explosion""]","/home/andres/Documentos/proyecto4geeks/data/raw/edge-collected-gunshot-audio/gunshot/0b4a7cf7-8f49-4efd-bab9-0a3102bc2fb4_mean_v0.wav","edge-collected-gunshot-audio","train","","True","True","True","wav","5.749","44100","Mono","32","1411200","990.49","2021-12-03 20:26:50"
"f3c29a44-f637-4b08-9c47-e163484e267c_v0.wav","/C/gun_explosion_a0a388e0","[""/C/gun_explosion_a0a388e0""]","gun_explosion","[""gun_explosion""]","/home/andres/Documentos/proyecto4geeks/data/raw/edge-collected-gunshot-audio/gunshot/f3c29a44-f637-4b08-9c47-e163484e267c_v0.wav","edge-collected-gunshot-audio","test","","True","True","True","wav","4.358","44100","Mono","32","1411200","750.78","2021-12-03 20:28:40"
"7d451790-0f0d-45e5-92fc-cbc68ede0a79_chan1_v0.wav","/C/gun_explosion_a0a388e0","[""/C/gun_explosion_a0a388e0""]","gun_explosion","[""gun_explosion""]","/home/andres/Documentos/proyecto4geeks/data/raw/edge-collected-gunshot-audio/gunshot/7d451790-0f0d-45e5-92fc-cbc68ede0a79_chan1_v0.wav","edge-collected-gunshot-audio","train","","True","True","True","wav","4.896","44100","Mono","32","1411200","843.47","2021-12-03 20:29:02"
"ec013f65-cc3c-4ebb-9315-bb4d2043e8f4_chan1_v0.wav","/C/gun_explosion_a0a388e0","[""/C/gun_explosion_a0a388e0""]","gun_explosion","[""gun_explosion""]","/home/andres/Documentos/proyecto4geeks/data/raw/edge-collected-gunshot-audio/gunshot/ec013f65-cc3c-4ebb-9315-bb4d2043e8f4_chan1_v0.wav","edge-collected-gunshot-audio","train","","True","True","True","wav","3.724","44100","Mono","32","1411200","641.52","2021-12-03 20:28:40"
"dd9aa26c-2b08-41fe-85e3-fbc36613ebb0_chan2_v0.wav","/C/gun_explosion_a0a388e0","[""/C/gun_explosion_a0a388e0""]","gun_explosion","[""gun_explosion""]","/home/andres/Documentos/proyecto4geeks/data/raw/edge-collected-gunshot-audio/gunshot/dd9aa26c-2b08-41fe-85e3-fbc36613ebb0_chan2_v0.wav","edge-collected-gunshot-audio","train","","True","True","True","wav","5.509","44100","Mono","32","1411200","949.06","2021-12-03 20:29:22"
"c2af92cf-45d1-4d03-8db4-129e0d28015e_chan1_v0.wav","/C/gun_explosion_a0a388e0","[""/C/gun_explosion_a0a388e0""]","gun_explosion","[""gun_explosion""]","/home/andres/Documentos/proyecto4geeks/data/raw/edge-collected-gunshot-audio/gunshot/c2af92cf-45d1-4d03-8db4-129e0d28015e_chan1_v0.wav","edge-collected-gunshot-audio","train","","True","True","True","wav","5.18","44100","Mono","32","1411200","892.33","2021-12-03 20:27:42"
"c3e941d7-3303-4b6d-a31a-096b36b5c937_v3.wav","/C/gun_explosion_a0a388e0","[""/C/gun_explosion_a0a388e0""]","gun_explosion","[""gun_explosion""]","/home/andres/Documentos/proyecto4geeks/data/raw/edge-collected-gunshot-audio/gunshot/c3e941d7-3303-4b6d-a31a-096b36b5c937_v3.wav","edge-collected-gunshot-audio","train","","True","True","True","wav","3.75","44100","Mono","32","1411200","646.05","2021-12-03 20:27:44"
"35130728-b7b6-49ed-8201-a42434ab911d_chan1_v0.wav","/C/gun_explosion_a0a388e0","[""/C/gun_explosion_a0a388e0""]","gun_explosion","[""gun_explosion""]","/home/andres/Documentos/proyecto4geeks/data/raw/edge-collected-gunshot-audio/gunshot/35130728-b7b6-49ed-8201-a42434ab911d_chan1_v0.wav","edge-collected-gunshot-audio","train","","True","True","True","wav","5.302","44100","Mono","32","1411200","913.47","2021-12-03 20:27:24"
"2b06e2b2-c6ee-499e-af26-794d9ad9ad7f_v0.wav","/C/gun_explosion_a0a388e0","[""/C/gun_explosion_a0a388e0""]","gun_explosion","[""gun_explosion""]","/home/andres/Documentos/proyecto4geeks/data/raw/edge-collected-gunshot-audio/gunshot/2b06e2b2-c6ee-499e-af26-794d9ad9ad7f_v0.wav","edge-collected-gunshot-audio","train","","True","True","True","wav","5.44","44100","Mono","32","1411200","937.19","2021-12-03 20:27:24"
"406b0f75-2c99-4b65-9b34-ab83ecd488b3_chan3_v0.wav","/C/gun_explosion_a0a388e0","[""/C/gun_explosion_a0a388e0""]","gun_explosion","[""gun_explosion""]","/home/andres/Documentos/proyecto4geeks/data/raw/edge-collected-gunshot-audio/gunshot/406b0f75-2c99-4b65-9b34-ab83ecd488b3_chan3_v0.wav","edge-collected-gunshot-audio","test","","True","True","True","wav","2.686","44100","Mono","32","1411200","462.84","2021-12-03 20:28:08"
"1c640d36-5831-494f-9707-4f02debe6a68_v2.wav","/C/gun_explosion_a0a388e0","[""/C/gun_explosion_a0a388e0""]","gun_explosion","[""gun_explosion""]","/home/andres/Documentos/proyecto4geeks/data/raw/edge-collected-gunshot-audio/gunshot/1c640d36-5831-494f-9707-4f02debe6a68_v2.wav","edge-collected-gunshot-audio","train","","True","True","True","wav","3.75","44100","Mono","32","1411200","646.05","2021-12-03 20:28:46"
"67c4b424-f7af-4b3d-8d82-edd7eba0f0ae_v0.wav","/C/gun_explosion_a0a388e0","[""/C/gun_explosion_a0a388e0""]","gun_explosion","[""gun_explosion""]","/home/andres/Documentos/proyecto4geeks/data/raw/edge-collected-gunshot-audio/gunshot/67c4b424-f7af-4b3d-8d82-edd7eba0f0ae_v0.wav","edge-collected-gunshot-audio","train","","True","True","True","wav","3.75","44100","Mono","32","1411200","646.05","2021-12-03 20:28:56"
"6709ef65-65be-4440-859e-750796573269_v1.wav","/C/gun_explosion_a0a388e0","[""/C/gun_explosion_a0a388e0""]","gun_explosion","[""gun_explosion""]","/home/andres/Documentos/proyecto4geeks/data/raw/edge-collected-gunshot-audio/gunshot/6709ef65-65be-4440-859e-750796573269_v1.wav","edge-collected-gunshot-audio","train","","True","True","True","wav","3.75","44100","Mono","32","1411200","646.05","2021-12-03 20:28:16"
"36f2e7bb-6cc1-4259-be90-956fb30034e1_v1.wav","/C/gun_explosion_a0a388e0","[""/C/gun_explosion_a0a388e0""]","gun_explosion","[""gun_explosion""]","/home/andres/Documentos/proyecto4geeks/data/raw/edge-collected-gunshot-audio/gunshot/36f2e7bb-6cc1-4259-be90-956fb30034e1_v1.wav","edge-collected-gunshot-audio","train","","True","True","True","wav","4.204","44100","Mono","32","1411200","724.3","2021-12-03 20:28:50"
"2635ee28-ca23-48ab-abb1-ec263c623588_chan1_v0.wav","/C/gun_explosion_a0a388e0","[""/C/gun_explosion_a0a388e0""]","gun_explosion","[""gun_explosion""]","/home/andres/Documentos/proyecto4geeks/data/raw/edge-collected-gunshot-audio/gunshot/2635ee28-ca23-48ab-abb1-ec263c623588_chan1_v0.wav","edge-collected-gunshot-audio","train","","True","True","True","wav","4.356","44100","Mono","32","1411200","750.44","2021-12-03 20:28:48"
"519d8ad8-2ccf-4ad9-a0ba-689ee0052fae_mean_v0.wav","/C/gun_explosion_a0a388e0","[""/C/gun_explosion_a0a388e0""]","gun_explosion","[""gun_explosion""]","/home/andres/Documentos/proyecto4geeks/data/raw/edge-collected-gunshot-audio/gunshot/519d8ad8-2ccf-4ad9-a0ba-689ee0052fae_mean_v0.wav","edge-collected-gunshot-audio","train","","True","True","True","wav","5.179","44100","Mono","32","1411200","892.3","2021-12-03 20:27:28"
"9a7f2d4b-5bf1-46f4-bcbc-56b1c8c067c1_chan5_v0.wav","/C/gun_explosion_a0a388e0","[""/C/gun_explosion_a0a388e0""]","gun_explosion","[""gun_explosion""]","/home/andres/Documentos/proyecto4geeks/data/raw/edge-collected-gunshot-audio/gunshot/9a7f2d4b-5bf1-46f4-bcbc-56b1c8c067c1_chan5_v0.wav","edge-collected-gunshot-audio","train","","True","True","True","wav","1.95","44100","Mono","32","1411200","335.97","2021-12-03 20:29:10"
"a658fd9a-dabe-465f-9efb-67f0d1c3be84_v1.wav","/C/gun_explosion_a0a388e0","[""/C/gun_explosion_a0a388e0""]","gun_explosion","[""gun_explosion""]","/home/andres/Documentos/proyecto4geeks/data/raw/edge-collected-gunshot-audio/gunshot/a658fd9a-dabe-465f-9efb-67f0d1c3be84_v1.wav","edge-collected-gunshot-audio","train","","True","True","True","wav","3.75","44100","Mono","32","1411200","646.05","2021-12-03 20:27:36"
"4927b6ef-d78c-46e1-a099-0921fe79eced_v0.wav","/C/gun_explosion_a0a388e0","[""/C/gun_explosion_a0a388e0""]","gun_explosion","[""gun_explosion""]","/home/andres/Documentos/proyecto4geeks/data/raw/edge-collected-gunshot-audio/gunshot/4927b6ef-d78c-46e1-a099-0921fe79eced_v0.wav","edge-collected-gunshot-audio","train","","True","True","True","wav","4.922","44100","Mono","32","1411200","847.97","2021-12-03 20:26:58"
"2953714a-9fed-4926-943f-466071b77cf4_chan4_v0.wav","/C/gun_explosion_a0a388e0","[""/C/gun_explosion_a0a388e0""]","gun_explosion","[""gun_explosion""]","/home/andres/Documentos/proyecto4geeks/data/raw/edge-collected-gunshot-audio/gunshot/2953714a-9fed-4926-943f-466071b77cf4_chan4_v0.wav","edge-collected-gunshot-audio","train","","True","True","True","wav","5.765","44100","Mono","32","1411200","993.2","2021-12-03 20:27:24"
"2392a437-9548-44f9-9d79-f5a0b6dcafb2_v4.wav","/C/gun_explosion_a0a388e0","[""/C/gun_explosion_a0a388e0""]","gun_explosion","[""gun_explosion""]","/home/andres/Documentos/proyecto4geeks/data/raw/edge-collected-gunshot-audio/gunshot/2392a437-9548-44f9-9d79-f5a0b6dcafb2_v4.wav","edge-collected-gunshot-audio","train","","True","True","True","wav","3.75","44100","Mono","32","1411200","646.05","2021-12-03 20:27:22"
"a494f4fa-d5fc-4b52-8e25-6804bc695ec1_chan6_v1.wav","/C/gun_explosion_a0a388e0","[""/C/gun_explosion_a0a388e0""]","gun_explosion","[""gun_explosion""]","/home/andres/Documentos/proyecto4geeks/data/raw/edge-collected-gunshot-audio/gunshot/a494f4fa-d5fc-4b52-8e25-6804bc695ec1_chan6_v1.wav","edge-collected-gunshot-audio","train","","True","True","True","wav","9.291","44100","Mono","32","1411200","1600.64","2021-12-03 20:29:12"
"d5a15ea9-1077-4e5f-80a1-c4e856231489_chan3_v0.wav","/C/gun_explosion_a0a388e0","[""/C/gun_explosion_a0a388e0""]","gun_explosion","[""gun_explosion""]","/home/andres/Documentos/proyecto4geeks/data/raw/edge-collected-gunshot-audio/gunshot/d5a15ea9-1077-4e5f-80a1-c4e856231489_chan3_v0.wav","edge-collected-gunshot-audio","train","","True","True","True","wav","3.75","44100","Mono","32","1411200","646.05","2021-12-03 20:28:34"
"5fcdf7d8-b642-4b97-98ea-b143930bb0ee_v0.wav","/C/gun_explosion_a0a388e0","[""/C/gun_explosion_a0a388e0""]","gun_explosion","[""gun_explosion""]","/home/andres/Documentos/proyecto4geeks/data/raw/edge-collected-gunshot-audio/gunshot/5fcdf7d8-b642-4b97-98ea-b143930bb0ee_v0.wav","edge-collected-gunshot-audio","train","","True","True","True","wav","3.75","44100","Mono","32","1411200","646.05","2021-12-03 20:27:02"
"fbd7f8cc-ad9e-4f74-8c4b-14a4af271113_chan1_v0.wav","/C/gun_explosion_a0a388e0","[""/C/gun_explosion_a0a388e0""]","gun_explosion","[""gun_explosion""]","/home/andres/Documentos/proyecto4geeks/data/raw/edge-collected-gunshot-audio/gunshot/fbd7f8cc-ad9e-4f74-8c4b-14a4af271113_chan1_v0.wav","edge-collected-gunshot-audio","train","","True","True","True","wav","5.022","44100","Mono","32","1411200","865.21","2021-12-03 20:27:16"
"aaf21cb7-ef6d-4cbc-b2de-b279869b401c_chan2_v0.wav","/C/gun_explosion_a0a388e0","[""/C/gun_explosion_a0a388e0""]","gun_explosion","[""gun_explosion""]","/home/andres/Documentos/proyecto4geeks/data/raw/edge-collected-gunshot-audio/gunshot/aaf21cb7-ef6d-4cbc-b2de-b279869b401c_chan2_v0.wav","edge-collected-gunshot-audio","train","","True","True","True","wav","3.75","44100","Mono","32","1411200","646.05","2021-12-03 20:27:36"
"50e34be8-c0b4-4fc5-80fc-4c52f2ffde7a_chan5_v0.wav","/C/gun_explosion_a0a388e0","[""/C/gun_explosion_a0a388e0""]","gun_explosion","[""gun_explosion""]","/home/andres/Documentos/proyecto4geeks/data/raw/edge-collected-gunshot-audio/gunshot/50e34be8-c0b4-4fc5-80fc-4c52f2ffde7a_chan5_v0.wav","edge-collected-gunshot-audio","train","","True","True","True","wav","3.75","44100","Mono","32","1411200","646.05","2021-12-03 20:26:58"
"cad6cdd9-faca-4577-95f4-4be31f757b0c_chan5_v0.wav","/C/gun_explosion_a0a388e0","[""/C/gun_explosion_a0a388e0""]","gun_explosion","[""gun_explosion""]","/home/andres/Documentos/proyecto4geeks/data/raw/edge-collected-gunshot-audio/gunshot/cad6cdd9-faca-4577-95f4-4be31f757b0c_chan5_v0.wav","edge-collected-gunshot-audio","train","","True","True","True","wav","3.75","44100","Mono","32","1411200","646.05","2021-12-03 20:27:10"
"6320dc5c-a956-40b8-a664-45f1edcf3b3b_chan3_v1.wav","/C/gun_explosion_a0a388e0","[""/C/gun_explosion_a0a388e0""]","gun_explosion","[""gun_explosion""]","/home/andres/Documentos/proyecto4geeks/data/raw/edge-collected-gunshot-audio/gunshot/6320dc5c-a956-40b8-a664-45f1edcf3b3b_chan3_v1.wav","edge-collected-gunshot-audio","train","","True","True","True","wav","3.75","44100","Mono","32","1411200","646.05","2021-12-03 20:27:30"
"50e34be8-c0b4-4fc5-80fc-4c52f2ffde7a_chan2_v0.wav","/C/gun_explosion_a0a388e0","[""/C/gun_explosion_a0a388e0""]","gun_explosion","[""gun_explosion""]","/home/andres/Documentos/proyecto4geeks/data/raw/edge-collected-gunshot-audio/gunshot/50e34be8-c0b4-4fc5-80fc-4c52f2ffde7a_chan2_v0.wav","edge-collected-gunshot-audio","train","","True","True","True","wav","3.75","44100","Mono","32","1411200","646.05","2021-12-03 20:26:58"
"79a5a0ea-2fea-4b3e-9b5b-ef8689b9cacb_chan6_v0.wav","/C/gun_explosion_a0a388e0","[""/C/gun_explosion_a0a388e0""]","gun_explosion","[""gun_explosion""]","/home/andres/Documentos/proyecto4geeks/data/raw/edge-collected-gunshot-audio/gunshot/79a5a0ea-2fea-4b3e-9b5b-ef8689b9cacb_chan6_v0.wav","edge-collected-gunshot-audio","train","","True","True","True","wav","5.377","44100","Mono","32","1411200","926.26","2021-12-03 20:29:00"
"2206e99c-e7ee-493b-902e-1a970a9fc4fe_chan1_v0.wav","/C/gun_explosion_a0a388e0","[""/C/gun_explosion_a0a388e0""]","gun_explosion","[""gun_explosion""]","/home/andres/Documentos/proyecto4geeks/data/raw/edge-collected-gunshot-audio/gunshot/2206e99c-e7ee-493b-902e-1a970a9fc4fe_chan1_v0.wav","edge-collected-gunshot-audio","train","","True","True","True","wav","3.75","44100","Mono","32","1411200","646.05","2021-12-03 20:26:54"
"9fdf59e0-107c-4ab8-8e5f-828c90bd17a2_v2.wav","/C/gun_explosion_a0a388e0","[""/C/gun_explosion_a0a388e0""]","gun_explosion","[""gun_explosion""]","/home/andres/Documentos/proyecto4geeks/data/raw/edge-collected-gunshot-audio/gunshot/9fdf59e0-107c-4ab8-8e5f-828c90bd17a2_v2.wav","edge-collected-gunshot-audio","train","","True","True","True","wav","3.75","44100","Mono","32","1411200","646.05","2021-12-03 20:27:36"
"c6e909ea-500d-4203-af3c-31a7339481b4_mean_v0.wav","/C/gun_explosion_a0a388e0","[""/C/gun_explosion_a0a388e0""]","gun_explosion","[""gun_explosion""]","/home/andres/Documentos/proyecto4geeks/data/raw/edge-collected-gunshot-audio/gunshot/c6e909ea-500d-4203-af3c-31a7339481b4_mean_v0.wav","edge-collected-gunshot-audio","train","","True","True","True","wav","4.347","44100","Mono","32","1411200","748.88","2021-12-03 20:28:32"
"a494f4fa-d5fc-4b52-8e25-6804bc695ec1_chan0_v0.wav","/C/gun_explosion_a0a388e0","[""/C/gun_explosion_a0a388e0""]","gun_explosion","[""gun_explosion""]","/home/andres/Documentos/proyecto4geeks/data/raw/edge-collected-gunshot-audio/gunshot/a494f4fa-d5fc-4b52-8e25-6804bc695ec1_chan0_v0.wav","edge-collected-gunshot-audio","train","","True","True","True","wav","3.75","44100","Mono","32","1411200","646.05","2021-12-03 20:29:10"
"d394b858-4d3d-4658-9eb6-296579776892_chan2_v0.wav","/C/gun_explosion_a0a388e0","[""/C/gun_explosion_a0a388e0""]","gun_explosion","[""gun_explosion""]","/home/andres/Documentos/proyecto4geeks/data/raw/edge-collected-gunshot-audio/gunshot/d394b858-4d3d-4658-9eb6-296579776892_chan2_v0.wav","edge-collected-gunshot-audio","train","","True","True","True","wav","3.75","44100","Mono","32","1411200","646.05","2021-12-03 20:27:46"
"1f9f6134-5a65-4c68-918d-e37ea70068cb_v0.wav","/C/gun_explosion_a0a388e0","[""/C/gun_explosion_a0a388e0""]","gun_explosion","[""gun_explosion""]","/home/andres/Documentos/proyecto4geeks/data/raw/edge-collected-gunshot-audio/gunshot/1f9f6134-5a65-4c68-918d-e37ea70068cb_v0.wav","edge-collected-gunshot-audio","train","","True","True","True","wav","3.75","44100","Mono","32","1411200","646.05","2021-12-03 20:28:46"
"81b21b3c-70a1-4202-918f-3d896278d405_chan0_v0.wav","/C/gun_explosion_a0a388e0","[""/C/gun_explosion_a0a388e0""]","gun_explosion","[""gun_explosion""]","/home/andres/Documentos/proyecto4geeks/data/raw/edge-collected-gunshot-audio/gunshot/81b21b3c-70a1-4202-918f-3d896278d405_chan0_v0.wav","edge-collected-gunshot-audio","train","","True","True","True","wav","5.298","44100","Mono","32","1411200","912.76","2021-12-03 20:29:02"
"affc7396-c98b-45d9-99e3-791fb00b3efe_mean_v1.wav","/C/gun_explosion_a0a388e0","[""/C/gun_explosion_a0a388e0""]","gun_explosion","[""gun_explosion""]","/home/andres/Documentos/proyecto4geeks/data/raw/edge-collected-gunshot-audio/gunshot/affc7396-c98b-45d9-99e3-791fb00b3efe_mean_v1.wav","edge-collected-gunshot-audio","train","","True","True","True","wav","3.946","44100","Mono","32","1411200","679.76","2021-12-03 20:29:14"
"c0b2e1a0-0ad1-485b-9df8-af37612ac034_chan1_v0.wav","/C/gun_explosion_a0a388e0","[""/C/gun_explosion_a0a388e0""]","gun_explosion","[""gun_explosion""]","/home/andres/Documentos/proyecto4geeks/data/raw/edge-collected-gunshot-audio/gunshot/c0b2e1a0-0ad1-485b-9df8-af37612ac034_chan1_v0.wav","edge-collected-gunshot-audio","train","","True","True","True","wav","3.75","44100","Mono","32","1411200","646.05","2021-12-03 20:27:42"
"ed8d991f-9e68-4630-9f2f-4442fdb0be6f_mean_v0.wav","/C/gun_explosion_a0a388e0","[""/C/gun_explosion_a0a388e0""]","gun_explosion","[""gun_explosion""]","/home/andres/Documentos/proyecto4geeks/data/raw/edge-collected-gunshot-audio/gunshot/ed8d991f-9e68-4630-9f2f-4442fdb0be6f_mean_v0.wav","edge-collected-gunshot-audio","train","","True","True","True","wav","3.75","44100","Mono","32","1411200","646.05","2021-12-03 20:28:40"
"0ee22b7f-3840-4f8a-8b28-031e6bba5d81_chan4_v0.wav","/C/gun_explosion_a0a388e0","[""/C/gun_explosion_a0a388e0""]","gun_explosion","[""gun_explosion""]","/home/andres/Documentos/proyecto4geeks/data/raw/edge-collected-gunshot-audio/gunshot/0ee22b7f-3840-4f8a-8b28-031e6bba5d81_chan4_v0.wav","edge-collected-gunshot-audio","train","","True","True","True","wav","11.164","44100","Mono","32","1411200","1923.22","2021-12-03 20:27:58"
"acf24fae-0755-4bf6-8bf9-0440585c5b15_chan4_v0.wav","/C/gun_explosion_a0a388e0","[""/C/gun_explosion_a0a388e0""]","gun_explosion","[""gun_explosion""]","/home/andres/Documentos/proyecto4geeks/data/raw/edge-collected-gunshot-audio/gunshot/acf24fae-0755-4bf6-8bf9-0440585c5b15_chan4_v0.wav","edge-collected-gunshot-audio","test","","True","True","True","wav","4.188","44100","Mono","32","1411200","721.56","2021-12-03 20:28:28"
"2e743d86-86f3-4ee6-8e8d-20618a383433_chan2_v0.wav","/C/gun_explosion_a0a388e0","[""/C/gun_explosion_a0a388e0""]","gun_explosion","[""gun_explosion""]","/home/andres/Documentos/proyecto4geeks/data/raw/edge-collected-gunshot-audio/gunshot/2e743d86-86f3-4ee6-8e8d-20618a383433_chan2_v0.wav","edge-collected-gunshot-audio","test","","True","True","True","wav","11.75","44100","Mono","32","1411200","2024.24","2021-12-03 20:28:04"
"1a6c051f-185a-479c-957b-55259fcbf287_chan3_v0.wav","/C/gun_explosion_a0a388e0","[""/C/gun_explosion_a0a388e0""]","gun_explosion","[""gun_explosion""]","/home/andres/Documentos/proyecto4geeks/data/raw/edge-collected-gunshot-audio/gunshot/1a6c051f-185a-479c-957b-55259fcbf287_chan3_v0.wav","edge-collected-gunshot-audio","train","","True","True","True","wav","5.92","44100","Mono","32","1411200","1019.88","2021-12-03 20:26:52"
"5fd692e1-115c-4a3c-bf60-4002dd7797f6_v0.wav","/C/gun_explosion_a0a388e0","[""/C/gun_explosion_a0a388e0""]","gun_explosion","[""gun_explosion""]","/home/andres/Documentos/proyecto4geeks/data/raw/edge-collected-gunshot-audio/gunshot/5fd692e1-115c-4a3c-bf60-4002dd7797f6_v0.wav","edge-collected-gunshot-audio","train","","True","True","True","wav","9.636","44100","Mono","32","1411200","1659.96","2021-12-03 20:28:56"
"17a032fa-b347-427f-b801-21c774034696_chan0_v0.wav","/C/gun_explosion_a0a388e0","[""/C/gun_explosion_a0a388e0""]","gun_explosion","[""gun_explosion""]","/home/andres/Documentos/proyecto4geeks/data/raw/edge-collected-gunshot-audio/gunshot/17a032fa-b347-427f-b801-21c774034696_chan0_v0.wav","edge-collected-gunshot-audio","train","","True","True","True","wav","3.75","44100","Mono","32","1411200","646.05","2021-12-03 20:28:42"
"dfe7960a-4474-4daf-b043-0910a483dc4a_v0.wav","/C/gun_explosion_a0a388e0","[""/C/gun_explosion_a0a388e0""]","gun_explosion","[""gun_explosion""]","/home/andres/Documentos/proyecto4geeks/data/raw/edge-collected-gunshot-audio/gunshot/dfe7960a-4474-4daf-b043-0910a483dc4a_v0.wav","edge-collected-gunshot-audio","train","","True","True","True","wav","7.241","44100","Mono","32","1411200","1247.39","2021-12-03 20:27:48"
"30a4b43d-dbfb-492e-9620-f2e5b76d4414_v1.wav","/C/gun_explosion_a0a388e0","[""/C/gun_explosion_a0a388e0""]","gun_explosion","[""gun_explosion""]","/home/andres/Documentos/proyecto4geeks/data/raw/edge-collected-gunshot-audio/gunshot/30a4b43d-dbfb-492e-9620-f2e5b76d4414_v1.wav","edge-collected-gunshot-audio","test","","True","True","True","wav","4.243","44100","Mono","32","1411200","731.0","2021-12-03 20:28:50"
"46d64add-0759-4314-8d50-e764f78208d7_mean_v0.wav","/C/gun_explosion_a0a388e0","[""/C/gun_explosion_a0a388e0""]","gun_explosion","[""gun_explosion""]","/home/andres/Documentos/proyecto4geeks/data/raw/edge-collected-gunshot-audio/gunshot/46d64add-0759-4314-8d50-e764f78208d7_mean_v0.wav","edge-collected-gunshot-audio","train","","True","True","True","wav","5.18","44100","Mono","32","1411200","892.31","2021-12-03 20:27:26"
"0495b86d-2f39-4912-916b-0cfbc160cf3d_chan6_v1.wav","/C/gun_explosion_a0a388e0","[""/C/gun_explosion_a0a388e0""]","gun_explosion","[""gun_explosion""]","/home/andres/Documentos/proyecto4geeks/data/raw/edge-collected-gunshot-audio/gunshot/0495b86d-2f39-4912-916b-0cfbc160cf3d_chan6_v1.wav","edge-collected-gunshot-audio","train","","True","True","True","wav","3.75","44100","Mono","32","1411200","646.05","2021-12-03 20:28:42"
"be57f8ab-9cf3-4528-bd35-c810f2444baf_chan6_v0.wav","/C/gun_explosion_a0a388e0","[""/C/gun_explosion_a0a388e0""]","gun_explosion","[""gun_explosion""]","/home/andres/Documentos/proyecto4geeks/data/raw/edge-collected-gunshot-audio/gunshot/be57f8ab-9cf3-4528-bd35-c810f2444baf_chan6_v0.wav","edge-collected-gunshot-audio","train","","True","True","True","wav","4.0","44100","Mono","32","1411200","689.19","2021-12-03 20:28:32"
"972e5199-b99c-4f49-b006-ec7c2903f2ee_mean_v0.wav","/C/gun_explosion_a0a388e0","[""/C/gun_explosion_a0a388e0""]","gun_explosion","[""gun_explosion""]","/home/andres/Documentos/proyecto4geeks/data/raw/edge-collected-gunshot-audio/gunshot/972e5199-b99c-4f49-b006-ec7c2903f2ee_mean_v0.wav","edge-collected-gunshot-audio","train","","True","True","True","wav","3.75","44100","Mono","32","1411200","646.05","2021-12-03 20:29:08"
"33408bf1-622c-41f2-bb68-474b32cff9fb_v0.wav","/C/gun_explosion_a0a388e0","[""/C/gun_explosion_a0a388e0""]","gun_explosion","[""gun_explosion""]","/home/andres/Documentos/proyecto4geeks/data/raw/edge-collected-gunshot-audio/gunshot/33408bf1-622c-41f2-bb68-474b32cff9fb_v0.wav","edge-collected-gunshot-audio","train","","True","True","True","wav","5.067","44100","Mono","32","1411200","872.87","2021-12-03 20:28:06"
"d9c20c59-eb34-4d1e-b2ca-61e9c3532dff_v2.wav","/C/gun_explosion_a0a388e0","[""/C/gun_explosion_a0a388e0""]","gun_explosion","[""gun_explosion""]","/home/andres/Documentos/proyecto4geeks/data/raw/edge-collected-gunshot-audio/gunshot/d9c20c59-eb34-4d1e-b2ca-61e9c3532dff_v2.wav","edge-collected-gunshot-audio","train","","True","True","True","wav","5.594","44100","Mono","32","1411200","963.7","2021-12-03 20:27:12"
"cda2b67e-0c10-4b96-8a5d-0819fe357bea_chan6_v0.wav","/C/gun_explosion_a0a388e0","[""/C/gun_explosion_a0a388e0""]","gun_explosion","[""gun_explosion""]","/home/andres/Documentos/proyecto4geeks/data/raw/edge-collected-gunshot-audio/gunshot/cda2b67e-0c10-4b96-8a5d-0819fe357bea_chan6_v0.wav","edge-collected-gunshot-audio","test","","True","True","True","wav","2.397","44100","Mono","32","1411200","412.96","2021-12-03 20:27:44"
"e73d935b-ddfa-4139-91d6-9d2f68994770_chan5_v1.wav","/C/gun_explosion_a0a388e0","[""/C/gun_explosion_a0a388e0""]","gun_explosion","[""gun_explosion""]","/home/andres/Documentos/proyecto4geeks/data/raw/edge-collected-gunshot-audio/gunshot/e73d935b-ddfa-4139-91d6-9d2f68994770_chan5_v1.wav","edge-collected-gunshot-audio","test","","True","True","True","wav","3.75","44100","Mono","32","1411200","646.05","2021-12-03 20:27:50"
"d94fe70a-5f33-4b6a-be9d-8a219e20a181_v0.wav","/C/gun_explosion_a0a388e0","[""/C/gun_explosion_a0a388e0""]","gun_explosion","[""gun_explosion""]","/home/andres/Documentos/proyecto4geeks/data/raw/edge-collected-gunshot-audio/gunshot/d94fe70a-5f33-4b6a-be9d-8a219e20a181_v0.wav","edge-collected-gunshot-audio","train","","True","True","True","wav","3.75","44100","Mono","32","1411200","646.05","2021-12-03 20:28:36"
"d36f8f26-ce50-4bd3-8898-26da17995f46_chan3_v0.wav","/C/gun_explosion_a0a388e0","[""/C/gun_explosion_a0a388e0""]","gun_explosion","[""gun_explosion""]","/home/andres/Documentos/proyecto4geeks/data/raw/edge-collected-gunshot-audio/gunshot/d36f8f26-ce50-4bd3-8898-26da17995f46_chan3_v0.wav","edge-collected-gunshot-audio","train","","True","True","True","wav","6.087","44100","Mono","32","1411200","1048.62","2021-12-03 20:29:20"
"5972ae17-39fc-4813-b384-bb8ece5856f8_chan6_v0.wav","/C/gun_explosion_a0a388e0","[""/C/gun_explosion_a0a388e0""]","gun_explosion","[""gun_explosion""]","/home/andres/Documentos/proyecto4geeks/data/raw/edge-collected-gunshot-audio/gunshot/5972ae17-39fc-4813-b384-bb8ece5856f8_chan6_v0.wav","edge-collected-gunshot-audio","train","","True","True","True","wav","5.618","44100","Mono","32","1411200","967.77","2021-12-03 20:28:12"
"acf24fae-0755-4bf6-8bf9-0440585c5b15_chan1_v0.wav","/C/gun_explosion_a0a388e0","[""/C/gun_explosion_a0a388e0""]","gun_explosion","[""gun_explosion""]","/home/andres/Documentos/proyecto4geeks/data/raw/edge-collected-gunshot-audio/gunshot/acf24fae-0755-4bf6-8bf9-0440585c5b15_chan1_v0.wav","edge-collected-gunshot-audio","train","","True","True","True","wav","4.189","44100","Mono","32","1411200","721.61","2021-12-03 20:28:26"
"b6b54c4a-e6b0-487e-b476-25dc131d0607_chan6_v2.wav","/C/gun_explosion_a0a388e0","[""/C/gun_explosion_a0a388e0""]","gun_explosion","[""gun_explosion""]","/home/andres/Documentos/proyecto4geeks/data/raw/edge-collected-gunshot-audio/gunshot/b6b54c4a-e6b0-487e-b476-25dc131d0607_chan6_v2.wav","edge-collected-gunshot-audio","test","","True","True","True","wav","4.237","44100","Mono","32","1411200","730.03","2021-12-03 20:29:18"
"bddfd129-17e2-4775-bd7e-6039dbb24cb3_v0.wav","/C/gun_explosion_a0a388e0","[""/C/gun_explosion_a0a388e0""]","gun_explosion","[""gun_explosion""]","/home/andres/Documentos/proyecto4geeks/data/raw/edge-collected-gunshot-audio/gunshot/bddfd129-17e2-4775-bd7e-6039dbb24cb3_v0.wav","edge-collected-gunshot-audio","train","","True","True","True","wav","5.066","44100","Mono","32","1411200","872.81","2021-12-03 20:28:32"
"d735d982-c6bb-4a60-9cc7-5c2f6d06da93_chan1_v0.wav","/C/gun_explosion_a0a388e0","[""/C/gun_explosion_a0a388e0""]","gun_explosion","[""gun_explosion""]","/home/andres/Documentos/proyecto4geeks/data/raw/edge-collected-gunshot-audio/gunshot/d735d982-c6bb-4a60-9cc7-5c2f6d06da93_chan1_v0.wav","edge-collected-gunshot-audio","test","","True","True","True","wav","3.398","44100","Mono","32","1411200","585.33","2021-12-03 20:27:46"
"add8ab04-9181-4a95-8c5c-1538f857da1f_v2.wav","/C/gun_explosion_a0a388e0","[""/C/gun_explosion_a0a388e0""]","gun_explosion","[""gun_explosion""]","/home/andres/Documentos/proyecto4geeks/data/raw/edge-collected-gunshot-audio/gunshot/add8ab04-9181-4a95-8c5c-1538f857da1f_v2.wav","edge-collected-gunshot-audio","test","","True","True","True","wav","5.895","44100","Mono","32","1411200","1015.64","2021-12-03 20:29:14"
"adca0472-ee71-44c9-a22d-ee86d7bb85a6_chan2_v0.wav","/C/gun_explosion_a0a388e0","[""/C/gun_explosion_a0a388e0""]","gun_explosion","[""gun_explosion""]","/home/andres/Documentos/proyecto4geeks/data/raw/edge-collected-gunshot-audio/gunshot/adca0472-ee71-44c9-a22d-ee86d7bb85a6_chan2_v0.wav","edge-collected-gunshot-audio","train","","True","True","True","wav","4.603","44100","Mono","32","1411200","793.08","2021-12-03 20:27:38"
"0882e966-f18c-4fa3-a866-fe1ec26a72d5_v0.wav","/C/gun_explosion_a0a388e0","[""/C/gun_explosion_a0a388e0""]","gun_explosion","[""gun_explosion""]","/home/andres/Documentos/proyecto4geeks/data/raw/edge-collected-gunshot-audio/gunshot/0882e966-f18c-4fa3-a866-fe1ec26a72d5_v0.wav","edge-collected-gunshot-audio","test","","True","True","True","wav","5.903","44100","Mono","32","1411200","1016.92","2021-12-03 20:26:48"
"4a7d254f-44ac-4f83-b931-c1d683486577_chan6_v0.wav","/C/gun_explosion_a0a388e0","[""/C/gun_explosion_a0a388e0""]","gun_explosion","[""gun_explosion""]","/home/andres/Documentos/proyecto4geeks/data/raw/edge-collected-gunshot-audio/gunshot/4a7d254f-44ac-4f83-b931-c1d683486577_chan6_v0.wav","edge-collected-gunshot-audio","test","","True","True","True","wav","5.59","44100","Mono","32","1411200","962.97","2021-12-03 20:28:08"
"1266f563-7458-4d7b-81bd-8cb56eff1abb_v0.wav","/C/gun_explosion_a0a388e0","[""/C/gun_explosion_a0a388e0""]","gun_explosion","[""gun_explosion""]","/home/andres/Documentos/proyecto4geeks/data/raw/edge-collected-gunshot-audio/gunshot/1266f563-7458-4d7b-81bd-8cb56eff1abb_v0.wav","edge-collected-gunshot-audio","train","","True","True","True","wav","3.75","44100","Mono","32","1411200","646.05","2021-12-03 20:27:20"
"0a07b229-7d2b-4d2b-8f32-c94cbc7b1487_chan4_v0.wav","/C/gun_explosion_a0a388e0","[""/C/gun_explosion_a0a388e0""]","gun_explosion","[""gun_explosion""]","/home/andres/Documentos/proyecto4geeks/data/raw/edge-collected-gunshot-audio/gunshot/0a07b229-7d2b-4d2b-8f32-c94cbc7b1487_chan4_v0.wav","edge-collected-gunshot-audio","train","","True","True","True","wav","5.242","44100","Mono","32","1411200","903.03","2021-12-03 20:26:48"
"d1fa442d-a890-42c4-b186-f5196099ace7_chan5_v0.wav","/C/gun_explosion_a0a388e0","[""/C/gun_explosion_a0a388e0""]","gun_explosion","[""gun_explosion""]","/home/andres/Documentos/proyecto4geeks/data/raw/edge-collected-gunshot-audio/gunshot/d1fa442d-a890-42c4-b186-f5196099ace7_chan5_v0.wav","edge-collected-gunshot-audio","train","","True","True","True","wav","2.749","44100","Mono","32","1411200","473.54","2021-12-03 20:28:32"
"f70ba937-5d7f-41d5-85db-9b8fb50e4a8d_v2.wav","/C/gun_explosion_a0a388e0","[""/C/gun_explosion_a0a388e0""]","gun_explosion","[""gun_explosion""]","/home/andres/Documentos/proyecto4geeks/data/raw/edge-collected-gunshot-audio/gunshot/f70ba937-5d7f-41d5-85db-9b8fb50e4a8d_v2.wav","edge-collected-gunshot-audio","test","","True","True","True","wav","5.592","44100","Mono","32","1411200","963.38","2021-12-03 20:27:14"
"b785ce2a-693b-40df-8c78-53fb862046c4_chan0_v0.wav","/C/gun_explosion_a0a388e0","[""/C/gun_explosion_a0a388e0""]","gun_explosion","[""gun_explosion""]","/home/andres/Documentos/proyecto4geeks/data/raw/edge-collected-gunshot-audio/gunshot/b785ce2a-693b-40df-8c78-53fb862046c4_chan0_v0.wav","edge-collected-gunshot-audio","train","","True","True","True","wav","4.043","44100","Mono","32","1411200","696.44","2021-12-03 20:29:18"
"adca0472-ee71-44c9-a22d-ee86d7bb85a6_chan5_v0.wav","/C/gun_explosion_a0a388e0","[""/C/gun_explosion_a0a388e0""]","gun_explosion","[""gun_explosion""]","/home/andres/Documentos/proyecto4geeks/data/raw/edge-collected-gunshot-audio/gunshot/adca0472-ee71-44c9-a22d-ee86d7bb85a6_chan5_v0.wav","edge-collected-gunshot-audio","train","","True","True","True","wav","4.603","44100","Mono","32","1411200","792.99","2021-12-03 20:27:38"
"311641e1-8a87-4a2b-a12d-5d451505741c_v1.wav","/C/gun_explosion_a0a388e0","[""/C/gun_explosion_a0a388e0""]","gun_explosion","[""gun_explosion""]","/home/andres/Documentos/proyecto4geeks/data/raw/edge-collected-gunshot-audio/gunshot/311641e1-8a87-4a2b-a12d-5d451505741c_v1.wav","edge-collected-gunshot-audio","train","","True","True","True","wav","2.0","44100","Mono","32","1411200","344.59","2021-12-03 20:28:04"
"3c7089ad-a3ef-4159-b45c-a57cc64fa254_chan1_v0.wav","/C/gun_explosion_a0a388e0","[""/C/gun_explosion_a0a388e0""]","gun_explosion","[""gun_explosion""]","/home/andres/Documentos/proyecto4geeks/data/raw/edge-collected-gunshot-audio/gunshot/3c7089ad-a3ef-4159-b45c-a57cc64fa254_chan1_v0.wav","edge-collected-gunshot-audio","train","","True","True","True","wav","3.75","44100","Mono","32","1411200","646.05","2021-12-03 20:27:26"
"3754edb6-7d4f-4432-820d-3829797748b7_chan0_v0.wav","/C/gun_explosion_a0a388e0","[""/C/gun_explosion_a0a388e0""]","gun_explosion","[""gun_explosion""]","/home/andres/Documentos/proyecto4geeks/data/raw/edge-collected-gunshot-audio/gunshot/3754edb6-7d4f-4432-820d-3829797748b7_chan0_v0.wav","edge-collected-gunshot-audio","train","","True","True","True","wav","2.143","44100","Mono","32","1411200","369.24","2021-12-03 20:26:56"
"d93deacb-1480-45e5-a92b-eb1988fbfd8d_chan4_v0.wav","/C/gun_explosion_a0a388e0","[""/C/gun_explosion_a0a388e0""]","gun_explosion","[""gun_explosion""]","/home/andres/Documentos/proyecto4geeks/data/raw/edge-collected-gunshot-audio/gunshot/d93deacb-1480-45e5-a92b-eb1988fbfd8d_chan4_v0.wav","edge-collected-gunshot-audio","train","","True","True","True","wav","3.75","44100","Mono","32","1411200","646.05","2021-12-03 20:27:48"
"f1ea3a1c-030f-4275-b3b4-28bb0cd694b2_chan0_v0.wav","/C/gun_explosion_a0a388e0","[""/C/gun_explosion_a0a388e0""]","gun_explosion","[""gun_explosion""]","/home/andres/Documentos/proyecto4geeks/data/raw/edge-collected-gunshot-audio/gunshot/f1ea3a1c-030f-4275-b3b4-28bb0cd694b2_chan0_v0.wav","edge-collected-gunshot-audio","train","","True","True","True","wav","5.743","44100","Mono","32","1411200","989.4","2021-12-03 20:29:26"
"03fc4685-909e-42c5-aff0-f519f1d14b12_chan4_v0.wav","/C/gun_explosion_a0a388e0","[""/C/gun_explosion_a0a388e0""]","gun_explosion","[""gun_explosion""]","/home/andres/Documentos/proyecto4geeks/data/raw/edge-collected-gunshot-audio/gunshot/03fc4685-909e-42c5-aff0-f519f1d14b12_chan4_v0.wav","edge-collected-gunshot-audio","train","","True","True","True","wav","5.016","44100","Mono","32","1411200","864.19","2021-12-03 20:27:16"
"6320dc5c-a956-40b8-a664-45f1edcf3b3b_chan0_v1.wav","/C/gun_explosion_a0a388e0","[""/C/gun_explosion_a0a388e0""]","gun_explosion","[""gun_explosion""]","/home/andres/Documentos/proyecto4geeks/data/raw/edge-collected-gunshot-audio/gunshot/6320dc5c-a956-40b8-a664-45f1edcf3b3b_chan0_v1.wav","edge-collected-gunshot-audio","train","","True","True","True","wav","3.75","44100","Mono","32","1411200","646.05","2021-12-03 20:27:30"
"3f294bc9-6278-4040-bbff-7547ca7ecde3_chan4_v0.wav","/C/gun_explosion_a0a388e0","[""/C/gun_explosion_a0a388e0""]","gun_explosion","[""gun_explosion""]","/home/andres/Documentos/proyecto4geeks/data/raw/edge-collected-gunshot-audio/gunshot/3f294bc9-6278-4040-bbff-7547ca7ecde3_chan4_v0.wav","edge-collected-gunshot-audio","train","","True","True","True","wav","4.553","44100","Mono","32","1411200","784.32","2021-12-03 20:28:52"
"c05ea797-711d-4f93-80d1-05a3e76e5c31_mean_v0.wav","/C/gun_explosion_a0a388e0","[""/C/gun_explosion_a0a388e0""]","gun_explosion","[""gun_explosion""]","/home/andres/Documentos/proyecto4geeks/data/raw/edge-collected-gunshot-audio/gunshot/c05ea797-711d-4f93-80d1-05a3e76e5c31_mean_v0.wav","edge-collected-gunshot-audio","test","","True","True","True","wav","5.016","44100","Mono","32","1411200","864.19","2021-12-03 20:27:40"
"634b3867-947e-4884-a063-e903a674e36b_v0.wav","/C/gun_explosion_a0a388e0","[""/C/gun_explosion_a0a388e0""]","gun_explosion","[""gun_explosion""]","/home/andres/Documentos/proyecto4geeks/data/raw/edge-collected-gunshot-audio/gunshot/634b3867-947e-4884-a063-e903a674e36b_v0.wav","edge-collected-gunshot-audio","train","","True","True","True","wav","3.75","44100","Mono","32","1411200","646.05","2021-12-03 20:28:16"
"66df1957-e654-4539-917a-595adf735cdb_v0.wav","/C/gun_explosion_a0a388e0","[""/C/gun_explosion_a0a388e0""]","gun_explosion","[""gun_explosion""]","/home/andres/Documentos/proyecto4geeks/data/raw/edge-collected-gunshot-audio/gunshot/66df1957-e654-4539-917a-595adf735cdb_v0.wav","edge-collected-gunshot-audio","train","","True","True","True","wav","7.607","44100","Mono","32","1411200","1310.53","2021-12-03 20:28:16"
"895da372-8445-438b-9722-e4af033235a4_v2.wav","/C/gun_explosion_a0a388e0","[""/C/gun_explosion_a0a388e0""]","gun_explosion","[""gun_explosion""]","/home/andres/Documentos/proyecto4geeks/data/raw/edge-collected-gunshot-audio/gunshot/895da372-8445-438b-9722-e4af033235a4_v2.wav","edge-collected-gunshot-audio","train","","True","True","True","wav","4.236","44100","Mono","32","1411200","729.75","2021-12-03 20:29:06"
"fe18216b-56d4-478a-9ed7-a3543a9930e0_chan4_v0.wav","/C/gun_explosion_a0a388e0","[""/C/gun_explosion_a0a388e0""]","gun_explosion","[""gun_explosion""]","/home/andres/Documentos/proyecto4geeks/data/raw/edge-collected-gunshot-audio/gunshot/fe18216b-56d4-478a-9ed7-a3543a9930e0_chan4_v0.wav","edge-collected-gunshot-audio","train","","True","True","True","wav","3.613","44100","Mono","32","1411200","622.37","2021-12-03 20:27:52"
"11fe0e34-0703-42dc-a3f8-36e39a820e98_v0.wav","/C/gun_explosion_a0a388e0","[""/C/gun_explosion_a0a388e0""]","gun_explosion","[""gun_explosion""]","/home/andres/Documentos/proyecto4geeks/data/raw/edge-collected-gunshot-audio/gunshot/11fe0e34-0703-42dc-a3f8-36e39a820e98_v0.wav","edge-collected-gunshot-audio","train","","True","True","True","wav","3.75","44100","Mono","32","1411200","646.05","2021-12-03 20:26:52"
"a283ea70-649d-4c18-bf8b-ba4e8507455a_chan3_v0.wav","/C/gun_explosion_a0a388e0","[""/C/gun_explosion_a0a388e0""]","gun_explosion","[""gun_explosion""]","/home/andres/Documentos/proyecto4geeks/data/raw/edge-collected-gunshot-audio/gunshot/a283ea70-649d-4c18-bf8b-ba4e8507455a_chan3_v0.wav","edge-collected-gunshot-audio","train","","True","True","True","wav","3.75","44100","Mono","32","1411200","646.05","2021-12-03 20:28:26"
"6377cc9f-b176-45cf-a9f9-4d3bcdcaa51c_chan4_v0.wav","/C/gun_explosion_a0a388e0","[""/C/gun_explosion_a0a388e0""]","gun_explosion","[""gun_explosion""]","/home/andres/Documentos/proyecto4geeks/data/raw/edge-collected-gunshot-audio/gunshot/6377cc9f-b176-45cf-a9f9-4d3bcdcaa51c_chan4_v0.wav","edge-collected-gunshot-audio","train","","True","True","True","wav","3.75","44100","Mono","32","1411200","646.05","2021-12-03 20:27:02"
"311641e1-8a87-4a2b-a12d-5d451505741c_v7.wav","/C/gun_explosion_a0a388e0","[""/C/gun_explosion_a0a388e0""]","gun_explosion","[""gun_explosion""]","/home/andres/Documentos/proyecto4geeks/data/raw/edge-collected-gunshot-audio/gunshot/311641e1-8a87-4a2b-a12d-5d451505741c_v7.wav","edge-collected-gunshot-audio","train","","True","True","True","wav","4.29","44100","Mono","32","1411200","739.08","2021-12-03 20:28:06"
"a2eff80b-aeb3-46f1-a630-73c7f8afc797_v6.wav","/C/gun_explosion_a0a388e0","[""/C/gun_explosion_a0a388e0""]","gun_explosion","[""gun_explosion""]","/home/andres/Documentos/proyecto4geeks/data/raw/edge-collected-gunshot-audio/gunshot/a2eff80b-aeb3-46f1-a630-73c7f8afc797_v6.wav","edge-collected-gunshot-audio","train","","True","True","True","wav","3.75","44100","Mono","32","1411200","646.05","2021-12-03 20:27:06"
"ddecbdf9-bd43-4e10-a485-a25f60fbc608_v0.wav","/C/gun_explosion_a0a388e0","[""/C/gun_explosion_a0a388e0""]","gun_explosion","[""gun_explosion""]","/home/andres/Documentos/proyecto4geeks/data/raw/edge-collected-gunshot-audio/gunshot/ddecbdf9-bd43-4e10-a485-a25f60fbc608_v0.wav","edge-collected-gunshot-audio","train","","True","True","True","wav","5.857","44100","Mono","32","1411200","1009.04","2021-12-03 20:27:12"
"640ba6fd-94c7-4dc7-8efd-0a50166086e3_v2.wav","/C/gun_explosion_a0a388e0","[""/C/gun_explosion_a0a388e0""]","gun_explosion","[""gun_explosion""]","/home/andres/Documentos/proyecto4geeks/data/raw/edge-collected-gunshot-audio/gunshot/640ba6fd-94c7-4dc7-8efd-0a50166086e3_v2.wav","edge-collected-gunshot-audio","train","","True","True","True","wav","3.75","44100","Mono","32","1411200","646.05","2021-12-03 20:28:56"
"86c4c4a5-0374-492f-bfcd-ed9de679b68b_chan3_v0.wav","/C/gun_explosion_a0a388e0","[""/C/gun_explosion_a0a388e0""]","gun_explosion","[""gun_explosion""]","/home/andres/Documentos/proyecto4geeks/data/raw/edge-collected-gunshot-audio/gunshot/86c4c4a5-0374-492f-bfcd-ed9de679b68b_chan3_v0.wav","edge-collected-gunshot-audio","train","","True","True","True","wav","6.398","44100","Mono","32","1411200","1102.28","2021-12-03 20:29:04"
"77ac463c-098c-484a-8394-66285cc161a4_chan2_v0.wav","/C/gun_explosion_a0a388e0","[""/C/gun_explosion_a0a388e0""]","gun_explosion","[""gun_explosion""]","/home/andres/Documentos/proyecto4geeks/data/raw/edge-collected-gunshot-audio/gunshot/77ac463c-098c-484a-8394-66285cc161a4_chan2_v0.wav","edge-collected-gunshot-audio","train","","True","True","True","wav","3.75","44100","Mono","32","1411200","646.05","2021-12-03 20:27:02"
"d312ea2f-8542-4ac2-8bd8-1e8b3433c4c3_chan0_v0.wav","/C/gun_explosion_a0a388e0","[""/C/gun_explosion_a0a388e0""]","gun_explosion","[""gun_explosion""]","/home/andres/Documentos/proyecto4geeks/data/raw/edge-collected-gunshot-audio/gunshot/d312ea2f-8542-4ac2-8bd8-1e8b3433c4c3_chan0_v0.wav","edge-collected-gunshot-audio","train","","True","True","True","wav","2.675","44100","Mono","32","1411200","460.79","2021-12-03 20:27:12"
"b6b54c4a-e6b0-487e-b476-25dc131d0607_chan1_v2.wav","/C/gun_explosion_a0a388e0","[""/C/gun_explosion_a0a388e0""]","gun_explosion","[""gun_explosion""]","/home/andres/Documentos/proyecto4geeks/data/raw/edge-collected-gunshot-audio/gunshot/b6b54c4a-e6b0-487e-b476-25dc131d0607_chan1_v2.wav","edge-collected-gunshot-audio","train","","True","True","True","wav","4.235","44100","Mono","32","1411200","729.52","2021-12-03 20:29:16"
"ff398b34-3d99-44f1-b13e-5e2075453006_v0.wav","/C/gun_explosion_a0a388e0","[""/C/gun_explosion_a0a388e0""]","gun_explosion","[""gun_explosion""]","/home/andres/Documentos/proyecto4geeks/data/raw/edge-collected-gunshot-audio/gunshot/ff398b34-3d99-44f1-b13e-5e2075453006_v0.wav","edge-collected-gunshot-audio","train","","True","True","True","wav","5.873","44100","Mono","32","1411200","1011.71","2021-12-03 20:29:28"
"27c95dc1-e509-4bf6-a7a7-31e49f111fb0_v4.wav","/C/gun_explosion_a0a388e0","[""/C/gun_explosion_a0a388e0""]","gun_explosion","[""gun_explosion""]","/home/andres/Documentos/proyecto4geeks/data/raw/edge-collected-gunshot-audio/gunshot/27c95dc1-e509-4bf6-a7a7-31e49f111fb0_v4.wav","edge-collected-gunshot-audio","train","","True","True","True","wav","1.75","44100","Mono","32","1411200","301.52","2021-12-03 20:28:48"
"3f294bc9-6278-4040-bbff-7547ca7ecde3_chan3_v0.wav","/C/gun_explosion_a0a388e0","[""/C/gun_explosion_a0a388e0""]","gun_explosion","[""gun_explosion""]","/home/andres/Documentos/proyecto4geeks/data/raw/edge-collected-gunshot-audio/gunshot/3f294bc9-6278-4040-bbff-7547ca7ecde3_chan3_v0.wav","edge-collected-gunshot-audio","train","","True","True","True","wav","4.159","44100","Mono","32","1411200","716.55","2021-12-03 20:28:52"
"6320dc5c-a956-40b8-a664-45f1edcf3b3b_mean_v0.wav","/C/gun_explosion_a0a388e0","[""/C/gun_explosion_a0a388e0""]","gun_explosion","[""gun_explosion""]","/home/andres/Documentos/proyecto4geeks/data/raw/edge-collected-gunshot-audio/gunshot/6320dc5c-a956-40b8-a664-45f1edcf3b3b_mean_v0.wav","edge-collected-gunshot-audio","test","","True","True","True","wav","3.75","44100","Mono","32","1411200","646.05","2021-12-03 20:27:32"
"b23e9f5b-f76c-4c28-bf87-0599a47e0ba4_mean_v1.wav","/C/gun_explosion_a0a388e0","[""/C/gun_explosion_a0a388e0""]","gun_explosion","[""gun_explosion""]","/home/andres/Documentos/proyecto4geeks/data/raw/edge-collected-gunshot-audio/gunshot/b23e9f5b-f76c-4c28-bf87-0599a47e0ba4_mean_v1.wav","edge-collected-gunshot-audio","train","","True","True","True","wav","3.75","44100","Mono","32","1411200","646.05","2021-12-03 20:29:16"
"85a24c95-5a49-469d-a5a1-d8ca7554b663_v0.wav","/C/gun_explosion_a0a388e0","[""/C/gun_explosion_a0a388e0""]","gun_explosion","[""gun_explosion""]","/home/andres/Documentos/proyecto4geeks/data/raw/edge-collected-gunshot-audio/gunshot/85a24c95-5a49-469d-a5a1-d8ca7554b663_v0.wav","edge-collected-gunshot-audio","train","","True","True","True","wav","3.581","44100","Mono","32","1411200","617.01","2021-12-03 20:28:20"
"0adeaece-8ec1-440b-ae3a-1dc93613f76f_v0.wav","/C/gun_explosion_a0a388e0","[""/C/gun_explosion_a0a388e0""]","gun_explosion","[""gun_explosion""]","/home/andres/Documentos/proyecto4geeks/data/raw/edge-collected-gunshot-audio/gunshot/0adeaece-8ec1-440b-ae3a-1dc93613f76f_v0.wav","edge-collected-gunshot-audio","train","","True","True","True","wav","3.346","44100","Mono","32","1411200","576.51","2021-12-03 20:27:20"
"1266f563-7458-4d7b-81bd-8cb56eff1abb_v1.wav","/C/gun_explosion_a0a388e0","[""/C/gun_explosion_a0a388e0""]","gun_explosion","[""gun_explosion""]","/home/andres/Documentos/proyecto4geeks/data/raw/edge-collected-gunshot-audio/gunshot/1266f563-7458-4d7b-81bd-8cb56eff1abb_v1.wav","edge-collected-gunshot-audio","test","","True","True","True","wav","3.75","44100","Mono","32","1411200","646.05","2021-12-03 20:27:20"
"e73d935b-ddfa-4139-91d6-9d2f68994770_chan0_v1.wav","/C/gun_explosion_a0a388e0","[""/C/gun_explosion_a0a388e0""]","gun_explosion","[""gun_explosion""]","/home/andres/Documentos/proyecto4geeks/data/raw/edge-collected-gunshot-audio/gunshot/e73d935b-ddfa-4139-91d6-9d2f68994770_chan0_v1.wav","edge-collected-gunshot-audio","train","","True","True","True","wav","3.75","44100","Mono","32","1411200","646.05","2021-12-03 20:27:50"
"04d81d9d-63e9-46b1-9417-6fe40765be9a_mean_v0.wav","/C/gun_explosion_a0a388e0","[""/C/gun_explosion_a0a388e0""]","gun_explosion","[""gun_explosion""]","/home/andres/Documentos/proyecto4geeks/data/raw/edge-collected-gunshot-audio/gunshot/04d81d9d-63e9-46b1-9417-6fe40765be9a_mean_v0.wav","edge-collected-gunshot-audio","train","","True","True","True","wav","3.75","44100","Mono","32","1411200","646.05","2021-12-03 20:27:54"
"0a07b229-7d2b-4d2b-8f32-c94cbc7b1487_chan2_v0.wav","/C/gun_explosion_a0a388e0","[""/C/gun_explosion_a0a388e0""]","gun_explosion","[""gun_explosion""]","/home/andres/Documentos/proyecto4geeks/data/raw/edge-collected-gunshot-audio/gunshot/0a07b229-7d2b-4d2b-8f32-c94cbc7b1487_chan2_v0.wav","edge-collected-gunshot-audio","train","","True","True","True","wav","5.242","44100","Mono","32","1411200","903.03","2021-12-03 20:26:48"
"090f69a9-885c-45fb-a807-f2661aaeb165_chan2_v0.wav","/C/gun_explosion_a0a388e0","[""/C/gun_explosion_a0a388e0""]","gun_explosion","[""gun_explosion""]","/home/andres/Documentos/proyecto4geeks/data/raw/edge-collected-gunshot-audio/gunshot/090f69a9-885c-45fb-a807-f2661aaeb165_chan2_v0.wav","edge-collected-gunshot-audio","train","","True","True","True","wav","3.75","44100","Mono","32","1411200","646.05","2021-12-03 20:27:18"
"cfe036af-d99f-46a5-8829-32a66b45be70_v1.wav","/C/gun_explosion_a0a388e0","[""/C/gun_explosion_a0a388e0""]","gun_explosion","[""gun_explosion""]","/home/andres/Documentos/proyecto4geeks/data/raw/edge-collected-gunshot-audio/gunshot/cfe036af-d99f-46a5-8829-32a66b45be70_v1.wav","edge-collected-gunshot-audio","train","","True","True","True","wav","4.388","44100","Mono","32","1411200","756.04","2021-12-03 20:28:32"
"d5b6bac9-c996-4955-a13d-9cb19e5b372a_chan0_v0.wav","/C/gun_explosion_a0a388e0","[""/C/gun_explosion_a0a388e0""]","gun_explosion","[""gun_explosion""]","/home/andres/Documentos/proyecto4geeks/data/raw/edge-collected-gunshot-audio/gunshot/d5b6bac9-c996-4955-a13d-9cb19e5b372a_chan0_v0.wav","edge-collected-gunshot-audio","train","","True","True","True","wav","10.706","44100","Mono","32","1411200","1844.32","2021-12-03 20:28:36"
"cad6cdd9-faca-4577-95f4-4be31f757b0c_mean_v0.wav","/C/gun_explosion_a0a388e0","[""/C/gun_explosion_a0a388e0""]","gun_explosion","[""gun_explosion""]","/home/andres/Documentos/proyecto4geeks/data/raw/edge-collected-gunshot-audio/gunshot/cad6cdd9-faca-4577-95f4-4be31f757b0c_mean_v0.wav","edge-collected-gunshot-audio","train","","True","True","True","wav","3.75","44100","Mono","32","1411200","646.05","2021-12-03 20:27:10"
"906a6959-11b2-4a24-94c5-fce000ad00a8_chan6_v0.wav","/C/gun_explosion_a0a388e0","[""/C/gun_explosion_a0a388e0""]","gun_explosion","[""gun_explosion""]","/home/andres/Documentos/proyecto4geeks/data/raw/edge-collected-gunshot-audio/gunshot/906a6959-11b2-4a24-94c5-fce000ad00a8_chan6_v0.wav","edge-collected-gunshot-audio","train","","True","True","True","wav","2.824","44100","Mono","32","1411200","486.5","2021-12-03 20:28:22"
"a2f11812-20c1-4d8d-ac1b-20afb9dfd4c7_v0.wav","/C/gun_explosion_a0a388e0","[""/C/gun_explosion_a0a388e0""]","gun_explosion","[""gun_explosion""]","/home/andres/Documentos/proyecto4geeks/data/raw/edge-collected-gunshot-audio/gunshot/a2f11812-20c1-4d8d-ac1b-20afb9dfd4c7_v0.wav","edge-collected-gunshot-audio","train","","True","True","True","wav","2.977","44100","Mono","32","1411200","512.96","2021-12-03 20:27:06"
"e2f3a120-6fcd-4760-917d-bb03ebff63d8_mean_v0.wav","/C/gun_explosion_a0a388e0","[""/C/gun_explosion_a0a388e0""]","gun_explosion","[""gun_explosion""]","/home/andres/Documentos/proyecto4geeks/data/raw/edge-collected-gunshot-audio/gunshot/e2f3a120-6fcd-4760-917d-bb03ebff63d8_mean_v0.wav","edge-collected-gunshot-audio","train","","True","True","True","wav","3.75","44100","Mono","32","1411200","646.05","2021-12-03 20:27:48"
"2206e99c-e7ee-493b-902e-1a970a9fc4fe_chan3_v1.wav","/C/gun_explosion_a0a388e0","[""/C/gun_explosion_a0a388e0""]","gun_explosion","[""gun_explosion""]","/home/andres/Documentos/proyecto4geeks/data/raw/edge-collected-gunshot-audio/gunshot/2206e99c-e7ee-493b-902e-1a970a9fc4fe_chan3_v1.wav","edge-collected-gunshot-audio","test","","True","True","True","wav","3.75","44100","Mono","32","1411200","646.05","2021-12-03 20:26:54"
"ad0d42e0-6945-4557-8650-b2713fbc4df9_v0.wav","/C/gun_explosion_a0a388e0","[""/C/gun_explosion_a0a388e0""]","gun_explosion","[""gun_explosion""]","/home/andres/Documentos/proyecto4geeks/data/raw/edge-collected-gunshot-audio/gunshot/ad0d42e0-6945-4557-8650-b2713fbc4df9_v0.wav","edge-collected-gunshot-audio","train","","True","True","True","wav","9.753","44100","Mono","32","1411200","1680.19","2021-12-03 20:29:14"
"13d6021d-7270-4635-b6ad-2cd4b6313314_mean_v0.wav","/C/gun_explosion_a0a388e0","[""/C/gun_explosion_a0a388e0""]","gun_explosion","[""gun_explosion""]","/home/andres/Documentos/proyecto4geeks/data/raw/edge-collected-gunshot-audio/gunshot/13d6021d-7270-4635-b6ad-2cd4b6313314_mean_v0.wav","edge-collected-gunshot-audio","train","","True","True","True","wav","5.249","44100","Mono","32","1411200","904.22","2021-12-03 20:26:52"
"a1e92cb2-7999-4a02-ad5e-d9602c622854_chan3_v0.wav","/C/gun_explosion_a0a388e0","[""/C/gun_explosion_a0a388e0""]","gun_explosion","[""gun_explosion""]","/home/andres/Documentos/proyecto4geeks/data/raw/edge-collected-gunshot-audio/gunshot/a1e92cb2-7999-4a02-ad5e-d9602c622854_chan3_v0.wav","edge-collected-gunshot-audio","test","","True","True","True","wav","3.639","44100","Mono","32","1411200","627.01","2021-12-03 20:28:26"
"579f58f1-7926-4419-93a8-a767a7d388d4_v3.wav","/C/gun_explosion_a0a388e0","[""/C/gun_explosion_a0a388e0""]","gun_explosion","[""gun_explosion""]","/home/andres/Documentos/proyecto4geeks/data/raw/edge-collected-gunshot-audio/gunshot/579f58f1-7926-4419-93a8-a767a7d388d4_v3.wav","edge-collected-gunshot-audio","train","","True","True","True","wav","5.592","44100","Mono","32","1411200","963.41","2021-12-03 20:27:00"
"backup_f235dd1e-d103-4639-b1e7-cdf0731fa121__v2.wav","/C/gun_explosion_a0a388e0","[""/C/gun_explosion_a0a388e0""]","gun_explosion","[""gun_explosion""]","/home/andres/Documentos/proyecto4geeks/data/raw/edge-collected-gunshot-audio/gunshot/backup_f235dd1e-d103-4639-b1e7-cdf0731fa121__v2.wav","edge-collected-gunshot-audio","train","","True","True","True","wav","5.403","44100","Mono","32","1411200","930.85","2021-12-03 20:28:30"
"b06fc194-a76a-48c6-8ac2-937b138adf9a_chan4_v0.wav","/C/gun_explosion_a0a388e0","[""/C/gun_explosion_a0a388e0""]","gun_explosion","[""gun_explosion""]","/home/andres/Documentos/proyecto4geeks/data/raw/edge-collected-gunshot-audio/gunshot/b06fc194-a76a-48c6-8ac2-937b138adf9a_chan4_v0.wav","edge-collected-gunshot-audio","train","","True","True","True","wav","5.37","44100","Mono","32","1411200","925.07","2021-12-03 20:29:14"
"04f1be04-da3e-4f7d-b4fc-6b64f208cc94_v2.wav","/C/gun_explosion_a0a388e0","[""/C/gun_explosion_a0a388e0""]","gun_explosion","[""gun_explosion""]","/home/andres/Documentos/proyecto4geeks/data/raw/edge-collected-gunshot-audio/gunshot/04f1be04-da3e-4f7d-b4fc-6b64f208cc94_v2.wav","edge-collected-gunshot-audio","test","","True","True","True","wav","3.75","44100","Mono","32","1411200","646.05","2021-12-03 20:27:18"
"06f8ef4c-86b4-408a-8909-3badadf8ca20_chan3_v0.wav","/C/gun_explosion_a0a388e0","[""/C/gun_explosion_a0a388e0""]","gun_explosion","[""gun_explosion""]","/home/andres/Documentos/proyecto4geeks/data/raw/edge-collected-gunshot-audio/gunshot/06f8ef4c-86b4-408a-8909-3badadf8ca20_chan3_v0.wav","edge-collected-gunshot-audio","train","","True","True","True","wav","3.124","44100","Mono","32","1411200","538.17","2021-12-03 20:27:56"
"c0b2e1a0-0ad1-485b-9df8-af37612ac034_chan0_v2.wav","/C/gun_explosion_a0a388e0","[""/C/gun_explosion_a0a388e0""]","gun_explosion","[""gun_explosion""]","/home/andres/Documentos/proyecto4geeks/data/raw/edge-collected-gunshot-audio/gunshot/c0b2e1a0-0ad1-485b-9df8-af37612ac034_chan0_v2.wav","edge-collected-gunshot-audio","train","","True","True","True","wav","3.75","44100","Mono","32","1411200","646.05","2021-12-03 20:27:42"
"5cb2087f-9407-45a7-80aa-9ea7a5df275f_chan6_v0.wav","/C/gun_explosion_a0a388e0","[""/C/gun_explosion_a0a388e0""]","gun_explosion","[""gun_explosion""]","/home/andres/Documentos/proyecto4geeks/data/raw/edge-collected-gunshot-audio/gunshot/5cb2087f-9407-45a7-80aa-9ea7a5df275f_chan6_v0.wav","edge-collected-gunshot-audio","train","","True","True","True","wav","3.596","44100","Mono","32","1411200","619.54","2021-12-03 20:28:14"
"efaea5be-4f87-42c6-8058-ac7e7da12414_v0.wav","/C/gun_explosion_a0a388e0","[""/C/gun_explosion_a0a388e0""]","gun_explosion","[""gun_explosion""]","/home/andres/Documentos/proyecto4geeks/data/raw/edge-collected-gunshot-audio/gunshot/efaea5be-4f87-42c6-8058-ac7e7da12414_v0.wav","edge-collected-gunshot-audio","test","","True","True","True","wav","3.568","44100","Mono","32","1411200","614.7","2021-12-03 20:27:50"
"738f379b-fe71-4aea-a680-1f95dff38ef1_chan2_v0.wav","/C/gun_explosion_a0a388e0","[""/C/gun_explosion_a0a388e0""]","gun_explosion","[""gun_explosion""]","/home/andres/Documentos/proyecto4geeks/data/raw/edge-collected-gunshot-audio/gunshot/738f379b-fe71-4aea-a680-1f95dff38ef1_chan2_v0.wav","edge-collected-gunshot-audio","train","","True","True","True","wav","3.823","44100","Mono","32","1411200","658.68","2021-12-03 20:28:18"
"a67ff046-e452-412a-ac51-159728387382_chan6_v0.wav","/C/gun_explosion_a0a388e0","[""/C/gun_explosion_a0a388e0""]","gun_explosion","[""gun_explosion""]","/home/andres/Documentos/proyecto4geeks/data/raw/edge-collected-gunshot-audio/gunshot/a67ff046-e452-412a-ac51-159728387382_chan6_v0.wav","edge-collected-gunshot-audio","train","","True","True","True","wav","3.75","44100","Mono","32","1411200","646.05","2021-12-03 20:27:08"
"3f294bc9-6278-4040-bbff-7547ca7ecde3_chan1_v0.wav","/C/gun_explosion_a0a388e0","[""/C/gun_explosion_a0a388e0""]","gun_explosion","[""gun_explosion""]","/home/andres/Documentos/proyecto4geeks/data/raw/edge-collected-gunshot-audio/gunshot/3f294bc9-6278-4040-bbff-7547ca7ecde3_chan1_v0.wav","edge-collected-gunshot-audio","test","","True","True","True","wav","4.553","44100","Mono","32","1411200","784.32","2021-12-03 20:28:52"
"f771a47d-d067-4afe-a9f8-2b8a0661785b_mean_v0.wav","/C/gun_explosion_a0a388e0","[""/C/gun_explosion_a0a388e0""]","gun_explosion","[""gun_explosion""]","/home/andres/Documentos/proyecto4geeks/data/raw/edge-collected-gunshot-audio/gunshot/f771a47d-d067-4afe-a9f8-2b8a0661785b_mean_v0.wav","edge-collected-gunshot-audio","train","","True","True","True","wav","8.539","44100","Mono","32","1411200","1470.99","2021-12-03 20:27:14"
"81b21b3c-70a1-4202-918f-3d896278d405_mean_v0.wav","/C/gun_explosion_a0a388e0","[""/C/gun_explosion_a0a388e0""]","gun_explosion","[""gun_explosion""]","/home/andres/Documentos/proyecto4geeks/data/raw/edge-collected-gunshot-audio/gunshot/81b21b3c-70a1-4202-918f-3d896278d405_mean_v0.wav","edge-collected-gunshot-audio","train","","True","True","True","wav","5.298","44100","Mono","32","1411200","912.73","2021-12-03 20:29:02"
"7149bf71-e2d6-4452-b2a0-9433bb1851f0_chan2_v0.wav","/C/gun_explosion_a0a388e0","[""/C/gun_explosion_a0a388e0""]","gun_explosion","[""gun_explosion""]","/home/andres/Documentos/proyecto4geeks/data/raw/edge-collected-gunshot-audio/gunshot/7149bf71-e2d6-4452-b2a0-9433bb1851f0_chan2_v0.wav","edge-collected-gunshot-audio","test","","True","True","True","wav","5.616","44100","Mono","32","1411200","967.51","2021-12-03 20:28:58"
"9d01ad9a-3e6b-458c-a02d-dc30f4d83f61_mean_v0.wav","/C/gun_explosion_a0a388e0","[""/C/gun_explosion_a0a388e0""]","gun_explosion","[""gun_explosion""]","/home/andres/Documentos/proyecto4geeks/data/raw/edge-collected-gunshot-audio/gunshot/9d01ad9a-3e6b-458c-a02d-dc30f4d83f61_mean_v0.wav","edge-collected-gunshot-audio","test","","True","True","True","wav","6.882","44100","Mono","32","1411200","1185.64","2021-12-03 20:27:06"
"d93deacb-1480-45e5-a92b-eb1988fbfd8d_chan2_v0.wav","/C/gun_explosion_a0a388e0","[""/C/gun_explosion_a0a388e0""]","gun_explosion","[""gun_explosion""]","/home/andres/Documentos/proyecto4geeks/data/raw/edge-collected-gunshot-audio/gunshot/d93deacb-1480-45e5-a92b-eb1988fbfd8d_chan2_v0.wav","edge-collected-gunshot-audio","train","","True","True","True","wav","3.75","44100","Mono","32","1411200","646.05","2021-12-03 20:27:46"
"8fa1765a-14c8-4d9b-bad0-553193e00b55_v0.wav","/C/gun_explosion_a0a388e0","[""/C/gun_explosion_a0a388e0""]","gun_explosion","[""gun_explosion""]","/home/andres/Documentos/proyecto4geeks/data/raw/edge-collected-gunshot-audio/gunshot/8fa1765a-14c8-4d9b-bad0-553193e00b55_v0.wav","edge-collected-gunshot-audio","test","","True","True","True","wav","3.124","44100","Mono","32","1411200","538.17","2021-12-03 20:28:22"
"524157e1-fb04-46b2-b887-8fcc84c4261a_chan0_v1.wav","/C/gun_explosion_a0a388e0","[""/C/gun_explosion_a0a388e0""]","gun_explosion","[""gun_explosion""]","/home/andres/Documentos/proyecto4geeks/data/raw/edge-collected-gunshot-audio/gunshot/524157e1-fb04-46b2-b887-8fcc84c4261a_chan0_v1.wav","edge-collected-gunshot-audio","train","","True","True","True","wav","8.999","44100","Mono","32","1411200","1550.28","2021-12-03 20:28:54"
"9cd245a4-21db-41ab-98e4-0a18f0456e71_chan6_v0.wav","/C/gun_explosion_a0a388e0","[""/C/gun_explosion_a0a388e0""]","gun_explosion","[""gun_explosion""]","/home/andres/Documentos/proyecto4geeks/data/raw/edge-collected-gunshot-audio/gunshot/9cd245a4-21db-41ab-98e4-0a18f0456e71_chan6_v0.wav","edge-collected-gunshot-audio","test","","True","True","True","wav","3.32","44100","Mono","32","1411200","571.9","2021-12-03 20:28:24"
"a67ff046-e452-412a-ac51-159728387382_chan2_v0.wav","/C/gun_explosion_a0a388e0","[""/C/gun_explosion_a0a388e0""]","gun_explosion","[""gun_explosion""]","/home/andres/Documentos/proyecto4geeks/data/raw/edge-collected-gunshot-audio/gunshot/a67ff046-e452-412a-ac51-159728387382_chan2_v0.wav","edge-collected-gunshot-audio","train","","True","True","True","wav","3.75","44100","Mono","32","1411200","646.05","2021-12-03 20:27:06"
"cf5903aa-f70e-4b5a-8f0b-ab010db39792_v2.wav","/C/gun_explosion_a0a388e0","[""/C/gun_explosion_a0a388e0""]","gun_explosion","[""gun_explosion""]","/home/andres/Documentos/proyecto4geeks/data/raw/edge-collected-gunshot-audio/gunshot/cf5903aa-f70e-4b5a-8f0b-ab010db39792_v2.wav","edge-collected-gunshot-audio","test","","True","True","True","wav","3.75","44100","Mono","32","1411200","646.05","2021-12-03 20:27:12"
"3ab0f1bb-f7fe-4cfe-a78e-11a263f75819_chan3_v0.wav","/C/gun_explosion_a0a388e0","[""/C/gun_explosion_a0a388e0""]","gun_explosion","[""gun_explosion""]","/home/andres/Documentos/proyecto4geeks/data/raw/edge-collected-gunshot-audio/gunshot/3ab0f1bb-f7fe-4cfe-a78e-11a263f75819_chan3_v0.wav","edge-collected-gunshot-audio","train","","True","True","True","wav","5.179","44100","Mono","32","1411200","892.28","2021-12-03 20:27:26"
"9480296f-8e6e-438e-a35d-76a2f24506df_chan6_v0.wav","/C/gun_explosion_a0a388e0","[""/C/gun_explosion_a0a388e0""]","gun_explosion","[""gun_explosion""]","/home/andres/Documentos/proyecto4geeks/data/raw/edge-collected-gunshot-audio/gunshot/9480296f-8e6e-438e-a35d-76a2f24506df_chan6_v0.wav","edge-collected-gunshot-audio","train","","True","True","True","wav","3.75","44100","Mono","32","1411200","646.05","2021-12-03 20:28:22"
"5ac8c241-4728-4ba2-a6ce-8cda24399cca_chan1_v0.wav","/C/gun_explosion_a0a388e0","[""/C/gun_explosion_a0a388e0""]","gun_explosion","[""gun_explosion""]","/home/andres/Documentos/proyecto4geeks/data/raw/edge-collected-gunshot-audio/gunshot/5ac8c241-4728-4ba2-a6ce-8cda24399cca_chan1_v0.wav","edge-collected-gunshot-audio","train","","True","True","True","wav","3.379","44100","Mono","32","1411200","582.14","2021-12-03 20:27:00"
"32fa2ea1-e672-4404-a9be-acf8f37607da_v0.wav","/C/gun_explosion_a0a388e0","[""/C/gun_explosion_a0a388e0""]","gun_explosion","[""gun_explosion""]","/home/andres/Documentos/proyecto4geeks/data/raw/edge-collected-gunshot-audio/gunshot/32fa2ea1-e672-4404-a9be-acf8f37607da_v0.wav","edge-collected-gunshot-audio","train","","True","True","True","wav","4.822","44100","Mono","32","1411200","830.76","2021-12-03 20:26:56"
"4dde8c51-f8a3-45ce-9822-819d696ae966_chan1_v0.wav","/C/gun_explosion_a0a388e0","[""/C/gun_explosion_a0a388e0""]","gun_explosion","[""gun_explosion""]","/home/andres/Documentos/proyecto4geeks/data/raw/edge-collected-gunshot-audio/gunshot/4dde8c51-f8a3-45ce-9822-819d696ae966_chan1_v0.wav","edge-collected-gunshot-audio","train","","True","True","True","wav","2.943","44100","Mono","32","1411200","507.11","2021-12-03 20:28:10"
"8af2c7a4-73b8-4149-805d-e8632e0c9e3c_chan2_v0.wav","/C/gun_explosion_a0a388e0","[""/C/gun_explosion_a0a388e0""]","gun_explosion","[""gun_explosion""]","/home/andres/Documentos/proyecto4geeks/data/raw/edge-collected-gunshot-audio/gunshot/8af2c7a4-73b8-4149-805d-e8632e0c9e3c_chan2_v0.wav","edge-collected-gunshot-audio","train","","True","True","True","wav","2.641","44100","Mono","32","1411200","454.94","2021-12-03 20:28:20"
"dd9aa26c-2b08-41fe-85e3-fbc36613ebb0_chan1_v0.wav","/C/gun_explosion_a0a388e0","[""/C/gun_explosion_a0a388e0""]","gun_explosion","[""gun_explosion""]","/home/andres/Documentos/proyecto4geeks/data/raw/edge-collected-gunshot-audio/gunshot/dd9aa26c-2b08-41fe-85e3-fbc36613ebb0_chan1_v0.wav","edge-collected-gunshot-audio","train","","True","True","True","wav","5.563","44100","Mono","32","1411200","958.36","2021-12-03 20:29:22"
"0b4a7cf7-8f49-4efd-bab9-0a3102bc2fb4_chan4_v0.wav","/C/gun_explosion_a0a388e0","[""/C/gun_explosion_a0a388e0""]","gun_explosion","[""gun_explosion""]","/home/andres/Documentos/proyecto4geeks/data/raw/edge-collected-gunshot-audio/gunshot/0b4a7cf7-8f49-4efd-bab9-0a3102bc2fb4_chan4_v0.wav","edge-collected-gunshot-audio","test","","True","True","True","wav","5.749","44100","Mono","32","1411200","990.48","2021-12-03 20:26:50"
"bfcbf987-3056-4cf3-a40b-b209a365b672_chan2_v0.wav","/C/gun_explosion_a0a388e0","[""/C/gun_explosion_a0a388e0""]","gun_explosion","[""gun_explosion""]","/home/andres/Documentos/proyecto4geeks/data/raw/edge-collected-gunshot-audio/gunshot/bfcbf987-3056-4cf3-a40b-b209a365b672_chan2_v0.wav","edge-collected-gunshot-audio","train","","True","True","True","wav","4.283","44100","Mono","32","1411200","737.83","2021-12-03 20:27:40"
"a5706772-aa5c-4a0c-a760-98aa641b1fce_v0.wav","/C/gun_explosion_a0a388e0","[""/C/gun_explosion_a0a388e0""]","gun_explosion","[""gun_explosion""]","/home/andres/Documentos/proyecto4geeks/data/raw/edge-collected-gunshot-audio/gunshot/a5706772-aa5c-4a0c-a760-98aa641b1fce_v0.wav","edge-collected-gunshot-audio","train","","True","True","True","wav","4.676","44100","Mono","32","1411200","805.62","2021-12-03 20:29:12"
"17a032fa-b347-427f-b801-21c774034696_mean_v0.wav","/C/gun_explosion_a0a388e0","[""/C/gun_explosion_a0a388e0""]","gun_explosion","[""gun_explosion""]","/home/andres/Documentos/proyecto4geeks/data/raw/edge-collected-gunshot-audio/gunshot/17a032fa-b347-427f-b801-21c774034696_mean_v0.wav","edge-collected-gunshot-audio","train","","True","True","True","wav","3.75","44100","Mono","32","1411200","646.05","2021-12-03 20:28:42"
"545023ab-9344-4ff1-b0a7-ef5eda73893d_chan5_v1.wav","/C/gun_explosion_a0a388e0","[""/C/gun_explosion_a0a388e0""]","gun_explosion","[""gun_explosion""]","/home/andres/Documentos/proyecto4geeks/data/raw/edge-collected-gunshot-audio/gunshot/545023ab-9344-4ff1-b0a7-ef5eda73893d_chan5_v1.wav","edge-collected-gunshot-audio","test","","True","True","True","wav","3.412","44100","Mono","32","1411200","587.88","2021-12-03 20:28:12"
"738f379b-fe71-4aea-a680-1f95dff38ef1_chan1_v0.wav","/C/gun_explosion_a0a388e0","[""/C/gun_explosion_a0a388e0""]","gun_explosion","[""gun_explosion""]","/home/andres/Documentos/proyecto4geeks/data/raw/edge-collected-gunshot-audio/gunshot/738f379b-fe71-4aea-a680-1f95dff38ef1_chan1_v0.wav","edge-collected-gunshot-audio","test","","True","True","True","wav","3.822","44100","Mono","32","1411200","658.5","2021-12-03 20:28:18"
"63bed9c5-c7c7-429e-82de-9114078423ab_chan4_v0.wav","/C/gun_explosion_a0a388e0","[""/C/gun_explosion_a0a388e0""]","gun_explosion","[""gun_explosion""]","/home/andres/Documentos/proyecto4geeks/data/raw/edge-collected-gunshot-audio/gunshot/63bed9c5-c7c7-429e-82de-9114078423ab_chan4_v0.wav","edge-collected-gunshot-audio","train","","True","True","True","wav","3.705","44100","Mono","32","1411200","638.34","2021-12-03 20:28:16"
"0ee22b7f-3840-4f8a-8b28-031e6bba5d81_chan1_v0.wav","/C/gun_explosion_a0a388e0","[""/C/gun_explosion_a0a388e0""]","gun_explosion","[""gun_explosion""]","/home/andres/Documentos/proyecto4geeks/data/raw/edge-collected-gunshot-audio/gunshot/0ee22b7f-3840-4f8a-8b28-031e6bba5d81_chan1_v0.wav","edge-collected-gunshot-audio","train","","True","True","True","wav","11.164","44100","Mono","32","1411200","1923.2","2021-12-03 20:27:56"
"cad6cdd9-faca-4577-95f4-4be31f757b0c_chan2_v1.wav","/C/gun_explosion_a0a388e0","[""/C/gun_explosion_a0a388e0""]","gun_explosion","[""gun_explosion""]","/home/andres/Documentos/proyecto4geeks/data/raw/edge-collected-gunshot-audio/gunshot/cad6cdd9-faca-4577-95f4-4be31f757b0c_chan2_v1.wav","edge-collected-gunshot-audio","test","","True","True","True","wav","6.088","44100","Mono","32","1411200","1048.85","2021-12-03 20:27:10"
"dc052a9b-032a-4a42-9e73-f022484ccab5_chan0_v0.wav","/C/gun_explosion_a0a388e0","[""/C/gun_explosion_a0a388e0""]","gun_explosion","[""gun_explosion""]","/home/andres/Documentos/proyecto4geeks/data/raw/edge-collected-gunshot-audio/gunshot/dc052a9b-032a-4a42-9e73-f022484ccab5_chan0_v0.wav","edge-collected-gunshot-audio","train","","True","True","True","wav","2.297","44100","Mono","32","1411200","395.72","2021-12-03 20:27:48"
"d60be857-2a00-49c0-9470-94a34b3de217_chan3_v0.wav","/C/gun_explosion_a0a388e0","[""/C/gun_explosion_a0a388e0""]","gun_explosion","[""gun_explosion""]","/home/andres/Documentos/proyecto4geeks/data/raw/edge-collected-gunshot-audio/gunshot/d60be857-2a00-49c0-9470-94a34b3de217_chan3_v0.wav","edge-collected-gunshot-audio","train","","True","True","True","wav","6.106","44100","Mono","32","1411200","1051.88","2021-12-03 20:29:20"
"172e14ff-419c-441c-bf53-3c9ed0ffa490_chan1_v0.wav","/C/gun_explosion_a0a388e0","[""/C/gun_explosion_a0a388e0""]","gun_explosion","[""gun_explosion""]","/home/andres/Documentos/proyecto4geeks/data/raw/edge-collected-gunshot-audio/gunshot/172e14ff-419c-441c-bf53-3c9ed0ffa490_chan1_v0.wav","edge-collected-gunshot-audio","train","","True","True","True","wav","3.601","44100","Mono","32","1411200","620.37","2021-12-03 20:28:00"
"63ad0e9a-02d2-4b6c-9921-525767ab502b_v1.wav","/C/gun_explosion_a0a388e0","[""/C/gun_explosion_a0a388e0""]","gun_explosion","[""gun_explosion""]","/home/andres/Documentos/proyecto4geeks/data/raw/edge-collected-gunshot-audio/gunshot/63ad0e9a-02d2-4b6c-9921-525767ab502b_v1.wav","edge-collected-gunshot-audio","test","","True","True","True","wav","13.121","44100","Mono","32","1411200","2260.32","2021-12-03 20:28:16"
"50e34be8-c0b4-4fc5-80fc-4c52f2ffde7a_chan1_v0.wav","/C/gun_explosion_a0a388e0","[""/C/gun_explosion_a0a388e0""]","gun_explosion","[""gun_explosion""]","/home/andres/Documentos/proyecto4geeks/data/raw/edge-collected-gunshot-audio/gunshot/50e34be8-c0b4-4fc5-80fc-4c52f2ffde7a_chan1_v0.wav","edge-collected-gunshot-audio","train","","True","True","True","wav","3.75","44100","Mono","32","1411200","646.05","2021-12-03 20:26:58"
"8caa634a-e579-46f6-83df-66bd6c9aef92_v0.wav","/C/gun_explosion_a0a388e0","[""/C/gun_explosion_a0a388e0""]","gun_explosion","[""gun_explosion""]","/home/andres/Documentos/proyecto4geeks/data/raw/edge-collected-gunshot-audio/gunshot/8caa634a-e579-46f6-83df-66bd6c9aef92_v0.wav","edge-collected-gunshot-audio","train","","True","True","True","wav","3.75","44100","Mono","32","1411200","646.05","2021-12-03 20:29:06"
"3f294bc9-6278-4040-bbff-7547ca7ecde3_chan6_v0.wav","/C/gun_explosion_a0a388e0","[""/C/gun_explosion_a0a388e0""]","gun_explosion","[""gun_explosion""]","/home/andres/Documentos/proyecto4geeks/data/raw/edge-collected-gunshot-audio/gunshot/3f294bc9-6278-4040-bbff-7547ca7ecde3_chan6_v0.wav","edge-collected-gunshot-audio","train","","True","True","True","wav","4.532","44100","Mono","32","1411200","780.74","2021-12-03 20:28:52"
"73cf82e8-4db3-403c-a0dd-2e814c9a6694_mean_v0.wav","/C/gun_explosion_a0a388e0","[""/C/gun_explosion_a0a388e0""]","gun_explosion","[""gun_explosion""]","/home/andres/Documentos/proyecto4geeks/data/raw/edge-collected-gunshot-audio/gunshot/73cf82e8-4db3-403c-a0dd-2e814c9a6694_mean_v0.wav","edge-collected-gunshot-audio","train","","True","True","True","wav","8.791","44100","Mono","32","1411200","1514.52","2021-12-03 20:29:00"
"bb5a8b3f-3724-456e-83e1-55f5ca5ac68a_chan0_v0.wav","/C/gun_explosion_a0a388e0","[""/C/gun_explosion_a0a388e0""]","gun_explosion","[""gun_explosion""]","/home/andres/Documentos/proyecto4geeks/data/raw/edge-collected-gunshot-audio/gunshot/bb5a8b3f-3724-456e-83e1-55f5ca5ac68a_chan0_v0.wav","edge-collected-gunshot-audio","train","","True","True","True","wav","3.75","44100","Mono","32","1411200","646.05","2021-12-03 20:28:30"
"063b74d6-eb05-437e-b767-14a3248cd10c_chan2_v1.wav","/C/gun_explosion_a0a388e0","[""/C/gun_explosion_a0a388e0""]","gun_explosion","[""gun_explosion""]","/home/andres/Documentos/proyecto4geeks/data/raw/edge-collected-gunshot-audio/gunshot/063b74d6-eb05-437e-b767-14a3248cd10c_chan2_v1.wav","edge-collected-gunshot-audio","test","","True","True","True","wav","2.555","44100","Mono","32","1411200","440.25","2021-12-03 20:26:48"
"51e8f00c-9563-46b7-ab98-430ce0e62493_v3.wav","/C/gun_explosion_a0a388e0","[""/C/gun_explosion_a0a388e0""]","gun_explosion","[""gun_explosion""]","/home/andres/Documentos/proyecto4geeks/data/raw/edge-collected-gunshot-audio/gunshot/51e8f00c-9563-46b7-ab98-430ce0e62493_v3.wav","edge-collected-gunshot-audio","train","","True","True","True","wav","3.75","44100","Mono","32","1411200","646.05","2021-12-03 20:28:52"
"ca2a3f01-63b4-47c9-b327-e9d93bf01ac2_v0.wav","/C/gun_explosion_a0a388e0","[""/C/gun_explosion_a0a388e0""]","gun_explosion","[""gun_explosion""]","/home/andres/Documentos/proyecto4geeks/data/raw/edge-collected-gunshot-audio/gunshot/ca2a3f01-63b4-47c9-b327-e9d93bf01ac2_v0.wav","edge-collected-gunshot-audio","train","","True","True","True","wav","4.922","44100","Mono","32","1411200","847.97","2021-12-03 20:27:10"
"a17d9491-423f-48f1-871a-5c8067bbd35d_v0.wav","/C/gun_explosion_a0a388e0","[""/C/gun_explosion_a0a388e0""]","gun_explosion","[""gun_explosion""]","/home/andres/Documentos/proyecto4geeks/data/raw/edge-collected-gunshot-audio/gunshot/a17d9491-423f-48f1-871a-5c8067bbd35d_v0.wav","edge-collected-gunshot-audio","train","","True","True","True","wav","4.353","44100","Mono","32","1411200","750.0","2021-12-03 20:28:26"
"37fdab6a-0479-43ab-8f79-721bdc2e9d4b_v0.wav","/C/gun_explosion_a0a388e0","[""/C/gun_explosion_a0a388e0""]","gun_explosion","[""gun_explosion""]","/home/andres/Documentos/proyecto4geeks/data/raw/edge-collected-gunshot-audio/gunshot/37fdab6a-0479-43ab-8f79-721bdc2e9d4b_v0.wav","edge-collected-gunshot-audio","train","","True","True","True","wav","3.75","44100","Mono","32","1411200","646.05","2021-12-03 20:27:24"
"dc81bf4f-7fbb-4169-9dc7-bd658a805cb9_v0.wav","/C/gun_explosion_a0a388e0","[""/C/gun_explosion_a0a388e0""]","gun_explosion","[""gun_explosion""]","/home/andres/Documentos/proyecto4geeks/data/raw/edge-collected-gunshot-audio/gunshot/dc81bf4f-7fbb-4169-9dc7-bd658a805cb9_v0.wav","edge-collected-gunshot-audio","train","","True","True","True","wav","3.977","44100","Mono","32","1411200","685.12","2021-12-03 20:28:36"
"e0b5c3ba-b47b-49ff-a727-5946c108798c_chan0_v0.wav","/C/gun_explosion_a0a388e0","[""/C/gun_explosion_a0a388e0""]","gun_explosion","[""gun_explosion""]","/home/andres/Documentos/proyecto4geeks/data/raw/edge-collected-gunshot-audio/gunshot/e0b5c3ba-b47b-49ff-a727-5946c108798c_chan0_v0.wav","edge-collected-gunshot-audio","train","","True","True","True","wav","5.74","44100","Mono","32","1411200","988.87","2021-12-03 20:29:24"
"b0a13fed-0f85-467f-9355-4b6b5f88969c_chan5_v0.wav","/C/gun_explosion_a0a388e0","[""/C/gun_explosion_a0a388e0""]","gun_explosion","[""gun_explosion""]","/home/andres/Documentos/proyecto4geeks/data/raw/edge-collected-gunshot-audio/gunshot/b0a13fed-0f85-467f-9355-4b6b5f88969c_chan5_v0.wav","edge-collected-gunshot-audio","test","","True","True","True","wav","3.75","44100","Mono","32","1411200","646.05","2021-12-03 20:28:28"
"ea3ba9e7-1b6a-4ba1-afff-bc3543d9a61d_chan1_v0.wav","/C/gun_explosion_a0a388e0","[""/C/gun_explosion_a0a388e0""]","gun_explosion","[""gun_explosion""]","/home/andres/Documentos/proyecto4geeks/data/raw/edge-collected-gunshot-audio/gunshot/ea3ba9e7-1b6a-4ba1-afff-bc3543d9a61d_chan1_v0.wav","edge-collected-gunshot-audio","train","","True","True","True","wav","3.75","44100","Mono","32","1411200","646.05","2021-12-03 20:28:38"
"1eddf0db-7c77-4e49-a5e4-544368f8b67c_chan1_v0.wav","/C/gun_explosion_a0a388e0","[""/C/gun_explosion_a0a388e0""]","gun_explosion","[""gun_explosion""]","/home/andres/Documentos/proyecto4geeks/data/raw/edge-collected-gunshot-audio/gunshot/1eddf0db-7c77-4e49-a5e4-544368f8b67c_chan1_v0.wav","edge-collected-gunshot-audio","test","","True","True","True","wav","7.072","44100","Mono","32","1411200","1218.36","2021-12-03 20:26:54"
"b6b54c4a-e6b0-487e-b476-25dc131d0607_chan4_v1.wav","/C/gun_explosion_a0a388e0","[""/C/gun_explosion_a0a388e0""]","gun_explosion","[""gun_explosion""]","/home/andres/Documentos/proyecto4geeks/data/raw/edge-collected-gunshot-audio/gunshot/b6b54c4a-e6b0-487e-b476-25dc131d0607_chan4_v1.wav","edge-collected-gunshot-audio","train","","True","True","True","wav","5.828","44100","Mono","32","1411200","1004.06","2021-12-03 20:29:16"
"a264a706-edd4-436d-a0d4-ccb64421bdd7_chan4_v0.wav","/C/gun_explosion_a0a388e0","[""/C/gun_explosion_a0a388e0""]","gun_explosion","[""gun_explosion""]","/home/andres/Documentos/proyecto4geeks/data/raw/edge-collected-gunshot-audio/gunshot/a264a706-edd4-436d-a0d4-ccb64421bdd7_chan4_v0.wav","edge-collected-gunshot-audio","train","","True","True","True","wav","2.817","44100","Mono","32","1411200","485.31","2021-12-03 20:28:26"
"906a6959-11b2-4a24-94c5-fce000ad00a8_chan2_v0.wav","/C/gun_explosion_a0a388e0","[""/C/gun_explosion_a0a388e0""]","gun_explosion","[""gun_explosion""]","/home/andres/Documentos/proyecto4geeks/data/raw/edge-collected-gunshot-audio/gunshot/906a6959-11b2-4a24-94c5-fce000ad00a8_chan2_v0.wav","edge-collected-gunshot-audio","train","","True","True","True","wav","2.705","44100","Mono","32","1411200","465.96","2021-12-03 20:28:22"
"915c67a7-82af-476d-8fa6-e321c891e669_chan4_v0.wav","/C/gun_explosion_a0a388e0","[""/C/gun_explosion_a0a388e0""]","gun_explosion","[""gun_explosion""]","/home/andres/Documentos/proyecto4geeks/data/raw/edge-collected-gunshot-audio/gunshot/915c67a7-82af-476d-8fa6-e321c891e669_chan4_v0.wav","edge-collected-gunshot-audio","train","","True","True","True","wav","3.669","44100","Mono","32","1411200","632.1","2021-12-03 20:29:06"
"ec013f65-cc3c-4ebb-9315-bb4d2043e8f4_chan0_v0.wav","/C/gun_explosion_a0a388e0","[""/C/gun_explosion_a0a388e0""]","gun_explosion","[""gun_explosion""]","/home/andres/Documentos/proyecto4geeks/data/raw/edge-collected-gunshot-audio/gunshot/ec013f65-cc3c-4ebb-9315-bb4d2043e8f4_chan0_v0.wav","edge-collected-gunshot-audio","train","","True","True","True","wav","3.723","44100","Mono","32","1411200","641.36","2021-12-03 20:28:40"
"889f15aa-9b06-472b-8a87-85434b13dc0f_chan1_v0.wav","/C/gun_explosion_a0a388e0","[""/C/gun_explosion_a0a388e0""]","gun_explosion","[""gun_explosion""]","/home/andres/Documentos/proyecto4geeks/data/raw/edge-collected-gunshot-audio/gunshot/889f15aa-9b06-472b-8a87-85434b13dc0f_chan1_v0.wav","edge-collected-gunshot-audio","test","","True","True","True","wav","3.75","44100","Mono","32","1411200","646.05","2021-12-03 20:29:04"
"889f15aa-9b06-472b-8a87-85434b13dc0f_mean_v2.wav","/C/gun_explosion_a0a388e0","[""/C/gun_explosion_a0a388e0""]","gun_explosion","[""gun_explosion""]","/home/andres/Documentos/proyecto4geeks/data/raw/edge-collected-gunshot-audio/gunshot/889f15aa-9b06-472b-8a87-85434b13dc0f_mean_v2.wav","edge-collected-gunshot-audio","train","","True","True","True","wav","3.75","44100","Mono","32","1411200","646.05","2021-12-03 20:29:06"
"9d313a2c-cb6f-43c2-8b52-e9ddf4f951bb_v0.wav","/C/gun_explosion_a0a388e0","[""/C/gun_explosion_a0a388e0""]","gun_explosion","[""gun_explosion""]","/home/andres/Documentos/proyecto4geeks/data/raw/edge-collected-gunshot-audio/gunshot/9d313a2c-cb6f-43c2-8b52-e9ddf4f951bb_v0.wav","edge-collected-gunshot-audio","train","","True","True","True","wav","7.557","44100","Mono","32","1411200","1301.88","2021-12-03 20:28:24"
"e0b5c3ba-b47b-49ff-a727-5946c108798c_chan5_v0.wav","/C/gun_explosion_a0a388e0","[""/C/gun_explosion_a0a388e0""]","gun_explosion","[""gun_explosion""]","/home/andres/Documentos/proyecto4geeks/data/raw/edge-collected-gunshot-audio/gunshot/e0b5c3ba-b47b-49ff-a727-5946c108798c_chan5_v0.wav","edge-collected-gunshot-audio","train","","True","True","True","wav","5.74","44100","Mono","32","1411200","988.87","2021-12-03 20:29:24"
"ea3ba9e7-1b6a-4ba1-afff-bc3543d9a61d_chan4_v0.wav","/C/gun_explosion_a0a388e0","[""/C/gun_explosion_a0a388e0""]","gun_explosion","[""gun_explosion""]","/home/andres/Documentos/proyecto4geeks/data/raw/edge-collected-gunshot-audio/gunshot/ea3ba9e7-1b6a-4ba1-afff-bc3543d9a61d_chan4_v0.wav","edge-collected-gunshot-audio","train","","True","True","True","wav","3.75","44100","Mono","32","1411200","646.05","2021-12-03 20:28:38"
"907b513b-dd5e-4756-a20c-d785fb4f5dd7_v3.wav","/C/gun_explosion_a0a388e0","[""/C/gun_explosion_a0a388e0""]","gun_explosion","[""gun_explosion""]","/home/andres/Documentos/proyecto4geeks/data/raw/edge-collected-gunshot-audio/gunshot/907b513b-dd5e-4756-a20c-d785fb4f5dd7_v3.wav","edge-collected-gunshot-audio","train","","True","True","True","wav","3.75","44100","Mono","32","1411200","646.05","2021-12-03 20:27:34"
"0a7c0396-3ac7-462d-b1f6-c73243eb6865_chan1_v4.wav","/C/gun_explosion_a0a388e0","[""/C/gun_explosion_a0a388e0""]","gun_explosion","[""gun_explosion""]","/home/andres/Documentos/proyecto4geeks/data/raw/edge-collected-gunshot-audio/gunshot/0a7c0396-3ac7-462d-b1f6-c73243eb6865_chan1_v4.wav","edge-collected-gunshot-audio","train","","True","True","True","wav","3.75","44100","Mono","32","1411200","646.05","2021-12-03 20:27:20"
"1eddf0db-7c77-4e49-a5e4-544368f8b67c_chan4_v0.wav","/C/gun_explosion_a0a388e0","[""/C/gun_explosion_a0a388e0""]","gun_explosion","[""gun_explosion""]","/home/andres/Documentos/proyecto4geeks/data/raw/edge-collected-gunshot-audio/gunshot/1eddf0db-7c77-4e49-a5e4-544368f8b67c_chan4_v0.wav","edge-collected-gunshot-audio","test","","True","True","True","wav","7.072","44100","Mono","32","1411200","1218.34","2021-12-03 20:26:54"
"6320dc5c-a956-40b8-a664-45f1edcf3b3b_chan2_v1.wav","/C/gun_explosion_a0a388e0","[""/C/gun_explosion_a0a388e0""]","gun_explosion","[""gun_explosion""]","/home/andres/Documentos/proyecto4geeks/data/raw/edge-collected-gunshot-audio/gunshot/6320dc5c-a956-40b8-a664-45f1edcf3b3b_chan2_v1.wav","edge-collected-gunshot-audio","train","","True","True","True","wav","3.75","44100","Mono","32","1411200","646.05","2021-12-03 20:27:30"
"60532491-4adb-4743-8309-b42f2a8abcd5_v2.wav","/C/gun_explosion_a0a388e0","[""/C/gun_explosion_a0a388e0""]","gun_explosion","[""gun_explosion""]","/home/andres/Documentos/proyecto4geeks/data/raw/edge-collected-gunshot-audio/gunshot/60532491-4adb-4743-8309-b42f2a8abcd5_v2.wav","edge-collected-gunshot-audio","train","","True","True","True","wav","1.75","44100","Mono","32","1411200","301.52","2021-12-03 20:28:56"
"524157e1-fb04-46b2-b887-8fcc84c4261a_chan5_v0.wav","/C/gun_explosion_a0a388e0","[""/C/gun_explosion_a0a388e0""]","gun_explosion","[""gun_explosion""]","/home/andres/Documentos/proyecto4geeks/data/raw/edge-collected-gunshot-audio/gunshot/524157e1-fb04-46b2-b887-8fcc84c4261a_chan5_v0.wav","edge-collected-gunshot-audio","train","","True","True","True","wav","3.75","44100","Mono","32","1411200","646.05","2021-12-03 20:28:54"
"1fab478a-049c-40e2-8662-8102e3501d67_chan6_v0.wav","/C/gun_explosion_a0a388e0","[""/C/gun_explosion_a0a388e0""]","gun_explosion","[""gun_explosion""]","/home/andres/Documentos/proyecto4geeks/data/raw/edge-collected-gunshot-audio/gunshot/1fab478a-049c-40e2-8662-8102e3501d67_chan6_v0.wav","edge-collected-gunshot-audio","train","","True","True","True","wav","3.101","44100","Mono","32","1411200","534.18","2021-12-03 20:26:54"
"77ac463c-098c-484a-8394-66285cc161a4_mean_v0.wav","/C/gun_explosion_a0a388e0","[""/C/gun_explosion_a0a388e0""]","gun_explosion","[""gun_explosion""]","/home/andres/Documentos/proyecto4geeks/data/raw/edge-collected-gunshot-audio/gunshot/77ac463c-098c-484a-8394-66285cc161a4_mean_v0.wav","edge-collected-gunshot-audio","train","","True","True","True","wav","3.75","44100","Mono","32","1411200","646.05","2021-12-03 20:27:04"
"ed8d991f-9e68-4630-9f2f-4442fdb0be6f_chan5_v0.wav","/C/gun_explosion_a0a388e0","[""/C/gun_explosion_a0a388e0""]","gun_explosion","[""gun_explosion""]","/home/andres/Documentos/proyecto4geeks/data/raw/edge-collected-gunshot-audio/gunshot/ed8d991f-9e68-4630-9f2f-4442fdb0be6f_chan5_v0.wav","edge-collected-gunshot-audio","train","","True","True","True","wav","3.75","44100","Mono","32","1411200","646.05","2021-12-03 20:28:40"
"683cbedc-1319-4bfe-a656-cdf5e9b1c98f_chan2_v0.wav","/C/gun_explosion_a0a388e0","[""/C/gun_explosion_a0a388e0""]","gun_explosion","[""gun_explosion""]","/home/andres/Documentos/proyecto4geeks/data/raw/edge-collected-gunshot-audio/gunshot/683cbedc-1319-4bfe-a656-cdf5e9b1c98f_chan2_v0.wav","edge-collected-gunshot-audio","train","","True","True","True","wav","4.963","44100","Mono","32","1411200","854.96","2021-12-03 20:28:58"
"aaf21cb7-ef6d-4cbc-b2de-b279869b401c_mean_v0.wav","/C/gun_explosion_a0a388e0","[""/C/gun_explosion_a0a388e0""]","gun_explosion","[""gun_explosion""]","/home/andres/Documentos/proyecto4geeks/data/raw/edge-collected-gunshot-audio/gunshot/aaf21cb7-ef6d-4cbc-b2de-b279869b401c_mean_v0.wav","edge-collected-gunshot-audio","train","","True","True","True","wav","3.75","44100","Mono","32","1411200","646.05","2021-12-03 20:27:38"
"9fdf59e0-107c-4ab8-8e5f-828c90bd17a2_v4.wav","/C/gun_explosion_a0a388e0","[""/C/gun_explosion_a0a388e0""]","gun_explosion","[""gun_explosion""]","/home/andres/Documentos/proyecto4geeks/data/raw/edge-collected-gunshot-audio/gunshot/9fdf59e0-107c-4ab8-8e5f-828c90bd17a2_v4.wav","edge-collected-gunshot-audio","train","","True","True","True","wav","3.75","44100","Mono","32","1411200","646.05","2021-12-03 20:27:36"
"545023ab-9344-4ff1-b0a7-ef5eda73893d_chan0_v1.wav","/C/gun_explosion_a0a388e0","[""/C/gun_explosion_a0a388e0""]","gun_explosion","[""gun_explosion""]","/home/andres/Documentos/proyecto4geeks/data/raw/edge-collected-gunshot-audio/gunshot/545023ab-9344-4ff1-b0a7-ef5eda73893d_chan0_v1.wav","edge-collected-gunshot-audio","train","","True","True","True","wav","3.409","44100","Mono","32","1411200","587.38","2021-12-03 20:28:10"
"d31ded50-a23a-4ca0-b528-3fed60c7a647_chan2_v0.wav","/C/gun_explosion_a0a388e0","[""/C/gun_explosion_a0a388e0""]","gun_explosion","[""gun_explosion""]","/home/andres/Documentos/proyecto4geeks/data/raw/edge-collected-gunshot-audio/gunshot/d31ded50-a23a-4ca0-b528-3fed60c7a647_chan2_v0.wav","edge-collected-gunshot-audio","train","","True","True","True","wav","3.743","44100","Mono","32","1411200","644.84","2021-12-03 20:28:34"
"7bbf1085-7e14-44c0-9fe2-8ede26106efe_chan1_v0.wav","/C/gun_explosion_a0a388e0","[""/C/gun_explosion_a0a388e0""]","gun_explosion","[""gun_explosion""]","/home/andres/Documentos/proyecto4geeks/data/raw/edge-collected-gunshot-audio/gunshot/7bbf1085-7e14-44c0-9fe2-8ede26106efe_chan1_v0.wav","edge-collected-gunshot-audio","train","","True","True","True","wav","2.557","44100","Mono","32","1411200","440.5","2021-12-03 20:27:32"
"b785ce2a-693b-40df-8c78-53fb862046c4_chan3_v0.wav","/C/gun_explosion_a0a388e0","[""/C/gun_explosion_a0a388e0""]","gun_explosion","[""gun_explosion""]","/home/andres/Documentos/proyecto4geeks/data/raw/edge-collected-gunshot-audio/gunshot/b785ce2a-693b-40df-8c78-53fb862046c4_chan3_v0.wav","edge-collected-gunshot-audio","test","","True","True","True","wav","4.043","44100","Mono","32","1411200","696.44","2021-12-03 20:29:18"
"4a500aeb-23a6-4c3c-9438-1e05aeedaa68_v0.wav","/C/gun_explosion_a0a388e0","[""/C/gun_explosion_a0a388e0""]","gun_explosion","[""gun_explosion""]","/home/andres/Documentos/proyecto4geeks/data/raw/edge-collected-gunshot-audio/gunshot/4a500aeb-23a6-4c3c-9438-1e05aeedaa68_v0.wav","edge-collected-gunshot-audio","train","","True","True","True","wav","3.75","44100","Mono","32","1411200","646.05","2021-12-03 20:28:08"
"e9b3d683-c7ec-4e77-9d3b-963d30d641f7_chan1_v0.wav","/C/gun_explosion_a0a388e0","[""/C/gun_explosion_a0a388e0""]","gun_explosion","[""gun_explosion""]","/home/andres/Documentos/proyecto4geeks/data/raw/edge-collected-gunshot-audio/gunshot/e9b3d683-c7ec-4e77-9d3b-963d30d641f7_chan1_v0.wav","edge-collected-gunshot-audio","train","","True","True","True","wav","5.679","44100","Mono","32","1411200","978.34","2021-12-03 20:29:26"
"0ee22b7f-3840-4f8a-8b28-031e6bba5d81_mean_v0.wav","/C/gun_explosion_a0a388e0","[""/C/gun_explosion_a0a388e0""]","gun_explosion","[""gun_explosion""]","/home/andres/Documentos/proyecto4geeks/data/raw/edge-collected-gunshot-audio/gunshot/0ee22b7f-3840-4f8a-8b28-031e6bba5d81_mean_v0.wav","edge-collected-gunshot-audio","test","","True","True","True","wav","11.164","44100","Mono","32","1411200","1923.2","2021-12-03 20:27:58"
"4a48b77c-72bf-4917-b8b0-da4f8b20a24b_chan5_v0.wav","/C/gun_explosion_a0a388e0","[""/C/gun_explosion_a0a388e0""]","gun_explosion","[""gun_explosion""]","/home/andres/Documentos/proyecto4geeks/data/raw/edge-collected-gunshot-audio/gunshot/4a48b77c-72bf-4917-b8b0-da4f8b20a24b_chan5_v0.wav","edge-collected-gunshot-audio","train","","True","True","True","wav","2.209","44100","Mono","32","1411200","380.57","2021-12-03 20:27:28"
"0f9222e9-7896-4a30-b161-092a2931ebb8_v3.wav","/C/gun_explosion_a0a388e0","[""/C/gun_explosion_a0a388e0""]","gun_explosion","[""gun_explosion""]","/home/andres/Documentos/proyecto4geeks/data/raw/edge-collected-gunshot-audio/gunshot/0f9222e9-7896-4a30-b161-092a2931ebb8_v3.wav","edge-collected-gunshot-audio","train","","True","True","True","wav","2.0","44100","Mono","32","1411200","344.59","2021-12-03 20:27:58"
"cad6cdd9-faca-4577-95f4-4be31f757b0c_chan1_v1.wav","/C/gun_explosion_a0a388e0","[""/C/gun_explosion_a0a388e0""]","gun_explosion","[""gun_explosion""]","/home/andres/Documentos/proyecto4geeks/data/raw/edge-collected-gunshot-audio/gunshot/cad6cdd9-faca-4577-95f4-4be31f757b0c_chan1_v1.wav","edge-collected-gunshot-audio","train","","True","True","True","wav","6.088","44100","Mono","32","1411200","1048.85","2021-12-03 20:27:10"
"d8a66b56-2662-4da5-bd96-2fd21ad87412_chan5_v0.wav","/C/gun_explosion_a0a388e0","[""/C/gun_explosion_a0a388e0""]","gun_explosion","[""gun_explosion""]","/home/andres/Documentos/proyecto4geeks/data/raw/edge-collected-gunshot-audio/gunshot/d8a66b56-2662-4da5-bd96-2fd21ad87412_chan5_v0.wav","edge-collected-gunshot-audio","train","","True","True","True","wav","3.75","44100","Mono","32","1411200","646.05","2021-12-03 20:27:46"
"e509bc91-85b5-43cf-9b71-3335089bee0a_chan2_v0.wav","/C/gun_explosion_a0a388e0","[""/C/gun_explosion_a0a388e0""]","gun_explosion","[""gun_explosion""]","/home/andres/Documentos/proyecto4geeks/data/raw/edge-collected-gunshot-audio/gunshot/e509bc91-85b5-43cf-9b71-3335089bee0a_chan2_v0.wav","edge-collected-gunshot-audio","train","","True","True","True","wav","3.368","44100","Mono","32","1411200","580.31","2021-12-03 20:27:12"
"545023ab-9344-4ff1-b0a7-ef5eda73893d_chan6_v1.wav","/C/gun_explosion_a0a388e0","[""/C/gun_explosion_a0a388e0""]","gun_explosion","[""gun_explosion""]","/home/andres/Documentos/proyecto4geeks/data/raw/edge-collected-gunshot-audio/gunshot/545023ab-9344-4ff1-b0a7-ef5eda73893d_chan6_v1.wav","edge-collected-gunshot-audio","test","","True","True","True","wav","3.412","44100","Mono","32","1411200","587.88","2021-12-03 20:28:12"
"1f85c0fd-51bb-470c-9b40-0f0faa5cae1f_chan5_v0.wav","/C/gun_explosion_a0a388e0","[""/C/gun_explosion_a0a388e0""]","gun_explosion","[""gun_explosion""]","/home/andres/Documentos/proyecto4geeks/data/raw/edge-collected-gunshot-audio/gunshot/1f85c0fd-51bb-470c-9b40-0f0faa5cae1f_chan5_v0.wav","edge-collected-gunshot-audio","train","","True","True","True","wav","3.75","44100","Mono","32","1411200","646.05","2021-12-03 20:28:02"
"6320dc5c-a956-40b8-a664-45f1edcf3b3b_chan1_v1.wav","/C/gun_explosion_a0a388e0","[""/C/gun_explosion_a0a388e0""]","gun_explosion","[""gun_explosion""]","/home/andres/Documentos/proyecto4geeks/data/raw/edge-collected-gunshot-audio/gunshot/6320dc5c-a956-40b8-a664-45f1edcf3b3b_chan1_v1.wav","edge-collected-gunshot-audio","train","","True","True","True","wav","3.75","44100","Mono","32","1411200","646.05","2021-12-03 20:27:30"
"0a07b229-7d2b-4d2b-8f32-c94cbc7b1487_mean_v1.wav","/C/gun_explosion_a0a388e0","[""/C/gun_explosion_a0a388e0""]","gun_explosion","[""gun_explosion""]","/home/andres/Documentos/proyecto4geeks/data/raw/edge-collected-gunshot-audio/gunshot/0a07b229-7d2b-4d2b-8f32-c94cbc7b1487_mean_v1.wav","edge-collected-gunshot-audio","train","","True","True","True","wav","3.75","44100","Mono","32","1411200","646.05","2021-12-03 20:26:50"
"43f25ccb-4d7c-4fed-9cc5-cd2da5c2e4ce_chan0_v0.wav","/C/gun_explosion_a0a388e0","[""/C/gun_explosion_a0a388e0""]","gun_explosion","[""gun_explosion""]","/home/andres/Documentos/proyecto4geeks/data/raw/edge-collected-gunshot-audio/gunshot/43f25ccb-4d7c-4fed-9cc5-cd2da5c2e4ce_chan0_v0.wav","edge-collected-gunshot-audio","test","","True","True","True","wav","5.778","44100","Mono","32","1411200","995.34","2021-12-03 20:26:58"
"f1ad53f5-d113-4a27-9929-f5013db0bc0c_v2.wav","/C/gun_explosion_a0a388e0","[""/C/gun_explosion_a0a388e0""]","gun_explosion","[""gun_explosion""]","/home/andres/Documentos/proyecto4geeks/data/raw/edge-collected-gunshot-audio/gunshot/f1ad53f5-d113-4a27-9929-f5013db0bc0c_v2.wav","edge-collected-gunshot-audio","train","","True","True","True","wav","5.928","44100","Mono","32","1411200","1021.33","2021-12-03 20:29:26"
"c0b2e1a0-0ad1-485b-9df8-af37612ac034_chan2_v2.wav","/C/gun_explosion_a0a388e0","[""/C/gun_explosion_a0a388e0""]","gun_explosion","[""gun_explosion""]","/home/andres/Documentos/proyecto4geeks/data/raw/edge-collected-gunshot-audio/gunshot/c0b2e1a0-0ad1-485b-9df8-af37612ac034_chan2_v2.wav","edge-collected-gunshot-audio","train","","True","True","True","wav","3.75","44100","Mono","32","1411200","646.05","2021-12-03 20:27:42"
"89d8134d-3ca8-4ac9-8020-76dd9c33a2da_chan4_v0.wav","/C/gun_explosion_a0a388e0","[""/C/gun_explosion_a0a388e0""]","gun_explosion","[""gun_explosion""]","/home/andres/Documentos/proyecto4geeks/data/raw/edge-collected-gunshot-audio/gunshot/89d8134d-3ca8-4ac9-8020-76dd9c33a2da_chan4_v0.wav","edge-collected-gunshot-audio","train","","True","True","True","wav","3.75","44100","Mono","32","1411200","646.05","2021-12-03 20:28:20"
"e4f6ae86-2eda-4385-8d37-556bc806b983_v0.wav","/C/gun_explosion_a0a388e0","[""/C/gun_explosion_a0a388e0""]","gun_explosion","[""gun_explosion""]","/home/andres/Documentos/proyecto4geeks/data/raw/edge-collected-gunshot-audio/gunshot/e4f6ae86-2eda-4385-8d37-556bc806b983_v0.wav","edge-collected-gunshot-audio","train","","True","True","True","wav","3.138","44100","Mono","32","1411200","540.56","2021-12-03 20:28:38"
"8af2c7a4-73b8-4149-805d-e8632e0c9e3c_chan5_v0.wav","/C/gun_explosion_a0a388e0","[""/C/gun_explosion_a0a388e0""]","gun_explosion","[""gun_explosion""]","/home/andres/Documentos/proyecto4geeks/data/raw/edge-collected-gunshot-audio/gunshot/8af2c7a4-73b8-4149-805d-e8632e0c9e3c_chan5_v0.wav","edge-collected-gunshot-audio","train","","True","True","True","wav","2.64","44100","Mono","32","1411200","454.89","2021-12-03 20:28:22"
"889f15aa-9b06-472b-8a87-85434b13dc0f_chan1_v1.wav","/C/gun_explosion_a0a388e0","[""/C/gun_explosion_a0a388e0""]","gun_explosion","[""gun_explosion""]","/home/andres/Documentos/proyecto4geeks/data/raw/edge-collected-gunshot-audio/gunshot/889f15aa-9b06-472b-8a87-85434b13dc0f_chan1_v1.wav","edge-collected-gunshot-audio","test","","True","True","True","wav","3.75","44100","Mono","32","1411200","646.05","2021-12-03 20:29:04"
"1298fc2a-4470-4cbd-a8c7-8c6e103d7c4f_chan4_v1.wav","/C/gun_explosion_a0a388e0","[""/C/gun_explosion_a0a388e0""]","gun_explosion","[""gun_explosion""]","/home/andres/Documentos/proyecto4geeks/data/raw/edge-collected-gunshot-audio/gunshot/1298fc2a-4470-4cbd-a8c7-8c6e103d7c4f_chan4_v1.wav","edge-collected-gunshot-audio","train","","True","True","True","wav","3.393","44100","Mono","32","1411200","584.58","2021-12-03 20:28:00"
"972e5199-b99c-4f49-b006-ec7c2903f2ee_chan3_v0.wav","/C/gun_explosion_a0a388e0","[""/C/gun_explosion_a0a388e0""]","gun_explosion","[""gun_explosion""]","/home/andres/Documentos/proyecto4geeks/data/raw/edge-collected-gunshot-audio/gunshot/972e5199-b99c-4f49-b006-ec7c2903f2ee_chan3_v0.wav","edge-collected-gunshot-audio","train","","True","True","True","wav","3.75","44100","Mono","32","1411200","646.05","2021-12-03 20:29:08"
"406b0f75-2c99-4b65-9b34-ab83ecd488b3_chan0_v0.wav","/C/gun_explosion_a0a388e0","[""/C/gun_explosion_a0a388e0""]","gun_explosion","[""gun_explosion""]","/home/andres/Documentos/proyecto4geeks/data/raw/edge-collected-gunshot-audio/gunshot/406b0f75-2c99-4b65-9b34-ab83ecd488b3_chan0_v0.wav","edge-collected-gunshot-audio","train","","True","True","True","wav","2.687","44100","Mono","32","1411200","462.85","2021-12-03 20:28:06"
"5b4f210f-8dab-4ec7-9ae1-8f786c21b4a1_chan0_v0.wav","/C/gun_explosion_a0a388e0","[""/C/gun_explosion_a0a388e0""]","gun_explosion","[""gun_explosion""]","/home/andres/Documentos/proyecto4geeks/data/raw/edge-collected-gunshot-audio/gunshot/5b4f210f-8dab-4ec7-9ae1-8f786c21b4a1_chan0_v0.wav","edge-collected-gunshot-audio","train","","True","True","True","wav","5.404","44100","Mono","32","1411200","931.04","2021-12-03 20:27:30"
"f96e1f88-c321-4c29-98f4-1f61882c72e2_chan4_v0.wav","/C/gun_explosion_a0a388e0","[""/C/gun_explosion_a0a388e0""]","gun_explosion","[""gun_explosion""]","/home/andres/Documentos/proyecto4geeks/data/raw/edge-collected-gunshot-audio/gunshot/f96e1f88-c321-4c29-98f4-1f61882c72e2_chan4_v0.wav","edge-collected-gunshot-audio","train","","True","True","True","wav","8.035","44100","Mono","32","1411200","1384.2","2021-12-03 20:27:14"
"d3863171-479e-4db8-bf20-b602efb56f5b_v2.wav","/C/gun_explosion_a0a388e0","[""/C/gun_explosion_a0a388e0""]","gun_explosion","[""gun_explosion""]","/home/andres/Documentos/proyecto4geeks/data/raw/edge-collected-gunshot-audio/gunshot/d3863171-479e-4db8-bf20-b602efb56f5b_v2.wav","edge-collected-gunshot-audio","test","","True","True","True","wav","3.75","44100","Mono","32","1411200","646.05","2021-12-03 20:29:20"
"814dbe25-dbb4-4e80-b032-b6b23916a92a_chan0_v0.wav","/C/gun_explosion_a0a388e0","[""/C/gun_explosion_a0a388e0""]","gun_explosion","[""gun_explosion""]","/home/andres/Documentos/proyecto4geeks/data/raw/edge-collected-gunshot-audio/gunshot/814dbe25-dbb4-4e80-b032-b6b23916a92a_chan0_v0.wav","edge-collected-gunshot-audio","test","","True","True","True","wav","5.553","44100","Mono","32","1411200","956.65","2021-12-03 20:27:34"
"77ac463c-098c-484a-8394-66285cc161a4_chan4_v1.wav","/C/gun_explosion_a0a388e0","[""/C/gun_explosion_a0a388e0""]","gun_explosion","[""gun_explosion""]","/home/andres/Documentos/proyecto4geeks/data/raw/edge-collected-gunshot-audio/gunshot/77ac463c-098c-484a-8394-66285cc161a4_chan4_v1.wav","edge-collected-gunshot-audio","train","","True","True","True","wav","4.366","44100","Mono","32","1411200","752.14","2021-12-03 20:27:04"
"a0e31937-1988-4fdc-8d5d-95c78b942f4f_chan5_v0.wav","/C/gun_explosion_a0a388e0","[""/C/gun_explosion_a0a388e0""]","gun_explosion","[""gun_explosion""]","/home/andres/Documentos/proyecto4geeks/data/raw/edge-collected-gunshot-audio/gunshot/a0e31937-1988-4fdc-8d5d-95c78b942f4f_chan5_v0.wav","edge-collected-gunshot-audio","test","","True","True","True","wav","2.324","44100","Mono","32","1411200","400.42","2021-12-03 20:27:36"
"5f196719-60e8-4771-b3a1-62d26c577473_chan2_v0.wav","/C/gun_explosion_a0a388e0","[""/C/gun_explosion_a0a388e0""]","gun_explosion","[""gun_explosion""]","/home/andres/Documentos/proyecto4geeks/data/raw/edge-collected-gunshot-audio/gunshot/5f196719-60e8-4771-b3a1-62d26c577473_chan2_v0.wav","edge-collected-gunshot-audio","train","","True","True","True","wav","3.75","44100","Mono","32","1411200","646.05","2021-12-03 20:28:14"
"1a6c051f-185a-479c-957b-55259fcbf287_chan0_v0.wav","/C/gun_explosion_a0a388e0","[""/C/gun_explosion_a0a388e0""]","gun_explosion","[""gun_explosion""]","/home/andres/Documentos/proyecto4geeks/data/raw/edge-collected-gunshot-audio/gunshot/1a6c051f-185a-479c-957b-55259fcbf287_chan0_v0.wav","edge-collected-gunshot-audio","train","","True","True","True","wav","5.939","44100","Mono","32","1411200","1023.08","2021-12-03 20:26:52"
"2635ee28-ca23-48ab-abb1-ec263c623588_chan5_v0.wav","/C/gun_explosion_a0a388e0","[""/C/gun_explosion_a0a388e0""]","gun_explosion","[""gun_explosion""]","/home/andres/Documentos/proyecto4geeks/data/raw/edge-collected-gunshot-audio/gunshot/2635ee28-ca23-48ab-abb1-ec263c623588_chan5_v0.wav","edge-collected-gunshot-audio","train","","True","True","True","wav","4.355","44100","Mono","32","1411200","750.36","2021-12-03 20:28:48"
"063b74d6-eb05-437e-b767-14a3248cd10c_chan1_v0.wav","/C/gun_explosion_a0a388e0","[""/C/gun_explosion_a0a388e0""]","gun_explosion","[""gun_explosion""]","/home/andres/Documentos/proyecto4geeks/data/raw/edge-collected-gunshot-audio/gunshot/063b74d6-eb05-437e-b767-14a3248cd10c_chan1_v0.wav","edge-collected-gunshot-audio","test","","True","True","True","wav","2.558","44100","Mono","32","1411200","440.64","2021-12-03 20:26:48"
"a67ff046-e452-412a-ac51-159728387382_chan0_v0.wav","/C/gun_explosion_a0a388e0","[""/C/gun_explosion_a0a388e0""]","gun_explosion","[""gun_explosion""]","/home/andres/Documentos/proyecto4geeks/data/raw/edge-collected-gunshot-audio/gunshot/a67ff046-e452-412a-ac51-159728387382_chan0_v0.wav","edge-collected-gunshot-audio","train","","True","True","True","wav","3.75","44100","Mono","32","1411200","646.05","2021-12-03 20:27:06"
"77ac463c-098c-484a-8394-66285cc161a4_chan3_v1.wav","/C/gun_explosion_a0a388e0","[""/C/gun_explosion_a0a388e0""]","gun_explosion","[""gun_explosion""]","/home/andres/Documentos/proyecto4geeks/data/raw/edge-collected-gunshot-audio/gunshot/77ac463c-098c-484a-8394-66285cc161a4_chan3_v1.wav","edge-collected-gunshot-audio","train","","True","True","True","wav","4.366","44100","Mono","32","1411200","752.14","2021-12-03 20:27:04"
"fc8aad5b-6062-4512-8364-5ab905b2faea_v3.wav","/C/gun_explosion_a0a388e0","[""/C/gun_explosion_a0a388e0""]","gun_explosion","[""gun_explosion""]","/home/andres/Documentos/proyecto4geeks/data/raw/edge-collected-gunshot-audio/gunshot/fc8aad5b-6062-4512-8364-5ab905b2faea_v3.wav","edge-collected-gunshot-audio","train","","True","True","True","wav","3.75","44100","Mono","32","1411200","646.05","2021-12-03 20:27:50"
"022dd50f-a4ee-4b33-b267-8df6e4e40f20_v3.wav","/C/gun_explosion_a0a388e0","[""/C/gun_explosion_a0a388e0""]","gun_explosion","[""gun_explosion""]","/home/andres/Documentos/proyecto4geeks/data/raw/edge-collected-gunshot-audio/gunshot/022dd50f-a4ee-4b33-b267-8df6e4e40f20_v3.wav","edge-collected-gunshot-audio","train","","True","True","True","wav","2.0","44100","Mono","32","1411200","344.59","2021-12-03 20:27:54"
"d312ea2f-8542-4ac2-8bd8-1e8b3433c4c3_chan2_v0.wav","/C/gun_explosion_a0a388e0","[""/C/gun_explosion_a0a388e0""]","gun_explosion","[""gun_explosion""]","/home/andres/Documentos/proyecto4geeks/data/raw/edge-collected-gunshot-audio/gunshot/d312ea2f-8542-4ac2-8bd8-1e8b3433c4c3_chan2_v0.wav","edge-collected-gunshot-audio","test","","True","True","True","wav","2.675","44100","Mono","32","1411200","460.79","2021-12-03 20:27:12"
"a39107e3-e899-458f-bc52-1340d67fbbb4_chan1_v0.wav","/C/gun_explosion_a0a388e0","[""/C/gun_explosion_a0a388e0""]","gun_explosion","[""gun_explosion""]","/home/andres/Documentos/proyecto4geeks/data/raw/edge-collected-gunshot-audio/gunshot/a39107e3-e899-458f-bc52-1340d67fbbb4_chan1_v0.wav","edge-collected-gunshot-audio","train","","True","True","True","wav","3.675","44100","Mono","32","1411200","633.13","2021-12-03 20:29:10"
"22ed4ab2-febd-4d74-9777-ea4f8c6469ae_mean_v0.wav","/C/gun_explosion_a0a388e0","[""/C/gun_explosion_a0a388e0""]","gun_explosion","[""gun_explosion""]","/home/andres/Documentos/proyecto4geeks/data/raw/edge-collected-gunshot-audio/gunshot/22ed4ab2-febd-4d74-9777-ea4f8c6469ae_mean_v0.wav","edge-collected-gunshot-audio","train","","True","True","True","wav","3.75","44100","Mono","32","1411200","646.05","2021-12-03 20:28:04"
"b3247aa6-f1e5-4a0d-8330-21e3ff183567_chan6_v0.wav","/C/gun_explosion_a0a388e0","[""/C/gun_explosion_a0a388e0""]","gun_explosion","[""gun_explosion""]","/home/andres/Documentos/proyecto4geeks/data/raw/edge-collected-gunshot-audio/gunshot/b3247aa6-f1e5-4a0d-8330-21e3ff183567_chan6_v0.wav","edge-collected-gunshot-audio","test","","True","True","True","wav","2.626","44100","Mono","32","1411200","452.35","2021-12-03 20:27:08"
"5c46db15-509e-43fe-8fde-038b055eb91c_chan5_v0.wav","/C/gun_explosion_a0a388e0","[""/C/gun_explosion_a0a388e0""]","gun_explosion","[""gun_explosion""]","/home/andres/Documentos/proyecto4geeks/data/raw/edge-collected-gunshot-audio/gunshot/5c46db15-509e-43fe-8fde-038b055eb91c_chan5_v0.wav","edge-collected-gunshot-audio","train","","True","True","True","wav","3.75","44100","Mono","32","1411200","646.05","2021-12-03 20:27:00"
"e2f3a120-6fcd-4760-917d-bb03ebff63d8_mean_v4.wav","/C/gun_explosion_a0a388e0","[""/C/gun_explosion_a0a388e0""]","gun_explosion","[""gun_explosion""]","/home/andres/Documentos/proyecto4geeks/data/raw/edge-collected-gunshot-audio/gunshot/e2f3a120-6fcd-4760-917d-bb03ebff63d8_mean_v4.wav","edge-collected-gunshot-audio","train","","True","True","True","wav","3.75","44100","Mono","32","1411200","646.05","2021-12-03 20:27:48"
"54b9c8d4-2a8d-4140-8bd8-3946b7284acb_chan4_v0.wav","/C/gun_explosion_a0a388e0","[""/C/gun_explosion_a0a388e0""]","gun_explosion","[""gun_explosion""]","/home/andres/Documentos/proyecto4geeks/data/raw/edge-collected-gunshot-audio/gunshot/54b9c8d4-2a8d-4140-8bd8-3946b7284acb_chan4_v0.wav","edge-collected-gunshot-audio","train","","True","True","True","wav","3.75","44100","Mono","32","1411200","646.05","2021-12-03 20:28:56"
"9702cac6-fa8d-423e-8c55-c3a2cba43a80_chan2_v0.wav","/C/gun_explosion_a0a388e0","[""/C/gun_explosion_a0a388e0""]","gun_explosion","[""gun_explosion""]","/home/andres/Documentos/proyecto4geeks/data/raw/edge-collected-gunshot-audio/gunshot/9702cac6-fa8d-423e-8c55-c3a2cba43a80_chan2_v0.wav","edge-collected-gunshot-audio","train","","True","True","True","wav","5.02","44100","Mono","32","1411200","864.9","2021-12-03 20:29:06"
"2e743d86-86f3-4ee6-8e8d-20618a383433_chan6_v0.wav","/C/gun_explosion_a0a388e0","[""/C/gun_explosion_a0a388e0""]","gun_explosion","[""gun_explosion""]","/home/andres/Documentos/proyecto4geeks/data/raw/edge-collected-gunshot-audio/gunshot/2e743d86-86f3-4ee6-8e8d-20618a383433_chan6_v0.wav","edge-collected-gunshot-audio","train","","True","True","True","wav","11.75","44100","Mono","32","1411200","2024.17","2021-12-03 20:28:04"
"e73d935b-ddfa-4139-91d6-9d2f68994770_chan3_v0.wav","/C/gun_explosion_a0a388e0","[""/C/gun_explosion_a0a388e0""]","gun_explosion","[""gun_explosion""]","/home/andres/Documentos/proyecto4geeks/data/raw/edge-collected-gunshot-audio/gunshot/e73d935b-ddfa-4139-91d6-9d2f68994770_chan3_v0.wav","edge-collected-gunshot-audio","train","","True","True","True","wav","3.75","44100","Mono","32","1411200","646.05","2021-12-03 20:27:50"
"680e2a10-090d-464c-bce7-b352024cc788_v0.wav","/C/gun_explosion_a0a388e0","[""/C/gun_explosion_a0a388e0""]","gun_explosion","[""gun_explosion""]","/home/andres/Documentos/proyecto4geeks/data/raw/edge-collected-gunshot-audio/gunshot/680e2a10-090d-464c-bce7-b352024cc788_v0.wav","edge-collected-gunshot-audio","train","","True","True","True","wav","3.75","44100","Mono","32","1411200","646.05","2021-12-03 20:27:32"
"a494f4fa-d5fc-4b52-8e25-6804bc695ec1_chan1_v0.wav","/C/gun_explosion_a0a388e0","[""/C/gun_explosion_a0a388e0""]","gun_explosion","[""gun_explosion""]","/home/andres/Documentos/proyecto4geeks/data/raw/edge-collected-gunshot-audio/gunshot/a494f4fa-d5fc-4b52-8e25-6804bc695ec1_chan1_v0.wav","edge-collected-gunshot-audio","train","","True","True","True","wav","3.75","44100","Mono","32","1411200","646.05","2021-12-03 20:29:10"
"2953714a-9fed-4926-943f-466071b77cf4_chan3_v0.wav","/C/gun_explosion_a0a388e0","[""/C/gun_explosion_a0a388e0""]","gun_explosion","[""gun_explosion""]","/home/andres/Documentos/proyecto4geeks/data/raw/edge-collected-gunshot-audio/gunshot/2953714a-9fed-4926-943f-466071b77cf4_chan3_v0.wav","edge-collected-gunshot-audio","test","","True","True","True","wav","5.765","44100","Mono","32","1411200","993.19","2021-12-03 20:27:24"
"85c26437-2241-4b50-ae63-31f799d0e117_v2.wav","/C/gun_explosion_a0a388e0","[""/C/gun_explosion_a0a388e0""]","gun_explosion","[""gun_explosion""]","/home/andres/Documentos/proyecto4geeks/data/raw/edge-collected-gunshot-audio/gunshot/85c26437-2241-4b50-ae63-31f799d0e117_v2.wav","edge-collected-gunshot-audio","train","","True","True","True","wav","6.296","44100","Mono","32","1411200","1084.68","2021-12-03 20:27:04"
"1f85c0fd-51bb-470c-9b40-0f0faa5cae1f_mean_v0.wav","/C/gun_explosion_a0a388e0","[""/C/gun_explosion_a0a388e0""]","gun_explosion","[""gun_explosion""]","/home/andres/Documentos/proyecto4geeks/data/raw/edge-collected-gunshot-audio/gunshot/1f85c0fd-51bb-470c-9b40-0f0faa5cae1f_mean_v0.wav","edge-collected-gunshot-audio","train","","True","True","True","wav","3.75","44100","Mono","32","1411200","646.05","2021-12-03 20:28:02"
"13bfab79-9198-4558-a1bf-4f8aedd4d6f9_chan2_v0.wav","/C/gun_explosion_a0a388e0","[""/C/gun_explosion_a0a388e0""]","gun_explosion","[""gun_explosion""]","/home/andres/Documentos/proyecto4geeks/data/raw/edge-collected-gunshot-audio/gunshot/13bfab79-9198-4558-a1bf-4f8aedd4d6f9_chan2_v0.wav","edge-collected-gunshot-audio","train","","True","True","True","wav","3.75","44100","Mono","32","1411200","646.05","2021-12-03 20:28:00"
"a494f4fa-d5fc-4b52-8e25-6804bc695ec1_chan0_v1.wav","/C/gun_explosion_a0a388e0","[""/C/gun_explosion_a0a388e0""]","gun_explosion","[""gun_explosion""]","/home/andres/Documentos/proyecto4geeks/data/raw/edge-collected-gunshot-audio/gunshot/a494f4fa-d5fc-4b52-8e25-6804bc695ec1_chan0_v1.wav","edge-collected-gunshot-audio","train","","True","True","True","wav","9.291","44100","Mono","32","1411200","1600.54","2021-12-03 20:29:10"
"cc970b84-98ce-444f-b086-ab8a89289268_v0.wav","/C/gun_explosion_a0a388e0","[""/C/gun_explosion_a0a388e0""]","gun_explosion","[""gun_explosion""]","/home/andres/Documentos/proyecto4geeks/data/raw/edge-collected-gunshot-audio/gunshot/cc970b84-98ce-444f-b086-ab8a89289268_v0.wav","edge-collected-gunshot-audio","train","","True","True","True","wav","6.966","44100","Mono","32","1411200","1200.05","2021-12-03 20:29:20"
"1266f563-7458-4d7b-81bd-8cb56eff1abb_v4.wav","/C/gun_explosion_a0a388e0","[""/C/gun_explosion_a0a388e0""]","gun_explosion","[""gun_explosion""]","/home/andres/Documentos/proyecto4geeks/data/raw/edge-collected-gunshot-audio/gunshot/1266f563-7458-4d7b-81bd-8cb56eff1abb_v4.wav","edge-collected-gunshot-audio","train","","True","True","True","wav","3.75","44100","Mono","32","1411200","646.05","2021-12-03 20:27:20"
"9a7f2d4b-5bf1-46f4-bcbc-56b1c8c067c1_mean_v0.wav","/C/gun_explosion_a0a388e0","[""/C/gun_explosion_a0a388e0""]","gun_explosion","[""gun_explosion""]","/home/andres/Documentos/proyecto4geeks/data/raw/edge-collected-gunshot-audio/gunshot/9a7f2d4b-5bf1-46f4-bcbc-56b1c8c067c1_mean_v0.wav","edge-collected-gunshot-audio","train","","True","True","True","wav","2.158","44100","Mono","32","1411200","371.85","2021-12-03 20:29:10"
"1475f234-1ab9-4202-82f4-96d5ecb9f064_chan0_v0.wav","/C/gun_explosion_a0a388e0","[""/C/gun_explosion_a0a388e0""]","gun_explosion","[""gun_explosion""]","/home/andres/Documentos/proyecto4geeks/data/raw/edge-collected-gunshot-audio/gunshot/1475f234-1ab9-4202-82f4-96d5ecb9f064_chan0_v0.wav","edge-collected-gunshot-audio","train","","True","True","True","wav","3.75","44100","Mono","32","1411200","646.05","2021-12-03 20:26:52"
"bc7f1a71-4837-42a6-8bb2-3e11ff81ecb8_v0.wav","/C/gun_explosion_a0a388e0","[""/C/gun_explosion_a0a388e0""]","gun_explosion","[""gun_explosion""]","/home/andres/Documentos/proyecto4geeks/data/raw/edge-collected-gunshot-audio/gunshot/bc7f1a71-4837-42a6-8bb2-3e11ff81ecb8_v0.wav","edge-collected-gunshot-audio","train","","True","True","True","wav","3.75","44100","Mono","32","1411200","646.05","2021-12-03 20:27:08"
"0495b86d-2f39-4912-916b-0cfbc160cf3d_chan4_v0.wav","/C/gun_explosion_a0a388e0","[""/C/gun_explosion_a0a388e0""]","gun_explosion","[""gun_explosion""]","/home/andres/Documentos/proyecto4geeks/data/raw/edge-collected-gunshot-audio/gunshot/0495b86d-2f39-4912-916b-0cfbc160cf3d_chan4_v0.wav","edge-collected-gunshot-audio","train","","True","True","True","wav","5.009","44100","Mono","32","1411200","862.87","2021-12-03 20:28:42"
"affc7396-c98b-45d9-99e3-791fb00b3efe_chan0_v0.wav","/C/gun_explosion_a0a388e0","[""/C/gun_explosion_a0a388e0""]","gun_explosion","[""gun_explosion""]","/home/andres/Documentos/proyecto4geeks/data/raw/edge-collected-gunshot-audio/gunshot/affc7396-c98b-45d9-99e3-791fb00b3efe_chan0_v0.wav","edge-collected-gunshot-audio","train","","True","True","True","wav","3.835","44100","Mono","32","1411200","660.76","2021-12-03 20:29:14"
"9fdf59e0-107c-4ab8-8e5f-828c90bd17a2_v1.wav","/C/gun_explosion_a0a388e0","[""/C/gun_explosion_a0a388e0""]","gun_explosion","[""gun_explosion""]","/home/andres/Documentos/proyecto4geeks/data/raw/edge-collected-gunshot-audio/gunshot/9fdf59e0-107c-4ab8-8e5f-828c90bd17a2_v1.wav","edge-collected-gunshot-audio","train","","True","True","True","wav","3.75","44100","Mono","32","1411200","646.05","2021-12-03 20:27:36"
"311641e1-8a87-4a2b-a12d-5d451505741c_v0.wav","/C/gun_explosion_a0a388e0","[""/C/gun_explosion_a0a388e0""]","gun_explosion","[""gun_explosion""]","/home/andres/Documentos/proyecto4geeks/data/raw/edge-collected-gunshot-audio/gunshot/311641e1-8a87-4a2b-a12d-5d451505741c_v0.wav","edge-collected-gunshot-audio","train","","True","True","True","wav","3.879","44100","Mono","32","1411200","668.29","2021-12-03 20:28:04"
"090f69a9-885c-45fb-a807-f2661aaeb165_chan3_v1.wav","/C/gun_explosion_a0a388e0","[""/C/gun_explosion_a0a388e0""]","gun_explosion","[""gun_explosion""]","/home/andres/Documentos/proyecto4geeks/data/raw/edge-collected-gunshot-audio/gunshot/090f69a9-885c-45fb-a807-f2661aaeb165_chan3_v1.wav","edge-collected-gunshot-audio","test","","True","True","True","wav","5.922","44100","Mono","32","1411200","1020.13","2021-12-03 20:27:18"
"83f9faea-4b8b-4b8f-be70-99eedb0f3ac9_chan3_v0.wav","/C/gun_explosion_a0a388e0","[""/C/gun_explosion_a0a388e0""]","gun_explosion","[""gun_explosion""]","/home/andres/Documentos/proyecto4geeks/data/raw/edge-collected-gunshot-audio/gunshot/83f9faea-4b8b-4b8f-be70-99eedb0f3ac9_chan3_v0.wav","edge-collected-gunshot-audio","train","","True","True","True","wav","3.594","44100","Mono","32","1411200","619.17","2021-12-03 20:28:20"
"d8a66b56-2662-4da5-bd96-2fd21ad87412_chan4_v0.wav","/C/gun_explosion_a0a388e0","[""/C/gun_explosion_a0a388e0""]","gun_explosion","[""gun_explosion""]","/home/andres/Documentos/proyecto4geeks/data/raw/edge-collected-gunshot-audio/gunshot/d8a66b56-2662-4da5-bd96-2fd21ad87412_chan4_v0.wav","edge-collected-gunshot-audio","train","","True","True","True","wav","3.75","44100","Mono","32","1411200","646.05","2021-12-03 20:27:46"
"5b8f44e7-f96c-4d55-b993-7960e747a9a5_v0.wav","/C/gun_explosion_a0a388e0","[""/C/gun_explosion_a0a388e0""]","gun_explosion","[""gun_explosion""]","/home/andres/Documentos/proyecto4geeks/data/raw/edge-collected-gunshot-audio/gunshot/5b8f44e7-f96c-4d55-b993-7960e747a9a5_v0.wav","edge-collected-gunshot-audio","train","","True","True","True","wav","4.413","44100","Mono","32","1411200","760.27","2021-12-03 20:28:56"
"ff842455-42f4-4c3a-8ab0-0ee2085d1c32_mean_v0.wav","/C/gun_explosion_a0a388e0","[""/C/gun_explosion_a0a388e0""]","gun_explosion","[""gun_explosion""]","/home/andres/Documentos/proyecto4geeks/data/raw/edge-collected-gunshot-audio/gunshot/ff842455-42f4-4c3a-8ab0-0ee2085d1c32_mean_v0.wav","edge-collected-gunshot-audio","train","","True","True","True","wav","6.529","44100","Mono","32","1411200","1124.81","2021-12-03 20:29:28"
"519d8ad8-2ccf-4ad9-a0ba-689ee0052fae_chan2_v0.wav","/C/gun_explosion_a0a388e0","[""/C/gun_explosion_a0a388e0""]","gun_explosion","[""gun_explosion""]","/home/andres/Documentos/proyecto4geeks/data/raw/edge-collected-gunshot-audio/gunshot/519d8ad8-2ccf-4ad9-a0ba-689ee0052fae_chan2_v0.wav","edge-collected-gunshot-audio","train","","True","True","True","wav","5.18","44100","Mono","32","1411200","892.32","2021-12-03 20:27:28"
"3bfce3a1-3fab-46fe-8fff-ca561406e625_chan0_v0.wav","/C/gun_explosion_a0a388e0","[""/C/gun_explosion_a0a388e0""]","gun_explosion","[""gun_explosion""]","/home/andres/Documentos/proyecto4geeks/data/raw/edge-collected-gunshot-audio/gunshot/3bfce3a1-3fab-46fe-8fff-ca561406e625_chan0_v0.wav","edge-collected-gunshot-audio","test","","True","True","True","wav","3.75","44100","Mono","32","1411200","646.05","2021-12-03 20:28:06"
"090f69a9-885c-45fb-a807-f2661aaeb165_chan4_v1.wav","/C/gun_explosion_a0a388e0","[""/C/gun_explosion_a0a388e0""]","gun_explosion","[""gun_explosion""]","/home/andres/Documentos/proyecto4geeks/data/raw/edge-collected-gunshot-audio/gunshot/090f69a9-885c-45fb-a807-f2661aaeb165_chan4_v1.wav","edge-collected-gunshot-audio","train","","True","True","True","wav","5.922","44100","Mono","32","1411200","1020.13","2021-12-03 20:27:18"
"f415563d-f35f-45e6-a7cf-cc6308490880_v0.wav","/C/gun_explosion_a0a388e0","[""/C/gun_explosion_a0a388e0""]","gun_explosion","[""gun_explosion""]","/home/andres/Documentos/proyecto4geeks/data/raw/edge-collected-gunshot-audio/gunshot/f415563d-f35f-45e6-a7cf-cc6308490880_v0.wav","edge-collected-gunshot-audio","test","","True","True","True","wav","3.192","44100","Mono","32","1411200","550.01","2021-12-03 20:28:40"
"59870dda-c047-4ab0-9016-7a4ffd65f504_chan4_v0.wav","/C/gun_explosion_a0a388e0","[""/C/gun_explosion_a0a388e0""]","gun_explosion","[""gun_explosion""]","/home/andres/Documentos/proyecto4geeks/data/raw/edge-collected-gunshot-audio/gunshot/59870dda-c047-4ab0-9016-7a4ffd65f504_chan4_v0.wav","edge-collected-gunshot-audio","train","","True","True","True","wav","3.282","44100","Mono","32","1411200","565.49","2021-12-03 20:28:56"
"4dde8c51-f8a3-45ce-9822-819d696ae966_chan5_v0.wav","/C/gun_explosion_a0a388e0","[""/C/gun_explosion_a0a388e0""]","gun_explosion","[""gun_explosion""]","/home/andres/Documentos/proyecto4geeks/data/raw/edge-collected-gunshot-audio/gunshot/4dde8c51-f8a3-45ce-9822-819d696ae966_chan5_v0.wav","edge-collected-gunshot-audio","train","","True","True","True","wav","2.943","44100","Mono","32","1411200","507.03","2021-12-03 20:28:10"
"e782f1a4-8cbd-4335-a97e-d90e744de9f7_chan3_v0.wav","/C/gun_explosion_a0a388e0","[""/C/gun_explosion_a0a388e0""]","gun_explosion","[""gun_explosion""]","/home/andres/Documentos/proyecto4geeks/data/raw/edge-collected-gunshot-audio/gunshot/e782f1a4-8cbd-4335-a97e-d90e744de9f7_chan3_v0.wav","edge-collected-gunshot-audio","train","","True","True","True","wav","4.937","44100","Mono","32","1411200","850.47","2021-12-03 20:29:26"
"d31ded50-a23a-4ca0-b528-3fed60c7a647_chan6_v0.wav","/C/gun_explosion_a0a388e0","[""/C/gun_explosion_a0a388e0""]","gun_explosion","[""gun_explosion""]","/home/andres/Documentos/proyecto4geeks/data/raw/edge-collected-gunshot-audio/gunshot/d31ded50-a23a-4ca0-b528-3fed60c7a647_chan6_v0.wav","edge-collected-gunshot-audio","train","","True","True","True","wav","3.742","44100","Mono","32","1411200","644.62","2021-12-03 20:28:34"
"3c614c69-5845-4058-8120-5e4de147030a_v5.wav","/C/gun_explosion_a0a388e0","[""/C/gun_explosion_a0a388e0""]","gun_explosion","[""gun_explosion""]","/home/andres/Documentos/proyecto4geeks/data/raw/edge-collected-gunshot-audio/gunshot/3c614c69-5845-4058-8120-5e4de147030a_v5.wav","edge-collected-gunshot-audio","train","","True","True","True","wav","3.75","44100","Mono","32","1411200","646.05","2021-12-03 20:28:52"
"738f379b-fe71-4aea-a680-1f95dff38ef1_chan3_v0.wav","/C/gun_explosion_a0a388e0","[""/C/gun_explosion_a0a388e0""]","gun_explosion","[""gun_explosion""]","/home/andres/Documentos/proyecto4geeks/data/raw/edge-collected-gunshot-audio/gunshot/738f379b-fe71-4aea-a680-1f95dff38ef1_chan3_v0.wav","edge-collected-gunshot-audio","train","","True","True","True","wav","3.822","44100","Mono","32","1411200","658.49","2021-12-03 20:28:18"
"6320dc5c-a956-40b8-a664-45f1edcf3b3b_chan0_v2.wav","/C/gun_explosion_a0a388e0","[""/C/gun_explosion_a0a388e0""]","gun_explosion","[""gun_explosion""]","/home/andres/Documentos/proyecto4geeks/data/raw/edge-collected-gunshot-audio/gunshot/6320dc5c-a956-40b8-a664-45f1edcf3b3b_chan0_v2.wav","edge-collected-gunshot-audio","train","","True","True","True","wav","4.569","44100","Mono","32","1411200","787.12","2021-12-03 20:27:30"
"e73d935b-ddfa-4139-91d6-9d2f68994770_chan2_v0.wav","/C/gun_explosion_a0a388e0","[""/C/gun_explosion_a0a388e0""]","gun_explosion","[""gun_explosion""]","/home/andres/Documentos/proyecto4geeks/data/raw/edge-collected-gunshot-audio/gunshot/e73d935b-ddfa-4139-91d6-9d2f68994770_chan2_v0.wav","edge-collected-gunshot-audio","train","","True","True","True","wav","3.75","44100","Mono","32","1411200","646.05","2021-12-03 20:27:50"
"876ef573-d86e-4d46-a003-8466f4d03d7f_chan1_v0.wav","/C/gun_explosion_a0a388e0","[""/C/gun_explosion_a0a388e0""]","gun_explosion","[""gun_explosion""]","/home/andres/Documentos/proyecto4geeks/data/raw/edge-collected-gunshot-audio/gunshot/876ef573-d86e-4d46-a003-8466f4d03d7f_chan1_v0.wav","edge-collected-gunshot-audio","train","","True","True","True","wav","4.558","44100","Mono","32","1411200","785.23","2021-12-03 20:29:04"
"0495b86d-2f39-4912-916b-0cfbc160cf3d_chan3_v0.wav","/C/gun_explosion_a0a388e0","[""/C/gun_explosion_a0a388e0""]","gun_explosion","[""gun_explosion""]","/home/andres/Documentos/proyecto4geeks/data/raw/edge-collected-gunshot-audio/gunshot/0495b86d-2f39-4912-916b-0cfbc160cf3d_chan3_v0.wav","edge-collected-gunshot-audio","train","","True","True","True","wav","5.009","44100","Mono","32","1411200","862.87","2021-12-03 20:28:42"
"b6bf5729-5fdb-432d-94d2-2b6c11d4c010_v0.wav","/C/gun_explosion_a0a388e0","[""/C/gun_explosion_a0a388e0""]","gun_explosion","[""gun_explosion""]","/home/andres/Documentos/proyecto4geeks/data/raw/edge-collected-gunshot-audio/gunshot/b6bf5729-5fdb-432d-94d2-2b6c11d4c010_v0.wav","edge-collected-gunshot-audio","train","","True","True","True","wav","3.75","44100","Mono","32","1411200","646.05","2021-12-03 20:27:38"
"eafb4d3c-bf69-49de-92fb-436003c27742_chan4_v0.wav","/C/gun_explosion_a0a388e0","[""/C/gun_explosion_a0a388e0""]","gun_explosion","[""gun_explosion""]","/home/andres/Documentos/proyecto4geeks/data/raw/edge-collected-gunshot-audio/gunshot/eafb4d3c-bf69-49de-92fb-436003c27742_chan4_v0.wav","edge-collected-gunshot-audio","train","","True","True","True","wav","3.75","44100","Mono","32","1411200","646.05","2021-12-03 20:28:38"
"c2af92cf-45d1-4d03-8db4-129e0d28015e_chan3_v0.wav","/C/gun_explosion_a0a388e0","[""/C/gun_explosion_a0a388e0""]","gun_explosion","[""gun_explosion""]","/home/andres/Documentos/proyecto4geeks/data/raw/edge-collected-gunshot-audio/gunshot/c2af92cf-45d1-4d03-8db4-129e0d28015e_chan3_v0.wav","edge-collected-gunshot-audio","train","","True","True","True","wav","5.18","44100","Mono","32","1411200","892.35","2021-12-03 20:27:42"
"c3bd5baf-fac3-48f7-b4b8-feb901710807_v1.wav","/C/gun_explosion_a0a388e0","[""/C/gun_explosion_a0a388e0""]","gun_explosion","[""gun_explosion""]","/home/andres/Documentos/proyecto4geeks/data/raw/edge-collected-gunshot-audio/gunshot/c3bd5baf-fac3-48f7-b4b8-feb901710807_v1.wav","edge-collected-gunshot-audio","train","","True","True","True","wav","5.263","44100","Mono","32","1411200","906.64","2021-12-03 20:27:44"
"5ec1b4c4-e9bb-4e83-a69f-c71e322cd656_chan0_v0.wav","/C/gun_explosion_a0a388e0","[""/C/gun_explosion_a0a388e0""]","gun_explosion","[""gun_explosion""]","/home/andres/Documentos/proyecto4geeks/data/raw/edge-collected-gunshot-audio/gunshot/5ec1b4c4-e9bb-4e83-a69f-c71e322cd656_chan0_v0.wav","edge-collected-gunshot-audio","test","","True","True","True","wav","11.225","44100","Mono","32","1411200","1933.81","2021-12-03 20:28:14"
"f1ea3a1c-030f-4275-b3b4-28bb0cd694b2_chan5_v0.wav","/C/gun_explosion_a0a388e0","[""/C/gun_explosion_a0a388e0""]","gun_explosion","[""gun_explosion""]","/home/andres/Documentos/proyecto4geeks/data/raw/edge-collected-gunshot-audio/gunshot/f1ea3a1c-030f-4275-b3b4-28bb0cd694b2_chan5_v0.wav","edge-collected-gunshot-audio","train","","True","True","True","wav","5.743","44100","Mono","32","1411200","989.38","2021-12-03 20:29:28"
"219dffda-efcf-4046-b07a-27b55829b8b1_chan1_v0.wav","/C/gun_explosion_a0a388e0","[""/C/gun_explosion_a0a388e0""]","gun_explosion","[""gun_explosion""]","/home/andres/Documentos/proyecto4geeks/data/raw/edge-collected-gunshot-audio/gunshot/219dffda-efcf-4046-b07a-27b55829b8b1_chan1_v0.wav","edge-collected-gunshot-audio","test","","True","True","True","wav","3.75","44100","Mono","32","1411200","646.05","2021-12-03 20:28:02"
"814dbe25-dbb4-4e80-b032-b6b23916a92a_chan5_v0.wav","/C/gun_explosion_a0a388e0","[""/C/gun_explosion_a0a388e0""]","gun_explosion","[""gun_explosion""]","/home/andres/Documentos/proyecto4geeks/data/raw/edge-collected-gunshot-audio/gunshot/814dbe25-dbb4-4e80-b032-b6b23916a92a_chan5_v0.wav","edge-collected-gunshot-audio","train","","True","True","True","wav","5.553","44100","Mono","32","1411200","956.64","2021-12-03 20:27:34"
"adca0472-ee71-44c9-a22d-ee86d7bb85a6_chan3_v0.wav","/C/gun_explosion_a0a388e0","[""/C/gun_explosion_a0a388e0""]","gun_explosion","[""gun_explosion""]","/home/andres/Documentos/proyecto4geeks/data/raw/edge-collected-gunshot-audio/gunshot/adca0472-ee71-44c9-a22d-ee86d7bb85a6_chan3_v0.wav","edge-collected-gunshot-audio","test","","True","True","True","wav","4.604","44100","Mono","32","1411200","793.08","2021-12-03 20:27:38"
"b0a13fed-0f85-467f-9355-4b6b5f88969c_chan4_v0.wav","/C/gun_explosion_a0a388e0","[""/C/gun_explosion_a0a388e0""]","gun_explosion","[""gun_explosion""]","/home/andres/Documentos/proyecto4geeks/data/raw/edge-collected-gunshot-audio/gunshot/b0a13fed-0f85-467f-9355-4b6b5f88969c_chan4_v0.wav","edge-collected-gunshot-audio","train","","True","True","True","wav","3.75","44100","Mono","32","1411200","646.05","2021-12-03 20:28:28"
"379848cc-a90b-41dd-8eff-d5312678a40a_v1.wav","/C/gun_explosion_a0a388e0","[""/C/gun_explosion_a0a388e0""]","gun_explosion","[""gun_explosion""]","/home/andres/Documentos/proyecto4geeks/data/raw/edge-collected-gunshot-audio/gunshot/379848cc-a90b-41dd-8eff-d5312678a40a_v1.wav","edge-collected-gunshot-audio","train","","True","True","True","wav","5.832","44100","Mono","32","1411200","1004.71","2021-12-03 20:28:50"
"5bc4497c-5bcd-4114-9879-e16d05b30027_chan3_v0.wav","/C/gun_explosion_a0a388e0","[""/C/gun_explosion_a0a388e0""]","gun_explosion","[""gun_explosion""]","/home/andres/Documentos/proyecto4geeks/data/raw/edge-collected-gunshot-audio/gunshot/5bc4497c-5bcd-4114-9879-e16d05b30027_chan3_v0.wav","edge-collected-gunshot-audio","train","","True","True","True","wav","3.922","44100","Mono","32","1411200","675.62","2021-12-03 20:28:12"
"d36f8f26-ce50-4bd3-8898-26da17995f46_chan0_v0.wav","/C/gun_explosion_a0a388e0","[""/C/gun_explosion_a0a388e0""]","gun_explosion","[""gun_explosion""]","/home/andres/Documentos/proyecto4geeks/data/raw/edge-collected-gunshot-audio/gunshot/d36f8f26-ce50-4bd3-8898-26da17995f46_chan0_v0.wav","edge-collected-gunshot-audio","train","","True","True","True","wav","5.842","44100","Mono","32","1411200","1006.44","2021-12-03 20:29:20"
"0495b86d-2f39-4912-916b-0cfbc160cf3d_chan2_v1.wav","/C/gun_explosion_a0a388e0","[""/C/gun_explosion_a0a388e0""]","gun_explosion","[""gun_explosion""]","/home/andres/Documentos/proyecto4geeks/data/raw/edge-collected-gunshot-audio/gunshot/0495b86d-2f39-4912-916b-0cfbc160cf3d_chan2_v1.wav","edge-collected-gunshot-audio","test","","True","True","True","wav","3.75","44100","Mono","32","1411200","646.05","2021-12-03 20:28:42"
"6320dc5c-a956-40b8-a664-45f1edcf3b3b_chan2_v0.wav","/C/gun_explosion_a0a388e0","[""/C/gun_explosion_a0a388e0""]","gun_explosion","[""gun_explosion""]","/home/andres/Documentos/proyecto4geeks/data/raw/edge-collected-gunshot-audio/gunshot/6320dc5c-a956-40b8-a664-45f1edcf3b3b_chan2_v0.wav","edge-collected-gunshot-audio","train","","True","True","True","wav","3.75","44100","Mono","32","1411200","646.05","2021-12-03 20:27:30"
"19062f3c-9b24-43eb-aa91-797a1babffc3_chan3_v0.wav","/C/gun_explosion_a0a388e0","[""/C/gun_explosion_a0a388e0""]","gun_explosion","[""gun_explosion""]","/home/andres/Documentos/proyecto4geeks/data/raw/edge-collected-gunshot-audio/gunshot/19062f3c-9b24-43eb-aa91-797a1babffc3_chan3_v0.wav","edge-collected-gunshot-audio","train","","True","True","True","wav","4.708","44100","Mono","32","1411200","811.01","2021-12-03 20:27:22"
"06f8ef4c-86b4-408a-8909-3badadf8ca20_chan2_v0.wav","/C/gun_explosion_a0a388e0","[""/C/gun_explosion_a0a388e0""]","gun_explosion","[""gun_explosion""]","/home/andres/Documentos/proyecto4geeks/data/raw/edge-collected-gunshot-audio/gunshot/06f8ef4c-86b4-408a-8909-3badadf8ca20_chan2_v0.wav","edge-collected-gunshot-audio","train","","True","True","True","wav","3.124","44100","Mono","32","1411200","538.17","2021-12-03 20:27:54"
"11c0a574-3eb7-4b15-aeea-5dc805905a03_v1.wav","/C/gun_explosion_a0a388e0","[""/C/gun_explosion_a0a388e0""]","gun_explosion","[""gun_explosion""]","/home/andres/Documentos/proyecto4geeks/data/raw/edge-collected-gunshot-audio/gunshot/11c0a574-3eb7-4b15-aeea-5dc805905a03_v1.wav","edge-collected-gunshot-audio","train","","True","True","True","wav","12.693","44100","Mono","32","1411200","2186.6","2021-12-03 20:28:42"
"59870dda-c047-4ab0-9016-7a4ffd65f504_mean_v0.wav","/C/gun_explosion_a0a388e0","[""/C/gun_explosion_a0a388e0""]","gun_explosion","[""gun_explosion""]","/home/andres/Documentos/proyecto4geeks/data/raw/edge-collected-gunshot-audio/gunshot/59870dda-c047-4ab0-9016-7a4ffd65f504_mean_v0.wav","edge-collected-gunshot-audio","train","","True","True","True","wav","3.283","44100","Mono","32","1411200","565.52","2021-12-03 20:28:56"
"c0b2e1a0-0ad1-485b-9df8-af37612ac034_chan4_v1.wav","/C/gun_explosion_a0a388e0","[""/C/gun_explosion_a0a388e0""]","gun_explosion","[""gun_explosion""]","/home/andres/Documentos/proyecto4geeks/data/raw/edge-collected-gunshot-audio/gunshot/c0b2e1a0-0ad1-485b-9df8-af37612ac034_chan4_v1.wav","edge-collected-gunshot-audio","train","","True","True","True","wav","3.75","44100","Mono","32","1411200","646.05","2021-12-03 20:27:42"
"d1fa442d-a890-42c4-b186-f5196099ace7_chan3_v0.wav","/C/gun_explosion_a0a388e0","[""/C/gun_explosion_a0a388e0""]","gun_explosion","[""gun_explosion""]","/home/andres/Documentos/proyecto4geeks/data/raw/edge-collected-gunshot-audio/gunshot/d1fa442d-a890-42c4-b186-f5196099ace7_chan3_v0.wav","edge-collected-gunshot-audio","test","","True","True","True","wav","2.648","44100","Mono","32","1411200","456.14","2021-12-03 20:28:32"
"5972ae17-39fc-4813-b384-bb8ece5856f8_chan0_v0.wav","/C/gun_explosion_a0a388e0","[""/C/gun_explosion_a0a388e0""]","gun_explosion","[""gun_explosion""]","/home/andres/Documentos/proyecto4geeks/data/raw/edge-collected-gunshot-audio/gunshot/5972ae17-39fc-4813-b384-bb8ece5856f8_chan0_v0.wav","edge-collected-gunshot-audio","test","","True","True","True","wav","5.618","44100","Mono","32","1411200","967.78","2021-12-03 20:28:12"
"d3a364a1-f1fa-402b-8e7a-d7f57192508c_chan0_v0.wav","/C/gun_explosion_a0a388e0","[""/C/gun_explosion_a0a388e0""]","gun_explosion","[""gun_explosion""]","/home/andres/Documentos/proyecto4geeks/data/raw/edge-collected-gunshot-audio/gunshot/d3a364a1-f1fa-402b-8e7a-d7f57192508c_chan0_v0.wav","edge-collected-gunshot-audio","test","","True","True","True","wav","2.912","44100","Mono","32","1411200","501.7","2021-12-03 20:28:34"
"b94ec33c-dd8b-47eb-966f-f9a6d7f055b6_v0.wav","/C/gun_explosion_a0a388e0","[""/C/gun_explosion_a0a388e0""]","gun_explosion","[""gun_explosion""]","/home/andres/Documentos/proyecto4geeks/data/raw/edge-collected-gunshot-audio/gunshot/b94ec33c-dd8b-47eb-966f-f9a6d7f055b6_v0.wav","edge-collected-gunshot-audio","train","","True","True","True","wav","5.578","44100","Mono","32","1411200","960.99","2021-12-03 20:29:18"
"9ebba20a-9b86-462a-8ac8-4cdbf2fd4a70_chan5_v0.wav","/C/gun_explosion_a0a388e0","[""/C/gun_explosion_a0a388e0""]","gun_explosion","[""gun_explosion""]","/home/andres/Documentos/proyecto4geeks/data/raw/edge-collected-gunshot-audio/gunshot/9ebba20a-9b86-462a-8ac8-4cdbf2fd4a70_chan5_v0.wav","edge-collected-gunshot-audio","train","","True","True","True","wav","3.75","44100","Mono","32","1411200","646.05","2021-12-03 20:28:24"
"6247aabe-2569-424f-9e7a-11fc0cc26fda_v0.wav","/C/gun_explosion_a0a388e0","[""/C/gun_explosion_a0a388e0""]","gun_explosion","[""gun_explosion""]","/home/andres/Documentos/proyecto4geeks/data/raw/edge-collected-gunshot-audio/gunshot/6247aabe-2569-424f-9e7a-11fc0cc26fda_v0.wav","edge-collected-gunshot-audio","train","","True","True","True","wav","3.75","44100","Mono","32","1411200","646.05","2021-12-03 20:28:16"
"24ed6f76-c141-4366-a98c-f09596a4e5c0_v7.wav","/C/gun_explosion_a0a388e0","[""/C/gun_explosion_a0a388e0""]","gun_explosion","[""gun_explosion""]","/home/andres/Documentos/proyecto4geeks/data/raw/edge-collected-gunshot-audio/gunshot/24ed6f76-c141-4366-a98c-f09596a4e5c0_v7.wav","edge-collected-gunshot-audio","test","","True","True","True","wav","3.75","44100","Mono","32","1411200","646.05","2021-12-03 20:28:04"
"9fe037df-d10f-48a0-b988-1a6202c10f46_mean_v0.wav","/C/gun_explosion_a0a388e0","[""/C/gun_explosion_a0a388e0""]","gun_explosion","[""gun_explosion""]","/home/andres/Documentos/proyecto4geeks/data/raw/edge-collected-gunshot-audio/gunshot/9fe037df-d10f-48a0-b988-1a6202c10f46_mean_v0.wav","edge-collected-gunshot-audio","test","","True","True","True","wav","3.454","44100","Mono","32","1411200","595.01","2021-12-03 20:28:26"
"57732423-91a8-4d0f-b623-c9a61731b270_v1.wav","/C/gun_explosion_a0a388e0","[""/C/gun_explosion_a0a388e0""]","gun_explosion","[""gun_explosion""]","/home/andres/Documentos/proyecto4geeks/data/raw/edge-collected-gunshot-audio/gunshot/57732423-91a8-4d0f-b623-c9a61731b270_v1.wav","edge-collected-gunshot-audio","train","","True","True","True","wav","3.75","44100","Mono","32","1411200","646.05","2021-12-03 20:28:12"
"aaf21cb7-ef6d-4cbc-b2de-b279869b401c_chan5_v0.wav","/C/gun_explosion_a0a388e0","[""/C/gun_explosion_a0a388e0""]","gun_explosion","[""gun_explosion""]","/home/andres/Documentos/proyecto4geeks/data/raw/edge-collected-gunshot-audio/gunshot/aaf21cb7-ef6d-4cbc-b2de-b279869b401c_chan5_v0.wav","edge-collected-gunshot-audio","test","","True","True","True","wav","3.75","44100","Mono","32","1411200","646.05","2021-12-03 20:27:36"
"5972ae17-39fc-4813-b384-bb8ece5856f8_chan5_v0.wav","/C/gun_explosion_a0a388e0","[""/C/gun_explosion_a0a388e0""]","gun_explosion","[""gun_explosion""]","/home/andres/Documentos/proyecto4geeks/data/raw/edge-collected-gunshot-audio/gunshot/5972ae17-39fc-4813-b384-bb8ece5856f8_chan5_v0.wav","edge-collected-gunshot-audio","train","","True","True","True","wav","5.618","44100","Mono","32","1411200","967.77","2021-12-03 20:28:12"
"b0206fb1-2627-435d-ab67-426da4592a05_v0.wav","/C/gun_explosion_a0a388e0","[""/C/gun_explosion_a0a388e0""]","gun_explosion","[""gun_explosion""]","/home/andres/Documentos/proyecto4geeks/data/raw/edge-collected-gunshot-audio/gunshot/b0206fb1-2627-435d-ab67-426da4592a05_v0.wav","edge-collected-gunshot-audio","train","","True","True","True","wav","4.193","44100","Mono","32","1411200","722.42","2021-12-03 20:27:38"
"affc7396-c98b-45d9-99e3-791fb00b3efe_mean_v0.wav","/C/gun_explosion_a0a388e0","[""/C/gun_explosion_a0a388e0""]","gun_explosion","[""gun_explosion""]","/home/andres/Documentos/proyecto4geeks/data/raw/edge-collected-gunshot-audio/gunshot/affc7396-c98b-45d9-99e3-791fb00b3efe_mean_v0.wav","edge-collected-gunshot-audio","train","","True","True","True","wav","3.835","44100","Mono","32","1411200","660.76","2021-12-03 20:29:14"
"42899483-3654-4ed6-af56-48662821f13a_chan0_v0.wav","/C/gun_explosion_a0a388e0","[""/C/gun_explosion_a0a388e0""]","gun_explosion","[""gun_explosion""]","/home/andres/Documentos/proyecto4geeks/data/raw/edge-collected-gunshot-audio/gunshot/42899483-3654-4ed6-af56-48662821f13a_chan0_v0.wav","edge-collected-gunshot-audio","train","","True","True","True","wav","5.758","44100","Mono","32","1411200","992.04","2021-12-03 20:28:52"
"9ebba20a-9b86-462a-8ac8-4cdbf2fd4a70_mean_v0.wav","/C/gun_explosion_a0a388e0","[""/C/gun_explosion_a0a388e0""]","gun_explosion","[""gun_explosion""]","/home/andres/Documentos/proyecto4geeks/data/raw/edge-collected-gunshot-audio/gunshot/9ebba20a-9b86-462a-8ac8-4cdbf2fd4a70_mean_v0.wav","edge-collected-gunshot-audio","test","","True","True","True","wav","3.75","44100","Mono","32","1411200","646.05","2021-12-03 20:28:24"
"f1ea3a1c-030f-4275-b3b4-28bb0cd694b2_mean_v0.wav","/C/gun_explosion_a0a388e0","[""/C/gun_explosion_a0a388e0""]","gun_explosion","[""gun_explosion""]","/home/andres/Documentos/proyecto4geeks/data/raw/edge-collected-gunshot-audio/gunshot/f1ea3a1c-030f-4275-b3b4-28bb0cd694b2_mean_v0.wav","edge-collected-gunshot-audio","train","","True","True","True","wav","5.494","44100","Mono","32","1411200","946.48","2021-12-03 20:29:28"
"907b513b-dd5e-4756-a20c-d785fb4f5dd7_v5.wav","/C/gun_explosion_a0a388e0","[""/C/gun_explosion_a0a388e0""]","gun_explosion","[""gun_explosion""]","/home/andres/Documentos/proyecto4geeks/data/raw/edge-collected-gunshot-audio/gunshot/907b513b-dd5e-4756-a20c-d785fb4f5dd7_v5.wav","edge-collected-gunshot-audio","train","","True","True","True","wav","3.75","44100","Mono","32","1411200","646.05","2021-12-03 20:27:36"
"57252ebc-52a3-4c77-8f76-bcfeeba95a53_chan5_v0.wav","/C/gun_explosion_a0a388e0","[""/C/gun_explosion_a0a388e0""]","gun_explosion","[""gun_explosion""]","/home/andres/Documentos/proyecto4geeks/data/raw/edge-collected-gunshot-audio/gunshot/57252ebc-52a3-4c77-8f76-bcfeeba95a53_chan5_v0.wav","edge-collected-gunshot-audio","train","","True","True","True","wav","3.75","44100","Mono","32","1411200","646.05","2021-12-03 20:27:00"
"cad6cdd9-faca-4577-95f4-4be31f757b0c_chan2_v0.wav","/C/gun_explosion_a0a388e0","[""/C/gun_explosion_a0a388e0""]","gun_explosion","[""gun_explosion""]","/home/andres/Documentos/proyecto4geeks/data/raw/edge-collected-gunshot-audio/gunshot/cad6cdd9-faca-4577-95f4-4be31f757b0c_chan2_v0.wav","edge-collected-gunshot-audio","train","","True","True","True","wav","3.75","44100","Mono","32","1411200","646.05","2021-12-03 20:27:10"
"dc052a9b-032a-4a42-9e73-f022484ccab5_chan1_v0.wav","/C/gun_explosion_a0a388e0","[""/C/gun_explosion_a0a388e0""]","gun_explosion","[""gun_explosion""]","/home/andres/Documentos/proyecto4geeks/data/raw/edge-collected-gunshot-audio/gunshot/dc052a9b-032a-4a42-9e73-f022484ccab5_chan1_v0.wav","edge-collected-gunshot-audio","test","","True","True","True","wav","2.266","44100","Mono","32","1411200","390.33","2021-12-03 20:27:48"
"2206e99c-e7ee-493b-902e-1a970a9fc4fe_chan0_v0.wav","/C/gun_explosion_a0a388e0","[""/C/gun_explosion_a0a388e0""]","gun_explosion","[""gun_explosion""]","/home/andres/Documentos/proyecto4geeks/data/raw/edge-collected-gunshot-audio/gunshot/2206e99c-e7ee-493b-902e-1a970a9fc4fe_chan0_v0.wav","edge-collected-gunshot-audio","test","","True","True","True","wav","3.75","44100","Mono","32","1411200","646.05","2021-12-03 20:26:54"
"7149bf71-e2d6-4452-b2a0-9433bb1851f0_chan3_v0.wav","/C/gun_explosion_a0a388e0","[""/C/gun_explosion_a0a388e0""]","gun_explosion","[""gun_explosion""]","/home/andres/Documentos/proyecto4geeks/data/raw/edge-collected-gunshot-audio/gunshot/7149bf71-e2d6-4452-b2a0-9433bb1851f0_chan3_v0.wav","edge-collected-gunshot-audio","train","","True","True","True","wav","5.616","44100","Mono","32","1411200","967.51","2021-12-03 20:28:58"
"cda2b67e-0c10-4b96-8a5d-0819fe357bea_chan2_v0.wav","/C/gun_explosion_a0a388e0","[""/C/gun_explosion_a0a388e0""]","gun_explosion","[""gun_explosion""]","/home/andres/Documentos/proyecto4geeks/data/raw/edge-collected-gunshot-audio/gunshot/cda2b67e-0c10-4b96-8a5d-0819fe357bea_chan2_v0.wav","edge-collected-gunshot-audio","train","","True","True","True","wav","2.397","44100","Mono","32","1411200","412.96","2021-12-03 20:27:44"
"backup_38435a10-bcdd-4b6e-9f4d-080b7f3544c9__v0.wav","/C/gun_explosion_a0a388e0","[""/C/gun_explosion_a0a388e0""]","gun_explosion","[""gun_explosion""]","/home/andres/Documentos/proyecto4geeks/data/raw/edge-collected-gunshot-audio/gunshot/backup_38435a10-bcdd-4b6e-9f4d-080b7f3544c9__v0.wav","edge-collected-gunshot-audio","train","","True","True","True","wav","3.75","44100","Mono","32","1411200","646.05","2021-12-03 20:28:28"
"51d577b8-498c-4278-8b0e-8a8d499de626_v0.wav","/C/gun_explosion_a0a388e0","[""/C/gun_explosion_a0a388e0""]","gun_explosion","[""gun_explosion""]","/home/andres/Documentos/proyecto4geeks/data/raw/edge-collected-gunshot-audio/gunshot/51d577b8-498c-4278-8b0e-8a8d499de626_v0.wav","edge-collected-gunshot-audio","test","","True","True","True","wav","5.48","44100","Mono","32","1411200","944.09","2021-12-03 20:27:28"
"d31ded50-a23a-4ca0-b528-3fed60c7a647_chan3_v0.wav","/C/gun_explosion_a0a388e0","[""/C/gun_explosion_a0a388e0""]","gun_explosion","[""gun_explosion""]","/home/andres/Documentos/proyecto4geeks/data/raw/edge-collected-gunshot-audio/gunshot/d31ded50-a23a-4ca0-b528-3fed60c7a647_chan3_v0.wav","edge-collected-gunshot-audio","train","","True","True","True","wav","3.742","44100","Mono","32","1411200","644.63","2021-12-03 20:28:34"
"30a4b43d-dbfb-492e-9620-f2e5b76d4414_v0.wav","/C/gun_explosion_a0a388e0","[""/C/gun_explosion_a0a388e0""]","gun_explosion","[""gun_explosion""]","/home/andres/Documentos/proyecto4geeks/data/raw/edge-collected-gunshot-audio/gunshot/30a4b43d-dbfb-492e-9620-f2e5b76d4414_v0.wav","edge-collected-gunshot-audio","train","","True","True","True","wav","4.117","44100","Mono","32","1411200","709.31","2021-12-03 20:28:50"
"524157e1-fb04-46b2-b887-8fcc84c4261a_mean_v0.wav","/C/gun_explosion_a0a388e0","[""/C/gun_explosion_a0a388e0""]","gun_explosion","[""gun_explosion""]","/home/andres/Documentos/proyecto4geeks/data/raw/edge-collected-gunshot-audio/gunshot/524157e1-fb04-46b2-b887-8fcc84c4261a_mean_v0.wav","edge-collected-gunshot-audio","train","","True","True","True","wav","3.75","44100","Mono","32","1411200","646.05","2021-12-03 20:28:54"
"a494f4fa-d5fc-4b52-8e25-6804bc695ec1_chan5_v1.wav","/C/gun_explosion_a0a388e0","[""/C/gun_explosion_a0a388e0""]","gun_explosion","[""gun_explosion""]","/home/andres/Documentos/proyecto4geeks/data/raw/edge-collected-gunshot-audio/gunshot/a494f4fa-d5fc-4b52-8e25-6804bc695ec1_chan5_v1.wav","edge-collected-gunshot-audio","train","","True","True","True","wav","9.291","44100","Mono","32","1411200","1600.64","2021-12-03 20:29:12"
"406b0f75-2c99-4b65-9b34-ab83ecd488b3_chan2_v0.wav","/C/gun_explosion_a0a388e0","[""/C/gun_explosion_a0a388e0""]","gun_explosion","[""gun_explosion""]","/home/andres/Documentos/proyecto4geeks/data/raw/edge-collected-gunshot-audio/gunshot/406b0f75-2c99-4b65-9b34-ab83ecd488b3_chan2_v0.wav","edge-collected-gunshot-audio","train","","True","True","True","wav","2.687","44100","Mono","32","1411200","462.85","2021-12-03 20:28:08"
"backup_4115d032-3f33-407b-ab54-ca8b9433fe30__v1.wav","/C/gun_explosion_a0a388e0","[""/C/gun_explosion_a0a388e0""]","gun_explosion","[""gun_explosion""]","/home/andres/Documentos/proyecto4geeks/data/raw/edge-collected-gunshot-audio/gunshot/backup_4115d032-3f33-407b-ab54-ca8b9433fe30__v1.wav","edge-collected-gunshot-audio","train","","True","True","True","wav","3.75","44100","Mono","32","1411200","646.05","2021-12-03 20:28:30"
"d31ded50-a23a-4ca0-b528-3fed60c7a647_chan0_v0.wav","/C/gun_explosion_a0a388e0","[""/C/gun_explosion_a0a388e0""]","gun_explosion","[""gun_explosion""]","/home/andres/Documentos/proyecto4geeks/data/raw/edge-collected-gunshot-audio/gunshot/d31ded50-a23a-4ca0-b528-3fed60c7a647_chan0_v0.wav","edge-collected-gunshot-audio","train","","True","True","True","wav","3.742","44100","Mono","32","1411200","644.65","2021-12-03 20:28:34"
"954f92f3-f301-405f-8ab1-85adeb9df8eb_v0.wav","/C/gun_explosion_a0a388e0","[""/C/gun_explosion_a0a388e0""]","gun_explosion","[""gun_explosion""]","/home/andres/Documentos/proyecto4geeks/data/raw/edge-collected-gunshot-audio/gunshot/954f92f3-f301-405f-8ab1-85adeb9df8eb_v0.wav","edge-collected-gunshot-audio","train","","True","True","True","wav","3.416","44100","Mono","32","1411200","588.44","2021-12-03 20:28:22"
"d312ea2f-8542-4ac2-8bd8-1e8b3433c4c3_chan1_v0.wav","/C/gun_explosion_a0a388e0","[""/C/gun_explosion_a0a388e0""]","gun_explosion","[""gun_explosion""]","/home/andres/Documentos/proyecto4geeks/data/raw/edge-collected-gunshot-audio/gunshot/d312ea2f-8542-4ac2-8bd8-1e8b3433c4c3_chan1_v0.wav","edge-collected-gunshot-audio","train","","True","True","True","wav","2.675","44100","Mono","32","1411200","460.8","2021-12-03 20:27:12"
"adca0472-ee71-44c9-a22d-ee86d7bb85a6_mean_v0.wav","/C/gun_explosion_a0a388e0","[""/C/gun_explosion_a0a388e0""]","gun_explosion","[""gun_explosion""]","/home/andres/Documentos/proyecto4geeks/data/raw/edge-collected-gunshot-audio/gunshot/adca0472-ee71-44c9-a22d-ee86d7bb85a6_mean_v0.wav","edge-collected-gunshot-audio","train","","True","True","True","wav","4.603","44100","Mono","32","1411200","792.99","2021-12-03 20:27:38"
"86c4c4a5-0374-492f-bfcd-ed9de679b68b_chan0_v0.wav","/C/gun_explosion_a0a388e0","[""/C/gun_explosion_a0a388e0""]","gun_explosion","[""gun_explosion""]","/home/andres/Documentos/proyecto4geeks/data/raw/edge-collected-gunshot-audio/gunshot/86c4c4a5-0374-492f-bfcd-ed9de679b68b_chan0_v0.wav","edge-collected-gunshot-audio","train","","True","True","True","wav","6.398","44100","Mono","32","1411200","1102.28","2021-12-03 20:29:04"
"090f69a9-885c-45fb-a807-f2661aaeb165_chan6_v2.wav","/C/gun_explosion_a0a388e0","[""/C/gun_explosion_a0a388e0""]","gun_explosion","[""gun_explosion""]","/home/andres/Documentos/proyecto4geeks/data/raw/edge-collected-gunshot-audio/gunshot/090f69a9-885c-45fb-a807-f2661aaeb165_chan6_v2.wav","edge-collected-gunshot-audio","train","","True","True","True","wav","6.008","44100","Mono","32","1411200","1035.08","2021-12-03 20:27:20"
"fc8aad5b-6062-4512-8364-5ab905b2faea_v0.wav","/C/gun_explosion_a0a388e0","[""/C/gun_explosion_a0a388e0""]","gun_explosion","[""gun_explosion""]","/home/andres/Documentos/proyecto4geeks/data/raw/edge-collected-gunshot-audio/gunshot/fc8aad5b-6062-4512-8364-5ab905b2faea_v0.wav","edge-collected-gunshot-audio","train","","True","True","True","wav","3.75","44100","Mono","32","1411200","646.05","2021-12-03 20:27:50"
"13bfab79-9198-4558-a1bf-4f8aedd4d6f9_chan6_v0.wav","/C/gun_explosion_a0a388e0","[""/C/gun_explosion_a0a388e0""]","gun_explosion","[""gun_explosion""]","/home/andres/Documentos/proyecto4geeks/data/raw/edge-collected-gunshot-audio/gunshot/13bfab79-9198-4558-a1bf-4f8aedd4d6f9_chan6_v0.wav","edge-collected-gunshot-audio","train","","True","True","True","wav","3.75","44100","Mono","32","1411200","646.05","2021-12-03 20:28:00"
"9d01ad9a-3e6b-458c-a02d-dc30f4d83f61_chan4_v0.wav","/C/gun_explosion_a0a388e0","[""/C/gun_explosion_a0a388e0""]","gun_explosion","[""gun_explosion""]","/home/andres/Documentos/proyecto4geeks/data/raw/edge-collected-gunshot-audio/gunshot/9d01ad9a-3e6b-458c-a02d-dc30f4d83f61_chan4_v0.wav","edge-collected-gunshot-audio","train","","True","True","True","wav","6.779","44100","Mono","32","1411200","1167.89","2021-12-03 20:27:06"
"9cd245a4-21db-41ab-98e4-0a18f0456e71_chan0_v0.wav","/C/gun_explosion_a0a388e0","[""/C/gun_explosion_a0a388e0""]","gun_explosion","[""gun_explosion""]","/home/andres/Documentos/proyecto4geeks/data/raw/edge-collected-gunshot-audio/gunshot/9cd245a4-21db-41ab-98e4-0a18f0456e71_chan0_v0.wav","edge-collected-gunshot-audio","train","","True","True","True","wav","3.32","44100","Mono","32","1411200","571.9","2021-12-03 20:28:24"
"090f69a9-885c-45fb-a807-f2661aaeb165_chan6_v1.wav","/C/gun_explosion_a0a388e0","[""/C/gun_explosion_a0a388e0""]","gun_explosion","[""gun_explosion""]","/home/andres/Documentos/proyecto4geeks/data/raw/edge-collected-gunshot-audio/gunshot/090f69a9-885c-45fb-a807-f2661aaeb165_chan6_v1.wav","edge-collected-gunshot-audio","train","","True","True","True","wav","5.922","44100","Mono","32","1411200","1020.13","2021-12-03 20:27:18"
"ed8d991f-9e68-4630-9f2f-4442fdb0be6f_chan0_v0.wav","/C/gun_explosion_a0a388e0","[""/C/gun_explosion_a0a388e0""]","gun_explosion","[""gun_explosion""]","/home/andres/Documentos/proyecto4geeks/data/raw/edge-collected-gunshot-audio/gunshot/ed8d991f-9e68-4630-9f2f-4442fdb0be6f_chan0_v0.wav","edge-collected-gunshot-audio","test","","True","True","True","wav","3.75","44100","Mono","32","1411200","646.05","2021-12-03 20:28:40"
"2eabebd8-8ef0-4efe-8248-a99013581760_v2.wav","/C/gun_explosion_a0a388e0","[""/C/gun_explosion_a0a388e0""]","gun_explosion","[""gun_explosion""]","/home/andres/Documentos/proyecto4geeks/data/raw/edge-collected-gunshot-audio/gunshot/2eabebd8-8ef0-4efe-8248-a99013581760_v2.wav","edge-collected-gunshot-audio","train","","True","True","True","wav","5.924","44100","Mono","32","1411200","1020.56","2021-12-03 20:28:48"
"a283ea70-649d-4c18-bf8b-ba4e8507455a_mean_v0.wav","/C/gun_explosion_a0a388e0","[""/C/gun_explosion_a0a388e0""]","gun_explosion","[""gun_explosion""]","/home/andres/Documentos/proyecto4geeks/data/raw/edge-collected-gunshot-audio/gunshot/a283ea70-649d-4c18-bf8b-ba4e8507455a_mean_v0.wav","edge-collected-gunshot-audio","test","","True","True","True","wav","3.75","44100","Mono","32","1411200","646.05","2021-12-03 20:28:26"
"06f8ef4c-86b4-408a-8909-3badadf8ca20_chan4_v0.wav","/C/gun_explosion_a0a388e0","[""/C/gun_explosion_a0a388e0""]","gun_explosion","[""gun_explosion""]","/home/andres/Documentos/proyecto4geeks/data/raw/edge-collected-gunshot-audio/gunshot/06f8ef4c-86b4-408a-8909-3badadf8ca20_chan4_v0.wav","edge-collected-gunshot-audio","test","","True","True","True","wav","3.124","44100","Mono","32","1411200","538.17","2021-12-03 20:27:56"
"37861b06-0455-47e7-89de-c18e357eb9c8_chan4_v0.wav","/C/gun_explosion_a0a388e0","[""/C/gun_explosion_a0a388e0""]","gun_explosion","[""gun_explosion""]","/home/andres/Documentos/proyecto4geeks/data/raw/edge-collected-gunshot-audio/gunshot/37861b06-0455-47e7-89de-c18e357eb9c8_chan4_v0.wav","edge-collected-gunshot-audio","test","","True","True","True","wav","4.768","44100","Mono","32","1411200","821.43","2021-12-03 20:28:50"
"backup_38435a10-bcdd-4b6e-9f4d-080b7f3544c9__v1.wav","/C/gun_explosion_a0a388e0","[""/C/gun_explosion_a0a388e0""]","gun_explosion","[""gun_explosion""]","/home/andres/Documentos/proyecto4geeks/data/raw/edge-collected-gunshot-audio/gunshot/backup_38435a10-bcdd-4b6e-9f4d-080b7f3544c9__v1.wav","edge-collected-gunshot-audio","train","","True","True","True","wav","3.75","44100","Mono","32","1411200","646.05","2021-12-03 20:28:28"
"915c67a7-82af-476d-8fa6-e321c891e669_chan2_v0.wav","/C/gun_explosion_a0a388e0","[""/C/gun_explosion_a0a388e0""]","gun_explosion","[""gun_explosion""]","/home/andres/Documentos/proyecto4geeks/data/raw/edge-collected-gunshot-audio/gunshot/915c67a7-82af-476d-8fa6-e321c891e669_chan2_v0.wav","edge-collected-gunshot-audio","test","","True","True","True","wav","3.669","44100","Mono","32","1411200","632.11","2021-12-03 20:29:06"
"e0b5c3ba-b47b-49ff-a727-5946c108798c_chan6_v0.wav","/C/gun_explosion_a0a388e0","[""/C/gun_explosion_a0a388e0""]","gun_explosion","[""gun_explosion""]","/home/andres/Documentos/proyecto4geeks/data/raw/edge-collected-gunshot-audio/gunshot/e0b5c3ba-b47b-49ff-a727-5946c108798c_chan6_v0.wav","edge-collected-gunshot-audio","train","","True","True","True","wav","5.74","44100","Mono","32","1411200","988.86","2021-12-03 20:29:24"
"81b21b3c-70a1-4202-918f-3d896278d405_chan5_v0.wav","/C/gun_explosion_a0a388e0","[""/C/gun_explosion_a0a388e0""]","gun_explosion","[""gun_explosion""]","/home/andres/Documentos/proyecto4geeks/data/raw/edge-collected-gunshot-audio/gunshot/81b21b3c-70a1-4202-918f-3d896278d405_chan5_v0.wav","edge-collected-gunshot-audio","train","","True","True","True","wav","5.298","44100","Mono","32","1411200","912.73","2021-12-03 20:29:02"
"8af2c7a4-73b8-4149-805d-e8632e0c9e3c_chan3_v0.wav","/C/gun_explosion_a0a388e0","[""/C/gun_explosion_a0a388e0""]","gun_explosion","[""gun_explosion""]","/home/andres/Documentos/proyecto4geeks/data/raw/edge-collected-gunshot-audio/gunshot/8af2c7a4-73b8-4149-805d-e8632e0c9e3c_chan3_v0.wav","edge-collected-gunshot-audio","train","","True","True","True","wav","2.641","44100","Mono","32","1411200","454.96","2021-12-03 20:28:22"
"1a6c051f-185a-479c-957b-55259fcbf287_chan4_v0.wav","/C/gun_explosion_a0a388e0","[""/C/gun_explosion_a0a388e0""]","gun_explosion","[""gun_explosion""]","/home/andres/Documentos/proyecto4geeks/data/raw/edge-collected-gunshot-audio/gunshot/1a6c051f-185a-479c-957b-55259fcbf287_chan4_v0.wav","edge-collected-gunshot-audio","train","","True","True","True","wav","5.825","44100","Mono","32","1411200","1003.42","2021-12-03 20:26:52"
"b6b54c4a-e6b0-487e-b476-25dc131d0607_chan0_v2.wav","/C/gun_explosion_a0a388e0","[""/C/gun_explosion_a0a388e0""]","gun_explosion","[""gun_explosion""]","/home/andres/Documentos/proyecto4geeks/data/raw/edge-collected-gunshot-audio/gunshot/b6b54c4a-e6b0-487e-b476-25dc131d0607_chan0_v2.wav","edge-collected-gunshot-audio","train","","True","True","True","wav","4.234","44100","Mono","32","1411200","729.5","2021-12-03 20:29:16"
"0a07b229-7d2b-4d2b-8f32-c94cbc7b1487_chan5_v0.wav","/C/gun_explosion_a0a388e0","[""/C/gun_explosion_a0a388e0""]","gun_explosion","[""gun_explosion""]","/home/andres/Documentos/proyecto4geeks/data/raw/edge-collected-gunshot-audio/gunshot/0a07b229-7d2b-4d2b-8f32-c94cbc7b1487_chan5_v0.wav","edge-collected-gunshot-audio","train","","True","True","True","wav","5.242","44100","Mono","32","1411200","903.04","2021-12-03 20:26:48"
"58ee1a4d-46e5-4f41-89c5-5c773edd876d_v1.wav","/C/gun_explosion_a0a388e0","[""/C/gun_explosion_a0a388e0""]","gun_explosion","[""gun_explosion""]","/home/andres/Documentos/proyecto4geeks/data/raw/edge-collected-gunshot-audio/gunshot/58ee1a4d-46e5-4f41-89c5-5c773edd876d_v1.wav","edge-collected-gunshot-audio","train","","True","True","True","wav","3.75","44100","Mono","32","1411200","646.05","2021-12-03 20:27:00"
"b23e9f5b-f76c-4c28-bf87-0599a47e0ba4_chan0_v0.wav","/C/gun_explosion_a0a388e0","[""/C/gun_explosion_a0a388e0""]","gun_explosion","[""gun_explosion""]","/home/andres/Documentos/proyecto4geeks/data/raw/edge-collected-gunshot-audio/gunshot/b23e9f5b-f76c-4c28-bf87-0599a47e0ba4_chan0_v0.wav","edge-collected-gunshot-audio","train","","True","True","True","wav","3.75","44100","Mono","32","1411200","646.05","2021-12-03 20:29:14"
"305914f4-bd2e-4b56-8473-101726329119_chan0_v0.wav","/C/gun_explosion_a0a388e0","[""/C/gun_explosion_a0a388e0""]","gun_explosion","[""gun_explosion""]","/home/andres/Documentos/proyecto4geeks/data/raw/edge-collected-gunshot-audio/gunshot/305914f4-bd2e-4b56-8473-101726329119_chan0_v0.wav","edge-collected-gunshot-audio","train","","True","True","True","wav","5.582","44100","Mono","32","1411200","961.62","2021-12-03 20:28:48"
"1298fc2a-4470-4cbd-a8c7-8c6e103d7c4f_mean_v0.wav","/C/gun_explosion_a0a388e0","[""/C/gun_explosion_a0a388e0""]","gun_explosion","[""gun_explosion""]","/home/andres/Documentos/proyecto4geeks/data/raw/edge-collected-gunshot-audio/gunshot/1298fc2a-4470-4cbd-a8c7-8c6e103d7c4f_mean_v0.wav","edge-collected-gunshot-audio","train","","True","True","True","wav","3.75","44100","Mono","32","1411200","646.05","2021-12-03 20:28:00"
"c6e909ea-500d-4203-af3c-31a7339481b4_chan4_v0.wav","/C/gun_explosion_a0a388e0","[""/C/gun_explosion_a0a388e0""]","gun_explosion","[""gun_explosion""]","/home/andres/Documentos/proyecto4geeks/data/raw/edge-collected-gunshot-audio/gunshot/c6e909ea-500d-4203-af3c-31a7339481b4_chan4_v0.wav","edge-collected-gunshot-audio","test","","True","True","True","wav","4.347","44100","Mono","32","1411200","748.89","2021-12-03 20:28:32"
"0b296a57-7c53-45cd-924a-59d76c477291_v0.wav","/C/gun_explosion_a0a388e0","[""/C/gun_explosion_a0a388e0""]","gun_explosion","[""gun_explosion""]","/home/andres/Documentos/proyecto4geeks/data/raw/edge-collected-gunshot-audio/gunshot/0b296a57-7c53-45cd-924a-59d76c477291_v0.wav","edge-collected-gunshot-audio","test","","True","True","True","wav","1.75","44100","Mono","32","1411200","301.52","2021-12-03 20:28:42"
"a39107e3-e899-458f-bc52-1340d67fbbb4_chan0_v0.wav","/C/gun_explosion_a0a388e0","[""/C/gun_explosion_a0a388e0""]","gun_explosion","[""gun_explosion""]","/home/andres/Documentos/proyecto4geeks/data/raw/edge-collected-gunshot-audio/gunshot/a39107e3-e899-458f-bc52-1340d67fbbb4_chan0_v0.wav","edge-collected-gunshot-audio","train","","True","True","True","wav","3.675","44100","Mono","32","1411200","633.13","2021-12-03 20:29:10"
"a494f4fa-d5fc-4b52-8e25-6804bc695ec1_chan1_v1.wav","/C/gun_explosion_a0a388e0","[""/C/gun_explosion_a0a388e0""]","gun_explosion","[""gun_explosion""]","/home/andres/Documentos/proyecto4geeks/data/raw/edge-collected-gunshot-audio/gunshot/a494f4fa-d5fc-4b52-8e25-6804bc695ec1_chan1_v1.wav","edge-collected-gunshot-audio","train","","True","True","True","wav","9.291","44100","Mono","32","1411200","1600.63","2021-12-03 20:29:10"
"43f25ccb-4d7c-4fed-9cc5-cd2da5c2e4ce_chan4_v0.wav","/C/gun_explosion_a0a388e0","[""/C/gun_explosion_a0a388e0""]","gun_explosion","[""gun_explosion""]","/home/andres/Documentos/proyecto4geeks/data/raw/edge-collected-gunshot-audio/gunshot/43f25ccb-4d7c-4fed-9cc5-cd2da5c2e4ce_chan4_v0.wav","edge-collected-gunshot-audio","test","","True","True","True","wav","5.778","44100","Mono","32","1411200","995.35","2021-12-03 20:26:58"
"da1019cd-4fdd-404c-a76f-e3fa43997a28_chan3_v0.wav","/C/gun_explosion_a0a388e0","[""/C/gun_explosion_a0a388e0""]","gun_explosion","[""gun_explosion""]","/home/andres/Documentos/proyecto4geeks/data/raw/edge-collected-gunshot-audio/gunshot/da1019cd-4fdd-404c-a76f-e3fa43997a28_chan3_v0.wav","edge-collected-gunshot-audio","train","","True","True","True","wav","6.703","44100","Mono","32","1411200","1154.77","2021-12-03 20:29:22"
"5bc4497c-5bcd-4114-9879-e16d05b30027_chan4_v0.wav","/C/gun_explosion_a0a388e0","[""/C/gun_explosion_a0a388e0""]","gun_explosion","[""gun_explosion""]","/home/andres/Documentos/proyecto4geeks/data/raw/edge-collected-gunshot-audio/gunshot/5bc4497c-5bcd-4114-9879-e16d05b30027_chan4_v0.wav","edge-collected-gunshot-audio","train","","True","True","True","wav","3.922","44100","Mono","32","1411200","675.62","2021-12-03 20:28:12"
"f96e1f88-c321-4c29-98f4-1f61882c72e2_chan0_v0.wav","/C/gun_explosion_a0a388e0","[""/C/gun_explosion_a0a388e0""]","gun_explosion","[""gun_explosion""]","/home/andres/Documentos/proyecto4geeks/data/raw/edge-collected-gunshot-audio/gunshot/f96e1f88-c321-4c29-98f4-1f61882c72e2_chan0_v0.wav","edge-collected-gunshot-audio","train","","True","True","True","wav","8.035","44100","Mono","32","1411200","1384.21","2021-12-03 20:27:14"
"22bd6a08-ba31-4ec3-b823-7a1edd7fe99f_v0.wav","/C/gun_explosion_a0a388e0","[""/C/gun_explosion_a0a388e0""]","gun_explosion","[""gun_explosion""]","/home/andres/Documentos/proyecto4geeks/data/raw/edge-collected-gunshot-audio/gunshot/22bd6a08-ba31-4ec3-b823-7a1edd7fe99f_v0.wav","edge-collected-gunshot-audio","train","","True","True","True","wav","3.75","44100","Mono","32","1411200","646.05","2021-12-03 20:28:02"
"e73d935b-ddfa-4139-91d6-9d2f68994770_chan5_v0.wav","/C/gun_explosion_a0a388e0","[""/C/gun_explosion_a0a388e0""]","gun_explosion","[""gun_explosion""]","/home/andres/Documentos/proyecto4geeks/data/raw/edge-collected-gunshot-audio/gunshot/e73d935b-ddfa-4139-91d6-9d2f68994770_chan5_v0.wav","edge-collected-gunshot-audio","train","","True","True","True","wav","3.75","44100","Mono","32","1411200","646.05","2021-12-03 20:27:50"
"9480296f-8e6e-438e-a35d-76a2f24506df_chan5_v0.wav","/C/gun_explosion_a0a388e0","[""/C/gun_explosion_a0a388e0""]","gun_explosion","[""gun_explosion""]","/home/andres/Documentos/proyecto4geeks/data/raw/edge-collected-gunshot-audio/gunshot/9480296f-8e6e-438e-a35d-76a2f24506df_chan5_v0.wav","edge-collected-gunshot-audio","train","","True","True","True","wav","3.75","44100","Mono","32","1411200","646.05","2021-12-03 20:28:22"
"683cbedc-1319-4bfe-a656-cdf5e9b1c98f_chan1_v0.wav","/C/gun_explosion_a0a388e0","[""/C/gun_explosion_a0a388e0""]","gun_explosion","[""gun_explosion""]","/home/andres/Documentos/proyecto4geeks/data/raw/edge-collected-gunshot-audio/gunshot/683cbedc-1319-4bfe-a656-cdf5e9b1c98f_chan1_v0.wav","edge-collected-gunshot-audio","test","","True","True","True","wav","4.963","44100","Mono","32","1411200","854.98","2021-12-03 20:28:58"
"f96e1f88-c321-4c29-98f4-1f61882c72e2_chan2_v0.wav","/C/gun_explosion_a0a388e0","[""/C/gun_explosion_a0a388e0""]","gun_explosion","[""gun_explosion""]","/home/andres/Documentos/proyecto4geeks/data/raw/edge-collected-gunshot-audio/gunshot/f96e1f88-c321-4c29-98f4-1f61882c72e2_chan2_v0.wav","edge-collected-gunshot-audio","train","","True","True","True","wav","7.921","44100","Mono","32","1411200","1364.59","2021-12-03 20:27:14"
"9fdf59e0-107c-4ab8-8e5f-828c90bd17a2_v3.wav","/C/gun_explosion_a0a388e0","[""/C/gun_explosion_a0a388e0""]","gun_explosion","[""gun_explosion""]","/home/andres/Documentos/proyecto4geeks/data/raw/edge-collected-gunshot-audio/gunshot/9fdf59e0-107c-4ab8-8e5f-828c90bd17a2_v3.wav","edge-collected-gunshot-audio","train","","True","True","True","wav","3.75","44100","Mono","32","1411200","646.05","2021-12-03 20:27:36"
"d3863171-479e-4db8-bf20-b602efb56f5b_v3.wav","/C/gun_explosion_a0a388e0","[""/C/gun_explosion_a0a388e0""]","gun_explosion","[""gun_explosion""]","/home/andres/Documentos/proyecto4geeks/data/raw/edge-collected-gunshot-audio/gunshot/d3863171-479e-4db8-bf20-b602efb56f5b_v3.wav","edge-collected-gunshot-audio","train","","True","True","True","wav","3.873","44100","Mono","32","1411200","667.16","2021-12-03 20:29:20"
"d41d4367-070a-48f8-b457-7f0897caea99_v1.wav","/C/gun_explosion_a0a388e0","[""/C/gun_explosion_a0a388e0""]","gun_explosion","[""gun_explosion""]","/home/andres/Documentos/proyecto4geeks/data/raw/edge-collected-gunshot-audio/gunshot/d41d4367-070a-48f8-b457-7f0897caea99_v1.wav","edge-collected-gunshot-audio","train","","True","True","True","wav","3.75","44100","Mono","32","1411200","646.05","2021-12-03 20:28:34"
"7cf68bd7-f94b-4ca8-9ff9-46a84a67bce8_chan1_v0.wav","/C/gun_explosion_a0a388e0","[""/C/gun_explosion_a0a388e0""]","gun_explosion","[""gun_explosion""]","/home/andres/Documentos/proyecto4geeks/data/raw/edge-collected-gunshot-audio/gunshot/7cf68bd7-f94b-4ca8-9ff9-46a84a67bce8_chan1_v0.wav","edge-collected-gunshot-audio","train","","True","True","True","wav","4.941","44100","Mono","32","1411200","851.22","2021-12-03 20:27:34"
"a39107e3-e899-458f-bc52-1340d67fbbb4_chan2_v0.wav","/C/gun_explosion_a0a388e0","[""/C/gun_explosion_a0a388e0""]","gun_explosion","[""gun_explosion""]","/home/andres/Documentos/proyecto4geeks/data/raw/edge-collected-gunshot-audio/gunshot/a39107e3-e899-458f-bc52-1340d67fbbb4_chan2_v0.wav","edge-collected-gunshot-audio","train","","True","True","True","wav","3.675","44100","Mono","32","1411200","633.13","2021-12-03 20:29:10"
"097daac2-8bc8-4c8f-a4ec-e1e6ba5735b7_chan3_v0.wav","/C/gun_explosion_a0a388e0","[""/C/gun_explosion_a0a388e0""]","gun_explosion","[""gun_explosion""]","/home/andres/Documentos/proyecto4geeks/data/raw/edge-collected-gunshot-audio/gunshot/097daac2-8bc8-4c8f-a4ec-e1e6ba5735b7_chan3_v0.wav","edge-collected-gunshot-audio","train","","True","True","True","wav","3.835","44100","Mono","32","1411200","660.71","2021-12-03 20:27:56"
"6320dc5c-a956-40b8-a664-45f1edcf3b3b_mean_v2.wav","/C/gun_explosion_a0a388e0","[""/C/gun_explosion_a0a388e0""]","gun_explosion","[""gun_explosion""]","/home/andres/Documentos/proyecto4geeks/data/raw/edge-collected-gunshot-audio/gunshot/6320dc5c-a956-40b8-a664-45f1edcf3b3b_mean_v2.wav","edge-collected-gunshot-audio","train","","True","True","True","wav","4.568","44100","Mono","32","1411200","787.05","2021-12-03 20:27:32"
"b6bf5729-5fdb-432d-94d2-2b6c11d4c010_v1.wav","/C/gun_explosion_a0a388e0","[""/C/gun_explosion_a0a388e0""]","gun_explosion","[""gun_explosion""]","/home/andres/Documentos/proyecto4geeks/data/raw/edge-collected-gunshot-audio/gunshot/b6bf5729-5fdb-432d-94d2-2b6c11d4c010_v1.wav","edge-collected-gunshot-audio","train","","True","True","True","wav","3.75","44100","Mono","32","1411200","646.05","2021-12-03 20:27:38"
"e481969e-a5dc-4de9-9300-0b91b66a3a07_chan6_v0.wav","/C/gun_explosion_a0a388e0","[""/C/gun_explosion_a0a388e0""]","gun_explosion","[""gun_explosion""]","/home/andres/Documentos/proyecto4geeks/data/raw/edge-collected-gunshot-audio/gunshot/e481969e-a5dc-4de9-9300-0b91b66a3a07_chan6_v0.wav","edge-collected-gunshot-audio","train","","True","True","True","wav","4.159","44100","Mono","32","1411200","716.58","2021-12-03 20:29:24"
"cc00e8d8-6add-4bed-a0b4-65988e438021_chan2_v0.wav","/C/gun_explosion_a0a388e0","[""/C/gun_explosion_a0a388e0""]","gun_explosion","[""gun_explosion""]","/home/andres/Documentos/proyecto4geeks/data/raw/edge-collected-gunshot-audio/gunshot/cc00e8d8-6add-4bed-a0b4-65988e438021_chan2_v0.wav","edge-collected-gunshot-audio","train","","True","True","True","wav","5.34","44100","Mono","32","1411200","919.91","2021-12-03 20:27:44"
"ec013f65-cc3c-4ebb-9315-bb4d2043e8f4_chan6_v0.wav","/C/gun_explosion_a0a388e0","[""/C/gun_explosion_a0a388e0""]","gun_explosion","[""gun_explosion""]","/home/andres/Documentos/proyecto4geeks/data/raw/edge-collected-gunshot-audio/gunshot/ec013f65-cc3c-4ebb-9315-bb4d2043e8f4_chan6_v0.wav","edge-collected-gunshot-audio","train","","True","True","True","wav","3.724","44100","Mono","32","1411200","641.5","2021-12-03 20:28:40"
"545023ab-9344-4ff1-b0a7-ef5eda73893d_chan2_v1.wav","/C/gun_explosion_a0a388e0","[""/C/gun_explosion_a0a388e0""]","gun_explosion","[""gun_explosion""]","/home/andres/Documentos/proyecto4geeks/data/raw/edge-collected-gunshot-audio/gunshot/545023ab-9344-4ff1-b0a7-ef5eda73893d_chan2_v1.wav","edge-collected-gunshot-audio","train","","True","True","True","wav","3.386","44100","Mono","32","1411200","583.41","2021-12-03 20:28:10"
"683cbedc-1319-4bfe-a656-cdf5e9b1c98f_chan3_v0.wav","/C/gun_explosion_a0a388e0","[""/C/gun_explosion_a0a388e0""]","gun_explosion","[""gun_explosion""]","/home/andres/Documentos/proyecto4geeks/data/raw/edge-collected-gunshot-audio/gunshot/683cbedc-1319-4bfe-a656-cdf5e9b1c98f_chan3_v0.wav","edge-collected-gunshot-audio","train","","True","True","True","wav","4.963","44100","Mono","32","1411200","854.94","2021-12-03 20:28:58"
"5972ae17-39fc-4813-b384-bb8ece5856f8_chan1_v0.wav","/C/gun_explosion_a0a388e0","[""/C/gun_explosion_a0a388e0""]","gun_explosion","[""gun_explosion""]","/home/andres/Documentos/proyecto4geeks/data/raw/edge-collected-gunshot-audio/gunshot/5972ae17-39fc-4813-b384-bb8ece5856f8_chan1_v0.wav","edge-collected-gunshot-audio","train","","True","True","True","wav","5.618","44100","Mono","32","1411200","967.77","2021-12-03 20:28:12"
"c0b2e1a0-0ad1-485b-9df8-af37612ac034_mean_v2.wav","/C/gun_explosion_a0a388e0","[""/C/gun_explosion_a0a388e0""]","gun_explosion","[""gun_explosion""]","/home/andres/Documentos/proyecto4geeks/data/raw/edge-collected-gunshot-audio/gunshot/c0b2e1a0-0ad1-485b-9df8-af37612ac034_mean_v2.wav","edge-collected-gunshot-audio","train","","True","True","True","wav","3.75","44100","Mono","32","1411200","646.05","2021-12-03 20:27:42"
"19062f3c-9b24-43eb-aa91-797a1babffc3_chan5_v0.wav","/C/gun_explosion_a0a388e0","[""/C/gun_explosion_a0a388e0""]","gun_explosion","[""gun_explosion""]","/home/andres/Documentos/proyecto4geeks/data/raw/edge-collected-gunshot-audio/gunshot/19062f3c-9b24-43eb-aa91-797a1babffc3_chan5_v0.wav","edge-collected-gunshot-audio","test","","True","True","True","wav","4.708","44100","Mono","32","1411200","811.03","2021-12-03 20:27:22"
"545023ab-9344-4ff1-b0a7-ef5eda73893d_mean_v0.wav","/C/gun_explosion_a0a388e0","[""/C/gun_explosion_a0a388e0""]","gun_explosion","[""gun_explosion""]","/home/andres/Documentos/proyecto4geeks/data/raw/edge-collected-gunshot-audio/gunshot/545023ab-9344-4ff1-b0a7-ef5eda73893d_mean_v0.wav","edge-collected-gunshot-audio","train","","True","True","True","wav","3.75","44100","Mono","32","1411200","646.05","2021-12-03 20:28:12"
"e73d935b-ddfa-4139-91d6-9d2f68994770_chan3_v1.wav","/C/gun_explosion_a0a388e0","[""/C/gun_explosion_a0a388e0""]","gun_explosion","[""gun_explosion""]","/home/andres/Documentos/proyecto4geeks/data/raw/edge-collected-gunshot-audio/gunshot/e73d935b-ddfa-4139-91d6-9d2f68994770_chan3_v1.wav","edge-collected-gunshot-audio","train","","True","True","True","wav","3.75","44100","Mono","32","1411200","646.05","2021-12-03 20:27:50"
"097daac2-8bc8-4c8f-a4ec-e1e6ba5735b7_chan0_v0.wav","/C/gun_explosion_a0a388e0","[""/C/gun_explosion_a0a388e0""]","gun_explosion","[""gun_explosion""]","/home/andres/Documentos/proyecto4geeks/data/raw/edge-collected-gunshot-audio/gunshot/097daac2-8bc8-4c8f-a4ec-e1e6ba5735b7_chan0_v0.wav","edge-collected-gunshot-audio","test","","True","True","True","wav","3.835","44100","Mono","32","1411200","660.69","2021-12-03 20:27:56"
"04d81d9d-63e9-46b1-9417-6fe40765be9a_chan4_v0.wav","/C/gun_explosion_a0a388e0","[""/C/gun_explosion_a0a388e0""]","gun_explosion","[""gun_explosion""]","/home/andres/Documentos/proyecto4geeks/data/raw/edge-collected-gunshot-audio/gunshot/04d81d9d-63e9-46b1-9417-6fe40765be9a_chan4_v0.wav","edge-collected-gunshot-audio","train","","True","True","True","wav","3.75","44100","Mono","32","1411200","646.05","2021-12-03 20:27:54"
"59870dda-c047-4ab0-9016-7a4ffd65f504_chan2_v0.wav","/C/gun_explosion_a0a388e0","[""/C/gun_explosion_a0a388e0""]","gun_explosion","[""gun_explosion""]","/home/andres/Documentos/proyecto4geeks/data/raw/edge-collected-gunshot-audio/gunshot/59870dda-c047-4ab0-9016-7a4ffd65f504_chan2_v0.wav","edge-collected-gunshot-audio","train","","True","True","True","wav","3.282","44100","Mono","32","1411200","565.52","2021-12-03 20:28:56"
"56fe6fed-6bf0-475f-b660-770535298f86_v4.wav","/C/gun_explosion_a0a388e0","[""/C/gun_explosion_a0a388e0""]","gun_explosion","[""gun_explosion""]","/home/andres/Documentos/proyecto4geeks/data/raw/edge-collected-gunshot-audio/gunshot/56fe6fed-6bf0-475f-b660-770535298f86_v4.wav","edge-collected-gunshot-audio","train","","True","True","True","wav","3.75","44100","Mono","32","1411200","646.05","2021-12-03 20:27:28"
"331bfbc7-f68b-40f8-b000-241be4f89704_v1.wav","/C/gun_explosion_a0a388e0","[""/C/gun_explosion_a0a388e0""]","gun_explosion","[""gun_explosion""]","/home/andres/Documentos/proyecto4geeks/data/raw/edge-collected-gunshot-audio/gunshot/331bfbc7-f68b-40f8-b000-241be4f89704_v1.wav","edge-collected-gunshot-audio","train","","True","True","True","wav","9.851","44100","Mono","32","1411200","1697.0","2021-12-03 20:28:50"
"0495b86d-2f39-4912-916b-0cfbc160cf3d_mean_v1.wav","/C/gun_explosion_a0a388e0","[""/C/gun_explosion_a0a388e0""]","gun_explosion","[""gun_explosion""]","/home/andres/Documentos/proyecto4geeks/data/raw/edge-collected-gunshot-audio/gunshot/0495b86d-2f39-4912-916b-0cfbc160cf3d_mean_v1.wav","edge-collected-gunshot-audio","train","","True","True","True","wav","3.75","44100","Mono","32","1411200","646.05","2021-12-03 20:28:42"
"47ec5352-1b86-477b-9852-b13901c7eb4d_chan1_v0.wav","/C/gun_explosion_a0a388e0","[""/C/gun_explosion_a0a388e0""]","gun_explosion","[""gun_explosion""]","/home/andres/Documentos/proyecto4geeks/data/raw/edge-collected-gunshot-audio/gunshot/47ec5352-1b86-477b-9852-b13901c7eb4d_chan1_v0.wav","edge-collected-gunshot-audio","train","","True","True","True","wav","3.75","44100","Mono","32","1411200","646.05","2021-12-03 20:27:28"
"524157e1-fb04-46b2-b887-8fcc84c4261a_chan3_v0.wav","/C/gun_explosion_a0a388e0","[""/C/gun_explosion_a0a388e0""]","gun_explosion","[""gun_explosion""]","/home/andres/Documentos/proyecto4geeks/data/raw/edge-collected-gunshot-audio/gunshot/524157e1-fb04-46b2-b887-8fcc84c4261a_chan3_v0.wav","edge-collected-gunshot-audio","train","","True","True","True","wav","3.75","44100","Mono","32","1411200","646.05","2021-12-03 20:28:54"
"8e797a44-9626-4a68-a143-98cc447fbca2_v5.wav","/C/gun_explosion_a0a388e0","[""/C/gun_explosion_a0a388e0""]","gun_explosion","[""gun_explosion""]","/home/andres/Documentos/proyecto4geeks/data/raw/edge-collected-gunshot-audio/gunshot/8e797a44-9626-4a68-a143-98cc447fbca2_v5.wav","edge-collected-gunshot-audio","train","","True","True","True","wav","3.75","44100","Mono","32","1411200","646.05","2021-12-03 20:29:06"
"1ad661e0-c668-444f-846e-53b74fd3b800_chan5_v0.wav","/C/gun_explosion_a0a388e0","[""/C/gun_explosion_a0a388e0""]","gun_explosion","[""gun_explosion""]","/home/andres/Documentos/proyecto4geeks/data/raw/edge-collected-gunshot-audio/gunshot/1ad661e0-c668-444f-846e-53b74fd3b800_chan5_v0.wav","edge-collected-gunshot-audio","train","","True","True","True","wav","2.377","44100","Mono","32","1411200","409.57","2021-12-03 20:26:52"
"5f196719-60e8-4771-b3a1-62d26c577473_chan6_v0.wav","/C/gun_explosion_a0a388e0","[""/C/gun_explosion_a0a388e0""]","gun_explosion","[""gun_explosion""]","/home/andres/Documentos/proyecto4geeks/data/raw/edge-collected-gunshot-audio/gunshot/5f196719-60e8-4771-b3a1-62d26c577473_chan6_v0.wav","edge-collected-gunshot-audio","train","","True","True","True","wav","3.75","44100","Mono","32","1411200","646.05","2021-12-03 20:28:14"
"5b4f210f-8dab-4ec7-9ae1-8f786c21b4a1_chan2_v0.wav","/C/gun_explosion_a0a388e0","[""/C/gun_explosion_a0a388e0""]","gun_explosion","[""gun_explosion""]","/home/andres/Documentos/proyecto4geeks/data/raw/edge-collected-gunshot-audio/gunshot/5b4f210f-8dab-4ec7-9ae1-8f786c21b4a1_chan2_v0.wav","edge-collected-gunshot-audio","train","","True","True","True","wav","5.404","44100","Mono","32","1411200","931.04","2021-12-03 20:27:30"
"f813e943-99a2-46e4-b2f6-9867e87d35cc_v0.wav","/C/gun_explosion_a0a388e0","[""/C/gun_explosion_a0a388e0""]","gun_explosion","[""gun_explosion""]","/home/andres/Documentos/proyecto4geeks/data/raw/edge-collected-gunshot-audio/gunshot/f813e943-99a2-46e4-b2f6-9867e87d35cc_v0.wav","edge-collected-gunshot-audio","train","","True","True","True","wav","3.022","44100","Mono","32","1411200","520.57","2021-12-03 20:28:40"
"43f25ccb-4d7c-4fed-9cc5-cd2da5c2e4ce_chan2_v0.wav","/C/gun_explosion_a0a388e0","[""/C/gun_explosion_a0a388e0""]","gun_explosion","[""gun_explosion""]","/home/andres/Documentos/proyecto4geeks/data/raw/edge-collected-gunshot-audio/gunshot/43f25ccb-4d7c-4fed-9cc5-cd2da5c2e4ce_chan2_v0.wav","edge-collected-gunshot-audio","train","","True","True","True","wav","5.778","44100","Mono","32","1411200","995.35","2021-12-03 20:26:58"
"d8a66b56-2662-4da5-bd96-2fd21ad87412_chan3_v0.wav","/C/gun_explosion_a0a388e0","[""/C/gun_explosion_a0a388e0""]","gun_explosion","[""gun_explosion""]","/home/andres/Documentos/proyecto4geeks/data/raw/edge-collected-gunshot-audio/gunshot/d8a66b56-2662-4da5-bd96-2fd21ad87412_chan3_v0.wav","edge-collected-gunshot-audio","train","","True","True","True","wav","3.978","44100","Mono","32","1411200","685.38","2021-12-03 20:27:46"
"7149bf71-e2d6-4452-b2a0-9433bb1851f0_mean_v0.wav","/C/gun_explosion_a0a388e0","[""/C/gun_explosion_a0a388e0""]","gun_explosion","[""gun_explosion""]","/home/andres/Documentos/proyecto4geeks/data/raw/edge-collected-gunshot-audio/gunshot/7149bf71-e2d6-4452-b2a0-9433bb1851f0_mean_v0.wav","edge-collected-gunshot-audio","train","","True","True","True","wav","5.616","44100","Mono","32","1411200","967.51","2021-12-03 20:28:58"
"24ed6f76-c141-4366-a98c-f09596a4e5c0_v2.wav","/C/gun_explosion_a0a388e0","[""/C/gun_explosion_a0a388e0""]","gun_explosion","[""gun_explosion""]","/home/andres/Documentos/proyecto4geeks/data/raw/edge-collected-gunshot-audio/gunshot/24ed6f76-c141-4366-a98c-f09596a4e5c0_v2.wav","edge-collected-gunshot-audio","train","","True","True","True","wav","2.0","44100","Mono","32","1411200","344.59","2021-12-03 20:28:04"
"e2f3a120-6fcd-4760-917d-bb03ebff63d8_chan0_v4.wav","/C/gun_explosion_a0a388e0","[""/C/gun_explosion_a0a388e0""]","gun_explosion","[""gun_explosion""]","/home/andres/Documentos/proyecto4geeks/data/raw/edge-collected-gunshot-audio/gunshot/e2f3a120-6fcd-4760-917d-bb03ebff63d8_chan0_v4.wav","edge-collected-gunshot-audio","train","","True","True","True","wav","3.75","44100","Mono","32","1411200","646.05","2021-12-03 20:27:48"
"ac725365-989d-488e-b4ce-ebdcb3019017_v0.wav","/C/gun_explosion_a0a388e0","[""/C/gun_explosion_a0a388e0""]","gun_explosion","[""gun_explosion""]","/home/andres/Documentos/proyecto4geeks/data/raw/edge-collected-gunshot-audio/gunshot/ac725365-989d-488e-b4ce-ebdcb3019017_v0.wav","edge-collected-gunshot-audio","test","","True","True","True","wav","5.757","44100","Mono","32","1411200","991.79","2021-12-03 20:28:26"
"7b2c5211-c425-4a2d-9989-f8d1946d2187_mean_v0.wav","/C/gun_explosion_a0a388e0","[""/C/gun_explosion_a0a388e0""]","gun_explosion","[""gun_explosion""]","/home/andres/Documentos/proyecto4geeks/data/raw/edge-collected-gunshot-audio/gunshot/7b2c5211-c425-4a2d-9989-f8d1946d2187_mean_v0.wav","edge-collected-gunshot-audio","test","","True","True","True","wav","2.389","44100","Mono","32","1411200","411.56","2021-12-03 20:28:20"
"da1019cd-4fdd-404c-a76f-e3fa43997a28_chan0_v0.wav","/C/gun_explosion_a0a388e0","[""/C/gun_explosion_a0a388e0""]","gun_explosion","[""gun_explosion""]","/home/andres/Documentos/proyecto4geeks/data/raw/edge-collected-gunshot-audio/gunshot/da1019cd-4fdd-404c-a76f-e3fa43997a28_chan0_v0.wav","edge-collected-gunshot-audio","test","","True","True","True","wav","6.703","44100","Mono","32","1411200","1154.79","2021-12-03 20:29:22"
"35130728-b7b6-49ed-8201-a42434ab911d_mean_v0.wav","/C/gun_explosion_a0a388e0","[""/C/gun_explosion_a0a388e0""]","gun_explosion","[""gun_explosion""]","/home/andres/Documentos/proyecto4geeks/data/raw/edge-collected-gunshot-audio/gunshot/35130728-b7b6-49ed-8201-a42434ab911d_mean_v0.wav","edge-collected-gunshot-audio","train","","True","True","True","wav","5.491","44100","Mono","32","1411200","945.89","2021-12-03 20:27:24"
"15d53f4b-0e9d-476e-b321-6ca604f89412_chan0_v0.wav","/C/gun_explosion_a0a388e0","[""/C/gun_explosion_a0a388e0""]","gun_explosion","[""gun_explosion""]","/home/andres/Documentos/proyecto4geeks/data/raw/edge-collected-gunshot-audio/gunshot/15d53f4b-0e9d-476e-b321-6ca604f89412_chan0_v0.wav","edge-collected-gunshot-audio","test","","True","True","True","wav","4.582","44100","Mono","32","1411200","789.42","2021-12-03 20:28:42"
"972e5199-b99c-4f49-b006-ec7c2903f2ee_chan4_v0.wav","/C/gun_explosion_a0a388e0","[""/C/gun_explosion_a0a388e0""]","gun_explosion","[""gun_explosion""]","/home/andres/Documentos/proyecto4geeks/data/raw/edge-collected-gunshot-audio/gunshot/972e5199-b99c-4f49-b006-ec7c2903f2ee_chan4_v0.wav","edge-collected-gunshot-audio","train","","True","True","True","wav","3.75","44100","Mono","32","1411200","646.05","2021-12-03 20:29:08"
"691cf1d4-6923-4f9c-a2a6-f4026af7a77f_v0.wav","/C/gun_explosion_a0a388e0","[""/C/gun_explosion_a0a388e0""]","gun_explosion","[""gun_explosion""]","/home/andres/Documentos/proyecto4geeks/data/raw/edge-collected-gunshot-audio/gunshot/691cf1d4-6923-4f9c-a2a6-f4026af7a77f_v0.wav","edge-collected-gunshot-audio","train","","True","True","True","wav","5.568","44100","Mono","32","1411200","959.25","2021-12-03 20:28:58"
"03fc4685-909e-42c5-aff0-f519f1d14b12_mean_v0.wav","/C/gun_explosion_a0a388e0","[""/C/gun_explosion_a0a388e0""]","gun_explosion","[""gun_explosion""]","/home/andres/Documentos/proyecto4geeks/data/raw/edge-collected-gunshot-audio/gunshot/03fc4685-909e-42c5-aff0-f519f1d14b12_mean_v0.wav","edge-collected-gunshot-audio","train","","True","True","True","wav","5.016","44100","Mono","32","1411200","864.21","2021-12-03 20:27:16"
"cad6cdd9-faca-4577-95f4-4be31f757b0c_mean_v1.wav","/C/gun_explosion_a0a388e0","[""/C/gun_explosion_a0a388e0""]","gun_explosion","[""gun_explosion""]","/home/andres/Documentos/proyecto4geeks/data/raw/edge-collected-gunshot-audio/gunshot/cad6cdd9-faca-4577-95f4-4be31f757b0c_mean_v1.wav","edge-collected-gunshot-audio","train","","True","True","True","wav","6.088","44100","Mono","32","1411200","1048.75","2021-12-03 20:27:10"
"b8524626-8850-45ce-8ed4-c8158a58d19c_v3.wav","/C/gun_explosion_a0a388e0","[""/C/gun_explosion_a0a388e0""]","gun_explosion","[""gun_explosion""]","/home/andres/Documentos/proyecto4geeks/data/raw/edge-collected-gunshot-audio/gunshot/b8524626-8850-45ce-8ed4-c8158a58d19c_v3.wav","edge-collected-gunshot-audio","train","","True","True","True","wav","3.75","44100","Mono","32","1411200","646.05","2021-12-03 20:27:08"
"640ba6fd-94c7-4dc7-8efd-0a50166086e3_v5.wav","/C/gun_explosion_a0a388e0","[""/C/gun_explosion_a0a388e0""]","gun_explosion","[""gun_explosion""]","/home/andres/Documentos/proyecto4geeks/data/raw/edge-collected-gunshot-audio/gunshot/640ba6fd-94c7-4dc7-8efd-0a50166086e3_v5.wav","edge-collected-gunshot-audio","train","","True","True","True","wav","3.75","44100","Mono","32","1411200","646.05","2021-12-03 20:28:56"
"654f10ea-c2b0-46de-96c8-defc0b4bf8ee_v0.wav","/C/gun_explosion_a0a388e0","[""/C/gun_explosion_a0a388e0""]","gun_explosion","[""gun_explosion""]","/home/andres/Documentos/proyecto4geeks/data/raw/edge-collected-gunshot-audio/gunshot/654f10ea-c2b0-46de-96c8-defc0b4bf8ee_v0.wav","edge-collected-gunshot-audio","test","","True","True","True","wav","8.667","44100","Mono","32","1411200","1493.07","2021-12-03 20:27:02"
"22ed4ab2-febd-4d74-9777-ea4f8c6469ae_chan6_v0.wav","/C/gun_explosion_a0a388e0","[""/C/gun_explosion_a0a388e0""]","gun_explosion","[""gun_explosion""]","/home/andres/Documentos/proyecto4geeks/data/raw/edge-collected-gunshot-audio/gunshot/22ed4ab2-febd-4d74-9777-ea4f8c6469ae_chan6_v0.wav","edge-collected-gunshot-audio","train","","True","True","True","wav","3.75","44100","Mono","32","1411200","646.05","2021-12-03 20:28:04"
"dd9aa26c-2b08-41fe-85e3-fbc36613ebb0_chan0_v0.wav","/C/gun_explosion_a0a388e0","[""/C/gun_explosion_a0a388e0""]","gun_explosion","[""gun_explosion""]","/home/andres/Documentos/proyecto4geeks/data/raw/edge-collected-gunshot-audio/gunshot/dd9aa26c-2b08-41fe-85e3-fbc36613ebb0_chan0_v0.wav","edge-collected-gunshot-audio","train","","True","True","True","wav","5.509","44100","Mono","32","1411200","949.06","2021-12-03 20:29:22"
"b6bf5729-5fdb-432d-94d2-2b6c11d4c010_v3.wav","/C/gun_explosion_a0a388e0","[""/C/gun_explosion_a0a388e0""]","gun_explosion","[""gun_explosion""]","/home/andres/Documentos/proyecto4geeks/data/raw/edge-collected-gunshot-audio/gunshot/b6bf5729-5fdb-432d-94d2-2b6c11d4c010_v3.wav","edge-collected-gunshot-audio","train","","True","True","True","wav","3.75","44100","Mono","32","1411200","646.05","2021-12-03 20:27:38"
"77ac463c-098c-484a-8394-66285cc161a4_chan1_v1.wav","/C/gun_explosion_a0a388e0","[""/C/gun_explosion_a0a388e0""]","gun_explosion","[""gun_explosion""]","/home/andres/Documentos/proyecto4geeks/data/raw/edge-collected-gunshot-audio/gunshot/77ac463c-098c-484a-8394-66285cc161a4_chan1_v1.wav","edge-collected-gunshot-audio","train","","True","True","True","wav","4.366","44100","Mono","32","1411200","752.17","2021-12-03 20:27:02"
"8e797a44-9626-4a68-a143-98cc447fbca2_v3.wav","/C/gun_explosion_a0a388e0","[""/C/gun_explosion_a0a388e0""]","gun_explosion","[""gun_explosion""]","/home/andres/Documentos/proyecto4geeks/data/raw/edge-collected-gunshot-audio/gunshot/8e797a44-9626-4a68-a143-98cc447fbca2_v3.wav","edge-collected-gunshot-audio","test","","True","True","True","wav","3.75","44100","Mono","32","1411200","646.05","2021-12-03 20:29:06"
"1fab478a-049c-40e2-8662-8102e3501d67_chan1_v0.wav","/C/gun_explosion_a0a388e0","[""/C/gun_explosion_a0a388e0""]","gun_explosion","[""gun_explosion""]","/home/andres/Documentos/proyecto4geeks/data/raw/edge-collected-gunshot-audio/gunshot/1fab478a-049c-40e2-8662-8102e3501d67_chan1_v0.wav","edge-collected-gunshot-audio","train","","True","True","True","wav","3.104","44100","Mono","32","1411200","534.79","2021-12-03 20:26:54"
"4a128997-7f4e-4e11-8136-69c778f6711c_mean_v0.wav","/C/gun_explosion_a0a388e0","[""/C/gun_explosion_a0a388e0""]","gun_explosion","[""gun_explosion""]","/home/andres/Documentos/proyecto4geeks/data/raw/edge-collected-gunshot-audio/gunshot/4a128997-7f4e-4e11-8136-69c778f6711c_mean_v0.wav","edge-collected-gunshot-audio","train","","True","True","True","wav","4.457","44100","Mono","32","1411200","767.78","2021-12-03 20:28:08"
"d41d4367-070a-48f8-b457-7f0897caea99_v0.wav","/C/gun_explosion_a0a388e0","[""/C/gun_explosion_a0a388e0""]","gun_explosion","[""gun_explosion""]","/home/andres/Documentos/proyecto4geeks/data/raw/edge-collected-gunshot-audio/gunshot/d41d4367-070a-48f8-b457-7f0897caea99_v0.wav","edge-collected-gunshot-audio","test","","True","True","True","wav","3.75","44100","Mono","32","1411200","646.05","2021-12-03 20:28:34"
"e481969e-a5dc-4de9-9300-0b91b66a3a07_chan3_v0.wav","/C/gun_explosion_a0a388e0","[""/C/gun_explosion_a0a388e0""]","gun_explosion","[""gun_explosion""]","/home/andres/Documentos/proyecto4geeks/data/raw/edge-collected-gunshot-audio/gunshot/e481969e-a5dc-4de9-9300-0b91b66a3a07_chan3_v0.wav","edge-collected-gunshot-audio","train","","True","True","True","wav","4.371","44100","Mono","32","1411200","752.98","2021-12-03 20:29:24"
"c0b2e1a0-0ad1-485b-9df8-af37612ac034_chan1_v2.wav","/C/gun_explosion_a0a388e0","[""/C/gun_explosion_a0a388e0""]","gun_explosion","[""gun_explosion""]","/home/andres/Documentos/proyecto4geeks/data/raw/edge-collected-gunshot-audio/gunshot/c0b2e1a0-0ad1-485b-9df8-af37612ac034_chan1_v2.wav","edge-collected-gunshot-audio","train","","True","True","True","wav","3.75","44100","Mono","32","1411200","646.05","2021-12-03 20:27:42"
"090f69a9-885c-45fb-a807-f2661aaeb165_mean_v2.wav","/C/gun_explosion_a0a388e0","[""/C/gun_explosion_a0a388e0""]","gun_explosion","[""gun_explosion""]","/home/andres/Documentos/proyecto4geeks/data/raw/edge-collected-gunshot-audio/gunshot/090f69a9-885c-45fb-a807-f2661aaeb165_mean_v2.wav","edge-collected-gunshot-audio","test","","True","True","True","wav","6.008","44100","Mono","32","1411200","1035.08","2021-12-03 20:27:20"
"bfcbf987-3056-4cf3-a40b-b209a365b672_chan0_v0.wav","/C/gun_explosion_a0a388e0","[""/C/gun_explosion_a0a388e0""]","gun_explosion","[""gun_explosion""]","/home/andres/Documentos/proyecto4geeks/data/raw/edge-collected-gunshot-audio/gunshot/bfcbf987-3056-4cf3-a40b-b209a365b672_chan0_v0.wav","edge-collected-gunshot-audio","train","","True","True","True","wav","4.283","44100","Mono","32","1411200","737.83","2021-12-03 20:27:40"
"eb455e19-de3e-4198-accd-5aa97ffd1b78_v0.wav","/C/gun_explosion_a0a388e0","[""/C/gun_explosion_a0a388e0""]","gun_explosion","[""gun_explosion""]","/home/andres/Documentos/proyecto4geeks/data/raw/edge-collected-gunshot-audio/gunshot/eb455e19-de3e-4198-accd-5aa97ffd1b78_v0.wav","edge-collected-gunshot-audio","train","","True","True","True","wav","3.417","44100","Mono","32","1411200","588.76","2021-12-03 20:28:40"
"d3a364a1-f1fa-402b-8e7a-d7f57192508c_chan3_v0.wav","/C/gun_explosion_a0a388e0","[""/C/gun_explosion_a0a388e0""]","gun_explosion","[""gun_explosion""]","/home/andres/Documentos/proyecto4geeks/data/raw/edge-collected-gunshot-audio/gunshot/d3a364a1-f1fa-402b-8e7a-d7f57192508c_chan3_v0.wav","edge-collected-gunshot-audio","train","","True","True","True","wav","2.912","44100","Mono","32","1411200","501.7","2021-12-03 20:28:34"
"51e8f00c-9563-46b7-ab98-430ce0e62493_v2.wav","/C/gun_explosion_a0a388e0","[""/C/gun_explosion_a0a388e0""]","gun_explosion","[""gun_explosion""]","/home/andres/Documentos/proyecto4geeks/data/raw/edge-collected-gunshot-audio/gunshot/51e8f00c-9563-46b7-ab98-430ce0e62493_v2.wav","edge-collected-gunshot-audio","train","","True","True","True","wav","5.925","44100","Mono","32","1411200","1020.65","2021-12-03 20:28:52"
"3c7089ad-a3ef-4159-b45c-a57cc64fa254_chan3_v0.wav","/C/gun_explosion_a0a388e0","[""/C/gun_explosion_a0a388e0""]","gun_explosion","[""gun_explosion""]","/home/andres/Documentos/proyecto4geeks/data/raw/edge-collected-gunshot-audio/gunshot/3c7089ad-a3ef-4159-b45c-a57cc64fa254_chan3_v0.wav","edge-collected-gunshot-audio","train","","True","True","True","wav","3.75","44100","Mono","32","1411200","646.05","2021-12-03 20:27:26"
"f70ba937-5d7f-41d5-85db-9b8fb50e4a8d_v0.wav","/C/gun_explosion_a0a388e0","[""/C/gun_explosion_a0a388e0""]","gun_explosion","[""gun_explosion""]","/home/andres/Documentos/proyecto4geeks/data/raw/edge-collected-gunshot-audio/gunshot/f70ba937-5d7f-41d5-85db-9b8fb50e4a8d_v0.wav","edge-collected-gunshot-audio","test","","True","True","True","wav","3.75","44100","Mono","32","1411200","646.05","2021-12-03 20:27:14"
"a27a21fe-c4ef-46ef-9cf9-fbcb8c1c9dc3_v0.wav","/C/gun_explosion_a0a388e0","[""/C/gun_explosion_a0a388e0""]","gun_explosion","[""gun_explosion""]","/home/andres/Documentos/proyecto4geeks/data/raw/edge-collected-gunshot-audio/gunshot/a27a21fe-c4ef-46ef-9cf9-fbcb8c1c9dc3_v0.wav","edge-collected-gunshot-audio","train","","True","True","True","wav","5.715","44100","Mono","32","1411200","984.54","2021-12-03 20:29:10"
"5cb2087f-9407-45a7-80aa-9ea7a5df275f_chan3_v0.wav","/C/gun_explosion_a0a388e0","[""/C/gun_explosion_a0a388e0""]","gun_explosion","[""gun_explosion""]","/home/andres/Documentos/proyecto4geeks/data/raw/edge-collected-gunshot-audio/gunshot/5cb2087f-9407-45a7-80aa-9ea7a5df275f_chan3_v0.wav","edge-collected-gunshot-audio","train","","True","True","True","wav","3.619","44100","Mono","32","1411200","623.46","2021-12-03 20:28:12"
"1fab478a-049c-40e2-8662-8102e3501d67_mean_v0.wav","/C/gun_explosion_a0a388e0","[""/C/gun_explosion_a0a388e0""]","gun_explosion","[""gun_explosion""]","/home/andres/Documentos/proyecto4geeks/data/raw/edge-collected-gunshot-audio/gunshot/1fab478a-049c-40e2-8662-8102e3501d67_mean_v0.wav","edge-collected-gunshot-audio","train","","True","True","True","wav","3.104","44100","Mono","32","1411200","534.78","2021-12-03 20:26:54"
"10b9773c-446d-4272-b88b-2f6af91dc413_v0.wav","/C/gun_explosion_a0a388e0","[""/C/gun_explosion_a0a388e0""]","gun_explosion","[""gun_explosion""]","/home/andres/Documentos/proyecto4geeks/data/raw/edge-collected-gunshot-audio/gunshot/10b9773c-446d-4272-b88b-2f6af91dc413_v0.wav","edge-collected-gunshot-audio","test","","True","True","True","wav","5.046","44100","Mono","32","1411200","869.39","2021-12-03 20:27:58"
"e2f3a120-6fcd-4760-917d-bb03ebff63d8_chan0_v2.wav","/C/gun_explosion_a0a388e0","[""/C/gun_explosion_a0a388e0""]","gun_explosion","[""gun_explosion""]","/home/andres/Documentos/proyecto4geeks/data/raw/edge-collected-gunshot-audio/gunshot/e2f3a120-6fcd-4760-917d-bb03ebff63d8_chan0_v2.wav","edge-collected-gunshot-audio","train","","True","True","True","wav","3.75","44100","Mono","32","1411200","646.05","2021-12-03 20:27:48"
"1a1db5f5-080b-4b6d-9c77-0fe675aed427_chan2_v0.wav","/C/gun_explosion_a0a388e0","[""/C/gun_explosion_a0a388e0""]","gun_explosion","[""gun_explosion""]","/home/andres/Documentos/proyecto4geeks/data/raw/edge-collected-gunshot-audio/gunshot/1a1db5f5-080b-4b6d-9c77-0fe675aed427_chan2_v0.wav","edge-collected-gunshot-audio","train","","True","True","True","wav","5.695","44100","Mono","32","1411200","981.12","2021-12-03 20:27:22"
"9a7f2d4b-5bf1-46f4-bcbc-56b1c8c067c1_chan2_v0.wav","/C/gun_explosion_a0a388e0","[""/C/gun_explosion_a0a388e0""]","gun_explosion","[""gun_explosion""]","/home/andres/Documentos/proyecto4geeks/data/raw/edge-collected-gunshot-audio/gunshot/9a7f2d4b-5bf1-46f4-bcbc-56b1c8c067c1_chan2_v0.wav","edge-collected-gunshot-audio","train","","True","True","True","wav","2.157","44100","Mono","32","1411200","371.59","2021-12-03 20:29:10"
"e0b5c3ba-b47b-49ff-a727-5946c108798c_chan1_v0.wav","/C/gun_explosion_a0a388e0","[""/C/gun_explosion_a0a388e0""]","gun_explosion","[""gun_explosion""]","/home/andres/Documentos/proyecto4geeks/data/raw/edge-collected-gunshot-audio/gunshot/e0b5c3ba-b47b-49ff-a727-5946c108798c_chan1_v0.wav","edge-collected-gunshot-audio","train","","True","True","True","wav","5.74","44100","Mono","32","1411200","988.85","2021-12-03 20:29:24"
"6f48638e-2508-467e-89c7-34648cfd0699_chan6_v0.wav","/C/gun_explosion_a0a388e0","[""/C/gun_explosion_a0a388e0""]","gun_explosion","[""gun_explosion""]","/home/andres/Documentos/proyecto4geeks/data/raw/edge-collected-gunshot-audio/gunshot/6f48638e-2508-467e-89c7-34648cfd0699_chan6_v0.wav","edge-collected-gunshot-audio","test","","True","True","True","wav","3.928","44100","Mono","32","1411200","676.74","2021-12-03 20:28:58"
"d1fa442d-a890-42c4-b186-f5196099ace7_chan0_v0.wav","/C/gun_explosion_a0a388e0","[""/C/gun_explosion_a0a388e0""]","gun_explosion","[""gun_explosion""]","/home/andres/Documentos/proyecto4geeks/data/raw/edge-collected-gunshot-audio/gunshot/d1fa442d-a890-42c4-b186-f5196099ace7_chan0_v0.wav","edge-collected-gunshot-audio","train","","True","True","True","wav","2.648","44100","Mono","32","1411200","456.15","2021-12-03 20:28:32"
"53000525-24f8-4e7b-b96e-0d15d6c1f2c3_v0.wav","/C/gun_explosion_a0a388e0","[""/C/gun_explosion_a0a388e0""]","gun_explosion","[""gun_explosion""]","/home/andres/Documentos/proyecto4geeks/data/raw/edge-collected-gunshot-audio/gunshot/53000525-24f8-4e7b-b96e-0d15d6c1f2c3_v0.wav","edge-collected-gunshot-audio","train","","True","True","True","wav","4.371","44100","Mono","32","1411200","753.08","2021-12-03 20:28:10"
"adf63c42-6a31-4a4a-95c2-8cce6ce1894e_v1.wav","/C/gun_explosion_a0a388e0","[""/C/gun_explosion_a0a388e0""]","gun_explosion","[""gun_explosion""]","/home/andres/Documentos/proyecto4geeks/data/raw/edge-collected-gunshot-audio/gunshot/adf63c42-6a31-4a4a-95c2-8cce6ce1894e_v1.wav","edge-collected-gunshot-audio","train","","True","True","True","wav","2.0","44100","Mono","32","1411200","344.59","2021-12-03 20:27:08"
"8e797a44-9626-4a68-a143-98cc447fbca2_v1.wav","/C/gun_explosion_a0a388e0","[""/C/gun_explosion_a0a388e0""]","gun_explosion","[""gun_explosion""]","/home/andres/Documentos/proyecto4geeks/data/raw/edge-collected-gunshot-audio/gunshot/8e797a44-9626-4a68-a143-98cc447fbca2_v1.wav","edge-collected-gunshot-audio","train","","True","True","True","wav","3.75","44100","Mono","32","1411200","646.05","2021-12-03 20:29:06"
"38ca03e0-5aaa-44bb-b80e-34fd62bcf0c6_v0.wav","/C/gun_explosion_a0a388e0","[""/C/gun_explosion_a0a388e0""]","gun_explosion","[""gun_explosion""]","/home/andres/Documentos/proyecto4geeks/data/raw/edge-collected-gunshot-audio/gunshot/38ca03e0-5aaa-44bb-b80e-34fd62bcf0c6_v0.wav","edge-collected-gunshot-audio","train","","True","True","True","wav","5.067","44100","Mono","32","1411200","872.88","2021-12-03 20:28:06"
"77ac463c-098c-484a-8394-66285cc161a4_chan5_v0.wav","/C/gun_explosion_a0a388e0","[""/C/gun_explosion_a0a388e0""]","gun_explosion","[""gun_explosion""]","/home/andres/Documentos/proyecto4geeks/data/raw/edge-collected-gunshot-audio/gunshot/77ac463c-098c-484a-8394-66285cc161a4_chan5_v0.wav","edge-collected-gunshot-audio","train","","True","True","True","wav","3.75","44100","Mono","32","1411200","646.05","2021-12-03 20:27:04"
"3f294bc9-6278-4040-bbff-7547ca7ecde3_chan2_v0.wav","/C/gun_explosion_a0a388e0","[""/C/gun_explosion_a0a388e0""]","gun_explosion","[""gun_explosion""]","/home/andres/Documentos/proyecto4geeks/data/raw/edge-collected-gunshot-audio/gunshot/3f294bc9-6278-4040-bbff-7547ca7ecde3_chan2_v0.wav","edge-collected-gunshot-audio","test","","True","True","True","wav","4.553","44100","Mono","32","1411200","784.32","2021-12-03 20:28:52"
"b5e04922-0cd9-4810-86d3-9f93e16124ad_v0.wav","/C/gun_explosion_a0a388e0","[""/C/gun_explosion_a0a388e0""]","gun_explosion","[""gun_explosion""]","/home/andres/Documentos/proyecto4geeks/data/raw/edge-collected-gunshot-audio/gunshot/b5e04922-0cd9-4810-86d3-9f93e16124ad_v0.wav","edge-collected-gunshot-audio","train","","True","True","True","wav","4.89","44100","Mono","32","1411200","842.4","2021-12-03 20:29:16"
"0f9222e9-7896-4a30-b161-092a2931ebb8_v2.wav","/C/gun_explosion_a0a388e0","[""/C/gun_explosion_a0a388e0""]","gun_explosion","[""gun_explosion""]","/home/andres/Documentos/proyecto4geeks/data/raw/edge-collected-gunshot-audio/gunshot/0f9222e9-7896-4a30-b161-092a2931ebb8_v2.wav","edge-collected-gunshot-audio","train","","True","True","True","wav","2.0","44100","Mono","32","1411200","344.59","2021-12-03 20:27:58"
"1a6c051f-185a-479c-957b-55259fcbf287_chan6_v0.wav","/C/gun_explosion_a0a388e0","[""/C/gun_explosion_a0a388e0""]","gun_explosion","[""gun_explosion""]","/home/andres/Documentos/proyecto4geeks/data/raw/edge-collected-gunshot-audio/gunshot/1a6c051f-185a-479c-957b-55259fcbf287_chan6_v0.wav","edge-collected-gunshot-audio","train","","True","True","True","wav","5.918","44100","Mono","32","1411200","1019.57","2021-12-03 20:26:52"
"bdeb48ea-313d-44e5-8148-263c50dc53f0_chan0_v0.wav","/C/gun_explosion_a0a388e0","[""/C/gun_explosion_a0a388e0""]","gun_explosion","[""gun_explosion""]","/home/andres/Documentos/proyecto4geeks/data/raw/edge-collected-gunshot-audio/gunshot/bdeb48ea-313d-44e5-8148-263c50dc53f0_chan0_v0.wav","edge-collected-gunshot-audio","test","","True","True","True","wav","6.928","44100","Mono","32","1411200","1193.53","2021-12-03 20:27:08"
"79e3a045-8093-4614-9ea1-ad5643d61a1e_chan6_v0.wav","/C/gun_explosion_a0a388e0","[""/C/gun_explosion_a0a388e0""]","gun_explosion","[""gun_explosion""]","/home/andres/Documentos/proyecto4geeks/data/raw/edge-collected-gunshot-audio/gunshot/79e3a045-8093-4614-9ea1-ad5643d61a1e_chan6_v0.wav","edge-collected-gunshot-audio","train","","True","True","True","wav","3.308","44100","Mono","32","1411200","569.83","2021-12-03 20:27:32"
"6320dc5c-a956-40b8-a664-45f1edcf3b3b_chan6_v1.wav","/C/gun_explosion_a0a388e0","[""/C/gun_explosion_a0a388e0""]","gun_explosion","[""gun_explosion""]","/home/andres/Documentos/proyecto4geeks/data/raw/edge-collected-gunshot-audio/gunshot/6320dc5c-a956-40b8-a664-45f1edcf3b3b_chan6_v1.wav","edge-collected-gunshot-audio","test","","True","True","True","wav","3.75","44100","Mono","32","1411200","646.05","2021-12-03 20:27:32"
"549ae4a3-3088-47c6-9804-882b81f7f69e_chan3_v0.wav","/C/gun_explosion_a0a388e0","[""/C/gun_explosion_a0a388e0""]","gun_explosion","[""gun_explosion""]","/home/andres/Documentos/proyecto4geeks/data/raw/edge-collected-gunshot-audio/gunshot/549ae4a3-3088-47c6-9804-882b81f7f69e_chan3_v0.wav","edge-collected-gunshot-audio","train","","True","True","True","wav","3.75","44100","Mono","32","1411200","646.05","2021-12-03 20:26:58"
"6537c3f6-89ca-48f3-8bf0-7f1370c3ef16_v0.wav","/C/gun_explosion_a0a388e0","[""/C/gun_explosion_a0a388e0""]","gun_explosion","[""gun_explosion""]","/home/andres/Documentos/proyecto4geeks/data/raw/edge-collected-gunshot-audio/gunshot/6537c3f6-89ca-48f3-8bf0-7f1370c3ef16_v0.wav","edge-collected-gunshot-audio","train","","True","True","True","wav","9.468","44100","Mono","32","1411200","1631.15","2021-12-03 20:28:56"
"9b5c4fdb-b0ee-447d-ae1b-1d4576660a4e_v3.wav","/C/gun_explosion_a0a388e0","[""/C/gun_explosion_a0a388e0""]","gun_explosion","[""gun_explosion""]","/home/andres/Documentos/proyecto4geeks/data/raw/edge-collected-gunshot-audio/gunshot/9b5c4fdb-b0ee-447d-ae1b-1d4576660a4e_v3.wav","edge-collected-gunshot-audio","test","","True","True","True","wav","3.75","44100","Mono","32","1411200","646.05","2021-12-03 20:29:10"
"5f196719-60e8-4771-b3a1-62d26c577473_chan5_v0.wav","/C/gun_explosion_a0a388e0","[""/C/gun_explosion_a0a388e0""]","gun_explosion","[""gun_explosion""]","/home/andres/Documentos/proyecto4geeks/data/raw/edge-collected-gunshot-audio/gunshot/5f196719-60e8-4771-b3a1-62d26c577473_chan5_v0.wav","edge-collected-gunshot-audio","train","","True","True","True","wav","3.75","44100","Mono","32","1411200","646.05","2021-12-03 20:28:14"
"915c67a7-82af-476d-8fa6-e321c891e669_chan6_v0.wav","/C/gun_explosion_a0a388e0","[""/C/gun_explosion_a0a388e0""]","gun_explosion","[""gun_explosion""]","/home/andres/Documentos/proyecto4geeks/data/raw/edge-collected-gunshot-audio/gunshot/915c67a7-82af-476d-8fa6-e321c891e669_chan6_v0.wav","edge-collected-gunshot-audio","train","","True","True","True","wav","3.669","44100","Mono","32","1411200","632.09","2021-12-03 20:29:06"
"6f48638e-2508-467e-89c7-34648cfd0699_chan5_v0.wav","/C/gun_explosion_a0a388e0","[""/C/gun_explosion_a0a388e0""]","gun_explosion","[""gun_explosion""]","/home/andres/Documentos/proyecto4geeks/data/raw/edge-collected-gunshot-audio/gunshot/6f48638e-2508-467e-89c7-34648cfd0699_chan5_v0.wav","edge-collected-gunshot-audio","train","","True","True","True","wav","3.733","44100","Mono","32","1411200","643.06","2021-12-03 20:28:58"
"972e5199-b99c-4f49-b006-ec7c2903f2ee_chan1_v1.wav","/C/gun_explosion_a0a388e0","[""/C/gun_explosion_a0a388e0""]","gun_explosion","[""gun_explosion""]","/home/andres/Documentos/proyecto4geeks/data/raw/edge-collected-gunshot-audio/gunshot/972e5199-b99c-4f49-b006-ec7c2903f2ee_chan1_v1.wav","edge-collected-gunshot-audio","test","","True","True","True","wav","8.457","44100","Mono","32","1411200","1456.94","2021-12-03 20:29:08"
"9b5c4fdb-b0ee-447d-ae1b-1d4576660a4e_v1.wav","/C/gun_explosion_a0a388e0","[""/C/gun_explosion_a0a388e0""]","gun_explosion","[""gun_explosion""]","/home/andres/Documentos/proyecto4geeks/data/raw/edge-collected-gunshot-audio/gunshot/9b5c4fdb-b0ee-447d-ae1b-1d4576660a4e_v1.wav","edge-collected-gunshot-audio","train","","True","True","True","wav","3.75","44100","Mono","32","1411200","646.05","2021-12-03 20:29:10"
"a39107e3-e899-458f-bc52-1340d67fbbb4_chan6_v0.wav","/C/gun_explosion_a0a388e0","[""/C/gun_explosion_a0a388e0""]","gun_explosion","[""gun_explosion""]","/home/andres/Documentos/proyecto4geeks/data/raw/edge-collected-gunshot-audio/gunshot/a39107e3-e899-458f-bc52-1340d67fbbb4_chan6_v0.wav","edge-collected-gunshot-audio","train","","True","True","True","wav","3.675","44100","Mono","32","1411200","633.13","2021-12-03 20:29:10"
"4a7d254f-44ac-4f83-b931-c1d683486577_chan4_v0.wav","/C/gun_explosion_a0a388e0","[""/C/gun_explosion_a0a388e0""]","gun_explosion","[""gun_explosion""]","/home/andres/Documentos/proyecto4geeks/data/raw/edge-collected-gunshot-audio/gunshot/4a7d254f-44ac-4f83-b931-c1d683486577_chan4_v0.wav","edge-collected-gunshot-audio","train","","True","True","True","wav","5.59","44100","Mono","32","1411200","962.96","2021-12-03 20:28:08"
"d31ded50-a23a-4ca0-b528-3fed60c7a647_chan1_v0.wav","/C/gun_explosion_a0a388e0","[""/C/gun_explosion_a0a388e0""]","gun_explosion","[""gun_explosion""]","/home/andres/Documentos/proyecto4geeks/data/raw/edge-collected-gunshot-audio/gunshot/d31ded50-a23a-4ca0-b528-3fed60c7a647_chan1_v0.wav","edge-collected-gunshot-audio","train","","True","True","True","wav","3.742","44100","Mono","32","1411200","644.63","2021-12-03 20:28:34"
"7bf0aede-a406-4fd5-9ed2-557755d462b0_v1.wav","/C/gun_explosion_a0a388e0","[""/C/gun_explosion_a0a388e0""]","gun_explosion","[""gun_explosion""]","/home/andres/Documentos/proyecto4geeks/data/raw/edge-collected-gunshot-audio/gunshot/7bf0aede-a406-4fd5-9ed2-557755d462b0_v1.wav","edge-collected-gunshot-audio","train","","True","True","True","wav","3.75","44100","Mono","32","1411200","646.05","2021-12-03 20:28:20"
"b1d2893a-ebed-47dc-9dfa-4577b6175187_v0.wav","/C/gun_explosion_a0a388e0","[""/C/gun_explosion_a0a388e0""]","gun_explosion","[""gun_explosion""]","/home/andres/Documentos/proyecto4geeks/data/raw/edge-collected-gunshot-audio/gunshot/b1d2893a-ebed-47dc-9dfa-4577b6175187_v0.wav","edge-collected-gunshot-audio","train","","True","True","True","wav","3.366","44100","Mono","32","1411200","579.83","2021-12-03 20:27:38"
"53bcb695-4358-46b3-9f96-d2d2a07bfb87_v1.wav","/C/gun_explosion_a0a388e0","[""/C/gun_explosion_a0a388e0""]","gun_explosion","[""gun_explosion""]","/home/andres/Documentos/proyecto4geeks/data/raw/edge-collected-gunshot-audio/gunshot/53bcb695-4358-46b3-9f96-d2d2a07bfb87_v1.wav","edge-collected-gunshot-audio","train","","True","True","True","wav","8.756","44100","Mono","32","1411200","1508.46","2021-12-03 20:28:10"
"549ae4a3-3088-47c6-9804-882b81f7f69e_chan6_v0.wav","/C/gun_explosion_a0a388e0","[""/C/gun_explosion_a0a388e0""]","gun_explosion","[""gun_explosion""]","/home/andres/Documentos/proyecto4geeks/data/raw/edge-collected-gunshot-audio/gunshot/549ae4a3-3088-47c6-9804-882b81f7f69e_chan6_v0.wav","edge-collected-gunshot-audio","train","","True","True","True","wav","3.75","44100","Mono","32","1411200","646.05","2021-12-03 20:27:00"
"0a7c0396-3ac7-462d-b1f6-c73243eb6865_mean_v1.wav","/C/gun_explosion_a0a388e0","[""/C/gun_explosion_a0a388e0""]","gun_explosion","[""gun_explosion""]","/home/andres/Documentos/proyecto4geeks/data/raw/edge-collected-gunshot-audio/gunshot/0a7c0396-3ac7-462d-b1f6-c73243eb6865_mean_v1.wav","edge-collected-gunshot-audio","train","","True","True","True","wav","3.75","44100","Mono","32","1411200","646.05","2021-12-03 20:27:20"
"7d451790-0f0d-45e5-92fc-cbc68ede0a79_chan4_v0.wav","/C/gun_explosion_a0a388e0","[""/C/gun_explosion_a0a388e0""]","gun_explosion","[""gun_explosion""]","/home/andres/Documentos/proyecto4geeks/data/raw/edge-collected-gunshot-audio/gunshot/7d451790-0f0d-45e5-92fc-cbc68ede0a79_chan4_v0.wav","edge-collected-gunshot-audio","train","","True","True","True","wav","4.681","44100","Mono","32","1411200","806.45","2021-12-03 20:29:02"
"1c640d36-5831-494f-9707-4f02debe6a68_v1.wav","/C/gun_explosion_a0a388e0","[""/C/gun_explosion_a0a388e0""]","gun_explosion","[""gun_explosion""]","/home/andres/Documentos/proyecto4geeks/data/raw/edge-collected-gunshot-audio/gunshot/1c640d36-5831-494f-9707-4f02debe6a68_v1.wav","edge-collected-gunshot-audio","test","","True","True","True","wav","3.75","44100","Mono","32","1411200","646.05","2021-12-03 20:28:46"
"f771a47d-d067-4afe-a9f8-2b8a0661785b_chan1_v0.wav","/C/gun_explosion_a0a388e0","[""/C/gun_explosion_a0a388e0""]","gun_explosion","[""gun_explosion""]","/home/andres/Documentos/proyecto4geeks/data/raw/edge-collected-gunshot-audio/gunshot/f771a47d-d067-4afe-a9f8-2b8a0661785b_chan1_v0.wav","edge-collected-gunshot-audio","train","","True","True","True","wav","8.539","44100","Mono","32","1411200","1470.99","2021-12-03 20:27:14"
"1298fc2a-4470-4cbd-a8c7-8c6e103d7c4f_chan6_v1.wav","/C/gun_explosion_a0a388e0","[""/C/gun_explosion_a0a388e0""]","gun_explosion","[""gun_explosion""]","/home/andres/Documentos/proyecto4geeks/data/raw/edge-collected-gunshot-audio/gunshot/1298fc2a-4470-4cbd-a8c7-8c6e103d7c4f_chan6_v1.wav","edge-collected-gunshot-audio","train","","True","True","True","wav","3.393","44100","Mono","32","1411200","584.63","2021-12-03 20:28:00"
"b0a13fed-0f85-467f-9355-4b6b5f88969c_chan3_v0.wav","/C/gun_explosion_a0a388e0","[""/C/gun_explosion_a0a388e0""]","gun_explosion","[""gun_explosion""]","/home/andres/Documentos/proyecto4geeks/data/raw/edge-collected-gunshot-audio/gunshot/b0a13fed-0f85-467f-9355-4b6b5f88969c_chan3_v0.wav","edge-collected-gunshot-audio","train","","True","True","True","wav","3.75","44100","Mono","32","1411200","646.05","2021-12-03 20:28:28"
"ab0375b1-c44a-4ad1-bb16-b009b51d52ec_v2.wav","/C/gun_explosion_a0a388e0","[""/C/gun_explosion_a0a388e0""]","gun_explosion","[""gun_explosion""]","/home/andres/Documentos/proyecto4geeks/data/raw/edge-collected-gunshot-audio/gunshot/ab0375b1-c44a-4ad1-bb16-b009b51d52ec_v2.wav","edge-collected-gunshot-audio","train","","True","True","True","wav","3.75","44100","Mono","32","1411200","646.05","2021-12-03 20:27:38"
"d5a15ea9-1077-4e5f-80a1-c4e856231489_chan4_v0.wav","/C/gun_explosion_a0a388e0","[""/C/gun_explosion_a0a388e0""]","gun_explosion","[""gun_explosion""]","/home/andres/Documentos/proyecto4geeks/data/raw/edge-collected-gunshot-audio/gunshot/d5a15ea9-1077-4e5f-80a1-c4e856231489_chan4_v0.wav","edge-collected-gunshot-audio","train","","True","True","True","wav","3.75","44100","Mono","32","1411200","646.05","2021-12-03 20:28:34"
"191df8d6-a4c9-4430-9ef8-e05c473fdbfb_chan1_v0.wav","/C/gun_explosion_a0a388e0","[""/C/gun_explosion_a0a388e0""]","gun_explosion","[""gun_explosion""]","/home/andres/Documentos/proyecto4geeks/data/raw/edge-collected-gunshot-audio/gunshot/191df8d6-a4c9-4430-9ef8-e05c473fdbfb_chan1_v0.wav","edge-collected-gunshot-audio","test","","True","True","True","wav","3.3","44100","Mono","32","1411200","568.56","2021-12-03 20:28:44"
"e9b3d683-c7ec-4e77-9d3b-963d30d641f7_mean_v0.wav","/C/gun_explosion_a0a388e0","[""/C/gun_explosion_a0a388e0""]","gun_explosion","[""gun_explosion""]","/home/andres/Documentos/proyecto4geeks/data/raw/edge-collected-gunshot-audio/gunshot/e9b3d683-c7ec-4e77-9d3b-963d30d641f7_mean_v0.wav","edge-collected-gunshot-audio","train","","True","True","True","wav","5.678","44100","Mono","32","1411200","978.21","2021-12-03 20:29:26"
"545023ab-9344-4ff1-b0a7-ef5eda73893d_chan4_v0.wav","/C/gun_explosion_a0a388e0","[""/C/gun_explosion_a0a388e0""]","gun_explosion","[""gun_explosion""]","/home/andres/Documentos/proyecto4geeks/data/raw/edge-collected-gunshot-audio/gunshot/545023ab-9344-4ff1-b0a7-ef5eda73893d_chan4_v0.wav","edge-collected-gunshot-audio","train","","True","True","True","wav","3.75","44100","Mono","32","1411200","646.05","2021-12-03 20:28:10"
"4a128997-7f4e-4e11-8136-69c778f6711c_chan0_v0.wav","/C/gun_explosion_a0a388e0","[""/C/gun_explosion_a0a388e0""]","gun_explosion","[""gun_explosion""]","/home/andres/Documentos/proyecto4geeks/data/raw/edge-collected-gunshot-audio/gunshot/4a128997-7f4e-4e11-8136-69c778f6711c_chan0_v0.wav","edge-collected-gunshot-audio","train","","True","True","True","wav","4.64","44100","Mono","32","1411200","799.37","2021-12-03 20:28:08"
"738f379b-fe71-4aea-a680-1f95dff38ef1_mean_v0.wav","/C/gun_explosion_a0a388e0","[""/C/gun_explosion_a0a388e0""]","gun_explosion","[""gun_explosion""]","/home/andres/Documentos/proyecto4geeks/data/raw/edge-collected-gunshot-audio/gunshot/738f379b-fe71-4aea-a680-1f95dff38ef1_mean_v0.wav","edge-collected-gunshot-audio","train","","True","True","True","wav","3.75","44100","Mono","32","1411200","646.05","2021-12-03 20:28:18"
"77ac463c-098c-484a-8394-66285cc161a4_chan6_v0.wav","/C/gun_explosion_a0a388e0","[""/C/gun_explosion_a0a388e0""]","gun_explosion","[""gun_explosion""]","/home/andres/Documentos/proyecto4geeks/data/raw/edge-collected-gunshot-audio/gunshot/77ac463c-098c-484a-8394-66285cc161a4_chan6_v0.wav","edge-collected-gunshot-audio","train","","True","True","True","wav","3.75","44100","Mono","32","1411200","646.05","2021-12-03 20:27:04"
"54b9c8d4-2a8d-4140-8bd8-3946b7284acb_mean_v0.wav","/C/gun_explosion_a0a388e0","[""/C/gun_explosion_a0a388e0""]","gun_explosion","[""gun_explosion""]","/home/andres/Documentos/proyecto4geeks/data/raw/edge-collected-gunshot-audio/gunshot/54b9c8d4-2a8d-4140-8bd8-3946b7284acb_mean_v0.wav","edge-collected-gunshot-audio","test","","True","True","True","wav","3.75","44100","Mono","32","1411200","646.05","2021-12-03 20:28:56"
"a8c56aac-4362-430b-8cd1-ed4832960441_chan6_v0.wav","/C/gun_explosion_a0a388e0","[""/C/gun_explosion_a0a388e0""]","gun_explosion","[""gun_explosion""]","/home/andres/Documentos/proyecto4geeks/data/raw/edge-collected-gunshot-audio/gunshot/a8c56aac-4362-430b-8cd1-ed4832960441_chan6_v0.wav","edge-collected-gunshot-audio","train","","True","True","True","wav","5.726","44100","Mono","32","1411200","986.42","2021-12-03 20:29:14"
"7bbf1085-7e14-44c0-9fe2-8ede26106efe_mean_v0.wav","/C/gun_explosion_a0a388e0","[""/C/gun_explosion_a0a388e0""]","gun_explosion","[""gun_explosion""]","/home/andres/Documentos/proyecto4geeks/data/raw/edge-collected-gunshot-audio/gunshot/7bbf1085-7e14-44c0-9fe2-8ede26106efe_mean_v0.wav","edge-collected-gunshot-audio","train","","True","True","True","wav","2.557","44100","Mono","32","1411200","440.5","2021-12-03 20:27:34"
"9cd245a4-21db-41ab-98e4-0a18f0456e71_chan2_v0.wav","/C/gun_explosion_a0a388e0","[""/C/gun_explosion_a0a388e0""]","gun_explosion","[""gun_explosion""]","/home/andres/Documentos/proyecto4geeks/data/raw/edge-collected-gunshot-audio/gunshot/9cd245a4-21db-41ab-98e4-0a18f0456e71_chan2_v0.wav","edge-collected-gunshot-audio","train","","True","True","True","wav","3.319","44100","Mono","32","1411200","571.76","2021-12-03 20:28:24"
"1a1db5f5-080b-4b6d-9c77-0fe675aed427_chan0_v0.wav","/C/gun_explosion_a0a388e0","[""/C/gun_explosion_a0a388e0""]","gun_explosion","[""gun_explosion""]","/home/andres/Documentos/proyecto4geeks/data/raw/edge-collected-gunshot-audio/gunshot/1a1db5f5-080b-4b6d-9c77-0fe675aed427_chan0_v0.wav","edge-collected-gunshot-audio","train","","True","True","True","wav","5.695","44100","Mono","32","1411200","981.13","2021-12-03 20:27:22"
"0ee22b7f-3840-4f8a-8b28-031e6bba5d81_chan0_v0.wav","/C/gun_explosion_a0a388e0","[""/C/gun_explosion_a0a388e0""]","gun_explosion","[""gun_explosion""]","/home/andres/Documentos/proyecto4geeks/data/raw/edge-collected-gunshot-audio/gunshot/0ee22b7f-3840-4f8a-8b28-031e6bba5d81_chan0_v0.wav","edge-collected-gunshot-audio","train","","True","True","True","wav","11.187","44100","Mono","32","1411200","1927.16","2021-12-03 20:27:56"
"41b3d578-a45b-42a1-bc16-14894750debb_v1.wav","/C/gun_explosion_a0a388e0","[""/C/gun_explosion_a0a388e0""]","gun_explosion","[""gun_explosion""]","/home/andres/Documentos/proyecto4geeks/data/raw/edge-collected-gunshot-audio/gunshot/41b3d578-a45b-42a1-bc16-14894750debb_v1.wav","edge-collected-gunshot-audio","test","","True","True","True","wav","12.847","44100","Mono","32","1411200","2213.21","2021-12-03 20:28:08"
"7299a191-0fe2-4e5f-95a0-9a96a80207b9_v0.wav","/C/gun_explosion_a0a388e0","[""/C/gun_explosion_a0a388e0""]","gun_explosion","[""gun_explosion""]","/home/andres/Documentos/proyecto4geeks/data/raw/edge-collected-gunshot-audio/gunshot/7299a191-0fe2-4e5f-95a0-9a96a80207b9_v0.wav","edge-collected-gunshot-audio","train","","True","True","True","wav","7.589","44100","Mono","32","1411200","1307.33","2021-12-03 20:28:18"
"4a48b77c-72bf-4917-b8b0-da4f8b20a24b_mean_v0.wav","/C/gun_explosion_a0a388e0","[""/C/gun_explosion_a0a388e0""]","gun_explosion","[""gun_explosion""]","/home/andres/Documentos/proyecto4geeks/data/raw/edge-collected-gunshot-audio/gunshot/4a48b77c-72bf-4917-b8b0-da4f8b20a24b_mean_v0.wav","edge-collected-gunshot-audio","test","","True","True","True","wav","2.208","44100","Mono","32","1411200","380.47","2021-12-03 20:27:28"
"b23e9f5b-f76c-4c28-bf87-0599a47e0ba4_chan0_v2.wav","/C/gun_explosion_a0a388e0","[""/C/gun_explosion_a0a388e0""]","gun_explosion","[""gun_explosion""]","/home/andres/Documentos/proyecto4geeks/data/raw/edge-collected-gunshot-audio/gunshot/b23e9f5b-f76c-4c28-bf87-0599a47e0ba4_chan0_v2.wav","edge-collected-gunshot-audio","train","","True","True","True","wav","3.75","44100","Mono","32","1411200","646.05","2021-12-03 20:29:14"
"b0a13fed-0f85-467f-9355-4b6b5f88969c_chan4_v1.wav","/C/gun_explosion_a0a388e0","[""/C/gun_explosion_a0a388e0""]","gun_explosion","[""gun_explosion""]","/home/andres/Documentos/proyecto4geeks/data/raw/edge-collected-gunshot-audio/gunshot/b0a13fed-0f85-467f-9355-4b6b5f88969c_chan4_v1.wav","edge-collected-gunshot-audio","train","","True","True","True","wav","3.522","44100","Mono","32","1411200","606.74","2021-12-03 20:28:28"
"fe18216b-56d4-478a-9ed7-a3543a9930e0_chan0_v0.wav","/C/gun_explosion_a0a388e0","[""/C/gun_explosion_a0a388e0""]","gun_explosion","[""gun_explosion""]","/home/andres/Documentos/proyecto4geeks/data/raw/edge-collected-gunshot-audio/gunshot/fe18216b-56d4-478a-9ed7-a3543a9930e0_chan0_v0.wav","edge-collected-gunshot-audio","train","","True","True","True","wav","3.613","44100","Mono","32","1411200","622.39","2021-12-03 20:27:52"
"dd9aa26c-2b08-41fe-85e3-fbc36613ebb0_mean_v0.wav","/C/gun_explosion_a0a388e0","[""/C/gun_explosion_a0a388e0""]","gun_explosion","[""gun_explosion""]","/home/andres/Documentos/proyecto4geeks/data/raw/edge-collected-gunshot-audio/gunshot/dd9aa26c-2b08-41fe-85e3-fbc36613ebb0_mean_v0.wav","edge-collected-gunshot-audio","train","","True","True","True","wav","5.314","44100","Mono","32","1411200","915.42","2021-12-03 20:29:22"
"d3863171-479e-4db8-bf20-b602efb56f5b_v1.wav","/C/gun_explosion_a0a388e0","[""/C/gun_explosion_a0a388e0""]","gun_explosion","[""gun_explosion""]","/home/andres/Documentos/proyecto4geeks/data/raw/edge-collected-gunshot-audio/gunshot/d3863171-479e-4db8-bf20-b602efb56f5b_v1.wav","edge-collected-gunshot-audio","train","","True","True","True","wav","3.75","44100","Mono","32","1411200","646.05","2021-12-03 20:29:20"
"090f69a9-885c-45fb-a807-f2661aaeb165_chan2_v2.wav","/C/gun_explosion_a0a388e0","[""/C/gun_explosion_a0a388e0""]","gun_explosion","[""gun_explosion""]","/home/andres/Documentos/proyecto4geeks/data/raw/edge-collected-gunshot-audio/gunshot/090f69a9-885c-45fb-a807-f2661aaeb165_chan2_v2.wav","edge-collected-gunshot-audio","train","","True","True","True","wav","6.004","44100","Mono","32","1411200","1034.4","2021-12-03 20:27:18"
"fc8aad5b-6062-4512-8364-5ab905b2faea_v2.wav","/C/gun_explosion_a0a388e0","[""/C/gun_explosion_a0a388e0""]","gun_explosion","[""gun_explosion""]","/home/andres/Documentos/proyecto4geeks/data/raw/edge-collected-gunshot-audio/gunshot/fc8aad5b-6062-4512-8364-5ab905b2faea_v2.wav","edge-collected-gunshot-audio","train","","True","True","True","wav","3.75","44100","Mono","32","1411200","646.05","2021-12-03 20:27:50"
"eafb4d3c-bf69-49de-92fb-436003c27742_mean_v0.wav","/C/gun_explosion_a0a388e0","[""/C/gun_explosion_a0a388e0""]","gun_explosion","[""gun_explosion""]","/home/andres/Documentos/proyecto4geeks/data/raw/edge-collected-gunshot-audio/gunshot/eafb4d3c-bf69-49de-92fb-436003c27742_mean_v0.wav","edge-collected-gunshot-audio","train","","True","True","True","wav","3.75","44100","Mono","32","1411200","646.05","2021-12-03 20:28:40"
"30ef74cc-bc90-4122-8d19-4f8e7cdef53f_v0.wav","/C/gun_explosion_a0a388e0","[""/C/gun_explosion_a0a388e0""]","gun_explosion","[""gun_explosion""]","/home/andres/Documentos/proyecto4geeks/data/raw/edge-collected-gunshot-audio/gunshot/30ef74cc-bc90-4122-8d19-4f8e7cdef53f_v0.wav","edge-collected-gunshot-audio","train","","True","True","True","wav","3.668","44100","Mono","32","1411200","631.88","2021-12-03 20:27:24"
"83a4c73a-d42f-4dff-9841-dd03f1c2d6e2_chan6_v0.wav","/C/gun_explosion_a0a388e0","[""/C/gun_explosion_a0a388e0""]","gun_explosion","[""gun_explosion""]","/home/andres/Documentos/proyecto4geeks/data/raw/edge-collected-gunshot-audio/gunshot/83a4c73a-d42f-4dff-9841-dd03f1c2d6e2_chan6_v0.wav","edge-collected-gunshot-audio","train","","True","True","True","wav","4.795","44100","Mono","32","1411200","826.15","2021-12-03 20:29:04"
"8176af12-402d-4c0b-a2c3-9c0a8878ca8e_v1.wav","/C/gun_explosion_a0a388e0","[""/C/gun_explosion_a0a388e0""]","gun_explosion","[""gun_explosion""]","/home/andres/Documentos/proyecto4geeks/data/raw/edge-collected-gunshot-audio/gunshot/8176af12-402d-4c0b-a2c3-9c0a8878ca8e_v1.wav","edge-collected-gunshot-audio","train","","True","True","True","wav","7.533","44100","Mono","32","1411200","1297.8","2021-12-03 20:29:02"
"379848cc-a90b-41dd-8eff-d5312678a40a_v3.wav","/C/gun_explosion_a0a388e0","[""/C/gun_explosion_a0a388e0""]","gun_explosion","[""gun_explosion""]","/home/andres/Documentos/proyecto4geeks/data/raw/edge-collected-gunshot-audio/gunshot/379848cc-a90b-41dd-8eff-d5312678a40a_v3.wav","edge-collected-gunshot-audio","train","","True","True","True","wav","5.932","44100","Mono","32","1411200","1021.89","2021-12-03 20:28:52"
"1298fc2a-4470-4cbd-a8c7-8c6e103d7c4f_chan0_v1.wav","/C/gun_explosion_a0a388e0","[""/C/gun_explosion_a0a388e0""]","gun_explosion","[""gun_explosion""]","/home/andres/Documentos/proyecto4geeks/data/raw/edge-collected-gunshot-audio/gunshot/1298fc2a-4470-4cbd-a8c7-8c6e103d7c4f_chan0_v1.wav","edge-collected-gunshot-audio","train","","True","True","True","wav","3.393","44100","Mono","32","1411200","584.61","2021-12-03 20:27:58"
"cad6cdd9-faca-4577-95f4-4be31f757b0c_chan4_v0.wav","/C/gun_explosion_a0a388e0","[""/C/gun_explosion_a0a388e0""]","gun_explosion","[""gun_explosion""]","/home/andres/Documentos/proyecto4geeks/data/raw/edge-collected-gunshot-audio/gunshot/cad6cdd9-faca-4577-95f4-4be31f757b0c_chan4_v0.wav","edge-collected-gunshot-audio","train","","True","True","True","wav","3.75","44100","Mono","32","1411200","646.05","2021-12-03 20:27:10"
"81c88e82-5dc3-446c-b9d8-d7687eb45b56_v4.wav","/C/gun_explosion_a0a388e0","[""/C/gun_explosion_a0a388e0""]","gun_explosion","[""gun_explosion""]","/home/andres/Documentos/proyecto4geeks/data/raw/edge-collected-gunshot-audio/gunshot/81c88e82-5dc3-446c-b9d8-d7687eb45b56_v4.wav","edge-collected-gunshot-audio","train","","True","True","True","wav","2.0","44100","Mono","32","1411200","344.59","2021-12-03 20:27:04"
"7b2c5211-c425-4a2d-9989-f8d1946d2187_chan5_v0.wav","/C/gun_explosion_a0a388e0","[""/C/gun_explosion_a0a388e0""]","gun_explosion","[""gun_explosion""]","/home/andres/Documentos/proyecto4geeks/data/raw/edge-collected-gunshot-audio/gunshot/7b2c5211-c425-4a2d-9989-f8d1946d2187_chan5_v0.wav","edge-collected-gunshot-audio","train","","True","True","True","wav","2.389","44100","Mono","32","1411200","411.56","2021-12-03 20:28:20"
"04f1be04-da3e-4f7d-b4fc-6b64f208cc94_v1.wav","/C/gun_explosion_a0a388e0","[""/C/gun_explosion_a0a388e0""]","gun_explosion","[""gun_explosion""]","/home/andres/Documentos/proyecto4geeks/data/raw/edge-collected-gunshot-audio/gunshot/04f1be04-da3e-4f7d-b4fc-6b64f208cc94_v1.wav","edge-collected-gunshot-audio","train","","True","True","True","wav","3.75","44100","Mono","32","1411200","646.05","2021-12-03 20:27:18"
"ab0375b1-c44a-4ad1-bb16-b009b51d52ec_v3.wav","/C/gun_explosion_a0a388e0","[""/C/gun_explosion_a0a388e0""]","gun_explosion","[""gun_explosion""]","/home/andres/Documentos/proyecto4geeks/data/raw/edge-collected-gunshot-audio/gunshot/ab0375b1-c44a-4ad1-bb16-b009b51d52ec_v3.wav","edge-collected-gunshot-audio","test","","True","True","True","wav","3.75","44100","Mono","32","1411200","646.05","2021-12-03 20:27:38"
"433e4384-110a-45d2-8b73-61e99f6cf979_v0.wav","/C/gun_explosion_a0a388e0","[""/C/gun_explosion_a0a388e0""]","gun_explosion","[""gun_explosion""]","/home/andres/Documentos/proyecto4geeks/data/raw/edge-collected-gunshot-audio/gunshot/433e4384-110a-45d2-8b73-61e99f6cf979_v0.wav","edge-collected-gunshot-audio","test","","True","True","True","wav","5.306","44100","Mono","32","1411200","914.08","2021-12-03 20:27:26"
"1f21c4cf-7c13-4418-94a5-fc3b79916f32_v0.wav","/C/gun_explosion_a0a388e0","[""/C/gun_explosion_a0a388e0""]","gun_explosion","[""gun_explosion""]","/home/andres/Documentos/proyecto4geeks/data/raw/edge-collected-gunshot-audio/gunshot/1f21c4cf-7c13-4418-94a5-fc3b79916f32_v0.wav","edge-collected-gunshot-audio","train","","True","True","True","wav","4.208","44100","Mono","32","1411200","724.99","2021-12-03 20:28:46"
"e582412f-6f23-4af8-93e4-2138dc459306_chan1_v0.wav","/C/gun_explosion_a0a388e0","[""/C/gun_explosion_a0a388e0""]","gun_explosion","[""gun_explosion""]","/home/andres/Documentos/proyecto4geeks/data/raw/edge-collected-gunshot-audio/gunshot/e582412f-6f23-4af8-93e4-2138dc459306_chan1_v0.wav","edge-collected-gunshot-audio","train","","True","True","True","wav","3.568","44100","Mono","32","1411200","614.69","2021-12-03 20:29:24"
"e582412f-6f23-4af8-93e4-2138dc459306_chan6_v0.wav","/C/gun_explosion_a0a388e0","[""/C/gun_explosion_a0a388e0""]","gun_explosion","[""gun_explosion""]","/home/andres/Documentos/proyecto4geeks/data/raw/edge-collected-gunshot-audio/gunshot/e582412f-6f23-4af8-93e4-2138dc459306_chan6_v0.wav","edge-collected-gunshot-audio","train","","True","True","True","wav","3.568","44100","Mono","32","1411200","614.65","2021-12-03 20:29:24"
"d312ea2f-8542-4ac2-8bd8-1e8b3433c4c3_chan4_v0.wav","/C/gun_explosion_a0a388e0","[""/C/gun_explosion_a0a388e0""]","gun_explosion","[""gun_explosion""]","/home/andres/Documentos/proyecto4geeks/data/raw/edge-collected-gunshot-audio/gunshot/d312ea2f-8542-4ac2-8bd8-1e8b3433c4c3_chan4_v0.wav","edge-collected-gunshot-audio","train","","True","True","True","wav","2.674","44100","Mono","32","1411200","460.77","2021-12-03 20:27:12"
"bdeb48ea-313d-44e5-8148-263c50dc53f0_chan1_v0.wav","/C/gun_explosion_a0a388e0","[""/C/gun_explosion_a0a388e0""]","gun_explosion","[""gun_explosion""]","/home/andres/Documentos/proyecto4geeks/data/raw/edge-collected-gunshot-audio/gunshot/bdeb48ea-313d-44e5-8148-263c50dc53f0_chan1_v0.wav","edge-collected-gunshot-audio","train","","True","True","True","wav","6.928","44100","Mono","32","1411200","1193.51","2021-12-03 20:27:08"
"c0b2e1a0-0ad1-485b-9df8-af37612ac034_chan4_v0.wav","/C/gun_explosion_a0a388e0","[""/C/gun_explosion_a0a388e0""]","gun_explosion","[""gun_explosion""]","/home/andres/Documentos/proyecto4geeks/data/raw/edge-collected-gunshot-audio/gunshot/c0b2e1a0-0ad1-485b-9df8-af37612ac034_chan4_v0.wav","edge-collected-gunshot-audio","test","","True","True","True","wav","3.75","44100","Mono","32","1411200","646.05","2021-12-03 20:27:42"
"915c67a7-82af-476d-8fa6-e321c891e669_chan1_v0.wav","/C/gun_explosion_a0a388e0","[""/C/gun_explosion_a0a388e0""]","gun_explosion","[""gun_explosion""]","/home/andres/Documentos/proyecto4geeks/data/raw/edge-collected-gunshot-audio/gunshot/915c67a7-82af-476d-8fa6-e321c891e669_chan1_v0.wav","edge-collected-gunshot-audio","train","","True","True","True","wav","3.525","44100","Mono","32","1411200","607.29","2021-12-03 20:29:06"
"9f2b713a-fa24-4b4e-a637-5e37278b893a_v0.wav","/C/gun_explosion_a0a388e0","[""/C/gun_explosion_a0a388e0""]","gun_explosion","[""gun_explosion""]","/home/andres/Documentos/proyecto4geeks/data/raw/edge-collected-gunshot-audio/gunshot/9f2b713a-fa24-4b4e-a637-5e37278b893a_v0.wav","edge-collected-gunshot-audio","train","","True","True","True","wav","3.4","44100","Mono","32","1411200","585.76","2021-12-03 20:28:24"
"b5b235cf-630b-4805-9c63-c9cc480e7981_v0.wav","/C/gun_explosion_a0a388e0","[""/C/gun_explosion_a0a388e0""]","gun_explosion","[""gun_explosion""]","/home/andres/Documentos/proyecto4geeks/data/raw/edge-collected-gunshot-audio/gunshot/b5b235cf-630b-4805-9c63-c9cc480e7981_v0.wav","edge-collected-gunshot-audio","test","","True","True","True","wav","5.773","44100","Mono","32","1411200","994.47","2021-12-03 20:29:16"
"7cf68bd7-f94b-4ca8-9ff9-46a84a67bce8_chan0_v0.wav","/C/gun_explosion_a0a388e0","[""/C/gun_explosion_a0a388e0""]","gun_explosion","[""gun_explosion""]","/home/andres/Documentos/proyecto4geeks/data/raw/edge-collected-gunshot-audio/gunshot/7cf68bd7-f94b-4ca8-9ff9-46a84a67bce8_chan0_v0.wav","edge-collected-gunshot-audio","train","","True","True","True","wav","4.942","44100","Mono","32","1411200","851.35","2021-12-03 20:27:34"
"5ac8c241-4728-4ba2-a6ce-8cda24399cca_chan4_v0.wav","/C/gun_explosion_a0a388e0","[""/C/gun_explosion_a0a388e0""]","gun_explosion","[""gun_explosion""]","/home/andres/Documentos/proyecto4geeks/data/raw/edge-collected-gunshot-audio/gunshot/5ac8c241-4728-4ba2-a6ce-8cda24399cca_chan4_v0.wav","edge-collected-gunshot-audio","train","","True","True","True","wav","3.377","44100","Mono","32","1411200","581.88","2021-12-03 20:27:00"
"0b4a7cf7-8f49-4efd-bab9-0a3102bc2fb4_chan2_v0.wav","/C/gun_explosion_a0a388e0","[""/C/gun_explosion_a0a388e0""]","gun_explosion","[""gun_explosion""]","/home/andres/Documentos/proyecto4geeks/data/raw/edge-collected-gunshot-audio/gunshot/0b4a7cf7-8f49-4efd-bab9-0a3102bc2fb4_chan2_v0.wav","edge-collected-gunshot-audio","train","","True","True","True","wav","5.749","44100","Mono","32","1411200","990.48","2021-12-03 20:26:50"
"738f379b-fe71-4aea-a680-1f95dff38ef1_chan4_v0.wav","/C/gun_explosion_a0a388e0","[""/C/gun_explosion_a0a388e0""]","gun_explosion","[""gun_explosion""]","/home/andres/Documentos/proyecto4geeks/data/raw/edge-collected-gunshot-audio/gunshot/738f379b-fe71-4aea-a680-1f95dff38ef1_chan4_v0.wav","edge-collected-gunshot-audio","train","","True","True","True","wav","3.75","44100","Mono","32","1411200","646.05","2021-12-03 20:28:18"
"ba21cf97-f122-4ddd-b06d-1e1dc3600afb_v1.wav","/C/gun_explosion_a0a388e0","[""/C/gun_explosion_a0a388e0""]","gun_explosion","[""gun_explosion""]","/home/andres/Documentos/proyecto4geeks/data/raw/edge-collected-gunshot-audio/gunshot/ba21cf97-f122-4ddd-b06d-1e1dc3600afb_v1.wav","edge-collected-gunshot-audio","train","","True","True","True","wav","3.75","44100","Mono","32","1411200","646.05","2021-12-03 20:28:28"
"e4015a40-425e-4a6d-8b20-743abb46c8d9_chan1_v0.wav","/C/gun_explosion_a0a388e0","[""/C/gun_explosion_a0a388e0""]","gun_explosion","[""gun_explosion""]","/home/andres/Documentos/proyecto4geeks/data/raw/edge-collected-gunshot-audio/gunshot/e4015a40-425e-4a6d-8b20-743abb46c8d9_chan1_v0.wav","edge-collected-gunshot-audio","train","","True","True","True","wav","3.112","44100","Mono","32","1411200","536.12","2021-12-03 20:28:38"
"5ac8c241-4728-4ba2-a6ce-8cda24399cca_chan0_v0.wav","/C/gun_explosion_a0a388e0","[""/C/gun_explosion_a0a388e0""]","gun_explosion","[""gun_explosion""]","/home/andres/Documentos/proyecto4geeks/data/raw/edge-collected-gunshot-audio/gunshot/5ac8c241-4728-4ba2-a6ce-8cda24399cca_chan0_v0.wav","edge-collected-gunshot-audio","test","","True","True","True","wav","3.377","44100","Mono","32","1411200","581.78","2021-12-03 20:27:00"
"0ee22b7f-3840-4f8a-8b28-031e6bba5d81_chan5_v0.wav","/C/gun_explosion_a0a388e0","[""/C/gun_explosion_a0a388e0""]","gun_explosion","[""gun_explosion""]","/home/andres/Documentos/proyecto4geeks/data/raw/edge-collected-gunshot-audio/gunshot/0ee22b7f-3840-4f8a-8b28-031e6bba5d81_chan5_v0.wav","edge-collected-gunshot-audio","test","","True","True","True","wav","11.161","44100","Mono","32","1411200","1922.69","2021-12-03 20:27:58"
"b0a13fed-0f85-467f-9355-4b6b5f88969c_chan3_v1.wav","/C/gun_explosion_a0a388e0","[""/C/gun_explosion_a0a388e0""]","gun_explosion","[""gun_explosion""]","/home/andres/Documentos/proyecto4geeks/data/raw/edge-collected-gunshot-audio/gunshot/b0a13fed-0f85-467f-9355-4b6b5f88969c_chan3_v1.wav","edge-collected-gunshot-audio","train","","True","True","True","wav","3.522","44100","Mono","32","1411200","606.75","2021-12-03 20:28:28"
"0a7c0396-3ac7-462d-b1f6-c73243eb6865_chan1_v3.wav","/C/gun_explosion_a0a388e0","[""/C/gun_explosion_a0a388e0""]","gun_explosion","[""gun_explosion""]","/home/andres/Documentos/proyecto4geeks/data/raw/edge-collected-gunshot-audio/gunshot/0a7c0396-3ac7-462d-b1f6-c73243eb6865_chan1_v3.wav","edge-collected-gunshot-audio","train","","True","True","True","wav","3.75","44100","Mono","32","1411200","646.05","2021-12-03 20:27:20"
"e481969e-a5dc-4de9-9300-0b91b66a3a07_chan4_v0.wav","/C/gun_explosion_a0a388e0","[""/C/gun_explosion_a0a388e0""]","gun_explosion","[""gun_explosion""]","/home/andres/Documentos/proyecto4geeks/data/raw/edge-collected-gunshot-audio/gunshot/e481969e-a5dc-4de9-9300-0b91b66a3a07_chan4_v0.wav","edge-collected-gunshot-audio","train","","True","True","True","wav","4.359","44100","Mono","32","1411200","751.0","2021-12-03 20:29:24"
"1fab478a-049c-40e2-8662-8102e3501d67_chan2_v0.wav","/C/gun_explosion_a0a388e0","[""/C/gun_explosion_a0a388e0""]","gun_explosion","[""gun_explosion""]","/home/andres/Documentos/proyecto4geeks/data/raw/edge-collected-gunshot-audio/gunshot/1fab478a-049c-40e2-8662-8102e3501d67_chan2_v0.wav","edge-collected-gunshot-audio","train","","True","True","True","wav","3.101","44100","Mono","32","1411200","534.17","2021-12-03 20:26:54"
"57252ebc-52a3-4c77-8f76-bcfeeba95a53_chan3_v0.wav","/C/gun_explosion_a0a388e0","[""/C/gun_explosion_a0a388e0""]","gun_explosion","[""gun_explosion""]","/home/andres/Documentos/proyecto4geeks/data/raw/edge-collected-gunshot-audio/gunshot/57252ebc-52a3-4c77-8f76-bcfeeba95a53_chan3_v0.wav","edge-collected-gunshot-audio","train","","True","True","True","wav","3.75","44100","Mono","32","1411200","646.05","2021-12-03 20:27:00"
"79a5a0ea-2fea-4b3e-9b5b-ef8689b9cacb_chan4_v0.wav","/C/gun_explosion_a0a388e0","[""/C/gun_explosion_a0a388e0""]","gun_explosion","[""gun_explosion""]","/home/andres/Documentos/proyecto4geeks/data/raw/edge-collected-gunshot-audio/gunshot/79a5a0ea-2fea-4b3e-9b5b-ef8689b9cacb_chan4_v0.wav","edge-collected-gunshot-audio","test","","True","True","True","wav","5.333","44100","Mono","32","1411200","918.69","2021-12-03 20:29:00"
"9ebba20a-9b86-462a-8ac8-4cdbf2fd4a70_chan3_v0.wav","/C/gun_explosion_a0a388e0","[""/C/gun_explosion_a0a388e0""]","gun_explosion","[""gun_explosion""]","/home/andres/Documentos/proyecto4geeks/data/raw/edge-collected-gunshot-audio/gunshot/9ebba20a-9b86-462a-8ac8-4cdbf2fd4a70_chan3_v0.wav","edge-collected-gunshot-audio","test","","True","True","True","wav","3.75","44100","Mono","32","1411200","646.05","2021-12-03 20:28:24"
"97d5cca5-8498-4239-978a-5911089cb25e_chan0_v0.wav","/C/gun_explosion_a0a388e0","[""/C/gun_explosion_a0a388e0""]","gun_explosion","[""gun_explosion""]","/home/andres/Documentos/proyecto4geeks/data/raw/edge-collected-gunshot-audio/gunshot/97d5cca5-8498-4239-978a-5911089cb25e_chan0_v0.wav","edge-collected-gunshot-audio","train","","True","True","True","wav","3.75","44100","Mono","32","1411200","646.05","2021-12-03 20:29:08"
"ed8d991f-9e68-4630-9f2f-4442fdb0be6f_chan2_v0.wav","/C/gun_explosion_a0a388e0","[""/C/gun_explosion_a0a388e0""]","gun_explosion","[""gun_explosion""]","/home/andres/Documentos/proyecto4geeks/data/raw/edge-collected-gunshot-audio/gunshot/ed8d991f-9e68-4630-9f2f-4442fdb0be6f_chan2_v0.wav","edge-collected-gunshot-audio","test","","True","True","True","wav","3.75","44100","Mono","32","1411200","646.05","2021-12-03 20:28:40"
"d3a364a1-f1fa-402b-8e7a-d7f57192508c_chan4_v0.wav","/C/gun_explosion_a0a388e0","[""/C/gun_explosion_a0a388e0""]","gun_explosion","[""gun_explosion""]","/home/andres/Documentos/proyecto4geeks/data/raw/edge-collected-gunshot-audio/gunshot/d3a364a1-f1fa-402b-8e7a-d7f57192508c_chan4_v0.wav","edge-collected-gunshot-audio","train","","True","True","True","wav","2.912","44100","Mono","32","1411200","501.69","2021-12-03 20:28:34"
"79c04fcc-da8d-4250-927b-9747b4f4354c_chan0_v0.wav","/C/gun_explosion_a0a388e0","[""/C/gun_explosion_a0a388e0""]","gun_explosion","[""gun_explosion""]","/home/andres/Documentos/proyecto4geeks/data/raw/edge-collected-gunshot-audio/gunshot/79c04fcc-da8d-4250-927b-9747b4f4354c_chan0_v0.wav","edge-collected-gunshot-audio","train","","True","True","True","wav","3.574","44100","Mono","32","1411200","615.65","2021-12-03 20:28:18"
"d2cb416c-68ee-4884-a7f3-76949cd6af1d_v0.wav","/C/gun_explosion_a0a388e0","[""/C/gun_explosion_a0a388e0""]","gun_explosion","[""gun_explosion""]","/home/andres/Documentos/proyecto4geeks/data/raw/edge-collected-gunshot-audio/gunshot/d2cb416c-68ee-4884-a7f3-76949cd6af1d_v0.wav","edge-collected-gunshot-audio","test","","True","True","True","wav","8.585","44100","Mono","32","1411200","1478.98","2021-12-03 20:27:12"
"cc00e8d8-6add-4bed-a0b4-65988e438021_mean_v0.wav","/C/gun_explosion_a0a388e0","[""/C/gun_explosion_a0a388e0""]","gun_explosion","[""gun_explosion""]","/home/andres/Documentos/proyecto4geeks/data/raw/edge-collected-gunshot-audio/gunshot/cc00e8d8-6add-4bed-a0b4-65988e438021_mean_v0.wav","edge-collected-gunshot-audio","train","","True","True","True","wav","5.34","44100","Mono","32","1411200","919.9","2021-12-03 20:27:44"
"6377cc9f-b176-45cf-a9f9-4d3bcdcaa51c_chan6_v1.wav","/C/gun_explosion_a0a388e0","[""/C/gun_explosion_a0a388e0""]","gun_explosion","[""gun_explosion""]","/home/andres/Documentos/proyecto4geeks/data/raw/edge-collected-gunshot-audio/gunshot/6377cc9f-b176-45cf-a9f9-4d3bcdcaa51c_chan6_v1.wav","edge-collected-gunshot-audio","train","","True","True","True","wav","5.808","44100","Mono","32","1411200","1000.52","2021-12-03 20:27:02"
"b0f71933-ce93-45ae-bf09-6838af56c0ee_v0.wav","/C/gun_explosion_a0a388e0","[""/C/gun_explosion_a0a388e0""]","gun_explosion","[""gun_explosion""]","/home/andres/Documentos/proyecto4geeks/data/raw/edge-collected-gunshot-audio/gunshot/b0f71933-ce93-45ae-bf09-6838af56c0ee_v0.wav","edge-collected-gunshot-audio","train","","True","True","True","wav","5.067","44100","Mono","32","1411200","872.87","2021-12-03 20:28:28"
"acf24fae-0755-4bf6-8bf9-0440585c5b15_chan5_v0.wav","/C/gun_explosion_a0a388e0","[""/C/gun_explosion_a0a388e0""]","gun_explosion","[""gun_explosion""]","/home/andres/Documentos/proyecto4geeks/data/raw/edge-collected-gunshot-audio/gunshot/acf24fae-0755-4bf6-8bf9-0440585c5b15_chan5_v0.wav","edge-collected-gunshot-audio","train","","True","True","True","wav","4.188","44100","Mono","32","1411200","721.57","2021-12-03 20:28:28"
"dc052a9b-032a-4a42-9e73-f022484ccab5_chan4_v0.wav","/C/gun_explosion_a0a388e0","[""/C/gun_explosion_a0a388e0""]","gun_explosion","[""gun_explosion""]","/home/andres/Documentos/proyecto4geeks/data/raw/edge-collected-gunshot-audio/gunshot/dc052a9b-032a-4a42-9e73-f022484ccab5_chan4_v0.wav","edge-collected-gunshot-audio","train","","True","True","True","wav","2.296","44100","Mono","32","1411200","395.65","2021-12-03 20:27:48"
"64210409-df04-4e4b-bf3b-7afa05b59624_chan1_v0.wav","/C/gun_explosion_a0a388e0","[""/C/gun_explosion_a0a388e0""]","gun_explosion","[""gun_explosion""]","/home/andres/Documentos/proyecto4geeks/data/raw/edge-collected-gunshot-audio/gunshot/64210409-df04-4e4b-bf3b-7afa05b59624_chan1_v0.wav","edge-collected-gunshot-audio","train","","True","True","True","wav","3.888","44100","Mono","32","1411200","669.79","2021-12-03 20:28:16"
"bb5a8b3f-3724-456e-83e1-55f5ca5ac68a_chan6_v0.wav","/C/gun_explosion_a0a388e0","[""/C/gun_explosion_a0a388e0""]","gun_explosion","[""gun_explosion""]","/home/andres/Documentos/proyecto4geeks/data/raw/edge-collected-gunshot-audio/gunshot/bb5a8b3f-3724-456e-83e1-55f5ca5ac68a_chan6_v0.wav","edge-collected-gunshot-audio","train","","True","True","True","wav","3.75","44100","Mono","32","1411200","646.05","2021-12-03 20:28:30"
"063b74d6-eb05-437e-b767-14a3248cd10c_chan3_v0.wav","/C/gun_explosion_a0a388e0","[""/C/gun_explosion_a0a388e0""]","gun_explosion","[""gun_explosion""]","/home/andres/Documentos/proyecto4geeks/data/raw/edge-collected-gunshot-audio/gunshot/063b74d6-eb05-437e-b767-14a3248cd10c_chan3_v0.wav","edge-collected-gunshot-audio","train","","True","True","True","wav","2.557","44100","Mono","32","1411200","440.57","2021-12-03 20:26:48"
"0a07b229-7d2b-4d2b-8f32-c94cbc7b1487_chan6_v1.wav","/C/gun_explosion_a0a388e0","[""/C/gun_explosion_a0a388e0""]","gun_explosion","[""gun_explosion""]","/home/andres/Documentos/proyecto4geeks/data/raw/edge-collected-gunshot-audio/gunshot/0a07b229-7d2b-4d2b-8f32-c94cbc7b1487_chan6_v1.wav","edge-collected-gunshot-audio","train","","True","True","True","wav","3.75","44100","Mono","32","1411200","646.05","2021-12-03 20:26:50"
"7bbf1085-7e14-44c0-9fe2-8ede26106efe_chan0_v0.wav","/C/gun_explosion_a0a388e0","[""/C/gun_explosion_a0a388e0""]","gun_explosion","[""gun_explosion""]","/home/andres/Documentos/proyecto4geeks/data/raw/edge-collected-gunshot-audio/gunshot/7bbf1085-7e14-44c0-9fe2-8ede26106efe_chan0_v0.wav","edge-collected-gunshot-audio","train","","True","True","True","wav","2.557","44100","Mono","32","1411200","440.55","2021-12-03 20:27:32"
"1ff6e63d-c51b-418b-8fa3-65bd648d957c_v3.wav","/C/gun_explosion_a0a388e0","[""/C/gun_explosion_a0a388e0""]","gun_explosion","[""gun_explosion""]","/home/andres/Documentos/proyecto4geeks/data/raw/edge-collected-gunshot-audio/gunshot/1ff6e63d-c51b-418b-8fa3-65bd648d957c_v3.wav","edge-collected-gunshot-audio","train","","True","True","True","wav","3.75","44100","Mono","32","1411200","646.05","2021-12-03 20:27:22"
"a0e31937-1988-4fdc-8d5d-95c78b942f4f_chan0_v0.wav","/C/gun_explosion_a0a388e0","[""/C/gun_explosion_a0a388e0""]","gun_explosion","[""gun_explosion""]","/home/andres/Documentos/proyecto4geeks/data/raw/edge-collected-gunshot-audio/gunshot/a0e31937-1988-4fdc-8d5d-95c78b942f4f_chan0_v0.wav","edge-collected-gunshot-audio","train","","True","True","True","wav","2.324","44100","Mono","32","1411200","400.41","2021-12-03 20:27:36"
"0d477557-be49-40b0-9eb5-a5254d9cf41f_v0.wav","/C/gun_explosion_a0a388e0","[""/C/gun_explosion_a0a388e0""]","gun_explosion","[""gun_explosion""]","/home/andres/Documentos/proyecto4geeks/data/raw/edge-collected-gunshot-audio/gunshot/0d477557-be49-40b0-9eb5-a5254d9cf41f_v0.wav","edge-collected-gunshot-audio","test","","True","True","True","wav","3.349","44100","Mono","32","1411200","576.97","2021-12-03 20:27:20"
"188f395f-a01c-4768-aa39-e20701953f19_chan3_v0.wav","/C/gun_explosion_a0a388e0","[""/C/gun_explosion_a0a388e0""]","gun_explosion","[""gun_explosion""]","/home/andres/Documentos/proyecto4geeks/data/raw/edge-collected-gunshot-audio/gunshot/188f395f-a01c-4768-aa39-e20701953f19_chan3_v0.wav","edge-collected-gunshot-audio","train","","True","True","True","wav","5.738","44100","Mono","32","1411200","988.59","2021-12-03 20:28:44"
"7cf68bd7-f94b-4ca8-9ff9-46a84a67bce8_chan4_v0.wav","/C/gun_explosion_a0a388e0","[""/C/gun_explosion_a0a388e0""]","gun_explosion","[""gun_explosion""]","/home/andres/Documentos/proyecto4geeks/data/raw/edge-collected-gunshot-audio/gunshot/7cf68bd7-f94b-4ca8-9ff9-46a84a67bce8_chan4_v0.wav","edge-collected-gunshot-audio","train","","True","True","True","wav","4.942","44100","Mono","32","1411200","851.36","2021-12-03 20:27:34"
"e73d935b-ddfa-4139-91d6-9d2f68994770_mean_v1.wav","/C/gun_explosion_a0a388e0","[""/C/gun_explosion_a0a388e0""]","gun_explosion","[""gun_explosion""]","/home/andres/Documentos/proyecto4geeks/data/raw/edge-collected-gunshot-audio/gunshot/e73d935b-ddfa-4139-91d6-9d2f68994770_mean_v1.wav","edge-collected-gunshot-audio","train","","True","True","True","wav","3.75","44100","Mono","32","1411200","646.05","2021-12-03 20:27:50"
"972e5199-b99c-4f49-b006-ec7c2903f2ee_chan1_v0.wav","/C/gun_explosion_a0a388e0","[""/C/gun_explosion_a0a388e0""]","gun_explosion","[""gun_explosion""]","/home/andres/Documentos/proyecto4geeks/data/raw/edge-collected-gunshot-audio/gunshot/972e5199-b99c-4f49-b006-ec7c2903f2ee_chan1_v0.wav","edge-collected-gunshot-audio","train","","True","True","True","wav","3.75","44100","Mono","32","1411200","646.05","2021-12-03 20:29:08"
"b6bf5729-5fdb-432d-94d2-2b6c11d4c010_v4.wav","/C/gun_explosion_a0a388e0","[""/C/gun_explosion_a0a388e0""]","gun_explosion","[""gun_explosion""]","/home/andres/Documentos/proyecto4geeks/data/raw/edge-collected-gunshot-audio/gunshot/b6bf5729-5fdb-432d-94d2-2b6c11d4c010_v4.wav","edge-collected-gunshot-audio","train","","True","True","True","wav","3.75","44100","Mono","32","1411200","646.05","2021-12-03 20:27:38"
"9d01ad9a-3e6b-458c-a02d-dc30f4d83f61_chan1_v0.wav","/C/gun_explosion_a0a388e0","[""/C/gun_explosion_a0a388e0""]","gun_explosion","[""gun_explosion""]","/home/andres/Documentos/proyecto4geeks/data/raw/edge-collected-gunshot-audio/gunshot/9d01ad9a-3e6b-458c-a02d-dc30f4d83f61_chan1_v0.wav","edge-collected-gunshot-audio","test","","True","True","True","wav","6.882","44100","Mono","32","1411200","1185.57","2021-12-03 20:27:06"
"e3223836-7826-4d8d-80df-51071b52c15a_chan4_v0.wav","/C/gun_explosion_a0a388e0","[""/C/gun_explosion_a0a388e0""]","gun_explosion","[""gun_explosion""]","/home/andres/Documentos/proyecto4geeks/data/raw/edge-collected-gunshot-audio/gunshot/e3223836-7826-4d8d-80df-51071b52c15a_chan4_v0.wav","edge-collected-gunshot-audio","train","","True","True","True","wav","3.75","44100","Mono","32","1411200","646.05","2021-12-03 20:28:38"
"e3223836-7826-4d8d-80df-51071b52c15a_chan0_v0.wav","/C/gun_explosion_a0a388e0","[""/C/gun_explosion_a0a388e0""]","gun_explosion","[""gun_explosion""]","/home/andres/Documentos/proyecto4geeks/data/raw/edge-collected-gunshot-audio/gunshot/e3223836-7826-4d8d-80df-51071b52c15a_chan0_v0.wav","edge-collected-gunshot-audio","train","","True","True","True","wav","3.75","44100","Mono","32","1411200","646.05","2021-12-03 20:28:38"
"305914f4-bd2e-4b56-8473-101726329119_chan6_v0.wav","/C/gun_explosion_a0a388e0","[""/C/gun_explosion_a0a388e0""]","gun_explosion","[""gun_explosion""]","/home/andres/Documentos/proyecto4geeks/data/raw/edge-collected-gunshot-audio/gunshot/305914f4-bd2e-4b56-8473-101726329119_chan6_v0.wav","edge-collected-gunshot-audio","train","","True","True","True","wav","5.56","44100","Mono","32","1411200","957.92","2021-12-03 20:28:50"
"6320dc5c-a956-40b8-a664-45f1edcf3b3b_chan4_v0.wav","/C/gun_explosion_a0a388e0","[""/C/gun_explosion_a0a388e0""]","gun_explosion","[""gun_explosion""]","/home/andres/Documentos/proyecto4geeks/data/raw/edge-collected-gunshot-audio/gunshot/6320dc5c-a956-40b8-a664-45f1edcf3b3b_chan4_v0.wav","edge-collected-gunshot-audio","train","","True","True","True","wav","3.75","44100","Mono","32","1411200","646.05","2021-12-03 20:27:30"
"1d0d6a99-0a6f-4cce-ad1e-1f952ac98f2a_chan4_v0.wav","/C/gun_explosion_a0a388e0","[""/C/gun_explosion_a0a388e0""]","gun_explosion","[""gun_explosion""]","/home/andres/Documentos/proyecto4geeks/data/raw/edge-collected-gunshot-audio/gunshot/1d0d6a99-0a6f-4cce-ad1e-1f952ac98f2a_chan4_v0.wav","edge-collected-gunshot-audio","train","","True","True","True","wav","3.308","44100","Mono","32","1411200","569.83","2021-12-03 20:28:02"
"6f48638e-2508-467e-89c7-34648cfd0699_mean_v0.wav","/C/gun_explosion_a0a388e0","[""/C/gun_explosion_a0a388e0""]","gun_explosion","[""gun_explosion""]","/home/andres/Documentos/proyecto4geeks/data/raw/edge-collected-gunshot-audio/gunshot/6f48638e-2508-467e-89c7-34648cfd0699_mean_v0.wav","edge-collected-gunshot-audio","train","","True","True","True","wav","3.928","44100","Mono","32","1411200","676.7","2021-12-03 20:28:58"
"9ebba20a-9b86-462a-8ac8-4cdbf2fd4a70_chan0_v0.wav","/C/gun_explosion_a0a388e0","[""/C/gun_explosion_a0a388e0""]","gun_explosion","[""gun_explosion""]","/home/andres/Documentos/proyecto4geeks/data/raw/edge-collected-gunshot-audio/gunshot/9ebba20a-9b86-462a-8ac8-4cdbf2fd4a70_chan0_v0.wav","edge-collected-gunshot-audio","train","","True","True","True","wav","3.75","44100","Mono","32","1411200","646.05","2021-12-03 20:28:24"
"54b9c8d4-2a8d-4140-8bd8-3946b7284acb_chan6_v0.wav","/C/gun_explosion_a0a388e0","[""/C/gun_explosion_a0a388e0""]","gun_explosion","[""gun_explosion""]","/home/andres/Documentos/proyecto4geeks/data/raw/edge-collected-gunshot-audio/gunshot/54b9c8d4-2a8d-4140-8bd8-3946b7284acb_chan6_v0.wav","edge-collected-gunshot-audio","train","","True","True","True","wav","3.75","44100","Mono","32","1411200","646.05","2021-12-03 20:28:56"
"a26d2b3f-2362-4eb1-a582-283e1a6d2044_v0.wav","/C/gun_explosion_a0a388e0","[""/C/gun_explosion_a0a388e0""]","gun_explosion","[""gun_explosion""]","/home/andres/Documentos/proyecto4geeks/data/raw/edge-collected-gunshot-audio/gunshot/a26d2b3f-2362-4eb1-a582-283e1a6d2044_v0.wav","edge-collected-gunshot-audio","train","","True","True","True","wav","4.157","44100","Mono","32","1411200","716.12","2021-12-03 20:28:26"
"81b21b3c-70a1-4202-918f-3d896278d405_chan4_v0.wav","/C/gun_explosion_a0a388e0","[""/C/gun_explosion_a0a388e0""]","gun_explosion","[""gun_explosion""]","/home/andres/Documentos/proyecto4geeks/data/raw/edge-collected-gunshot-audio/gunshot/81b21b3c-70a1-4202-918f-3d896278d405_chan4_v0.wav","edge-collected-gunshot-audio","train","","True","True","True","wav","5.077","44100","Mono","32","1411200","874.61","2021-12-03 20:29:02"
"backup_7c25238e-3006-484d-ba63-9b2bf0ca18f1__v0.wav","/C/gun_explosion_a0a388e0","[""/C/gun_explosion_a0a388e0""]","gun_explosion","[""gun_explosion""]","/home/andres/Documentos/proyecto4geeks/data/raw/edge-collected-gunshot-audio/gunshot/backup_7c25238e-3006-484d-ba63-9b2bf0ca18f1__v0.wav","edge-collected-gunshot-audio","test","","True","True","True","wav","3.75","44100","Mono","32","1411200","646.05","2021-12-03 20:28:28"
"172e14ff-419c-441c-bf53-3c9ed0ffa490_chan2_v0.wav","/C/gun_explosion_a0a388e0","[""/C/gun_explosion_a0a388e0""]","gun_explosion","[""gun_explosion""]","/home/andres/Documentos/proyecto4geeks/data/raw/edge-collected-gunshot-audio/gunshot/172e14ff-419c-441c-bf53-3c9ed0ffa490_chan2_v0.wav","edge-collected-gunshot-audio","train","","True","True","True","wav","3.791","44100","Mono","32","1411200","653.15","2021-12-03 20:28:00"
"77ac463c-098c-484a-8394-66285cc161a4_chan0_v1.wav","/C/gun_explosion_a0a388e0","[""/C/gun_explosion_a0a388e0""]","gun_explosion","[""gun_explosion""]","/home/andres/Documentos/proyecto4geeks/data/raw/edge-collected-gunshot-audio/gunshot/77ac463c-098c-484a-8394-66285cc161a4_chan0_v1.wav","edge-collected-gunshot-audio","train","","True","True","True","wav","4.366","44100","Mono","32","1411200","752.16","2021-12-03 20:27:02"
"a283ea70-649d-4c18-bf8b-ba4e8507455a_chan0_v0.wav","/C/gun_explosion_a0a388e0","[""/C/gun_explosion_a0a388e0""]","gun_explosion","[""gun_explosion""]","/home/andres/Documentos/proyecto4geeks/data/raw/edge-collected-gunshot-audio/gunshot/a283ea70-649d-4c18-bf8b-ba4e8507455a_chan0_v0.wav","edge-collected-gunshot-audio","train","","True","True","True","wav","3.75","44100","Mono","32","1411200","646.05","2021-12-03 20:28:26"
"097daac2-8bc8-4c8f-a4ec-e1e6ba5735b7_chan1_v0.wav","/C/gun_explosion_a0a388e0","[""/C/gun_explosion_a0a388e0""]","gun_explosion","[""gun_explosion""]","/home/andres/Documentos/proyecto4geeks/data/raw/edge-collected-gunshot-audio/gunshot/097daac2-8bc8-4c8f-a4ec-e1e6ba5735b7_chan1_v0.wav","edge-collected-gunshot-audio","train","","True","True","True","wav","3.835","44100","Mono","32","1411200","660.68","2021-12-03 20:27:56"
"58ee1a4d-46e5-4f41-89c5-5c773edd876d_v2.wav","/C/gun_explosion_a0a388e0","[""/C/gun_explosion_a0a388e0""]","gun_explosion","[""gun_explosion""]","/home/andres/Documentos/proyecto4geeks/data/raw/edge-collected-gunshot-audio/gunshot/58ee1a4d-46e5-4f41-89c5-5c773edd876d_v2.wav","edge-collected-gunshot-audio","train","","True","True","True","wav","5.688","44100","Mono","32","1411200","979.93","2021-12-03 20:27:00"
"e73d935b-ddfa-4139-91d6-9d2f68994770_chan0_v0.wav","/C/gun_explosion_a0a388e0","[""/C/gun_explosion_a0a388e0""]","gun_explosion","[""gun_explosion""]","/home/andres/Documentos/proyecto4geeks/data/raw/edge-collected-gunshot-audio/gunshot/e73d935b-ddfa-4139-91d6-9d2f68994770_chan0_v0.wav","edge-collected-gunshot-audio","train","","True","True","True","wav","3.75","44100","Mono","32","1411200","646.05","2021-12-03 20:27:50"
"43f25ccb-4d7c-4fed-9cc5-cd2da5c2e4ce_chan6_v0.wav","/C/gun_explosion_a0a388e0","[""/C/gun_explosion_a0a388e0""]","gun_explosion","[""gun_explosion""]","/home/andres/Documentos/proyecto4geeks/data/raw/edge-collected-gunshot-audio/gunshot/43f25ccb-4d7c-4fed-9cc5-cd2da5c2e4ce_chan6_v0.wav","edge-collected-gunshot-audio","test","","True","True","True","wav","5.778","44100","Mono","32","1411200","995.35","2021-12-03 20:26:58"
"3754edb6-7d4f-4432-820d-3829797748b7_chan3_v0.wav","/C/gun_explosion_a0a388e0","[""/C/gun_explosion_a0a388e0""]","gun_explosion","[""gun_explosion""]","/home/andres/Documentos/proyecto4geeks/data/raw/edge-collected-gunshot-audio/gunshot/3754edb6-7d4f-4432-820d-3829797748b7_chan3_v0.wav","edge-collected-gunshot-audio","train","","True","True","True","wav","2.143","44100","Mono","32","1411200","369.25","2021-12-03 20:26:56"
"19062f3c-9b24-43eb-aa91-797a1babffc3_chan6_v0.wav","/C/gun_explosion_a0a388e0","[""/C/gun_explosion_a0a388e0""]","gun_explosion","[""gun_explosion""]","/home/andres/Documentos/proyecto4geeks/data/raw/edge-collected-gunshot-audio/gunshot/19062f3c-9b24-43eb-aa91-797a1babffc3_chan6_v0.wav","edge-collected-gunshot-audio","train","","True","True","True","wav","4.708","44100","Mono","32","1411200","811.08","2021-12-03 20:27:22"
"1caa03da-206e-4289-b6cf-441c8ce0bbe4_v0.wav","/C/gun_explosion_a0a388e0","[""/C/gun_explosion_a0a388e0""]","gun_explosion","[""gun_explosion""]","/home/andres/Documentos/proyecto4geeks/data/raw/edge-collected-gunshot-audio/gunshot/1caa03da-206e-4289-b6cf-441c8ce0bbe4_v0.wav","edge-collected-gunshot-audio","train","","True","True","True","wav","3.238","44100","Mono","32","1411200","557.78","2021-12-03 20:28:02"
"1d0d6a99-0a6f-4cce-ad1e-1f952ac98f2a_chan5_v0.wav","/C/gun_explosion_a0a388e0","[""/C/gun_explosion_a0a388e0""]","gun_explosion","[""gun_explosion""]","/home/andres/Documentos/proyecto4geeks/data/raw/edge-collected-gunshot-audio/gunshot/1d0d6a99-0a6f-4cce-ad1e-1f952ac98f2a_chan5_v0.wav","edge-collected-gunshot-audio","train","","True","True","True","wav","3.308","44100","Mono","32","1411200","569.83","2021-12-03 20:28:02"
"af1d7d22-46ed-4f2b-a2b5-fc4a5bec68bd_mean_v0.wav","/C/gun_explosion_a0a388e0","[""/C/gun_explosion_a0a388e0""]","gun_explosion","[""gun_explosion""]","/home/andres/Documentos/proyecto4geeks/data/raw/edge-collected-gunshot-audio/gunshot/af1d7d22-46ed-4f2b-a2b5-fc4a5bec68bd_mean_v0.wav","edge-collected-gunshot-audio","train","","True","True","True","wav","3.495","44100","Mono","32","1411200","602.11","2021-12-03 20:27:38"
"77ac463c-098c-484a-8394-66285cc161a4_chan5_v1.wav","/C/gun_explosion_a0a388e0","[""/C/gun_explosion_a0a388e0""]","gun_explosion","[""gun_explosion""]","/home/andres/Documentos/proyecto4geeks/data/raw/edge-collected-gunshot-audio/gunshot/77ac463c-098c-484a-8394-66285cc161a4_chan5_v1.wav","edge-collected-gunshot-audio","train","","True","True","True","wav","4.366","44100","Mono","32","1411200","752.15","2021-12-03 20:27:04"
"cda2b67e-0c10-4b96-8a5d-0819fe357bea_chan3_v0.wav","/C/gun_explosion_a0a388e0","[""/C/gun_explosion_a0a388e0""]","gun_explosion","[""gun_explosion""]","/home/andres/Documentos/proyecto4geeks/data/raw/edge-collected-gunshot-audio/gunshot/cda2b67e-0c10-4b96-8a5d-0819fe357bea_chan3_v0.wav","edge-collected-gunshot-audio","test","","True","True","True","wav","2.397","44100","Mono","32","1411200","412.95","2021-12-03 20:27:44"
"1ad661e0-c668-444f-846e-53b74fd3b800_chan2_v0.wav","/C/gun_explosion_a0a388e0","[""/C/gun_explosion_a0a388e0""]","gun_explosion","[""gun_explosion""]","/home/andres/Documentos/proyecto4geeks/data/raw/edge-collected-gunshot-audio/gunshot/1ad661e0-c668-444f-846e-53b74fd3b800_chan2_v0.wav","edge-collected-gunshot-audio","test","","True","True","True","wav","2.374","44100","Mono","32","1411200","409.02","2021-12-03 20:26:52"
"5c46db15-509e-43fe-8fde-038b055eb91c_mean_v0.wav","/C/gun_explosion_a0a388e0","[""/C/gun_explosion_a0a388e0""]","gun_explosion","[""gun_explosion""]","/home/andres/Documentos/proyecto4geeks/data/raw/edge-collected-gunshot-audio/gunshot/5c46db15-509e-43fe-8fde-038b055eb91c_mean_v0.wav","edge-collected-gunshot-audio","train","","True","True","True","wav","3.75","44100","Mono","32","1411200","646.05","2021-12-03 20:27:02"
"2206e99c-e7ee-493b-902e-1a970a9fc4fe_chan4_v0.wav","/C/gun_explosion_a0a388e0","[""/C/gun_explosion_a0a388e0""]","gun_explosion","[""gun_explosion""]","/home/andres/Documentos/proyecto4geeks/data/raw/edge-collected-gunshot-audio/gunshot/2206e99c-e7ee-493b-902e-1a970a9fc4fe_chan4_v0.wav","edge-collected-gunshot-audio","train","","True","True","True","wav","3.75","44100","Mono","32","1411200","646.05","2021-12-03 20:26:54"
"0ecc8bff-1110-42d7-9c39-06dbdd1a0075_chan1_v0.wav","/C/gun_explosion_a0a388e0","[""/C/gun_explosion_a0a388e0""]","gun_explosion","[""gun_explosion""]","/home/andres/Documentos/proyecto4geeks/data/raw/edge-collected-gunshot-audio/gunshot/0ecc8bff-1110-42d7-9c39-06dbdd1a0075_chan1_v0.wav","edge-collected-gunshot-audio","train","","True","True","True","wav","7.048","44100","Mono","32","1411200","1214.16","2021-12-03 20:26:50"
"0cb09ab3-6e8e-48b1-9d6f-02804ba1fcf5_v0.wav","/C/gun_explosion_a0a388e0","[""/C/gun_explosion_a0a388e0""]","gun_explosion","[""gun_explosion""]","/home/andres/Documentos/proyecto4geeks/data/raw/edge-collected-gunshot-audio/gunshot/0cb09ab3-6e8e-48b1-9d6f-02804ba1fcf5_v0.wav","edge-collected-gunshot-audio","train","","True","True","True","wav","4.462","44100","Mono","32","1411200","768.75","2021-12-03 20:28:42"
"aaf21cb7-ef6d-4cbc-b2de-b279869b401c_chan6_v0.wav","/C/gun_explosion_a0a388e0","[""/C/gun_explosion_a0a388e0""]","gun_explosion","[""gun_explosion""]","/home/andres/Documentos/proyecto4geeks/data/raw/edge-collected-gunshot-audio/gunshot/aaf21cb7-ef6d-4cbc-b2de-b279869b401c_chan6_v0.wav","edge-collected-gunshot-audio","train","","True","True","True","wav","3.75","44100","Mono","32","1411200","646.05","2021-12-03 20:27:38"
"d1fa442d-a890-42c4-b186-f5196099ace7_mean_v0.wav","/C/gun_explosion_a0a388e0","[""/C/gun_explosion_a0a388e0""]","gun_explosion","[""gun_explosion""]","/home/andres/Documentos/proyecto4geeks/data/raw/edge-collected-gunshot-audio/gunshot/d1fa442d-a890-42c4-b186-f5196099ace7_mean_v0.wav","edge-collected-gunshot-audio","train","","True","True","True","wav","2.648","44100","Mono","32","1411200","456.14","2021-12-03 20:28:34"
"37d36527-f72e-4d54-b388-17645e2d08c2_v0.wav","/C/gun_explosion_a0a388e0","[""/C/gun_explosion_a0a388e0""]","gun_explosion","[""gun_explosion""]","/home/andres/Documentos/proyecto4geeks/data/raw/edge-collected-gunshot-audio/gunshot/37d36527-f72e-4d54-b388-17645e2d08c2_v0.wav","edge-collected-gunshot-audio","train","","True","True","True","wav","6.759","44100","Mono","32","1411200","1164.36","2021-12-03 20:27:24"
"cad6cdd9-faca-4577-95f4-4be31f757b0c_chan1_v0.wav","/C/gun_explosion_a0a388e0","[""/C/gun_explosion_a0a388e0""]","gun_explosion","[""gun_explosion""]","/home/andres/Documentos/proyecto4geeks/data/raw/edge-collected-gunshot-audio/gunshot/cad6cdd9-faca-4577-95f4-4be31f757b0c_chan1_v0.wav","edge-collected-gunshot-audio","train","","True","True","True","wav","3.75","44100","Mono","32","1411200","646.05","2021-12-03 20:27:10"
"79e3a045-8093-4614-9ea1-ad5643d61a1e_chan2_v0.wav","/C/gun_explosion_a0a388e0","[""/C/gun_explosion_a0a388e0""]","gun_explosion","[""gun_explosion""]","/home/andres/Documentos/proyecto4geeks/data/raw/edge-collected-gunshot-audio/gunshot/79e3a045-8093-4614-9ea1-ad5643d61a1e_chan2_v0.wav","edge-collected-gunshot-audio","train","","True","True","True","wav","3.308","44100","Mono","32","1411200","569.83","2021-12-03 20:27:32"
"907b513b-dd5e-4756-a20c-d785fb4f5dd7_v0.wav","/C/gun_explosion_a0a388e0","[""/C/gun_explosion_a0a388e0""]","gun_explosion","[""gun_explosion""]","/home/andres/Documentos/proyecto4geeks/data/raw/edge-collected-gunshot-audio/gunshot/907b513b-dd5e-4756-a20c-d785fb4f5dd7_v0.wav","edge-collected-gunshot-audio","train","","True","True","True","wav","3.75","44100","Mono","32","1411200","646.05","2021-12-03 20:27:34"
"acf24fae-0755-4bf6-8bf9-0440585c5b15_chan2_v0.wav","/C/gun_explosion_a0a388e0","[""/C/gun_explosion_a0a388e0""]","gun_explosion","[""gun_explosion""]","/home/andres/Documentos/proyecto4geeks/data/raw/edge-collected-gunshot-audio/gunshot/acf24fae-0755-4bf6-8bf9-0440585c5b15_chan2_v0.wav","edge-collected-gunshot-audio","train","","True","True","True","wav","4.188","44100","Mono","32","1411200","721.56","2021-12-03 20:28:26"
"7767a07e-d1e5-43a1-99cb-89d37c1f2aa8_v2.wav","/C/gun_explosion_a0a388e0","[""/C/gun_explosion_a0a388e0""]","gun_explosion","[""gun_explosion""]","/home/andres/Documentos/proyecto4geeks/data/raw/edge-collected-gunshot-audio/gunshot/7767a07e-d1e5-43a1-99cb-89d37c1f2aa8_v2.wav","edge-collected-gunshot-audio","train","","True","True","True","wav","3.75","44100","Mono","32","1411200","646.05","2021-12-03 20:29:00"
"a283ea70-649d-4c18-bf8b-ba4e8507455a_chan5_v0.wav","/C/gun_explosion_a0a388e0","[""/C/gun_explosion_a0a388e0""]","gun_explosion","[""gun_explosion""]","/home/andres/Documentos/proyecto4geeks/data/raw/edge-collected-gunshot-audio/gunshot/a283ea70-649d-4c18-bf8b-ba4e8507455a_chan5_v0.wav","edge-collected-gunshot-audio","train","","True","True","True","wav","3.75","44100","Mono","32","1411200","646.05","2021-12-03 20:28:26"
"a264a706-edd4-436d-a0d4-ccb64421bdd7_chan0_v0.wav","/C/gun_explosion_a0a388e0","[""/C/gun_explosion_a0a388e0""]","gun_explosion","[""gun_explosion""]","/home/andres/Documentos/proyecto4geeks/data/raw/edge-collected-gunshot-audio/gunshot/a264a706-edd4-436d-a0d4-ccb64421bdd7_chan0_v0.wav","edge-collected-gunshot-audio","train","","True","True","True","wav","2.817","44100","Mono","32","1411200","485.33","2021-12-03 20:28:26"
"a264a706-edd4-436d-a0d4-ccb64421bdd7_chan2_v0.wav","/C/gun_explosion_a0a388e0","[""/C/gun_explosion_a0a388e0""]","gun_explosion","[""gun_explosion""]","/home/andres/Documentos/proyecto4geeks/data/raw/edge-collected-gunshot-audio/gunshot/a264a706-edd4-436d-a0d4-ccb64421bdd7_chan2_v0.wav","edge-collected-gunshot-audio","train","","True","True","True","wav","2.817","44100","Mono","32","1411200","485.33","2021-12-03 20:28:26"
"e31def2b-3a48-4963-9538-b4b0f23f1bf2_v0.wav","/C/gun_explosion_a0a388e0","[""/C/gun_explosion_a0a388e0""]","gun_explosion","[""gun_explosion""]","/home/andres/Documentos/proyecto4geeks/data/raw/edge-collected-gunshot-audio/gunshot/e31def2b-3a48-4963-9538-b4b0f23f1bf2_v0.wav","edge-collected-gunshot-audio","train","","True","True","True","wav","3.75","44100","Mono","32","1411200","646.05","2021-12-03 20:28:38"
"545023ab-9344-4ff1-b0a7-ef5eda73893d_chan1_v0.wav","/C/gun_explosion_a0a388e0","[""/C/gun_explosion_a0a388e0""]","gun_explosion","[""gun_explosion""]","/home/andres/Documentos/proyecto4geeks/data/raw/edge-collected-gunshot-audio/gunshot/545023ab-9344-4ff1-b0a7-ef5eda73893d_chan1_v0.wav","edge-collected-gunshot-audio","train","","True","True","True","wav","3.75","44100","Mono","32","1411200","646.05","2021-12-03 20:28:10"
"a27a21fe-c4ef-46ef-9cf9-fbcb8c1c9dc3_v1.wav","/C/gun_explosion_a0a388e0","[""/C/gun_explosion_a0a388e0""]","gun_explosion","[""gun_explosion""]","/home/andres/Documentos/proyecto4geeks/data/raw/edge-collected-gunshot-audio/gunshot/a27a21fe-c4ef-46ef-9cf9-fbcb8c1c9dc3_v1.wav","edge-collected-gunshot-audio","train","","True","True","True","wav","3.75","44100","Mono","32","1411200","646.05","2021-12-03 20:29:10"
"27c95dc1-e509-4bf6-a7a7-31e49f111fb0_v3.wav","/C/gun_explosion_a0a388e0","[""/C/gun_explosion_a0a388e0""]","gun_explosion","[""gun_explosion""]","/home/andres/Documentos/proyecto4geeks/data/raw/edge-collected-gunshot-audio/gunshot/27c95dc1-e509-4bf6-a7a7-31e49f111fb0_v3.wav","edge-collected-gunshot-audio","train","","True","True","True","wav","1.831","44100","Mono","32","1411200","315.56","2021-12-03 20:28:48"
"524157e1-fb04-46b2-b887-8fcc84c4261a_chan2_v1.wav","/C/gun_explosion_a0a388e0","[""/C/gun_explosion_a0a388e0""]","gun_explosion","[""gun_explosion""]","/home/andres/Documentos/proyecto4geeks/data/raw/edge-collected-gunshot-audio/gunshot/524157e1-fb04-46b2-b887-8fcc84c4261a_chan2_v1.wav","edge-collected-gunshot-audio","train","","True","True","True","wav","8.999","44100","Mono","32","1411200","1550.29","2021-12-03 20:28:54"
"babd14d1-b207-4585-9c31-53f759e45eec_v0.wav","/C/gun_explosion_a0a388e0","[""/C/gun_explosion_a0a388e0""]","gun_explosion","[""gun_explosion""]","/home/andres/Documentos/proyecto4geeks/data/raw/edge-collected-gunshot-audio/gunshot/babd14d1-b207-4585-9c31-53f759e45eec_v0.wav","edge-collected-gunshot-audio","train","","True","True","True","wav","3.75","44100","Mono","32","1411200","646.05","2021-12-03 20:28:28"
"a494f4fa-d5fc-4b52-8e25-6804bc695ec1_mean_v0.wav","/C/gun_explosion_a0a388e0","[""/C/gun_explosion_a0a388e0""]","gun_explosion","[""gun_explosion""]","/home/andres/Documentos/proyecto4geeks/data/raw/edge-collected-gunshot-audio/gunshot/a494f4fa-d5fc-4b52-8e25-6804bc695ec1_mean_v0.wav","edge-collected-gunshot-audio","train","","True","True","True","wav","3.75","44100","Mono","32","1411200","646.05","2021-12-03 20:29:12"
"519d8ad8-2ccf-4ad9-a0ba-689ee0052fae_chan6_v0.wav","/C/gun_explosion_a0a388e0","[""/C/gun_explosion_a0a388e0""]","gun_explosion","[""gun_explosion""]","/home/andres/Documentos/proyecto4geeks/data/raw/edge-collected-gunshot-audio/gunshot/519d8ad8-2ccf-4ad9-a0ba-689ee0052fae_chan6_v0.wav","edge-collected-gunshot-audio","test","","True","True","True","wav","5.18","44100","Mono","32","1411200","892.34","2021-12-03 20:27:28"
"59870dda-c047-4ab0-9016-7a4ffd65f504_chan1_v0.wav","/C/gun_explosion_a0a388e0","[""/C/gun_explosion_a0a388e0""]","gun_explosion","[""gun_explosion""]","/home/andres/Documentos/proyecto4geeks/data/raw/edge-collected-gunshot-audio/gunshot/59870dda-c047-4ab0-9016-7a4ffd65f504_chan1_v0.wav","edge-collected-gunshot-audio","train","","True","True","True","wav","3.522","44100","Mono","32","1411200","606.71","2021-12-03 20:28:56"
"9702cac6-fa8d-423e-8c55-c3a2cba43a80_chan1_v0.wav","/C/gun_explosion_a0a388e0","[""/C/gun_explosion_a0a388e0""]","gun_explosion","[""gun_explosion""]","/home/andres/Documentos/proyecto4geeks/data/raw/edge-collected-gunshot-audio/gunshot/9702cac6-fa8d-423e-8c55-c3a2cba43a80_chan1_v0.wav","edge-collected-gunshot-audio","train","","True","True","True","wav","5.022","44100","Mono","32","1411200","865.23","2021-12-03 20:29:06"
"e782f1a4-8cbd-4335-a97e-d90e744de9f7_chan5_v0.wav","/C/gun_explosion_a0a388e0","[""/C/gun_explosion_a0a388e0""]","gun_explosion","[""gun_explosion""]","/home/andres/Documentos/proyecto4geeks/data/raw/edge-collected-gunshot-audio/gunshot/e782f1a4-8cbd-4335-a97e-d90e744de9f7_chan5_v0.wav","edge-collected-gunshot-audio","test","","True","True","True","wav","4.937","44100","Mono","32","1411200","850.46","2021-12-03 20:29:26"
"backup_e1e6a8dd-899c-47bb-a7ec-c480dfb33073__v0.wav","/C/gun_explosion_a0a388e0","[""/C/gun_explosion_a0a388e0""]","gun_explosion","[""gun_explosion""]","/home/andres/Documentos/proyecto4geeks/data/raw/edge-collected-gunshot-audio/gunshot/backup_e1e6a8dd-899c-47bb-a7ec-c480dfb33073__v0.wav","edge-collected-gunshot-audio","test","","True","True","True","wav","9.491","44100","Mono","32","1411200","1635.06","2021-12-03 20:28:30"
"a264a706-edd4-436d-a0d4-ccb64421bdd7_chan6_v0.wav","/C/gun_explosion_a0a388e0","[""/C/gun_explosion_a0a388e0""]","gun_explosion","[""gun_explosion""]","/home/andres/Documentos/proyecto4geeks/data/raw/edge-collected-gunshot-audio/gunshot/a264a706-edd4-436d-a0d4-ccb64421bdd7_chan6_v0.wav","edge-collected-gunshot-audio","test","","True","True","True","wav","2.817","44100","Mono","32","1411200","485.34","2021-12-03 20:28:26"
"54b9c8d4-2a8d-4140-8bd8-3946b7284acb_chan1_v0.wav","/C/gun_explosion_a0a388e0","[""/C/gun_explosion_a0a388e0""]","gun_explosion","[""gun_explosion""]","/home/andres/Documentos/proyecto4geeks/data/raw/edge-collected-gunshot-audio/gunshot/54b9c8d4-2a8d-4140-8bd8-3946b7284acb_chan1_v0.wav","edge-collected-gunshot-audio","train","","True","True","True","wav","3.75","44100","Mono","32","1411200","646.05","2021-12-03 20:28:54"
"972e5199-b99c-4f49-b006-ec7c2903f2ee_chan0_v1.wav","/C/gun_explosion_a0a388e0","[""/C/gun_explosion_a0a388e0""]","gun_explosion","[""gun_explosion""]","/home/andres/Documentos/proyecto4geeks/data/raw/edge-collected-gunshot-audio/gunshot/972e5199-b99c-4f49-b006-ec7c2903f2ee_chan0_v1.wav","edge-collected-gunshot-audio","train","","True","True","True","wav","8.457","44100","Mono","32","1411200","1456.93","2021-12-03 20:29:08"
"63bed9c5-c7c7-429e-82de-9114078423ab_chan6_v0.wav","/C/gun_explosion_a0a388e0","[""/C/gun_explosion_a0a388e0""]","gun_explosion","[""gun_explosion""]","/home/andres/Documentos/proyecto4geeks/data/raw/edge-collected-gunshot-audio/gunshot/63bed9c5-c7c7-429e-82de-9114078423ab_chan6_v0.wav","edge-collected-gunshot-audio","test","","True","True","True","wav","3.705","44100","Mono","32","1411200","638.32","2021-12-03 20:28:16"
"8c9ff2a1-3a8c-4343-a370-ff51f92ee47b_v0.wav","/C/gun_explosion_a0a388e0","[""/C/gun_explosion_a0a388e0""]","gun_explosion","[""gun_explosion""]","/home/andres/Documentos/proyecto4geeks/data/raw/edge-collected-gunshot-audio/gunshot/8c9ff2a1-3a8c-4343-a370-ff51f92ee47b_v0.wav","edge-collected-gunshot-audio","test","","True","True","True","wav","5.904","44100","Mono","32","1411200","1017.13","2021-12-03 20:27:04"
"ba21cf97-f122-4ddd-b06d-1e1dc3600afb_v0.wav","/C/gun_explosion_a0a388e0","[""/C/gun_explosion_a0a388e0""]","gun_explosion","[""gun_explosion""]","/home/andres/Documentos/proyecto4geeks/data/raw/edge-collected-gunshot-audio/gunshot/ba21cf97-f122-4ddd-b06d-1e1dc3600afb_v0.wav","edge-collected-gunshot-audio","test","","True","True","True","wav","3.75","44100","Mono","32","1411200","646.05","2021-12-03 20:28:28"
"4a8f0528-491b-408b-9c2d-96ab0e8e6dc4_mean_v0.wav","/C/gun_explosion_a0a388e0","[""/C/gun_explosion_a0a388e0""]","gun_explosion","[""gun_explosion""]","/home/andres/Documentos/proyecto4geeks/data/raw/edge-collected-gunshot-audio/gunshot/4a8f0528-491b-408b-9c2d-96ab0e8e6dc4_mean_v0.wav","edge-collected-gunshot-audio","train","","True","True","True","wav","5.982","44100","Mono","32","1411200","1030.51","2021-12-03 20:28:08"
"805e6b14-ad2f-4802-902b-53518cc81464_chan4_v0.wav","/C/gun_explosion_a0a388e0","[""/C/gun_explosion_a0a388e0""]","gun_explosion","[""gun_explosion""]","/home/andres/Documentos/proyecto4geeks/data/raw/edge-collected-gunshot-audio/gunshot/805e6b14-ad2f-4802-902b-53518cc81464_chan4_v0.wav","edge-collected-gunshot-audio","train","","True","True","True","wav","5.838","44100","Mono","32","1411200","1005.69","2021-12-03 20:27:04"
"5972ae17-39fc-4813-b384-bb8ece5856f8_chan3_v0.wav","/C/gun_explosion_a0a388e0","[""/C/gun_explosion_a0a388e0""]","gun_explosion","[""gun_explosion""]","/home/andres/Documentos/proyecto4geeks/data/raw/edge-collected-gunshot-audio/gunshot/5972ae17-39fc-4813-b384-bb8ece5856f8_chan3_v0.wav","edge-collected-gunshot-audio","train","","True","True","True","wav","5.618","44100","Mono","32","1411200","967.78","2021-12-03 20:28:12"
"d3863171-479e-4db8-bf20-b602efb56f5b_v0.wav","/C/gun_explosion_a0a388e0","[""/C/gun_explosion_a0a388e0""]","gun_explosion","[""gun_explosion""]","/home/andres/Documentos/proyecto4geeks/data/raw/edge-collected-gunshot-audio/gunshot/d3863171-479e-4db8-bf20-b602efb56f5b_v0.wav","edge-collected-gunshot-audio","train","","True","True","True","wav","3.839","44100","Mono","32","1411200","661.42","2021-12-03 20:29:20"
"af1d7d22-46ed-4f2b-a2b5-fc4a5bec68bd_chan4_v0.wav","/C/gun_explosion_a0a388e0","[""/C/gun_explosion_a0a388e0""]","gun_explosion","[""gun_explosion""]","/home/andres/Documentos/proyecto4geeks/data/raw/edge-collected-gunshot-audio/gunshot/af1d7d22-46ed-4f2b-a2b5-fc4a5bec68bd_chan4_v0.wav","edge-collected-gunshot-audio","train","","True","True","True","wav","3.495","44100","Mono","32","1411200","602.12","2021-12-03 20:27:38"
"7d451790-0f0d-45e5-92fc-cbc68ede0a79_chan2_v0.wav","/C/gun_explosion_a0a388e0","[""/C/gun_explosion_a0a388e0""]","gun_explosion","[""gun_explosion""]","/home/andres/Documentos/proyecto4geeks/data/raw/edge-collected-gunshot-audio/gunshot/7d451790-0f0d-45e5-92fc-cbc68ede0a79_chan2_v0.wav","edge-collected-gunshot-audio","train","","True","True","True","wav","4.896","44100","Mono","32","1411200","843.49","2021-12-03 20:29:02"
"889f15aa-9b06-472b-8a87-85434b13dc0f_mean_v1.wav","/C/gun_explosion_a0a388e0","[""/C/gun_explosion_a0a388e0""]","gun_explosion","[""gun_explosion""]","/home/andres/Documentos/proyecto4geeks/data/raw/edge-collected-gunshot-audio/gunshot/889f15aa-9b06-472b-8a87-85434b13dc0f_mean_v1.wav","edge-collected-gunshot-audio","train","","True","True","True","wav","3.75","44100","Mono","32","1411200","646.05","2021-12-03 20:29:04"
"d394b858-4d3d-4658-9eb6-296579776892_chan3_v0.wav","/C/gun_explosion_a0a388e0","[""/C/gun_explosion_a0a388e0""]","gun_explosion","[""gun_explosion""]","/home/andres/Documentos/proyecto4geeks/data/raw/edge-collected-gunshot-audio/gunshot/d394b858-4d3d-4658-9eb6-296579776892_chan3_v0.wav","edge-collected-gunshot-audio","train","","True","True","True","wav","3.75","44100","Mono","32","1411200","646.05","2021-12-03 20:27:46"
"bb5a8b3f-3724-456e-83e1-55f5ca5ac68a_mean_v0.wav","/C/gun_explosion_a0a388e0","[""/C/gun_explosion_a0a388e0""]","gun_explosion","[""gun_explosion""]","/home/andres/Documentos/proyecto4geeks/data/raw/edge-collected-gunshot-audio/gunshot/bb5a8b3f-3724-456e-83e1-55f5ca5ac68a_mean_v0.wav","edge-collected-gunshot-audio","train","","True","True","True","wav","3.75","44100","Mono","32","1411200","646.05","2021-12-03 20:28:32"
"1f85c0fd-51bb-470c-9b40-0f0faa5cae1f_chan6_v0.wav","/C/gun_explosion_a0a388e0","[""/C/gun_explosion_a0a388e0""]","gun_explosion","[""gun_explosion""]","/home/andres/Documentos/proyecto4geeks/data/raw/edge-collected-gunshot-audio/gunshot/1f85c0fd-51bb-470c-9b40-0f0faa5cae1f_chan6_v0.wav","edge-collected-gunshot-audio","test","","True","True","True","wav","3.848","44100","Mono","32","1411200","662.97","2021-12-03 20:28:02"
"311641e1-8a87-4a2b-a12d-5d451505741c_v6.wav","/C/gun_explosion_a0a388e0","[""/C/gun_explosion_a0a388e0""]","gun_explosion","[""gun_explosion""]","/home/andres/Documentos/proyecto4geeks/data/raw/edge-collected-gunshot-audio/gunshot/311641e1-8a87-4a2b-a12d-5d451505741c_v6.wav","edge-collected-gunshot-audio","test","","True","True","True","wav","2.0","44100","Mono","32","1411200","344.59","2021-12-03 20:28:06"
"a2559144-1297-4aee-9b36-95cb24489cfd_v2.wav","/C/gun_explosion_a0a388e0","[""/C/gun_explosion_a0a388e0""]","gun_explosion","[""gun_explosion""]","/home/andres/Documentos/proyecto4geeks/data/raw/edge-collected-gunshot-audio/gunshot/a2559144-1297-4aee-9b36-95cb24489cfd_v2.wav","edge-collected-gunshot-audio","train","","True","True","True","wav","5.592","44100","Mono","32","1411200","963.43","2021-12-03 20:27:06"
"3bfce3a1-3fab-46fe-8fff-ca561406e625_chan0_v1.wav","/C/gun_explosion_a0a388e0","[""/C/gun_explosion_a0a388e0""]","gun_explosion","[""gun_explosion""]","/home/andres/Documentos/proyecto4geeks/data/raw/edge-collected-gunshot-audio/gunshot/3bfce3a1-3fab-46fe-8fff-ca561406e625_chan0_v1.wav","edge-collected-gunshot-audio","train","","True","True","True","wav","3.75","44100","Mono","32","1411200","646.05","2021-12-03 20:28:06"
"0a7c0396-3ac7-462d-b1f6-c73243eb6865_chan1_v1.wav","/C/gun_explosion_a0a388e0","[""/C/gun_explosion_a0a388e0""]","gun_explosion","[""gun_explosion""]","/home/andres/Documentos/proyecto4geeks/data/raw/edge-collected-gunshot-audio/gunshot/0a7c0396-3ac7-462d-b1f6-c73243eb6865_chan1_v1.wav","edge-collected-gunshot-audio","test","","True","True","True","wav","3.75","44100","Mono","32","1411200","646.05","2021-12-03 20:27:20"
"fc8aad5b-6062-4512-8364-5ab905b2faea_v4.wav","/C/gun_explosion_a0a388e0","[""/C/gun_explosion_a0a388e0""]","gun_explosion","[""gun_explosion""]","/home/andres/Documentos/proyecto4geeks/data/raw/edge-collected-gunshot-audio/gunshot/fc8aad5b-6062-4512-8364-5ab905b2faea_v4.wav","edge-collected-gunshot-audio","train","","True","True","True","wav","3.75","44100","Mono","32","1411200","646.05","2021-12-03 20:27:50"
"880cac70-86c1-4369-8fce-808a92d86844_v0.wav","/C/gun_explosion_a0a388e0","[""/C/gun_explosion_a0a388e0""]","gun_explosion","[""gun_explosion""]","/home/andres/Documentos/proyecto4geeks/data/raw/edge-collected-gunshot-audio/gunshot/880cac70-86c1-4369-8fce-808a92d86844_v0.wav","edge-collected-gunshot-audio","train","","True","True","True","wav","3.75","44100","Mono","32","1411200","646.05","2021-12-03 20:28:20"
"64210409-df04-4e4b-bf3b-7afa05b59624_chan5_v0.wav","/C/gun_explosion_a0a388e0","[""/C/gun_explosion_a0a388e0""]","gun_explosion","[""gun_explosion""]","/home/andres/Documentos/proyecto4geeks/data/raw/edge-collected-gunshot-audio/gunshot/64210409-df04-4e4b-bf3b-7afa05b59624_chan5_v0.wav","edge-collected-gunshot-audio","train","","True","True","True","wav","3.75","44100","Mono","32","1411200","646.05","2021-12-03 20:28:16"
"c076327b-0718-4e38-8620-ba345aa2cdbc_v0.wav","/C/gun_explosion_a0a388e0","[""/C/gun_explosion_a0a388e0""]","gun_explosion","[""gun_explosion""]","/home/andres/Documentos/proyecto4geeks/data/raw/edge-collected-gunshot-audio/gunshot/c076327b-0718-4e38-8620-ba345aa2cdbc_v0.wav","edge-collected-gunshot-audio","train","","True","True","True","wav","3.75","44100","Mono","32","1411200","646.05","2021-12-03 20:29:18"
"549ae4a3-3088-47c6-9804-882b81f7f69e_chan5_v0.wav","/C/gun_explosion_a0a388e0","[""/C/gun_explosion_a0a388e0""]","gun_explosion","[""gun_explosion""]","/home/andres/Documentos/proyecto4geeks/data/raw/edge-collected-gunshot-audio/gunshot/549ae4a3-3088-47c6-9804-882b81f7f69e_chan5_v0.wav","edge-collected-gunshot-audio","test","","True","True","True","wav","3.75","44100","Mono","32","1411200","646.05","2021-12-03 20:26:58"
"906a6959-11b2-4a24-94c5-fce000ad00a8_chan4_v0.wav","/C/gun_explosion_a0a388e0","[""/C/gun_explosion_a0a388e0""]","gun_explosion","[""gun_explosion""]","/home/andres/Documentos/proyecto4geeks/data/raw/edge-collected-gunshot-audio/gunshot/906a6959-11b2-4a24-94c5-fce000ad00a8_chan4_v0.wav","edge-collected-gunshot-audio","test","","True","True","True","wav","2.821","44100","Mono","32","1411200","485.94","2021-12-03 20:28:22"
"e3223836-7826-4d8d-80df-51071b52c15a_chan1_v0.wav","/C/gun_explosion_a0a388e0","[""/C/gun_explosion_a0a388e0""]","gun_explosion","[""gun_explosion""]","/home/andres/Documentos/proyecto4geeks/data/raw/edge-collected-gunshot-audio/gunshot/e3223836-7826-4d8d-80df-51071b52c15a_chan1_v0.wav","edge-collected-gunshot-audio","train","","True","True","True","wav","3.965","44100","Mono","32","1411200","683.03","2021-12-03 20:28:38"
"28d97af9-0450-4dc5-a40a-1eb40e387bf2_v0.wav","/C/gun_explosion_a0a388e0","[""/C/gun_explosion_a0a388e0""]","gun_explosion","[""gun_explosion""]","/home/andres/Documentos/proyecto4geeks/data/raw/edge-collected-gunshot-audio/gunshot/28d97af9-0450-4dc5-a40a-1eb40e387bf2_v0.wav","edge-collected-gunshot-audio","train","","True","True","True","wav","7.2","44100","Mono","32","1411200","1240.32","2021-12-03 20:27:24"
"da1019cd-4fdd-404c-a76f-e3fa43997a28_chan6_v0.wav","/C/gun_explosion_a0a388e0","[""/C/gun_explosion_a0a388e0""]","gun_explosion","[""gun_explosion""]","/home/andres/Documentos/proyecto4geeks/data/raw/edge-collected-gunshot-audio/gunshot/da1019cd-4fdd-404c-a76f-e3fa43997a28_chan6_v0.wav","edge-collected-gunshot-audio","train","","True","True","True","wav","6.703","44100","Mono","32","1411200","1154.83","2021-12-03 20:29:22"
"191df8d6-a4c9-4430-9ef8-e05c473fdbfb_chan4_v0.wav","/C/gun_explosion_a0a388e0","[""/C/gun_explosion_a0a388e0""]","gun_explosion","[""gun_explosion""]","/home/andres/Documentos/proyecto4geeks/data/raw/edge-collected-gunshot-audio/gunshot/191df8d6-a4c9-4430-9ef8-e05c473fdbfb_chan4_v0.wav","edge-collected-gunshot-audio","train","","True","True","True","wav","3.3","44100","Mono","32","1411200","568.53","2021-12-03 20:28:44"
"b785ce2a-693b-40df-8c78-53fb862046c4_chan1_v0.wav","/C/gun_explosion_a0a388e0","[""/C/gun_explosion_a0a388e0""]","gun_explosion","[""gun_explosion""]","/home/andres/Documentos/proyecto4geeks/data/raw/edge-collected-gunshot-audio/gunshot/b785ce2a-693b-40df-8c78-53fb862046c4_chan1_v0.wav","edge-collected-gunshot-audio","train","","True","True","True","wav","4.043","44100","Mono","32","1411200","696.44","2021-12-03 20:29:18"
"ff842455-42f4-4c3a-8ab0-0ee2085d1c32_chan2_v0.wav","/C/gun_explosion_a0a388e0","[""/C/gun_explosion_a0a388e0""]","gun_explosion","[""gun_explosion""]","/home/andres/Documentos/proyecto4geeks/data/raw/edge-collected-gunshot-audio/gunshot/ff842455-42f4-4c3a-8ab0-0ee2085d1c32_chan2_v0.wav","edge-collected-gunshot-audio","train","","True","True","True","wav","6.63","44100","Mono","32","1411200","1142.17","2021-12-03 20:29:28"
"75e92696-27e0-4438-b8fa-368fecbed9c2_v0.wav","/C/gun_explosion_a0a388e0","[""/C/gun_explosion_a0a388e0""]","gun_explosion","[""gun_explosion""]","/home/andres/Documentos/proyecto4geeks/data/raw/edge-collected-gunshot-audio/gunshot/75e92696-27e0-4438-b8fa-368fecbed9c2_v0.wav","edge-collected-gunshot-audio","train","","True","True","True","wav","3.75","44100","Mono","32","1411200","646.05","2021-12-03 20:27:32"
"56fe6fed-6bf0-475f-b660-770535298f86_v1.wav","/C/gun_explosion_a0a388e0","[""/C/gun_explosion_a0a388e0""]","gun_explosion","[""gun_explosion""]","/home/andres/Documentos/proyecto4geeks/data/raw/edge-collected-gunshot-audio/gunshot/56fe6fed-6bf0-475f-b660-770535298f86_v1.wav","edge-collected-gunshot-audio","train","","True","True","True","wav","3.75","44100","Mono","32","1411200","646.05","2021-12-03 20:27:28"
"63bed9c5-c7c7-429e-82de-9114078423ab_chan5_v0.wav","/C/gun_explosion_a0a388e0","[""/C/gun_explosion_a0a388e0""]","gun_explosion","[""gun_explosion""]","/home/andres/Documentos/proyecto4geeks/data/raw/edge-collected-gunshot-audio/gunshot/63bed9c5-c7c7-429e-82de-9114078423ab_chan5_v0.wav","edge-collected-gunshot-audio","train","","True","True","True","wav","3.705","44100","Mono","32","1411200","638.31","2021-12-03 20:28:16"
"b6b54c4a-e6b0-487e-b476-25dc131d0607_chan0_v0.wav","/C/gun_explosion_a0a388e0","[""/C/gun_explosion_a0a388e0""]","gun_explosion","[""gun_explosion""]","/home/andres/Documentos/proyecto4geeks/data/raw/edge-collected-gunshot-audio/gunshot/b6b54c4a-e6b0-487e-b476-25dc131d0607_chan0_v0.wav","edge-collected-gunshot-audio","train","","True","True","True","wav","3.75","44100","Mono","32","1411200","646.05","2021-12-03 20:29:16"
"backup_d3900443-f7b7-4802-9649-d71b5d068ba2__v3.wav","/C/gun_explosion_a0a388e0","[""/C/gun_explosion_a0a388e0""]","gun_explosion","[""gun_explosion""]","/home/andres/Documentos/proyecto4geeks/data/raw/edge-collected-gunshot-audio/gunshot/backup_d3900443-f7b7-4802-9649-d71b5d068ba2__v3.wav","edge-collected-gunshot-audio","test","","True","True","True","wav","3.75","44100","Mono","32","1411200","646.05","2021-12-03 20:28:30"
"d394b858-4d3d-4658-9eb6-296579776892_chan6_v0.wav","/C/gun_explosion_a0a388e0","[""/C/gun_explosion_a0a388e0""]","gun_explosion","[""gun_explosion""]","/home/andres/Documentos/proyecto4geeks/data/raw/edge-collected-gunshot-audio/gunshot/d394b858-4d3d-4658-9eb6-296579776892_chan6_v0.wav","edge-collected-gunshot-audio","train","","True","True","True","wav","3.75","44100","Mono","32","1411200","646.05","2021-12-03 20:27:46"
"a39107e3-e899-458f-bc52-1340d67fbbb4_chan4_v0.wav","/C/gun_explosion_a0a388e0","[""/C/gun_explosion_a0a388e0""]","gun_explosion","[""gun_explosion""]","/home/andres/Documentos/proyecto4geeks/data/raw/edge-collected-gunshot-audio/gunshot/a39107e3-e899-458f-bc52-1340d67fbbb4_chan4_v0.wav","edge-collected-gunshot-audio","train","","True","True","True","wav","3.675","44100","Mono","32","1411200","633.13","2021-12-03 20:29:10"
"22ed4ab2-febd-4d74-9777-ea4f8c6469ae_chan2_v0.wav","/C/gun_explosion_a0a388e0","[""/C/gun_explosion_a0a388e0""]","gun_explosion","[""gun_explosion""]","/home/andres/Documentos/proyecto4geeks/data/raw/edge-collected-gunshot-audio/gunshot/22ed4ab2-febd-4d74-9777-ea4f8c6469ae_chan2_v0.wav","edge-collected-gunshot-audio","test","","True","True","True","wav","3.75","44100","Mono","32","1411200","646.05","2021-12-03 20:28:02"
"ff9e990f-689b-4608-8fc2-790b6a6231e8_v0.wav","/C/gun_explosion_a0a388e0","[""/C/gun_explosion_a0a388e0""]","gun_explosion","[""gun_explosion""]","/home/andres/Documentos/proyecto4geeks/data/raw/edge-collected-gunshot-audio/gunshot/ff9e990f-689b-4608-8fc2-790b6a6231e8_v0.wav","edge-collected-gunshot-audio","train","","True","True","True","wav","8.551","44100","Mono","32","1411200","1473.13","2021-12-03 20:27:16"
"a494f4fa-d5fc-4b52-8e25-6804bc695ec1_chan2_v0.wav","/C/gun_explosion_a0a388e0","[""/C/gun_explosion_a0a388e0""]","gun_explosion","[""gun_explosion""]","/home/andres/Documentos/proyecto4geeks/data/raw/edge-collected-gunshot-audio/gunshot/a494f4fa-d5fc-4b52-8e25-6804bc695ec1_chan2_v0.wav","edge-collected-gunshot-audio","train","","True","True","True","wav","3.75","44100","Mono","32","1411200","646.05","2021-12-03 20:29:12"
"545023ab-9344-4ff1-b0a7-ef5eda73893d_chan1_v1.wav","/C/gun_explosion_a0a388e0","[""/C/gun_explosion_a0a388e0""]","gun_explosion","[""gun_explosion""]","/home/andres/Documentos/proyecto4geeks/data/raw/edge-collected-gunshot-audio/gunshot/545023ab-9344-4ff1-b0a7-ef5eda73893d_chan1_v1.wav","edge-collected-gunshot-audio","train","","True","True","True","wav","3.409","44100","Mono","32","1411200","587.38","2021-12-03 20:28:10"
"48ea58b4-b57d-41a2-9e26-c03ea389dff2_v0.wav","/C/gun_explosion_a0a388e0","[""/C/gun_explosion_a0a388e0""]","gun_explosion","[""gun_explosion""]","/home/andres/Documentos/proyecto4geeks/data/raw/edge-collected-gunshot-audio/gunshot/48ea58b4-b57d-41a2-9e26-c03ea389dff2_v0.wav","edge-collected-gunshot-audio","train","","True","True","True","wav","3.75","44100","Mono","32","1411200","646.05","2021-12-03 20:27:28"
"cf5903aa-f70e-4b5a-8f0b-ab010db39792_v1.wav","/C/gun_explosion_a0a388e0","[""/C/gun_explosion_a0a388e0""]","gun_explosion","[""gun_explosion""]","/home/andres/Documentos/proyecto4geeks/data/raw/edge-collected-gunshot-audio/gunshot/cf5903aa-f70e-4b5a-8f0b-ab010db39792_v1.wav","edge-collected-gunshot-audio","train","","True","True","True","wav","2.0","44100","Mono","32","1411200","344.59","2021-12-03 20:27:12"
"e4cc254a-6c6e-4d2f-9434-f2a46d8f4f38_v0.wav","/C/gun_explosion_a0a388e0","[""/C/gun_explosion_a0a388e0""]","gun_explosion","[""gun_explosion""]","/home/andres/Documentos/proyecto4geeks/data/raw/edge-collected-gunshot-audio/gunshot/e4cc254a-6c6e-4d2f-9434-f2a46d8f4f38_v0.wav","edge-collected-gunshot-audio","train","","True","True","True","wav","4.491","44100","Mono","32","1411200","773.63","2021-12-03 20:29:24"
"47ec5352-1b86-477b-9852-b13901c7eb4d_chan6_v0.wav","/C/gun_explosion_a0a388e0","[""/C/gun_explosion_a0a388e0""]","gun_explosion","[""gun_explosion""]","/home/andres/Documentos/proyecto4geeks/data/raw/edge-collected-gunshot-audio/gunshot/47ec5352-1b86-477b-9852-b13901c7eb4d_chan6_v0.wav","edge-collected-gunshot-audio","train","","True","True","True","wav","3.75","44100","Mono","32","1411200","646.05","2021-12-03 20:27:28"
"097daac2-8bc8-4c8f-a4ec-e1e6ba5735b7_chan4_v0.wav","/C/gun_explosion_a0a388e0","[""/C/gun_explosion_a0a388e0""]","gun_explosion","[""gun_explosion""]","/home/andres/Documentos/proyecto4geeks/data/raw/edge-collected-gunshot-audio/gunshot/097daac2-8bc8-4c8f-a4ec-e1e6ba5735b7_chan4_v0.wav","edge-collected-gunshot-audio","train","","True","True","True","wav","3.835","44100","Mono","32","1411200","660.72","2021-12-03 20:27:56"
"df9c8055-a6c4-483e-ac29-6da128a2cb18_v5.wav","/C/gun_explosion_a0a388e0","[""/C/gun_explosion_a0a388e0""]","gun_explosion","[""gun_explosion""]","/home/andres/Documentos/proyecto4geeks/data/raw/edge-collected-gunshot-audio/gunshot/df9c8055-a6c4-483e-ac29-6da128a2cb18_v5.wav","edge-collected-gunshot-audio","train","","True","True","True","wav","3.75","44100","Mono","32","1411200","646.05","2021-12-03 20:27:48"
"4a48b77c-72bf-4917-b8b0-da4f8b20a24b_chan1_v0.wav","/C/gun_explosion_a0a388e0","[""/C/gun_explosion_a0a388e0""]","gun_explosion","[""gun_explosion""]","/home/andres/Documentos/proyecto4geeks/data/raw/edge-collected-gunshot-audio/gunshot/4a48b77c-72bf-4917-b8b0-da4f8b20a24b_chan1_v0.wav","edge-collected-gunshot-audio","train","","True","True","True","wav","2.209","44100","Mono","32","1411200","380.6","2021-12-03 20:27:28"
"24ed6f76-c141-4366-a98c-f09596a4e5c0_v3.wav","/C/gun_explosion_a0a388e0","[""/C/gun_explosion_a0a388e0""]","gun_explosion","[""gun_explosion""]","/home/andres/Documentos/proyecto4geeks/data/raw/edge-collected-gunshot-audio/gunshot/24ed6f76-c141-4366-a98c-f09596a4e5c0_v3.wav","edge-collected-gunshot-audio","train","","True","True","True","wav","2.0","44100","Mono","32","1411200","344.59","2021-12-03 20:28:04"
"37861b06-0455-47e7-89de-c18e357eb9c8_chan3_v0.wav","/C/gun_explosion_a0a388e0","[""/C/gun_explosion_a0a388e0""]","gun_explosion","[""gun_explosion""]","/home/andres/Documentos/proyecto4geeks/data/raw/edge-collected-gunshot-audio/gunshot/37861b06-0455-47e7-89de-c18e357eb9c8_chan3_v0.wav","edge-collected-gunshot-audio","train","","True","True","True","wav","4.983","44100","Mono","32","1411200","858.45","2021-12-03 20:28:50"
"b6b54c4a-e6b0-487e-b476-25dc131d0607_chan2_v2.wav","/C/gun_explosion_a0a388e0","[""/C/gun_explosion_a0a388e0""]","gun_explosion","[""gun_explosion""]","/home/andres/Documentos/proyecto4geeks/data/raw/edge-collected-gunshot-audio/gunshot/b6b54c4a-e6b0-487e-b476-25dc131d0607_chan2_v2.wav","edge-collected-gunshot-audio","train","","True","True","True","wav","4.234","44100","Mono","32","1411200","729.5","2021-12-03 20:29:16"
"cc00e8d8-6add-4bed-a0b4-65988e438021_chan3_v0.wav","/C/gun_explosion_a0a388e0","[""/C/gun_explosion_a0a388e0""]","gun_explosion","[""gun_explosion""]","/home/andres/Documentos/proyecto4geeks/data/raw/edge-collected-gunshot-audio/gunshot/cc00e8d8-6add-4bed-a0b4-65988e438021_chan3_v0.wav","edge-collected-gunshot-audio","train","","True","True","True","wav","5.34","44100","Mono","32","1411200","919.91","2021-12-03 20:27:44"
"3c614c69-5845-4058-8120-5e4de147030a_v4.wav","/C/gun_explosion_a0a388e0","[""/C/gun_explosion_a0a388e0""]","gun_explosion","[""gun_explosion""]","/home/andres/Documentos/proyecto4geeks/data/raw/edge-collected-gunshot-audio/gunshot/3c614c69-5845-4058-8120-5e4de147030a_v4.wav","edge-collected-gunshot-audio","train","","True","True","True","wav","3.75","44100","Mono","32","1411200","646.05","2021-12-03 20:28:52"
"97057495-3e44-4cd3-af10-4d38e3d570b5_v1.wav","/C/gun_explosion_a0a388e0","[""/C/gun_explosion_a0a388e0""]","gun_explosion","[""gun_explosion""]","/home/andres/Documentos/proyecto4geeks/data/raw/edge-collected-gunshot-audio/gunshot/97057495-3e44-4cd3-af10-4d38e3d570b5_v1.wav","edge-collected-gunshot-audio","train","","True","True","True","wav","5.232","44100","Mono","32","1411200","901.43","2021-12-03 20:27:06"
"9702cac6-fa8d-423e-8c55-c3a2cba43a80_mean_v0.wav","/C/gun_explosion_a0a388e0","[""/C/gun_explosion_a0a388e0""]","gun_explosion","[""gun_explosion""]","/home/andres/Documentos/proyecto4geeks/data/raw/edge-collected-gunshot-audio/gunshot/9702cac6-fa8d-423e-8c55-c3a2cba43a80_mean_v0.wav","edge-collected-gunshot-audio","test","","True","True","True","wav","5.021","44100","Mono","32","1411200","865.08","2021-12-03 20:29:08"
"2206e99c-e7ee-493b-902e-1a970a9fc4fe_chan6_v0.wav","/C/gun_explosion_a0a388e0","[""/C/gun_explosion_a0a388e0""]","gun_explosion","[""gun_explosion""]","/home/andres/Documentos/proyecto4geeks/data/raw/edge-collected-gunshot-audio/gunshot/2206e99c-e7ee-493b-902e-1a970a9fc4fe_chan6_v0.wav","edge-collected-gunshot-audio","train","","True","True","True","wav","3.75","44100","Mono","32","1411200","646.05","2021-12-03 20:26:56"
"backup_11a102da-fefb-45db-9f99-8060349008ec__v2.wav","/C/gun_explosion_a0a388e0","[""/C/gun_explosion_a0a388e0""]","gun_explosion","[""gun_explosion""]","/home/andres/Documentos/proyecto4geeks/data/raw/edge-collected-gunshot-audio/gunshot/backup_11a102da-fefb-45db-9f99-8060349008ec__v2.wav","edge-collected-gunshot-audio","test","","True","True","True","wav","3.75","44100","Mono","32","1411200","646.05","2021-12-03 20:28:28"
"06f8ef4c-86b4-408a-8909-3badadf8ca20_chan6_v0.wav","/C/gun_explosion_a0a388e0","[""/C/gun_explosion_a0a388e0""]","gun_explosion","[""gun_explosion""]","/home/andres/Documentos/proyecto4geeks/data/raw/edge-collected-gunshot-audio/gunshot/06f8ef4c-86b4-408a-8909-3badadf8ca20_chan6_v0.wav","edge-collected-gunshot-audio","train","","True","True","True","wav","3.124","44100","Mono","32","1411200","538.17","2021-12-03 20:27:56"
"972e5199-b99c-4f49-b006-ec7c2903f2ee_chan5_v0.wav","/C/gun_explosion_a0a388e0","[""/C/gun_explosion_a0a388e0""]","gun_explosion","[""gun_explosion""]","/home/andres/Documentos/proyecto4geeks/data/raw/edge-collected-gunshot-audio/gunshot/972e5199-b99c-4f49-b006-ec7c2903f2ee_chan5_v0.wav","edge-collected-gunshot-audio","test","","True","True","True","wav","3.75","44100","Mono","32","1411200","646.05","2021-12-03 20:29:08"
"326945b3-af71-4b72-861b-1ebf9ea0684d_v0.wav","/C/gun_explosion_a0a388e0","[""/C/gun_explosion_a0a388e0""]","gun_explosion","[""gun_explosion""]","/home/andres/Documentos/proyecto4geeks/data/raw/edge-collected-gunshot-audio/gunshot/326945b3-af71-4b72-861b-1ebf9ea0684d_v0.wav","edge-collected-gunshot-audio","train","","True","True","True","wav","7.272","44100","Mono","32","1411200","1252.75","2021-12-03 20:27:24"
"814dbe25-dbb4-4e80-b032-b6b23916a92a_chan3_v0.wav","/C/gun_explosion_a0a388e0","[""/C/gun_explosion_a0a388e0""]","gun_explosion","[""gun_explosion""]","/home/andres/Documentos/proyecto4geeks/data/raw/edge-collected-gunshot-audio/gunshot/814dbe25-dbb4-4e80-b032-b6b23916a92a_chan3_v0.wav","edge-collected-gunshot-audio","train","","True","True","True","wav","5.55","44100","Mono","32","1411200","956.14","2021-12-03 20:27:34"
"f4795b52-6cf1-4d72-bb79-b0764509a1c8_v0.wav","/C/gun_explosion_a0a388e0","[""/C/gun_explosion_a0a388e0""]","gun_explosion","[""gun_explosion""]","/home/andres/Documentos/proyecto4geeks/data/raw/edge-collected-gunshot-audio/gunshot/f4795b52-6cf1-4d72-bb79-b0764509a1c8_v0.wav","edge-collected-gunshot-audio","test","","True","True","True","wav","4.285","44100","Mono","32","1411200","738.15","2021-12-03 20:28:40"
"2953714a-9fed-4926-943f-466071b77cf4_chan2_v0.wav","/C/gun_explosion_a0a388e0","[""/C/gun_explosion_a0a388e0""]","gun_explosion","[""gun_explosion""]","/home/andres/Documentos/proyecto4geeks/data/raw/edge-collected-gunshot-audio/gunshot/2953714a-9fed-4926-943f-466071b77cf4_chan2_v0.wav","edge-collected-gunshot-audio","test","","True","True","True","wav","5.769","44100","Mono","32","1411200","993.84","2021-12-03 20:27:24"
"7d451790-0f0d-45e5-92fc-cbc68ede0a79_chan6_v0.wav","/C/gun_explosion_a0a388e0","[""/C/gun_explosion_a0a388e0""]","gun_explosion","[""gun_explosion""]","/home/andres/Documentos/proyecto4geeks/data/raw/edge-collected-gunshot-audio/gunshot/7d451790-0f0d-45e5-92fc-cbc68ede0a79_chan6_v0.wav","edge-collected-gunshot-audio","test","","True","True","True","wav","4.896","44100","Mono","32","1411200","843.47","2021-12-03 20:29:02"
"1a6c051f-185a-479c-957b-55259fcbf287_mean_v0.wav","/C/gun_explosion_a0a388e0","[""/C/gun_explosion_a0a388e0""]","gun_explosion","[""gun_explosion""]","/home/andres/Documentos/proyecto4geeks/data/raw/edge-collected-gunshot-audio/gunshot/1a6c051f-185a-479c-957b-55259fcbf287_mean_v0.wav","edge-collected-gunshot-audio","train","","True","True","True","wav","5.939","44100","Mono","32","1411200","1023.06","2021-12-03 20:26:52"
"eafb4d3c-bf69-49de-92fb-436003c27742_chan5_v0.wav","/C/gun_explosion_a0a388e0","[""/C/gun_explosion_a0a388e0""]","gun_explosion","[""gun_explosion""]","/home/andres/Documentos/proyecto4geeks/data/raw/edge-collected-gunshot-audio/gunshot/eafb4d3c-bf69-49de-92fb-436003c27742_chan5_v0.wav","edge-collected-gunshot-audio","train","","True","True","True","wav","3.75","44100","Mono","32","1411200","646.05","2021-12-03 20:28:38"
"dc052a9b-032a-4a42-9e73-f022484ccab5_chan6_v0.wav","/C/gun_explosion_a0a388e0","[""/C/gun_explosion_a0a388e0""]","gun_explosion","[""gun_explosion""]","/home/andres/Documentos/proyecto4geeks/data/raw/edge-collected-gunshot-audio/gunshot/dc052a9b-032a-4a42-9e73-f022484ccab5_chan6_v0.wav","edge-collected-gunshot-audio","train","","True","True","True","wav","2.297","44100","Mono","32","1411200","395.72","2021-12-03 20:27:48"
"172e14ff-419c-441c-bf53-3c9ed0ffa490_chan5_v0.wav","/C/gun_explosion_a0a388e0","[""/C/gun_explosion_a0a388e0""]","gun_explosion","[""gun_explosion""]","/home/andres/Documentos/proyecto4geeks/data/raw/edge-collected-gunshot-audio/gunshot/172e14ff-419c-441c-bf53-3c9ed0ffa490_chan5_v0.wav","edge-collected-gunshot-audio","train","","True","True","True","wav","3.601","44100","Mono","32","1411200","620.32","2021-12-03 20:28:00"
"3efc8c09-6612-4704-8eed-fd3442ef0cd6_v0.wav","/C/gun_explosion_a0a388e0","[""/C/gun_explosion_a0a388e0""]","gun_explosion","[""gun_explosion""]","/home/andres/Documentos/proyecto4geeks/data/raw/edge-collected-gunshot-audio/gunshot/3efc8c09-6612-4704-8eed-fd3442ef0cd6_v0.wav","edge-collected-gunshot-audio","train","","True","True","True","wav","3.75","44100","Mono","32","1411200","646.05","2021-12-03 20:27:26"
"1d0d6a99-0a6f-4cce-ad1e-1f952ac98f2a_chan1_v0.wav","/C/gun_explosion_a0a388e0","[""/C/gun_explosion_a0a388e0""]","gun_explosion","[""gun_explosion""]","/home/andres/Documentos/proyecto4geeks/data/raw/edge-collected-gunshot-audio/gunshot/1d0d6a99-0a6f-4cce-ad1e-1f952ac98f2a_chan1_v0.wav","edge-collected-gunshot-audio","train","","True","True","True","wav","3.308","44100","Mono","32","1411200","569.83","2021-12-03 20:28:02"
"e481969e-a5dc-4de9-9300-0b91b66a3a07_chan0_v0.wav","/C/gun_explosion_a0a388e0","[""/C/gun_explosion_a0a388e0""]","gun_explosion","[""gun_explosion""]","/home/andres/Documentos/proyecto4geeks/data/raw/edge-collected-gunshot-audio/gunshot/e481969e-a5dc-4de9-9300-0b91b66a3a07_chan0_v0.wav","edge-collected-gunshot-audio","test","","True","True","True","wav","4.159","44100","Mono","32","1411200","716.58","2021-12-03 20:29:24"
"54b9c8d4-2a8d-4140-8bd8-3946b7284acb_chan0_v0.wav","/C/gun_explosion_a0a388e0","[""/C/gun_explosion_a0a388e0""]","gun_explosion","[""gun_explosion""]","/home/andres/Documentos/proyecto4geeks/data/raw/edge-collected-gunshot-audio/gunshot/54b9c8d4-2a8d-4140-8bd8-3946b7284acb_chan0_v0.wav","edge-collected-gunshot-audio","train","","True","True","True","wav","3.75","44100","Mono","32","1411200","646.05","2021-12-03 20:28:54"
"f96e1f88-c321-4c29-98f4-1f61882c72e2_chan6_v0.wav","/C/gun_explosion_a0a388e0","[""/C/gun_explosion_a0a388e0""]","gun_explosion","[""gun_explosion""]","/home/andres/Documentos/proyecto4geeks/data/raw/edge-collected-gunshot-audio/gunshot/f96e1f88-c321-4c29-98f4-1f61882c72e2_chan6_v0.wav","edge-collected-gunshot-audio","train","","True","True","True","wav","7.921","44100","Mono","32","1411200","1364.65","2021-12-03 20:27:14"
"1f9f6134-5a65-4c68-918d-e37ea70068cb_v2.wav","/C/gun_explosion_a0a388e0","[""/C/gun_explosion_a0a388e0""]","gun_explosion","[""gun_explosion""]","/home/andres/Documentos/proyecto4geeks/data/raw/edge-collected-gunshot-audio/gunshot/1f9f6134-5a65-4c68-918d-e37ea70068cb_v2.wav","edge-collected-gunshot-audio","train","","True","True","True","wav","3.75","44100","Mono","32","1411200","646.05","2021-12-03 20:28:46"
"6320dc5c-a956-40b8-a664-45f1edcf3b3b_chan5_v0.wav","/C/gun_explosion_a0a388e0","[""/C/gun_explosion_a0a388e0""]","gun_explosion","[""gun_explosion""]","/home/andres/Documentos/proyecto4geeks/data/raw/edge-collected-gunshot-audio/gunshot/6320dc5c-a956-40b8-a664-45f1edcf3b3b_chan5_v0.wav","edge-collected-gunshot-audio","train","","True","True","True","wav","3.75","44100","Mono","32","1411200","646.05","2021-12-03 20:27:32"
"7b663c39-4592-431a-918e-9f1c960cf7ef_v0.wav","/C/gun_explosion_a0a388e0","[""/C/gun_explosion_a0a388e0""]","gun_explosion","[""gun_explosion""]","/home/andres/Documentos/proyecto4geeks/data/raw/edge-collected-gunshot-audio/gunshot/7b663c39-4592-431a-918e-9f1c960cf7ef_v0.wav","edge-collected-gunshot-audio","train","","True","True","True","wav","4.229","44100","Mono","32","1411200","728.57","2021-12-03 20:29:00"
"15e3326c-0003-40dc-9ff1-e7e478a10cf2_v0.wav","/C/gun_explosion_a0a388e0","[""/C/gun_explosion_a0a388e0""]","gun_explosion","[""gun_explosion""]","/home/andres/Documentos/proyecto4geeks/data/raw/edge-collected-gunshot-audio/gunshot/15e3326c-0003-40dc-9ff1-e7e478a10cf2_v0.wav","edge-collected-gunshot-audio","train","","True","True","True","wav","3.75","44100","Mono","32","1411200","646.05","2021-12-03 20:28:00"
"eafb4d3c-bf69-49de-92fb-436003c27742_chan2_v0.wav","/C/gun_explosion_a0a388e0","[""/C/gun_explosion_a0a388e0""]","gun_explosion","[""gun_explosion""]","/home/andres/Documentos/proyecto4geeks/data/raw/edge-collected-gunshot-audio/gunshot/eafb4d3c-bf69-49de-92fb-436003c27742_chan2_v0.wav","edge-collected-gunshot-audio","train","","True","True","True","wav","3.75","44100","Mono","32","1411200","646.05","2021-12-03 20:28:38"
"0a7c0396-3ac7-462d-b1f6-c73243eb6865_chan1_v2.wav","/C/gun_explosion_a0a388e0","[""/C/gun_explosion_a0a388e0""]","gun_explosion","[""gun_explosion""]","/home/andres/Documentos/proyecto4geeks/data/raw/edge-collected-gunshot-audio/gunshot/0a7c0396-3ac7-462d-b1f6-c73243eb6865_chan1_v2.wav","edge-collected-gunshot-audio","train","","True","True","True","wav","3.75","44100","Mono","32","1411200","646.05","2021-12-03 20:27:20"
"191df8d6-a4c9-4430-9ef8-e05c473fdbfb_chan6_v0.wav","/C/gun_explosion_a0a388e0","[""/C/gun_explosion_a0a388e0""]","gun_explosion","[""gun_explosion""]","/home/andres/Documentos/proyecto4geeks/data/raw/edge-collected-gunshot-audio/gunshot/191df8d6-a4c9-4430-9ef8-e05c473fdbfb_chan6_v0.wav","edge-collected-gunshot-audio","train","","True","True","True","wav","3.3","44100","Mono","32","1411200","568.56","2021-12-03 20:28:44"
"255ab69e-5714-438f-880f-4e129278f44a_v0.wav","/C/gun_explosion_a0a388e0","[""/C/gun_explosion_a0a388e0""]","gun_explosion","[""gun_explosion""]","/home/andres/Documentos/proyecto4geeks/data/raw/edge-collected-gunshot-audio/gunshot/255ab69e-5714-438f-880f-4e129278f44a_v0.wav","edge-collected-gunshot-audio","test","","True","True","True","wav","3.75","44100","Mono","32","1411200","646.05","2021-12-03 20:28:04"
"30ac06ad-fdb6-496a-a8ec-8aa0b96fb6d5_v0.wav","/C/gun_explosion_a0a388e0","[""/C/gun_explosion_a0a388e0""]","gun_explosion","[""gun_explosion""]","/home/andres/Documentos/proyecto4geeks/data/raw/edge-collected-gunshot-audio/gunshot/30ac06ad-fdb6-496a-a8ec-8aa0b96fb6d5_v0.wav","edge-collected-gunshot-audio","train","","True","True","True","wav","7.241","44100","Mono","32","1411200","1247.37","2021-12-03 20:27:24"
"cad6cdd9-faca-4577-95f4-4be31f757b0c_chan6_v1.wav","/C/gun_explosion_a0a388e0","[""/C/gun_explosion_a0a388e0""]","gun_explosion","[""gun_explosion""]","/home/andres/Documentos/proyecto4geeks/data/raw/edge-collected-gunshot-audio/gunshot/cad6cdd9-faca-4577-95f4-4be31f757b0c_chan6_v1.wav","edge-collected-gunshot-audio","train","","True","True","True","wav","6.088","44100","Mono","32","1411200","1048.85","2021-12-03 20:27:10"
"2567b43f-28b3-4df1-9c7c-aae01a354755_chan5_v0.wav","/C/gun_explosion_a0a388e0","[""/C/gun_explosion_a0a388e0""]","gun_explosion","[""gun_explosion""]","/home/andres/Documentos/proyecto4geeks/data/raw/edge-collected-gunshot-audio/gunshot/2567b43f-28b3-4df1-9c7c-aae01a354755_chan5_v0.wav","edge-collected-gunshot-audio","train","","True","True","True","wav","5.823","44100","Mono","32","1411200","1003.17","2021-12-03 20:28:48"
"c6e909ea-500d-4203-af3c-31a7339481b4_chan5_v0.wav","/C/gun_explosion_a0a388e0","[""/C/gun_explosion_a0a388e0""]","gun_explosion","[""gun_explosion""]","/home/andres/Documentos/proyecto4geeks/data/raw/edge-collected-gunshot-audio/gunshot/c6e909ea-500d-4203-af3c-31a7339481b4_chan5_v0.wav","edge-collected-gunshot-audio","train","","True","True","True","wav","4.351","44100","Mono","32","1411200","749.54","2021-12-03 20:28:32"
"0a07b229-7d2b-4d2b-8f32-c94cbc7b1487_chan3_v1.wav","/C/gun_explosion_a0a388e0","[""/C/gun_explosion_a0a388e0""]","gun_explosion","[""gun_explosion""]","/home/andres/Documentos/proyecto4geeks/data/raw/edge-collected-gunshot-audio/gunshot/0a07b229-7d2b-4d2b-8f32-c94cbc7b1487_chan3_v1.wav","edge-collected-gunshot-audio","train","","True","True","True","wav","3.75","44100","Mono","32","1411200","646.05","2021-12-03 20:26:48"
"6377cc9f-b176-45cf-a9f9-4d3bcdcaa51c_chan1_v1.wav","/C/gun_explosion_a0a388e0","[""/C/gun_explosion_a0a388e0""]","gun_explosion","[""gun_explosion""]","/home/andres/Documentos/proyecto4geeks/data/raw/edge-collected-gunshot-audio/gunshot/6377cc9f-b176-45cf-a9f9-4d3bcdcaa51c_chan1_v1.wav","edge-collected-gunshot-audio","train","","True","True","True","wav","4.742","44100","Mono","32","1411200","816.96","2021-12-03 20:27:02"
"a67ff046-e452-412a-ac51-159728387382_mean_v0.wav","/C/gun_explosion_a0a388e0","[""/C/gun_explosion_a0a388e0""]","gun_explosion","[""gun_explosion""]","/home/andres/Documentos/proyecto4geeks/data/raw/edge-collected-gunshot-audio/gunshot/a67ff046-e452-412a-ac51-159728387382_mean_v0.wav","edge-collected-gunshot-audio","test","","True","True","True","wav","3.75","44100","Mono","32","1411200","646.05","2021-12-03 20:27:08"
"1bff3ff9-3bb6-43f3-96cd-abbbf7d84b46_chan6_v0.wav","/C/gun_explosion_a0a388e0","[""/C/gun_explosion_a0a388e0""]","gun_explosion","[""gun_explosion""]","/home/andres/Documentos/proyecto4geeks/data/raw/edge-collected-gunshot-audio/gunshot/1bff3ff9-3bb6-43f3-96cd-abbbf7d84b46_chan6_v0.wav","edge-collected-gunshot-audio","train","","True","True","True","wav","3.819","44100","Mono","32","1411200","657.97","2021-12-03 20:28:46"
"d3086a4d-73f7-4389-aa49-5f1de4996e4c_v0.wav","/C/gun_explosion_a0a388e0","[""/C/gun_explosion_a0a388e0""]","gun_explosion","[""gun_explosion""]","/home/andres/Documentos/proyecto4geeks/data/raw/edge-collected-gunshot-audio/gunshot/d3086a4d-73f7-4389-aa49-5f1de4996e4c_v0.wav","edge-collected-gunshot-audio","train","","True","True","True","wav","8.589","44100","Mono","32","1411200","1479.57","2021-12-03 20:27:12"
"6377cc9f-b176-45cf-a9f9-4d3bcdcaa51c_chan5_v0.wav","/C/gun_explosion_a0a388e0","[""/C/gun_explosion_a0a388e0""]","gun_explosion","[""gun_explosion""]","/home/andres/Documentos/proyecto4geeks/data/raw/edge-collected-gunshot-audio/gunshot/6377cc9f-b176-45cf-a9f9-4d3bcdcaa51c_chan5_v0.wav","edge-collected-gunshot-audio","train","","True","True","True","wav","3.75","44100","Mono","32","1411200","646.05","2021-12-03 20:27:02"
"972e5199-b99c-4f49-b006-ec7c2903f2ee_chan3_v1.wav","/C/gun_explosion_a0a388e0","[""/C/gun_explosion_a0a388e0""]","gun_explosion","[""gun_explosion""]","/home/andres/Documentos/proyecto4geeks/data/raw/edge-collected-gunshot-audio/gunshot/972e5199-b99c-4f49-b006-ec7c2903f2ee_chan3_v1.wav","edge-collected-gunshot-audio","train","","True","True","True","wav","8.457","44100","Mono","32","1411200","1456.94","2021-12-03 20:29:08"
"8176af12-402d-4c0b-a2c3-9c0a8878ca8e_v3.wav","/C/gun_explosion_a0a388e0","[""/C/gun_explosion_a0a388e0""]","gun_explosion","[""gun_explosion""]","/home/andres/Documentos/proyecto4geeks/data/raw/edge-collected-gunshot-audio/gunshot/8176af12-402d-4c0b-a2c3-9c0a8878ca8e_v3.wav","edge-collected-gunshot-audio","train","","True","True","True","wav","3.75","44100","Mono","32","1411200","646.05","2021-12-03 20:29:02"
"13bfab79-9198-4558-a1bf-4f8aedd4d6f9_chan4_v0.wav","/C/gun_explosion_a0a388e0","[""/C/gun_explosion_a0a388e0""]","gun_explosion","[""gun_explosion""]","/home/andres/Documentos/proyecto4geeks/data/raw/edge-collected-gunshot-audio/gunshot/13bfab79-9198-4558-a1bf-4f8aedd4d6f9_chan4_v0.wav","edge-collected-gunshot-audio","test","","True","True","True","wav","3.75","44100","Mono","32","1411200","646.05","2021-12-03 20:28:00"
"47ec5352-1b86-477b-9852-b13901c7eb4d_chan0_v0.wav","/C/gun_explosion_a0a388e0","[""/C/gun_explosion_a0a388e0""]","gun_explosion","[""gun_explosion""]","/home/andres/Documentos/proyecto4geeks/data/raw/edge-collected-gunshot-audio/gunshot/47ec5352-1b86-477b-9852-b13901c7eb4d_chan0_v0.wav","edge-collected-gunshot-audio","train","","True","True","True","wav","3.75","44100","Mono","32","1411200","646.05","2021-12-03 20:27:28"
"e782f1a4-8cbd-4335-a97e-d90e744de9f7_chan2_v0.wav","/C/gun_explosion_a0a388e0","[""/C/gun_explosion_a0a388e0""]","gun_explosion","[""gun_explosion""]","/home/andres/Documentos/proyecto4geeks/data/raw/edge-collected-gunshot-audio/gunshot/e782f1a4-8cbd-4335-a97e-d90e744de9f7_chan2_v0.wav","edge-collected-gunshot-audio","train","","True","True","True","wav","4.934","44100","Mono","32","1411200","849.95","2021-12-03 20:29:26"
"c1b78da7-a4cb-4e4b-bd75-f172eb4d32a3_v0.wav","/C/gun_explosion_a0a388e0","[""/C/gun_explosion_a0a388e0""]","gun_explosion","[""gun_explosion""]","/home/andres/Documentos/proyecto4geeks/data/raw/edge-collected-gunshot-audio/gunshot/c1b78da7-a4cb-4e4b-bd75-f172eb4d32a3_v0.wav","edge-collected-gunshot-audio","train","","True","True","True","wav","4.985","44100","Mono","32","1411200","858.83","2021-12-03 20:27:42"
"a27a21fe-c4ef-46ef-9cf9-fbcb8c1c9dc3_v5.wav","/C/gun_explosion_a0a388e0","[""/C/gun_explosion_a0a388e0""]","gun_explosion","[""gun_explosion""]","/home/andres/Documentos/proyecto4geeks/data/raw/edge-collected-gunshot-audio/gunshot/a27a21fe-c4ef-46ef-9cf9-fbcb8c1c9dc3_v5.wav","edge-collected-gunshot-audio","train","","True","True","True","wav","3.75","44100","Mono","32","1411200","646.05","2021-12-03 20:29:10"
"9cd245a4-21db-41ab-98e4-0a18f0456e71_chan5_v0.wav","/C/gun_explosion_a0a388e0","[""/C/gun_explosion_a0a388e0""]","gun_explosion","[""gun_explosion""]","/home/andres/Documentos/proyecto4geeks/data/raw/edge-collected-gunshot-audio/gunshot/9cd245a4-21db-41ab-98e4-0a18f0456e71_chan5_v0.wav","edge-collected-gunshot-audio","test","","True","True","True","wav","3.319","44100","Mono","32","1411200","571.89","2021-12-03 20:28:24"
"907b513b-dd5e-4756-a20c-d785fb4f5dd7_v4.wav","/C/gun_explosion_a0a388e0","[""/C/gun_explosion_a0a388e0""]","gun_explosion","[""gun_explosion""]","/home/andres/Documentos/proyecto4geeks/data/raw/edge-collected-gunshot-audio/gunshot/907b513b-dd5e-4756-a20c-d785fb4f5dd7_v4.wav","edge-collected-gunshot-audio","train","","True","True","True","wav","3.75","44100","Mono","32","1411200","646.05","2021-12-03 20:27:34"
"37861b06-0455-47e7-89de-c18e357eb9c8_chan2_v0.wav","/C/gun_explosion_a0a388e0","[""/C/gun_explosion_a0a388e0""]","gun_explosion","[""gun_explosion""]","/home/andres/Documentos/proyecto4geeks/data/raw/edge-collected-gunshot-audio/gunshot/37861b06-0455-47e7-89de-c18e357eb9c8_chan2_v0.wav","edge-collected-gunshot-audio","train","","True","True","True","wav","4.983","44100","Mono","32","1411200","858.45","2021-12-03 20:28:50"
"7cf68bd7-f94b-4ca8-9ff9-46a84a67bce8_mean_v0.wav","/C/gun_explosion_a0a388e0","[""/C/gun_explosion_a0a388e0""]","gun_explosion","[""gun_explosion""]","/home/andres/Documentos/proyecto4geeks/data/raw/edge-collected-gunshot-audio/gunshot/7cf68bd7-f94b-4ca8-9ff9-46a84a67bce8_mean_v0.wav","edge-collected-gunshot-audio","test","","True","True","True","wav","4.941","44100","Mono","32","1411200","851.22","2021-12-03 20:27:34"
"98a2ac43-5916-4499-9763-a43de5e1b4d6_v0.wav","/C/gun_explosion_a0a388e0","[""/C/gun_explosion_a0a388e0""]","gun_explosion","[""gun_explosion""]","/home/andres/Documentos/proyecto4geeks/data/raw/edge-collected-gunshot-audio/gunshot/98a2ac43-5916-4499-9763-a43de5e1b4d6_v0.wav","edge-collected-gunshot-audio","test","","True","True","True","wav","3.78","44100","Mono","32","1411200","651.24","2021-12-03 20:28:22"
"8caa634a-e579-46f6-83df-66bd6c9aef92_v2.wav","/C/gun_explosion_a0a388e0","[""/C/gun_explosion_a0a388e0""]","gun_explosion","[""gun_explosion""]","/home/andres/Documentos/proyecto4geeks/data/raw/edge-collected-gunshot-audio/gunshot/8caa634a-e579-46f6-83df-66bd6c9aef92_v2.wav","edge-collected-gunshot-audio","train","","True","True","True","wav","3.75","44100","Mono","32","1411200","646.05","2021-12-03 20:29:06"
"1d815f56-4309-4074-8bdb-cedaf6c0acc9_v2.wav","/C/gun_explosion_a0a388e0","[""/C/gun_explosion_a0a388e0""]","gun_explosion","[""gun_explosion""]","/home/andres/Documentos/proyecto4geeks/data/raw/edge-collected-gunshot-audio/gunshot/1d815f56-4309-4074-8bdb-cedaf6c0acc9_v2.wav","edge-collected-gunshot-audio","test","","True","True","True","wav","3.75","44100","Mono","32","1411200","646.05","2021-12-03 20:28:46"
"0ecc8bff-1110-42d7-9c39-06dbdd1a0075_chan2_v0.wav","/C/gun_explosion_a0a388e0","[""/C/gun_explosion_a0a388e0""]","gun_explosion","[""gun_explosion""]","/home/andres/Documentos/proyecto4geeks/data/raw/edge-collected-gunshot-audio/gunshot/0ecc8bff-1110-42d7-9c39-06dbdd1a0075_chan2_v0.wav","edge-collected-gunshot-audio","train","","True","True","True","wav","7.047","44100","Mono","32","1411200","1214.09","2021-12-03 20:26:50"
"46f0b726-dd48-4f7c-bb80-45702596956f_v0.wav","/C/gun_explosion_a0a388e0","[""/C/gun_explosion_a0a388e0""]","gun_explosion","[""gun_explosion""]","/home/andres/Documentos/proyecto4geeks/data/raw/edge-collected-gunshot-audio/gunshot/46f0b726-dd48-4f7c-bb80-45702596956f_v0.wav","edge-collected-gunshot-audio","train","","True","True","True","wav","4.603","44100","Mono","32","1411200","792.92","2021-12-03 20:28:52"
"d93deacb-1480-45e5-a92b-eb1988fbfd8d_mean_v0.wav","/C/gun_explosion_a0a388e0","[""/C/gun_explosion_a0a388e0""]","gun_explosion","[""gun_explosion""]","/home/andres/Documentos/proyecto4geeks/data/raw/edge-collected-gunshot-audio/gunshot/d93deacb-1480-45e5-a92b-eb1988fbfd8d_mean_v0.wav","edge-collected-gunshot-audio","train","","True","True","True","wav","3.75","44100","Mono","32","1411200","646.05","2021-12-03 20:27:48"
"backup_d9b053a4-1ce8-4d8c-b780-f321568d51e4__v1.wav","/C/gun_explosion_a0a388e0","[""/C/gun_explosion_a0a388e0""]","gun_explosion","[""gun_explosion""]","/home/andres/Documentos/proyecto4geeks/data/raw/edge-collected-gunshot-audio/gunshot/backup_d9b053a4-1ce8-4d8c-b780-f321568d51e4__v1.wav","edge-collected-gunshot-audio","train","","True","True","True","wav","7.339","44100","Mono","32","1411200","1264.38","2021-12-03 20:28:30"
"e782f1a4-8cbd-4335-a97e-d90e744de9f7_mean_v0.wav","/C/gun_explosion_a0a388e0","[""/C/gun_explosion_a0a388e0""]","gun_explosion","[""gun_explosion""]","/home/andres/Documentos/proyecto4geeks/data/raw/edge-collected-gunshot-audio/gunshot/e782f1a4-8cbd-4335-a97e-d90e744de9f7_mean_v0.wav","edge-collected-gunshot-audio","train","","True","True","True","wav","4.937","44100","Mono","32","1411200","850.48","2021-12-03 20:29:26"
"7baabd4f-9659-41ff-bb10-d5d823d09b94_v1.wav","/C/gun_explosion_a0a388e0","[""/C/gun_explosion_a0a388e0""]","gun_explosion","[""gun_explosion""]","/home/andres/Documentos/proyecto4geeks/data/raw/edge-collected-gunshot-audio/gunshot/7baabd4f-9659-41ff-bb10-d5d823d09b94_v1.wav","edge-collected-gunshot-audio","train","","True","True","True","wav","7.522","44100","Mono","32","1411200","1295.92","2021-12-03 20:29:00"
"406b0f75-2c99-4b65-9b34-ab83ecd488b3_chan5_v0.wav","/C/gun_explosion_a0a388e0","[""/C/gun_explosion_a0a388e0""]","gun_explosion","[""gun_explosion""]","/home/andres/Documentos/proyecto4geeks/data/raw/edge-collected-gunshot-audio/gunshot/406b0f75-2c99-4b65-9b34-ab83ecd488b3_chan5_v0.wav","edge-collected-gunshot-audio","test","","True","True","True","wav","2.686","44100","Mono","32","1411200","462.84","2021-12-03 20:28:08"
"b06fc194-a76a-48c6-8ac2-937b138adf9a_chan5_v0.wav","/C/gun_explosion_a0a388e0","[""/C/gun_explosion_a0a388e0""]","gun_explosion","[""gun_explosion""]","/home/andres/Documentos/proyecto4geeks/data/raw/edge-collected-gunshot-audio/gunshot/b06fc194-a76a-48c6-8ac2-937b138adf9a_chan5_v0.wav","edge-collected-gunshot-audio","train","","True","True","True","wav","5.37","44100","Mono","32","1411200","925.06","2021-12-03 20:29:14"
"03fc4685-909e-42c5-aff0-f519f1d14b12_chan2_v0.wav","/C/gun_explosion_a0a388e0","[""/C/gun_explosion_a0a388e0""]","gun_explosion","[""gun_explosion""]","/home/andres/Documentos/proyecto4geeks/data/raw/edge-collected-gunshot-audio/gunshot/03fc4685-909e-42c5-aff0-f519f1d14b12_chan2_v0.wav","edge-collected-gunshot-audio","train","","True","True","True","wav","5.016","44100","Mono","32","1411200","864.16","2021-12-03 20:27:16"
"9480296f-8e6e-438e-a35d-76a2f24506df_chan2_v0.wav","/C/gun_explosion_a0a388e0","[""/C/gun_explosion_a0a388e0""]","gun_explosion","[""gun_explosion""]","/home/andres/Documentos/proyecto4geeks/data/raw/edge-collected-gunshot-audio/gunshot/9480296f-8e6e-438e-a35d-76a2f24506df_chan2_v0.wav","edge-collected-gunshot-audio","test","","True","True","True","wav","3.75","44100","Mono","32","1411200","646.05","2021-12-03 20:28:22"
"d1fa442d-a890-42c4-b186-f5196099ace7_chan1_v0.wav","/C/gun_explosion_a0a388e0","[""/C/gun_explosion_a0a388e0""]","gun_explosion","[""gun_explosion""]","/home/andres/Documentos/proyecto4geeks/data/raw/edge-collected-gunshot-audio/gunshot/d1fa442d-a890-42c4-b186-f5196099ace7_chan1_v0.wav","edge-collected-gunshot-audio","train","","True","True","True","wav","2.648","44100","Mono","32","1411200","456.16","2021-12-03 20:28:32"
"04f1be04-da3e-4f7d-b4fc-6b64f208cc94_v5.wav","/C/gun_explosion_a0a388e0","[""/C/gun_explosion_a0a388e0""]","gun_explosion","[""gun_explosion""]","/home/andres/Documentos/proyecto4geeks/data/raw/edge-collected-gunshot-audio/gunshot/04f1be04-da3e-4f7d-b4fc-6b64f208cc94_v5.wav","edge-collected-gunshot-audio","train","","True","True","True","wav","3.75","44100","Mono","32","1411200","646.05","2021-12-03 20:27:18"
"2392a437-9548-44f9-9d79-f5a0b6dcafb2_v1.wav","/C/gun_explosion_a0a388e0","[""/C/gun_explosion_a0a388e0""]","gun_explosion","[""gun_explosion""]","/home/andres/Documentos/proyecto4geeks/data/raw/edge-collected-gunshot-audio/gunshot/2392a437-9548-44f9-9d79-f5a0b6dcafb2_v1.wav","edge-collected-gunshot-audio","train","","True","True","True","wav","3.75","44100","Mono","32","1411200","646.05","2021-12-03 20:27:22"
"36f2e7bb-6cc1-4259-be90-956fb30034e1_v0.wav","/C/gun_explosion_a0a388e0","[""/C/gun_explosion_a0a388e0""]","gun_explosion","[""gun_explosion""]","/home/andres/Documentos/proyecto4geeks/data/raw/edge-collected-gunshot-audio/gunshot/36f2e7bb-6cc1-4259-be90-956fb30034e1_v0.wav","edge-collected-gunshot-audio","test","","True","True","True","wav","4.02","44100","Mono","32","1411200","692.65","2021-12-03 20:28:50"
"affc7396-c98b-45d9-99e3-791fb00b3efe_chan0_v1.wav","/C/gun_explosion_a0a388e0","[""/C/gun_explosion_a0a388e0""]","gun_explosion","[""gun_explosion""]","/home/andres/Documentos/proyecto4geeks/data/raw/edge-collected-gunshot-audio/gunshot/affc7396-c98b-45d9-99e3-791fb00b3efe_chan0_v1.wav","edge-collected-gunshot-audio","train","","True","True","True","wav","3.946","44100","Mono","32","1411200","679.76","2021-12-03 20:29:14"
"1298fc2a-4470-4cbd-a8c7-8c6e103d7c4f_chan1_v1.wav","/C/gun_explosion_a0a388e0","[""/C/gun_explosion_a0a388e0""]","gun_explosion","[""gun_explosion""]","/home/andres/Documentos/proyecto4geeks/data/raw/edge-collected-gunshot-audio/gunshot/1298fc2a-4470-4cbd-a8c7-8c6e103d7c4f_chan1_v1.wav","edge-collected-gunshot-audio","train","","True","True","True","wav","3.393","44100","Mono","32","1411200","584.62","2021-12-03 20:27:58"
"d5b6bac9-c996-4955-a13d-9cb19e5b372a_chan4_v0.wav","/C/gun_explosion_a0a388e0","[""/C/gun_explosion_a0a388e0""]","gun_explosion","[""gun_explosion""]","/home/andres/Documentos/proyecto4geeks/data/raw/edge-collected-gunshot-audio/gunshot/d5b6bac9-c996-4955-a13d-9cb19e5b372a_chan4_v0.wav","edge-collected-gunshot-audio","train","","True","True","True","wav","10.706","44100","Mono","32","1411200","1844.31","2021-12-03 20:28:36"
"e73d935b-ddfa-4139-91d6-9d2f68994770_chan6_v0.wav","/C/gun_explosion_a0a388e0","[""/C/gun_explosion_a0a388e0""]","gun_explosion","[""gun_explosion""]","/home/andres/Documentos/proyecto4geeks/data/raw/edge-collected-gunshot-audio/gunshot/e73d935b-ddfa-4139-91d6-9d2f68994770_chan6_v0.wav","edge-collected-gunshot-audio","train","","True","True","True","wav","3.75","44100","Mono","32","1411200","646.05","2021-12-03 20:27:50"
"e582412f-6f23-4af8-93e4-2138dc459306_chan4_v0.wav","/C/gun_explosion_a0a388e0","[""/C/gun_explosion_a0a388e0""]","gun_explosion","[""gun_explosion""]","/home/andres/Documentos/proyecto4geeks/data/raw/edge-collected-gunshot-audio/gunshot/e582412f-6f23-4af8-93e4-2138dc459306_chan4_v0.wav","edge-collected-gunshot-audio","train","","True","True","True","wav","3.337","44100","Mono","32","1411200","574.88","2021-12-03 20:29:24"
"04d81d9d-63e9-46b1-9417-6fe40765be9a_chan1_v0.wav","/C/gun_explosion_a0a388e0","[""/C/gun_explosion_a0a388e0""]","gun_explosion","[""gun_explosion""]","/home/andres/Documentos/proyecto4geeks/data/raw/edge-collected-gunshot-audio/gunshot/04d81d9d-63e9-46b1-9417-6fe40765be9a_chan1_v0.wav","edge-collected-gunshot-audio","test","","True","True","True","wav","3.75","44100","Mono","32","1411200","646.05","2021-12-03 20:27:54"
"b6b54c4a-e6b0-487e-b476-25dc131d0607_chan3_v0.wav","/C/gun_explosion_a0a388e0","[""/C/gun_explosion_a0a388e0""]","gun_explosion","[""gun_explosion""]","/home/andres/Documentos/proyecto4geeks/data/raw/edge-collected-gunshot-audio/gunshot/b6b54c4a-e6b0-487e-b476-25dc131d0607_chan3_v0.wav","edge-collected-gunshot-audio","train","","True","True","True","wav","3.75","44100","Mono","32","1411200","646.05","2021-12-03 20:29:16"
"549ae4a3-3088-47c6-9804-882b81f7f69e_chan4_v0.wav","/C/gun_explosion_a0a388e0","[""/C/gun_explosion_a0a388e0""]","gun_explosion","[""gun_explosion""]","/home/andres/Documentos/proyecto4geeks/data/raw/edge-collected-gunshot-audio/gunshot/549ae4a3-3088-47c6-9804-882b81f7f69e_chan4_v0.wav","edge-collected-gunshot-audio","train","","True","True","True","wav","3.75","44100","Mono","32","1411200","646.05","2021-12-03 20:26:58"
"bd0053c0-547f-4f27-8864-0763e2b8ce42_chan1_v0.wav","/C/gun_explosion_a0a388e0","[""/C/gun_explosion_a0a388e0""]","gun_explosion","[""gun_explosion""]","/home/andres/Documentos/proyecto4geeks/data/raw/edge-collected-gunshot-audio/gunshot/bd0053c0-547f-4f27-8864-0763e2b8ce42_chan1_v0.wav","edge-collected-gunshot-audio","train","","True","True","True","wav","3.75","44100","Mono","32","1411200","646.05","2021-12-03 20:29:18"
"77ac463c-098c-484a-8394-66285cc161a4_chan6_v1.wav","/C/gun_explosion_a0a388e0","[""/C/gun_explosion_a0a388e0""]","gun_explosion","[""gun_explosion""]","/home/andres/Documentos/proyecto4geeks/data/raw/edge-collected-gunshot-audio/gunshot/77ac463c-098c-484a-8394-66285cc161a4_chan6_v1.wav","edge-collected-gunshot-audio","train","","True","True","True","wav","4.366","44100","Mono","32","1411200","752.17","2021-12-03 20:27:04"
"d2e86568-e511-4b01-8579-d5e9535df7e8_v0.wav","/C/gun_explosion_a0a388e0","[""/C/gun_explosion_a0a388e0""]","gun_explosion","[""gun_explosion""]","/home/andres/Documentos/proyecto4geeks/data/raw/edge-collected-gunshot-audio/gunshot/d2e86568-e511-4b01-8579-d5e9535df7e8_v0.wav","edge-collected-gunshot-audio","train","","True","True","True","wav","3.75","44100","Mono","32","1411200","646.05","2021-12-03 20:27:46"
"9fdf59e0-107c-4ab8-8e5f-828c90bd17a2_v0.wav","/C/gun_explosion_a0a388e0","[""/C/gun_explosion_a0a388e0""]","gun_explosion","[""gun_explosion""]","/home/andres/Documentos/proyecto4geeks/data/raw/edge-collected-gunshot-audio/gunshot/9fdf59e0-107c-4ab8-8e5f-828c90bd17a2_v0.wav","edge-collected-gunshot-audio","train","","True","True","True","wav","3.75","44100","Mono","32","1411200","646.05","2021-12-03 20:27:36"
"d8a66b56-2662-4da5-bd96-2fd21ad87412_chan2_v0.wav","/C/gun_explosion_a0a388e0","[""/C/gun_explosion_a0a388e0""]","gun_explosion","[""gun_explosion""]","/home/andres/Documentos/proyecto4geeks/data/raw/edge-collected-gunshot-audio/gunshot/d8a66b56-2662-4da5-bd96-2fd21ad87412_chan2_v0.wav","edge-collected-gunshot-audio","train","","True","True","True","wav","3.75","44100","Mono","32","1411200","646.05","2021-12-03 20:27:46"
"907b513b-dd5e-4756-a20c-d785fb4f5dd7_v1.wav","/C/gun_explosion_a0a388e0","[""/C/gun_explosion_a0a388e0""]","gun_explosion","[""gun_explosion""]","/home/andres/Documentos/proyecto4geeks/data/raw/edge-collected-gunshot-audio/gunshot/907b513b-dd5e-4756-a20c-d785fb4f5dd7_v1.wav","edge-collected-gunshot-audio","train","","True","True","True","wav","3.75","44100","Mono","32","1411200","646.05","2021-12-03 20:27:34"
"0e145efc-0a77-4ef9-bb04-a8b03a96894c_v0.wav","/C/gun_explosion_a0a388e0","[""/C/gun_explosion_a0a388e0""]","gun_explosion","[""gun_explosion""]","/home/andres/Documentos/proyecto4geeks/data/raw/edge-collected-gunshot-audio/gunshot/0e145efc-0a77-4ef9-bb04-a8b03a96894c_v0.wav","edge-collected-gunshot-audio","train","","True","True","True","wav","3.75","44100","Mono","32","1411200","646.05","2021-12-03 20:27:20"
"7cf68bd7-f94b-4ca8-9ff9-46a84a67bce8_chan3_v0.wav","/C/gun_explosion_a0a388e0","[""/C/gun_explosion_a0a388e0""]","gun_explosion","[""gun_explosion""]","/home/andres/Documentos/proyecto4geeks/data/raw/edge-collected-gunshot-audio/gunshot/7cf68bd7-f94b-4ca8-9ff9-46a84a67bce8_chan3_v0.wav","edge-collected-gunshot-audio","train","","True","True","True","wav","4.842","44100","Mono","32","1411200","834.21","2021-12-03 20:27:34"
"27c95dc1-e509-4bf6-a7a7-31e49f111fb0_v1.wav","/C/gun_explosion_a0a388e0","[""/C/gun_explosion_a0a388e0""]","gun_explosion","[""gun_explosion""]","/home/andres/Documentos/proyecto4geeks/data/raw/edge-collected-gunshot-audio/gunshot/27c95dc1-e509-4bf6-a7a7-31e49f111fb0_v1.wav","edge-collected-gunshot-audio","train","","True","True","True","wav","1.803","44100","Mono","32","1411200","310.69","2021-12-03 20:28:48"
"e509bc91-85b5-43cf-9b71-3335089bee0a_chan6_v0.wav","/C/gun_explosion_a0a388e0","[""/C/gun_explosion_a0a388e0""]","gun_explosion","[""gun_explosion""]","/home/andres/Documentos/proyecto4geeks/data/raw/edge-collected-gunshot-audio/gunshot/e509bc91-85b5-43cf-9b71-3335089bee0a_chan6_v0.wav","edge-collected-gunshot-audio","train","","True","True","True","wav","3.369","44100","Mono","32","1411200","580.39","2021-12-03 20:27:14"
"524157e1-fb04-46b2-b887-8fcc84c4261a_chan4_v1.wav","/C/gun_explosion_a0a388e0","[""/C/gun_explosion_a0a388e0""]","gun_explosion","[""gun_explosion""]","/home/andres/Documentos/proyecto4geeks/data/raw/edge-collected-gunshot-audio/gunshot/524157e1-fb04-46b2-b887-8fcc84c4261a_chan4_v1.wav","edge-collected-gunshot-audio","test","","True","True","True","wav","8.999","44100","Mono","32","1411200","1550.28","2021-12-03 20:28:54"
"b3247aa6-f1e5-4a0d-8330-21e3ff183567_mean_v0.wav","/C/gun_explosion_a0a388e0","[""/C/gun_explosion_a0a388e0""]","gun_explosion","[""gun_explosion""]","/home/andres/Documentos/proyecto4geeks/data/raw/edge-collected-gunshot-audio/gunshot/b3247aa6-f1e5-4a0d-8330-21e3ff183567_mean_v0.wav","edge-collected-gunshot-audio","train","","True","True","True","wav","2.624","44100","Mono","32","1411200","452.13","2021-12-03 20:27:08"
"77ac463c-098c-484a-8394-66285cc161a4_chan3_v0.wav","/C/gun_explosion_a0a388e0","[""/C/gun_explosion_a0a388e0""]","gun_explosion","[""gun_explosion""]","/home/andres/Documentos/proyecto4geeks/data/raw/edge-collected-gunshot-audio/gunshot/77ac463c-098c-484a-8394-66285cc161a4_chan3_v0.wav","edge-collected-gunshot-audio","train","","True","True","True","wav","3.75","44100","Mono","32","1411200","646.05","2021-12-03 20:27:02"
"3f5138a7-0f5b-4ead-b551-3475032820fb_chan2_v0.wav","/C/gun_explosion_a0a388e0","[""/C/gun_explosion_a0a388e0""]","gun_explosion","[""gun_explosion""]","/home/andres/Documentos/proyecto4geeks/data/raw/edge-collected-gunshot-audio/gunshot/3f5138a7-0f5b-4ead-b551-3475032820fb_chan2_v0.wav","edge-collected-gunshot-audio","train","","True","True","True","wav","2.623","44100","Mono","32","1411200","451.94","2021-12-03 20:26:56"
"d394b858-4d3d-4658-9eb6-296579776892_chan4_v0.wav","/C/gun_explosion_a0a388e0","[""/C/gun_explosion_a0a388e0""]","gun_explosion","[""gun_explosion""]","/home/andres/Documentos/proyecto4geeks/data/raw/edge-collected-gunshot-audio/gunshot/d394b858-4d3d-4658-9eb6-296579776892_chan4_v0.wav","edge-collected-gunshot-audio","train","","True","True","True","wav","3.75","44100","Mono","32","1411200","646.05","2021-12-03 20:27:46"
"683cbedc-1319-4bfe-a656-cdf5e9b1c98f_mean_v0.wav","/C/gun_explosion_a0a388e0","[""/C/gun_explosion_a0a388e0""]","gun_explosion","[""gun_explosion""]","/home/andres/Documentos/proyecto4geeks/data/raw/edge-collected-gunshot-audio/gunshot/683cbedc-1319-4bfe-a656-cdf5e9b1c98f_mean_v0.wav","edge-collected-gunshot-audio","train","","True","True","True","wav","4.963","44100","Mono","32","1411200","854.96","2021-12-03 20:28:58"
"7bbf1085-7e14-44c0-9fe2-8ede26106efe_chan4_v0.wav","/C/gun_explosion_a0a388e0","[""/C/gun_explosion_a0a388e0""]","gun_explosion","[""gun_explosion""]","/home/andres/Documentos/proyecto4geeks/data/raw/edge-collected-gunshot-audio/gunshot/7bbf1085-7e14-44c0-9fe2-8ede26106efe_chan4_v0.wav","edge-collected-gunshot-audio","train","","True","True","True","wav","2.557","44100","Mono","32","1411200","440.57","2021-12-03 20:27:32"
"backup_38435a10-bcdd-4b6e-9f4d-080b7f3544c9__v2.wav","/C/gun_explosion_a0a388e0","[""/C/gun_explosion_a0a388e0""]","gun_explosion","[""gun_explosion""]","/home/andres/Documentos/proyecto4geeks/data/raw/edge-collected-gunshot-audio/gunshot/backup_38435a10-bcdd-4b6e-9f4d-080b7f3544c9__v2.wav","edge-collected-gunshot-audio","train","","True","True","True","wav","3.75","44100","Mono","32","1411200","646.05","2021-12-03 20:28:30"
"0b4a7cf7-8f49-4efd-bab9-0a3102bc2fb4_chan6_v0.wav","/C/gun_explosion_a0a388e0","[""/C/gun_explosion_a0a388e0""]","gun_explosion","[""gun_explosion""]","/home/andres/Documentos/proyecto4geeks/data/raw/edge-collected-gunshot-audio/gunshot/0b4a7cf7-8f49-4efd-bab9-0a3102bc2fb4_chan6_v0.wav","edge-collected-gunshot-audio","train","","True","True","True","wav","5.75","44100","Mono","32","1411200","990.51","2021-12-03 20:26:50"
"b23e9f5b-f76c-4c28-bf87-0599a47e0ba4_mean_v3.wav","/C/gun_explosion_a0a388e0","[""/C/gun_explosion_a0a388e0""]","gun_explosion","[""gun_explosion""]","/home/andres/Documentos/proyecto4geeks/data/raw/edge-collected-gunshot-audio/gunshot/b23e9f5b-f76c-4c28-bf87-0599a47e0ba4_mean_v3.wav","edge-collected-gunshot-audio","test","","True","True","True","wav","7.902","44100","Mono","32","1411200","1361.33","2021-12-03 20:29:16"
"019439aa-e146-49da-b59c-28a594fba7e2_v0.wav","/C/gun_explosion_a0a388e0","[""/C/gun_explosion_a0a388e0""]","gun_explosion","[""gun_explosion""]","/home/andres/Documentos/proyecto4geeks/data/raw/edge-collected-gunshot-audio/gunshot/019439aa-e146-49da-b59c-28a594fba7e2_v0.wav","edge-collected-gunshot-audio","train","","True","True","True","wav","3.776","44100","Mono","32","1411200","650.56","2021-12-03 20:27:54"
"b6b54c4a-e6b0-487e-b476-25dc131d0607_chan2_v1.wav","/C/gun_explosion_a0a388e0","[""/C/gun_explosion_a0a388e0""]","gun_explosion","[""gun_explosion""]","/home/andres/Documentos/proyecto4geeks/data/raw/edge-collected-gunshot-audio/gunshot/b6b54c4a-e6b0-487e-b476-25dc131d0607_chan2_v1.wav","edge-collected-gunshot-audio","train","","True","True","True","wav","5.825","44100","Mono","32","1411200","1003.54","2021-12-03 20:29:16"
"7149bf71-e2d6-4452-b2a0-9433bb1851f0_chan1_v0.wav","/C/gun_explosion_a0a388e0","[""/C/gun_explosion_a0a388e0""]","gun_explosion","[""gun_explosion""]","/home/andres/Documentos/proyecto4geeks/data/raw/edge-collected-gunshot-audio/gunshot/7149bf71-e2d6-4452-b2a0-9433bb1851f0_chan1_v0.wav","edge-collected-gunshot-audio","train","","True","True","True","wav","5.616","44100","Mono","32","1411200","967.51","2021-12-03 20:28:58"
"2567b43f-28b3-4df1-9c7c-aae01a354755_chan1_v0.wav","/C/gun_explosion_a0a388e0","[""/C/gun_explosion_a0a388e0""]","gun_explosion","[""gun_explosion""]","/home/andres/Documentos/proyecto4geeks/data/raw/edge-collected-gunshot-audio/gunshot/2567b43f-28b3-4df1-9c7c-aae01a354755_chan1_v0.wav","edge-collected-gunshot-audio","train","","True","True","True","wav","5.82","44100","Mono","32","1411200","1002.71","2021-12-03 20:28:48"
"4a7d254f-44ac-4f83-b931-c1d683486577_chan0_v0.wav","/C/gun_explosion_a0a388e0","[""/C/gun_explosion_a0a388e0""]","gun_explosion","[""gun_explosion""]","/home/andres/Documentos/proyecto4geeks/data/raw/edge-collected-gunshot-audio/gunshot/4a7d254f-44ac-4f83-b931-c1d683486577_chan0_v0.wav","edge-collected-gunshot-audio","test","","True","True","True","wav","5.59","44100","Mono","32","1411200","962.96","2021-12-03 20:28:08"
"090f69a9-885c-45fb-a807-f2661aaeb165_chan4_v0.wav","/C/gun_explosion_a0a388e0","[""/C/gun_explosion_a0a388e0""]","gun_explosion","[""gun_explosion""]","/home/andres/Documentos/proyecto4geeks/data/raw/edge-collected-gunshot-audio/gunshot/090f69a9-885c-45fb-a807-f2661aaeb165_chan4_v0.wav","edge-collected-gunshot-audio","train","","True","True","True","wav","3.75","44100","Mono","32","1411200","646.05","2021-12-03 20:27:18"
"524157e1-fb04-46b2-b887-8fcc84c4261a_chan6_v0.wav","/C/gun_explosion_a0a388e0","[""/C/gun_explosion_a0a388e0""]","gun_explosion","[""gun_explosion""]","/home/andres/Documentos/proyecto4geeks/data/raw/edge-collected-gunshot-audio/gunshot/524157e1-fb04-46b2-b887-8fcc84c4261a_chan6_v0.wav","edge-collected-gunshot-audio","train","","True","True","True","wav","3.75","44100","Mono","32","1411200","646.05","2021-12-03 20:28:54"
"b6b54c4a-e6b0-487e-b476-25dc131d0607_chan5_v1.wav","/C/gun_explosion_a0a388e0","[""/C/gun_explosion_a0a388e0""]","gun_explosion","[""gun_explosion""]","/home/andres/Documentos/proyecto4geeks/data/raw/edge-collected-gunshot-audio/gunshot/b6b54c4a-e6b0-487e-b476-25dc131d0607_chan5_v1.wav","edge-collected-gunshot-audio","train","","True","True","True","wav","5.825","44100","Mono","32","1411200","1003.51","2021-12-03 20:29:18"
"28c03348-1f65-41e4-b601-a6d49d1f8eec_v0.wav","/C/gun_explosion_a0a388e0","[""/C/gun_explosion_a0a388e0""]","gun_explosion","[""gun_explosion""]","/home/andres/Documentos/proyecto4geeks/data/raw/edge-collected-gunshot-audio/gunshot/28c03348-1f65-41e4-b601-a6d49d1f8eec_v0.wav","edge-collected-gunshot-audio","train","","True","True","True","wav","3.75","44100","Mono","32","1411200","646.05","2021-12-03 20:26:56"
"9a7f2d4b-5bf1-46f4-bcbc-56b1c8c067c1_chan1_v0.wav","/C/gun_explosion_a0a388e0","[""/C/gun_explosion_a0a388e0""]","gun_explosion","[""gun_explosion""]","/home/andres/Documentos/proyecto4geeks/data/raw/edge-collected-gunshot-audio/gunshot/9a7f2d4b-5bf1-46f4-bcbc-56b1c8c067c1_chan1_v0.wav","edge-collected-gunshot-audio","train","","True","True","True","wav","2.371","44100","Mono","32","1411200","408.53","2021-12-03 20:29:10"
"6f4b0712-3b95-4e5d-82b3-3f52e4983d4f_v0.wav","/C/gun_explosion_a0a388e0","[""/C/gun_explosion_a0a388e0""]","gun_explosion","[""gun_explosion""]","/home/andres/Documentos/proyecto4geeks/data/raw/edge-collected-gunshot-audio/gunshot/6f4b0712-3b95-4e5d-82b3-3f52e4983d4f_v0.wav","edge-collected-gunshot-audio","test","","True","True","True","wav","8.589","44100","Mono","32","1411200","1479.62","2021-12-03 20:27:02"
"4a128997-7f4e-4e11-8136-69c778f6711c_chan1_v0.wav","/C/gun_explosion_a0a388e0","[""/C/gun_explosion_a0a388e0""]","gun_explosion","[""gun_explosion""]","/home/andres/Documentos/proyecto4geeks/data/raw/edge-collected-gunshot-audio/gunshot/4a128997-7f4e-4e11-8136-69c778f6711c_chan1_v0.wav","edge-collected-gunshot-audio","train","","True","True","True","wav","4.206","44100","Mono","32","1411200","724.63","2021-12-03 20:28:08"
"2567b43f-28b3-4df1-9c7c-aae01a354755_chan2_v0.wav","/C/gun_explosion_a0a388e0","[""/C/gun_explosion_a0a388e0""]","gun_explosion","[""gun_explosion""]","/home/andres/Documentos/proyecto4geeks/data/raw/edge-collected-gunshot-audio/gunshot/2567b43f-28b3-4df1-9c7c-aae01a354755_chan2_v0.wav","edge-collected-gunshot-audio","train","","True","True","True","wav","5.82","44100","Mono","32","1411200","1002.65","2021-12-03 20:28:48"
"188f395f-a01c-4768-aa39-e20701953f19_chan1_v0.wav","/C/gun_explosion_a0a388e0","[""/C/gun_explosion_a0a388e0""]","gun_explosion","[""gun_explosion""]","/home/andres/Documentos/proyecto4geeks/data/raw/edge-collected-gunshot-audio/gunshot/188f395f-a01c-4768-aa39-e20701953f19_chan1_v0.wav","edge-collected-gunshot-audio","train","","True","True","True","wav","5.738","44100","Mono","32","1411200","988.6","2021-12-03 20:28:44"
"e074e5f5-465f-433f-a15d-ac6512ec1de2_chan0_v0.wav","/C/gun_explosion_a0a388e0","[""/C/gun_explosion_a0a388e0""]","gun_explosion","[""gun_explosion""]","/home/andres/Documentos/proyecto4geeks/data/raw/edge-collected-gunshot-audio/gunshot/e074e5f5-465f-433f-a15d-ac6512ec1de2_chan0_v0.wav","edge-collected-gunshot-audio","train","","True","True","True","wav","5.875","44100","Mono","32","1411200","1012.05","2021-12-03 20:28:36"
"1a1db5f5-080b-4b6d-9c77-0fe675aed427_chan1_v0.wav","/C/gun_explosion_a0a388e0","[""/C/gun_explosion_a0a388e0""]","gun_explosion","[""gun_explosion""]","/home/andres/Documentos/proyecto4geeks/data/raw/edge-collected-gunshot-audio/gunshot/1a1db5f5-080b-4b6d-9c77-0fe675aed427_chan1_v0.wav","edge-collected-gunshot-audio","train","","True","True","True","wav","5.695","44100","Mono","32","1411200","981.17","2021-12-03 20:27:22"
"9ebba20a-9b86-462a-8ac8-4cdbf2fd4a70_chan6_v0.wav","/C/gun_explosion_a0a388e0","[""/C/gun_explosion_a0a388e0""]","gun_explosion","[""gun_explosion""]","/home/andres/Documentos/proyecto4geeks/data/raw/edge-collected-gunshot-audio/gunshot/9ebba20a-9b86-462a-8ac8-4cdbf2fd4a70_chan6_v0.wav","edge-collected-gunshot-audio","train","","True","True","True","wav","3.75","44100","Mono","32","1411200","646.05","2021-12-03 20:28:24"
"7d451790-0f0d-45e5-92fc-cbc68ede0a79_mean_v0.wav","/C/gun_explosion_a0a388e0","[""/C/gun_explosion_a0a388e0""]","gun_explosion","[""gun_explosion""]","/home/andres/Documentos/proyecto4geeks/data/raw/edge-collected-gunshot-audio/gunshot/7d451790-0f0d-45e5-92fc-cbc68ede0a79_mean_v0.wav","edge-collected-gunshot-audio","test","","True","True","True","wav","4.896","44100","Mono","32","1411200","843.47","2021-12-03 20:29:02"
"a0e31937-1988-4fdc-8d5d-95c78b942f4f_chan2_v0.wav","/C/gun_explosion_a0a388e0","[""/C/gun_explosion_a0a388e0""]","gun_explosion","[""gun_explosion""]","/home/andres/Documentos/proyecto4geeks/data/raw/edge-collected-gunshot-audio/gunshot/a0e31937-1988-4fdc-8d5d-95c78b942f4f_chan2_v0.wav","edge-collected-gunshot-audio","train","","True","True","True","wav","2.324","44100","Mono","32","1411200","400.4","2021-12-03 20:27:36"
"5b4f210f-8dab-4ec7-9ae1-8f786c21b4a1_chan6_v0.wav","/C/gun_explosion_a0a388e0","[""/C/gun_explosion_a0a388e0""]","gun_explosion","[""gun_explosion""]","/home/andres/Documentos/proyecto4geeks/data/raw/edge-collected-gunshot-audio/gunshot/5b4f210f-8dab-4ec7-9ae1-8f786c21b4a1_chan6_v0.wav","edge-collected-gunshot-audio","train","","True","True","True","wav","5.404","44100","Mono","32","1411200","930.94","2021-12-03 20:27:30"
"ea3ba9e7-1b6a-4ba1-afff-bc3543d9a61d_chan6_v0.wav","/C/gun_explosion_a0a388e0","[""/C/gun_explosion_a0a388e0""]","gun_explosion","[""gun_explosion""]","/home/andres/Documentos/proyecto4geeks/data/raw/edge-collected-gunshot-audio/gunshot/ea3ba9e7-1b6a-4ba1-afff-bc3543d9a61d_chan6_v0.wav","edge-collected-gunshot-audio","train","","True","True","True","wav","3.75","44100","Mono","32","1411200","646.05","2021-12-03 20:28:38"
"4f323e9a-51e4-406a-a459-f1244a4280ea_chan1_v0.wav","/C/gun_explosion_a0a388e0","[""/C/gun_explosion_a0a388e0""]","gun_explosion","[""gun_explosion""]","/home/andres/Documentos/proyecto4geeks/data/raw/edge-collected-gunshot-audio/gunshot/4f323e9a-51e4-406a-a459-f1244a4280ea_chan1_v0.wav","edge-collected-gunshot-audio","train","","True","True","True","wav","3.822","44100","Mono","32","1411200","658.39","2021-12-03 20:28:10"
"0a7c0396-3ac7-462d-b1f6-c73243eb6865_chan1_v0.wav","/C/gun_explosion_a0a388e0","[""/C/gun_explosion_a0a388e0""]","gun_explosion","[""gun_explosion""]","/home/andres/Documentos/proyecto4geeks/data/raw/edge-collected-gunshot-audio/gunshot/0a7c0396-3ac7-462d-b1f6-c73243eb6865_chan1_v0.wav","edge-collected-gunshot-audio","test","","True","True","True","wav","3.75","44100","Mono","32","1411200","646.05","2021-12-03 20:27:20"
"af1d7d22-46ed-4f2b-a2b5-fc4a5bec68bd_chan1_v0.wav","/C/gun_explosion_a0a388e0","[""/C/gun_explosion_a0a388e0""]","gun_explosion","[""gun_explosion""]","/home/andres/Documentos/proyecto4geeks/data/raw/edge-collected-gunshot-audio/gunshot/af1d7d22-46ed-4f2b-a2b5-fc4a5bec68bd_chan1_v0.wav","edge-collected-gunshot-audio","train","","True","True","True","wav","3.493","44100","Mono","32","1411200","601.85","2021-12-03 20:27:38"
"9d01ad9a-3e6b-458c-a02d-dc30f4d83f61_chan3_v0.wav","/C/gun_explosion_a0a388e0","[""/C/gun_explosion_a0a388e0""]","gun_explosion","[""gun_explosion""]","/home/andres/Documentos/proyecto4geeks/data/raw/edge-collected-gunshot-audio/gunshot/9d01ad9a-3e6b-458c-a02d-dc30f4d83f61_chan3_v0.wav","edge-collected-gunshot-audio","test","","True","True","True","wav","6.78","44100","Mono","32","1411200","1168.09","2021-12-03 20:27:06"
"86c4c4a5-0374-492f-bfcd-ed9de679b68b_chan5_v0.wav","/C/gun_explosion_a0a388e0","[""/C/gun_explosion_a0a388e0""]","gun_explosion","[""gun_explosion""]","/home/andres/Documentos/proyecto4geeks/data/raw/edge-collected-gunshot-audio/gunshot/86c4c4a5-0374-492f-bfcd-ed9de679b68b_chan5_v0.wav","edge-collected-gunshot-audio","test","","True","True","True","wav","6.398","44100","Mono","32","1411200","1102.28","2021-12-03 20:29:04"
"fe18216b-56d4-478a-9ed7-a3543a9930e0_mean_v0.wav","/C/gun_explosion_a0a388e0","[""/C/gun_explosion_a0a388e0""]","gun_explosion","[""gun_explosion""]","/home/andres/Documentos/proyecto4geeks/data/raw/edge-collected-gunshot-audio/gunshot/fe18216b-56d4-478a-9ed7-a3543a9930e0_mean_v0.wav","edge-collected-gunshot-audio","train","","True","True","True","wav","3.613","44100","Mono","32","1411200","622.42","2021-12-03 20:27:52"
"e582412f-6f23-4af8-93e4-2138dc459306_chan3_v0.wav","/C/gun_explosion_a0a388e0","[""/C/gun_explosion_a0a388e0""]","gun_explosion","[""gun_explosion""]","/home/andres/Documentos/proyecto4geeks/data/raw/edge-collected-gunshot-audio/gunshot/e582412f-6f23-4af8-93e4-2138dc459306_chan3_v0.wav","edge-collected-gunshot-audio","train","","True","True","True","wav","3.568","44100","Mono","32","1411200","614.72","2021-12-03 20:29:24"
"c0b2e1a0-0ad1-485b-9df8-af37612ac034_chan0_v0.wav","/C/gun_explosion_a0a388e0","[""/C/gun_explosion_a0a388e0""]","gun_explosion","[""gun_explosion""]","/home/andres/Documentos/proyecto4geeks/data/raw/edge-collected-gunshot-audio/gunshot/c0b2e1a0-0ad1-485b-9df8-af37612ac034_chan0_v0.wav","edge-collected-gunshot-audio","train","","True","True","True","wav","3.75","44100","Mono","32","1411200","646.05","2021-12-03 20:27:40"
"d394b858-4d3d-4658-9eb6-296579776892_chan1_v0.wav","/C/gun_explosion_a0a388e0","[""/C/gun_explosion_a0a388e0""]","gun_explosion","[""gun_explosion""]","/home/andres/Documentos/proyecto4geeks/data/raw/edge-collected-gunshot-audio/gunshot/d394b858-4d3d-4658-9eb6-296579776892_chan1_v0.wav","edge-collected-gunshot-audio","train","","True","True","True","wav","3.75","44100","Mono","32","1411200","646.05","2021-12-03 20:27:46"
"545023ab-9344-4ff1-b0a7-ef5eda73893d_chan0_v0.wav","/C/gun_explosion_a0a388e0","[""/C/gun_explosion_a0a388e0""]","gun_explosion","[""gun_explosion""]","/home/andres/Documentos/proyecto4geeks/data/raw/edge-collected-gunshot-audio/gunshot/545023ab-9344-4ff1-b0a7-ef5eda73893d_chan0_v0.wav","edge-collected-gunshot-audio","test","","True","True","True","wav","3.75","44100","Mono","32","1411200","646.05","2021-12-03 20:28:10"
"5f196719-60e8-4771-b3a1-62d26c577473_chan4_v0.wav","/C/gun_explosion_a0a388e0","[""/C/gun_explosion_a0a388e0""]","gun_explosion","[""gun_explosion""]","/home/andres/Documentos/proyecto4geeks/data/raw/edge-collected-gunshot-audio/gunshot/5f196719-60e8-4771-b3a1-62d26c577473_chan4_v0.wav","edge-collected-gunshot-audio","test","","True","True","True","wav","3.75","44100","Mono","32","1411200","646.05","2021-12-03 20:28:14"
"23e5252c-2680-4dcf-acee-4b58271de2a9_v0.wav","/C/gun_explosion_a0a388e0","[""/C/gun_explosion_a0a388e0""]","gun_explosion","[""gun_explosion""]","/home/andres/Documentos/proyecto4geeks/data/raw/edge-collected-gunshot-audio/gunshot/23e5252c-2680-4dcf-acee-4b58271de2a9_v0.wav","edge-collected-gunshot-audio","train","","True","True","True","wav","3.75","44100","Mono","32","1411200","646.05","2021-12-03 20:28:04"
"b785ce2a-693b-40df-8c78-53fb862046c4_chan5_v0.wav","/C/gun_explosion_a0a388e0","[""/C/gun_explosion_a0a388e0""]","gun_explosion","[""gun_explosion""]","/home/andres/Documentos/proyecto4geeks/data/raw/edge-collected-gunshot-audio/gunshot/b785ce2a-693b-40df-8c78-53fb862046c4_chan5_v0.wav","edge-collected-gunshot-audio","train","","True","True","True","wav","4.043","44100","Mono","32","1411200","696.44","2021-12-03 20:29:18"
"7767a07e-d1e5-43a1-99cb-89d37c1f2aa8_v1.wav","/C/gun_explosion_a0a388e0","[""/C/gun_explosion_a0a388e0""]","gun_explosion","[""gun_explosion""]","/home/andres/Documentos/proyecto4geeks/data/raw/edge-collected-gunshot-audio/gunshot/7767a07e-d1e5-43a1-99cb-89d37c1f2aa8_v1.wav","edge-collected-gunshot-audio","test","","True","True","True","wav","3.75","44100","Mono","32","1411200","646.05","2021-12-03 20:29:00"
"da1019cd-4fdd-404c-a76f-e3fa43997a28_mean_v0.wav","/C/gun_explosion_a0a388e0","[""/C/gun_explosion_a0a388e0""]","gun_explosion","[""gun_explosion""]","/home/andres/Documentos/proyecto4geeks/data/raw/edge-collected-gunshot-audio/gunshot/da1019cd-4fdd-404c-a76f-e3fa43997a28_mean_v0.wav","edge-collected-gunshot-audio","train","","True","True","True","wav","6.703","44100","Mono","32","1411200","1154.79","2021-12-03 20:29:22"
"e2f3a120-6fcd-4760-917d-bb03ebff63d8_mean_v2.wav","/C/gun_explosion_a0a388e0","[""/C/gun_explosion_a0a388e0""]","gun_explosion","[""gun_explosion""]","/home/andres/Documentos/proyecto4geeks/data/raw/edge-collected-gunshot-audio/gunshot/e2f3a120-6fcd-4760-917d-bb03ebff63d8_mean_v2.wav","edge-collected-gunshot-audio","train","","True","True","True","wav","3.75","44100","Mono","32","1411200","646.05","2021-12-03 20:27:50"
"ff842455-42f4-4c3a-8ab0-0ee2085d1c32_chan1_v0.wav","/C/gun_explosion_a0a388e0","[""/C/gun_explosion_a0a388e0""]","gun_explosion","[""gun_explosion""]","/home/andres/Documentos/proyecto4geeks/data/raw/edge-collected-gunshot-audio/gunshot/ff842455-42f4-4c3a-8ab0-0ee2085d1c32_chan1_v0.wav","edge-collected-gunshot-audio","train","","True","True","True","wav","6.276","44100","Mono","32","1411200","1081.12","2021-12-03 20:29:28"
"738f379b-fe71-4aea-a680-1f95dff38ef1_chan0_v0.wav","/C/gun_explosion_a0a388e0","[""/C/gun_explosion_a0a388e0""]","gun_explosion","[""gun_explosion""]","/home/andres/Documentos/proyecto4geeks/data/raw/edge-collected-gunshot-audio/gunshot/738f379b-fe71-4aea-a680-1f95dff38ef1_chan0_v0.wav","edge-collected-gunshot-audio","test","","True","True","True","wav","3.75","44100","Mono","32","1411200","646.05","2021-12-03 20:28:18"
"dc052a9b-032a-4a42-9e73-f022484ccab5_chan5_v0.wav","/C/gun_explosion_a0a388e0","[""/C/gun_explosion_a0a388e0""]","gun_explosion","[""gun_explosion""]","/home/andres/Documentos/proyecto4geeks/data/raw/edge-collected-gunshot-audio/gunshot/dc052a9b-032a-4a42-9e73-f022484ccab5_chan5_v0.wav","edge-collected-gunshot-audio","train","","True","True","True","wav","2.297","44100","Mono","32","1411200","395.72","2021-12-03 20:27:48"
"e73d935b-ddfa-4139-91d6-9d2f68994770_chan1_v0.wav","/C/gun_explosion_a0a388e0","[""/C/gun_explosion_a0a388e0""]","gun_explosion","[""gun_explosion""]","/home/andres/Documentos/proyecto4geeks/data/raw/edge-collected-gunshot-audio/gunshot/e73d935b-ddfa-4139-91d6-9d2f68994770_chan1_v0.wav","edge-collected-gunshot-audio","train","","True","True","True","wav","3.75","44100","Mono","32","1411200","646.05","2021-12-03 20:27:50"
"83a4c73a-d42f-4dff-9841-dd03f1c2d6e2_chan3_v0.wav","/C/gun_explosion_a0a388e0","[""/C/gun_explosion_a0a388e0""]","gun_explosion","[""gun_explosion""]","/home/andres/Documentos/proyecto4geeks/data/raw/edge-collected-gunshot-audio/gunshot/83a4c73a-d42f-4dff-9841-dd03f1c2d6e2_chan3_v0.wav","edge-collected-gunshot-audio","train","","True","True","True","wav","5.085","44100","Mono","32","1411200","875.98","2021-12-03 20:29:04"
"1298fc2a-4470-4cbd-a8c7-8c6e103d7c4f_chan3_v1.wav","/C/gun_explosion_a0a388e0","[""/C/gun_explosion_a0a388e0""]","gun_explosion","[""gun_explosion""]","/home/andres/Documentos/proyecto4geeks/data/raw/edge-collected-gunshot-audio/gunshot/1298fc2a-4470-4cbd-a8c7-8c6e103d7c4f_chan3_v1.wav","edge-collected-gunshot-audio","test","","True","True","True","wav","3.393","44100","Mono","32","1411200","584.62","2021-12-03 20:28:00"
"41692623-c231-44d4-867a-1089f722a583_v0.wav","/C/gun_explosion_a0a388e0","[""/C/gun_explosion_a0a388e0""]","gun_explosion","[""gun_explosion""]","/home/andres/Documentos/proyecto4geeks/data/raw/edge-collected-gunshot-audio/gunshot/41692623-c231-44d4-867a-1089f722a583_v0.wav","edge-collected-gunshot-audio","test","","True","True","True","wav","5.016","44100","Mono","32","1411200","864.1","2021-12-03 20:27:26"
"097daac2-8bc8-4c8f-a4ec-e1e6ba5735b7_chan5_v0.wav","/C/gun_explosion_a0a388e0","[""/C/gun_explosion_a0a388e0""]","gun_explosion","[""gun_explosion""]","/home/andres/Documentos/proyecto4geeks/data/raw/edge-collected-gunshot-audio/gunshot/097daac2-8bc8-4c8f-a4ec-e1e6ba5735b7_chan5_v0.wav","edge-collected-gunshot-audio","train","","True","True","True","wav","3.835","44100","Mono","32","1411200","660.71","2021-12-03 20:27:56"
"0f9222e9-7896-4a30-b161-092a2931ebb8_v5.wav","/C/gun_explosion_a0a388e0","[""/C/gun_explosion_a0a388e0""]","gun_explosion","[""gun_explosion""]","/home/andres/Documentos/proyecto4geeks/data/raw/edge-collected-gunshot-audio/gunshot/0f9222e9-7896-4a30-b161-092a2931ebb8_v5.wav","edge-collected-gunshot-audio","train","","True","True","True","wav","2.0","44100","Mono","32","1411200","344.59","2021-12-03 20:27:58"
"b0a13fed-0f85-467f-9355-4b6b5f88969c_chan0_v0.wav","/C/gun_explosion_a0a388e0","[""/C/gun_explosion_a0a388e0""]","gun_explosion","[""gun_explosion""]","/home/andres/Documentos/proyecto4geeks/data/raw/edge-collected-gunshot-audio/gunshot/b0a13fed-0f85-467f-9355-4b6b5f88969c_chan0_v0.wav","edge-collected-gunshot-audio","train","","True","True","True","wav","3.75","44100","Mono","32","1411200","646.05","2021-12-03 20:28:28"
"63bed9c5-c7c7-429e-82de-9114078423ab_chan0_v0.wav","/C/gun_explosion_a0a388e0","[""/C/gun_explosion_a0a388e0""]","gun_explosion","[""gun_explosion""]","/home/andres/Documentos/proyecto4geeks/data/raw/edge-collected-gunshot-audio/gunshot/63bed9c5-c7c7-429e-82de-9114078423ab_chan0_v0.wav","edge-collected-gunshot-audio","test","","True","True","True","wav","3.705","44100","Mono","32","1411200","638.3","2021-12-03 20:28:16"
"32ad3f19-100d-4e0f-9cd5-e5abf3e3b9d0_v0.wav","/C/gun_explosion_a0a388e0","[""/C/gun_explosion_a0a388e0""]","gun_explosion","[""gun_explosion""]","/home/andres/Documentos/proyecto4geeks/data/raw/edge-collected-gunshot-audio/gunshot/32ad3f19-100d-4e0f-9cd5-e5abf3e3b9d0_v0.wav","edge-collected-gunshot-audio","test","","True","True","True","wav","3.75","44100","Mono","32","1411200","646.05","2021-12-03 20:26:56"
"3ab0f1bb-f7fe-4cfe-a78e-11a263f75819_mean_v0.wav","/C/gun_explosion_a0a388e0","[""/C/gun_explosion_a0a388e0""]","gun_explosion","[""gun_explosion""]","/home/andres/Documentos/proyecto4geeks/data/raw/edge-collected-gunshot-audio/gunshot/3ab0f1bb-f7fe-4cfe-a78e-11a263f75819_mean_v0.wav","edge-collected-gunshot-audio","test","","True","True","True","wav","5.179","44100","Mono","32","1411200","892.28","2021-12-03 20:27:26"
"b0a13fed-0f85-467f-9355-4b6b5f88969c_chan1_v0.wav","/C/gun_explosion_a0a388e0","[""/C/gun_explosion_a0a388e0""]","gun_explosion","[""gun_explosion""]","/home/andres/Documentos/proyecto4geeks/data/raw/edge-collected-gunshot-audio/gunshot/b0a13fed-0f85-467f-9355-4b6b5f88969c_chan1_v0.wav","edge-collected-gunshot-audio","train","","True","True","True","wav","3.75","44100","Mono","32","1411200","646.05","2021-12-03 20:28:28"
"4a7d254f-44ac-4f83-b931-c1d683486577_chan3_v0.wav","/C/gun_explosion_a0a388e0","[""/C/gun_explosion_a0a388e0""]","gun_explosion","[""gun_explosion""]","/home/andres/Documentos/proyecto4geeks/data/raw/edge-collected-gunshot-audio/gunshot/4a7d254f-44ac-4f83-b931-c1d683486577_chan3_v0.wav","edge-collected-gunshot-audio","train","","True","True","True","wav","5.59","44100","Mono","32","1411200","962.96","2021-12-03 20:28:08"
"1bff3ff9-3bb6-43f3-96cd-abbbf7d84b46_chan4_v0.wav","/C/gun_explosion_a0a388e0","[""/C/gun_explosion_a0a388e0""]","gun_explosion","[""gun_explosion""]","/home/andres/Documentos/proyecto4geeks/data/raw/edge-collected-gunshot-audio/gunshot/1bff3ff9-3bb6-43f3-96cd-abbbf7d84b46_chan4_v0.wav","edge-collected-gunshot-audio","train","","True","True","True","wav","3.75","44100","Mono","32","1411200","646.05","2021-12-03 20:28:44"
"9b5c4fdb-b0ee-447d-ae1b-1d4576660a4e_v5.wav","/C/gun_explosion_a0a388e0","[""/C/gun_explosion_a0a388e0""]","gun_explosion","[""gun_explosion""]","/home/andres/Documentos/proyecto4geeks/data/raw/edge-collected-gunshot-audio/gunshot/9b5c4fdb-b0ee-447d-ae1b-1d4576660a4e_v5.wav","edge-collected-gunshot-audio","test","","True","True","True","wav","3.75","44100","Mono","32","1411200","646.05","2021-12-03 20:29:10"
"1d736617-3e83-4662-9a19-69fd3a3c7c06_v0.wav","/C/gun_explosion_a0a388e0","[""/C/gun_explosion_a0a388e0""]","gun_explosion","[""gun_explosion""]","/home/andres/Documentos/proyecto4geeks/data/raw/edge-collected-gunshot-audio/gunshot/1d736617-3e83-4662-9a19-69fd3a3c7c06_v0.wav","edge-collected-gunshot-audio","train","","True","True","True","wav","4.914","44100","Mono","32","1411200","846.64","2021-12-03 20:28:46"
"d8a66b56-2662-4da5-bd96-2fd21ad87412_mean_v0.wav","/C/gun_explosion_a0a388e0","[""/C/gun_explosion_a0a388e0""]","gun_explosion","[""gun_explosion""]","/home/andres/Documentos/proyecto4geeks/data/raw/edge-collected-gunshot-audio/gunshot/d8a66b56-2662-4da5-bd96-2fd21ad87412_mean_v0.wav","edge-collected-gunshot-audio","train","","True","True","True","wav","3.75","44100","Mono","32","1411200","646.05","2021-12-03 20:27:46"
"c0b2e1a0-0ad1-485b-9df8-af37612ac034_chan5_v2.wav","/C/gun_explosion_a0a388e0","[""/C/gun_explosion_a0a388e0""]","gun_explosion","[""gun_explosion""]","/home/andres/Documentos/proyecto4geeks/data/raw/edge-collected-gunshot-audio/gunshot/c0b2e1a0-0ad1-485b-9df8-af37612ac034_chan5_v2.wav","edge-collected-gunshot-audio","train","","True","True","True","wav","3.75","44100","Mono","32","1411200","646.05","2021-12-03 20:27:42"
"805e6b14-ad2f-4802-902b-53518cc81464_chan3_v0.wav","/C/gun_explosion_a0a388e0","[""/C/gun_explosion_a0a388e0""]","gun_explosion","[""gun_explosion""]","/home/andres/Documentos/proyecto4geeks/data/raw/edge-collected-gunshot-audio/gunshot/805e6b14-ad2f-4802-902b-53518cc81464_chan3_v0.wav","edge-collected-gunshot-audio","test","","True","True","True","wav","5.838","44100","Mono","32","1411200","1005.69","2021-12-03 20:27:04"
"1bff3ff9-3bb6-43f3-96cd-abbbf7d84b46_mean_v0.wav","/C/gun_explosion_a0a388e0","[""/C/gun_explosion_a0a388e0""]","gun_explosion","[""gun_explosion""]","/home/andres/Documentos/proyecto4geeks/data/raw/edge-collected-gunshot-audio/gunshot/1bff3ff9-3bb6-43f3-96cd-abbbf7d84b46_mean_v0.wav","edge-collected-gunshot-audio","train","","True","True","True","wav","3.75","44100","Mono","32","1411200","646.05","2021-12-03 20:28:46"
"406b0f75-2c99-4b65-9b34-ab83ecd488b3_chan4_v0.wav","/C/gun_explosion_a0a388e0","[""/C/gun_explosion_a0a388e0""]","gun_explosion","[""gun_explosion""]","/home/andres/Documentos/proyecto4geeks/data/raw/edge-collected-gunshot-audio/gunshot/406b0f75-2c99-4b65-9b34-ab83ecd488b3_chan4_v0.wav","edge-collected-gunshot-audio","train","","True","True","True","wav","2.686","44100","Mono","32","1411200","462.84","2021-12-03 20:28:08"
"fe18216b-56d4-478a-9ed7-a3543a9930e0_chan2_v0.wav","/C/gun_explosion_a0a388e0","[""/C/gun_explosion_a0a388e0""]","gun_explosion","[""gun_explosion""]","/home/andres/Documentos/proyecto4geeks/data/raw/edge-collected-gunshot-audio/gunshot/fe18216b-56d4-478a-9ed7-a3543a9930e0_chan2_v0.wav","edge-collected-gunshot-audio","train","","True","True","True","wav","3.514","44100","Mono","32","1411200","605.47","2021-12-03 20:27:52"
"bb5a8b3f-3724-456e-83e1-55f5ca5ac68a_chan5_v0.wav","/C/gun_explosion_a0a388e0","[""/C/gun_explosion_a0a388e0""]","gun_explosion","[""gun_explosion""]","/home/andres/Documentos/proyecto4geeks/data/raw/edge-collected-gunshot-audio/gunshot/bb5a8b3f-3724-456e-83e1-55f5ca5ac68a_chan5_v0.wav","edge-collected-gunshot-audio","test","","True","True","True","wav","3.75","44100","Mono","32","1411200","646.05","2021-12-03 20:28:30"
"063b74d6-eb05-437e-b767-14a3248cd10c_chan4_v1.wav","/C/gun_explosion_a0a388e0","[""/C/gun_explosion_a0a388e0""]","gun_explosion","[""gun_explosion""]","/home/andres/Documentos/proyecto4geeks/data/raw/edge-collected-gunshot-audio/gunshot/063b74d6-eb05-437e-b767-14a3248cd10c_chan4_v1.wav","edge-collected-gunshot-audio","train","","True","True","True","wav","2.555","44100","Mono","32","1411200","440.18","2021-12-03 20:26:48"
"b3247aa6-f1e5-4a0d-8330-21e3ff183567_chan5_v0.wav","/C/gun_explosion_a0a388e0","[""/C/gun_explosion_a0a388e0""]","gun_explosion","[""gun_explosion""]","/home/andres/Documentos/proyecto4geeks/data/raw/edge-collected-gunshot-audio/gunshot/b3247aa6-f1e5-4a0d-8330-21e3ff183567_chan5_v0.wav","edge-collected-gunshot-audio","train","","True","True","True","wav","2.624","44100","Mono","32","1411200","452.12","2021-12-03 20:27:08"
"0a07b229-7d2b-4d2b-8f32-c94cbc7b1487_mean_v0.wav","/C/gun_explosion_a0a388e0","[""/C/gun_explosion_a0a388e0""]","gun_explosion","[""gun_explosion""]","/home/andres/Documentos/proyecto4geeks/data/raw/edge-collected-gunshot-audio/gunshot/0a07b229-7d2b-4d2b-8f32-c94cbc7b1487_mean_v0.wav","edge-collected-gunshot-audio","train","","True","True","True","wav","5.242","44100","Mono","32","1411200","903.03","2021-12-03 20:26:50"
"1eddf0db-7c77-4e49-a5e4-544368f8b67c_mean_v0.wav","/C/gun_explosion_a0a388e0","[""/C/gun_explosion_a0a388e0""]","gun_explosion","[""gun_explosion""]","/home/andres/Documentos/proyecto4geeks/data/raw/edge-collected-gunshot-audio/gunshot/1eddf0db-7c77-4e49-a5e4-544368f8b67c_mean_v0.wav","edge-collected-gunshot-audio","train","","True","True","True","wav","7.07","44100","Mono","32","1411200","1218.03","2021-12-03 20:26:54"
"79c04fcc-da8d-4250-927b-9747b4f4354c_chan6_v0.wav","/C/gun_explosion_a0a388e0","[""/C/gun_explosion_a0a388e0""]","gun_explosion","[""gun_explosion""]","/home/andres/Documentos/proyecto4geeks/data/raw/edge-collected-gunshot-audio/gunshot/79c04fcc-da8d-4250-927b-9747b4f4354c_chan6_v0.wav","edge-collected-gunshot-audio","test","","True","True","True","wav","3.674","44100","Mono","32","1411200","632.92","2021-12-03 20:28:18"
"ff842455-42f4-4c3a-8ab0-0ee2085d1c32_chan5_v0.wav","/C/gun_explosion_a0a388e0","[""/C/gun_explosion_a0a388e0""]","gun_explosion","[""gun_explosion""]","/home/andres/Documentos/proyecto4geeks/data/raw/edge-collected-gunshot-audio/gunshot/ff842455-42f4-4c3a-8ab0-0ee2085d1c32_chan5_v0.wav","edge-collected-gunshot-audio","train","","True","True","True","wav","6.63","44100","Mono","32","1411200","1142.1","2021-12-03 20:29:28"
"2206e99c-e7ee-493b-902e-1a970a9fc4fe_mean_v1.wav","/C/gun_explosion_a0a388e0","[""/C/gun_explosion_a0a388e0""]","gun_explosion","[""gun_explosion""]","/home/andres/Documentos/proyecto4geeks/data/raw/edge-collected-gunshot-audio/gunshot/2206e99c-e7ee-493b-902e-1a970a9fc4fe_mean_v1.wav","edge-collected-gunshot-audio","train","","True","True","True","wav","3.75","44100","Mono","32","1411200","646.05","2021-12-03 20:26:56"
"a8c56aac-4362-430b-8cd1-ed4832960441_mean_v0.wav","/C/gun_explosion_a0a388e0","[""/C/gun_explosion_a0a388e0""]","gun_explosion","[""gun_explosion""]","/home/andres/Documentos/proyecto4geeks/data/raw/edge-collected-gunshot-audio/gunshot/a8c56aac-4362-430b-8cd1-ed4832960441_mean_v0.wav","edge-collected-gunshot-audio","train","","True","True","True","wav","5.725","44100","Mono","32","1411200","986.36","2021-12-03 20:29:14"
"0ee22b7f-3840-4f8a-8b28-031e6bba5d81_chan6_v0.wav","/C/gun_explosion_a0a388e0","[""/C/gun_explosion_a0a388e0""]","gun_explosion","[""gun_explosion""]","/home/andres/Documentos/proyecto4geeks/data/raw/edge-collected-gunshot-audio/gunshot/0ee22b7f-3840-4f8a-8b28-031e6bba5d81_chan6_v0.wav","edge-collected-gunshot-audio","train","","True","True","True","wav","11.161","44100","Mono","32","1411200","1922.69","2021-12-03 20:27:58"
"be57f8ab-9cf3-4528-bd35-c810f2444baf_chan2_v0.wav","/C/gun_explosion_a0a388e0","[""/C/gun_explosion_a0a388e0""]","gun_explosion","[""gun_explosion""]","/home/andres/Documentos/proyecto4geeks/data/raw/edge-collected-gunshot-audio/gunshot/be57f8ab-9cf3-4528-bd35-c810f2444baf_chan2_v0.wav","edge-collected-gunshot-audio","train","","True","True","True","wav","4.219","44100","Mono","32","1411200","726.83","2021-12-03 20:28:32"
"efb94f95-0631-4fd6-a532-dc3876ac3368_v0.wav","/C/gun_explosion_a0a388e0","[""/C/gun_explosion_a0a388e0""]","gun_explosion","[""gun_explosion""]","/home/andres/Documentos/proyecto4geeks/data/raw/edge-collected-gunshot-audio/gunshot/efb94f95-0631-4fd6-a532-dc3876ac3368_v0.wav","edge-collected-gunshot-audio","train","","True","True","True","wav","3.75","44100","Mono","32","1411200","646.05","2021-12-03 20:28:40"
"37861b06-0455-47e7-89de-c18e357eb9c8_mean_v0.wav","/C/gun_explosion_a0a388e0","[""/C/gun_explosion_a0a388e0""]","gun_explosion","[""gun_explosion""]","/home/andres/Documentos/proyecto4geeks/data/raw/edge-collected-gunshot-audio/gunshot/37861b06-0455-47e7-89de-c18e357eb9c8_mean_v0.wav","edge-collected-gunshot-audio","train","","True","True","True","wav","4.983","44100","Mono","32","1411200","858.46","2021-12-03 20:28:50"
"8ffbfbd4-7f3b-456b-8d21-c64c9dfd943f_mean_v0.wav","/C/gun_explosion_a0a388e0","[""/C/gun_explosion_a0a388e0""]","gun_explosion","[""gun_explosion""]","/home/andres/Documentos/proyecto4geeks/data/raw/edge-collected-gunshot-audio/gunshot/8ffbfbd4-7f3b-456b-8d21-c64c9dfd943f_mean_v0.wav","edge-collected-gunshot-audio","train","","True","True","True","wav","5.179","44100","Mono","32","1411200","892.26","2021-12-03 20:27:34"
"a1e92cb2-7999-4a02-ad5e-d9602c622854_chan4_v0.wav","/C/gun_explosion_a0a388e0","[""/C/gun_explosion_a0a388e0""]","gun_explosion","[""gun_explosion""]","/home/andres/Documentos/proyecto4geeks/data/raw/edge-collected-gunshot-audio/gunshot/a1e92cb2-7999-4a02-ad5e-d9602c622854_chan4_v0.wav","edge-collected-gunshot-audio","test","","True","True","True","wav","3.64","44100","Mono","32","1411200","627.03","2021-12-03 20:28:26"
"3a0f49f7-adc0-40bf-bd3c-aa6e4072995c_v0.wav","/C/gun_explosion_a0a388e0","[""/C/gun_explosion_a0a388e0""]","gun_explosion","[""gun_explosion""]","/home/andres/Documentos/proyecto4geeks/data/raw/edge-collected-gunshot-audio/gunshot/3a0f49f7-adc0-40bf-bd3c-aa6e4072995c_v0.wav","edge-collected-gunshot-audio","train","","True","True","True","wav","9.381","44100","Mono","32","1411200","1616.07","2021-12-03 20:28:52"
"e782f1a4-8cbd-4335-a97e-d90e744de9f7_chan4_v0.wav","/C/gun_explosion_a0a388e0","[""/C/gun_explosion_a0a388e0""]","gun_explosion","[""gun_explosion""]","/home/andres/Documentos/proyecto4geeks/data/raw/edge-collected-gunshot-audio/gunshot/e782f1a4-8cbd-4335-a97e-d90e744de9f7_chan4_v0.wav","edge-collected-gunshot-audio","train","","True","True","True","wav","4.937","44100","Mono","32","1411200","850.48","2021-12-03 20:29:26"
"cda2b67e-0c10-4b96-8a5d-0819fe357bea_chan0_v0.wav","/C/gun_explosion_a0a388e0","[""/C/gun_explosion_a0a388e0""]","gun_explosion","[""gun_explosion""]","/home/andres/Documentos/proyecto4geeks/data/raw/edge-collected-gunshot-audio/gunshot/cda2b67e-0c10-4b96-8a5d-0819fe357bea_chan0_v0.wav","edge-collected-gunshot-audio","test","","True","True","True","wav","2.397","44100","Mono","32","1411200","412.95","2021-12-03 20:27:44"
"e074e5f5-465f-433f-a15d-ac6512ec1de2_chan6_v0.wav","/C/gun_explosion_a0a388e0","[""/C/gun_explosion_a0a388e0""]","gun_explosion","[""gun_explosion""]","/home/andres/Documentos/proyecto4geeks/data/raw/edge-collected-gunshot-audio/gunshot/e074e5f5-465f-433f-a15d-ac6512ec1de2_chan6_v0.wav","edge-collected-gunshot-audio","test","","True","True","True","wav","5.872","44100","Mono","32","1411200","1011.64","2021-12-03 20:28:38"
"1266f563-7458-4d7b-81bd-8cb56eff1abb_v5.wav","/C/gun_explosion_a0a388e0","[""/C/gun_explosion_a0a388e0""]","gun_explosion","[""gun_explosion""]","/home/andres/Documentos/proyecto4geeks/data/raw/edge-collected-gunshot-audio/gunshot/1266f563-7458-4d7b-81bd-8cb56eff1abb_v5.wav","edge-collected-gunshot-audio","train","","True","True","True","wav","3.75","44100","Mono","32","1411200","646.05","2021-12-03 20:27:20"
"3bfce3a1-3fab-46fe-8fff-ca561406e625_chan1_v0.wav","/C/gun_explosion_a0a388e0","[""/C/gun_explosion_a0a388e0""]","gun_explosion","[""gun_explosion""]","/home/andres/Documentos/proyecto4geeks/data/raw/edge-collected-gunshot-audio/gunshot/3bfce3a1-3fab-46fe-8fff-ca561406e625_chan1_v0.wav","edge-collected-gunshot-audio","test","","True","True","True","wav","3.75","44100","Mono","32","1411200","646.05","2021-12-03 20:28:06"
"be57f8ab-9cf3-4528-bd35-c810f2444baf_chan1_v0.wav","/C/gun_explosion_a0a388e0","[""/C/gun_explosion_a0a388e0""]","gun_explosion","[""gun_explosion""]","/home/andres/Documentos/proyecto4geeks/data/raw/edge-collected-gunshot-audio/gunshot/be57f8ab-9cf3-4528-bd35-c810f2444baf_chan1_v0.wav","edge-collected-gunshot-audio","train","","True","True","True","wav","4.219","44100","Mono","32","1411200","726.81","2021-12-03 20:28:32"
"a494f4fa-d5fc-4b52-8e25-6804bc695ec1_chan2_v1.wav","/C/gun_explosion_a0a388e0","[""/C/gun_explosion_a0a388e0""]","gun_explosion","[""gun_explosion""]","/home/andres/Documentos/proyecto4geeks/data/raw/edge-collected-gunshot-audio/gunshot/a494f4fa-d5fc-4b52-8e25-6804bc695ec1_chan2_v1.wav","edge-collected-gunshot-audio","train","","True","True","True","wav","9.291","44100","Mono","32","1411200","1600.56","2021-12-03 20:29:12"
"ed8d991f-9e68-4630-9f2f-4442fdb0be6f_chan4_v0.wav","/C/gun_explosion_a0a388e0","[""/C/gun_explosion_a0a388e0""]","gun_explosion","[""gun_explosion""]","/home/andres/Documentos/proyecto4geeks/data/raw/edge-collected-gunshot-audio/gunshot/ed8d991f-9e68-4630-9f2f-4442fdb0be6f_chan4_v0.wav","edge-collected-gunshot-audio","train","","True","True","True","wav","3.75","44100","Mono","32","1411200","646.05","2021-12-03 20:28:40"
"58ee1a4d-46e5-4f41-89c5-5c773edd876d_v3.wav","/C/gun_explosion_a0a388e0","[""/C/gun_explosion_a0a388e0""]","gun_explosion","[""gun_explosion""]","/home/andres/Documentos/proyecto4geeks/data/raw/edge-collected-gunshot-audio/gunshot/58ee1a4d-46e5-4f41-89c5-5c773edd876d_v3.wav","edge-collected-gunshot-audio","train","","True","True","True","wav","5.566","44100","Mono","32","1411200","958.92","2021-12-03 20:27:00"
"81b21b3c-70a1-4202-918f-3d896278d405_chan1_v0.wav","/C/gun_explosion_a0a388e0","[""/C/gun_explosion_a0a388e0""]","gun_explosion","[""gun_explosion""]","/home/andres/Documentos/proyecto4geeks/data/raw/edge-collected-gunshot-audio/gunshot/81b21b3c-70a1-4202-918f-3d896278d405_chan1_v0.wav","edge-collected-gunshot-audio","train","","True","True","True","wav","5.076","44100","Mono","32","1411200","874.49","2021-12-03 20:29:02"
"e73d935b-ddfa-4139-91d6-9d2f68994770_chan4_v0.wav","/C/gun_explosion_a0a388e0","[""/C/gun_explosion_a0a388e0""]","gun_explosion","[""gun_explosion""]","/home/andres/Documentos/proyecto4geeks/data/raw/edge-collected-gunshot-audio/gunshot/e73d935b-ddfa-4139-91d6-9d2f68994770_chan4_v0.wav","edge-collected-gunshot-audio","train","","True","True","True","wav","3.75","44100","Mono","32","1411200","646.05","2021-12-03 20:27:50"
"04f1be04-da3e-4f7d-b4fc-6b64f208cc94_v0.wav","/C/gun_explosion_a0a388e0","[""/C/gun_explosion_a0a388e0""]","gun_explosion","[""gun_explosion""]","/home/andres/Documentos/proyecto4geeks/data/raw/edge-collected-gunshot-audio/gunshot/04f1be04-da3e-4f7d-b4fc-6b64f208cc94_v0.wav","edge-collected-gunshot-audio","train","","True","True","True","wav","3.75","44100","Mono","32","1411200","646.05","2021-12-03 20:27:16"
"d93deacb-1480-45e5-a92b-eb1988fbfd8d_chan3_v0.wav","/C/gun_explosion_a0a388e0","[""/C/gun_explosion_a0a388e0""]","gun_explosion","[""gun_explosion""]","/home/andres/Documentos/proyecto4geeks/data/raw/edge-collected-gunshot-audio/gunshot/d93deacb-1480-45e5-a92b-eb1988fbfd8d_chan3_v0.wav","edge-collected-gunshot-audio","test","","True","True","True","wav","3.75","44100","Mono","32","1411200","646.05","2021-12-03 20:27:46"
"188f395f-a01c-4768-aa39-e20701953f19_chan2_v0.wav","/C/gun_explosion_a0a388e0","[""/C/gun_explosion_a0a388e0""]","gun_explosion","[""gun_explosion""]","/home/andres/Documentos/proyecto4geeks/data/raw/edge-collected-gunshot-audio/gunshot/188f395f-a01c-4768-aa39-e20701953f19_chan2_v0.wav","edge-collected-gunshot-audio","test","","True","True","True","wav","5.738","44100","Mono","32","1411200","988.57","2021-12-03 20:28:44"
"c0b2e1a0-0ad1-485b-9df8-af37612ac034_chan5_v1.wav","/C/gun_explosion_a0a388e0","[""/C/gun_explosion_a0a388e0""]","gun_explosion","[""gun_explosion""]","/home/andres/Documentos/proyecto4geeks/data/raw/edge-collected-gunshot-audio/gunshot/c0b2e1a0-0ad1-485b-9df8-af37612ac034_chan5_v1.wav","edge-collected-gunshot-audio","train","","True","True","True","wav","3.75","44100","Mono","32","1411200","646.05","2021-12-03 20:27:42"
"aaf21cb7-ef6d-4cbc-b2de-b279869b401c_chan4_v0.wav","/C/gun_explosion_a0a388e0","[""/C/gun_explosion_a0a388e0""]","gun_explosion","[""gun_explosion""]","/home/andres/Documentos/proyecto4geeks/data/raw/edge-collected-gunshot-audio/gunshot/aaf21cb7-ef6d-4cbc-b2de-b279869b401c_chan4_v0.wav","edge-collected-gunshot-audio","train","","True","True","True","wav","3.75","44100","Mono","32","1411200","646.05","2021-12-03 20:27:36"
"ab0375b1-c44a-4ad1-bb16-b009b51d52ec_v5.wav","/C/gun_explosion_a0a388e0","[""/C/gun_explosion_a0a388e0""]","gun_explosion","[""gun_explosion""]","/home/andres/Documentos/proyecto4geeks/data/raw/edge-collected-gunshot-audio/gunshot/ab0375b1-c44a-4ad1-bb16-b009b51d52ec_v5.wav","edge-collected-gunshot-audio","train","","True","True","True","wav","3.75","44100","Mono","32","1411200","646.05","2021-12-03 20:27:38"
"4a7d254f-44ac-4f83-b931-c1d683486577_chan5_v0.wav","/C/gun_explosion_a0a388e0","[""/C/gun_explosion_a0a388e0""]","gun_explosion","[""gun_explosion""]","/home/andres/Documentos/proyecto4geeks/data/raw/edge-collected-gunshot-audio/gunshot/4a7d254f-44ac-4f83-b931-c1d683486577_chan5_v0.wav","edge-collected-gunshot-audio","test","","True","True","True","wav","5.59","44100","Mono","32","1411200","962.96","2021-12-03 20:28:08"
"394e9cea-0064-4954-9758-5ed7158bc06a_v0.wav","/C/gun_explosion_a0a388e0","[""/C/gun_explosion_a0a388e0""]","gun_explosion","[""gun_explosion""]","/home/andres/Documentos/proyecto4geeks/data/raw/edge-collected-gunshot-audio/gunshot/394e9cea-0064-4954-9758-5ed7158bc06a_v0.wav","edge-collected-gunshot-audio","train","","True","True","True","wav","3.75","44100","Mono","32","1411200","646.05","2021-12-03 20:28:06"
"b6b54c4a-e6b0-487e-b476-25dc131d0607_mean_v1.wav","/C/gun_explosion_a0a388e0","[""/C/gun_explosion_a0a388e0""]","gun_explosion","[""gun_explosion""]","/home/andres/Documentos/proyecto4geeks/data/raw/edge-collected-gunshot-audio/gunshot/b6b54c4a-e6b0-487e-b476-25dc131d0607_mean_v1.wav","edge-collected-gunshot-audio","train","","True","True","True","wav","5.828","44100","Mono","32","1411200","1004.05","2021-12-03 20:29:18"
"1ff6e63d-c51b-418b-8fa3-65bd648d957c_v2.wav","/C/gun_explosion_a0a388e0","[""/C/gun_explosion_a0a388e0""]","gun_explosion","[""gun_explosion""]","/home/andres/Documentos/proyecto4geeks/data/raw/edge-collected-gunshot-audio/gunshot/1ff6e63d-c51b-418b-8fa3-65bd648d957c_v2.wav","edge-collected-gunshot-audio","train","","True","True","True","wav","3.75","44100","Mono","32","1411200","646.05","2021-12-03 20:27:22"
"3bfce3a1-3fab-46fe-8fff-ca561406e625_mean_v1.wav","/C/gun_explosion_a0a388e0","[""/C/gun_explosion_a0a388e0""]","gun_explosion","[""gun_explosion""]","/home/andres/Documentos/proyecto4geeks/data/raw/edge-collected-gunshot-audio/gunshot/3bfce3a1-3fab-46fe-8fff-ca561406e625_mean_v1.wav","edge-collected-gunshot-audio","train","","True","True","True","wav","4.958","44100","Mono","32","1411200","854.22","2021-12-03 20:28:06"
"b0a13fed-0f85-467f-9355-4b6b5f88969c_mean_v0.wav","/C/gun_explosion_a0a388e0","[""/C/gun_explosion_a0a388e0""]","gun_explosion","[""gun_explosion""]","/home/andres/Documentos/proyecto4geeks/data/raw/edge-collected-gunshot-audio/gunshot/b0a13fed-0f85-467f-9355-4b6b5f88969c_mean_v0.wav","edge-collected-gunshot-audio","train","","True","True","True","wav","3.75","44100","Mono","32","1411200","646.05","2021-12-03 20:28:28"
"33dd2a05-be90-45bc-aed1-8e092a5d8491_v0.wav","/C/gun_explosion_a0a388e0","[""/C/gun_explosion_a0a388e0""]","gun_explosion","[""gun_explosion""]","/home/andres/Documentos/proyecto4geeks/data/raw/edge-collected-gunshot-audio/gunshot/33dd2a05-be90-45bc-aed1-8e092a5d8491_v0.wav","edge-collected-gunshot-audio","train","","True","True","True","wav","3.218","44100","Mono","32","1411200","554.4","2021-12-03 20:26:56"
"1bff3ff9-3bb6-43f3-96cd-abbbf7d84b46_chan3_v0.wav","/C/gun_explosion_a0a388e0","[""/C/gun_explosion_a0a388e0""]","gun_explosion","[""gun_explosion""]","/home/andres/Documentos/proyecto4geeks/data/raw/edge-collected-gunshot-audio/gunshot/1bff3ff9-3bb6-43f3-96cd-abbbf7d84b46_chan3_v0.wav","edge-collected-gunshot-audio","train","","True","True","True","wav","3.75","44100","Mono","32","1411200","646.05","2021-12-03 20:28:44"
"ab0375b1-c44a-4ad1-bb16-b009b51d52ec_v1.wav","/C/gun_explosion_a0a388e0","[""/C/gun_explosion_a0a388e0""]","gun_explosion","[""gun_explosion""]","/home/andres/Documentos/proyecto4geeks/data/raw/edge-collected-gunshot-audio/gunshot/ab0375b1-c44a-4ad1-bb16-b009b51d52ec_v1.wav","edge-collected-gunshot-audio","test","","True","True","True","wav","3.75","44100","Mono","32","1411200","646.05","2021-12-03 20:27:38"
"b23e9f5b-f76c-4c28-bf87-0599a47e0ba4_mean_v2.wav","/C/gun_explosion_a0a388e0","[""/C/gun_explosion_a0a388e0""]","gun_explosion","[""gun_explosion""]","/home/andres/Documentos/proyecto4geeks/data/raw/edge-collected-gunshot-audio/gunshot/b23e9f5b-f76c-4c28-bf87-0599a47e0ba4_mean_v2.wav","edge-collected-gunshot-audio","train","","True","True","True","wav","3.75","44100","Mono","32","1411200","646.05","2021-12-03 20:29:16"
"4c374fa3-f600-409f-a01e-684c006bc381_v0.wav","/C/gun_explosion_a0a388e0","[""/C/gun_explosion_a0a388e0""]","gun_explosion","[""gun_explosion""]","/home/andres/Documentos/proyecto4geeks/data/raw/edge-collected-gunshot-audio/gunshot/4c374fa3-f600-409f-a01e-684c006bc381_v0.wav","edge-collected-gunshot-audio","train","","True","True","True","wav","3.81","44100","Mono","32","1411200","656.44","2021-12-03 20:28:10"
"dc052a9b-032a-4a42-9e73-f022484ccab5_mean_v0.wav","/C/gun_explosion_a0a388e0","[""/C/gun_explosion_a0a388e0""]","gun_explosion","[""gun_explosion""]","/home/andres/Documentos/proyecto4geeks/data/raw/edge-collected-gunshot-audio/gunshot/dc052a9b-032a-4a42-9e73-f022484ccab5_mean_v0.wav","edge-collected-gunshot-audio","train","","True","True","True","wav","2.297","44100","Mono","32","1411200","395.72","2021-12-03 20:27:48"
"5cb2087f-9407-45a7-80aa-9ea7a5df275f_chan1_v0.wav","/C/gun_explosion_a0a388e0","[""/C/gun_explosion_a0a388e0""]","gun_explosion","[""gun_explosion""]","/home/andres/Documentos/proyecto4geeks/data/raw/edge-collected-gunshot-audio/gunshot/5cb2087f-9407-45a7-80aa-9ea7a5df275f_chan1_v0.wav","edge-collected-gunshot-audio","train","","True","True","True","wav","3.619","44100","Mono","32","1411200","623.41","2021-12-03 20:28:12"
"d5a15ea9-1077-4e5f-80a1-c4e856231489_chan5_v0.wav","/C/gun_explosion_a0a388e0","[""/C/gun_explosion_a0a388e0""]","gun_explosion","[""gun_explosion""]","/home/andres/Documentos/proyecto4geeks/data/raw/edge-collected-gunshot-audio/gunshot/d5a15ea9-1077-4e5f-80a1-c4e856231489_chan5_v0.wav","edge-collected-gunshot-audio","train","","True","True","True","wav","3.75","44100","Mono","32","1411200","646.05","2021-12-03 20:28:34"
"1d0d6a99-0a6f-4cce-ad1e-1f952ac98f2a_chan0_v0.wav","/C/gun_explosion_a0a388e0","[""/C/gun_explosion_a0a388e0""]","gun_explosion","[""gun_explosion""]","/home/andres/Documentos/proyecto4geeks/data/raw/edge-collected-gunshot-audio/gunshot/1d0d6a99-0a6f-4cce-ad1e-1f952ac98f2a_chan0_v0.wav","edge-collected-gunshot-audio","test","","True","True","True","wav","3.308","44100","Mono","32","1411200","569.83","2021-12-03 20:28:02"
"524157e1-fb04-46b2-b887-8fcc84c4261a_chan1_v1.wav","/C/gun_explosion_a0a388e0","[""/C/gun_explosion_a0a388e0""]","gun_explosion","[""gun_explosion""]","/home/andres/Documentos/proyecto4geeks/data/raw/edge-collected-gunshot-audio/gunshot/524157e1-fb04-46b2-b887-8fcc84c4261a_chan1_v1.wav","edge-collected-gunshot-audio","train","","True","True","True","wav","8.999","44100","Mono","32","1411200","1550.28","2021-12-03 20:28:54"
"aa284beb-9782-4a6a-b349-602493127f7a_v1.wav","/C/gun_explosion_a0a388e0","[""/C/gun_explosion_a0a388e0""]","gun_explosion","[""gun_explosion""]","/home/andres/Documentos/proyecto4geeks/data/raw/edge-collected-gunshot-audio/gunshot/aa284beb-9782-4a6a-b349-602493127f7a_v1.wav","edge-collected-gunshot-audio","test","","True","True","True","wav","5.674","44100","Mono","32","1411200","977.44","2021-12-03 20:27:08"
"bdb5b44c-0348-4ee2-b7ef-340eb858f241_v0.wav","/C/gun_explosion_a0a388e0","[""/C/gun_explosion_a0a388e0""]","gun_explosion","[""gun_explosion""]","/home/andres/Documentos/proyecto4geeks/data/raw/edge-collected-gunshot-audio/gunshot/bdb5b44c-0348-4ee2-b7ef-340eb858f241_v0.wav","edge-collected-gunshot-audio","train","","True","True","True","wav","4.117","44100","Mono","32","1411200","709.3","2021-12-03 20:27:40"
"50e34be8-c0b4-4fc5-80fc-4c52f2ffde7a_mean_v0.wav","/C/gun_explosion_a0a388e0","[""/C/gun_explosion_a0a388e0""]","gun_explosion","[""gun_explosion""]","/home/andres/Documentos/proyecto4geeks/data/raw/edge-collected-gunshot-audio/gunshot/50e34be8-c0b4-4fc5-80fc-4c52f2ffde7a_mean_v0.wav","edge-collected-gunshot-audio","train","","True","True","True","wav","3.75","44100","Mono","32","1411200","646.05","2021-12-03 20:26:58"
"24766d0d-0b75-4cb1-8356-c9e60d0c8a82_v0.wav","/C/gun_explosion_a0a388e0","[""/C/gun_explosion_a0a388e0""]","gun_explosion","[""gun_explosion""]","/home/andres/Documentos/proyecto4geeks/data/raw/edge-collected-gunshot-audio/gunshot/24766d0d-0b75-4cb1-8356-c9e60d0c8a82_v0.wav","edge-collected-gunshot-audio","test","","True","True","True","wav","4.89","44100","Mono","32","1411200","842.49","2021-12-03 20:28:46"
"a283ea70-649d-4c18-bf8b-ba4e8507455a_chan1_v0.wav","/C/gun_explosion_a0a388e0","[""/C/gun_explosion_a0a388e0""]","gun_explosion","[""gun_explosion""]","/home/andres/Documentos/proyecto4geeks/data/raw/edge-collected-gunshot-audio/gunshot/a283ea70-649d-4c18-bf8b-ba4e8507455a_chan1_v0.wav","edge-collected-gunshot-audio","train","","True","True","True","wav","3.75","44100","Mono","32","1411200","646.05","2021-12-03 20:28:26"
"e3223836-7826-4d8d-80df-51071b52c15a_chan3_v0.wav","/C/gun_explosion_a0a388e0","[""/C/gun_explosion_a0a388e0""]","gun_explosion","[""gun_explosion""]","/home/andres/Documentos/proyecto4geeks/data/raw/edge-collected-gunshot-audio/gunshot/e3223836-7826-4d8d-80df-51071b52c15a_chan3_v0.wav","edge-collected-gunshot-audio","train","","True","True","True","wav","3.965","44100","Mono","32","1411200","683.17","2021-12-03 20:28:38"
"1d815f56-4309-4074-8bdb-cedaf6c0acc9_v3.wav","/C/gun_explosion_a0a388e0","[""/C/gun_explosion_a0a388e0""]","gun_explosion","[""gun_explosion""]","/home/andres/Documentos/proyecto4geeks/data/raw/edge-collected-gunshot-audio/gunshot/1d815f56-4309-4074-8bdb-cedaf6c0acc9_v3.wav","edge-collected-gunshot-audio","train","","True","True","True","wav","5.893","44100","Mono","32","1411200","1015.29","2021-12-03 20:28:46"
"19062f3c-9b24-43eb-aa91-797a1babffc3_chan0_v0.wav","/C/gun_explosion_a0a388e0","[""/C/gun_explosion_a0a388e0""]","gun_explosion","[""gun_explosion""]","/home/andres/Documentos/proyecto4geeks/data/raw/edge-collected-gunshot-audio/gunshot/19062f3c-9b24-43eb-aa91-797a1babffc3_chan0_v0.wav","edge-collected-gunshot-audio","train","","True","True","True","wav","4.708","44100","Mono","32","1411200","811.03","2021-12-03 20:27:20"
"c1b3aea8-b209-4bdc-a42d-b953207fe5ac_v1.wav","/C/gun_explosion_a0a388e0","[""/C/gun_explosion_a0a388e0""]","gun_explosion","[""gun_explosion""]","/home/andres/Documentos/proyecto4geeks/data/raw/edge-collected-gunshot-audio/gunshot/c1b3aea8-b209-4bdc-a42d-b953207fe5ac_v1.wav","edge-collected-gunshot-audio","train","","True","True","True","wav","5.782","44100","Mono","32","1411200","996.11","2021-12-03 20:29:18"
"2e743d86-86f3-4ee6-8e8d-20618a383433_chan0_v0.wav","/C/gun_explosion_a0a388e0","[""/C/gun_explosion_a0a388e0""]","gun_explosion","[""gun_explosion""]","/home/andres/Documentos/proyecto4geeks/data/raw/edge-collected-gunshot-audio/gunshot/2e743d86-86f3-4ee6-8e8d-20618a383433_chan0_v0.wav","edge-collected-gunshot-audio","test","","True","True","True","wav","11.75","44100","Mono","32","1411200","2024.24","2021-12-03 20:28:04"
"b6b54c4a-e6b0-487e-b476-25dc131d0607_chan3_v1.wav","/C/gun_explosion_a0a388e0","[""/C/gun_explosion_a0a388e0""]","gun_explosion","[""gun_explosion""]","/home/andres/Documentos/proyecto4geeks/data/raw/edge-collected-gunshot-audio/gunshot/b6b54c4a-e6b0-487e-b476-25dc131d0607_chan3_v1.wav","edge-collected-gunshot-audio","train","","True","True","True","wav","5.828","44100","Mono","32","1411200","1004.07","2021-12-03 20:29:16"
"fbd7f8cc-ad9e-4f74-8c4b-14a4af271113_chan0_v1.wav","/C/gun_explosion_a0a388e0","[""/C/gun_explosion_a0a388e0""]","gun_explosion","[""gun_explosion""]","/home/andres/Documentos/proyecto4geeks/data/raw/edge-collected-gunshot-audio/gunshot/fbd7f8cc-ad9e-4f74-8c4b-14a4af271113_chan0_v1.wav","edge-collected-gunshot-audio","train","","True","True","True","wav","4.422","44100","Mono","32","1411200","761.87","2021-12-03 20:27:16"
"0f9222e9-7896-4a30-b161-092a2931ebb8_v7.wav","/C/gun_explosion_a0a388e0","[""/C/gun_explosion_a0a388e0""]","gun_explosion","[""gun_explosion""]","/home/andres/Documentos/proyecto4geeks/data/raw/edge-collected-gunshot-audio/gunshot/0f9222e9-7896-4a30-b161-092a2931ebb8_v7.wav","edge-collected-gunshot-audio","train","","True","True","True","wav","2.0","44100","Mono","32","1411200","344.59","2021-12-03 20:27:58"
"3c614c69-5845-4058-8120-5e4de147030a_v3.wav","/C/gun_explosion_a0a388e0","[""/C/gun_explosion_a0a388e0""]","gun_explosion","[""gun_explosion""]","/home/andres/Documentos/proyecto4geeks/data/raw/edge-collected-gunshot-audio/gunshot/3c614c69-5845-4058-8120-5e4de147030a_v3.wav","edge-collected-gunshot-audio","train","","True","True","True","wav","3.75","44100","Mono","32","1411200","646.05","2021-12-03 20:28:52"
"bad18230-8d37-41ed-b0c3-7efedbbeeffe_v0.wav","/C/gun_explosion_a0a388e0","[""/C/gun_explosion_a0a388e0""]","gun_explosion","[""gun_explosion""]","/home/andres/Documentos/proyecto4geeks/data/raw/edge-collected-gunshot-audio/gunshot/bad18230-8d37-41ed-b0c3-7efedbbeeffe_v0.wav","edge-collected-gunshot-audio","train","","True","True","True","wav","5.272","44100","Mono","32","1411200","908.28","2021-12-03 20:27:38"
"4a48b77c-72bf-4917-b8b0-da4f8b20a24b_chan4_v0.wav","/C/gun_explosion_a0a388e0","[""/C/gun_explosion_a0a388e0""]","gun_explosion","[""gun_explosion""]","/home/andres/Documentos/proyecto4geeks/data/raw/edge-collected-gunshot-audio/gunshot/4a48b77c-72bf-4917-b8b0-da4f8b20a24b_chan4_v0.wav","edge-collected-gunshot-audio","train","","True","True","True","wav","2.208","44100","Mono","32","1411200","380.46","2021-12-03 20:27:28"
"311641e1-8a87-4a2b-a12d-5d451505741c_v4.wav","/C/gun_explosion_a0a388e0","[""/C/gun_explosion_a0a388e0""]","gun_explosion","[""gun_explosion""]","/home/andres/Documentos/proyecto4geeks/data/raw/edge-collected-gunshot-audio/gunshot/311641e1-8a87-4a2b-a12d-5d451505741c_v4.wav","edge-collected-gunshot-audio","train","","True","True","True","wav","2.0","44100","Mono","32","1411200","344.59","2021-12-03 20:28:06"
"1eddf0db-7c77-4e49-a5e4-544368f8b67c_chan5_v0.wav","/C/gun_explosion_a0a388e0","[""/C/gun_explosion_a0a388e0""]","gun_explosion","[""gun_explosion""]","/home/andres/Documentos/proyecto4geeks/data/raw/edge-collected-gunshot-audio/gunshot/1eddf0db-7c77-4e49-a5e4-544368f8b67c_chan5_v0.wav","edge-collected-gunshot-audio","train","","True","True","True","wav","7.07","44100","Mono","32","1411200","1218.04","2021-12-03 20:26:54"
"b062cdec-dadb-4d22-b488-217077906b77_v2.wav","/C/gun_explosion_a0a388e0","[""/C/gun_explosion_a0a388e0""]","gun_explosion","[""gun_explosion""]","/home/andres/Documentos/proyecto4geeks/data/raw/edge-collected-gunshot-audio/gunshot/b062cdec-dadb-4d22-b488-217077906b77_v2.wav","edge-collected-gunshot-audio","train","","True","True","True","wav","2.0","44100","Mono","32","1411200","344.59","2021-12-03 20:27:08"
"be57f8ab-9cf3-4528-bd35-c810f2444baf_mean_v0.wav","/C/gun_explosion_a0a388e0","[""/C/gun_explosion_a0a388e0""]","gun_explosion","[""gun_explosion""]","/home/andres/Documentos/proyecto4geeks/data/raw/edge-collected-gunshot-audio/gunshot/be57f8ab-9cf3-4528-bd35-c810f2444baf_mean_v0.wav","edge-collected-gunshot-audio","train","","True","True","True","wav","4.219","44100","Mono","32","1411200","726.82","2021-12-03 20:28:32"
"54544c8e-8c46-4069-b485-b7abf7fbab03_v0.wav","/C/gun_explosion_a0a388e0","[""/C/gun_explosion_a0a388e0""]","gun_explosion","[""gun_explosion""]","/home/andres/Documentos/proyecto4geeks/data/raw/edge-collected-gunshot-audio/gunshot/54544c8e-8c46-4069-b485-b7abf7fbab03_v0.wav","edge-collected-gunshot-audio","train","","True","True","True","wav","6.016","44100","Mono","32","1411200","1036.34","2021-12-03 20:28:54"
"9a7f2d4b-5bf1-46f4-bcbc-56b1c8c067c1_chan3_v0.wav","/C/gun_explosion_a0a388e0","[""/C/gun_explosion_a0a388e0""]","gun_explosion","[""gun_explosion""]","/home/andres/Documentos/proyecto4geeks/data/raw/edge-collected-gunshot-audio/gunshot/9a7f2d4b-5bf1-46f4-bcbc-56b1c8c067c1_chan3_v0.wav","edge-collected-gunshot-audio","train","","True","True","True","wav","1.965","44100","Mono","32","1411200","338.56","2021-12-03 20:29:10"
"301dadbf-fd00-4342-b530-a2c96ecd69fe_v0.wav","/C/gun_explosion_a0a388e0","[""/C/gun_explosion_a0a388e0""]","gun_explosion","[""gun_explosion""]","/home/andres/Documentos/proyecto4geeks/data/raw/edge-collected-gunshot-audio/gunshot/301dadbf-fd00-4342-b530-a2c96ecd69fe_v0.wav","edge-collected-gunshot-audio","train","","True","True","True","wav","2.94","44100","Mono","32","1411200","506.52","2021-12-03 20:28:04"
"backup_d3900443-f7b7-4802-9649-d71b5d068ba2__v2.wav","/C/gun_explosion_a0a388e0","[""/C/gun_explosion_a0a388e0""]","gun_explosion","[""gun_explosion""]","/home/andres/Documentos/proyecto4geeks/data/raw/edge-collected-gunshot-audio/gunshot/backup_d3900443-f7b7-4802-9649-d71b5d068ba2__v2.wav","edge-collected-gunshot-audio","test","","True","True","True","wav","3.75","44100","Mono","32","1411200","646.05","2021-12-03 20:28:30"
"54b9c8d4-2a8d-4140-8bd8-3946b7284acb_chan3_v0.wav","/C/gun_explosion_a0a388e0","[""/C/gun_explosion_a0a388e0""]","gun_explosion","[""gun_explosion""]","/home/andres/Documentos/proyecto4geeks/data/raw/edge-collected-gunshot-audio/gunshot/54b9c8d4-2a8d-4140-8bd8-3946b7284acb_chan3_v0.wav","edge-collected-gunshot-audio","train","","True","True","True","wav","3.75","44100","Mono","32","1411200","646.05","2021-12-03 20:28:56"
"972e5199-b99c-4f49-b006-ec7c2903f2ee_chan2_v1.wav","/C/gun_explosion_a0a388e0","[""/C/gun_explosion_a0a388e0""]","gun_explosion","[""gun_explosion""]","/home/andres/Documentos/proyecto4geeks/data/raw/edge-collected-gunshot-audio/gunshot/972e5199-b99c-4f49-b006-ec7c2903f2ee_chan2_v1.wav","edge-collected-gunshot-audio","train","","True","True","True","wav","8.457","44100","Mono","32","1411200","1456.93","2021-12-03 20:29:08"
"4eb850aa-f3ed-49de-8778-ede8c8fc35d2_v0.wav","/C/gun_explosion_a0a388e0","[""/C/gun_explosion_a0a388e0""]","gun_explosion","[""gun_explosion""]","/home/andres/Documentos/proyecto4geeks/data/raw/edge-collected-gunshot-audio/gunshot/4eb850aa-f3ed-49de-8778-ede8c8fc35d2_v0.wav","edge-collected-gunshot-audio","train","","True","True","True","wav","3.75","44100","Mono","32","1411200","646.05","2021-12-03 20:26:58"
"090f69a9-885c-45fb-a807-f2661aaeb165_chan1_v2.wav","/C/gun_explosion_a0a388e0","[""/C/gun_explosion_a0a388e0""]","gun_explosion","[""gun_explosion""]","/home/andres/Documentos/proyecto4geeks/data/raw/edge-collected-gunshot-audio/gunshot/090f69a9-885c-45fb-a807-f2661aaeb165_chan1_v2.wav","edge-collected-gunshot-audio","train","","True","True","True","wav","6.008","44100","Mono","32","1411200","1035.09","2021-12-03 20:27:18"
"59870dda-c047-4ab0-9016-7a4ffd65f504_chan6_v0.wav","/C/gun_explosion_a0a388e0","[""/C/gun_explosion_a0a388e0""]","gun_explosion","[""gun_explosion""]","/home/andres/Documentos/proyecto4geeks/data/raw/edge-collected-gunshot-audio/gunshot/59870dda-c047-4ab0-9016-7a4ffd65f504_chan6_v0.wav","edge-collected-gunshot-audio","test","","True","True","True","wav","3.283","44100","Mono","32","1411200","565.65","2021-12-03 20:28:56"
"6f48638e-2508-467e-89c7-34648cfd0699_chan3_v0.wav","/C/gun_explosion_a0a388e0","[""/C/gun_explosion_a0a388e0""]","gun_explosion","[""gun_explosion""]","/home/andres/Documentos/proyecto4geeks/data/raw/edge-collected-gunshot-audio/gunshot/6f48638e-2508-467e-89c7-34648cfd0699_chan3_v0.wav","edge-collected-gunshot-audio","train","","True","True","True","wav","3.733","44100","Mono","32","1411200","643.07","2021-12-03 20:28:58"
"77a646ec-e7a8-4141-8ae6-0c3e87790dce_v0.wav","/C/gun_explosion_a0a388e0","[""/C/gun_explosion_a0a388e0""]","gun_explosion","[""gun_explosion""]","/home/andres/Documentos/proyecto4geeks/data/raw/edge-collected-gunshot-audio/gunshot/77a646ec-e7a8-4141-8ae6-0c3e87790dce_v0.wav","edge-collected-gunshot-audio","train","","True","True","True","wav","4.677","44100","Mono","32","1411200","805.77","2021-12-03 20:29:00"
"019439aa-e146-49da-b59c-28a594fba7e2_v4.wav","/C/gun_explosion_a0a388e0","[""/C/gun_explosion_a0a388e0""]","gun_explosion","[""gun_explosion""]","/home/andres/Documentos/proyecto4geeks/data/raw/edge-collected-gunshot-audio/gunshot/019439aa-e146-49da-b59c-28a594fba7e2_v4.wav","edge-collected-gunshot-audio","train","","True","True","True","wav","2.0","44100","Mono","32","1411200","344.59","2021-12-03 20:27:54"
"3754edb6-7d4f-4432-820d-3829797748b7_chan4_v0.wav","/C/gun_explosion_a0a388e0","[""/C/gun_explosion_a0a388e0""]","gun_explosion","[""gun_explosion""]","/home/andres/Documentos/proyecto4geeks/data/raw/edge-collected-gunshot-audio/gunshot/3754edb6-7d4f-4432-820d-3829797748b7_chan4_v0.wav","edge-collected-gunshot-audio","train","","True","True","True","wav","2.143","44100","Mono","32","1411200","369.26","2021-12-03 20:26:56"
"bdeb48ea-313d-44e5-8148-263c50dc53f0_chan4_v0.wav","/C/gun_explosion_a0a388e0","[""/C/gun_explosion_a0a388e0""]","gun_explosion","[""gun_explosion""]","/home/andres/Documentos/proyecto4geeks/data/raw/edge-collected-gunshot-audio/gunshot/bdeb48ea-313d-44e5-8148-263c50dc53f0_chan4_v0.wav","edge-collected-gunshot-audio","test","","True","True","True","wav","6.928","44100","Mono","32","1411200","1193.54","2021-12-03 20:27:08"
"df9c8055-a6c4-483e-ac29-6da128a2cb18_v2.wav","/C/gun_explosion_a0a388e0","[""/C/gun_explosion_a0a388e0""]","gun_explosion","[""gun_explosion""]","/home/andres/Documentos/proyecto4geeks/data/raw/edge-collected-gunshot-audio/gunshot/df9c8055-a6c4-483e-ac29-6da128a2cb18_v2.wav","edge-collected-gunshot-audio","train","","True","True","True","wav","3.75","44100","Mono","32","1411200","646.05","2021-12-03 20:27:48"
"13bfab79-9198-4558-a1bf-4f8aedd4d6f9_mean_v0.wav","/C/gun_explosion_a0a388e0","[""/C/gun_explosion_a0a388e0""]","gun_explosion","[""gun_explosion""]","/home/andres/Documentos/proyecto4geeks/data/raw/edge-collected-gunshot-audio/gunshot/13bfab79-9198-4558-a1bf-4f8aedd4d6f9_mean_v0.wav","edge-collected-gunshot-audio","test","","True","True","True","wav","3.75","44100","Mono","32","1411200","646.05","2021-12-03 20:28:00"
"da1019cd-4fdd-404c-a76f-e3fa43997a28_chan2_v0.wav","/C/gun_explosion_a0a388e0","[""/C/gun_explosion_a0a388e0""]","gun_explosion","[""gun_explosion""]","/home/andres/Documentos/proyecto4geeks/data/raw/edge-collected-gunshot-audio/gunshot/da1019cd-4fdd-404c-a76f-e3fa43997a28_chan2_v0.wav","edge-collected-gunshot-audio","train","","True","True","True","wav","6.703","44100","Mono","32","1411200","1154.76","2021-12-03 20:29:22"
"9b5c4fdb-b0ee-447d-ae1b-1d4576660a4e_v4.wav","/C/gun_explosion_a0a388e0","[""/C/gun_explosion_a0a388e0""]","gun_explosion","[""gun_explosion""]","/home/andres/Documentos/proyecto4geeks/data/raw/edge-collected-gunshot-audio/gunshot/9b5c4fdb-b0ee-447d-ae1b-1d4576660a4e_v4.wav","edge-collected-gunshot-audio","train","","True","True","True","wav","3.75","44100","Mono","32","1411200","646.05","2021-12-03 20:29:10"
"2eabebd8-8ef0-4efe-8248-a99013581760_v3.wav","/C/gun_explosion_a0a388e0","[""/C/gun_explosion_a0a388e0""]","gun_explosion","[""gun_explosion""]","/home/andres/Documentos/proyecto4geeks/data/raw/edge-collected-gunshot-audio/gunshot/2eabebd8-8ef0-4efe-8248-a99013581760_v3.wav","edge-collected-gunshot-audio","train","","True","True","True","wav","3.75","44100","Mono","32","1411200","646.05","2021-12-03 20:28:48"
"090f69a9-885c-45fb-a807-f2661aaeb165_chan6_v0.wav","/C/gun_explosion_a0a388e0","[""/C/gun_explosion_a0a388e0""]","gun_explosion","[""gun_explosion""]","/home/andres/Documentos/proyecto4geeks/data/raw/edge-collected-gunshot-audio/gunshot/090f69a9-885c-45fb-a807-f2661aaeb165_chan6_v0.wav","edge-collected-gunshot-audio","test","","True","True","True","wav","3.75","44100","Mono","32","1411200","646.05","2021-12-03 20:27:18"
"2206e99c-e7ee-493b-902e-1a970a9fc4fe_chan5_v1.wav","/C/gun_explosion_a0a388e0","[""/C/gun_explosion_a0a388e0""]","gun_explosion","[""gun_explosion""]","/home/andres/Documentos/proyecto4geeks/data/raw/edge-collected-gunshot-audio/gunshot/2206e99c-e7ee-493b-902e-1a970a9fc4fe_chan5_v1.wav","edge-collected-gunshot-audio","train","","True","True","True","wav","3.75","44100","Mono","32","1411200","646.05","2021-12-03 20:26:56"
"adf63c42-6a31-4a4a-95c2-8cce6ce1894e_v2.wav","/C/gun_explosion_a0a388e0","[""/C/gun_explosion_a0a388e0""]","gun_explosion","[""gun_explosion""]","/home/andres/Documentos/proyecto4geeks/data/raw/edge-collected-gunshot-audio/gunshot/adf63c42-6a31-4a4a-95c2-8cce6ce1894e_v2.wav","edge-collected-gunshot-audio","test","","True","True","True","wav","2.0","44100","Mono","32","1411200","344.59","2021-12-03 20:27:08"
"a67ff046-e452-412a-ac51-159728387382_chan1_v0.wav","/C/gun_explosion_a0a388e0","[""/C/gun_explosion_a0a388e0""]","gun_explosion","[""gun_explosion""]","/home/andres/Documentos/proyecto4geeks/data/raw/edge-collected-gunshot-audio/gunshot/a67ff046-e452-412a-ac51-159728387382_chan1_v0.wav","edge-collected-gunshot-audio","test","","True","True","True","wav","3.75","44100","Mono","32","1411200","646.05","2021-12-03 20:27:06"
"7767a07e-d1e5-43a1-99cb-89d37c1f2aa8_v5.wav","/C/gun_explosion_a0a388e0","[""/C/gun_explosion_a0a388e0""]","gun_explosion","[""gun_explosion""]","/home/andres/Documentos/proyecto4geeks/data/raw/edge-collected-gunshot-audio/gunshot/7767a07e-d1e5-43a1-99cb-89d37c1f2aa8_v5.wav","edge-collected-gunshot-audio","train","","True","True","True","wav","3.75","44100","Mono","32","1411200","646.05","2021-12-03 20:29:00"
"98a2ac43-5916-4499-9763-a43de5e1b4d6_v1.wav","/C/gun_explosion_a0a388e0","[""/C/gun_explosion_a0a388e0""]","gun_explosion","[""gun_explosion""]","/home/andres/Documentos/proyecto4geeks/data/raw/edge-collected-gunshot-audio/gunshot/98a2ac43-5916-4499-9763-a43de5e1b4d6_v1.wav","edge-collected-gunshot-audio","train","","True","True","True","wav","11.912","44100","Mono","32","1411200","2052.04","2021-12-03 20:28:22"
"a2559144-1297-4aee-9b36-95cb24489cfd_v1.wav","/C/gun_explosion_a0a388e0","[""/C/gun_explosion_a0a388e0""]","gun_explosion","[""gun_explosion""]","/home/andres/Documentos/proyecto4geeks/data/raw/edge-collected-gunshot-audio/gunshot/a2559144-1297-4aee-9b36-95cb24489cfd_v1.wav","edge-collected-gunshot-audio","train","","True","True","True","wav","5.655","44100","Mono","32","1411200","974.17","2021-12-03 20:27:06"
"19062f3c-9b24-43eb-aa91-797a1babffc3_mean_v0.wav","/C/gun_explosion_a0a388e0","[""/C/gun_explosion_a0a388e0""]","gun_explosion","[""gun_explosion""]","/home/andres/Documentos/proyecto4geeks/data/raw/edge-collected-gunshot-audio/gunshot/19062f3c-9b24-43eb-aa91-797a1babffc3_mean_v0.wav","edge-collected-gunshot-audio","train","","True","True","True","wav","4.708","44100","Mono","32","1411200","811.01","2021-12-03 20:27:22"
"e2f3a120-6fcd-4760-917d-bb03ebff63d8_chan1_v3.wav","/C/gun_explosion_a0a388e0","[""/C/gun_explosion_a0a388e0""]","gun_explosion","[""gun_explosion""]","/home/andres/Documentos/proyecto4geeks/data/raw/edge-collected-gunshot-audio/gunshot/e2f3a120-6fcd-4760-917d-bb03ebff63d8_chan1_v3.wav","edge-collected-gunshot-audio","train","","True","True","True","wav","3.75","44100","Mono","32","1411200","646.05","2021-12-03 20:27:48"
"ea3ba9e7-1b6a-4ba1-afff-bc3543d9a61d_mean_v0.wav","/C/gun_explosion_a0a388e0","[""/C/gun_explosion_a0a388e0""]","gun_explosion","[""gun_explosion""]","/home/andres/Documentos/proyecto4geeks/data/raw/edge-collected-gunshot-audio/gunshot/ea3ba9e7-1b6a-4ba1-afff-bc3543d9a61d_mean_v0.wav","edge-collected-gunshot-audio","train","","True","True","True","wav","3.75","44100","Mono","32","1411200","646.05","2021-12-03 20:28:38"
"06f8ef4c-86b4-408a-8909-3badadf8ca20_chan5_v0.wav","/C/gun_explosion_a0a388e0","[""/C/gun_explosion_a0a388e0""]","gun_explosion","[""gun_explosion""]","/home/andres/Documentos/proyecto4geeks/data/raw/edge-collected-gunshot-audio/gunshot/06f8ef4c-86b4-408a-8909-3badadf8ca20_chan5_v0.wav","edge-collected-gunshot-audio","train","","True","True","True","wav","3.124","44100","Mono","32","1411200","538.17","2021-12-03 20:27:56"
"79c04fcc-da8d-4250-927b-9747b4f4354c_chan3_v0.wav","/C/gun_explosion_a0a388e0","[""/C/gun_explosion_a0a388e0""]","gun_explosion","[""gun_explosion""]","/home/andres/Documentos/proyecto4geeks/data/raw/edge-collected-gunshot-audio/gunshot/79c04fcc-da8d-4250-927b-9747b4f4354c_chan3_v0.wav","edge-collected-gunshot-audio","train","","True","True","True","wav","3.673","44100","Mono","32","1411200","632.87","2021-12-03 20:28:18"
"1d0d6a99-0a6f-4cce-ad1e-1f952ac98f2a_chan3_v0.wav","/C/gun_explosion_a0a388e0","[""/C/gun_explosion_a0a388e0""]","gun_explosion","[""gun_explosion""]","/home/andres/Documentos/proyecto4geeks/data/raw/edge-collected-gunshot-audio/gunshot/1d0d6a99-0a6f-4cce-ad1e-1f952ac98f2a_chan3_v0.wav","edge-collected-gunshot-audio","test","","True","True","True","wav","3.308","44100","Mono","32","1411200","569.83","2021-12-03 20:28:02"
"06098292-fb00-48df-bed0-8bac822e3337_v0.wav","/C/gun_explosion_a0a388e0","[""/C/gun_explosion_a0a388e0""]","gun_explosion","[""gun_explosion""]","/home/andres/Documentos/proyecto4geeks/data/raw/edge-collected-gunshot-audio/gunshot/06098292-fb00-48df-bed0-8bac822e3337_v0.wav","edge-collected-gunshot-audio","test","","True","True","True","wav","5.096","44100","Mono","32","1411200","877.97","2021-12-03 20:27:18"
"6377cc9f-b176-45cf-a9f9-4d3bcdcaa51c_chan5_v1.wav","/C/gun_explosion_a0a388e0","[""/C/gun_explosion_a0a388e0""]","gun_explosion","[""gun_explosion""]","/home/andres/Documentos/proyecto4geeks/data/raw/edge-collected-gunshot-audio/gunshot/6377cc9f-b176-45cf-a9f9-4d3bcdcaa51c_chan5_v1.wav","edge-collected-gunshot-audio","train","","True","True","True","wav","4.742","44100","Mono","32","1411200","816.97","2021-12-03 20:27:02"
"1d0d6a99-0a6f-4cce-ad1e-1f952ac98f2a_chan2_v0.wav","/C/gun_explosion_a0a388e0","[""/C/gun_explosion_a0a388e0""]","gun_explosion","[""gun_explosion""]","/home/andres/Documentos/proyecto4geeks/data/raw/edge-collected-gunshot-audio/gunshot/1d0d6a99-0a6f-4cce-ad1e-1f952ac98f2a_chan2_v0.wav","edge-collected-gunshot-audio","train","","True","True","True","wav","3.308","44100","Mono","32","1411200","569.83","2021-12-03 20:28:02"
"bfcbf987-3056-4cf3-a40b-b209a365b672_chan6_v0.wav","/C/gun_explosion_a0a388e0","[""/C/gun_explosion_a0a388e0""]","gun_explosion","[""gun_explosion""]","/home/andres/Documentos/proyecto4geeks/data/raw/edge-collected-gunshot-audio/gunshot/bfcbf987-3056-4cf3-a40b-b209a365b672_chan6_v0.wav","edge-collected-gunshot-audio","train","","True","True","True","wav","4.284","44100","Mono","32","1411200","738.01","2021-12-03 20:27:40"
"7cf68bd7-f94b-4ca8-9ff9-46a84a67bce8_chan2_v0.wav","/C/gun_explosion_a0a388e0","[""/C/gun_explosion_a0a388e0""]","gun_explosion","[""gun_explosion""]","/home/andres/Documentos/proyecto4geeks/data/raw/edge-collected-gunshot-audio/gunshot/7cf68bd7-f94b-4ca8-9ff9-46a84a67bce8_chan2_v0.wav","edge-collected-gunshot-audio","train","","True","True","True","wav","4.942","44100","Mono","32","1411200","851.41","2021-12-03 20:27:34"
"5bc4497c-5bcd-4114-9879-e16d05b30027_chan1_v0.wav","/C/gun_explosion_a0a388e0","[""/C/gun_explosion_a0a388e0""]","gun_explosion","[""gun_explosion""]","/home/andres/Documentos/proyecto4geeks/data/raw/edge-collected-gunshot-audio/gunshot/5bc4497c-5bcd-4114-9879-e16d05b30027_chan1_v0.wav","edge-collected-gunshot-audio","train","","True","True","True","wav","3.922","44100","Mono","32","1411200","675.63","2021-12-03 20:28:12"
"backup_e1e6a8dd-899c-47bb-a7ec-c480dfb33073__v3.wav","/C/gun_explosion_a0a388e0","[""/C/gun_explosion_a0a388e0""]","gun_explosion","[""gun_explosion""]","/home/andres/Documentos/proyecto4geeks/data/raw/edge-collected-gunshot-audio/gunshot/backup_e1e6a8dd-899c-47bb-a7ec-c480dfb33073__v3.wav","edge-collected-gunshot-audio","train","","True","True","True","wav","3.75","44100","Mono","32","1411200","646.05","2021-12-03 20:28:30"
"53bcb695-4358-46b3-9f96-d2d2a07bfb87_v2.wav","/C/gun_explosion_a0a388e0","[""/C/gun_explosion_a0a388e0""]","gun_explosion","[""gun_explosion""]","/home/andres/Documentos/proyecto4geeks/data/raw/edge-collected-gunshot-audio/gunshot/53bcb695-4358-46b3-9f96-d2d2a07bfb87_v2.wav","edge-collected-gunshot-audio","train","","True","True","True","wav","3.75","44100","Mono","32","1411200","646.05","2021-12-03 20:28:10"
"b3247aa6-f1e5-4a0d-8330-21e3ff183567_chan2_v0.wav","/C/gun_explosion_a0a388e0","[""/C/gun_explosion_a0a388e0""]","gun_explosion","[""gun_explosion""]","/home/andres/Documentos/proyecto4geeks/data/raw/edge-collected-gunshot-audio/gunshot/b3247aa6-f1e5-4a0d-8330-21e3ff183567_chan2_v0.wav","edge-collected-gunshot-audio","test","","True","True","True","wav","2.624","44100","Mono","32","1411200","452.07","2021-12-03 20:27:08"
"e9b3d683-c7ec-4e77-9d3b-963d30d641f7_chan4_v0.wav","/C/gun_explosion_a0a388e0","[""/C/gun_explosion_a0a388e0""]","gun_explosion","[""gun_explosion""]","/home/andres/Documentos/proyecto4geeks/data/raw/edge-collected-gunshot-audio/gunshot/e9b3d683-c7ec-4e77-9d3b-963d30d641f7_chan4_v0.wav","edge-collected-gunshot-audio","train","","True","True","True","wav","5.678","44100","Mono","32","1411200","978.19","2021-12-03 20:29:26"
"d735d982-c6bb-4a60-9cc7-5c2f6d06da93_chan3_v0.wav","/C/gun_explosion_a0a388e0","[""/C/gun_explosion_a0a388e0""]","gun_explosion","[""gun_explosion""]","/home/andres/Documentos/proyecto4geeks/data/raw/edge-collected-gunshot-audio/gunshot/d735d982-c6bb-4a60-9cc7-5c2f6d06da93_chan3_v0.wav","edge-collected-gunshot-audio","train","","True","True","True","wav","3.397","44100","Mono","32","1411200","585.31","2021-12-03 20:27:46"
"3a7d7603-f763-4bfb-900d-c8fab8cf3813_v0.wav","/C/gun_explosion_a0a388e0","[""/C/gun_explosion_a0a388e0""]","gun_explosion","[""gun_explosion""]","/home/andres/Documentos/proyecto4geeks/data/raw/edge-collected-gunshot-audio/gunshot/3a7d7603-f763-4bfb-900d-c8fab8cf3813_v0.wav","edge-collected-gunshot-audio","train","","True","True","True","wav","9.457","44100","Mono","32","1411200","1629.12","2021-12-03 20:28:52"
"814dbe25-dbb4-4e80-b032-b6b23916a92a_chan4_v0.wav","/C/gun_explosion_a0a388e0","[""/C/gun_explosion_a0a388e0""]","gun_explosion","[""gun_explosion""]","/home/andres/Documentos/proyecto4geeks/data/raw/edge-collected-gunshot-audio/gunshot/814dbe25-dbb4-4e80-b032-b6b23916a92a_chan4_v0.wav","edge-collected-gunshot-audio","test","","True","True","True","wav","5.553","44100","Mono","32","1411200","956.65","2021-12-03 20:27:34"
"79e3a045-8093-4614-9ea1-ad5643d61a1e_chan5_v0.wav","/C/gun_explosion_a0a388e0","[""/C/gun_explosion_a0a388e0""]","gun_explosion","[""gun_explosion""]","/home/andres/Documentos/proyecto4geeks/data/raw/edge-collected-gunshot-audio/gunshot/79e3a045-8093-4614-9ea1-ad5643d61a1e_chan5_v0.wav","edge-collected-gunshot-audio","train","","True","True","True","wav","3.308","44100","Mono","32","1411200","569.83","2021-12-03 20:27:32"
"cad6cdd9-faca-4577-95f4-4be31f757b0c_chan3_v0.wav","/C/gun_explosion_a0a388e0","[""/C/gun_explosion_a0a388e0""]","gun_explosion","[""gun_explosion""]","/home/andres/Documentos/proyecto4geeks/data/raw/edge-collected-gunshot-audio/gunshot/cad6cdd9-faca-4577-95f4-4be31f757b0c_chan3_v0.wav","edge-collected-gunshot-audio","train","","True","True","True","wav","3.75","44100","Mono","32","1411200","646.05","2021-12-03 20:27:10"
"a2559144-1297-4aee-9b36-95cb24489cfd_v0.wav","/C/gun_explosion_a0a388e0","[""/C/gun_explosion_a0a388e0""]","gun_explosion","[""gun_explosion""]","/home/andres/Documentos/proyecto4geeks/data/raw/edge-collected-gunshot-audio/gunshot/a2559144-1297-4aee-9b36-95cb24489cfd_v0.wav","edge-collected-gunshot-audio","test","","True","True","True","wav","3.75","44100","Mono","32","1411200","646.05","2021-12-03 20:27:06"
"4f323e9a-51e4-406a-a459-f1244a4280ea_chan4_v0.wav","/C/gun_explosion_a0a388e0","[""/C/gun_explosion_a0a388e0""]","gun_explosion","[""gun_explosion""]","/home/andres/Documentos/proyecto4geeks/data/raw/edge-collected-gunshot-audio/gunshot/4f323e9a-51e4-406a-a459-f1244a4280ea_chan4_v0.wav","edge-collected-gunshot-audio","train","","True","True","True","wav","3.822","44100","Mono","32","1411200","658.48","2021-12-03 20:28:10"
"d60be857-2a00-49c0-9470-94a34b3de217_chan0_v0.wav","/C/gun_explosion_a0a388e0","[""/C/gun_explosion_a0a388e0""]","gun_explosion","[""gun_explosion""]","/home/andres/Documentos/proyecto4geeks/data/raw/edge-collected-gunshot-audio/gunshot/d60be857-2a00-49c0-9470-94a34b3de217_chan0_v0.wav","edge-collected-gunshot-audio","train","","True","True","True","wav","6.106","44100","Mono","32","1411200","1051.84","2021-12-03 20:29:22"
"85c26437-2241-4b50-ae63-31f799d0e117_v0.wav","/C/gun_explosion_a0a388e0","[""/C/gun_explosion_a0a388e0""]","gun_explosion","[""gun_explosion""]","/home/andres/Documentos/proyecto4geeks/data/raw/edge-collected-gunshot-audio/gunshot/85c26437-2241-4b50-ae63-31f799d0e117_v0.wav","edge-collected-gunshot-audio","train","","True","True","True","wav","3.75","44100","Mono","32","1411200","646.05","2021-12-03 20:27:04"
"b6b54c4a-e6b0-487e-b476-25dc131d0607_chan6_v1.wav","/C/gun_explosion_a0a388e0","[""/C/gun_explosion_a0a388e0""]","gun_explosion","[""gun_explosion""]","/home/andres/Documentos/proyecto4geeks/data/raw/edge-collected-gunshot-audio/gunshot/b6b54c4a-e6b0-487e-b476-25dc131d0607_chan6_v1.wav","edge-collected-gunshot-audio","train","","True","True","True","wav","5.825","44100","Mono","32","1411200","1003.5","2021-12-03 20:29:18"
"0495b86d-2f39-4912-916b-0cfbc160cf3d_chan1_v0.wav","/C/gun_explosion_a0a388e0","[""/C/gun_explosion_a0a388e0""]","gun_explosion","[""gun_explosion""]","/home/andres/Documentos/proyecto4geeks/data/raw/edge-collected-gunshot-audio/gunshot/0495b86d-2f39-4912-916b-0cfbc160cf3d_chan1_v0.wav","edge-collected-gunshot-audio","train","","True","True","True","wav","5.012","44100","Mono","32","1411200","863.53","2021-12-03 20:28:42"
"ff842455-42f4-4c3a-8ab0-0ee2085d1c32_chan0_v0.wav","/C/gun_explosion_a0a388e0","[""/C/gun_explosion_a0a388e0""]","gun_explosion","[""gun_explosion""]","/home/andres/Documentos/proyecto4geeks/data/raw/edge-collected-gunshot-audio/gunshot/ff842455-42f4-4c3a-8ab0-0ee2085d1c32_chan0_v0.wav","edge-collected-gunshot-audio","train","","True","True","True","wav","6.63","44100","Mono","32","1411200","1142.17","2021-12-03 20:29:28"
"aa284beb-9782-4a6a-b349-602493127f7a_v0.wav","/C/gun_explosion_a0a388e0","[""/C/gun_explosion_a0a388e0""]","gun_explosion","[""gun_explosion""]","/home/andres/Documentos/proyecto4geeks/data/raw/edge-collected-gunshot-audio/gunshot/aa284beb-9782-4a6a-b349-602493127f7a_v0.wav","edge-collected-gunshot-audio","train","","True","True","True","wav","3.75","44100","Mono","32","1411200","646.05","2021-12-03 20:27:08"
"d3b21ae5-ad50-4b1a-a06b-9be63f42e33e_v0.wav","/C/gun_explosion_a0a388e0","[""/C/gun_explosion_a0a388e0""]","gun_explosion","[""gun_explosion""]","/home/andres/Documentos/proyecto4geeks/data/raw/edge-collected-gunshot-audio/gunshot/d3b21ae5-ad50-4b1a-a06b-9be63f42e33e_v0.wav","edge-collected-gunshot-audio","train","","True","True","True","wav","2.325","44100","Mono","32","1411200","400.49","2021-12-03 20:28:34"
"3e29af22-dbee-4c22-8ef9-a4d5165d5ad3_v0.wav","/C/gun_explosion_a0a388e0","[""/C/gun_explosion_a0a388e0""]","gun_explosion","[""gun_explosion""]","/home/andres/Documentos/proyecto4geeks/data/raw/edge-collected-gunshot-audio/gunshot/3e29af22-dbee-4c22-8ef9-a4d5165d5ad3_v0.wav","edge-collected-gunshot-audio","test","","True","True","True","wav","7.557","44100","Mono","32","1411200","1301.86","2021-12-03 20:28:06"
"519d8ad8-2ccf-4ad9-a0ba-689ee0052fae_chan5_v0.wav","/C/gun_explosion_a0a388e0","[""/C/gun_explosion_a0a388e0""]","gun_explosion","[""gun_explosion""]","/home/andres/Documentos/proyecto4geeks/data/raw/edge-collected-gunshot-audio/gunshot/519d8ad8-2ccf-4ad9-a0ba-689ee0052fae_chan5_v0.wav","edge-collected-gunshot-audio","train","","True","True","True","wav","5.18","44100","Mono","32","1411200","892.33","2021-12-03 20:27:28"
"dd9aa26c-2b08-41fe-85e3-fbc36613ebb0_chan6_v0.wav","/C/gun_explosion_a0a388e0","[""/C/gun_explosion_a0a388e0""]","gun_explosion","[""gun_explosion""]","/home/andres/Documentos/proyecto4geeks/data/raw/edge-collected-gunshot-audio/gunshot/dd9aa26c-2b08-41fe-85e3-fbc36613ebb0_chan6_v0.wav","edge-collected-gunshot-audio","train","","True","True","True","wav","5.758","44100","Mono","32","1411200","992.01","2021-12-03 20:29:22"
"c0b2e1a0-0ad1-485b-9df8-af37612ac034_chan6_v0.wav","/C/gun_explosion_a0a388e0","[""/C/gun_explosion_a0a388e0""]","gun_explosion","[""gun_explosion""]","/home/andres/Documentos/proyecto4geeks/data/raw/edge-collected-gunshot-audio/gunshot/c0b2e1a0-0ad1-485b-9df8-af37612ac034_chan6_v0.wav","edge-collected-gunshot-audio","test","","True","True","True","wav","3.75","44100","Mono","32","1411200","646.05","2021-12-03 20:27:42"
"907b513b-dd5e-4756-a20c-d785fb4f5dd7_v2.wav","/C/gun_explosion_a0a388e0","[""/C/gun_explosion_a0a388e0""]","gun_explosion","[""gun_explosion""]","/home/andres/Documentos/proyecto4geeks/data/raw/edge-collected-gunshot-audio/gunshot/907b513b-dd5e-4756-a20c-d785fb4f5dd7_v2.wav","edge-collected-gunshot-audio","train","","True","True","True","wav","3.75","44100","Mono","32","1411200","646.05","2021-12-03 20:27:34"
"e2f3a120-6fcd-4760-917d-bb03ebff63d8_chan1_v5.wav","/C/gun_explosion_a0a388e0","[""/C/gun_explosion_a0a388e0""]","gun_explosion","[""gun_explosion""]","/home/andres/Documentos/proyecto4geeks/data/raw/edge-collected-gunshot-audio/gunshot/e2f3a120-6fcd-4760-917d-bb03ebff63d8_chan1_v5.wav","edge-collected-gunshot-audio","train","","True","True","True","wav","3.75","44100","Mono","32","1411200","646.05","2021-12-03 20:27:50"
"42899483-3654-4ed6-af56-48662821f13a_chan1_v0.wav","/C/gun_explosion_a0a388e0","[""/C/gun_explosion_a0a388e0""]","gun_explosion","[""gun_explosion""]","/home/andres/Documentos/proyecto4geeks/data/raw/edge-collected-gunshot-audio/gunshot/42899483-3654-4ed6-af56-48662821f13a_chan1_v0.wav","edge-collected-gunshot-audio","test","","True","True","True","wav","5.427","44100","Mono","32","1411200","934.97","2021-12-03 20:28:52"
"191df8d6-a4c9-4430-9ef8-e05c473fdbfb_chan5_v0.wav","/C/gun_explosion_a0a388e0","[""/C/gun_explosion_a0a388e0""]","gun_explosion","[""gun_explosion""]","/home/andres/Documentos/proyecto4geeks/data/raw/edge-collected-gunshot-audio/gunshot/191df8d6-a4c9-4430-9ef8-e05c473fdbfb_chan5_v0.wav","edge-collected-gunshot-audio","train","","True","True","True","wav","3.537","44100","Mono","32","1411200","609.34","2021-12-03 20:28:44"
"acf24fae-0755-4bf6-8bf9-0440585c5b15_chan0_v0.wav","/C/gun_explosion_a0a388e0","[""/C/gun_explosion_a0a388e0""]","gun_explosion","[""gun_explosion""]","/home/andres/Documentos/proyecto4geeks/data/raw/edge-collected-gunshot-audio/gunshot/acf24fae-0755-4bf6-8bf9-0440585c5b15_chan0_v0.wav","edge-collected-gunshot-audio","train","","True","True","True","wav","4.188","44100","Mono","32","1411200","721.57","2021-12-03 20:28:26"
"83f9faea-4b8b-4b8f-be70-99eedb0f3ac9_mean_v0.wav","/C/gun_explosion_a0a388e0","[""/C/gun_explosion_a0a388e0""]","gun_explosion","[""gun_explosion""]","/home/andres/Documentos/proyecto4geeks/data/raw/edge-collected-gunshot-audio/gunshot/83f9faea-4b8b-4b8f-be70-99eedb0f3ac9_mean_v0.wav","edge-collected-gunshot-audio","test","","True","True","True","wav","3.594","44100","Mono","32","1411200","619.17","2021-12-03 20:28:20"
"c2af92cf-45d1-4d03-8db4-129e0d28015e_chan2_v0.wav","/C/gun_explosion_a0a388e0","[""/C/gun_explosion_a0a388e0""]","gun_explosion","[""gun_explosion""]","/home/andres/Documentos/proyecto4geeks/data/raw/edge-collected-gunshot-audio/gunshot/c2af92cf-45d1-4d03-8db4-129e0d28015e_chan2_v0.wav","edge-collected-gunshot-audio","train","","True","True","True","wav","5.18","44100","Mono","32","1411200","892.35","2021-12-03 20:27:42"
"edb8eb8b-c277-48df-b59f-e2d0a4fe9c87_v0.wav","/C/gun_explosion_a0a388e0","[""/C/gun_explosion_a0a388e0""]","gun_explosion","[""gun_explosion""]","/home/andres/Documentos/proyecto4geeks/data/raw/edge-collected-gunshot-audio/gunshot/edb8eb8b-c277-48df-b59f-e2d0a4fe9c87_v0.wav","edge-collected-gunshot-audio","train","","True","True","True","wav","4.575","44100","Mono","32","1411200","788.22","2021-12-03 20:27:14"
"1f85c0fd-51bb-470c-9b40-0f0faa5cae1f_chan1_v0.wav","/C/gun_explosion_a0a388e0","[""/C/gun_explosion_a0a388e0""]","gun_explosion","[""gun_explosion""]","/home/andres/Documentos/proyecto4geeks/data/raw/edge-collected-gunshot-audio/gunshot/1f85c0fd-51bb-470c-9b40-0f0faa5cae1f_chan1_v0.wav","edge-collected-gunshot-audio","train","","True","True","True","wav","3.848","44100","Mono","32","1411200","662.95","2021-12-03 20:28:02"
"0495b86d-2f39-4912-916b-0cfbc160cf3d_chan2_v0.wav","/C/gun_explosion_a0a388e0","[""/C/gun_explosion_a0a388e0""]","gun_explosion","[""gun_explosion""]","/home/andres/Documentos/proyecto4geeks/data/raw/edge-collected-gunshot-audio/gunshot/0495b86d-2f39-4912-916b-0cfbc160cf3d_chan2_v0.wav","edge-collected-gunshot-audio","train","","True","True","True","wav","5.009","44100","Mono","32","1411200","862.87","2021-12-03 20:28:42"
"9480296f-8e6e-438e-a35d-76a2f24506df_mean_v0.wav","/C/gun_explosion_a0a388e0","[""/C/gun_explosion_a0a388e0""]","gun_explosion","[""gun_explosion""]","/home/andres/Documentos/proyecto4geeks/data/raw/edge-collected-gunshot-audio/gunshot/9480296f-8e6e-438e-a35d-76a2f24506df_mean_v0.wav","edge-collected-gunshot-audio","train","","True","True","True","wav","3.75","44100","Mono","32","1411200","646.05","2021-12-03 20:28:22"
"f1ea3a1c-030f-4275-b3b4-28bb0cd694b2_chan6_v0.wav","/C/gun_explosion_a0a388e0","[""/C/gun_explosion_a0a388e0""]","gun_explosion","[""gun_explosion""]","/home/andres/Documentos/proyecto4geeks/data/raw/edge-collected-gunshot-audio/gunshot/f1ea3a1c-030f-4275-b3b4-28bb0cd694b2_chan6_v0.wav","edge-collected-gunshot-audio","test","","True","True","True","wav","5.299","44100","Mono","32","1411200","912.87","2021-12-03 20:29:28"
"7149bf71-e2d6-4452-b2a0-9433bb1851f0_chan6_v0.wav","/C/gun_explosion_a0a388e0","[""/C/gun_explosion_a0a388e0""]","gun_explosion","[""gun_explosion""]","/home/andres/Documentos/proyecto4geeks/data/raw/edge-collected-gunshot-audio/gunshot/7149bf71-e2d6-4452-b2a0-9433bb1851f0_chan6_v0.wav","edge-collected-gunshot-audio","train","","True","True","True","wav","5.419","44100","Mono","32","1411200","933.65","2021-12-03 20:28:58"
"e481969e-a5dc-4de9-9300-0b91b66a3a07_chan2_v0.wav","/C/gun_explosion_a0a388e0","[""/C/gun_explosion_a0a388e0""]","gun_explosion","[""gun_explosion""]","/home/andres/Documentos/proyecto4geeks/data/raw/edge-collected-gunshot-audio/gunshot/e481969e-a5dc-4de9-9300-0b91b66a3a07_chan2_v0.wav","edge-collected-gunshot-audio","train","","True","True","True","wav","4.159","44100","Mono","32","1411200","716.56","2021-12-03 20:29:24"
"2eabebd8-8ef0-4efe-8248-a99013581760_v1.wav","/C/gun_explosion_a0a388e0","[""/C/gun_explosion_a0a388e0""]","gun_explosion","[""gun_explosion""]","/home/andres/Documentos/proyecto4geeks/data/raw/edge-collected-gunshot-audio/gunshot/2eabebd8-8ef0-4efe-8248-a99013581760_v1.wav","edge-collected-gunshot-audio","train","","True","True","True","wav","7.533","44100","Mono","32","1411200","1297.73","2021-12-03 20:28:48"
"dc052a9b-032a-4a42-9e73-f022484ccab5_chan3_v1.wav","/C/gun_explosion_a0a388e0","[""/C/gun_explosion_a0a388e0""]","gun_explosion","[""gun_explosion""]","/home/andres/Documentos/proyecto4geeks/data/raw/edge-collected-gunshot-audio/gunshot/dc052a9b-032a-4a42-9e73-f022484ccab5_chan3_v1.wav","edge-collected-gunshot-audio","train","","True","True","True","wav","2.265","44100","Mono","32","1411200","390.3","2021-12-03 20:27:48"
"f771a47d-d067-4afe-a9f8-2b8a0661785b_chan0_v0.wav","/C/gun_explosion_a0a388e0","[""/C/gun_explosion_a0a388e0""]","gun_explosion","[""gun_explosion""]","/home/andres/Documentos/proyecto4geeks/data/raw/edge-collected-gunshot-audio/gunshot/f771a47d-d067-4afe-a9f8-2b8a0661785b_chan0_v0.wav","edge-collected-gunshot-audio","test","","True","True","True","wav","8.539","44100","Mono","32","1411200","1470.99","2021-12-03 20:27:14"
"38418f60-7adf-4582-a1d2-ffa632fd77d4_v0.wav","/C/gun_explosion_a0a388e0","[""/C/gun_explosion_a0a388e0""]","gun_explosion","[""gun_explosion""]","/home/andres/Documentos/proyecto4geeks/data/raw/edge-collected-gunshot-audio/gunshot/38418f60-7adf-4582-a1d2-ffa632fd77d4_v0.wav","edge-collected-gunshot-audio","train","","True","True","True","wav","4.661","44100","Mono","32","1411200","803.04","2021-12-03 20:28:52"
"a264a706-edd4-436d-a0d4-ccb64421bdd7_chan3_v0.wav","/C/gun_explosion_a0a388e0","[""/C/gun_explosion_a0a388e0""]","gun_explosion","[""gun_explosion""]","/home/andres/Documentos/proyecto4geeks/data/raw/edge-collected-gunshot-audio/gunshot/a264a706-edd4-436d-a0d4-ccb64421bdd7_chan3_v0.wav","edge-collected-gunshot-audio","train","","True","True","True","wav","2.817","44100","Mono","32","1411200","485.4","2021-12-03 20:28:26"
"adca0472-ee71-44c9-a22d-ee86d7bb85a6_chan4_v0.wav","/C/gun_explosion_a0a388e0","[""/C/gun_explosion_a0a388e0""]","gun_explosion","[""gun_explosion""]","/home/andres/Documentos/proyecto4geeks/data/raw/edge-collected-gunshot-audio/gunshot/adca0472-ee71-44c9-a22d-ee86d7bb85a6_chan4_v0.wav","edge-collected-gunshot-audio","train","","True","True","True","wav","4.603","44100","Mono","32","1411200","792.99","2021-12-03 20:27:38"
"9480296f-8e6e-438e-a35d-76a2f24506df_chan0_v0.wav","/C/gun_explosion_a0a388e0","[""/C/gun_explosion_a0a388e0""]","gun_explosion","[""gun_explosion""]","/home/andres/Documentos/proyecto4geeks/data/raw/edge-collected-gunshot-audio/gunshot/9480296f-8e6e-438e-a35d-76a2f24506df_chan0_v0.wav","edge-collected-gunshot-audio","train","","True","True","True","wav","3.75","44100","Mono","32","1411200","646.05","2021-12-03 20:28:22"
"3f5138a7-0f5b-4ead-b551-3475032820fb_mean_v0.wav","/C/gun_explosion_a0a388e0","[""/C/gun_explosion_a0a388e0""]","gun_explosion","[""gun_explosion""]","/home/andres/Documentos/proyecto4geeks/data/raw/edge-collected-gunshot-audio/gunshot/3f5138a7-0f5b-4ead-b551-3475032820fb_mean_v0.wav","edge-collected-gunshot-audio","train","","True","True","True","wav","2.623","44100","Mono","32","1411200","451.94","2021-12-03 20:26:58"
"47ec5352-1b86-477b-9852-b13901c7eb4d_chan4_v0.wav","/C/gun_explosion_a0a388e0","[""/C/gun_explosion_a0a388e0""]","gun_explosion","[""gun_explosion""]","/home/andres/Documentos/proyecto4geeks/data/raw/edge-collected-gunshot-audio/gunshot/47ec5352-1b86-477b-9852-b13901c7eb4d_chan4_v0.wav","edge-collected-gunshot-audio","train","","True","True","True","wav","3.75","44100","Mono","32","1411200","646.05","2021-12-03 20:27:28"
"ab0375b1-c44a-4ad1-bb16-b009b51d52ec_v4.wav","/C/gun_explosion_a0a388e0","[""/C/gun_explosion_a0a388e0""]","gun_explosion","[""gun_explosion""]","/home/andres/Documentos/proyecto4geeks/data/raw/edge-collected-gunshot-audio/gunshot/ab0375b1-c44a-4ad1-bb16-b009b51d52ec_v4.wav","edge-collected-gunshot-audio","train","","True","True","True","wav","3.75","44100","Mono","32","1411200","646.05","2021-12-03 20:27:38"
"1a1db5f5-080b-4b6d-9c77-0fe675aed427_chan4_v0.wav","/C/gun_explosion_a0a388e0","[""/C/gun_explosion_a0a388e0""]","gun_explosion","[""gun_explosion""]","/home/andres/Documentos/proyecto4geeks/data/raw/edge-collected-gunshot-audio/gunshot/1a1db5f5-080b-4b6d-9c77-0fe675aed427_chan4_v0.wav","edge-collected-gunshot-audio","train","","True","True","True","wav","5.695","44100","Mono","32","1411200","981.13","2021-12-03 20:27:22"
"a494f4fa-d5fc-4b52-8e25-6804bc695ec1_mean_v1.wav","/C/gun_explosion_a0a388e0","[""/C/gun_explosion_a0a388e0""]","gun_explosion","[""gun_explosion""]","/home/andres/Documentos/proyecto4geeks/data/raw/edge-collected-gunshot-audio/gunshot/a494f4fa-d5fc-4b52-8e25-6804bc695ec1_mean_v1.wav","edge-collected-gunshot-audio","train","","True","True","True","wav","9.291","44100","Mono","32","1411200","1600.65","2021-12-03 20:29:12"
"54b9c8d4-2a8d-4140-8bd8-3946b7284acb_chan5_v0.wav","/C/gun_explosion_a0a388e0","[""/C/gun_explosion_a0a388e0""]","gun_explosion","[""gun_explosion""]","/home/andres/Documentos/proyecto4geeks/data/raw/edge-collected-gunshot-audio/gunshot/54b9c8d4-2a8d-4140-8bd8-3946b7284acb_chan5_v0.wav","edge-collected-gunshot-audio","test","","True","True","True","wav","3.75","44100","Mono","32","1411200","646.05","2021-12-03 20:28:56"
"62b53733-3fdf-4edf-93b8-e4714e348f90_v4.wav","/C/gun_explosion_a0a388e0","[""/C/gun_explosion_a0a388e0""]","gun_explosion","[""gun_explosion""]","/home/andres/Documentos/proyecto4geeks/data/raw/edge-collected-gunshot-audio/gunshot/62b53733-3fdf-4edf-93b8-e4714e348f90_v4.wav","edge-collected-gunshot-audio","train","","True","True","True","wav","3.75","44100","Mono","32","1411200","646.05","2021-12-03 20:27:30"
"476e16b1-1bf5-4c04-abcb-ebec15898526_v0.wav","/C/gun_explosion_a0a388e0","[""/C/gun_explosion_a0a388e0""]","gun_explosion","[""gun_explosion""]","/home/andres/Documentos/proyecto4geeks/data/raw/edge-collected-gunshot-audio/gunshot/476e16b1-1bf5-4c04-abcb-ebec15898526_v0.wav","edge-collected-gunshot-audio","train","","True","True","True","wav","5.578","44100","Mono","32","1411200","961.0","2021-12-03 20:28:52"
"25066e4e-4e6f-4b9b-abd2-c7b7369a639b_v0.wav","/C/gun_explosion_a0a388e0","[""/C/gun_explosion_a0a388e0""]","gun_explosion","[""gun_explosion""]","/home/andres/Documentos/proyecto4geeks/data/raw/edge-collected-gunshot-audio/gunshot/25066e4e-4e6f-4b9b-abd2-c7b7369a639b_v0.wav","edge-collected-gunshot-audio","train","","True","True","True","wav","4.477","44100","Mono","32","1411200","771.26","2021-12-03 20:28:04"
"369d77b1-3141-40e2-8fb5-77d57d560472_v0.wav","/C/gun_explosion_a0a388e0","[""/C/gun_explosion_a0a388e0""]","gun_explosion","[""gun_explosion""]","/home/andres/Documentos/proyecto4geeks/data/raw/edge-collected-gunshot-audio/gunshot/369d77b1-3141-40e2-8fb5-77d57d560472_v0.wav","edge-collected-gunshot-audio","train","","True","True","True","wav","7.555","44100","Mono","32","1411200","1301.49","2021-12-03 20:28:06"
"b785ce2a-693b-40df-8c78-53fb862046c4_chan4_v0.wav","/C/gun_explosion_a0a388e0","[""/C/gun_explosion_a0a388e0""]","gun_explosion","[""gun_explosion""]","/home/andres/Documentos/proyecto4geeks/data/raw/edge-collected-gunshot-audio/gunshot/b785ce2a-693b-40df-8c78-53fb862046c4_chan4_v0.wav","edge-collected-gunshot-audio","train","","True","True","True","wav","4.043","44100","Mono","32","1411200","696.44","2021-12-03 20:29:18"
"524157e1-fb04-46b2-b887-8fcc84c4261a_chan0_v0.wav","/C/gun_explosion_a0a388e0","[""/C/gun_explosion_a0a388e0""]","gun_explosion","[""gun_explosion""]","/home/andres/Documentos/proyecto4geeks/data/raw/edge-collected-gunshot-audio/gunshot/524157e1-fb04-46b2-b887-8fcc84c4261a_chan0_v0.wav","edge-collected-gunshot-audio","test","","True","True","True","wav","3.75","44100","Mono","32","1411200","646.05","2021-12-03 20:28:52"
"2206e99c-e7ee-493b-902e-1a970a9fc4fe_chan2_v1.wav","/C/gun_explosion_a0a388e0","[""/C/gun_explosion_a0a388e0""]","gun_explosion","[""gun_explosion""]","/home/andres/Documentos/proyecto4geeks/data/raw/edge-collected-gunshot-audio/gunshot/2206e99c-e7ee-493b-902e-1a970a9fc4fe_chan2_v1.wav","edge-collected-gunshot-audio","train","","True","True","True","wav","3.75","44100","Mono","32","1411200","646.05","2021-12-03 20:26:56"
"54b9c8d4-2a8d-4140-8bd8-3946b7284acb_chan2_v0.wav","/C/gun_explosion_a0a388e0","[""/C/gun_explosion_a0a388e0""]","gun_explosion","[""gun_explosion""]","/home/andres/Documentos/proyecto4geeks/data/raw/edge-collected-gunshot-audio/gunshot/54b9c8d4-2a8d-4140-8bd8-3946b7284acb_chan2_v0.wav","edge-collected-gunshot-audio","train","","True","True","True","wav","3.75","44100","Mono","32","1411200","646.05","2021-12-03 20:28:54"
"b8524626-8850-45ce-8ed4-c8158a58d19c_v0.wav","/C/gun_explosion_a0a388e0","[""/C/gun_explosion_a0a388e0""]","gun_explosion","[""gun_explosion""]","/home/andres/Documentos/proyecto4geeks/data/raw/edge-collected-gunshot-audio/gunshot/b8524626-8850-45ce-8ed4-c8158a58d19c_v0.wav","edge-collected-gunshot-audio","train","","True","True","True","wav","4.922","44100","Mono","32","1411200","847.93","2021-12-03 20:27:08"
"d3b74834-2a7b-4914-8829-fcf1e3a37ae7_v3.wav","/C/gun_explosion_a0a388e0","[""/C/gun_explosion_a0a388e0""]","gun_explosion","[""gun_explosion""]","/home/andres/Documentos/proyecto4geeks/data/raw/edge-collected-gunshot-audio/gunshot/d3b74834-2a7b-4914-8829-fcf1e3a37ae7_v3.wav","edge-collected-gunshot-audio","train","","True","True","True","wav","4.198","44100","Mono","32","1411200","723.27","2021-12-03 20:28:34"
"03fc4685-909e-42c5-aff0-f519f1d14b12_chan0_v0.wav","/C/gun_explosion_a0a388e0","[""/C/gun_explosion_a0a388e0""]","gun_explosion","[""gun_explosion""]","/home/andres/Documentos/proyecto4geeks/data/raw/edge-collected-gunshot-audio/gunshot/03fc4685-909e-42c5-aff0-f519f1d14b12_chan0_v0.wav","edge-collected-gunshot-audio","train","","True","True","True","wav","5.016","44100","Mono","32","1411200","864.2","2021-12-03 20:27:16"
"7baabd4f-9659-41ff-bb10-d5d823d09b94_v2.wav","/C/gun_explosion_a0a388e0","[""/C/gun_explosion_a0a388e0""]","gun_explosion","[""gun_explosion""]","/home/andres/Documentos/proyecto4geeks/data/raw/edge-collected-gunshot-audio/gunshot/7baabd4f-9659-41ff-bb10-d5d823d09b94_v2.wav","edge-collected-gunshot-audio","train","","True","True","True","wav","5.83","44100","Mono","32","1411200","1004.38","2021-12-03 20:29:00"
"e509bc91-85b5-43cf-9b71-3335089bee0a_chan4_v0.wav","/C/gun_explosion_a0a388e0","[""/C/gun_explosion_a0a388e0""]","gun_explosion","[""gun_explosion""]","/home/andres/Documentos/proyecto4geeks/data/raw/edge-collected-gunshot-audio/gunshot/e509bc91-85b5-43cf-9b71-3335089bee0a_chan4_v0.wav","edge-collected-gunshot-audio","train","","True","True","True","wav","3.369","44100","Mono","32","1411200","580.37","2021-12-03 20:27:12"
"7d451790-0f0d-45e5-92fc-cbc68ede0a79_chan3_v0.wav","/C/gun_explosion_a0a388e0","[""/C/gun_explosion_a0a388e0""]","gun_explosion","[""gun_explosion""]","/home/andres/Documentos/proyecto4geeks/data/raw/edge-collected-gunshot-audio/gunshot/7d451790-0f0d-45e5-92fc-cbc68ede0a79_chan3_v0.wav","edge-collected-gunshot-audio","train","","True","True","True","wav","4.681","44100","Mono","32","1411200","806.45","2021-12-03 20:29:02"
"f0202070-f482-4f74-ba27-db1f5c8b1c12_v0.wav","/C/gun_explosion_a0a388e0","[""/C/gun_explosion_a0a388e0""]","gun_explosion","[""gun_explosion""]","/home/andres/Documentos/proyecto4geeks/data/raw/edge-collected-gunshot-audio/gunshot/f0202070-f482-4f74-ba27-db1f5c8b1c12_v0.wav","edge-collected-gunshot-audio","train","","True","True","True","wav","3.418","44100","Mono","32","1411200","588.79","2021-12-03 20:27:50"
"46d64add-0759-4314-8d50-e764f78208d7_chan1_v0.wav","/C/gun_explosion_a0a388e0","[""/C/gun_explosion_a0a388e0""]","gun_explosion","[""gun_explosion""]","/home/andres/Documentos/proyecto4geeks/data/raw/edge-collected-gunshot-audio/gunshot/46d64add-0759-4314-8d50-e764f78208d7_chan1_v0.wav","edge-collected-gunshot-audio","train","","True","True","True","wav","5.181","44100","Mono","32","1411200","892.57","2021-12-03 20:27:26"
"a1e92cb2-7999-4a02-ad5e-d9602c622854_chan6_v0.wav","/C/gun_explosion_a0a388e0","[""/C/gun_explosion_a0a388e0""]","gun_explosion","[""gun_explosion""]","/home/andres/Documentos/proyecto4geeks/data/raw/edge-collected-gunshot-audio/gunshot/a1e92cb2-7999-4a02-ad5e-d9602c622854_chan6_v0.wav","edge-collected-gunshot-audio","train","","True","True","True","wav","3.412","44100","Mono","32","1411200","587.85","2021-12-03 20:28:26"
"d312ea2f-8542-4ac2-8bd8-1e8b3433c4c3_chan5_v0.wav","/C/gun_explosion_a0a388e0","[""/C/gun_explosion_a0a388e0""]","gun_explosion","[""gun_explosion""]","/home/andres/Documentos/proyecto4geeks/data/raw/edge-collected-gunshot-audio/gunshot/d312ea2f-8542-4ac2-8bd8-1e8b3433c4c3_chan5_v0.wav","edge-collected-gunshot-audio","train","","True","True","True","wav","2.675","44100","Mono","32","1411200","460.78","2021-12-03 20:27:12"
"384d1064-178e-47ef-864f-650dbff5b577_v0.wav","/C/gun_explosion_a0a388e0","[""/C/gun_explosion_a0a388e0""]","gun_explosion","[""gun_explosion""]","/home/andres/Documentos/proyecto4geeks/data/raw/edge-collected-gunshot-audio/gunshot/384d1064-178e-47ef-864f-650dbff5b577_v0.wav","edge-collected-gunshot-audio","train","","True","True","True","wav","2.953","44100","Mono","32","1411200","508.71","2021-12-03 20:26:56"
"6e57a74f-aa42-4375-9e8d-5eb865a6515e_v0.wav","/C/gun_explosion_a0a388e0","[""/C/gun_explosion_a0a388e0""]","gun_explosion","[""gun_explosion""]","/home/andres/Documentos/proyecto4geeks/data/raw/edge-collected-gunshot-audio/gunshot/6e57a74f-aa42-4375-9e8d-5eb865a6515e_v0.wav","edge-collected-gunshot-audio","train","","True","True","True","wav","4.382","44100","Mono","32","1411200","754.89","2021-12-03 20:28:16"
"9702cac6-fa8d-423e-8c55-c3a2cba43a80_chan3_v0.wav","/C/gun_explosion_a0a388e0","[""/C/gun_explosion_a0a388e0""]","gun_explosion","[""gun_explosion""]","/home/andres/Documentos/proyecto4geeks/data/raw/edge-collected-gunshot-audio/gunshot/9702cac6-fa8d-423e-8c55-c3a2cba43a80_chan3_v0.wav","edge-collected-gunshot-audio","train","","True","True","True","wav","4.808","44100","Mono","32","1411200","828.24","2021-12-03 20:29:06"
"090f69a9-885c-45fb-a807-f2661aaeb165_chan1_v0.wav","/C/gun_explosion_a0a388e0","[""/C/gun_explosion_a0a388e0""]","gun_explosion","[""gun_explosion""]","/home/andres/Documentos/proyecto4geeks/data/raw/edge-collected-gunshot-audio/gunshot/090f69a9-885c-45fb-a807-f2661aaeb165_chan1_v0.wav","edge-collected-gunshot-audio","train","","True","True","True","wav","3.75","44100","Mono","32","1411200","646.05","2021-12-03 20:27:18"
"9702cac6-fa8d-423e-8c55-c3a2cba43a80_chan4_v0.wav","/C/gun_explosion_a0a388e0","[""/C/gun_explosion_a0a388e0""]","gun_explosion","[""gun_explosion""]","/home/andres/Documentos/proyecto4geeks/data/raw/edge-collected-gunshot-audio/gunshot/9702cac6-fa8d-423e-8c55-c3a2cba43a80_chan4_v0.wav","edge-collected-gunshot-audio","train","","True","True","True","wav","5.021","44100","Mono","32","1411200","865.07","2021-12-03 20:29:08"
"5cb2087f-9407-45a7-80aa-9ea7a5df275f_chan4_v0.wav","/C/gun_explosion_a0a388e0","[""/C/gun_explosion_a0a388e0""]","gun_explosion","[""gun_explosion""]","/home/andres/Documentos/proyecto4geeks/data/raw/edge-collected-gunshot-audio/gunshot/5cb2087f-9407-45a7-80aa-9ea7a5df275f_chan4_v0.wav","edge-collected-gunshot-audio","train","","True","True","True","wav","3.391","44100","Mono","32","1411200","584.18","2021-12-03 20:28:14"
"805e6b14-ad2f-4802-902b-53518cc81464_chan5_v0.wav","/C/gun_explosion_a0a388e0","[""/C/gun_explosion_a0a388e0""]","gun_explosion","[""gun_explosion""]","/home/andres/Documentos/proyecto4geeks/data/raw/edge-collected-gunshot-audio/gunshot/805e6b14-ad2f-4802-902b-53518cc81464_chan5_v0.wav","edge-collected-gunshot-audio","test","","True","True","True","wav","5.838","44100","Mono","32","1411200","1005.69","2021-12-03 20:27:04"
"b3247aa6-f1e5-4a0d-8330-21e3ff183567_chan0_v0.wav","/C/gun_explosion_a0a388e0","[""/C/gun_explosion_a0a388e0""]","gun_explosion","[""gun_explosion""]","/home/andres/Documentos/proyecto4geeks/data/raw/edge-collected-gunshot-audio/gunshot/b3247aa6-f1e5-4a0d-8330-21e3ff183567_chan0_v0.wav","edge-collected-gunshot-audio","train","","True","True","True","wav","2.624","44100","Mono","32","1411200","452.13","2021-12-03 20:27:08"
"2206e99c-e7ee-493b-902e-1a970a9fc4fe_chan4_v1.wav","/C/gun_explosion_a0a388e0","[""/C/gun_explosion_a0a388e0""]","gun_explosion","[""gun_explosion""]","/home/andres/Documentos/proyecto4geeks/data/raw/edge-collected-gunshot-audio/gunshot/2206e99c-e7ee-493b-902e-1a970a9fc4fe_chan4_v1.wav","edge-collected-gunshot-audio","train","","True","True","True","wav","3.75","44100","Mono","32","1411200","646.05","2021-12-03 20:26:56"
"d31ded50-a23a-4ca0-b528-3fed60c7a647_chan4_v0.wav","/C/gun_explosion_a0a388e0","[""/C/gun_explosion_a0a388e0""]","gun_explosion","[""gun_explosion""]","/home/andres/Documentos/proyecto4geeks/data/raw/edge-collected-gunshot-audio/gunshot/d31ded50-a23a-4ca0-b528-3fed60c7a647_chan4_v0.wav","edge-collected-gunshot-audio","test","","True","True","True","wav","3.743","44100","Mono","32","1411200","644.83","2021-12-03 20:28:34"
"a8c56aac-4362-430b-8cd1-ed4832960441_chan4_v0.wav","/C/gun_explosion_a0a388e0","[""/C/gun_explosion_a0a388e0""]","gun_explosion","[""gun_explosion""]","/home/andres/Documentos/proyecto4geeks/data/raw/edge-collected-gunshot-audio/gunshot/a8c56aac-4362-430b-8cd1-ed4832960441_chan4_v0.wav","edge-collected-gunshot-audio","train","","True","True","True","wav","5.726","44100","Mono","32","1411200","986.38","2021-12-03 20:29:12"
"6709ef65-65be-4440-859e-750796573269_v0.wav","/C/gun_explosion_a0a388e0","[""/C/gun_explosion_a0a388e0""]","gun_explosion","[""gun_explosion""]","/home/andres/Documentos/proyecto4geeks/data/raw/edge-collected-gunshot-audio/gunshot/6709ef65-65be-4440-859e-750796573269_v0.wav","edge-collected-gunshot-audio","train","","True","True","True","wav","3.75","44100","Mono","32","1411200","646.05","2021-12-03 20:28:16"
"15d53f4b-0e9d-476e-b321-6ca604f89412_mean_v0.wav","/C/gun_explosion_a0a388e0","[""/C/gun_explosion_a0a388e0""]","gun_explosion","[""gun_explosion""]","/home/andres/Documentos/proyecto4geeks/data/raw/edge-collected-gunshot-audio/gunshot/15d53f4b-0e9d-476e-b321-6ca604f89412_mean_v0.wav","edge-collected-gunshot-audio","train","","True","True","True","wav","4.623","44100","Mono","32","1411200","796.49","2021-12-03 20:28:42"
"5b4f210f-8dab-4ec7-9ae1-8f786c21b4a1_chan1_v0.wav","/C/gun_explosion_a0a388e0","[""/C/gun_explosion_a0a388e0""]","gun_explosion","[""gun_explosion""]","/home/andres/Documentos/proyecto4geeks/data/raw/edge-collected-gunshot-audio/gunshot/5b4f210f-8dab-4ec7-9ae1-8f786c21b4a1_chan1_v0.wav","edge-collected-gunshot-audio","train","","True","True","True","wav","5.405","44100","Mono","32","1411200","931.07","2021-12-03 20:27:30"
"0b4a7cf7-8f49-4efd-bab9-0a3102bc2fb4_chan1_v0.wav","/C/gun_explosion_a0a388e0","[""/C/gun_explosion_a0a388e0""]","gun_explosion","[""gun_explosion""]","/home/andres/Documentos/proyecto4geeks/data/raw/edge-collected-gunshot-audio/gunshot/0b4a7cf7-8f49-4efd-bab9-0a3102bc2fb4_chan1_v0.wav","edge-collected-gunshot-audio","test","","True","True","True","wav","5.749","44100","Mono","32","1411200","990.48","2021-12-03 20:26:50"
"1d815f56-4309-4074-8bdb-cedaf6c0acc9_v1.wav","/C/gun_explosion_a0a388e0","[""/C/gun_explosion_a0a388e0""]","gun_explosion","[""gun_explosion""]","/home/andres/Documentos/proyecto4geeks/data/raw/edge-collected-gunshot-audio/gunshot/1d815f56-4309-4074-8bdb-cedaf6c0acc9_v1.wav","edge-collected-gunshot-audio","train","","True","True","True","wav","7.401","44100","Mono","32","1411200","1274.95","2021-12-03 20:28:46"
"57252ebc-52a3-4c77-8f76-bcfeeba95a53_mean_v0.wav","/C/gun_explosion_a0a388e0","[""/C/gun_explosion_a0a388e0""]","gun_explosion","[""gun_explosion""]","/home/andres/Documentos/proyecto4geeks/data/raw/edge-collected-gunshot-audio/gunshot/57252ebc-52a3-4c77-8f76-bcfeeba95a53_mean_v0.wav","edge-collected-gunshot-audio","train","","True","True","True","wav","3.75","44100","Mono","32","1411200","646.05","2021-12-03 20:27:00"
"eafb4d3c-bf69-49de-92fb-436003c27742_chan1_v0.wav","/C/gun_explosion_a0a388e0","[""/C/gun_explosion_a0a388e0""]","gun_explosion","[""gun_explosion""]","/home/andres/Documentos/proyecto4geeks/data/raw/edge-collected-gunshot-audio/gunshot/eafb4d3c-bf69-49de-92fb-436003c27742_chan1_v0.wav","edge-collected-gunshot-audio","train","","True","True","True","wav","3.75","44100","Mono","32","1411200","646.05","2021-12-03 20:28:38"
"fe18216b-56d4-478a-9ed7-a3543a9930e0_chan6_v0.wav","/C/gun_explosion_a0a388e0","[""/C/gun_explosion_a0a388e0""]","gun_explosion","[""gun_explosion""]","/home/andres/Documentos/proyecto4geeks/data/raw/edge-collected-gunshot-audio/gunshot/fe18216b-56d4-478a-9ed7-a3543a9930e0_chan6_v0.wav","edge-collected-gunshot-audio","train","","True","True","True","wav","3.613","44100","Mono","32","1411200","622.42","2021-12-03 20:27:52"
"e582412f-6f23-4af8-93e4-2138dc459306_chan0_v0.wav","/C/gun_explosion_a0a388e0","[""/C/gun_explosion_a0a388e0""]","gun_explosion","[""gun_explosion""]","/home/andres/Documentos/proyecto4geeks/data/raw/edge-collected-gunshot-audio/gunshot/e582412f-6f23-4af8-93e4-2138dc459306_chan0_v0.wav","edge-collected-gunshot-audio","train","","True","True","True","wav","3.568","44100","Mono","32","1411200","614.71","2021-12-03 20:29:24"
"da1019cd-4fdd-404c-a76f-e3fa43997a28_chan5_v0.wav","/C/gun_explosion_a0a388e0","[""/C/gun_explosion_a0a388e0""]","gun_explosion","[""gun_explosion""]","/home/andres/Documentos/proyecto4geeks/data/raw/edge-collected-gunshot-audio/gunshot/da1019cd-4fdd-404c-a76f-e3fa43997a28_chan5_v0.wav","edge-collected-gunshot-audio","train","","True","True","True","wav","6.703","44100","Mono","32","1411200","1154.79","2021-12-03 20:29:22"
"8cc6b02f-4f2a-47b7-869a-d67ad908fae5_v0.wav","/C/gun_explosion_a0a388e0","[""/C/gun_explosion_a0a388e0""]","gun_explosion","[""gun_explosion""]","/home/andres/Documentos/proyecto4geeks/data/raw/edge-collected-gunshot-audio/gunshot/8cc6b02f-4f2a-47b7-869a-d67ad908fae5_v0.wav","edge-collected-gunshot-audio","train","","True","True","True","wav","9.381","44100","Mono","32","1411200","1616.08","2021-12-03 20:29:06"
"172e14ff-419c-441c-bf53-3c9ed0ffa490_mean_v0.wav","/C/gun_explosion_a0a388e0","[""/C/gun_explosion_a0a388e0""]","gun_explosion","[""gun_explosion""]","/home/andres/Documentos/proyecto4geeks/data/raw/edge-collected-gunshot-audio/gunshot/172e14ff-419c-441c-bf53-3c9ed0ffa490_mean_v0.wav","edge-collected-gunshot-audio","train","","True","True","True","wav","3.791","44100","Mono","32","1411200","653.17","2021-12-03 20:28:00"
"b55607fe-e00f-4936-a49b-75b946ddf813_v0.wav","/C/gun_explosion_a0a388e0","[""/C/gun_explosion_a0a388e0""]","gun_explosion","[""gun_explosion""]","/home/andres/Documentos/proyecto4geeks/data/raw/edge-collected-gunshot-audio/gunshot/b55607fe-e00f-4936-a49b-75b946ddf813_v0.wav","edge-collected-gunshot-audio","test","","True","True","True","wav","2.63","44100","Mono","32","1411200","453.19","2021-12-03 20:27:08"
"c3e941d7-3303-4b6d-a31a-096b36b5c937_v5.wav","/C/gun_explosion_a0a388e0","[""/C/gun_explosion_a0a388e0""]","gun_explosion","[""gun_explosion""]","/home/andres/Documentos/proyecto4geeks/data/raw/edge-collected-gunshot-audio/gunshot/c3e941d7-3303-4b6d-a31a-096b36b5c937_v5.wav","edge-collected-gunshot-audio","train","","True","True","True","wav","3.75","44100","Mono","32","1411200","646.05","2021-12-03 20:27:44"
"83a4c73a-d42f-4dff-9841-dd03f1c2d6e2_chan1_v0.wav","/C/gun_explosion_a0a388e0","[""/C/gun_explosion_a0a388e0""]","gun_explosion","[""gun_explosion""]","/home/andres/Documentos/proyecto4geeks/data/raw/edge-collected-gunshot-audio/gunshot/83a4c73a-d42f-4dff-9841-dd03f1c2d6e2_chan1_v0.wav","edge-collected-gunshot-audio","train","","True","True","True","wav","4.793","44100","Mono","32","1411200","825.66","2021-12-03 20:29:04"
"cc00e8d8-6add-4bed-a0b4-65988e438021_chan0_v0.wav","/C/gun_explosion_a0a388e0","[""/C/gun_explosion_a0a388e0""]","gun_explosion","[""gun_explosion""]","/home/andres/Documentos/proyecto4geeks/data/raw/edge-collected-gunshot-audio/gunshot/cc00e8d8-6add-4bed-a0b4-65988e438021_chan0_v0.wav","edge-collected-gunshot-audio","train","","True","True","True","wav","5.34","44100","Mono","32","1411200","919.91","2021-12-03 20:27:44"
"b6b54c4a-e6b0-487e-b476-25dc131d0607_chan2_v0.wav","/C/gun_explosion_a0a388e0","[""/C/gun_explosion_a0a388e0""]","gun_explosion","[""gun_explosion""]","/home/andres/Documentos/proyecto4geeks/data/raw/edge-collected-gunshot-audio/gunshot/b6b54c4a-e6b0-487e-b476-25dc131d0607_chan2_v0.wav","edge-collected-gunshot-audio","test","","True","True","True","wav","3.75","44100","Mono","32","1411200","646.05","2021-12-03 20:29:16"
"backup_f235dd1e-d103-4639-b1e7-cdf0731fa121__v1.wav","/C/gun_explosion_a0a388e0","[""/C/gun_explosion_a0a388e0""]","gun_explosion","[""gun_explosion""]","/home/andres/Documentos/proyecto4geeks/data/raw/edge-collected-gunshot-audio/gunshot/backup_f235dd1e-d103-4639-b1e7-cdf0731fa121__v1.wav","edge-collected-gunshot-audio","train","","True","True","True","wav","3.75","44100","Mono","32","1411200","646.05","2021-12-03 20:28:30"
"11fe0e34-0703-42dc-a3f8-36e39a820e98_v2.wav","/C/gun_explosion_a0a388e0","[""/C/gun_explosion_a0a388e0""]","gun_explosion","[""gun_explosion""]","/home/andres/Documentos/proyecto4geeks/data/raw/edge-collected-gunshot-audio/gunshot/11fe0e34-0703-42dc-a3f8-36e39a820e98_v2.wav","edge-collected-gunshot-audio","test","","True","True","True","wav","5.592","44100","Mono","32","1411200","963.4","2021-12-03 20:26:52"
"23e5252c-2680-4dcf-acee-4b58271de2a9_v1.wav","/C/gun_explosion_a0a388e0","[""/C/gun_explosion_a0a388e0""]","gun_explosion","[""gun_explosion""]","/home/andres/Documentos/proyecto4geeks/data/raw/edge-collected-gunshot-audio/gunshot/23e5252c-2680-4dcf-acee-4b58271de2a9_v1.wav","edge-collected-gunshot-audio","train","","True","True","True","wav","3.75","44100","Mono","32","1411200","646.05","2021-12-03 20:28:04"
"83f9faea-4b8b-4b8f-be70-99eedb0f3ac9_chan1_v0.wav","/C/gun_explosion_a0a388e0","[""/C/gun_explosion_a0a388e0""]","gun_explosion","[""gun_explosion""]","/home/andres/Documentos/proyecto4geeks/data/raw/edge-collected-gunshot-audio/gunshot/83f9faea-4b8b-4b8f-be70-99eedb0f3ac9_chan1_v0.wav","edge-collected-gunshot-audio","test","","True","True","True","wav","3.594","44100","Mono","32","1411200","619.16","2021-12-03 20:28:20"
"906a6959-11b2-4a24-94c5-fce000ad00a8_chan0_v0.wav","/C/gun_explosion_a0a388e0","[""/C/gun_explosion_a0a388e0""]","gun_explosion","[""gun_explosion""]","/home/andres/Documentos/proyecto4geeks/data/raw/edge-collected-gunshot-audio/gunshot/906a6959-11b2-4a24-94c5-fce000ad00a8_chan0_v0.wav","edge-collected-gunshot-audio","test","","True","True","True","wav","2.821","44100","Mono","32","1411200","485.98","2021-12-03 20:28:22"
"0495b86d-2f39-4912-916b-0cfbc160cf3d_chan1_v1.wav","/C/gun_explosion_a0a388e0","[""/C/gun_explosion_a0a388e0""]","gun_explosion","[""gun_explosion""]","/home/andres/Documentos/proyecto4geeks/data/raw/edge-collected-gunshot-audio/gunshot/0495b86d-2f39-4912-916b-0cfbc160cf3d_chan1_v1.wav","edge-collected-gunshot-audio","train","","True","True","True","wav","3.75","44100","Mono","32","1411200","646.05","2021-12-03 20:28:42"
"4a8f0528-491b-408b-9c2d-96ab0e8e6dc4_chan1_v0.wav","/C/gun_explosion_a0a388e0","[""/C/gun_explosion_a0a388e0""]","gun_explosion","[""gun_explosion""]","/home/andres/Documentos/proyecto4geeks/data/raw/edge-collected-gunshot-audio/gunshot/4a8f0528-491b-408b-9c2d-96ab0e8e6dc4_chan1_v0.wav","edge-collected-gunshot-audio","train","","True","True","True","wav","3.75","44100","Mono","32","1411200","646.05","2021-12-03 20:28:08"
"906a6959-11b2-4a24-94c5-fce000ad00a8_chan5_v0.wav","/C/gun_explosion_a0a388e0","[""/C/gun_explosion_a0a388e0""]","gun_explosion","[""gun_explosion""]","/home/andres/Documentos/proyecto4geeks/data/raw/edge-collected-gunshot-audio/gunshot/906a6959-11b2-4a24-94c5-fce000ad00a8_chan5_v0.wav","edge-collected-gunshot-audio","train","","True","True","True","wav","2.824","44100","Mono","32","1411200","486.5","2021-12-03 20:28:22"
"ff1d9c73-6178-4b6b-a986-0713b17b84ce_v1.wav","/C/gun_explosion_a0a388e0","[""/C/gun_explosion_a0a388e0""]","gun_explosion","[""gun_explosion""]","/home/andres/Documentos/proyecto4geeks/data/raw/edge-collected-gunshot-audio/gunshot/ff1d9c73-6178-4b6b-a986-0713b17b84ce_v1.wav","edge-collected-gunshot-audio","train","","True","True","True","wav","3.326","44100","Mono","32","1411200","572.98","2021-12-03 20:27:52"
"0ee22b7f-3840-4f8a-8b28-031e6bba5d81_chan3_v0.wav","/C/gun_explosion_a0a388e0","[""/C/gun_explosion_a0a388e0""]","gun_explosion","[""gun_explosion""]","/home/andres/Documentos/proyecto4geeks/data/raw/edge-collected-gunshot-audio/gunshot/0ee22b7f-3840-4f8a-8b28-031e6bba5d81_chan3_v0.wav","edge-collected-gunshot-audio","test","","True","True","True","wav","11.187","44100","Mono","32","1411200","1927.17","2021-12-03 20:27:58"
"9cd245a4-21db-41ab-98e4-0a18f0456e71_mean_v0.wav","/C/gun_explosion_a0a388e0","[""/C/gun_explosion_a0a388e0""]","gun_explosion","[""gun_explosion""]","/home/andres/Documentos/proyecto4geeks/data/raw/edge-collected-gunshot-audio/gunshot/9cd245a4-21db-41ab-98e4-0a18f0456e71_mean_v0.wav","edge-collected-gunshot-audio","train","","True","True","True","wav","3.32","44100","Mono","32","1411200","571.9","2021-12-03 20:28:24"
"c05ea797-711d-4f93-80d1-05a3e76e5c31_chan1_v0.wav","/C/gun_explosion_a0a388e0","[""/C/gun_explosion_a0a388e0""]","gun_explosion","[""gun_explosion""]","/home/andres/Documentos/proyecto4geeks/data/raw/edge-collected-gunshot-audio/gunshot/c05ea797-711d-4f93-80d1-05a3e76e5c31_chan1_v0.wav","edge-collected-gunshot-audio","train","","True","True","True","wav","5.016","44100","Mono","32","1411200","864.2","2021-12-03 20:27:40"
"4a7d254f-44ac-4f83-b931-c1d683486577_chan1_v0.wav","/C/gun_explosion_a0a388e0","[""/C/gun_explosion_a0a388e0""]","gun_explosion","[""gun_explosion""]","/home/andres/Documentos/proyecto4geeks/data/raw/edge-collected-gunshot-audio/gunshot/4a7d254f-44ac-4f83-b931-c1d683486577_chan1_v0.wav","edge-collected-gunshot-audio","train","","True","True","True","wav","5.59","44100","Mono","32","1411200","962.98","2021-12-03 20:28:08"
"48e70f7b-e1e0-447a-b5ec-9ca1a0161a7f_mean_v0.wav","/C/gun_explosion_a0a388e0","[""/C/gun_explosion_a0a388e0""]","gun_explosion","[""gun_explosion""]","/home/andres/Documentos/proyecto4geeks/data/raw/edge-collected-gunshot-audio/gunshot/48e70f7b-e1e0-447a-b5ec-9ca1a0161a7f_mean_v0.wav","edge-collected-gunshot-audio","train","","True","True","True","wav","3.902","44100","Mono","32","1411200","672.24","2021-12-03 20:28:08"
"6f4ec5e4-de4a-4de7-bf2d-301b27d3f82f_v0.wav","/C/gun_explosion_a0a388e0","[""/C/gun_explosion_a0a388e0""]","gun_explosion","[""gun_explosion""]","/home/andres/Documentos/proyecto4geeks/data/raw/edge-collected-gunshot-audio/gunshot/6f4ec5e4-de4a-4de7-bf2d-301b27d3f82f_v0.wav","edge-collected-gunshot-audio","test","","True","True","True","wav","3.088","44100","Mono","32","1411200","532.08","2021-12-03 20:28:16"
"d3a364a1-f1fa-402b-8e7a-d7f57192508c_chan6_v0.wav","/C/gun_explosion_a0a388e0","[""/C/gun_explosion_a0a388e0""]","gun_explosion","[""gun_explosion""]","/home/andres/Documentos/proyecto4geeks/data/raw/edge-collected-gunshot-audio/gunshot/d3a364a1-f1fa-402b-8e7a-d7f57192508c_chan6_v0.wav","edge-collected-gunshot-audio","train","","True","True","True","wav","2.912","44100","Mono","32","1411200","501.71","2021-12-03 20:28:34"
"a0e31937-1988-4fdc-8d5d-95c78b942f4f_chan3_v0.wav","/C/gun_explosion_a0a388e0","[""/C/gun_explosion_a0a388e0""]","gun_explosion","[""gun_explosion""]","/home/andres/Documentos/proyecto4geeks/data/raw/edge-collected-gunshot-audio/gunshot/a0e31937-1988-4fdc-8d5d-95c78b942f4f_chan3_v0.wav","edge-collected-gunshot-audio","train","","True","True","True","wav","2.324","44100","Mono","32","1411200","400.42","2021-12-03 20:27:36"
"1d0d6a99-0a6f-4cce-ad1e-1f952ac98f2a_chan6_v0.wav","/C/gun_explosion_a0a388e0","[""/C/gun_explosion_a0a388e0""]","gun_explosion","[""gun_explosion""]","/home/andres/Documentos/proyecto4geeks/data/raw/edge-collected-gunshot-audio/gunshot/1d0d6a99-0a6f-4cce-ad1e-1f952ac98f2a_chan6_v0.wav","edge-collected-gunshot-audio","train","","True","True","True","wav","3.308","44100","Mono","32","1411200","569.83","2021-12-03 20:28:02"
"090f69a9-885c-45fb-a807-f2661aaeb165_chan5_v0.wav","/C/gun_explosion_a0a388e0","[""/C/gun_explosion_a0a388e0""]","gun_explosion","[""gun_explosion""]","/home/andres/Documentos/proyecto4geeks/data/raw/edge-collected-gunshot-audio/gunshot/090f69a9-885c-45fb-a807-f2661aaeb165_chan5_v0.wav","edge-collected-gunshot-audio","train","","True","True","True","wav","3.75","44100","Mono","32","1411200","646.05","2021-12-03 20:27:18"
"5ac8c241-4728-4ba2-a6ce-8cda24399cca_chan6_v0.wav","/C/gun_explosion_a0a388e0","[""/C/gun_explosion_a0a388e0""]","gun_explosion","[""gun_explosion""]","/home/andres/Documentos/proyecto4geeks/data/raw/edge-collected-gunshot-audio/gunshot/5ac8c241-4728-4ba2-a6ce-8cda24399cca_chan6_v0.wav","edge-collected-gunshot-audio","train","","True","True","True","wav","3.379","44100","Mono","32","1411200","582.15","2021-12-03 20:27:00"
"0ecc8bff-1110-42d7-9c39-06dbdd1a0075_chan4_v0.wav","/C/gun_explosion_a0a388e0","[""/C/gun_explosion_a0a388e0""]","gun_explosion","[""gun_explosion""]","/home/andres/Documentos/proyecto4geeks/data/raw/edge-collected-gunshot-audio/gunshot/0ecc8bff-1110-42d7-9c39-06dbdd1a0075_chan4_v0.wav","edge-collected-gunshot-audio","test","","True","True","True","wav","7.048","44100","Mono","32","1411200","1214.18","2021-12-03 20:26:50"
"5c46db15-509e-43fe-8fde-038b055eb91c_chan3_v0.wav","/C/gun_explosion_a0a388e0","[""/C/gun_explosion_a0a388e0""]","gun_explosion","[""gun_explosion""]","/home/andres/Documentos/proyecto4geeks/data/raw/edge-collected-gunshot-audio/gunshot/5c46db15-509e-43fe-8fde-038b055eb91c_chan3_v0.wav","edge-collected-gunshot-audio","train","","True","True","True","wav","3.75","44100","Mono","32","1411200","646.05","2021-12-03 20:27:00"
"bb8c98f3-1ab8-477f-955a-b60ffc37bdfd_v0.wav","/C/gun_explosion_a0a388e0","[""/C/gun_explosion_a0a388e0""]","gun_explosion","[""gun_explosion""]","/home/andres/Documentos/proyecto4geeks/data/raw/edge-collected-gunshot-audio/gunshot/bb8c98f3-1ab8-477f-955a-b60ffc37bdfd_v0.wav","edge-collected-gunshot-audio","test","","True","True","True","wav","3.258","44100","Mono","32","1411200","561.37","2021-12-03 20:27:38"
"0f9222e9-7896-4a30-b161-092a2931ebb8_v1.wav","/C/gun_explosion_a0a388e0","[""/C/gun_explosion_a0a388e0""]","gun_explosion","[""gun_explosion""]","/home/andres/Documentos/proyecto4geeks/data/raw/edge-collected-gunshot-audio/gunshot/0f9222e9-7896-4a30-b161-092a2931ebb8_v1.wav","edge-collected-gunshot-audio","train","","True","True","True","wav","2.0","44100","Mono","32","1411200","344.59","2021-12-03 20:27:58"
"e060fe86-8161-48c2-889d-173b29cae7c9_v0.wav","/C/gun_explosion_a0a388e0","[""/C/gun_explosion_a0a388e0""]","gun_explosion","[""gun_explosion""]","/home/andres/Documentos/proyecto4geeks/data/raw/edge-collected-gunshot-audio/gunshot/e060fe86-8161-48c2-889d-173b29cae7c9_v0.wav","edge-collected-gunshot-audio","train","","True","True","True","wav","8.527","44100","Mono","32","1411200","1468.96","2021-12-03 20:27:12"
"5f196719-60e8-4771-b3a1-62d26c577473_chan3_v0.wav","/C/gun_explosion_a0a388e0","[""/C/gun_explosion_a0a388e0""]","gun_explosion","[""gun_explosion""]","/home/andres/Documentos/proyecto4geeks/data/raw/edge-collected-gunshot-audio/gunshot/5f196719-60e8-4771-b3a1-62d26c577473_chan3_v0.wav","edge-collected-gunshot-audio","train","","True","True","True","wav","3.75","44100","Mono","32","1411200","646.05","2021-12-03 20:28:14"
"d735d982-c6bb-4a60-9cc7-5c2f6d06da93_chan2_v0.wav","/C/gun_explosion_a0a388e0","[""/C/gun_explosion_a0a388e0""]","gun_explosion","[""gun_explosion""]","/home/andres/Documentos/proyecto4geeks/data/raw/edge-collected-gunshot-audio/gunshot/d735d982-c6bb-4a60-9cc7-5c2f6d06da93_chan2_v0.wav","edge-collected-gunshot-audio","train","","True","True","True","wav","3.397","44100","Mono","32","1411200","585.32","2021-12-03 20:27:46"
"9d01ad9a-3e6b-458c-a02d-dc30f4d83f61_chan0_v0.wav","/C/gun_explosion_a0a388e0","[""/C/gun_explosion_a0a388e0""]","gun_explosion","[""gun_explosion""]","/home/andres/Documentos/proyecto4geeks/data/raw/edge-collected-gunshot-audio/gunshot/9d01ad9a-3e6b-458c-a02d-dc30f4d83f61_chan0_v0.wav","edge-collected-gunshot-audio","train","","True","True","True","wav","6.882","44100","Mono","32","1411200","1185.59","2021-12-03 20:27:06"
"cc00e8d8-6add-4bed-a0b4-65988e438021_chan6_v0.wav","/C/gun_explosion_a0a388e0","[""/C/gun_explosion_a0a388e0""]","gun_explosion","[""gun_explosion""]","/home/andres/Documentos/proyecto4geeks/data/raw/edge-collected-gunshot-audio/gunshot/cc00e8d8-6add-4bed-a0b4-65988e438021_chan6_v0.wav","edge-collected-gunshot-audio","test","","True","True","True","wav","5.34","44100","Mono","32","1411200","919.92","2021-12-03 20:27:44"
"191df8d6-a4c9-4430-9ef8-e05c473fdbfb_chan3_v0.wav","/C/gun_explosion_a0a388e0","[""/C/gun_explosion_a0a388e0""]","gun_explosion","[""gun_explosion""]","/home/andres/Documentos/proyecto4geeks/data/raw/edge-collected-gunshot-audio/gunshot/191df8d6-a4c9-4430-9ef8-e05c473fdbfb_chan3_v0.wav","edge-collected-gunshot-audio","test","","True","True","True","wav","3.537","44100","Mono","32","1411200","609.34","2021-12-03 20:28:44"
"43f25ccb-4d7c-4fed-9cc5-cd2da5c2e4ce_chan5_v0.wav","/C/gun_explosion_a0a388e0","[""/C/gun_explosion_a0a388e0""]","gun_explosion","[""gun_explosion""]","/home/andres/Documentos/proyecto4geeks/data/raw/edge-collected-gunshot-audio/gunshot/43f25ccb-4d7c-4fed-9cc5-cd2da5c2e4ce_chan5_v0.wav","edge-collected-gunshot-audio","test","","True","True","True","wav","5.778","44100","Mono","32","1411200","995.34","2021-12-03 20:26:58"
"b0a13fed-0f85-467f-9355-4b6b5f88969c_chan1_v1.wav","/C/gun_explosion_a0a388e0","[""/C/gun_explosion_a0a388e0""]","gun_explosion","[""gun_explosion""]","/home/andres/Documentos/proyecto4geeks/data/raw/edge-collected-gunshot-audio/gunshot/b0a13fed-0f85-467f-9355-4b6b5f88969c_chan1_v1.wav","edge-collected-gunshot-audio","train","","True","True","True","wav","3.522","44100","Mono","32","1411200","606.85","2021-12-03 20:28:28"
"3f294bc9-6278-4040-bbff-7547ca7ecde3_chan0_v0.wav","/C/gun_explosion_a0a388e0","[""/C/gun_explosion_a0a388e0""]","gun_explosion","[""gun_explosion""]","/home/andres/Documentos/proyecto4geeks/data/raw/edge-collected-gunshot-audio/gunshot/3f294bc9-6278-4040-bbff-7547ca7ecde3_chan0_v0.wav","edge-collected-gunshot-audio","test","","True","True","True","wav","4.553","44100","Mono","32","1411200","784.33","2021-12-03 20:28:52"
"79c04fcc-da8d-4250-927b-9747b4f4354c_mean_v0.wav","/C/gun_explosion_a0a388e0","[""/C/gun_explosion_a0a388e0""]","gun_explosion","[""gun_explosion""]","/home/andres/Documentos/proyecto4geeks/data/raw/edge-collected-gunshot-audio/gunshot/79c04fcc-da8d-4250-927b-9747b4f4354c_mean_v0.wav","edge-collected-gunshot-audio","train","","True","True","True","wav","3.573","44100","Mono","32","1411200","615.51","2021-12-03 20:28:18"
"3de9cd1a-f889-4834-8b92-968e4ef4e770_v0.wav","/C/gun_explosion_a0a388e0","[""/C/gun_explosion_a0a388e0""]","gun_explosion","[""gun_explosion""]","/home/andres/Documentos/proyecto4geeks/data/raw/edge-collected-gunshot-audio/gunshot/3de9cd1a-f889-4834-8b92-968e4ef4e770_v0.wav","edge-collected-gunshot-audio","train","","True","True","True","wav","3.75","44100","Mono","32","1411200","646.05","2021-12-03 20:28:06"
"da1019cd-4fdd-404c-a76f-e3fa43997a28_chan4_v0.wav","/C/gun_explosion_a0a388e0","[""/C/gun_explosion_a0a388e0""]","gun_explosion","[""gun_explosion""]","/home/andres/Documentos/proyecto4geeks/data/raw/edge-collected-gunshot-audio/gunshot/da1019cd-4fdd-404c-a76f-e3fa43997a28_chan4_v0.wav","edge-collected-gunshot-audio","train","","True","True","True","wav","6.703","44100","Mono","32","1411200","1154.69","2021-12-03 20:29:22"
"bb5a8b3f-3724-456e-83e1-55f5ca5ac68a_chan1_v0.wav","/C/gun_explosion_a0a388e0","[""/C/gun_explosion_a0a388e0""]","gun_explosion","[""gun_explosion""]","/home/andres/Documentos/proyecto4geeks/data/raw/edge-collected-gunshot-audio/gunshot/bb5a8b3f-3724-456e-83e1-55f5ca5ac68a_chan1_v0.wav","edge-collected-gunshot-audio","train","","True","True","True","wav","3.75","44100","Mono","32","1411200","646.05","2021-12-03 20:28:30"
"c6e909ea-500d-4203-af3c-31a7339481b4_chan0_v0.wav","/C/gun_explosion_a0a388e0","[""/C/gun_explosion_a0a388e0""]","gun_explosion","[""gun_explosion""]","/home/andres/Documentos/proyecto4geeks/data/raw/edge-collected-gunshot-audio/gunshot/c6e909ea-500d-4203-af3c-31a7339481b4_chan0_v0.wav","edge-collected-gunshot-audio","train","","True","True","True","wav","4.347","44100","Mono","32","1411200","748.88","2021-12-03 20:28:32"
"22ed4ab2-febd-4d74-9777-ea4f8c6469ae_chan4_v0.wav","/C/gun_explosion_a0a388e0","[""/C/gun_explosion_a0a388e0""]","gun_explosion","[""gun_explosion""]","/home/andres/Documentos/proyecto4geeks/data/raw/edge-collected-gunshot-audio/gunshot/22ed4ab2-febd-4d74-9777-ea4f8c6469ae_chan4_v0.wav","edge-collected-gunshot-audio","train","","True","True","True","wav","3.75","44100","Mono","32","1411200","646.05","2021-12-03 20:28:02"
"d3a364a1-f1fa-402b-8e7a-d7f57192508c_chan2_v0.wav","/C/gun_explosion_a0a388e0","[""/C/gun_explosion_a0a388e0""]","gun_explosion","[""gun_explosion""]","/home/andres/Documentos/proyecto4geeks/data/raw/edge-collected-gunshot-audio/gunshot/d3a364a1-f1fa-402b-8e7a-d7f57192508c_chan2_v0.wav","edge-collected-gunshot-audio","train","","True","True","True","wav","2.912","44100","Mono","32","1411200","501.71","2021-12-03 20:28:34"
"8af2c7a4-73b8-4149-805d-e8632e0c9e3c_mean_v0.wav","/C/gun_explosion_a0a388e0","[""/C/gun_explosion_a0a388e0""]","gun_explosion","[""gun_explosion""]","/home/andres/Documentos/proyecto4geeks/data/raw/edge-collected-gunshot-audio/gunshot/8af2c7a4-73b8-4149-805d-e8632e0c9e3c_mean_v0.wav","edge-collected-gunshot-audio","test","","True","True","True","wav","2.641","44100","Mono","32","1411200","454.95","2021-12-03 20:28:22"
"063b74d6-eb05-437e-b767-14a3248cd10c_mean_v0.wav","/C/gun_explosion_a0a388e0","[""/C/gun_explosion_a0a388e0""]","gun_explosion","[""gun_explosion""]","/home/andres/Documentos/proyecto4geeks/data/raw/edge-collected-gunshot-audio/gunshot/063b74d6-eb05-437e-b767-14a3248cd10c_mean_v0.wav","edge-collected-gunshot-audio","test","","True","True","True","wav","2.556","44100","Mono","32","1411200","440.29","2021-12-03 20:26:48"
"7b2c5211-c425-4a2d-9989-f8d1946d2187_chan2_v0.wav","/C/gun_explosion_a0a388e0","[""/C/gun_explosion_a0a388e0""]","gun_explosion","[""gun_explosion""]","/home/andres/Documentos/proyecto4geeks/data/raw/edge-collected-gunshot-audio/gunshot/7b2c5211-c425-4a2d-9989-f8d1946d2187_chan2_v0.wav","edge-collected-gunshot-audio","test","","True","True","True","wav","2.389","44100","Mono","32","1411200","411.56","2021-12-03 20:28:18"
"add8ab04-9181-4a95-8c5c-1538f857da1f_v0.wav","/C/gun_explosion_a0a388e0","[""/C/gun_explosion_a0a388e0""]","gun_explosion","[""gun_explosion""]","/home/andres/Documentos/proyecto4geeks/data/raw/edge-collected-gunshot-audio/gunshot/add8ab04-9181-4a95-8c5c-1538f857da1f_v0.wav","edge-collected-gunshot-audio","train","","True","True","True","wav","3.75","44100","Mono","32","1411200","646.05","2021-12-03 20:29:14"
"7bbf1085-7e14-44c0-9fe2-8ede26106efe_chan3_v0.wav","/C/gun_explosion_a0a388e0","[""/C/gun_explosion_a0a388e0""]","gun_explosion","[""gun_explosion""]","/home/andres/Documentos/proyecto4geeks/data/raw/edge-collected-gunshot-audio/gunshot/7bbf1085-7e14-44c0-9fe2-8ede26106efe_chan3_v0.wav","edge-collected-gunshot-audio","train","","True","True","True","wav","2.557","44100","Mono","32","1411200","440.56","2021-12-03 20:27:32"
"2392a437-9548-44f9-9d79-f5a0b6dcafb2_v5.wav","/C/gun_explosion_a0a388e0","[""/C/gun_explosion_a0a388e0""]","gun_explosion","[""gun_explosion""]","/home/andres/Documentos/proyecto4geeks/data/raw/edge-collected-gunshot-audio/gunshot/2392a437-9548-44f9-9d79-f5a0b6dcafb2_v5.wav","edge-collected-gunshot-audio","train","","True","True","True","wav","3.75","44100","Mono","32","1411200","646.05","2021-12-03 20:27:22"
"545023ab-9344-4ff1-b0a7-ef5eda73893d_mean_v1.wav","/C/gun_explosion_a0a388e0","[""/C/gun_explosion_a0a388e0""]","gun_explosion","[""gun_explosion""]","/home/andres/Documentos/proyecto4geeks/data/raw/edge-collected-gunshot-audio/gunshot/545023ab-9344-4ff1-b0a7-ef5eda73893d_mean_v1.wav","edge-collected-gunshot-audio","train","","True","True","True","wav","3.409","44100","Mono","32","1411200","587.37","2021-12-03 20:28:12"
"51e8f00c-9563-46b7-ab98-430ce0e62493_v0.wav","/C/gun_explosion_a0a388e0","[""/C/gun_explosion_a0a388e0""]","gun_explosion","[""gun_explosion""]","/home/andres/Documentos/proyecto4geeks/data/raw/edge-collected-gunshot-audio/gunshot/51e8f00c-9563-46b7-ab98-430ce0e62493_v0.wav","edge-collected-gunshot-audio","test","","True","True","True","wav","3.75","44100","Mono","32","1411200","646.05","2021-12-03 20:28:52"
"b0a13fed-0f85-467f-9355-4b6b5f88969c_chan2_v0.wav","/C/gun_explosion_a0a388e0","[""/C/gun_explosion_a0a388e0""]","gun_explosion","[""gun_explosion""]","/home/andres/Documentos/proyecto4geeks/data/raw/edge-collected-gunshot-audio/gunshot/b0a13fed-0f85-467f-9355-4b6b5f88969c_chan2_v0.wav","edge-collected-gunshot-audio","test","","True","True","True","wav","3.75","44100","Mono","32","1411200","646.05","2021-12-03 20:28:28"
"5bc4497c-5bcd-4114-9879-e16d05b30027_mean_v0.wav","/C/gun_explosion_a0a388e0","[""/C/gun_explosion_a0a388e0""]","gun_explosion","[""gun_explosion""]","/home/andres/Documentos/proyecto4geeks/data/raw/edge-collected-gunshot-audio/gunshot/5bc4497c-5bcd-4114-9879-e16d05b30027_mean_v0.wav","edge-collected-gunshot-audio","train","","True","True","True","wav","3.922","44100","Mono","32","1411200","675.62","2021-12-03 20:28:12"
"fafcea59-e153-45f0-a400-8a6d91a83517_v0.wav","/C/gun_explosion_a0a388e0","[""/C/gun_explosion_a0a388e0""]","gun_explosion","[""gun_explosion""]","/home/andres/Documentos/proyecto4geeks/data/raw/edge-collected-gunshot-audio/gunshot/fafcea59-e153-45f0-a400-8a6d91a83517_v0.wav","edge-collected-gunshot-audio","train","","True","True","True","wav","3.75","44100","Mono","32","1411200","646.05","2021-12-03 20:28:40"
"62b53733-3fdf-4edf-93b8-e4714e348f90_v1.wav","/C/gun_explosion_a0a388e0","[""/C/gun_explosion_a0a388e0""]","gun_explosion","[""gun_explosion""]","/home/andres/Documentos/proyecto4geeks/data/raw/edge-collected-gunshot-audio/gunshot/62b53733-3fdf-4edf-93b8-e4714e348f90_v1.wav","edge-collected-gunshot-audio","train","","True","True","True","wav","3.75","44100","Mono","32","1411200","646.05","2021-12-03 20:27:30"
"1fab478a-049c-40e2-8662-8102e3501d67_chan4_v0.wav","/C/gun_explosion_a0a388e0","[""/C/gun_explosion_a0a388e0""]","gun_explosion","[""gun_explosion""]","/home/andres/Documentos/proyecto4geeks/data/raw/edge-collected-gunshot-audio/gunshot/1fab478a-049c-40e2-8662-8102e3501d67_chan4_v0.wav","edge-collected-gunshot-audio","train","","True","True","True","wav","3.104","44100","Mono","32","1411200","534.76","2021-12-03 20:26:54"
"e2f3a120-6fcd-4760-917d-bb03ebff63d8_mean_v5.wav","/C/gun_explosion_a0a388e0","[""/C/gun_explosion_a0a388e0""]","gun_explosion","[""gun_explosion""]","/home/andres/Documentos/proyecto4geeks/data/raw/edge-collected-gunshot-audio/gunshot/e2f3a120-6fcd-4760-917d-bb03ebff63d8_mean_v5.wav","edge-collected-gunshot-audio","train","","True","True","True","wav","3.75","44100","Mono","32","1411200","646.05","2021-12-03 20:27:50"
"afc7fdde-835c-49ba-83e0-7f8e97c7769e_v0.wav","/C/gun_explosion_a0a388e0","[""/C/gun_explosion_a0a388e0""]","gun_explosion","[""gun_explosion""]","/home/andres/Documentos/proyecto4geeks/data/raw/edge-collected-gunshot-audio/gunshot/afc7fdde-835c-49ba-83e0-7f8e97c7769e_v0.wav","edge-collected-gunshot-audio","train","","True","True","True","wav","3.75","44100","Mono","32","1411200","646.05","2021-12-03 20:27:08"
"19062f3c-9b24-43eb-aa91-797a1babffc3_chan4_v0.wav","/C/gun_explosion_a0a388e0","[""/C/gun_explosion_a0a388e0""]","gun_explosion","[""gun_explosion""]","/home/andres/Documentos/proyecto4geeks/data/raw/edge-collected-gunshot-audio/gunshot/19062f3c-9b24-43eb-aa91-797a1babffc3_chan4_v0.wav","edge-collected-gunshot-audio","train","","True","True","True","wav","4.708","44100","Mono","32","1411200","811.01","2021-12-03 20:27:22"
"2e743d86-86f3-4ee6-8e8d-20618a383433_chan5_v0.wav","/C/gun_explosion_a0a388e0","[""/C/gun_explosion_a0a388e0""]","gun_explosion","[""gun_explosion""]","/home/andres/Documentos/proyecto4geeks/data/raw/edge-collected-gunshot-audio/gunshot/2e743d86-86f3-4ee6-8e8d-20618a383433_chan5_v0.wav","edge-collected-gunshot-audio","train","","True","True","True","wav","11.75","44100","Mono","32","1411200","2024.23","2021-12-03 20:28:04"
"e074e5f5-465f-433f-a15d-ac6512ec1de2_chan2_v0.wav","/C/gun_explosion_a0a388e0","[""/C/gun_explosion_a0a388e0""]","gun_explosion","[""gun_explosion""]","/home/andres/Documentos/proyecto4geeks/data/raw/edge-collected-gunshot-audio/gunshot/e074e5f5-465f-433f-a15d-ac6512ec1de2_chan2_v0.wav","edge-collected-gunshot-audio","train","","True","True","True","wav","5.874","44100","Mono","32","1411200","1012.03","2021-12-03 20:28:36"
"972e5199-b99c-4f49-b006-ec7c2903f2ee_chan2_v0.wav","/C/gun_explosion_a0a388e0","[""/C/gun_explosion_a0a388e0""]","gun_explosion","[""gun_explosion""]","/home/andres/Documentos/proyecto4geeks/data/raw/edge-collected-gunshot-audio/gunshot/972e5199-b99c-4f49-b006-ec7c2903f2ee_chan2_v0.wav","edge-collected-gunshot-audio","test","","True","True","True","wav","3.75","44100","Mono","32","1411200","646.05","2021-12-03 20:29:08"
"9fe037df-d10f-48a0-b988-1a6202c10f46_chan1_v0.wav","/C/gun_explosion_a0a388e0","[""/C/gun_explosion_a0a388e0""]","gun_explosion","[""gun_explosion""]","/home/andres/Documentos/proyecto4geeks/data/raw/edge-collected-gunshot-audio/gunshot/9fe037df-d10f-48a0-b988-1a6202c10f46_chan1_v0.wav","edge-collected-gunshot-audio","train","","True","True","True","wav","3.75","44100","Mono","32","1411200","646.05","2021-12-03 20:28:24"
"ee3ef4e5-4462-40e8-9f4f-33e8b52def35_v2.wav","/C/gun_explosion_a0a388e0","[""/C/gun_explosion_a0a388e0""]","gun_explosion","[""gun_explosion""]","/home/andres/Documentos/proyecto4geeks/data/raw/edge-collected-gunshot-audio/gunshot/ee3ef4e5-4462-40e8-9f4f-33e8b52def35_v2.wav","edge-collected-gunshot-audio","train","","True","True","True","wav","2.0","44100","Mono","32","1411200","344.59","2021-12-03 20:28:40"
"24ed6f76-c141-4366-a98c-f09596a4e5c0_v5.wav","/C/gun_explosion_a0a388e0","[""/C/gun_explosion_a0a388e0""]","gun_explosion","[""gun_explosion""]","/home/andres/Documentos/proyecto4geeks/data/raw/edge-collected-gunshot-audio/gunshot/24ed6f76-c141-4366-a98c-f09596a4e5c0_v5.wav","edge-collected-gunshot-audio","train","","True","True","True","wav","2.0","44100","Mono","32","1411200","344.59","2021-12-03 20:28:04"
"ea3ba9e7-1b6a-4ba1-afff-bc3543d9a61d_chan3_v0.wav","/C/gun_explosion_a0a388e0","[""/C/gun_explosion_a0a388e0""]","gun_explosion","[""gun_explosion""]","/home/andres/Documentos/proyecto4geeks/data/raw/edge-collected-gunshot-audio/gunshot/ea3ba9e7-1b6a-4ba1-afff-bc3543d9a61d_chan3_v0.wav","edge-collected-gunshot-audio","test","","True","True","True","wav","3.75","44100","Mono","32","1411200","646.05","2021-12-03 20:28:38"
"1a1db5f5-080b-4b6d-9c77-0fe675aed427_chan3_v0.wav","/C/gun_explosion_a0a388e0","[""/C/gun_explosion_a0a388e0""]","gun_explosion","[""gun_explosion""]","/home/andres/Documentos/proyecto4geeks/data/raw/edge-collected-gunshot-audio/gunshot/1a1db5f5-080b-4b6d-9c77-0fe675aed427_chan3_v0.wav","edge-collected-gunshot-audio","train","","True","True","True","wav","5.695","44100","Mono","32","1411200","981.13","2021-12-03 20:27:22"
"6320dc5c-a956-40b8-a664-45f1edcf3b3b_chan5_v2.wav","/C/gun_explosion_a0a388e0","[""/C/gun_explosion_a0a388e0""]","gun_explosion","[""gun_explosion""]","/home/andres/Documentos/proyecto4geeks/data/raw/edge-collected-gunshot-audio/gunshot/6320dc5c-a956-40b8-a664-45f1edcf3b3b_chan5_v2.wav","edge-collected-gunshot-audio","train","","True","True","True","wav","4.569","44100","Mono","32","1411200","787.08","2021-12-03 20:27:32"
"8e797a44-9626-4a68-a143-98cc447fbca2_v0.wav","/C/gun_explosion_a0a388e0","[""/C/gun_explosion_a0a388e0""]","gun_explosion","[""gun_explosion""]","/home/andres/Documentos/proyecto4geeks/data/raw/edge-collected-gunshot-audio/gunshot/8e797a44-9626-4a68-a143-98cc447fbca2_v0.wav","edge-collected-gunshot-audio","train","","True","True","True","wav","3.75","44100","Mono","32","1411200","646.05","2021-12-03 20:29:06"
"77ac463c-098c-484a-8394-66285cc161a4_chan1_v0.wav","/C/gun_explosion_a0a388e0","[""/C/gun_explosion_a0a388e0""]","gun_explosion","[""gun_explosion""]","/home/andres/Documentos/proyecto4geeks/data/raw/edge-collected-gunshot-audio/gunshot/77ac463c-098c-484a-8394-66285cc161a4_chan1_v0.wav","edge-collected-gunshot-audio","test","","True","True","True","wav","3.75","44100","Mono","32","1411200","646.05","2021-12-03 20:27:02"
"e9b3d683-c7ec-4e77-9d3b-963d30d641f7_chan5_v0.wav","/C/gun_explosion_a0a388e0","[""/C/gun_explosion_a0a388e0""]","gun_explosion","[""gun_explosion""]","/home/andres/Documentos/proyecto4geeks/data/raw/edge-collected-gunshot-audio/gunshot/e9b3d683-c7ec-4e77-9d3b-963d30d641f7_chan5_v0.wav","edge-collected-gunshot-audio","train","","True","True","True","wav","5.678","44100","Mono","32","1411200","978.19","2021-12-03 20:29:26"
"311641e1-8a87-4a2b-a12d-5d451505741c_v5.wav","/C/gun_explosion_a0a388e0","[""/C/gun_explosion_a0a388e0""]","gun_explosion","[""gun_explosion""]","/home/andres/Documentos/proyecto4geeks/data/raw/edge-collected-gunshot-audio/gunshot/311641e1-8a87-4a2b-a12d-5d451505741c_v5.wav","edge-collected-gunshot-audio","train","","True","True","True","wav","2.0","44100","Mono","32","1411200","344.59","2021-12-03 20:28:06"
"b23e9f5b-f76c-4c28-bf87-0599a47e0ba4_chan1_v3.wav","/C/gun_explosion_a0a388e0","[""/C/gun_explosion_a0a388e0""]","gun_explosion","[""gun_explosion""]","/home/andres/Documentos/proyecto4geeks/data/raw/edge-collected-gunshot-audio/gunshot/b23e9f5b-f76c-4c28-bf87-0599a47e0ba4_chan1_v3.wav","edge-collected-gunshot-audio","train","","True","True","True","wav","7.902","44100","Mono","32","1411200","1361.33","2021-12-03 20:29:16"
"6320dc5c-a956-40b8-a664-45f1edcf3b3b_chan3_v0.wav","/C/gun_explosion_a0a388e0","[""/C/gun_explosion_a0a388e0""]","gun_explosion","[""gun_explosion""]","/home/andres/Documentos/proyecto4geeks/data/raw/edge-collected-gunshot-audio/gunshot/6320dc5c-a956-40b8-a664-45f1edcf3b3b_chan3_v0.wav","edge-collected-gunshot-audio","test","","True","True","True","wav","3.75","44100","Mono","32","1411200","646.05","2021-12-03 20:27:30"
"0b4a7cf7-8f49-4efd-bab9-0a3102bc2fb4_chan0_v0.wav","/C/gun_explosion_a0a388e0","[""/C/gun_explosion_a0a388e0""]","gun_explosion","[""gun_explosion""]","/home/andres/Documentos/proyecto4geeks/data/raw/edge-collected-gunshot-audio/gunshot/0b4a7cf7-8f49-4efd-bab9-0a3102bc2fb4_chan0_v0.wav","edge-collected-gunshot-audio","test","","True","True","True","wav","5.75","44100","Mono","32","1411200","990.51","2021-12-03 20:26:50"
"adca0472-ee71-44c9-a22d-ee86d7bb85a6_chan0_v0.wav","/C/gun_explosion_a0a388e0","[""/C/gun_explosion_a0a388e0""]","gun_explosion","[""gun_explosion""]","/home/andres/Documentos/proyecto4geeks/data/raw/edge-collected-gunshot-audio/gunshot/adca0472-ee71-44c9-a22d-ee86d7bb85a6_chan0_v0.wav","edge-collected-gunshot-audio","train","","True","True","True","wav","4.603","44100","Mono","32","1411200","793.0","2021-12-03 20:27:38"
"9fe037df-d10f-48a0-b988-1a6202c10f46_chan6_v0.wav","/C/gun_explosion_a0a388e0","[""/C/gun_explosion_a0a388e0""]","gun_explosion","[""gun_explosion""]","/home/andres/Documentos/proyecto4geeks/data/raw/edge-collected-gunshot-audio/gunshot/9fe037df-d10f-48a0-b988-1a6202c10f46_chan6_v0.wav","edge-collected-gunshot-audio","train","","True","True","True","wav","3.75","44100","Mono","32","1411200","646.05","2021-12-03 20:28:26"
"090f69a9-885c-45fb-a807-f2661aaeb165_chan2_v1.wav","/C/gun_explosion_a0a388e0","[""/C/gun_explosion_a0a388e0""]","gun_explosion","[""gun_explosion""]","/home/andres/Documentos/proyecto4geeks/data/raw/edge-collected-gunshot-audio/gunshot/090f69a9-885c-45fb-a807-f2661aaeb165_chan2_v1.wav","edge-collected-gunshot-audio","train","","True","True","True","wav","5.921","44100","Mono","32","1411200","1020.13","2021-12-03 20:27:18"
"090f69a9-885c-45fb-a807-f2661aaeb165_chan3_v0.wav","/C/gun_explosion_a0a388e0","[""/C/gun_explosion_a0a388e0""]","gun_explosion","[""gun_explosion""]","/home/andres/Documentos/proyecto4geeks/data/raw/edge-collected-gunshot-audio/gunshot/090f69a9-885c-45fb-a807-f2661aaeb165_chan3_v0.wav","edge-collected-gunshot-audio","test","","True","True","True","wav","3.75","44100","Mono","32","1411200","646.05","2021-12-03 20:27:18"
"44d4ef73-d556-4651-b826-6d06c9ae67ed_v0.wav","/C/gun_explosion_a0a388e0","[""/C/gun_explosion_a0a388e0""]","gun_explosion","[""gun_explosion""]","/home/andres/Documentos/proyecto4geeks/data/raw/edge-collected-gunshot-audio/gunshot/44d4ef73-d556-4651-b826-6d06c9ae67ed_v0.wav","edge-collected-gunshot-audio","train","","True","True","True","wav","3.75","44100","Mono","32","1411200","646.05","2021-12-03 20:26:58"
"022dd50f-a4ee-4b33-b267-8df6e4e40f20_v4.wav","/C/gun_explosion_a0a388e0","[""/C/gun_explosion_a0a388e0""]","gun_explosion","[""gun_explosion""]","/home/andres/Documentos/proyecto4geeks/data/raw/edge-collected-gunshot-audio/gunshot/022dd50f-a4ee-4b33-b267-8df6e4e40f20_v4.wav","edge-collected-gunshot-audio","test","","True","True","True","wav","2.0","44100","Mono","32","1411200","344.59","2021-12-03 20:27:54"
"83a4c73a-d42f-4dff-9841-dd03f1c2d6e2_chan0_v0.wav","/C/gun_explosion_a0a388e0","[""/C/gun_explosion_a0a388e0""]","gun_explosion","[""gun_explosion""]","/home/andres/Documentos/proyecto4geeks/data/raw/edge-collected-gunshot-audio/gunshot/83a4c73a-d42f-4dff-9841-dd03f1c2d6e2_chan0_v0.wav","edge-collected-gunshot-audio","train","","True","True","True","wav","5.01","44100","Mono","32","1411200","863.15","2021-12-03 20:29:02"
"524157e1-fb04-46b2-b887-8fcc84c4261a_chan6_v1.wav","/C/gun_explosion_a0a388e0","[""/C/gun_explosion_a0a388e0""]","gun_explosion","[""gun_explosion""]","/home/andres/Documentos/proyecto4geeks/data/raw/edge-collected-gunshot-audio/gunshot/524157e1-fb04-46b2-b887-8fcc84c4261a_chan6_v1.wav","edge-collected-gunshot-audio","train","","True","True","True","wav","8.999","44100","Mono","32","1411200","1550.21","2021-12-03 20:28:54"
"d60be857-2a00-49c0-9470-94a34b3de217_chan1_v0.wav","/C/gun_explosion_a0a388e0","[""/C/gun_explosion_a0a388e0""]","gun_explosion","[""gun_explosion""]","/home/andres/Documentos/proyecto4geeks/data/raw/edge-collected-gunshot-audio/gunshot/d60be857-2a00-49c0-9470-94a34b3de217_chan1_v0.wav","edge-collected-gunshot-audio","train","","True","True","True","wav","5.866","44100","Mono","32","1411200","1010.62","2021-12-03 20:29:22"
"62b53733-3fdf-4edf-93b8-e4714e348f90_v0.wav","/C/gun_explosion_a0a388e0","[""/C/gun_explosion_a0a388e0""]","gun_explosion","[""gun_explosion""]","/home/andres/Documentos/proyecto4geeks/data/raw/edge-collected-gunshot-audio/gunshot/62b53733-3fdf-4edf-93b8-e4714e348f90_v0.wav","edge-collected-gunshot-audio","train","","True","True","True","wav","3.75","44100","Mono","32","1411200","646.05","2021-12-03 20:27:30"
"c076327b-0718-4e38-8620-ba345aa2cdbc_v3.wav","/C/gun_explosion_a0a388e0","[""/C/gun_explosion_a0a388e0""]","gun_explosion","[""gun_explosion""]","/home/andres/Documentos/proyecto4geeks/data/raw/edge-collected-gunshot-audio/gunshot/c076327b-0718-4e38-8620-ba345aa2cdbc_v3.wav","edge-collected-gunshot-audio","train","","True","True","True","wav","3.75","44100","Mono","32","1411200","646.05","2021-12-03 20:29:18"
"683cbedc-1319-4bfe-a656-cdf5e9b1c98f_chan6_v0.wav","/C/gun_explosion_a0a388e0","[""/C/gun_explosion_a0a388e0""]","gun_explosion","[""gun_explosion""]","/home/andres/Documentos/proyecto4geeks/data/raw/edge-collected-gunshot-audio/gunshot/683cbedc-1319-4bfe-a656-cdf5e9b1c98f_chan6_v0.wav","edge-collected-gunshot-audio","train","","True","True","True","wav","4.963","44100","Mono","32","1411200","854.96","2021-12-03 20:28:58"
"81b21b3c-70a1-4202-918f-3d896278d405_chan2_v0.wav","/C/gun_explosion_a0a388e0","[""/C/gun_explosion_a0a388e0""]","gun_explosion","[""gun_explosion""]","/home/andres/Documentos/proyecto4geeks/data/raw/edge-collected-gunshot-audio/gunshot/81b21b3c-70a1-4202-918f-3d896278d405_chan2_v0.wav","edge-collected-gunshot-audio","train","","True","True","True","wav","5.298","44100","Mono","32","1411200","912.74","2021-12-03 20:29:02"
"e73d935b-ddfa-4139-91d6-9d2f68994770_mean_v0.wav","/C/gun_explosion_a0a388e0","[""/C/gun_explosion_a0a388e0""]","gun_explosion","[""gun_explosion""]","/home/andres/Documentos/proyecto4geeks/data/raw/edge-collected-gunshot-audio/gunshot/e73d935b-ddfa-4139-91d6-9d2f68994770_mean_v0.wav","edge-collected-gunshot-audio","train","","True","True","True","wav","3.75","44100","Mono","32","1411200","646.05","2021-12-03 20:27:50"
"d5b6bac9-c996-4955-a13d-9cb19e5b372a_chan5_v0.wav","/C/gun_explosion_a0a388e0","[""/C/gun_explosion_a0a388e0""]","gun_explosion","[""gun_explosion""]","/home/andres/Documentos/proyecto4geeks/data/raw/edge-collected-gunshot-audio/gunshot/d5b6bac9-c996-4955-a13d-9cb19e5b372a_chan5_v0.wav","edge-collected-gunshot-audio","train","","True","True","True","wav","10.706","44100","Mono","32","1411200","1844.32","2021-12-03 20:28:36"
"b6b54c4a-e6b0-487e-b476-25dc131d0607_mean_v0.wav","/C/gun_explosion_a0a388e0","[""/C/gun_explosion_a0a388e0""]","gun_explosion","[""gun_explosion""]","/home/andres/Documentos/proyecto4geeks/data/raw/edge-collected-gunshot-audio/gunshot/b6b54c4a-e6b0-487e-b476-25dc131d0607_mean_v0.wav","edge-collected-gunshot-audio","train","","True","True","True","wav","3.75","44100","Mono","32","1411200","646.05","2021-12-03 20:29:18"
"738f379b-fe71-4aea-a680-1f95dff38ef1_chan5_v0.wav","/C/gun_explosion_a0a388e0","[""/C/gun_explosion_a0a388e0""]","gun_explosion","[""gun_explosion""]","/home/andres/Documentos/proyecto4geeks/data/raw/edge-collected-gunshot-audio/gunshot/738f379b-fe71-4aea-a680-1f95dff38ef1_chan5_v0.wav","edge-collected-gunshot-audio","train","","True","True","True","wav","3.75","44100","Mono","32","1411200","646.05","2021-12-03 20:28:18"
"cda2b67e-0c10-4b96-8a5d-0819fe357bea_mean_v0.wav","/C/gun_explosion_a0a388e0","[""/C/gun_explosion_a0a388e0""]","gun_explosion","[""gun_explosion""]","/home/andres/Documentos/proyecto4geeks/data/raw/edge-collected-gunshot-audio/gunshot/cda2b67e-0c10-4b96-8a5d-0819fe357bea_mean_v0.wav","edge-collected-gunshot-audio","train","","True","True","True","wav","2.397","44100","Mono","32","1411200","412.95","2021-12-03 20:27:44"
"5ec1b4c4-e9bb-4e83-a69f-c71e322cd656_mean_v0.wav","/C/gun_explosion_a0a388e0","[""/C/gun_explosion_a0a388e0""]","gun_explosion","[""gun_explosion""]","/home/andres/Documentos/proyecto4geeks/data/raw/edge-collected-gunshot-audio/gunshot/5ec1b4c4-e9bb-4e83-a69f-c71e322cd656_mean_v0.wav","edge-collected-gunshot-audio","train","","True","True","True","wav","11.225","44100","Mono","32","1411200","1933.81","2021-12-03 20:28:14"
"57732423-91a8-4d0f-b623-c9a61731b270_v0.wav","/C/gun_explosion_a0a388e0","[""/C/gun_explosion_a0a388e0""]","gun_explosion","[""gun_explosion""]","/home/andres/Documentos/proyecto4geeks/data/raw/edge-collected-gunshot-audio/gunshot/57732423-91a8-4d0f-b623-c9a61731b270_v0.wav","edge-collected-gunshot-audio","train","","True","True","True","wav","3.75","44100","Mono","32","1411200","646.05","2021-12-03 20:28:12"
"1f85c0fd-51bb-470c-9b40-0f0faa5cae1f_chan2_v0.wav","/C/gun_explosion_a0a388e0","[""/C/gun_explosion_a0a388e0""]","gun_explosion","[""gun_explosion""]","/home/andres/Documentos/proyecto4geeks/data/raw/edge-collected-gunshot-audio/gunshot/1f85c0fd-51bb-470c-9b40-0f0faa5cae1f_chan2_v0.wav","edge-collected-gunshot-audio","train","","True","True","True","wav","3.75","44100","Mono","32","1411200","646.05","2021-12-03 20:28:02"
"0f9222e9-7896-4a30-b161-092a2931ebb8_v8.wav","/C/gun_explosion_a0a388e0","[""/C/gun_explosion_a0a388e0""]","gun_explosion","[""gun_explosion""]","/home/andres/Documentos/proyecto4geeks/data/raw/edge-collected-gunshot-audio/gunshot/0f9222e9-7896-4a30-b161-092a2931ebb8_v8.wav","edge-collected-gunshot-audio","train","","True","True","True","wav","3.75","44100","Mono","32","1411200","646.05","2021-12-03 20:27:58"
"3f5138a7-0f5b-4ead-b551-3475032820fb_chan1_v0.wav","/C/gun_explosion_a0a388e0","[""/C/gun_explosion_a0a388e0""]","gun_explosion","[""gun_explosion""]","/home/andres/Documentos/proyecto4geeks/data/raw/edge-collected-gunshot-audio/gunshot/3f5138a7-0f5b-4ead-b551-3475032820fb_chan1_v0.wav","edge-collected-gunshot-audio","test","","True","True","True","wav","2.623","44100","Mono","32","1411200","451.97","2021-12-03 20:26:56"
"817f1ecb-9667-426f-814f-d904ab544df9_v0.wav","/C/gun_explosion_a0a388e0","[""/C/gun_explosion_a0a388e0""]","gun_explosion","[""gun_explosion""]","/home/andres/Documentos/proyecto4geeks/data/raw/edge-collected-gunshot-audio/gunshot/817f1ecb-9667-426f-814f-d904ab544df9_v0.wav","edge-collected-gunshot-audio","train","","True","True","True","wav","3.421","44100","Mono","32","1411200","589.4","2021-12-03 20:27:34"
"caf23d8d-256c-48f0-a087-0901590bd538_v0.wav","/C/gun_explosion_a0a388e0","[""/C/gun_explosion_a0a388e0""]","gun_explosion","[""gun_explosion""]","/home/andres/Documentos/proyecto4geeks/data/raw/edge-collected-gunshot-audio/gunshot/caf23d8d-256c-48f0-a087-0901590bd538_v0.wav","edge-collected-gunshot-audio","train","","True","True","True","wav","9.519","44100","Mono","32","1411200","1639.86","2021-12-03 20:29:20"
"4f7e0200-503d-4ae9-abfb-cbe61248d962_v0.wav","/C/gun_explosion_a0a388e0","[""/C/gun_explosion_a0a388e0""]","gun_explosion","[""gun_explosion""]","/home/andres/Documentos/proyecto4geeks/data/raw/edge-collected-gunshot-audio/gunshot/4f7e0200-503d-4ae9-abfb-cbe61248d962_v0.wav","edge-collected-gunshot-audio","train","","True","True","True","wav","3.4","44100","Mono","32","1411200","585.76","2021-12-03 20:28:10"
"57252ebc-52a3-4c77-8f76-bcfeeba95a53_chan0_v0.wav","/C/gun_explosion_a0a388e0","[""/C/gun_explosion_a0a388e0""]","gun_explosion","[""gun_explosion""]","/home/andres/Documentos/proyecto4geeks/data/raw/edge-collected-gunshot-audio/gunshot/57252ebc-52a3-4c77-8f76-bcfeeba95a53_chan0_v0.wav","edge-collected-gunshot-audio","train","","True","True","True","wav","3.75","44100","Mono","32","1411200","646.05","2021-12-03 20:27:00"
"adf63c42-6a31-4a4a-95c2-8cce6ce1894e_v0.wav","/C/gun_explosion_a0a388e0","[""/C/gun_explosion_a0a388e0""]","gun_explosion","[""gun_explosion""]","/home/andres/Documentos/proyecto4geeks/data/raw/edge-collected-gunshot-audio/gunshot/adf63c42-6a31-4a4a-95c2-8cce6ce1894e_v0.wav","edge-collected-gunshot-audio","train","","True","True","True","wav","4.772","44100","Mono","32","1411200","822.06","2021-12-03 20:27:08"
"3f5138a7-0f5b-4ead-b551-3475032820fb_chan6_v0.wav","/C/gun_explosion_a0a388e0","[""/C/gun_explosion_a0a388e0""]","gun_explosion","[""gun_explosion""]","/home/andres/Documentos/proyecto4geeks/data/raw/edge-collected-gunshot-audio/gunshot/3f5138a7-0f5b-4ead-b551-3475032820fb_chan6_v0.wav","edge-collected-gunshot-audio","train","","True","True","True","wav","2.623","44100","Mono","32","1411200","451.98","2021-12-03 20:26:56"
"86c4c4a5-0374-492f-bfcd-ed9de679b68b_mean_v0.wav","/C/gun_explosion_a0a388e0","[""/C/gun_explosion_a0a388e0""]","gun_explosion","[""gun_explosion""]","/home/andres/Documentos/proyecto4geeks/data/raw/edge-collected-gunshot-audio/gunshot/86c4c4a5-0374-492f-bfcd-ed9de679b68b_mean_v0.wav","edge-collected-gunshot-audio","train","","True","True","True","wav","6.398","44100","Mono","32","1411200","1102.29","2021-12-03 20:29:04"
"37861b06-0455-47e7-89de-c18e357eb9c8_chan5_v0.wav","/C/gun_explosion_a0a388e0","[""/C/gun_explosion_a0a388e0""]","gun_explosion","[""gun_explosion""]","/home/andres/Documentos/proyecto4geeks/data/raw/edge-collected-gunshot-audio/gunshot/37861b06-0455-47e7-89de-c18e357eb9c8_chan5_v0.wav","edge-collected-gunshot-audio","train","","True","True","True","wav","4.983","44100","Mono","32","1411200","858.45","2021-12-03 20:28:50"
"7b2c5211-c425-4a2d-9989-f8d1946d2187_chan1_v0.wav","/C/gun_explosion_a0a388e0","[""/C/gun_explosion_a0a388e0""]","gun_explosion","[""gun_explosion""]","/home/andres/Documentos/proyecto4geeks/data/raw/edge-collected-gunshot-audio/gunshot/7b2c5211-c425-4a2d-9989-f8d1946d2187_chan1_v0.wav","edge-collected-gunshot-audio","train","","True","True","True","wav","2.389","44100","Mono","32","1411200","411.56","2021-12-03 20:28:18"
"2567b43f-28b3-4df1-9c7c-aae01a354755_mean_v0.wav","/C/gun_explosion_a0a388e0","[""/C/gun_explosion_a0a388e0""]","gun_explosion","[""gun_explosion""]","/home/andres/Documentos/proyecto4geeks/data/raw/edge-collected-gunshot-audio/gunshot/2567b43f-28b3-4df1-9c7c-aae01a354755_mean_v0.wav","edge-collected-gunshot-audio","train","","True","True","True","wav","5.823","44100","Mono","32","1411200","1003.18","2021-12-03 20:28:48"
"63bed9c5-c7c7-429e-82de-9114078423ab_chan1_v0.wav","/C/gun_explosion_a0a388e0","[""/C/gun_explosion_a0a388e0""]","gun_explosion","[""gun_explosion""]","/home/andres/Documentos/proyecto4geeks/data/raw/edge-collected-gunshot-audio/gunshot/63bed9c5-c7c7-429e-82de-9114078423ab_chan1_v0.wav","edge-collected-gunshot-audio","train","","True","True","True","wav","3.705","44100","Mono","32","1411200","638.31","2021-12-03 20:28:16"
"4a7d254f-44ac-4f83-b931-c1d683486577_chan2_v0.wav","/C/gun_explosion_a0a388e0","[""/C/gun_explosion_a0a388e0""]","gun_explosion","[""gun_explosion""]","/home/andres/Documentos/proyecto4geeks/data/raw/edge-collected-gunshot-audio/gunshot/4a7d254f-44ac-4f83-b931-c1d683486577_chan2_v0.wav","edge-collected-gunshot-audio","train","","True","True","True","wav","5.59","44100","Mono","32","1411200","962.97","2021-12-03 20:28:08"
"83a4c73a-d42f-4dff-9841-dd03f1c2d6e2_chan5_v0.wav","/C/gun_explosion_a0a388e0","[""/C/gun_explosion_a0a388e0""]","gun_explosion","[""gun_explosion""]","/home/andres/Documentos/proyecto4geeks/data/raw/edge-collected-gunshot-audio/gunshot/83a4c73a-d42f-4dff-9841-dd03f1c2d6e2_chan5_v0.wav","edge-collected-gunshot-audio","train","","True","True","True","wav","4.795","44100","Mono","32","1411200","826.15","2021-12-03 20:29:04"
"63bed9c5-c7c7-429e-82de-9114078423ab_mean_v0.wav","/C/gun_explosion_a0a388e0","[""/C/gun_explosion_a0a388e0""]","gun_explosion","[""gun_explosion""]","/home/andres/Documentos/proyecto4geeks/data/raw/edge-collected-gunshot-audio/gunshot/63bed9c5-c7c7-429e-82de-9114078423ab_mean_v0.wav","edge-collected-gunshot-audio","train","","True","True","True","wav","3.705","44100","Mono","32","1411200","638.31","2021-12-03 20:28:16"
"93e695d5-68d9-4ad8-b1ab-dde5b69b9e0b_v0.wav","/C/gun_explosion_a0a388e0","[""/C/gun_explosion_a0a388e0""]","gun_explosion","[""gun_explosion""]","/home/andres/Documentos/proyecto4geeks/data/raw/edge-collected-gunshot-audio/gunshot/93e695d5-68d9-4ad8-b1ab-dde5b69b9e0b_v0.wav","edge-collected-gunshot-audio","train","","True","True","True","wav","4.616","44100","Mono","32","1411200","795.27","2021-12-03 20:29:06"
"d735d982-c6bb-4a60-9cc7-5c2f6d06da93_chan4_v0.wav","/C/gun_explosion_a0a388e0","[""/C/gun_explosion_a0a388e0""]","gun_explosion","[""gun_explosion""]","/home/andres/Documentos/proyecto4geeks/data/raw/edge-collected-gunshot-audio/gunshot/d735d982-c6bb-4a60-9cc7-5c2f6d06da93_chan4_v0.wav","edge-collected-gunshot-audio","test","","True","True","True","wav","3.397","44100","Mono","32","1411200","585.3","2021-12-03 20:27:46"
"86c3ad57-152f-4ad3-ba12-21dbc35c816e_v1.wav","/C/gun_explosion_a0a388e0","[""/C/gun_explosion_a0a388e0""]","gun_explosion","[""gun_explosion""]","/home/andres/Documentos/proyecto4geeks/data/raw/edge-collected-gunshot-audio/gunshot/86c3ad57-152f-4ad3-ba12-21dbc35c816e_v1.wav","edge-collected-gunshot-audio","test","","True","True","True","wav","5.592","44100","Mono","32","1411200","963.3","2021-12-03 20:27:04"
"640ba6fd-94c7-4dc7-8efd-0a50166086e3_v0.wav","/C/gun_explosion_a0a388e0","[""/C/gun_explosion_a0a388e0""]","gun_explosion","[""gun_explosion""]","/home/andres/Documentos/proyecto4geeks/data/raw/edge-collected-gunshot-audio/gunshot/640ba6fd-94c7-4dc7-8efd-0a50166086e3_v0.wav","edge-collected-gunshot-audio","train","","True","True","True","wav","3.75","44100","Mono","32","1411200","646.05","2021-12-03 20:28:56"
"cda2b67e-0c10-4b96-8a5d-0819fe357bea_chan4_v0.wav","/C/gun_explosion_a0a388e0","[""/C/gun_explosion_a0a388e0""]","gun_explosion","[""gun_explosion""]","/home/andres/Documentos/proyecto4geeks/data/raw/edge-collected-gunshot-audio/gunshot/cda2b67e-0c10-4b96-8a5d-0819fe357bea_chan4_v0.wav","edge-collected-gunshot-audio","train","","True","True","True","wav","2.397","44100","Mono","32","1411200","412.91","2021-12-03 20:27:44"
"5ec1b4c4-e9bb-4e83-a69f-c71e322cd656_chan5_v0.wav","/C/gun_explosion_a0a388e0","[""/C/gun_explosion_a0a388e0""]","gun_explosion","[""gun_explosion""]","/home/andres/Documentos/proyecto4geeks/data/raw/edge-collected-gunshot-audio/gunshot/5ec1b4c4-e9bb-4e83-a69f-c71e322cd656_chan5_v0.wav","edge-collected-gunshot-audio","test","","True","True","True","wav","11.226","44100","Mono","32","1411200","1933.88","2021-12-03 20:28:14"
"64210409-df04-4e4b-bf3b-7afa05b59624_chan0_v0.wav","/C/gun_explosion_a0a388e0","[""/C/gun_explosion_a0a388e0""]","gun_explosion","[""gun_explosion""]","/home/andres/Documentos/proyecto4geeks/data/raw/edge-collected-gunshot-audio/gunshot/64210409-df04-4e4b-bf3b-7afa05b59624_chan0_v0.wav","edge-collected-gunshot-audio","train","","True","True","True","wav","3.75","44100","Mono","32","1411200","646.05","2021-12-03 20:28:16"
"579f58f1-7926-4419-93a8-a767a7d388d4_v2.wav","/C/gun_explosion_a0a388e0","[""/C/gun_explosion_a0a388e0""]","gun_explosion","[""gun_explosion""]","/home/andres/Documentos/proyecto4geeks/data/raw/edge-collected-gunshot-audio/gunshot/579f58f1-7926-4419-93a8-a767a7d388d4_v2.wav","edge-collected-gunshot-audio","test","","True","True","True","wav","5.675","44100","Mono","32","1411200","977.69","2021-12-03 20:27:00"
"06f8ef4c-86b4-408a-8909-3badadf8ca20_chan1_v0.wav","/C/gun_explosion_a0a388e0","[""/C/gun_explosion_a0a388e0""]","gun_explosion","[""gun_explosion""]","/home/andres/Documentos/proyecto4geeks/data/raw/edge-collected-gunshot-audio/gunshot/06f8ef4c-86b4-408a-8909-3badadf8ca20_chan1_v0.wav","edge-collected-gunshot-audio","test","","True","True","True","wav","3.124","44100","Mono","32","1411200","538.17","2021-12-03 20:27:54"
"e2f3a120-6fcd-4760-917d-bb03ebff63d8_chan0_v0.wav","/C/gun_explosion_a0a388e0","[""/C/gun_explosion_a0a388e0""]","gun_explosion","[""gun_explosion""]","/home/andres/Documentos/proyecto4geeks/data/raw/edge-collected-gunshot-audio/gunshot/e2f3a120-6fcd-4760-917d-bb03ebff63d8_chan0_v0.wav","edge-collected-gunshot-audio","train","","True","True","True","wav","3.75","44100","Mono","32","1411200","646.05","2021-12-03 20:27:48"
"41b3d578-a45b-42a1-bc16-14894750debb_v0.wav","/C/gun_explosion_a0a388e0","[""/C/gun_explosion_a0a388e0""]","gun_explosion","[""gun_explosion""]","/home/andres/Documentos/proyecto4geeks/data/raw/edge-collected-gunshot-audio/gunshot/41b3d578-a45b-42a1-bc16-14894750debb_v0.wav","edge-collected-gunshot-audio","train","","True","True","True","wav","3.891","44100","Mono","32","1411200","670.27","2021-12-03 20:28:08"
"d735d982-c6bb-4a60-9cc7-5c2f6d06da93_chan5_v0.wav","/C/gun_explosion_a0a388e0","[""/C/gun_explosion_a0a388e0""]","gun_explosion","[""gun_explosion""]","/home/andres/Documentos/proyecto4geeks/data/raw/edge-collected-gunshot-audio/gunshot/d735d982-c6bb-4a60-9cc7-5c2f6d06da93_chan5_v0.wav","edge-collected-gunshot-audio","train","","True","True","True","wav","3.397","44100","Mono","32","1411200","585.32","2021-12-03 20:27:46"
"d3c580c6-429c-4808-86f9-0ba716f236cb_v0.wav","/C/gun_explosion_a0a388e0","[""/C/gun_explosion_a0a388e0""]","gun_explosion","[""gun_explosion""]","/home/andres/Documentos/proyecto4geeks/data/raw/edge-collected-gunshot-audio/gunshot/d3c580c6-429c-4808-86f9-0ba716f236cb_v0.wav","edge-collected-gunshot-audio","train","","True","True","True","wav","3.134","44100","Mono","32","1411200","539.92","2021-12-03 20:27:46"
"bc2ffbf7-02f2-43de-8d9a-92bcad324f61_v1.wav","/C/gun_explosion_a0a388e0","[""/C/gun_explosion_a0a388e0""]","gun_explosion","[""gun_explosion""]","/home/andres/Documentos/proyecto4geeks/data/raw/edge-collected-gunshot-audio/gunshot/bc2ffbf7-02f2-43de-8d9a-92bcad324f61_v1.wav","edge-collected-gunshot-audio","train","","True","True","True","wav","3.75","44100","Mono","32","1411200","646.05","2021-12-03 20:28:32"
"972e5199-b99c-4f49-b006-ec7c2903f2ee_chan5_v1.wav","/C/gun_explosion_a0a388e0","[""/C/gun_explosion_a0a388e0""]","gun_explosion","[""gun_explosion""]","/home/andres/Documentos/proyecto4geeks/data/raw/edge-collected-gunshot-audio/gunshot/972e5199-b99c-4f49-b006-ec7c2903f2ee_chan5_v1.wav","edge-collected-gunshot-audio","train","","True","True","True","wav","8.457","44100","Mono","32","1411200","1456.95","2021-12-03 20:29:08"
"21e8d411-529e-42fc-abc9-0b0a90c2746f_v0.wav","/C/gun_explosion_a0a388e0","[""/C/gun_explosion_a0a388e0""]","gun_explosion","[""gun_explosion""]","/home/andres/Documentos/proyecto4geeks/data/raw/edge-collected-gunshot-audio/gunshot/21e8d411-529e-42fc-abc9-0b0a90c2746f_v0.wav","edge-collected-gunshot-audio","train","","True","True","True","wav","3.75","44100","Mono","32","1411200","646.05","2021-12-03 20:27:22"
"a0262b84-f40c-44d9-b60c-ad95c76d2a4b_v0.wav","/C/gun_explosion_a0a388e0","[""/C/gun_explosion_a0a388e0""]","gun_explosion","[""gun_explosion""]","/home/andres/Documentos/proyecto4geeks/data/raw/edge-collected-gunshot-audio/gunshot/a0262b84-f40c-44d9-b60c-ad95c76d2a4b_v0.wav","edge-collected-gunshot-audio","train","","True","True","True","wav","8.488","44100","Mono","32","1411200","1462.22","2021-12-03 20:29:10"
"915c67a7-82af-476d-8fa6-e321c891e669_mean_v0.wav","/C/gun_explosion_a0a388e0","[""/C/gun_explosion_a0a388e0""]","gun_explosion","[""gun_explosion""]","/home/andres/Documentos/proyecto4geeks/data/raw/edge-collected-gunshot-audio/gunshot/915c67a7-82af-476d-8fa6-e321c891e669_mean_v0.wav","edge-collected-gunshot-audio","train","","True","True","True","wav","3.669","44100","Mono","32","1411200","632.11","2021-12-03 20:29:06"
"019439aa-e146-49da-b59c-28a594fba7e2_v3.wav","/C/gun_explosion_a0a388e0","[""/C/gun_explosion_a0a388e0""]","gun_explosion","[""gun_explosion""]","/home/andres/Documentos/proyecto4geeks/data/raw/edge-collected-gunshot-audio/gunshot/019439aa-e146-49da-b59c-28a594fba7e2_v3.wav","edge-collected-gunshot-audio","test","","True","True","True","wav","2.0","44100","Mono","32","1411200","344.59","2021-12-03 20:27:54"
"b2f18c53-aa9e-46f0-9344-e9d9d8b9bebf_v0.wav","/C/gun_explosion_a0a388e0","[""/C/gun_explosion_a0a388e0""]","gun_explosion","[""gun_explosion""]","/home/andres/Documentos/proyecto4geeks/data/raw/edge-collected-gunshot-audio/gunshot/b2f18c53-aa9e-46f0-9344-e9d9d8b9bebf_v0.wav","edge-collected-gunshot-audio","test","","True","True","True","wav","3.75","44100","Mono","32","1411200","646.05","2021-12-03 20:27:08"
"0b237664-b966-4d64-aaff-6c13d2150cad_v0.wav","/C/gun_explosion_a0a388e0","[""/C/gun_explosion_a0a388e0""]","gun_explosion","[""gun_explosion""]","/home/andres/Documentos/proyecto4geeks/data/raw/edge-collected-gunshot-audio/gunshot/0b237664-b966-4d64-aaff-6c13d2150cad_v0.wav","edge-collected-gunshot-audio","train","","True","True","True","wav","8.712","44100","Mono","32","1411200","1500.81","2021-12-03 20:26:50"
"be57f8ab-9cf3-4528-bd35-c810f2444baf_chan0_v0.wav","/C/gun_explosion_a0a388e0","[""/C/gun_explosion_a0a388e0""]","gun_explosion","[""gun_explosion""]","/home/andres/Documentos/proyecto4geeks/data/raw/edge-collected-gunshot-audio/gunshot/be57f8ab-9cf3-4528-bd35-c810f2444baf_chan0_v0.wav","edge-collected-gunshot-audio","train","","True","True","True","wav","4.219","44100","Mono","32","1411200","726.81","2021-12-03 20:28:32"
"bc6da562-692d-40f6-b255-d63d86184c7f_v0.wav","/C/gun_explosion_a0a388e0","[""/C/gun_explosion_a0a388e0""]","gun_explosion","[""gun_explosion""]","/home/andres/Documentos/proyecto4geeks/data/raw/edge-collected-gunshot-audio/gunshot/bc6da562-692d-40f6-b255-d63d86184c7f_v0.wav","edge-collected-gunshot-audio","train","","True","True","True","wav","3.75","44100","Mono","32","1411200","646.05","2021-12-03 20:28:32"
"7bbf1085-7e14-44c0-9fe2-8ede26106efe_chan6_v0.wav","/C/gun_explosion_a0a388e0","[""/C/gun_explosion_a0a388e0""]","gun_explosion","[""gun_explosion""]","/home/andres/Documentos/proyecto4geeks/data/raw/edge-collected-gunshot-audio/gunshot/7bbf1085-7e14-44c0-9fe2-8ede26106efe_chan6_v0.wav","edge-collected-gunshot-audio","test","","True","True","True","wav","2.557","44100","Mono","32","1411200","440.5","2021-12-03 20:27:32"
"63bed9c5-c7c7-429e-82de-9114078423ab_chan3_v0.wav","/C/gun_explosion_a0a388e0","[""/C/gun_explosion_a0a388e0""]","gun_explosion","[""gun_explosion""]","/home/andres/Documentos/proyecto4geeks/data/raw/edge-collected-gunshot-audio/gunshot/63bed9c5-c7c7-429e-82de-9114078423ab_chan3_v0.wav","edge-collected-gunshot-audio","train","","True","True","True","wav","3.05","44100","Mono","32","1411200","525.48","2021-12-03 20:28:16"
"188f395f-a01c-4768-aa39-e20701953f19_chan4_v0.wav","/C/gun_explosion_a0a388e0","[""/C/gun_explosion_a0a388e0""]","gun_explosion","[""gun_explosion""]","/home/andres/Documentos/proyecto4geeks/data/raw/edge-collected-gunshot-audio/gunshot/188f395f-a01c-4768-aa39-e20701953f19_chan4_v0.wav","edge-collected-gunshot-audio","train","","True","True","True","wav","5.738","44100","Mono","32","1411200","988.59","2021-12-03 20:28:44"
"fbd7f8cc-ad9e-4f74-8c4b-14a4af271113_chan0_v0.wav","/C/gun_explosion_a0a388e0","[""/C/gun_explosion_a0a388e0""]","gun_explosion","[""gun_explosion""]","/home/andres/Documentos/proyecto4geeks/data/raw/edge-collected-gunshot-audio/gunshot/fbd7f8cc-ad9e-4f74-8c4b-14a4af271113_chan0_v0.wav","edge-collected-gunshot-audio","train","","True","True","True","wav","4.803","44100","Mono","32","1411200","827.48","2021-12-03 20:27:16"
"6f48638e-2508-467e-89c7-34648cfd0699_chan2_v0.wav","/C/gun_explosion_a0a388e0","[""/C/gun_explosion_a0a388e0""]","gun_explosion","[""gun_explosion""]","/home/andres/Documentos/proyecto4geeks/data/raw/edge-collected-gunshot-audio/gunshot/6f48638e-2508-467e-89c7-34648cfd0699_chan2_v0.wav","edge-collected-gunshot-audio","test","","True","True","True","wav","3.928","44100","Mono","32","1411200","676.66","2021-12-03 20:28:58"
"cad6cdd9-faca-4577-95f4-4be31f757b0c_chan5_v1.wav","/C/gun_explosion_a0a388e0","[""/C/gun_explosion_a0a388e0""]","gun_explosion","[""gun_explosion""]","/home/andres/Documentos/proyecto4geeks/data/raw/edge-collected-gunshot-audio/gunshot/cad6cdd9-faca-4577-95f4-4be31f757b0c_chan5_v1.wav","edge-collected-gunshot-audio","train","","True","True","True","wav","6.088","44100","Mono","32","1411200","1048.85","2021-12-03 20:27:10"
"0495b86d-2f39-4912-916b-0cfbc160cf3d_chan3_v1.wav","/C/gun_explosion_a0a388e0","[""/C/gun_explosion_a0a388e0""]","gun_explosion","[""gun_explosion""]","/home/andres/Documentos/proyecto4geeks/data/raw/edge-collected-gunshot-audio/gunshot/0495b86d-2f39-4912-916b-0cfbc160cf3d_chan3_v1.wav","edge-collected-gunshot-audio","train","","True","True","True","wav","3.75","44100","Mono","32","1411200","646.05","2021-12-03 20:28:42"
"dc1d4228-5750-4fc5-a821-e2c6f1dd0b27_mean_v0.wav","/C/gun_explosion_a0a388e0","[""/C/gun_explosion_a0a388e0""]","gun_explosion","[""gun_explosion""]","/home/andres/Documentos/proyecto4geeks/data/raw/edge-collected-gunshot-audio/gunshot/dc1d4228-5750-4fc5-a821-e2c6f1dd0b27_mean_v0.wav","edge-collected-gunshot-audio","train","","True","True","True","wav","5.017","44100","Mono","32","1411200","864.24","2021-12-03 20:27:48"
"6377cc9f-b176-45cf-a9f9-4d3bcdcaa51c_chan2_v0.wav","/C/gun_explosion_a0a388e0","[""/C/gun_explosion_a0a388e0""]","gun_explosion","[""gun_explosion""]","/home/andres/Documentos/proyecto4geeks/data/raw/edge-collected-gunshot-audio/gunshot/6377cc9f-b176-45cf-a9f9-4d3bcdcaa51c_chan2_v0.wav","edge-collected-gunshot-audio","train","","True","True","True","wav","3.75","44100","Mono","32","1411200","646.05","2021-12-03 20:27:02"
"305914f4-bd2e-4b56-8473-101726329119_mean_v0.wav","/C/gun_explosion_a0a388e0","[""/C/gun_explosion_a0a388e0""]","gun_explosion","[""gun_explosion""]","/home/andres/Documentos/proyecto4geeks/data/raw/edge-collected-gunshot-audio/gunshot/305914f4-bd2e-4b56-8473-101726329119_mean_v0.wav","edge-collected-gunshot-audio","train","","True","True","True","wav","5.56","44100","Mono","32","1411200","957.93","2021-12-03 20:28:50"
"188f395f-a01c-4768-aa39-e20701953f19_chan5_v0.wav","/C/gun_explosion_a0a388e0","[""/C/gun_explosion_a0a388e0""]","gun_explosion","[""gun_explosion""]","/home/andres/Documentos/proyecto4geeks/data/raw/edge-collected-gunshot-audio/gunshot/188f395f-a01c-4768-aa39-e20701953f19_chan5_v0.wav","edge-collected-gunshot-audio","train","","True","True","True","wav","5.738","44100","Mono","32","1411200","988.6","2021-12-03 20:28:44"
"2635ee28-ca23-48ab-abb1-ec263c623588_chan0_v0.wav","/C/gun_explosion_a0a388e0","[""/C/gun_explosion_a0a388e0""]","gun_explosion","[""gun_explosion""]","/home/andres/Documentos/proyecto4geeks/data/raw/edge-collected-gunshot-audio/gunshot/2635ee28-ca23-48ab-abb1-ec263c623588_chan0_v0.wav","edge-collected-gunshot-audio","train","","True","True","True","wav","4.567","44100","Mono","32","1411200","786.8","2021-12-03 20:28:48"
"4a48b77c-72bf-4917-b8b0-da4f8b20a24b_chan3_v0.wav","/C/gun_explosion_a0a388e0","[""/C/gun_explosion_a0a388e0""]","gun_explosion","[""gun_explosion""]","/home/andres/Documentos/proyecto4geeks/data/raw/edge-collected-gunshot-audio/gunshot/4a48b77c-72bf-4917-b8b0-da4f8b20a24b_chan3_v0.wav","edge-collected-gunshot-audio","train","","True","True","True","wav","2.208","44100","Mono","32","1411200","380.47","2021-12-03 20:27:28"
"aaf21cb7-ef6d-4cbc-b2de-b279869b401c_chan1_v0.wav","/C/gun_explosion_a0a388e0","[""/C/gun_explosion_a0a388e0""]","gun_explosion","[""gun_explosion""]","/home/andres/Documentos/proyecto4geeks/data/raw/edge-collected-gunshot-audio/gunshot/aaf21cb7-ef6d-4cbc-b2de-b279869b401c_chan1_v0.wav","edge-collected-gunshot-audio","train","","True","True","True","wav","3.75","44100","Mono","32","1411200","646.05","2021-12-03 20:27:36"
"805e6b14-ad2f-4802-902b-53518cc81464_chan0_v0.wav","/C/gun_explosion_a0a388e0","[""/C/gun_explosion_a0a388e0""]","gun_explosion","[""gun_explosion""]","/home/andres/Documentos/proyecto4geeks/data/raw/edge-collected-gunshot-audio/gunshot/805e6b14-ad2f-4802-902b-53518cc81464_chan0_v0.wav","edge-collected-gunshot-audio","train","","True","True","True","wav","5.838","44100","Mono","32","1411200","1005.8","2021-12-03 20:27:04"
"5bc4497c-5bcd-4114-9879-e16d05b30027_chan0_v0.wav","/C/gun_explosion_a0a388e0","[""/C/gun_explosion_a0a388e0""]","gun_explosion","[""gun_explosion""]","/home/andres/Documentos/proyecto4geeks/data/raw/edge-collected-gunshot-audio/gunshot/5bc4497c-5bcd-4114-9879-e16d05b30027_chan0_v0.wav","edge-collected-gunshot-audio","test","","True","True","True","wav","3.922","44100","Mono","32","1411200","675.62","2021-12-03 20:28:12"
"e2f3a120-6fcd-4760-917d-bb03ebff63d8_chan1_v0.wav","/C/gun_explosion_a0a388e0","[""/C/gun_explosion_a0a388e0""]","gun_explosion","[""gun_explosion""]","/home/andres/Documentos/proyecto4geeks/data/raw/edge-collected-gunshot-audio/gunshot/e2f3a120-6fcd-4760-917d-bb03ebff63d8_chan1_v0.wav","edge-collected-gunshot-audio","train","","True","True","True","wav","3.75","44100","Mono","32","1411200","646.05","2021-12-03 20:27:48"
"bb5a8b3f-3724-456e-83e1-55f5ca5ac68a_chan4_v0.wav","/C/gun_explosion_a0a388e0","[""/C/gun_explosion_a0a388e0""]","gun_explosion","[""gun_explosion""]","/home/andres/Documentos/proyecto4geeks/data/raw/edge-collected-gunshot-audio/gunshot/bb5a8b3f-3724-456e-83e1-55f5ca5ac68a_chan4_v0.wav","edge-collected-gunshot-audio","train","","True","True","True","wav","3.75","44100","Mono","32","1411200","646.05","2021-12-03 20:28:30"
"62b53733-3fdf-4edf-93b8-e4714e348f90_v3.wav","/C/gun_explosion_a0a388e0","[""/C/gun_explosion_a0a388e0""]","gun_explosion","[""gun_explosion""]","/home/andres/Documentos/proyecto4geeks/data/raw/edge-collected-gunshot-audio/gunshot/62b53733-3fdf-4edf-93b8-e4714e348f90_v3.wav","edge-collected-gunshot-audio","train","","True","True","True","wav","3.75","44100","Mono","32","1411200","646.05","2021-12-03 20:27:30"
"f70ba937-5d7f-41d5-85db-9b8fb50e4a8d_v1.wav","/C/gun_explosion_a0a388e0","[""/C/gun_explosion_a0a388e0""]","gun_explosion","[""gun_explosion""]","/home/andres/Documentos/proyecto4geeks/data/raw/edge-collected-gunshot-audio/gunshot/f70ba937-5d7f-41d5-85db-9b8fb50e4a8d_v1.wav","edge-collected-gunshot-audio","train","","True","True","True","wav","5.655","44100","Mono","32","1411200","974.21","2021-12-03 20:27:14"
"e73d935b-ddfa-4139-91d6-9d2f68994770_chan1_v1.wav","/C/gun_explosion_a0a388e0","[""/C/gun_explosion_a0a388e0""]","gun_explosion","[""gun_explosion""]","/home/andres/Documentos/proyecto4geeks/data/raw/edge-collected-gunshot-audio/gunshot/e73d935b-ddfa-4139-91d6-9d2f68994770_chan1_v1.wav","edge-collected-gunshot-audio","test","","True","True","True","wav","3.75","44100","Mono","32","1411200","646.05","2021-12-03 20:27:50"
"8176af12-402d-4c0b-a2c3-9c0a8878ca8e_v0.wav","/C/gun_explosion_a0a388e0","[""/C/gun_explosion_a0a388e0""]","gun_explosion","[""gun_explosion""]","/home/andres/Documentos/proyecto4geeks/data/raw/edge-collected-gunshot-audio/gunshot/8176af12-402d-4c0b-a2c3-9c0a8878ca8e_v0.wav","edge-collected-gunshot-audio","train","","True","True","True","wav","3.734","44100","Mono","32","1411200","643.28","2021-12-03 20:29:02"
"549ae4a3-3088-47c6-9804-882b81f7f69e_chan0_v0.wav","/C/gun_explosion_a0a388e0","[""/C/gun_explosion_a0a388e0""]","gun_explosion","[""gun_explosion""]","/home/andres/Documentos/proyecto4geeks/data/raw/edge-collected-gunshot-audio/gunshot/549ae4a3-3088-47c6-9804-882b81f7f69e_chan0_v0.wav","edge-collected-gunshot-audio","test","","True","True","True","wav","3.75","44100","Mono","32","1411200","646.05","2021-12-03 20:26:58"
"c2af92cf-45d1-4d03-8db4-129e0d28015e_chan4_v0.wav","/C/gun_explosion_a0a388e0","[""/C/gun_explosion_a0a388e0""]","gun_explosion","[""gun_explosion""]","/home/andres/Documentos/proyecto4geeks/data/raw/edge-collected-gunshot-audio/gunshot/c2af92cf-45d1-4d03-8db4-129e0d28015e_chan4_v0.wav","edge-collected-gunshot-audio","train","","True","True","True","wav","5.18","44100","Mono","32","1411200","892.35","2021-12-03 20:27:44"
"524157e1-fb04-46b2-b887-8fcc84c4261a_chan4_v0.wav","/C/gun_explosion_a0a388e0","[""/C/gun_explosion_a0a388e0""]","gun_explosion","[""gun_explosion""]","/home/andres/Documentos/proyecto4geeks/data/raw/edge-collected-gunshot-audio/gunshot/524157e1-fb04-46b2-b887-8fcc84c4261a_chan4_v0.wav","edge-collected-gunshot-audio","train","","True","True","True","wav","3.75","44100","Mono","32","1411200","646.05","2021-12-03 20:28:54"
"d36f8f26-ce50-4bd3-8898-26da17995f46_chan2_v0.wav","/C/gun_explosion_a0a388e0","[""/C/gun_explosion_a0a388e0""]","gun_explosion","[""gun_explosion""]","/home/andres/Documentos/proyecto4geeks/data/raw/edge-collected-gunshot-audio/gunshot/d36f8f26-ce50-4bd3-8898-26da17995f46_chan2_v0.wav","edge-collected-gunshot-audio","train","","True","True","True","wav","6.026","44100","Mono","32","1411200","1038.17","2021-12-03 20:29:20"
"379848cc-a90b-41dd-8eff-d5312678a40a_v2.wav","/C/gun_explosion_a0a388e0","[""/C/gun_explosion_a0a388e0""]","gun_explosion","[""gun_explosion""]","/home/andres/Documentos/proyecto4geeks/data/raw/edge-collected-gunshot-audio/gunshot/379848cc-a90b-41dd-8eff-d5312678a40a_v2.wav","edge-collected-gunshot-audio","train","","True","True","True","wav","3.75","44100","Mono","32","1411200","646.05","2021-12-03 20:28:52"
"115e4882-5899-4b5f-8023-1924ac6f2b6a_v1.wav","/C/gun_explosion_a0a388e0","[""/C/gun_explosion_a0a388e0""]","gun_explosion","[""gun_explosion""]","/home/andres/Documentos/proyecto4geeks/data/raw/edge-collected-gunshot-audio/gunshot/115e4882-5899-4b5f-8023-1924ac6f2b6a_v1.wav","edge-collected-gunshot-audio","test","","True","True","True","wav","4.422","44100","Mono","32","1411200","761.78","2021-12-03 20:28:42"
"8af2c7a4-73b8-4149-805d-e8632e0c9e3c_chan4_v0.wav","/C/gun_explosion_a0a388e0","[""/C/gun_explosion_a0a388e0""]","gun_explosion","[""gun_explosion""]","/home/andres/Documentos/proyecto4geeks/data/raw/edge-collected-gunshot-audio/gunshot/8af2c7a4-73b8-4149-805d-e8632e0c9e3c_chan4_v0.wav","edge-collected-gunshot-audio","test","","True","True","True","wav","2.641","44100","Mono","32","1411200","454.96","2021-12-03 20:28:22"
"cc00e8d8-6add-4bed-a0b4-65988e438021_chan1_v0.wav","/C/gun_explosion_a0a388e0","[""/C/gun_explosion_a0a388e0""]","gun_explosion","[""gun_explosion""]","/home/andres/Documentos/proyecto4geeks/data/raw/edge-collected-gunshot-audio/gunshot/cc00e8d8-6add-4bed-a0b4-65988e438021_chan1_v0.wav","edge-collected-gunshot-audio","test","","True","True","True","wav","5.341","44100","Mono","32","1411200","920.12","2021-12-03 20:27:44"
"c05ea797-711d-4f93-80d1-05a3e76e5c31_chan2_v0.wav","/C/gun_explosion_a0a388e0","[""/C/gun_explosion_a0a388e0""]","gun_explosion","[""gun_explosion""]","/home/andres/Documentos/proyecto4geeks/data/raw/edge-collected-gunshot-audio/gunshot/c05ea797-711d-4f93-80d1-05a3e76e5c31_chan2_v0.wav","edge-collected-gunshot-audio","train","","True","True","True","wav","5.016","44100","Mono","32","1411200","864.19","2021-12-03 20:27:40"
"5ec1b4c4-e9bb-4e83-a69f-c71e322cd656_chan6_v0.wav","/C/gun_explosion_a0a388e0","[""/C/gun_explosion_a0a388e0""]","gun_explosion","[""gun_explosion""]","/home/andres/Documentos/proyecto4geeks/data/raw/edge-collected-gunshot-audio/gunshot/5ec1b4c4-e9bb-4e83-a69f-c71e322cd656_chan6_v0.wav","edge-collected-gunshot-audio","train","","True","True","True","wav","11.225","44100","Mono","32","1411200","1933.72","2021-12-03 20:28:14"
"43f25ccb-4d7c-4fed-9cc5-cd2da5c2e4ce_mean_v0.wav","/C/gun_explosion_a0a388e0","[""/C/gun_explosion_a0a388e0""]","gun_explosion","[""gun_explosion""]","/home/andres/Documentos/proyecto4geeks/data/raw/edge-collected-gunshot-audio/gunshot/43f25ccb-4d7c-4fed-9cc5-cd2da5c2e4ce_mean_v0.wav","edge-collected-gunshot-audio","train","","True","True","True","wav","5.778","44100","Mono","32","1411200","995.34","2021-12-03 20:26:58"
"dd9aa26c-2b08-41fe-85e3-fbc36613ebb0_chan4_v0.wav","/C/gun_explosion_a0a388e0","[""/C/gun_explosion_a0a388e0""]","gun_explosion","[""gun_explosion""]","/home/andres/Documentos/proyecto4geeks/data/raw/edge-collected-gunshot-audio/gunshot/dd9aa26c-2b08-41fe-85e3-fbc36613ebb0_chan4_v0.wav","edge-collected-gunshot-audio","test","","True","True","True","wav","5.314","44100","Mono","32","1411200","915.44","2021-12-03 20:29:22"
"backup_4115d032-3f33-407b-ab54-ca8b9433fe30__v0.wav","/C/gun_explosion_a0a388e0","[""/C/gun_explosion_a0a388e0""]","gun_explosion","[""gun_explosion""]","/home/andres/Documentos/proyecto4geeks/data/raw/edge-collected-gunshot-audio/gunshot/backup_4115d032-3f33-407b-ab54-ca8b9433fe30__v0.wav","edge-collected-gunshot-audio","test","","True","True","True","wav","3.75","44100","Mono","32","1411200","646.05","2021-12-03 20:28:30"
"a27a21fe-c4ef-46ef-9cf9-fbcb8c1c9dc3_v4.wav","/C/gun_explosion_a0a388e0","[""/C/gun_explosion_a0a388e0""]","gun_explosion","[""gun_explosion""]","/home/andres/Documentos/proyecto4geeks/data/raw/edge-collected-gunshot-audio/gunshot/a27a21fe-c4ef-46ef-9cf9-fbcb8c1c9dc3_v4.wav","edge-collected-gunshot-audio","test","","True","True","True","wav","3.75","44100","Mono","32","1411200","646.05","2021-12-03 20:29:10"
"af1d7d22-46ed-4f2b-a2b5-fc4a5bec68bd_chan3_v0.wav","/C/gun_explosion_a0a388e0","[""/C/gun_explosion_a0a388e0""]","gun_explosion","[""gun_explosion""]","/home/andres/Documentos/proyecto4geeks/data/raw/edge-collected-gunshot-audio/gunshot/af1d7d22-46ed-4f2b-a2b5-fc4a5bec68bd_chan3_v0.wav","edge-collected-gunshot-audio","train","","True","True","True","wav","3.495","44100","Mono","32","1411200","602.12","2021-12-03 20:27:38"
"305914f4-bd2e-4b56-8473-101726329119_chan5_v0.wav","/C/gun_explosion_a0a388e0","[""/C/gun_explosion_a0a388e0""]","gun_explosion","[""gun_explosion""]","/home/andres/Documentos/proyecto4geeks/data/raw/edge-collected-gunshot-audio/gunshot/305914f4-bd2e-4b56-8473-101726329119_chan5_v0.wav","edge-collected-gunshot-audio","train","","True","True","True","wav","5.56","44100","Mono","32","1411200","957.94","2021-12-03 20:28:50"
"0bf6802f-32e1-40d2-99d5-b9f893526cdc_chan1_v0.wav","/C/gun_explosion_a0a388e0","[""/C/gun_explosion_a0a388e0""]","gun_explosion","[""gun_explosion""]","/home/andres/Documentos/proyecto4geeks/data/raw/edge-collected-gunshot-audio/gunshot/0bf6802f-32e1-40d2-99d5-b9f893526cdc_chan1_v0.wav","edge-collected-gunshot-audio","train","","True","True","True","wav","3.75","44100","Mono","32","1411200","646.05","2021-12-03 20:27:56"
"191df8d6-a4c9-4430-9ef8-e05c473fdbfb_chan0_v0.wav","/C/gun_explosion_a0a388e0","[""/C/gun_explosion_a0a388e0""]","gun_explosion","[""gun_explosion""]","/home/andres/Documentos/proyecto4geeks/data/raw/edge-collected-gunshot-audio/gunshot/191df8d6-a4c9-4430-9ef8-e05c473fdbfb_chan0_v0.wav","edge-collected-gunshot-audio","test","","True","True","True","wav","3.537","44100","Mono","32","1411200","609.35","2021-12-03 20:28:44"
"9ebba20a-9b86-462a-8ac8-4cdbf2fd4a70_chan1_v0.wav","/C/gun_explosion_a0a388e0","[""/C/gun_explosion_a0a388e0""]","gun_explosion","[""gun_explosion""]","/home/andres/Documentos/proyecto4geeks/data/raw/edge-collected-gunshot-audio/gunshot/9ebba20a-9b86-462a-8ac8-4cdbf2fd4a70_chan1_v0.wav","edge-collected-gunshot-audio","train","","True","True","True","wav","3.75","44100","Mono","32","1411200","646.05","2021-12-03 20:28:24"
"2392a437-9548-44f9-9d79-f5a0b6dcafb2_v2.wav","/C/gun_explosion_a0a388e0","[""/C/gun_explosion_a0a388e0""]","gun_explosion","[""gun_explosion""]","/home/andres/Documentos/proyecto4geeks/data/raw/edge-collected-gunshot-audio/gunshot/2392a437-9548-44f9-9d79-f5a0b6dcafb2_v2.wav","edge-collected-gunshot-audio","train","","True","True","True","wav","3.75","44100","Mono","32","1411200","646.05","2021-12-03 20:27:22"
"a7973dd2-b255-4711-9f98-484eda03c56c_mean_v0.wav","/C/gun_explosion_a0a388e0","[""/C/gun_explosion_a0a388e0""]","gun_explosion","[""gun_explosion""]","/home/andres/Documentos/proyecto4geeks/data/raw/edge-collected-gunshot-audio/gunshot/a7973dd2-b255-4711-9f98-484eda03c56c_mean_v0.wav","edge-collected-gunshot-audio","train","","True","True","True","wav","3.75","44100","Mono","32","1411200","646.05","2021-12-03 20:27:36"
"backup_d9b053a4-1ce8-4d8c-b780-f321568d51e4__v0.wav","/C/gun_explosion_a0a388e0","[""/C/gun_explosion_a0a388e0""]","gun_explosion","[""gun_explosion""]","/home/andres/Documentos/proyecto4geeks/data/raw/edge-collected-gunshot-audio/gunshot/backup_d9b053a4-1ce8-4d8c-b780-f321568d51e4__v0.wav","edge-collected-gunshot-audio","train","","True","True","True","wav","3.75","44100","Mono","32","1411200","646.05","2021-12-03 20:28:30"
"6320dc5c-a956-40b8-a664-45f1edcf3b3b_chan4_v2.wav","/C/gun_explosion_a0a388e0","[""/C/gun_explosion_a0a388e0""]","gun_explosion","[""gun_explosion""]","/home/andres/Documentos/proyecto4geeks/data/raw/edge-collected-gunshot-audio/gunshot/6320dc5c-a956-40b8-a664-45f1edcf3b3b_chan4_v2.wav","edge-collected-gunshot-audio","train","","True","True","True","wav","4.569","44100","Mono","32","1411200","787.05","2021-12-03 20:27:30"
"305914f4-bd2e-4b56-8473-101726329119_chan4_v0.wav","/C/gun_explosion_a0a388e0","[""/C/gun_explosion_a0a388e0""]","gun_explosion","[""gun_explosion""]","/home/andres/Documentos/proyecto4geeks/data/raw/edge-collected-gunshot-audio/gunshot/305914f4-bd2e-4b56-8473-101726329119_chan4_v0.wav","edge-collected-gunshot-audio","train","","True","True","True","wav","5.56","44100","Mono","32","1411200","957.93","2021-12-03 20:28:50"
"33627352-fb2b-40ef-9bfe-be128129210e_v0.wav","/C/gun_explosion_a0a388e0","[""/C/gun_explosion_a0a388e0""]","gun_explosion","[""gun_explosion""]","/home/andres/Documentos/proyecto4geeks/data/raw/edge-collected-gunshot-audio/gunshot/33627352-fb2b-40ef-9bfe-be128129210e_v0.wav","edge-collected-gunshot-audio","train","","True","True","True","wav","4.462","44100","Mono","32","1411200","768.72","2021-12-03 20:28:50"
"2206e99c-e7ee-493b-902e-1a970a9fc4fe_chan6_v1.wav","/C/gun_explosion_a0a388e0","[""/C/gun_explosion_a0a388e0""]","gun_explosion","[""gun_explosion""]","/home/andres/Documentos/proyecto4geeks/data/raw/edge-collected-gunshot-audio/gunshot/2206e99c-e7ee-493b-902e-1a970a9fc4fe_chan6_v1.wav","edge-collected-gunshot-audio","train","","True","True","True","wav","3.75","44100","Mono","32","1411200","646.05","2021-12-03 20:26:56"
"ed8d991f-9e68-4630-9f2f-4442fdb0be6f_chan6_v0.wav","/C/gun_explosion_a0a388e0","[""/C/gun_explosion_a0a388e0""]","gun_explosion","[""gun_explosion""]","/home/andres/Documentos/proyecto4geeks/data/raw/edge-collected-gunshot-audio/gunshot/ed8d991f-9e68-4630-9f2f-4442fdb0be6f_chan6_v0.wav","edge-collected-gunshot-audio","train","","True","True","True","wav","3.75","44100","Mono","32","1411200","646.05","2021-12-03 20:28:40"
"9287270b-8ea3-4ffb-909c-5c3c91ba4196_v0.wav","/C/gun_explosion_a0a388e0","[""/C/gun_explosion_a0a388e0""]","gun_explosion","[""gun_explosion""]","/home/andres/Documentos/proyecto4geeks/data/raw/edge-collected-gunshot-audio/gunshot/9287270b-8ea3-4ffb-909c-5c3c91ba4196_v0.wav","edge-collected-gunshot-audio","train","","True","True","True","wav","4.576","44100","Mono","32","1411200","788.33","2021-12-03 20:29:06"
"30d8d636-e9e3-4407-b5b0-2b5a616d141a_v1.wav","/C/gun_explosion_a0a388e0","[""/C/gun_explosion_a0a388e0""]","gun_explosion","[""gun_explosion""]","/home/andres/Documentos/proyecto4geeks/data/raw/edge-collected-gunshot-audio/gunshot/30d8d636-e9e3-4407-b5b0-2b5a616d141a_v1.wav","edge-collected-gunshot-audio","train","","True","True","True","wav","4.63","44100","Mono","32","1411200","797.58","2021-12-03 20:28:50"
"7b2c5211-c425-4a2d-9989-f8d1946d2187_chan4_v0.wav","/C/gun_explosion_a0a388e0","[""/C/gun_explosion_a0a388e0""]","gun_explosion","[""gun_explosion""]","/home/andres/Documentos/proyecto4geeks/data/raw/edge-collected-gunshot-audio/gunshot/7b2c5211-c425-4a2d-9989-f8d1946d2187_chan4_v0.wav","edge-collected-gunshot-audio","train","","True","True","True","wav","2.389","44100","Mono","32","1411200","411.56","2021-12-03 20:28:18"
"895da372-8445-438b-9722-e4af033235a4_v1.wav","/C/gun_explosion_a0a388e0","[""/C/gun_explosion_a0a388e0""]","gun_explosion","[""gun_explosion""]","/home/andres/Documentos/proyecto4geeks/data/raw/edge-collected-gunshot-audio/gunshot/895da372-8445-438b-9722-e4af033235a4_v1.wav","edge-collected-gunshot-audio","train","","True","True","True","wav","4.029","44100","Mono","32","1411200","694.11","2021-12-03 20:29:06"
"1ad661e0-c668-444f-846e-53b74fd3b800_mean_v0.wav","/C/gun_explosion_a0a388e0","[""/C/gun_explosion_a0a388e0""]","gun_explosion","[""gun_explosion""]","/home/andres/Documentos/proyecto4geeks/data/raw/edge-collected-gunshot-audio/gunshot/1ad661e0-c668-444f-846e-53b74fd3b800_mean_v0.wav","edge-collected-gunshot-audio","train","","True","True","True","wav","2.377","44100","Mono","32","1411200","409.58","2021-12-03 20:26:54"
"1d0d6a99-0a6f-4cce-ad1e-1f952ac98f2a_mean_v0.wav","/C/gun_explosion_a0a388e0","[""/C/gun_explosion_a0a388e0""]","gun_explosion","[""gun_explosion""]","/home/andres/Documentos/proyecto4geeks/data/raw/edge-collected-gunshot-audio/gunshot/1d0d6a99-0a6f-4cce-ad1e-1f952ac98f2a_mean_v0.wav","edge-collected-gunshot-audio","train","","True","True","True","wav","3.308","44100","Mono","32","1411200","569.83","2021-12-03 20:28:02"
"b6b54c4a-e6b0-487e-b476-25dc131d0607_chan0_v1.wav","/C/gun_explosion_a0a388e0","[""/C/gun_explosion_a0a388e0""]","gun_explosion","[""gun_explosion""]","/home/andres/Documentos/proyecto4geeks/data/raw/edge-collected-gunshot-audio/gunshot/b6b54c4a-e6b0-487e-b476-25dc131d0607_chan0_v1.wav","edge-collected-gunshot-audio","train","","True","True","True","wav","5.825","44100","Mono","32","1411200","1003.52","2021-12-03 20:29:16"
"33de82d7-fb9d-440e-9daa-6f632691c8d8_v0.wav","/C/gun_explosion_a0a388e0","[""/C/gun_explosion_a0a388e0""]","gun_explosion","[""gun_explosion""]","/home/andres/Documentos/proyecto4geeks/data/raw/edge-collected-gunshot-audio/gunshot/33de82d7-fb9d-440e-9daa-6f632691c8d8_v0.wav","edge-collected-gunshot-audio","train","","True","True","True","wav","6.758","44100","Mono","32","1411200","1164.22","2021-12-03 20:27:24"
"ec013f65-cc3c-4ebb-9315-bb4d2043e8f4_chan2_v0.wav","/C/gun_explosion_a0a388e0","[""/C/gun_explosion_a0a388e0""]","gun_explosion","[""gun_explosion""]","/home/andres/Documentos/proyecto4geeks/data/raw/edge-collected-gunshot-audio/gunshot/ec013f65-cc3c-4ebb-9315-bb4d2043e8f4_chan2_v0.wav","edge-collected-gunshot-audio","train","","True","True","True","wav","3.723","44100","Mono","32","1411200","641.37","2021-12-03 20:28:40"
"5ec1b4c4-e9bb-4e83-a69f-c71e322cd656_chan3_v0.wav","/C/gun_explosion_a0a388e0","[""/C/gun_explosion_a0a388e0""]","gun_explosion","[""gun_explosion""]","/home/andres/Documentos/proyecto4geeks/data/raw/edge-collected-gunshot-audio/gunshot/5ec1b4c4-e9bb-4e83-a69f-c71e322cd656_chan3_v0.wav","edge-collected-gunshot-audio","train","","True","True","True","wav","11.225","44100","Mono","32","1411200","1933.69","2021-12-03 20:28:14"
"5c46db15-509e-43fe-8fde-038b055eb91c_chan0_v0.wav","/C/gun_explosion_a0a388e0","[""/C/gun_explosion_a0a388e0""]","gun_explosion","[""gun_explosion""]","/home/andres/Documentos/proyecto4geeks/data/raw/edge-collected-gunshot-audio/gunshot/5c46db15-509e-43fe-8fde-038b055eb91c_chan0_v0.wav","edge-collected-gunshot-audio","train","","True","True","True","wav","3.75","44100","Mono","32","1411200","646.05","2021-12-03 20:27:00"
"889f15aa-9b06-472b-8a87-85434b13dc0f_chan1_v2.wav","/C/gun_explosion_a0a388e0","[""/C/gun_explosion_a0a388e0""]","gun_explosion","[""gun_explosion""]","/home/andres/Documentos/proyecto4geeks/data/raw/edge-collected-gunshot-audio/gunshot/889f15aa-9b06-472b-8a87-85434b13dc0f_chan1_v2.wav","edge-collected-gunshot-audio","train","","True","True","True","wav","3.75","44100","Mono","32","1411200","646.05","2021-12-03 20:29:04"
"20d5e3ac-a223-4610-8c28-9ccd36bb4e83_v0.wav","/C/gun_explosion_a0a388e0","[""/C/gun_explosion_a0a388e0""]","gun_explosion","[""gun_explosion""]","/home/andres/Documentos/proyecto4geeks/data/raw/edge-collected-gunshot-audio/gunshot/20d5e3ac-a223-4610-8c28-9ccd36bb4e83_v0.wav","edge-collected-gunshot-audio","train","","True","True","True","wav","9.383","44100","Mono","32","1411200","1616.5","2021-12-03 20:28:46"
"bb5a8b3f-3724-456e-83e1-55f5ca5ac68a_chan3_v0.wav","/C/gun_explosion_a0a388e0","[""/C/gun_explosion_a0a388e0""]","gun_explosion","[""gun_explosion""]","/home/andres/Documentos/proyecto4geeks/data/raw/edge-collected-gunshot-audio/gunshot/bb5a8b3f-3724-456e-83e1-55f5ca5ac68a_chan3_v0.wav","edge-collected-gunshot-audio","train","","True","True","True","wav","3.75","44100","Mono","32","1411200","646.05","2021-12-03 20:28:30"
"3460a5b0-9f03-4e0e-a349-f3c8e79dbde0_v0.wav","/C/gun_explosion_a0a388e0","[""/C/gun_explosion_a0a388e0""]","gun_explosion","[""gun_explosion""]","/home/andres/Documentos/proyecto4geeks/data/raw/edge-collected-gunshot-audio/gunshot/3460a5b0-9f03-4e0e-a349-f3c8e79dbde0_v0.wav","edge-collected-gunshot-audio","train","","True","True","True","wav","3.75","44100","Mono","32","1411200","646.05","2021-12-03 20:28:06"
"9702cac6-fa8d-423e-8c55-c3a2cba43a80_chan5_v0.wav","/C/gun_explosion_a0a388e0","[""/C/gun_explosion_a0a388e0""]","gun_explosion","[""gun_explosion""]","/home/andres/Documentos/proyecto4geeks/data/raw/edge-collected-gunshot-audio/gunshot/9702cac6-fa8d-423e-8c55-c3a2cba43a80_chan5_v0.wav","edge-collected-gunshot-audio","train","","True","True","True","wav","5.021","44100","Mono","32","1411200","865.07","2021-12-03 20:29:08"
"c4bfe4bc-0f13-41d0-9900-aa7ddc99f0d6_v0.wav","/C/gun_explosion_a0a388e0","[""/C/gun_explosion_a0a388e0""]","gun_explosion","[""gun_explosion""]","/home/andres/Documentos/proyecto4geeks/data/raw/edge-collected-gunshot-audio/gunshot/c4bfe4bc-0f13-41d0-9900-aa7ddc99f0d6_v0.wav","edge-collected-gunshot-audio","train","","True","True","True","wav","4.27","44100","Mono","32","1411200","735.67","2021-12-03 20:29:18"
"b6b54c4a-e6b0-487e-b476-25dc131d0607_chan5_v2.wav","/C/gun_explosion_a0a388e0","[""/C/gun_explosion_a0a388e0""]","gun_explosion","[""gun_explosion""]","/home/andres/Documentos/proyecto4geeks/data/raw/edge-collected-gunshot-audio/gunshot/b6b54c4a-e6b0-487e-b476-25dc131d0607_chan5_v2.wav","edge-collected-gunshot-audio","train","","True","True","True","wav","4.237","44100","Mono","32","1411200","730.03","2021-12-03 20:29:18"
"19c4d59e-7e55-4246-b9bc-f7d5a8799fbd_v0.wav","/C/gun_explosion_a0a388e0","[""/C/gun_explosion_a0a388e0""]","gun_explosion","[""gun_explosion""]","/home/andres/Documentos/proyecto4geeks/data/raw/edge-collected-gunshot-audio/gunshot/19c4d59e-7e55-4246-b9bc-f7d5a8799fbd_v0.wav","edge-collected-gunshot-audio","train","","True","True","True","wav","3.75","44100","Mono","32","1411200","646.05","2021-12-03 20:26:52"
"1eddf0db-7c77-4e49-a5e4-544368f8b67c_chan2_v0.wav","/C/gun_explosion_a0a388e0","[""/C/gun_explosion_a0a388e0""]","gun_explosion","[""gun_explosion""]","/home/andres/Documentos/proyecto4geeks/data/raw/edge-collected-gunshot-audio/gunshot/1eddf0db-7c77-4e49-a5e4-544368f8b67c_chan2_v0.wav","edge-collected-gunshot-audio","train","","True","True","True","wav","7.07","44100","Mono","32","1411200","1218.01","2021-12-03 20:26:54"
"6320dc5c-a956-40b8-a664-45f1edcf3b3b_mean_v1.wav","/C/gun_explosion_a0a388e0","[""/C/gun_explosion_a0a388e0""]","gun_explosion","[""gun_explosion""]","/home/andres/Documentos/proyecto4geeks/data/raw/edge-collected-gunshot-audio/gunshot/6320dc5c-a956-40b8-a664-45f1edcf3b3b_mean_v1.wav","edge-collected-gunshot-audio","train","","True","True","True","wav","3.75","44100","Mono","32","1411200","646.05","2021-12-03 20:27:32"
"6377cc9f-b176-45cf-a9f9-4d3bcdcaa51c_chan2_v1.wav","/C/gun_explosion_a0a388e0","[""/C/gun_explosion_a0a388e0""]","gun_explosion","[""gun_explosion""]","/home/andres/Documentos/proyecto4geeks/data/raw/edge-collected-gunshot-audio/gunshot/6377cc9f-b176-45cf-a9f9-4d3bcdcaa51c_chan2_v1.wav","edge-collected-gunshot-audio","test","","True","True","True","wav","4.613","44100","Mono","32","1411200","794.77","2021-12-03 20:27:02"
"8e797a44-9626-4a68-a143-98cc447fbca2_v2.wav","/C/gun_explosion_a0a388e0","[""/C/gun_explosion_a0a388e0""]","gun_explosion","[""gun_explosion""]","/home/andres/Documentos/proyecto4geeks/data/raw/edge-collected-gunshot-audio/gunshot/8e797a44-9626-4a68-a143-98cc447fbca2_v2.wav","edge-collected-gunshot-audio","train","","True","True","True","wav","3.75","44100","Mono","32","1411200","646.05","2021-12-03 20:29:06"
"bfcbf987-3056-4cf3-a40b-b209a365b672_chan4_v0.wav","/C/gun_explosion_a0a388e0","[""/C/gun_explosion_a0a388e0""]","gun_explosion","[""gun_explosion""]","/home/andres/Documentos/proyecto4geeks/data/raw/edge-collected-gunshot-audio/gunshot/bfcbf987-3056-4cf3-a40b-b209a365b672_chan4_v0.wav","edge-collected-gunshot-audio","train","","True","True","True","wav","4.284","44100","Mono","32","1411200","737.99","2021-12-03 20:27:40"
"79e3a045-8093-4614-9ea1-ad5643d61a1e_chan1_v0.wav","/C/gun_explosion_a0a388e0","[""/C/gun_explosion_a0a388e0""]","gun_explosion","[""gun_explosion""]","/home/andres/Documentos/proyecto4geeks/data/raw/edge-collected-gunshot-audio/gunshot/79e3a045-8093-4614-9ea1-ad5643d61a1e_chan1_v0.wav","edge-collected-gunshot-audio","train","","True","True","True","wav","3.308","44100","Mono","32","1411200","569.83","2021-12-03 20:27:32"
"880cac70-86c1-4369-8fce-808a92d86844_v1.wav","/C/gun_explosion_a0a388e0","[""/C/gun_explosion_a0a388e0""]","gun_explosion","[""gun_explosion""]","/home/andres/Documentos/proyecto4geeks/data/raw/edge-collected-gunshot-audio/gunshot/880cac70-86c1-4369-8fce-808a92d86844_v1.wav","edge-collected-gunshot-audio","train","","True","True","True","wav","3.75","44100","Mono","32","1411200","646.05","2021-12-03 20:28:20"
"3e9e857b-ad46-45b1-bf87-863782c4b871_v0.wav","/C/gun_explosion_a0a388e0","[""/C/gun_explosion_a0a388e0""]","gun_explosion","[""gun_explosion""]","/home/andres/Documentos/proyecto4geeks/data/raw/edge-collected-gunshot-audio/gunshot/3e9e857b-ad46-45b1-bf87-863782c4b871_v0.wav","edge-collected-gunshot-audio","train","","True","True","True","wav","3.75","44100","Mono","32","1411200","646.05","2021-12-03 20:28:06"
"2635ee28-ca23-48ab-abb1-ec263c623588_chan3_v0.wav","/C/gun_explosion_a0a388e0","[""/C/gun_explosion_a0a388e0""]","gun_explosion","[""gun_explosion""]","/home/andres/Documentos/proyecto4geeks/data/raw/edge-collected-gunshot-audio/gunshot/2635ee28-ca23-48ab-abb1-ec263c623588_chan3_v0.wav","edge-collected-gunshot-audio","train","","True","True","True","wav","4.356","44100","Mono","32","1411200","750.44","2021-12-03 20:28:48"
"af1d7d22-46ed-4f2b-a2b5-fc4a5bec68bd_chan6_v0.wav","/C/gun_explosion_a0a388e0","[""/C/gun_explosion_a0a388e0""]","gun_explosion","[""gun_explosion""]","/home/andres/Documentos/proyecto4geeks/data/raw/edge-collected-gunshot-audio/gunshot/af1d7d22-46ed-4f2b-a2b5-fc4a5bec68bd_chan6_v0.wav","edge-collected-gunshot-audio","train","","True","True","True","wav","3.495","44100","Mono","32","1411200","602.09","2021-12-03 20:27:38"
"03fc4685-909e-42c5-aff0-f519f1d14b12_chan6_v0.wav","/C/gun_explosion_a0a388e0","[""/C/gun_explosion_a0a388e0""]","gun_explosion","[""gun_explosion""]","/home/andres/Documentos/proyecto4geeks/data/raw/edge-collected-gunshot-audio/gunshot/03fc4685-909e-42c5-aff0-f519f1d14b12_chan6_v0.wav","edge-collected-gunshot-audio","train","","True","True","True","wav","5.016","44100","Mono","32","1411200","864.19","2021-12-03 20:27:16"
"4dde8c51-f8a3-45ce-9822-819d696ae966_chan6_v0.wav","/C/gun_explosion_a0a388e0","[""/C/gun_explosion_a0a388e0""]","gun_explosion","[""gun_explosion""]","/home/andres/Documentos/proyecto4geeks/data/raw/edge-collected-gunshot-audio/gunshot/4dde8c51-f8a3-45ce-9822-819d696ae966_chan6_v0.wav","edge-collected-gunshot-audio","test","","True","True","True","wav","2.943","44100","Mono","32","1411200","507.04","2021-12-03 20:28:10"
"7255367e-1e44-4f98-93c8-b492ff8287a7_v0.wav","/C/gun_explosion_a0a388e0","[""/C/gun_explosion_a0a388e0""]","gun_explosion","[""gun_explosion""]","/home/andres/Documentos/proyecto4geeks/data/raw/edge-collected-gunshot-audio/gunshot/7255367e-1e44-4f98-93c8-b492ff8287a7_v0.wav","edge-collected-gunshot-audio","train","","True","True","True","wav","5.782","44100","Mono","32","1411200","996.17","2021-12-03 20:28:58"
"96fe54e0-b01a-499f-8d41-6a43c40dcddc_v0.wav","/C/gun_explosion_a0a388e0","[""/C/gun_explosion_a0a388e0""]","gun_explosion","[""gun_explosion""]","/home/andres/Documentos/proyecto4geeks/data/raw/edge-collected-gunshot-audio/gunshot/96fe54e0-b01a-499f-8d41-6a43c40dcddc_v0.wav","edge-collected-gunshot-audio","train","","True","True","True","wav","4.664","44100","Mono","32","1411200","803.48","2021-12-03 20:28:22"
"3ab0f1bb-f7fe-4cfe-a78e-11a263f75819_chan5_v0.wav","/C/gun_explosion_a0a388e0","[""/C/gun_explosion_a0a388e0""]","gun_explosion","[""gun_explosion""]","/home/andres/Documentos/proyecto4geeks/data/raw/edge-collected-gunshot-audio/gunshot/3ab0f1bb-f7fe-4cfe-a78e-11a263f75819_chan5_v0.wav","edge-collected-gunshot-audio","train","","True","True","True","wav","5.179","44100","Mono","32","1411200","892.29","2021-12-03 20:27:26"
"8af2c7a4-73b8-4149-805d-e8632e0c9e3c_chan0_v0.wav","/C/gun_explosion_a0a388e0","[""/C/gun_explosion_a0a388e0""]","gun_explosion","[""gun_explosion""]","/home/andres/Documentos/proyecto4geeks/data/raw/edge-collected-gunshot-audio/gunshot/8af2c7a4-73b8-4149-805d-e8632e0c9e3c_chan0_v0.wav","edge-collected-gunshot-audio","train","","True","True","True","wav","2.641","44100","Mono","32","1411200","454.95","2021-12-03 20:28:20"
"34f6f5d2-1814-47ac-b3ac-4900851461cc_v0.wav","/C/gun_explosion_a0a388e0","[""/C/gun_explosion_a0a388e0""]","gun_explosion","[""gun_explosion""]","/home/andres/Documentos/proyecto4geeks/data/raw/edge-collected-gunshot-audio/gunshot/34f6f5d2-1814-47ac-b3ac-4900851461cc_v0.wav","edge-collected-gunshot-audio","train","","True","True","True","wav","3.56","44100","Mono","32","1411200","613.32","2021-12-03 20:28:06"
"2206e99c-e7ee-493b-902e-1a970a9fc4fe_mean_v0.wav","/C/gun_explosion_a0a388e0","[""/C/gun_explosion_a0a388e0""]","gun_explosion","[""gun_explosion""]","/home/andres/Documentos/proyecto4geeks/data/raw/edge-collected-gunshot-audio/gunshot/2206e99c-e7ee-493b-902e-1a970a9fc4fe_mean_v0.wav","edge-collected-gunshot-audio","test","","True","True","True","wav","3.75","44100","Mono","32","1411200","646.05","2021-12-03 20:26:56"
"0bf6802f-32e1-40d2-99d5-b9f893526cdc_mean_v0.wav","/C/gun_explosion_a0a388e0","[""/C/gun_explosion_a0a388e0""]","gun_explosion","[""gun_explosion""]","/home/andres/Documentos/proyecto4geeks/data/raw/edge-collected-gunshot-audio/gunshot/0bf6802f-32e1-40d2-99d5-b9f893526cdc_mean_v0.wav","edge-collected-gunshot-audio","train","","True","True","True","wav","4.81","44100","Mono","32","1411200","828.65","2021-12-03 20:27:56"
"d8a66b56-2662-4da5-bd96-2fd21ad87412_chan6_v0.wav","/C/gun_explosion_a0a388e0","[""/C/gun_explosion_a0a388e0""]","gun_explosion","[""gun_explosion""]","/home/andres/Documentos/proyecto4geeks/data/raw/edge-collected-gunshot-audio/gunshot/d8a66b56-2662-4da5-bd96-2fd21ad87412_chan6_v0.wav","edge-collected-gunshot-audio","train","","True","True","True","wav","3.75","44100","Mono","32","1411200","646.05","2021-12-03 20:27:46"
"e0b5c3ba-b47b-49ff-a727-5946c108798c_chan4_v0.wav","/C/gun_explosion_a0a388e0","[""/C/gun_explosion_a0a388e0""]","gun_explosion","[""gun_explosion""]","/home/andres/Documentos/proyecto4geeks/data/raw/edge-collected-gunshot-audio/gunshot/e0b5c3ba-b47b-49ff-a727-5946c108798c_chan4_v0.wav","edge-collected-gunshot-audio","train","","True","True","True","wav","5.74","44100","Mono","32","1411200","988.83","2021-12-03 20:29:24"
"2e743d86-86f3-4ee6-8e8d-20618a383433_chan3_v0.wav","/C/gun_explosion_a0a388e0","[""/C/gun_explosion_a0a388e0""]","gun_explosion","[""gun_explosion""]","/home/andres/Documentos/proyecto4geeks/data/raw/edge-collected-gunshot-audio/gunshot/2e743d86-86f3-4ee6-8e8d-20618a383433_chan3_v0.wav","edge-collected-gunshot-audio","test","","True","True","True","wav","11.75","44100","Mono","32","1411200","2024.19","2021-12-03 20:28:04"
"090f69a9-885c-45fb-a807-f2661aaeb165_chan0_v2.wav","/C/gun_explosion_a0a388e0","[""/C/gun_explosion_a0a388e0""]","gun_explosion","[""gun_explosion""]","/home/andres/Documentos/proyecto4geeks/data/raw/edge-collected-gunshot-audio/gunshot/090f69a9-885c-45fb-a807-f2661aaeb165_chan0_v2.wav","edge-collected-gunshot-audio","train","","True","True","True","wav","6.008","44100","Mono","32","1411200","1035.08","2021-12-03 20:27:18"
"22ed4ab2-febd-4d74-9777-ea4f8c6469ae_chan5_v0.wav","/C/gun_explosion_a0a388e0","[""/C/gun_explosion_a0a388e0""]","gun_explosion","[""gun_explosion""]","/home/andres/Documentos/proyecto4geeks/data/raw/edge-collected-gunshot-audio/gunshot/22ed4ab2-febd-4d74-9777-ea4f8c6469ae_chan5_v0.wav","edge-collected-gunshot-audio","train","","True","True","True","wav","3.75","44100","Mono","32","1411200","646.05","2021-12-03 20:28:02"
"6ec0282d-1320-40e2-8ea0-21735864de2e_v0.wav","/C/gun_explosion_a0a388e0","[""/C/gun_explosion_a0a388e0""]","gun_explosion","[""gun_explosion""]","/home/andres/Documentos/proyecto4geeks/data/raw/edge-collected-gunshot-audio/gunshot/6ec0282d-1320-40e2-8ea0-21735864de2e_v0.wav","edge-collected-gunshot-audio","train","","True","True","True","wav","4.193","44100","Mono","32","1411200","722.28","2021-12-03 20:28:58"
"5c46db15-509e-43fe-8fde-038b055eb91c_chan6_v0.wav","/C/gun_explosion_a0a388e0","[""/C/gun_explosion_a0a388e0""]","gun_explosion","[""gun_explosion""]","/home/andres/Documentos/proyecto4geeks/data/raw/edge-collected-gunshot-audio/gunshot/5c46db15-509e-43fe-8fde-038b055eb91c_chan6_v0.wav","edge-collected-gunshot-audio","train","","True","True","True","wav","3.75","44100","Mono","32","1411200","646.05","2021-12-03 20:27:00"
"1298fc2a-4470-4cbd-a8c7-8c6e103d7c4f_chan1_v0.wav","/C/gun_explosion_a0a388e0","[""/C/gun_explosion_a0a388e0""]","gun_explosion","[""gun_explosion""]","/home/andres/Documentos/proyecto4geeks/data/raw/edge-collected-gunshot-audio/gunshot/1298fc2a-4470-4cbd-a8c7-8c6e103d7c4f_chan1_v0.wav","edge-collected-gunshot-audio","train","","True","True","True","wav","3.75","44100","Mono","32","1411200","646.05","2021-12-03 20:27:58"
"13d6021d-7270-4635-b6ad-2cd4b6313314_chan0_v0.wav","/C/gun_explosion_a0a388e0","[""/C/gun_explosion_a0a388e0""]","gun_explosion","[""gun_explosion""]","/home/andres/Documentos/proyecto4geeks/data/raw/edge-collected-gunshot-audio/gunshot/13d6021d-7270-4635-b6ad-2cd4b6313314_chan0_v0.wav","edge-collected-gunshot-audio","test","","True","True","True","wav","3.75","44100","Mono","32","1411200","646.05","2021-12-03 20:26:52"
"f57c0b9b-0503-4b1d-b87b-ba45ee99afa8_v0.wav","/C/gun_explosion_a0a388e0","[""/C/gun_explosion_a0a388e0""]","gun_explosion","[""gun_explosion""]","/home/andres/Documentos/proyecto4geeks/data/raw/edge-collected-gunshot-audio/gunshot/f57c0b9b-0503-4b1d-b87b-ba45ee99afa8_v0.wav","edge-collected-gunshot-audio","train","","True","True","True","wav","3.75","44100","Mono","32","1411200","646.05","2021-12-03 20:28:40"
"5972ae17-39fc-4813-b384-bb8ece5856f8_chan2_v0.wav","/C/gun_explosion_a0a388e0","[""/C/gun_explosion_a0a388e0""]","gun_explosion","[""gun_explosion""]","/home/andres/Documentos/proyecto4geeks/data/raw/edge-collected-gunshot-audio/gunshot/5972ae17-39fc-4813-b384-bb8ece5856f8_chan2_v0.wav","edge-collected-gunshot-audio","test","","True","True","True","wav","5.618","44100","Mono","32","1411200","967.77","2021-12-03 20:28:12"
"9d9de7e0-b2b6-45ea-853d-b64f094647dc_v0.wav","/C/gun_explosion_a0a388e0","[""/C/gun_explosion_a0a388e0""]","gun_explosion","[""gun_explosion""]","/home/andres/Documentos/proyecto4geeks/data/raw/edge-collected-gunshot-audio/gunshot/9d9de7e0-b2b6-45ea-853d-b64f094647dc_v0.wav","edge-collected-gunshot-audio","train","","True","True","True","wav","7.24","44100","Mono","32","1411200","1247.25","2021-12-03 20:27:36"
"305914f4-bd2e-4b56-8473-101726329119_chan1_v0.wav","/C/gun_explosion_a0a388e0","[""/C/gun_explosion_a0a388e0""]","gun_explosion","[""gun_explosion""]","/home/andres/Documentos/proyecto4geeks/data/raw/edge-collected-gunshot-audio/gunshot/305914f4-bd2e-4b56-8473-101726329119_chan1_v0.wav","edge-collected-gunshot-audio","train","","True","True","True","wav","5.579","44100","Mono","32","1411200","961.13","2021-12-03 20:28:48"
"7bf0aede-a406-4fd5-9ed2-557755d462b0_v0.wav","/C/gun_explosion_a0a388e0","[""/C/gun_explosion_a0a388e0""]","gun_explosion","[""gun_explosion""]","/home/andres/Documentos/proyecto4geeks/data/raw/edge-collected-gunshot-audio/gunshot/7bf0aede-a406-4fd5-9ed2-557755d462b0_v0.wav","edge-collected-gunshot-audio","train","","True","True","True","wav","3.75","44100","Mono","32","1411200","646.05","2021-12-03 20:28:20"
"a0e31937-1988-4fdc-8d5d-95c78b942f4f_chan4_v0.wav","/C/gun_explosion_a0a388e0","[""/C/gun_explosion_a0a388e0""]","gun_explosion","[""gun_explosion""]","/home/andres/Documentos/proyecto4geeks/data/raw/edge-collected-gunshot-audio/gunshot/a0e31937-1988-4fdc-8d5d-95c78b942f4f_chan4_v0.wav","edge-collected-gunshot-audio","train","","True","True","True","wav","2.324","44100","Mono","32","1411200","400.43","2021-12-03 20:27:36"
"28957b0d-7a32-4901-a9f5-e8fc88bd37eb_v0.wav","/C/gun_explosion_a0a388e0","[""/C/gun_explosion_a0a388e0""]","gun_explosion","[""gun_explosion""]","/home/andres/Documentos/proyecto4geeks/data/raw/edge-collected-gunshot-audio/gunshot/28957b0d-7a32-4901-a9f5-e8fc88bd37eb_v0.wav","edge-collected-gunshot-audio","train","","True","True","True","wav","3.424","44100","Mono","32","1411200","589.9","2021-12-03 20:27:24"
"a1e92cb2-7999-4a02-ad5e-d9602c622854_chan0_v0.wav","/C/gun_explosion_a0a388e0","[""/C/gun_explosion_a0a388e0""]","gun_explosion","[""gun_explosion""]","/home/andres/Documentos/proyecto4geeks/data/raw/edge-collected-gunshot-audio/gunshot/a1e92cb2-7999-4a02-ad5e-d9602c622854_chan0_v0.wav","edge-collected-gunshot-audio","test","","True","True","True","wav","3.64","44100","Mono","32","1411200","627.08","2021-12-03 20:28:26"
"aaf21cb7-ef6d-4cbc-b2de-b279869b401c_chan0_v0.wav","/C/gun_explosion_a0a388e0","[""/C/gun_explosion_a0a388e0""]","gun_explosion","[""gun_explosion""]","/home/andres/Documentos/proyecto4geeks/data/raw/edge-collected-gunshot-audio/gunshot/aaf21cb7-ef6d-4cbc-b2de-b279869b401c_chan0_v0.wav","edge-collected-gunshot-audio","train","","True","True","True","wav","3.75","44100","Mono","32","1411200","646.05","2021-12-03 20:27:36"
"0495b86d-2f39-4912-916b-0cfbc160cf3d_chan5_v0.wav","/C/gun_explosion_a0a388e0","[""/C/gun_explosion_a0a388e0""]","gun_explosion","[""gun_explosion""]","/home/andres/Documentos/proyecto4geeks/data/raw/edge-collected-gunshot-audio/gunshot/0495b86d-2f39-4912-916b-0cfbc160cf3d_chan5_v0.wav","edge-collected-gunshot-audio","train","","True","True","True","wav","5.009","44100","Mono","32","1411200","862.87","2021-12-03 20:28:42"
"f1ad53f5-d113-4a27-9929-f5013db0bc0c_v3.wav","/C/gun_explosion_a0a388e0","[""/C/gun_explosion_a0a388e0""]","gun_explosion","[""gun_explosion""]","/home/andres/Documentos/proyecto4geeks/data/raw/edge-collected-gunshot-audio/gunshot/f1ad53f5-d113-4a27-9929-f5013db0bc0c_v3.wav","edge-collected-gunshot-audio","train","","True","True","True","wav","3.75","44100","Mono","32","1411200","646.05","2021-12-03 20:29:26"
"9480296f-8e6e-438e-a35d-76a2f24506df_chan4_v0.wav","/C/gun_explosion_a0a388e0","[""/C/gun_explosion_a0a388e0""]","gun_explosion","[""gun_explosion""]","/home/andres/Documentos/proyecto4geeks/data/raw/edge-collected-gunshot-audio/gunshot/9480296f-8e6e-438e-a35d-76a2f24506df_chan4_v0.wav","edge-collected-gunshot-audio","train","","True","True","True","wav","3.75","44100","Mono","32","1411200","646.05","2021-12-03 20:28:22"
"3f294bc9-6278-4040-bbff-7547ca7ecde3_mean_v0.wav","/C/gun_explosion_a0a388e0","[""/C/gun_explosion_a0a388e0""]","gun_explosion","[""gun_explosion""]","/home/andres/Documentos/proyecto4geeks/data/raw/edge-collected-gunshot-audio/gunshot/3f294bc9-6278-4040-bbff-7547ca7ecde3_mean_v0.wav","edge-collected-gunshot-audio","train","","True","True","True","wav","4.556","44100","Mono","32","1411200","784.83","2021-12-03 20:28:52"
"524157e1-fb04-46b2-b887-8fcc84c4261a_chan3_v1.wav","/C/gun_explosion_a0a388e0","[""/C/gun_explosion_a0a388e0""]","gun_explosion","[""gun_explosion""]","/home/andres/Documentos/proyecto4geeks/data/raw/edge-collected-gunshot-audio/gunshot/524157e1-fb04-46b2-b887-8fcc84c4261a_chan3_v1.wav","edge-collected-gunshot-audio","train","","True","True","True","wav","8.999","44100","Mono","32","1411200","1550.22","2021-12-03 20:28:54"
"79e3a045-8093-4614-9ea1-ad5643d61a1e_chan0_v0.wav","/C/gun_explosion_a0a388e0","[""/C/gun_explosion_a0a388e0""]","gun_explosion","[""gun_explosion""]","/home/andres/Documentos/proyecto4geeks/data/raw/edge-collected-gunshot-audio/gunshot/79e3a045-8093-4614-9ea1-ad5643d61a1e_chan0_v0.wav","edge-collected-gunshot-audio","train","","True","True","True","wav","3.308","44100","Mono","32","1411200","569.83","2021-12-03 20:27:32"
"1383f872-0338-4ca4-932c-d025fd10c8da_v0.wav","/C/gun_explosion_a0a388e0","[""/C/gun_explosion_a0a388e0""]","gun_explosion","[""gun_explosion""]","/home/andres/Documentos/proyecto4geeks/data/raw/edge-collected-gunshot-audio/gunshot/1383f872-0338-4ca4-932c-d025fd10c8da_v0.wav","edge-collected-gunshot-audio","train","","True","True","True","wav","3.75","44100","Mono","32","1411200","646.05","2021-12-03 20:28:00"
"15b04a92-4a19-4d7c-b961-e072a020eb33_v1.wav","/C/gun_explosion_a0a388e0","[""/C/gun_explosion_a0a388e0""]","gun_explosion","[""gun_explosion""]","/home/andres/Documentos/proyecto4geeks/data/raw/edge-collected-gunshot-audio/gunshot/15b04a92-4a19-4d7c-b961-e072a020eb33_v1.wav","edge-collected-gunshot-audio","train","","True","True","True","wav","3.75","44100","Mono","32","1411200","646.05","2021-12-03 20:26:52"
"1fab478a-049c-40e2-8662-8102e3501d67_chan3_v0.wav","/C/gun_explosion_a0a388e0","[""/C/gun_explosion_a0a388e0""]","gun_explosion","[""gun_explosion""]","/home/andres/Documentos/proyecto4geeks/data/raw/edge-collected-gunshot-audio/gunshot/1fab478a-049c-40e2-8662-8102e3501d67_chan3_v0.wav","edge-collected-gunshot-audio","train","","True","True","True","wav","3.104","44100","Mono","32","1411200","534.77","2021-12-03 20:26:54"
"e73d935b-ddfa-4139-91d6-9d2f68994770_chan6_v1.wav","/C/gun_explosion_a0a388e0","[""/C/gun_explosion_a0a388e0""]","gun_explosion","[""gun_explosion""]","/home/andres/Documentos/proyecto4geeks/data/raw/edge-collected-gunshot-audio/gunshot/e73d935b-ddfa-4139-91d6-9d2f68994770_chan6_v1.wav","edge-collected-gunshot-audio","train","","True","True","True","wav","3.75","44100","Mono","32","1411200","646.05","2021-12-03 20:27:50"
"1f9f6134-5a65-4c68-918d-e37ea70068cb_v1.wav","/C/gun_explosion_a0a388e0","[""/C/gun_explosion_a0a388e0""]","gun_explosion","[""gun_explosion""]","/home/andres/Documentos/proyecto4geeks/data/raw/edge-collected-gunshot-audio/gunshot/1f9f6134-5a65-4c68-918d-e37ea70068cb_v1.wav","edge-collected-gunshot-audio","train","","True","True","True","wav","3.75","44100","Mono","32","1411200","646.05","2021-12-03 20:28:46"
"bfcbf987-3056-4cf3-a40b-b209a365b672_chan1_v0.wav","/C/gun_explosion_a0a388e0","[""/C/gun_explosion_a0a388e0""]","gun_explosion","[""gun_explosion""]","/home/andres/Documentos/proyecto4geeks/data/raw/edge-collected-gunshot-audio/gunshot/bfcbf987-3056-4cf3-a40b-b209a365b672_chan1_v0.wav","edge-collected-gunshot-audio","train","","True","True","True","wav","4.283","44100","Mono","32","1411200","737.84","2021-12-03 20:27:40"
"6377cc9f-b176-45cf-a9f9-4d3bcdcaa51c_mean_v0.wav","/C/gun_explosion_a0a388e0","[""/C/gun_explosion_a0a388e0""]","gun_explosion","[""gun_explosion""]","/home/andres/Documentos/proyecto4geeks/data/raw/edge-collected-gunshot-audio/gunshot/6377cc9f-b176-45cf-a9f9-4d3bcdcaa51c_mean_v0.wav","edge-collected-gunshot-audio","train","","True","True","True","wav","3.75","44100","Mono","32","1411200","646.05","2021-12-03 20:27:02"
"59870dda-c047-4ab0-9016-7a4ffd65f504_chan3_v0.wav","/C/gun_explosion_a0a388e0","[""/C/gun_explosion_a0a388e0""]","gun_explosion","[""gun_explosion""]","/home/andres/Documentos/proyecto4geeks/data/raw/edge-collected-gunshot-audio/gunshot/59870dda-c047-4ab0-9016-7a4ffd65f504_chan3_v0.wav","edge-collected-gunshot-audio","train","","True","True","True","wav","3.522","44100","Mono","32","1411200","606.73","2021-12-03 20:28:56"
"83f9faea-4b8b-4b8f-be70-99eedb0f3ac9_chan2_v0.wav","/C/gun_explosion_a0a388e0","[""/C/gun_explosion_a0a388e0""]","gun_explosion","[""gun_explosion""]","/home/andres/Documentos/proyecto4geeks/data/raw/edge-collected-gunshot-audio/gunshot/83f9faea-4b8b-4b8f-be70-99eedb0f3ac9_chan2_v0.wav","edge-collected-gunshot-audio","train","","True","True","True","wav","3.594","44100","Mono","32","1411200","619.17","2021-12-03 20:28:20"
"dbaa31e2-dcae-44f3-98c1-7c820d128f78_v0.wav","/C/gun_explosion_a0a388e0","[""/C/gun_explosion_a0a388e0""]","gun_explosion","[""gun_explosion""]","/home/andres/Documentos/proyecto4geeks/data/raw/edge-collected-gunshot-audio/gunshot/dbaa31e2-dcae-44f3-98c1-7c820d128f78_v0.wav","edge-collected-gunshot-audio","train","","True","True","True","wav","3.668","44100","Mono","32","1411200","631.87","2021-12-03 20:28:36"
"805e6b14-ad2f-4802-902b-53518cc81464_chan2_v0.wav","/C/gun_explosion_a0a388e0","[""/C/gun_explosion_a0a388e0""]","gun_explosion","[""gun_explosion""]","/home/andres/Documentos/proyecto4geeks/data/raw/edge-collected-gunshot-audio/gunshot/805e6b14-ad2f-4802-902b-53518cc81464_chan2_v0.wav","edge-collected-gunshot-audio","train","","True","True","True","wav","5.838","44100","Mono","32","1411200","1005.69","2021-12-03 20:27:04"
"311641e1-8a87-4a2b-a12d-5d451505741c_v2.wav","/C/gun_explosion_a0a388e0","[""/C/gun_explosion_a0a388e0""]","gun_explosion","[""gun_explosion""]","/home/andres/Documentos/proyecto4geeks/data/raw/edge-collected-gunshot-audio/gunshot/311641e1-8a87-4a2b-a12d-5d451505741c_v2.wav","edge-collected-gunshot-audio","train","","True","True","True","wav","2.0","44100","Mono","32","1411200","344.59","2021-12-03 20:28:06"
"b6b54c4a-e6b0-487e-b476-25dc131d0607_chan5_v0.wav","/C/gun_explosion_a0a388e0","[""/C/gun_explosion_a0a388e0""]","gun_explosion","[""gun_explosion""]","/home/andres/Documentos/proyecto4geeks/data/raw/edge-collected-gunshot-audio/gunshot/b6b54c4a-e6b0-487e-b476-25dc131d0607_chan5_v0.wav","edge-collected-gunshot-audio","train","","True","True","True","wav","3.75","44100","Mono","32","1411200","646.05","2021-12-03 20:29:18"
"d312ea2f-8542-4ac2-8bd8-1e8b3433c4c3_mean_v0.wav","/C/gun_explosion_a0a388e0","[""/C/gun_explosion_a0a388e0""]","gun_explosion","[""gun_explosion""]","/home/andres/Documentos/proyecto4geeks/data/raw/edge-collected-gunshot-audio/gunshot/d312ea2f-8542-4ac2-8bd8-1e8b3433c4c3_mean_v0.wav","edge-collected-gunshot-audio","train","","True","True","True","wav","2.675","44100","Mono","32","1411200","460.79","2021-12-03 20:27:12"
"81b21b3c-70a1-4202-918f-3d896278d405_chan6_v0.wav","/C/gun_explosion_a0a388e0","[""/C/gun_explosion_a0a388e0""]","gun_explosion","[""gun_explosion""]","/home/andres/Documentos/proyecto4geeks/data/raw/edge-collected-gunshot-audio/gunshot/81b21b3c-70a1-4202-918f-3d896278d405_chan6_v0.wav","edge-collected-gunshot-audio","train","","True","True","True","wav","5.298","44100","Mono","32","1411200","912.74","2021-12-03 20:29:02"
"d5a15ea9-1077-4e5f-80a1-c4e856231489_chan0_v0.wav","/C/gun_explosion_a0a388e0","[""/C/gun_explosion_a0a388e0""]","gun_explosion","[""gun_explosion""]","/home/andres/Documentos/proyecto4geeks/data/raw/edge-collected-gunshot-audio/gunshot/d5a15ea9-1077-4e5f-80a1-c4e856231489_chan0_v0.wav","edge-collected-gunshot-audio","train","","True","True","True","wav","3.75","44100","Mono","32","1411200","646.05","2021-12-03 20:28:34"
"c140e9ba-15bd-4370-8ea2-a60f02260217_v0.wav","/C/gun_explosion_a0a388e0","[""/C/gun_explosion_a0a388e0""]","gun_explosion","[""gun_explosion""]","/home/andres/Documentos/proyecto4geeks/data/raw/edge-collected-gunshot-audio/gunshot/c140e9ba-15bd-4370-8ea2-a60f02260217_v0.wav","edge-collected-gunshot-audio","train","","True","True","True","wav","9.38","44100","Mono","32","1411200","1615.99","2021-12-03 20:29:18"
"0a07b229-7d2b-4d2b-8f32-c94cbc7b1487_chan1_v1.wav","/C/gun_explosion_a0a388e0","[""/C/gun_explosion_a0a388e0""]","gun_explosion","[""gun_explosion""]","/home/andres/Documentos/proyecto4geeks/data/raw/edge-collected-gunshot-audio/gunshot/0a07b229-7d2b-4d2b-8f32-c94cbc7b1487_chan1_v1.wav","edge-collected-gunshot-audio","train","","True","True","True","wav","3.75","44100","Mono","32","1411200","646.05","2021-12-03 20:26:48"
"a11c797b-dc59-4d5f-8c48-9f78ac246453_v0.wav","/C/gun_explosion_a0a388e0","[""/C/gun_explosion_a0a388e0""]","gun_explosion","[""gun_explosion""]","/home/andres/Documentos/proyecto4geeks/data/raw/edge-collected-gunshot-audio/gunshot/a11c797b-dc59-4d5f-8c48-9f78ac246453_v0.wav","edge-collected-gunshot-audio","train","","True","True","True","wav","7.241","44100","Mono","32","1411200","1247.44","2021-12-03 20:27:36"
"090f69a9-885c-45fb-a807-f2661aaeb165_mean_v1.wav","/C/gun_explosion_a0a388e0","[""/C/gun_explosion_a0a388e0""]","gun_explosion","[""gun_explosion""]","/home/andres/Documentos/proyecto4geeks/data/raw/edge-collected-gunshot-audio/gunshot/090f69a9-885c-45fb-a807-f2661aaeb165_mean_v1.wav","edge-collected-gunshot-audio","train","","True","True","True","wav","5.922","44100","Mono","32","1411200","1020.13","2021-12-03 20:27:20"
"64210409-df04-4e4b-bf3b-7afa05b59624_chan2_v0.wav","/C/gun_explosion_a0a388e0","[""/C/gun_explosion_a0a388e0""]","gun_explosion","[""gun_explosion""]","/home/andres/Documentos/proyecto4geeks/data/raw/edge-collected-gunshot-audio/gunshot/64210409-df04-4e4b-bf3b-7afa05b59624_chan2_v0.wav","edge-collected-gunshot-audio","test","","True","True","True","wav","3.75","44100","Mono","32","1411200","646.05","2021-12-03 20:28:16"
"81c88e82-5dc3-446c-b9d8-d7687eb45b56_v3.wav","/C/gun_explosion_a0a388e0","[""/C/gun_explosion_a0a388e0""]","gun_explosion","[""gun_explosion""]","/home/andres/Documentos/proyecto4geeks/data/raw/edge-collected-gunshot-audio/gunshot/81c88e82-5dc3-446c-b9d8-d7687eb45b56_v3.wav","edge-collected-gunshot-audio","test","","True","True","True","wav","2.0","44100","Mono","32","1411200","344.59","2021-12-03 20:27:04"
"1bff3ff9-3bb6-43f3-96cd-abbbf7d84b46_chan2_v0.wav","/C/gun_explosion_a0a388e0","[""/C/gun_explosion_a0a388e0""]","gun_explosion","[""gun_explosion""]","/home/andres/Documentos/proyecto4geeks/data/raw/edge-collected-gunshot-audio/gunshot/1bff3ff9-3bb6-43f3-96cd-abbbf7d84b46_chan2_v0.wav","edge-collected-gunshot-audio","test","","True","True","True","wav","3.75","44100","Mono","32","1411200","646.05","2021-12-03 20:28:44"
"019439aa-e146-49da-b59c-28a594fba7e2_v6.wav","/C/gun_explosion_a0a388e0","[""/C/gun_explosion_a0a388e0""]","gun_explosion","[""gun_explosion""]","/home/andres/Documentos/proyecto4geeks/data/raw/edge-collected-gunshot-audio/gunshot/019439aa-e146-49da-b59c-28a594fba7e2_v6.wav","edge-collected-gunshot-audio","test","","True","True","True","wav","2.0","44100","Mono","32","1411200","344.59","2021-12-03 20:27:54"
"acf24fae-0755-4bf6-8bf9-0440585c5b15_chan6_v0.wav","/C/gun_explosion_a0a388e0","[""/C/gun_explosion_a0a388e0""]","gun_explosion","[""gun_explosion""]","/home/andres/Documentos/proyecto4geeks/data/raw/edge-collected-gunshot-audio/gunshot/acf24fae-0755-4bf6-8bf9-0440585c5b15_chan6_v0.wav","edge-collected-gunshot-audio","train","","True","True","True","wav","4.188","44100","Mono","32","1411200","721.59","2021-12-03 20:28:28"
"c3e941d7-3303-4b6d-a31a-096b36b5c937_v2.wav","/C/gun_explosion_a0a388e0","[""/C/gun_explosion_a0a388e0""]","gun_explosion","[""gun_explosion""]","/home/andres/Documentos/proyecto4geeks/data/raw/edge-collected-gunshot-audio/gunshot/c3e941d7-3303-4b6d-a31a-096b36b5c937_v2.wav","edge-collected-gunshot-audio","test","","True","True","True","wav","3.75","44100","Mono","32","1411200","646.05","2021-12-03 20:27:44"
"9fe037df-d10f-48a0-b988-1a6202c10f46_chan2_v0.wav","/C/gun_explosion_a0a388e0","[""/C/gun_explosion_a0a388e0""]","gun_explosion","[""gun_explosion""]","/home/andres/Documentos/proyecto4geeks/data/raw/edge-collected-gunshot-audio/gunshot/9fe037df-d10f-48a0-b988-1a6202c10f46_chan2_v0.wav","edge-collected-gunshot-audio","train","","True","True","True","wav","3.75","44100","Mono","32","1411200","646.05","2021-12-03 20:28:24"
"c0b2e1a0-0ad1-485b-9df8-af37612ac034_chan2_v0.wav","/C/gun_explosion_a0a388e0","[""/C/gun_explosion_a0a388e0""]","gun_explosion","[""gun_explosion""]","/home/andres/Documentos/proyecto4geeks/data/raw/edge-collected-gunshot-audio/gunshot/c0b2e1a0-0ad1-485b-9df8-af37612ac034_chan2_v0.wav","edge-collected-gunshot-audio","test","","True","True","True","wav","3.75","44100","Mono","32","1411200","646.05","2021-12-03 20:27:42"
"1f85c0fd-51bb-470c-9b40-0f0faa5cae1f_chan3_v0.wav","/C/gun_explosion_a0a388e0","[""/C/gun_explosion_a0a388e0""]","gun_explosion","[""gun_explosion""]","/home/andres/Documentos/proyecto4geeks/data/raw/edge-collected-gunshot-audio/gunshot/1f85c0fd-51bb-470c-9b40-0f0faa5cae1f_chan3_v0.wav","edge-collected-gunshot-audio","train","","True","True","True","wav","3.75","44100","Mono","32","1411200","646.05","2021-12-03 20:28:02"
"ed8d991f-9e68-4630-9f2f-4442fdb0be6f_chan3_v0.wav","/C/gun_explosion_a0a388e0","[""/C/gun_explosion_a0a388e0""]","gun_explosion","[""gun_explosion""]","/home/andres/Documentos/proyecto4geeks/data/raw/edge-collected-gunshot-audio/gunshot/ed8d991f-9e68-4630-9f2f-4442fdb0be6f_chan3_v0.wav","edge-collected-gunshot-audio","train","","True","True","True","wav","3.75","44100","Mono","32","1411200","646.05","2021-12-03 20:28:40"
"0a07b229-7d2b-4d2b-8f32-c94cbc7b1487_chan0_v0.wav","/C/gun_explosion_a0a388e0","[""/C/gun_explosion_a0a388e0""]","gun_explosion","[""gun_explosion""]","/home/andres/Documentos/proyecto4geeks/data/raw/edge-collected-gunshot-audio/gunshot/0a07b229-7d2b-4d2b-8f32-c94cbc7b1487_chan0_v0.wav","edge-collected-gunshot-audio","train","","True","True","True","wav","5.242","44100","Mono","32","1411200","903.14","2021-12-03 20:26:48"
"d394b858-4d3d-4658-9eb6-296579776892_chan5_v0.wav","/C/gun_explosion_a0a388e0","[""/C/gun_explosion_a0a388e0""]","gun_explosion","[""gun_explosion""]","/home/andres/Documentos/proyecto4geeks/data/raw/edge-collected-gunshot-audio/gunshot/d394b858-4d3d-4658-9eb6-296579776892_chan5_v0.wav","edge-collected-gunshot-audio","train","","True","True","True","wav","3.75","44100","Mono","32","1411200","646.05","2021-12-03 20:27:46"
"b06fc194-a76a-48c6-8ac2-937b138adf9a_chan6_v0.wav","/C/gun_explosion_a0a388e0","[""/C/gun_explosion_a0a388e0""]","gun_explosion","[""gun_explosion""]","/home/andres/Documentos/proyecto4geeks/data/raw/edge-collected-gunshot-audio/gunshot/b06fc194-a76a-48c6-8ac2-937b138adf9a_chan6_v0.wav","edge-collected-gunshot-audio","test","","True","True","True","wav","5.525","44100","Mono","32","1411200","951.83","2021-12-03 20:29:14"
"e2f3a120-6fcd-4760-917d-bb03ebff63d8_chan1_v2.wav","/C/gun_explosion_a0a388e0","[""/C/gun_explosion_a0a388e0""]","gun_explosion","[""gun_explosion""]","/home/andres/Documentos/proyecto4geeks/data/raw/edge-collected-gunshot-audio/gunshot/e2f3a120-6fcd-4760-917d-bb03ebff63d8_chan1_v2.wav","edge-collected-gunshot-audio","train","","True","True","True","wav","3.75","44100","Mono","32","1411200","646.05","2021-12-03 20:27:48"
"d93deacb-1480-45e5-a92b-eb1988fbfd8d_chan1_v0.wav","/C/gun_explosion_a0a388e0","[""/C/gun_explosion_a0a388e0""]","gun_explosion","[""gun_explosion""]","/home/andres/Documentos/proyecto4geeks/data/raw/edge-collected-gunshot-audio/gunshot/d93deacb-1480-45e5-a92b-eb1988fbfd8d_chan1_v0.wav","edge-collected-gunshot-audio","train","","True","True","True","wav","3.75","44100","Mono","32","1411200","646.05","2021-12-03 20:27:46"
"08e77e85-92f3-44c7-be5b-c835c9431f97_v0.wav","/C/gun_explosion_a0a388e0","[""/C/gun_explosion_a0a388e0""]","gun_explosion","[""gun_explosion""]","/home/andres/Documentos/proyecto4geeks/data/raw/edge-collected-gunshot-audio/gunshot/08e77e85-92f3-44c7-be5b-c835c9431f97_v0.wav","edge-collected-gunshot-audio","train","","True","True","True","wav","5.48","44100","Mono","32","1411200","944.06","2021-12-03 20:27:18"
"406b0f75-2c99-4b65-9b34-ab83ecd488b3_chan1_v0.wav","/C/gun_explosion_a0a388e0","[""/C/gun_explosion_a0a388e0""]","gun_explosion","[""gun_explosion""]","/home/andres/Documentos/proyecto4geeks/data/raw/edge-collected-gunshot-audio/gunshot/406b0f75-2c99-4b65-9b34-ab83ecd488b3_chan1_v0.wav","edge-collected-gunshot-audio","train","","True","True","True","wav","2.687","44100","Mono","32","1411200","462.86","2021-12-03 20:28:06"
"ee13c575-3522-4a1e-831e-7e6c765f000f_v0.wav","/C/gun_explosion_a0a388e0","[""/C/gun_explosion_a0a388e0""]","gun_explosion","[""gun_explosion""]","/home/andres/Documentos/proyecto4geeks/data/raw/edge-collected-gunshot-audio/gunshot/ee13c575-3522-4a1e-831e-7e6c765f000f_v0.wav","edge-collected-gunshot-audio","test","","True","True","True","wav","3.75","44100","Mono","32","1411200","646.05","2021-12-03 20:27:50"
"51e8f00c-9563-46b7-ab98-430ce0e62493_v1.wav","/C/gun_explosion_a0a388e0","[""/C/gun_explosion_a0a388e0""]","gun_explosion","[""gun_explosion""]","/home/andres/Documentos/proyecto4geeks/data/raw/edge-collected-gunshot-audio/gunshot/51e8f00c-9563-46b7-ab98-430ce0e62493_v1.wav","edge-collected-gunshot-audio","train","","True","True","True","wav","7.529","44100","Mono","32","1411200","1297.04","2021-12-03 20:28:52"
"d60be857-2a00-49c0-9470-94a34b3de217_chan4_v0.wav","/C/gun_explosion_a0a388e0","[""/C/gun_explosion_a0a388e0""]","gun_explosion","[""gun_explosion""]","/home/andres/Documentos/proyecto4geeks/data/raw/edge-collected-gunshot-audio/gunshot/d60be857-2a00-49c0-9470-94a34b3de217_chan4_v0.wav","edge-collected-gunshot-audio","train","","True","True","True","wav","5.906","44100","Mono","32","1411200","1017.53","2021-12-03 20:29:22"
"1298fc2a-4470-4cbd-a8c7-8c6e103d7c4f_chan0_v0.wav","/C/gun_explosion_a0a388e0","[""/C/gun_explosion_a0a388e0""]","gun_explosion","[""gun_explosion""]","/home/andres/Documentos/proyecto4geeks/data/raw/edge-collected-gunshot-audio/gunshot/1298fc2a-4470-4cbd-a8c7-8c6e103d7c4f_chan0_v0.wav","edge-collected-gunshot-audio","train","","True","True","True","wav","3.75","44100","Mono","32","1411200","646.05","2021-12-03 20:27:58"
"0ecc8bff-1110-42d7-9c39-06dbdd1a0075_chan5_v0.wav","/C/gun_explosion_a0a388e0","[""/C/gun_explosion_a0a388e0""]","gun_explosion","[""gun_explosion""]","/home/andres/Documentos/proyecto4geeks/data/raw/edge-collected-gunshot-audio/gunshot/0ecc8bff-1110-42d7-9c39-06dbdd1a0075_chan5_v0.wav","edge-collected-gunshot-audio","train","","True","True","True","wav","7.047","44100","Mono","32","1411200","1214.09","2021-12-03 20:26:50"
"1ad661e0-c668-444f-846e-53b74fd3b800_chan0_v0.wav","/C/gun_explosion_a0a388e0","[""/C/gun_explosion_a0a388e0""]","gun_explosion","[""gun_explosion""]","/home/andres/Documentos/proyecto4geeks/data/raw/edge-collected-gunshot-audio/gunshot/1ad661e0-c668-444f-846e-53b74fd3b800_chan0_v0.wav","edge-collected-gunshot-audio","train","","True","True","True","wav","2.374","44100","Mono","32","1411200","409.03","2021-12-03 20:26:52"
"972e5199-b99c-4f49-b006-ec7c2903f2ee_chan6_v1.wav","/C/gun_explosion_a0a388e0","[""/C/gun_explosion_a0a388e0""]","gun_explosion","[""gun_explosion""]","/home/andres/Documentos/proyecto4geeks/data/raw/edge-collected-gunshot-audio/gunshot/972e5199-b99c-4f49-b006-ec7c2903f2ee_chan6_v1.wav","edge-collected-gunshot-audio","train","","True","True","True","wav","8.457","44100","Mono","32","1411200","1456.94","2021-12-03 20:29:08"
"814dbe25-dbb4-4e80-b032-b6b23916a92a_chan2_v0.wav","/C/gun_explosion_a0a388e0","[""/C/gun_explosion_a0a388e0""]","gun_explosion","[""gun_explosion""]","/home/andres/Documentos/proyecto4geeks/data/raw/edge-collected-gunshot-audio/gunshot/814dbe25-dbb4-4e80-b032-b6b23916a92a_chan2_v0.wav","edge-collected-gunshot-audio","train","","True","True","True","wav","5.549","44100","Mono","32","1411200","955.95","2021-12-03 20:27:34"
"7149bf71-e2d6-4452-b2a0-9433bb1851f0_chan4_v0.wav","/C/gun_explosion_a0a388e0","[""/C/gun_explosion_a0a388e0""]","gun_explosion","[""gun_explosion""]","/home/andres/Documentos/proyecto4geeks/data/raw/edge-collected-gunshot-audio/gunshot/7149bf71-e2d6-4452-b2a0-9433bb1851f0_chan4_v0.wav","edge-collected-gunshot-audio","train","","True","True","True","wav","5.616","44100","Mono","32","1411200","967.44","2021-12-03 20:28:58"
"172e14ff-419c-441c-bf53-3c9ed0ffa490_chan4_v0.wav","/C/gun_explosion_a0a388e0","[""/C/gun_explosion_a0a388e0""]","gun_explosion","[""gun_explosion""]","/home/andres/Documentos/proyecto4geeks/data/raw/edge-collected-gunshot-audio/gunshot/172e14ff-419c-441c-bf53-3c9ed0ffa490_chan4_v0.wav","edge-collected-gunshot-audio","train","","True","True","True","wav","3.601","44100","Mono","32","1411200","620.32","2021-12-03 20:28:00"
"4f323e9a-51e4-406a-a459-f1244a4280ea_mean_v0.wav","/C/gun_explosion_a0a388e0","[""/C/gun_explosion_a0a388e0""]","gun_explosion","[""gun_explosion""]","/home/andres/Documentos/proyecto4geeks/data/raw/edge-collected-gunshot-audio/gunshot/4f323e9a-51e4-406a-a459-f1244a4280ea_mean_v0.wav","edge-collected-gunshot-audio","train","","True","True","True","wav","3.823","44100","Mono","32","1411200","658.54","2021-12-03 20:28:10"
"e73d935b-ddfa-4139-91d6-9d2f68994770_chan2_v1.wav","/C/gun_explosion_a0a388e0","[""/C/gun_explosion_a0a388e0""]","gun_explosion","[""gun_explosion""]","/home/andres/Documentos/proyecto4geeks/data/raw/edge-collected-gunshot-audio/gunshot/e73d935b-ddfa-4139-91d6-9d2f68994770_chan2_v1.wav","edge-collected-gunshot-audio","train","","True","True","True","wav","3.75","44100","Mono","32","1411200","646.05","2021-12-03 20:27:50"
"5ec1b4c4-e9bb-4e83-a69f-c71e322cd656_chan4_v0.wav","/C/gun_explosion_a0a388e0","[""/C/gun_explosion_a0a388e0""]","gun_explosion","[""gun_explosion""]","/home/andres/Documentos/proyecto4geeks/data/raw/edge-collected-gunshot-audio/gunshot/5ec1b4c4-e9bb-4e83-a69f-c71e322cd656_chan4_v0.wav","edge-collected-gunshot-audio","train","","True","True","True","wav","11.318","44100","Mono","32","1411200","1949.76","2021-12-03 20:28:14"
"6377cc9f-b176-45cf-a9f9-4d3bcdcaa51c_chan4_v1.wav","/C/gun_explosion_a0a388e0","[""/C/gun_explosion_a0a388e0""]","gun_explosion","[""gun_explosion""]","/home/andres/Documentos/proyecto4geeks/data/raw/edge-collected-gunshot-audio/gunshot/6377cc9f-b176-45cf-a9f9-4d3bcdcaa51c_chan4_v1.wav","edge-collected-gunshot-audio","test","","True","True","True","wav","4.742","44100","Mono","32","1411200","816.97","2021-12-03 20:27:02"
"1a1db5f5-080b-4b6d-9c77-0fe675aed427_mean_v0.wav","/C/gun_explosion_a0a388e0","[""/C/gun_explosion_a0a388e0""]","gun_explosion","[""gun_explosion""]","/home/andres/Documentos/proyecto4geeks/data/raw/edge-collected-gunshot-audio/gunshot/1a1db5f5-080b-4b6d-9c77-0fe675aed427_mean_v0.wav","edge-collected-gunshot-audio","test","","True","True","True","wav","5.695","44100","Mono","32","1411200","981.13","2021-12-03 20:27:22"
"e782f1a4-8cbd-4335-a97e-d90e744de9f7_chan0_v0.wav","/C/gun_explosion_a0a388e0","[""/C/gun_explosion_a0a388e0""]","gun_explosion","[""gun_explosion""]","/home/andres/Documentos/proyecto4geeks/data/raw/edge-collected-gunshot-audio/gunshot/e782f1a4-8cbd-4335-a97e-d90e744de9f7_chan0_v0.wav","edge-collected-gunshot-audio","test","","True","True","True","wav","4.937","44100","Mono","32","1411200","850.48","2021-12-03 20:29:24"
"431c5ed1-1e8f-4e68-9b91-580abc61d091_v1.wav","/C/gun_explosion_a0a388e0","[""/C/gun_explosion_a0a388e0""]","gun_explosion","[""gun_explosion""]","/home/andres/Documentos/proyecto4geeks/data/raw/edge-collected-gunshot-audio/gunshot/431c5ed1-1e8f-4e68-9b91-580abc61d091_v1.wav","edge-collected-gunshot-audio","train","","True","True","True","wav","9.601","44100","Mono","32","1411200","1653.91","2021-12-03 20:26:58"
"27c95dc1-e509-4bf6-a7a7-31e49f111fb0_v0.wav","/C/gun_explosion_a0a388e0","[""/C/gun_explosion_a0a388e0""]","gun_explosion","[""gun_explosion""]","/home/andres/Documentos/proyecto4geeks/data/raw/edge-collected-gunshot-audio/gunshot/27c95dc1-e509-4bf6-a7a7-31e49f111fb0_v0.wav","edge-collected-gunshot-audio","train","","True","True","True","wav","1.833","44100","Mono","32","1411200","315.76","2021-12-03 20:28:48"
"adca0472-ee71-44c9-a22d-ee86d7bb85a6_chan6_v0.wav","/C/gun_explosion_a0a388e0","[""/C/gun_explosion_a0a388e0""]","gun_explosion","[""gun_explosion""]","/home/andres/Documentos/proyecto4geeks/data/raw/edge-collected-gunshot-audio/gunshot/adca0472-ee71-44c9-a22d-ee86d7bb85a6_chan6_v0.wav","edge-collected-gunshot-audio","train","","True","True","True","wav","4.603","44100","Mono","32","1411200","792.99","2021-12-03 20:27:38"
"4dde8c51-f8a3-45ce-9822-819d696ae966_chan2_v0.wav","/C/gun_explosion_a0a388e0","[""/C/gun_explosion_a0a388e0""]","gun_explosion","[""gun_explosion""]","/home/andres/Documentos/proyecto4geeks/data/raw/edge-collected-gunshot-audio/gunshot/4dde8c51-f8a3-45ce-9822-819d696ae966_chan2_v0.wav","edge-collected-gunshot-audio","train","","True","True","True","wav","2.943","44100","Mono","32","1411200","506.99","2021-12-03 20:28:10"
"03fc4685-909e-42c5-aff0-f519f1d14b12_chan1_v0.wav","/C/gun_explosion_a0a388e0","[""/C/gun_explosion_a0a388e0""]","gun_explosion","[""gun_explosion""]","/home/andres/Documentos/proyecto4geeks/data/raw/edge-collected-gunshot-audio/gunshot/03fc4685-909e-42c5-aff0-f519f1d14b12_chan1_v0.wav","edge-collected-gunshot-audio","train","","True","True","True","wav","5.016","44100","Mono","32","1411200","864.2","2021-12-03 20:27:28"
"89d8058c-af35-4851-90e4-44aa7dcb8690_mean_v0.wav","/C/gun_explosion_a0a388e0","[""/C/gun_explosion_a0a388e0""]","gun_explosion","[""gun_explosion""]","/home/andres/Documentos/proyecto4geeks/data/raw/edge-collected-gunshot-audio/gunshot/89d8058c-af35-4851-90e4-44aa7dcb8690_mean_v0.wav","edge-collected-gunshot-audio","train","","True","True","True","wav","3.308","44100","Mono","32","1411200","569.83","2021-12-03 20:28:20"
"add8ab04-9181-4a95-8c5c-1538f857da1f_v1.wav","/C/gun_explosion_a0a388e0","[""/C/gun_explosion_a0a388e0""]","gun_explosion","[""gun_explosion""]","/home/andres/Documentos/proyecto4geeks/data/raw/edge-collected-gunshot-audio/gunshot/add8ab04-9181-4a95-8c5c-1538f857da1f_v1.wav","edge-collected-gunshot-audio","train","","True","True","True","wav","7.533","44100","Mono","32","1411200","1297.71","2021-12-03 20:29:14"
"097daac2-8bc8-4c8f-a4ec-e1e6ba5735b7_mean_v0.wav","/C/gun_explosion_a0a388e0","[""/C/gun_explosion_a0a388e0""]","gun_explosion","[""gun_explosion""]","/home/andres/Documentos/proyecto4geeks/data/raw/edge-collected-gunshot-audio/gunshot/097daac2-8bc8-4c8f-a4ec-e1e6ba5735b7_mean_v0.wav","edge-collected-gunshot-audio","train","","True","True","True","wav","3.835","44100","Mono","32","1411200","660.71","2021-12-03 20:27:56"
"43f25ccb-4d7c-4fed-9cc5-cd2da5c2e4ce_chan3_v0.wav","/C/gun_explosion_a0a388e0","[""/C/gun_explosion_a0a388e0""]","gun_explosion","[""gun_explosion""]","/home/andres/Documentos/proyecto4geeks/data/raw/edge-collected-gunshot-audio/gunshot/43f25ccb-4d7c-4fed-9cc5-cd2da5c2e4ce_chan3_v0.wav","edge-collected-gunshot-audio","train","","True","True","True","wav","5.778","44100","Mono","32","1411200","995.35","2021-12-03 20:26:58"
"c0b2e1a0-0ad1-485b-9df8-af37612ac034_chan1_v1.wav","/C/gun_explosion_a0a388e0","[""/C/gun_explosion_a0a388e0""]","gun_explosion","[""gun_explosion""]","/home/andres/Documentos/proyecto4geeks/data/raw/edge-collected-gunshot-audio/gunshot/c0b2e1a0-0ad1-485b-9df8-af37612ac034_chan1_v1.wav","edge-collected-gunshot-audio","train","","True","True","True","wav","3.75","44100","Mono","32","1411200","646.05","2021-12-03 20:27:42"
"ff842455-42f4-4c3a-8ab0-0ee2085d1c32_chan4_v0.wav","/C/gun_explosion_a0a388e0","[""/C/gun_explosion_a0a388e0""]","gun_explosion","[""gun_explosion""]","/home/andres/Documentos/proyecto4geeks/data/raw/edge-collected-gunshot-audio/gunshot/ff842455-42f4-4c3a-8ab0-0ee2085d1c32_chan4_v0.wav","edge-collected-gunshot-audio","train","","True","True","True","wav","6.372","44100","Mono","32","1411200","1097.74","2021-12-03 20:29:28"
"dd8382ec-b0e9-484a-be37-72d2a73b1ec8_v0.wav","/C/gun_explosion_a0a388e0","[""/C/gun_explosion_a0a388e0""]","gun_explosion","[""gun_explosion""]","/home/andres/Documentos/proyecto4geeks/data/raw/edge-collected-gunshot-audio/gunshot/dd8382ec-b0e9-484a-be37-72d2a73b1ec8_v0.wav","edge-collected-gunshot-audio","test","","True","True","True","wav","7.05","44100","Mono","32","1411200","1214.45","2021-12-03 20:28:36"
"b6b54c4a-e6b0-487e-b476-25dc131d0607_chan4_v2.wav","/C/gun_explosion_a0a388e0","[""/C/gun_explosion_a0a388e0""]","gun_explosion","[""gun_explosion""]","/home/andres/Documentos/proyecto4geeks/data/raw/edge-collected-gunshot-audio/gunshot/b6b54c4a-e6b0-487e-b476-25dc131d0607_chan4_v2.wav","edge-collected-gunshot-audio","train","","True","True","True","wav","4.234","44100","Mono","32","1411200","729.5","2021-12-03 20:29:16"
"6f48638e-2508-467e-89c7-34648cfd0699_chan1_v0.wav","/C/gun_explosion_a0a388e0","[""/C/gun_explosion_a0a388e0""]","gun_explosion","[""gun_explosion""]","/home/andres/Documentos/proyecto4geeks/data/raw/edge-collected-gunshot-audio/gunshot/6f48638e-2508-467e-89c7-34648cfd0699_chan1_v0.wav","edge-collected-gunshot-audio","train","","True","True","True","wav","3.733","44100","Mono","32","1411200","643.18","2021-12-03 20:28:58"
"090f69a9-885c-45fb-a807-f2661aaeb165_chan0_v1.wav","/C/gun_explosion_a0a388e0","[""/C/gun_explosion_a0a388e0""]","gun_explosion","[""gun_explosion""]","/home/andres/Documentos/proyecto4geeks/data/raw/edge-collected-gunshot-audio/gunshot/090f69a9-885c-45fb-a807-f2661aaeb165_chan0_v1.wav","edge-collected-gunshot-audio","test","","True","True","True","wav","5.922","44100","Mono","32","1411200","1020.14","2021-12-03 20:27:18"
"7149bf71-e2d6-4452-b2a0-9433bb1851f0_chan0_v0.wav","/C/gun_explosion_a0a388e0","[""/C/gun_explosion_a0a388e0""]","gun_explosion","[""gun_explosion""]","/home/andres/Documentos/proyecto4geeks/data/raw/edge-collected-gunshot-audio/gunshot/7149bf71-e2d6-4452-b2a0-9433bb1851f0_chan0_v0.wav","edge-collected-gunshot-audio","train","","True","True","True","wav","5.616","44100","Mono","32","1411200","967.51","2021-12-03 20:28:58"
"edb8eb8b-c277-48df-b59f-e2d0a4fe9c87_v1.wav","/C/gun_explosion_a0a388e0","[""/C/gun_explosion_a0a388e0""]","gun_explosion","[""gun_explosion""]","/home/andres/Documentos/proyecto4geeks/data/raw/edge-collected-gunshot-audio/gunshot/edb8eb8b-c277-48df-b59f-e2d0a4fe9c87_v1.wav","edge-collected-gunshot-audio","train","","True","True","True","wav","4.846","44100","Mono","32","1411200","834.84","2021-12-03 20:27:14"
"a8c56aac-4362-430b-8cd1-ed4832960441_chan5_v0.wav","/C/gun_explosion_a0a388e0","[""/C/gun_explosion_a0a388e0""]","gun_explosion","[""gun_explosion""]","/home/andres/Documentos/proyecto4geeks/data/raw/edge-collected-gunshot-audio/gunshot/a8c56aac-4362-430b-8cd1-ed4832960441_chan5_v0.wav","edge-collected-gunshot-audio","train","","True","True","True","wav","5.726","44100","Mono","32","1411200","986.37","2021-12-03 20:29:12"
"f1db7885-7624-4e85-a882-febd1482d0eb_v0.wav","/C/gun_explosion_a0a388e0","[""/C/gun_explosion_a0a388e0""]","gun_explosion","[""gun_explosion""]","/home/andres/Documentos/proyecto4geeks/data/raw/edge-collected-gunshot-audio/gunshot/f1db7885-7624-4e85-a882-febd1482d0eb_v0.wav","edge-collected-gunshot-audio","test","","True","True","True","wav","3.32","44100","Mono","32","1411200","571.92","2021-12-03 20:28:40"
"a27a21fe-c4ef-46ef-9cf9-fbcb8c1c9dc3_v3.wav","/C/gun_explosion_a0a388e0","[""/C/gun_explosion_a0a388e0""]","gun_explosion","[""gun_explosion""]","/home/andres/Documentos/proyecto4geeks/data/raw/edge-collected-gunshot-audio/gunshot/a27a21fe-c4ef-46ef-9cf9-fbcb8c1c9dc3_v3.wav","edge-collected-gunshot-audio","train","","True","True","True","wav","3.75","44100","Mono","32","1411200","646.05","2021-12-03 20:29:10"
"37dc7a62-1511-4902-a743-4233ddcc92ec_v0.wav","/C/gun_explosion_a0a388e0","[""/C/gun_explosion_a0a388e0""]","gun_explosion","[""gun_explosion""]","/home/andres/Documentos/proyecto4geeks/data/raw/edge-collected-gunshot-audio/gunshot/37dc7a62-1511-4902-a743-4233ddcc92ec_v0.wav","edge-collected-gunshot-audio","train","","True","True","True","wav","3.613","44100","Mono","32","1411200","622.48","2021-12-03 20:28:06"
"be57f8ab-9cf3-4528-bd35-c810f2444baf_chan3_v0.wav","/C/gun_explosion_a0a388e0","[""/C/gun_explosion_a0a388e0""]","gun_explosion","[""gun_explosion""]","/home/andres/Documentos/proyecto4geeks/data/raw/edge-collected-gunshot-audio/gunshot/be57f8ab-9cf3-4528-bd35-c810f2444baf_chan3_v0.wav","edge-collected-gunshot-audio","test","","True","True","True","wav","4.219","44100","Mono","32","1411200","726.81","2021-12-03 20:28:32"
"b3247aa6-f1e5-4a0d-8330-21e3ff183567_chan1_v0.wav","/C/gun_explosion_a0a388e0","[""/C/gun_explosion_a0a388e0""]","gun_explosion","[""gun_explosion""]","/home/andres/Documentos/proyecto4geeks/data/raw/edge-collected-gunshot-audio/gunshot/b3247aa6-f1e5-4a0d-8330-21e3ff183567_chan1_v0.wav","edge-collected-gunshot-audio","test","","True","True","True","wav","2.625","44100","Mono","32","1411200","452.31","2021-12-03 20:27:08"
"bd0053c0-547f-4f27-8864-0763e2b8ce42_mean_v1.wav","/C/gun_explosion_a0a388e0","[""/C/gun_explosion_a0a388e0""]","gun_explosion","[""gun_explosion""]","/home/andres/Documentos/proyecto4geeks/data/raw/edge-collected-gunshot-audio/gunshot/bd0053c0-547f-4f27-8864-0763e2b8ce42_mean_v1.wav","edge-collected-gunshot-audio","train","","True","True","True","wav","3.75","44100","Mono","32","1411200","646.05","2021-12-03 20:29:18"
"60532491-4adb-4743-8309-b42f2a8abcd5_v0.wav","/C/gun_explosion_a0a388e0","[""/C/gun_explosion_a0a388e0""]","gun_explosion","[""gun_explosion""]","/home/andres/Documentos/proyecto4geeks/data/raw/edge-collected-gunshot-audio/gunshot/60532491-4adb-4743-8309-b42f2a8abcd5_v0.wav","edge-collected-gunshot-audio","test","","True","True","True","wav","2.021","44100","Mono","32","1411200","348.25","2021-12-03 20:28:56"
"d5b6bac9-c996-4955-a13d-9cb19e5b372a_chan3_v0.wav","/C/gun_explosion_a0a388e0","[""/C/gun_explosion_a0a388e0""]","gun_explosion","[""gun_explosion""]","/home/andres/Documentos/proyecto4geeks/data/raw/edge-collected-gunshot-audio/gunshot/d5b6bac9-c996-4955-a13d-9cb19e5b372a_chan3_v0.wav","edge-collected-gunshot-audio","train","","True","True","True","wav","10.706","44100","Mono","32","1411200","1844.31","2021-12-03 20:28:36"
"f1ad53f5-d113-4a27-9929-f5013db0bc0c_v0.wav","/C/gun_explosion_a0a388e0","[""/C/gun_explosion_a0a388e0""]","gun_explosion","[""gun_explosion""]","/home/andres/Documentos/proyecto4geeks/data/raw/edge-collected-gunshot-audio/gunshot/f1ad53f5-d113-4a27-9929-f5013db0bc0c_v0.wav","edge-collected-gunshot-audio","train","","True","True","True","wav","3.75","44100","Mono","32","1411200","646.05","2021-12-03 20:29:26"
"62b53733-3fdf-4edf-93b8-e4714e348f90_v2.wav","/C/gun_explosion_a0a388e0","[""/C/gun_explosion_a0a388e0""]","gun_explosion","[""gun_explosion""]","/home/andres/Documentos/proyecto4geeks/data/raw/edge-collected-gunshot-audio/gunshot/62b53733-3fdf-4edf-93b8-e4714e348f90_v2.wav","edge-collected-gunshot-audio","train","","True","True","True","wav","3.75","44100","Mono","32","1411200","646.05","2021-12-03 20:27:30"
"7b2c5211-c425-4a2d-9989-f8d1946d2187_chan0_v0.wav","/C/gun_explosion_a0a388e0","[""/C/gun_explosion_a0a388e0""]","gun_explosion","[""gun_explosion""]","/home/andres/Documentos/proyecto4geeks/data/raw/edge-collected-gunshot-audio/gunshot/7b2c5211-c425-4a2d-9989-f8d1946d2187_chan0_v0.wav","edge-collected-gunshot-audio","train","","True","True","True","wav","2.389","44100","Mono","32","1411200","411.56","2021-12-03 20:28:18"
"d36f8f26-ce50-4bd3-8898-26da17995f46_chan4_v0.wav","/C/gun_explosion_a0a388e0","[""/C/gun_explosion_a0a388e0""]","gun_explosion","[""gun_explosion""]","/home/andres/Documentos/proyecto4geeks/data/raw/edge-collected-gunshot-audio/gunshot/d36f8f26-ce50-4bd3-8898-26da17995f46_chan4_v0.wav","edge-collected-gunshot-audio","test","","True","True","True","wav","5.842","44100","Mono","32","1411200","1006.44","2021-12-03 20:29:20"
"f3a52aa2-4546-43d3-a78f-f25dee82cf57_v0.wav","/C/gun_explosion_a0a388e0","[""/C/gun_explosion_a0a388e0""]","gun_explosion","[""gun_explosion""]","/home/andres/Documentos/proyecto4geeks/data/raw/edge-collected-gunshot-audio/gunshot/f3a52aa2-4546-43d3-a78f-f25dee82cf57_v0.wav","edge-collected-gunshot-audio","train","","True","True","True","wav","3.75","44100","Mono","32","1411200","646.05","2021-12-03 20:28:40"
"0f9222e9-7896-4a30-b161-092a2931ebb8_v0.wav","/C/gun_explosion_a0a388e0","[""/C/gun_explosion_a0a388e0""]","gun_explosion","[""gun_explosion""]","/home/andres/Documentos/proyecto4geeks/data/raw/edge-collected-gunshot-audio/gunshot/0f9222e9-7896-4a30-b161-092a2931ebb8_v0.wav","edge-collected-gunshot-audio","test","","True","True","True","wav","4.11","44100","Mono","32","1411200","708.07","2021-12-03 20:27:58"
"c0b2e1a0-0ad1-485b-9df8-af37612ac034_chan0_v1.wav","/C/gun_explosion_a0a388e0","[""/C/gun_explosion_a0a388e0""]","gun_explosion","[""gun_explosion""]","/home/andres/Documentos/proyecto4geeks/data/raw/edge-collected-gunshot-audio/gunshot/c0b2e1a0-0ad1-485b-9df8-af37612ac034_chan0_v1.wav","edge-collected-gunshot-audio","test","","True","True","True","wav","3.75","44100","Mono","32","1411200","646.05","2021-12-03 20:27:40"
"201022ca-7dba-4eb6-9645-58ba06f2b80f_v0.wav","/C/gun_explosion_a0a388e0","[""/C/gun_explosion_a0a388e0""]","gun_explosion","[""gun_explosion""]","/home/andres/Documentos/proyecto4geeks/data/raw/edge-collected-gunshot-audio/gunshot/201022ca-7dba-4eb6-9645-58ba06f2b80f_v0.wav","edge-collected-gunshot-audio","train","","True","True","True","wav","3.178","44100","Mono","32","1411200","547.51","2021-12-03 20:26:54"
"880b3ce5-9c19-4c12-a813-b223bb4f2897_v1.wav","/C/gun_explosion_a0a388e0","[""/C/gun_explosion_a0a388e0""]","gun_explosion","[""gun_explosion""]","/home/andres/Documentos/proyecto4geeks/data/raw/edge-collected-gunshot-audio/gunshot/880b3ce5-9c19-4c12-a813-b223bb4f2897_v1.wav","edge-collected-gunshot-audio","test","","True","True","True","wav","3.858","44100","Mono","32","1411200","664.62","2021-12-03 20:28:20"
"063b74d6-eb05-437e-b767-14a3248cd10c_chan0_v1.wav","/C/gun_explosion_a0a388e0","[""/C/gun_explosion_a0a388e0""]","gun_explosion","[""gun_explosion""]","/home/andres/Documentos/proyecto4geeks/data/raw/edge-collected-gunshot-audio/gunshot/063b74d6-eb05-437e-b767-14a3248cd10c_chan0_v1.wav","edge-collected-gunshot-audio","train","","True","True","True","wav","2.555","44100","Mono","32","1411200","440.17","2021-12-03 20:26:48"
"7baabd4f-9659-41ff-bb10-d5d823d09b94_v3.wav","/C/gun_explosion_a0a388e0","[""/C/gun_explosion_a0a388e0""]","gun_explosion","[""gun_explosion""]","/home/andres/Documentos/proyecto4geeks/data/raw/edge-collected-gunshot-audio/gunshot/7baabd4f-9659-41ff-bb10-d5d823d09b94_v3.wav","edge-collected-gunshot-audio","test","","True","True","True","wav","3.75","44100","Mono","32","1411200","646.05","2021-12-03 20:29:02"
"79c04fcc-da8d-4250-927b-9747b4f4354c_chan1_v0.wav","/C/gun_explosion_a0a388e0","[""/C/gun_explosion_a0a388e0""]","gun_explosion","[""gun_explosion""]","/home/andres/Documentos/proyecto4geeks/data/raw/edge-collected-gunshot-audio/gunshot/79c04fcc-da8d-4250-927b-9747b4f4354c_chan1_v0.wav","edge-collected-gunshot-audio","train","","True","True","True","wav","3.573","44100","Mono","32","1411200","615.49","2021-12-03 20:28:18"
"79c04fcc-da8d-4250-927b-9747b4f4354c_chan4_v0.wav","/C/gun_explosion_a0a388e0","[""/C/gun_explosion_a0a388e0""]","gun_explosion","[""gun_explosion""]","/home/andres/Documentos/proyecto4geeks/data/raw/edge-collected-gunshot-audio/gunshot/79c04fcc-da8d-4250-927b-9747b4f4354c_chan4_v0.wav","edge-collected-gunshot-audio","train","","True","True","True","wav","3.574","44100","Mono","32","1411200","615.67","2021-12-03 20:28:18"
"e2f3a120-6fcd-4760-917d-bb03ebff63d8_chan1_v1.wav","/C/gun_explosion_a0a388e0","[""/C/gun_explosion_a0a388e0""]","gun_explosion","[""gun_explosion""]","/home/andres/Documentos/proyecto4geeks/data/raw/edge-collected-gunshot-audio/gunshot/e2f3a120-6fcd-4760-917d-bb03ebff63d8_chan1_v1.wav","edge-collected-gunshot-audio","train","","True","True","True","wav","3.75","44100","Mono","32","1411200","646.05","2021-12-03 20:27:48"
"5ac8c241-4728-4ba2-a6ce-8cda24399cca_chan2_v0.wav","/C/gun_explosion_a0a388e0","[""/C/gun_explosion_a0a388e0""]","gun_explosion","[""gun_explosion""]","/home/andres/Documentos/proyecto4geeks/data/raw/edge-collected-gunshot-audio/gunshot/5ac8c241-4728-4ba2-a6ce-8cda24399cca_chan2_v0.wav","edge-collected-gunshot-audio","test","","True","True","True","wav","3.377","44100","Mono","32","1411200","581.86","2021-12-03 20:27:00"
"d36f8f26-ce50-4bd3-8898-26da17995f46_chan6_v0.wav","/C/gun_explosion_a0a388e0","[""/C/gun_explosion_a0a388e0""]","gun_explosion","[""gun_explosion""]","/home/andres/Documentos/proyecto4geeks/data/raw/edge-collected-gunshot-audio/gunshot/d36f8f26-ce50-4bd3-8898-26da17995f46_chan6_v0.wav","edge-collected-gunshot-audio","test","","True","True","True","wav","6.026","44100","Mono","32","1411200","1038.17","2021-12-03 20:29:20"
"13bfab79-9198-4558-a1bf-4f8aedd4d6f9_chan3_v0.wav","/C/gun_explosion_a0a388e0","[""/C/gun_explosion_a0a388e0""]","gun_explosion","[""gun_explosion""]","/home/andres/Documentos/proyecto4geeks/data/raw/edge-collected-gunshot-audio/gunshot/13bfab79-9198-4558-a1bf-4f8aedd4d6f9_chan3_v0.wav","edge-collected-gunshot-audio","train","","True","True","True","wav","3.75","44100","Mono","32","1411200","646.05","2021-12-03 20:28:00"
"d9c20c59-eb34-4d1e-b2ca-61e9c3532dff_v1.wav","/C/gun_explosion_a0a388e0","[""/C/gun_explosion_a0a388e0""]","gun_explosion","[""gun_explosion""]","/home/andres/Documentos/proyecto4geeks/data/raw/edge-collected-gunshot-audio/gunshot/d9c20c59-eb34-4d1e-b2ca-61e9c3532dff_v1.wav","edge-collected-gunshot-audio","test","","True","True","True","wav","5.655","44100","Mono","32","1411200","974.17","2021-12-03 20:27:12"
"1ad661e0-c668-444f-846e-53b74fd3b800_chan1_v0.wav","/C/gun_explosion_a0a388e0","[""/C/gun_explosion_a0a388e0""]","gun_explosion","[""gun_explosion""]","/home/andres/Documentos/proyecto4geeks/data/raw/edge-collected-gunshot-audio/gunshot/1ad661e0-c668-444f-846e-53b74fd3b800_chan1_v0.wav","edge-collected-gunshot-audio","train","","True","True","True","wav","2.374","44100","Mono","32","1411200","409.04","2021-12-03 20:26:52"
"1b95d8c1-35d7-4b0f-88f1-97696602a0d4_v0.wav","/C/gun_explosion_a0a388e0","[""/C/gun_explosion_a0a388e0""]","gun_explosion","[""gun_explosion""]","/home/andres/Documentos/proyecto4geeks/data/raw/edge-collected-gunshot-audio/gunshot/1b95d8c1-35d7-4b0f-88f1-97696602a0d4_v0.wav","edge-collected-gunshot-audio","train","","True","True","True","wav","3.75","44100","Mono","32","1411200","646.05","2021-12-03 20:28:02"
"83a4c73a-d42f-4dff-9841-dd03f1c2d6e2_chan2_v0.wav","/C/gun_explosion_a0a388e0","[""/C/gun_explosion_a0a388e0""]","gun_explosion","[""gun_explosion""]","/home/andres/Documentos/proyecto4geeks/data/raw/edge-collected-gunshot-audio/gunshot/83a4c73a-d42f-4dff-9841-dd03f1c2d6e2_chan2_v0.wav","edge-collected-gunshot-audio","train","","True","True","True","wav","4.792","44100","Mono","32","1411200","825.63","2021-12-03 20:29:04"
"b23e9f5b-f76c-4c28-bf87-0599a47e0ba4_chan1_v0.wav","/C/gun_explosion_a0a388e0","[""/C/gun_explosion_a0a388e0""]","gun_explosion","[""gun_explosion""]","/home/andres/Documentos/proyecto4geeks/data/raw/edge-collected-gunshot-audio/gunshot/b23e9f5b-f76c-4c28-bf87-0599a47e0ba4_chan1_v0.wav","edge-collected-gunshot-audio","train","","True","True","True","wav","3.75","44100","Mono","32","1411200","646.05","2021-12-03 20:29:16"
"73cf82e8-4db3-403c-a0dd-2e814c9a6694_chan0_v0.wav","/C/gun_explosion_a0a388e0","[""/C/gun_explosion_a0a388e0""]","gun_explosion","[""gun_explosion""]","/home/andres/Documentos/proyecto4geeks/data/raw/edge-collected-gunshot-audio/gunshot/73cf82e8-4db3-403c-a0dd-2e814c9a6694_chan0_v0.wav","edge-collected-gunshot-audio","train","","True","True","True","wav","9.308","44100","Mono","32","1411200","1603.59","2021-12-03 20:29:00"
"1f9f6134-5a65-4c68-918d-e37ea70068cb_v4.wav","/C/gun_explosion_a0a388e0","[""/C/gun_explosion_a0a388e0""]","gun_explosion","[""gun_explosion""]","/home/andres/Documentos/proyecto4geeks/data/raw/edge-collected-gunshot-audio/gunshot/1f9f6134-5a65-4c68-918d-e37ea70068cb_v4.wav","edge-collected-gunshot-audio","train","","True","True","True","wav","3.75","44100","Mono","32","1411200","646.05","2021-12-03 20:28:46"
"1ff6e63d-c51b-418b-8fa3-65bd648d957c_v4.wav","/C/gun_explosion_a0a388e0","[""/C/gun_explosion_a0a388e0""]","gun_explosion","[""gun_explosion""]","/home/andres/Documentos/proyecto4geeks/data/raw/edge-collected-gunshot-audio/gunshot/1ff6e63d-c51b-418b-8fa3-65bd648d957c_v4.wav","edge-collected-gunshot-audio","train","","True","True","True","wav","3.75","44100","Mono","32","1411200","646.05","2021-12-03 20:27:22"
"67c4b424-f7af-4b3d-8d82-edd7eba0f0ae_v1.wav","/C/gun_explosion_a0a388e0","[""/C/gun_explosion_a0a388e0""]","gun_explosion","[""gun_explosion""]","/home/andres/Documentos/proyecto4geeks/data/raw/edge-collected-gunshot-audio/gunshot/67c4b424-f7af-4b3d-8d82-edd7eba0f0ae_v1.wav","edge-collected-gunshot-audio","test","","True","True","True","wav","7.5","44100","Mono","32","1411200","1292.12","2021-12-03 20:28:56"
"b0a13fed-0f85-467f-9355-4b6b5f88969c_chan6_v1.wav","/C/gun_explosion_a0a388e0","[""/C/gun_explosion_a0a388e0""]","gun_explosion","[""gun_explosion""]","/home/andres/Documentos/proyecto4geeks/data/raw/edge-collected-gunshot-audio/gunshot/b0a13fed-0f85-467f-9355-4b6b5f88969c_chan6_v1.wav","edge-collected-gunshot-audio","train","","True","True","True","wav","3.522","44100","Mono","32","1411200","606.85","2021-12-03 20:28:28"
"549ae4a3-3088-47c6-9804-882b81f7f69e_chan2_v0.wav","/C/gun_explosion_a0a388e0","[""/C/gun_explosion_a0a388e0""]","gun_explosion","[""gun_explosion""]","/home/andres/Documentos/proyecto4geeks/data/raw/edge-collected-gunshot-audio/gunshot/549ae4a3-3088-47c6-9804-882b81f7f69e_chan2_v0.wav","edge-collected-gunshot-audio","train","","True","True","True","wav","3.75","44100","Mono","32","1411200","646.05","2021-12-03 20:26:58"
"5bc4497c-5bcd-4114-9879-e16d05b30027_chan6_v0.wav","/C/gun_explosion_a0a388e0","[""/C/gun_explosion_a0a388e0""]","gun_explosion","[""gun_explosion""]","/home/andres/Documentos/proyecto4geeks/data/raw/edge-collected-gunshot-audio/gunshot/5bc4497c-5bcd-4114-9879-e16d05b30027_chan6_v0.wav","edge-collected-gunshot-audio","train","","True","True","True","wav","3.922","44100","Mono","32","1411200","675.63","2021-12-03 20:28:12"
"89d8134d-3ca8-4ac9-8020-76dd9c33a2da_chan2_v0.wav","/C/gun_explosion_a0a388e0","[""/C/gun_explosion_a0a388e0""]","gun_explosion","[""gun_explosion""]","/home/andres/Documentos/proyecto4geeks/data/raw/edge-collected-gunshot-audio/gunshot/89d8134d-3ca8-4ac9-8020-76dd9c33a2da_chan2_v0.wav","edge-collected-gunshot-audio","train","","True","True","True","wav","3.75","44100","Mono","32","1411200","646.05","2021-12-03 20:28:20"
"3fe57c53-ba00-4e91-b719-8239eebdbebd_v0.wav","/C/gun_explosion_a0a388e0","[""/C/gun_explosion_a0a388e0""]","gun_explosion","[""gun_explosion""]","/home/andres/Documentos/proyecto4geeks/data/raw/edge-collected-gunshot-audio/gunshot/3fe57c53-ba00-4e91-b719-8239eebdbebd_v0.wav","edge-collected-gunshot-audio","train","","True","True","True","wav","4.607","44100","Mono","32","1411200","793.61","2021-12-03 20:28:06"
"c6e909ea-500d-4203-af3c-31a7339481b4_chan2_v0.wav","/C/gun_explosion_a0a388e0","[""/C/gun_explosion_a0a388e0""]","gun_explosion","[""gun_explosion""]","/home/andres/Documentos/proyecto4geeks/data/raw/edge-collected-gunshot-audio/gunshot/c6e909ea-500d-4203-af3c-31a7339481b4_chan2_v0.wav","edge-collected-gunshot-audio","train","","True","True","True","wav","4.228","44100","Mono","32","1411200","728.34","2021-12-03 20:28:32"
"24ed6f76-c141-4366-a98c-f09596a4e5c0_v6.wav","/C/gun_explosion_a0a388e0","[""/C/gun_explosion_a0a388e0""]","gun_explosion","[""gun_explosion""]","/home/andres/Documentos/proyecto4geeks/data/raw/edge-collected-gunshot-audio/gunshot/24ed6f76-c141-4366-a98c-f09596a4e5c0_v6.wav","edge-collected-gunshot-audio","test","","True","True","True","wav","2.0","44100","Mono","32","1411200","344.59","2021-12-03 20:28:04"
"6b723a69-74a6-4f18-a7d2-6306382068f1_v0.wav","/C/gun_explosion_a0a388e0","[""/C/gun_explosion_a0a388e0""]","gun_explosion","[""gun_explosion""]","/home/andres/Documentos/proyecto4geeks/data/raw/edge-collected-gunshot-audio/gunshot/6b723a69-74a6-4f18-a7d2-6306382068f1_v0.wav","edge-collected-gunshot-audio","train","","True","True","True","wav","5.306","44100","Mono","32","1411200","914.05","2021-12-03 20:27:32"
"4e8d1acb-504a-4383-b51a-40919612aaa8_v0.wav","/C/gun_explosion_a0a388e0","[""/C/gun_explosion_a0a388e0""]","gun_explosion","[""gun_explosion""]","/home/andres/Documentos/proyecto4geeks/data/raw/edge-collected-gunshot-audio/gunshot/4e8d1acb-504a-4383-b51a-40919612aaa8_v0.wav","edge-collected-gunshot-audio","train","","True","True","True","wav","4.023","44100","Mono","32","1411200","693.03","2021-12-03 20:28:10"
"a494f4fa-d5fc-4b52-8e25-6804bc695ec1_chan6_v0.wav","/C/gun_explosion_a0a388e0","[""/C/gun_explosion_a0a388e0""]","gun_explosion","[""gun_explosion""]","/home/andres/Documentos/proyecto4geeks/data/raw/edge-collected-gunshot-audio/gunshot/a494f4fa-d5fc-4b52-8e25-6804bc695ec1_chan6_v0.wav","edge-collected-gunshot-audio","train","","True","True","True","wav","3.75","44100","Mono","32","1411200","646.05","2021-12-03 20:29:12"
"c05ea797-711d-4f93-80d1-05a3e76e5c31_chan5_v0.wav","/C/gun_explosion_a0a388e0","[""/C/gun_explosion_a0a388e0""]","gun_explosion","[""gun_explosion""]","/home/andres/Documentos/proyecto4geeks/data/raw/edge-collected-gunshot-audio/gunshot/c05ea797-711d-4f93-80d1-05a3e76e5c31_chan5_v0.wav","edge-collected-gunshot-audio","train","","True","True","True","wav","5.238","44100","Mono","32","1411200","902.43","2021-12-03 20:27:40"
"9fe037df-d10f-48a0-b988-1a6202c10f46_chan4_v0.wav","/C/gun_explosion_a0a388e0","[""/C/gun_explosion_a0a388e0""]","gun_explosion","[""gun_explosion""]","/home/andres/Documentos/proyecto4geeks/data/raw/edge-collected-gunshot-audio/gunshot/9fe037df-d10f-48a0-b988-1a6202c10f46_chan4_v0.wav","edge-collected-gunshot-audio","train","","True","True","True","wav","3.454","44100","Mono","32","1411200","595.04","2021-12-03 20:28:24"
"d8a66b56-2662-4da5-bd96-2fd21ad87412_chan0_v0.wav","/C/gun_explosion_a0a388e0","[""/C/gun_explosion_a0a388e0""]","gun_explosion","[""gun_explosion""]","/home/andres/Documentos/proyecto4geeks/data/raw/edge-collected-gunshot-audio/gunshot/d8a66b56-2662-4da5-bd96-2fd21ad87412_chan0_v0.wav","edge-collected-gunshot-audio","train","","True","True","True","wav","3.75","44100","Mono","32","1411200","646.05","2021-12-03 20:27:46"
"d5a15ea9-1077-4e5f-80a1-c4e856231489_mean_v0.wav","/C/gun_explosion_a0a388e0","[""/C/gun_explosion_a0a388e0""]","gun_explosion","[""gun_explosion""]","/home/andres/Documentos/proyecto4geeks/data/raw/edge-collected-gunshot-audio/gunshot/d5a15ea9-1077-4e5f-80a1-c4e856231489_mean_v0.wav","edge-collected-gunshot-audio","test","","True","True","True","wav","3.75","44100","Mono","32","1411200","646.05","2021-12-03 20:28:36"
"bfcbf987-3056-4cf3-a40b-b209a365b672_chan5_v0.wav","/C/gun_explosion_a0a388e0","[""/C/gun_explosion_a0a388e0""]","gun_explosion","[""gun_explosion""]","/home/andres/Documentos/proyecto4geeks/data/raw/edge-collected-gunshot-audio/gunshot/bfcbf987-3056-4cf3-a40b-b209a365b672_chan5_v0.wav","edge-collected-gunshot-audio","train","","True","True","True","wav","4.284","44100","Mono","32","1411200","738.0","2021-12-03 20:27:40"
"022dd50f-a4ee-4b33-b267-8df6e4e40f20_v5.wav","/C/gun_explosion_a0a388e0","[""/C/gun_explosion_a0a388e0""]","gun_explosion","[""gun_explosion""]","/home/andres/Documentos/proyecto4geeks/data/raw/edge-collected-gunshot-audio/gunshot/022dd50f-a4ee-4b33-b267-8df6e4e40f20_v5.wav","edge-collected-gunshot-audio","train","","True","True","True","wav","2.0","44100","Mono","32","1411200","344.59","2021-12-03 20:27:54"
"b785ce2a-693b-40df-8c78-53fb862046c4_mean_v0.wav","/C/gun_explosion_a0a388e0","[""/C/gun_explosion_a0a388e0""]","gun_explosion","[""gun_explosion""]","/home/andres/Documentos/proyecto4geeks/data/raw/edge-collected-gunshot-audio/gunshot/b785ce2a-693b-40df-8c78-53fb862046c4_mean_v0.wav","edge-collected-gunshot-audio","train","","True","True","True","wav","4.043","44100","Mono","32","1411200","696.44","2021-12-03 20:29:18"
"e2f3a120-6fcd-4760-917d-bb03ebff63d8_chan1_v4.wav","/C/gun_explosion_a0a388e0","[""/C/gun_explosion_a0a388e0""]","gun_explosion","[""gun_explosion""]","/home/andres/Documentos/proyecto4geeks/data/raw/edge-collected-gunshot-audio/gunshot/e2f3a120-6fcd-4760-917d-bb03ebff63d8_chan1_v4.wav","edge-collected-gunshot-audio","test","","True","True","True","wav","3.75","44100","Mono","32","1411200","646.05","2021-12-03 20:27:48"
"4a8f0528-491b-408b-9c2d-96ab0e8e6dc4_chan0_v0.wav","/C/gun_explosion_a0a388e0","[""/C/gun_explosion_a0a388e0""]","gun_explosion","[""gun_explosion""]","/home/andres/Documentos/proyecto4geeks/data/raw/edge-collected-gunshot-audio/gunshot/4a8f0528-491b-408b-9c2d-96ab0e8e6dc4_chan0_v0.wav","edge-collected-gunshot-audio","test","","True","True","True","wav","5.384","44100","Mono","32","1411200","927.59","2021-12-03 20:28:08"
"0a621a73-4106-4206-b1c3-204dd9a597c0_v0.wav","/C/gun_explosion_a0a388e0","[""/C/gun_explosion_a0a388e0""]","gun_explosion","[""gun_explosion""]","/home/andres/Documentos/proyecto4geeks/data/raw/edge-collected-gunshot-audio/gunshot/0a621a73-4106-4206-b1c3-204dd9a597c0_v0.wav","edge-collected-gunshot-audio","train","","True","True","True","wav","4.629","44100","Mono","32","1411200","797.47","2021-12-03 20:26:50"
"e509bc91-85b5-43cf-9b71-3335089bee0a_chan0_v0.wav","/C/gun_explosion_a0a388e0","[""/C/gun_explosion_a0a388e0""]","gun_explosion","[""gun_explosion""]","/home/andres/Documentos/proyecto4geeks/data/raw/edge-collected-gunshot-audio/gunshot/e509bc91-85b5-43cf-9b71-3335089bee0a_chan0_v0.wav","edge-collected-gunshot-audio","train","","True","True","True","wav","3.369","44100","Mono","32","1411200","580.39","2021-12-03 20:27:12"
"9a547302-cafd-424d-be89-8822ec4be0b5_v0.wav","/C/gun_explosion_a0a388e0","[""/C/gun_explosion_a0a388e0""]","gun_explosion","[""gun_explosion""]","/home/andres/Documentos/proyecto4geeks/data/raw/edge-collected-gunshot-audio/gunshot/9a547302-cafd-424d-be89-8822ec4be0b5_v0.wav","edge-collected-gunshot-audio","train","","True","True","True","wav","5.902","44100","Mono","32","1411200","1016.8","2021-12-03 20:27:06"
"97d5cca5-8498-4239-978a-5911089cb25e_mean_v0.wav","/C/gun_explosion_a0a388e0","[""/C/gun_explosion_a0a388e0""]","gun_explosion","[""gun_explosion""]","/home/andres/Documentos/proyecto4geeks/data/raw/edge-collected-gunshot-audio/gunshot/97d5cca5-8498-4239-978a-5911089cb25e_mean_v0.wav","edge-collected-gunshot-audio","train","","True","True","True","wav","3.75","44100","Mono","32","1411200","646.05","2021-12-03 20:29:08"
"ff859858-8234-4314-902b-2b9db5efd098_v0.wav","/C/gun_explosion_a0a388e0","[""/C/gun_explosion_a0a388e0""]","gun_explosion","[""gun_explosion""]","/home/andres/Documentos/proyecto4geeks/data/raw/edge-collected-gunshot-audio/gunshot/ff859858-8234-4314-902b-2b9db5efd098_v0.wav","edge-collected-gunshot-audio","train","","True","True","True","wav","3.75","44100","Mono","32","1411200","646.05","2021-12-03 20:28:42"
"22ed4ab2-febd-4d74-9777-ea4f8c6469ae_chan0_v0.wav","/C/gun_explosion_a0a388e0","[""/C/gun_explosion_a0a388e0""]","gun_explosion","[""gun_explosion""]","/home/andres/Documentos/proyecto4geeks/data/raw/edge-collected-gunshot-audio/gunshot/22ed4ab2-febd-4d74-9777-ea4f8c6469ae_chan0_v0.wav","edge-collected-gunshot-audio","train","","True","True","True","wav","3.75","44100","Mono","32","1411200","646.05","2021-12-03 20:28:02"
"0b296a57-7c53-45cd-924a-59d76c477291_v6.wav","/C/gun_explosion_a0a388e0","[""/C/gun_explosion_a0a388e0""]","gun_explosion","[""gun_explosion""]","/home/andres/Documentos/proyecto4geeks/data/raw/edge-collected-gunshot-audio/gunshot/0b296a57-7c53-45cd-924a-59d76c477291_v6.wav","edge-collected-gunshot-audio","train","","True","True","True","wav","1.75","44100","Mono","32","1411200","301.52","2021-12-03 20:28:42"
"c50ad68f-1fca-41f9-8fad-83e9b51c3504_v1.wav","/C/gun_explosion_a0a388e0","[""/C/gun_explosion_a0a388e0""]","gun_explosion","[""gun_explosion""]","/home/andres/Documentos/proyecto4geeks/data/raw/edge-collected-gunshot-audio/gunshot/c50ad68f-1fca-41f9-8fad-83e9b51c3504_v1.wav","edge-collected-gunshot-audio","train","","True","True","True","wav","3.497","44100","Mono","32","1411200","602.43","2021-12-03 20:29:20"
"e074e5f5-465f-433f-a15d-ac6512ec1de2_chan5_v0.wav","/C/gun_explosion_a0a388e0","[""/C/gun_explosion_a0a388e0""]","gun_explosion","[""gun_explosion""]","/home/andres/Documentos/proyecto4geeks/data/raw/edge-collected-gunshot-audio/gunshot/e074e5f5-465f-433f-a15d-ac6512ec1de2_chan5_v0.wav","edge-collected-gunshot-audio","test","","True","True","True","wav","5.875","44100","Mono","32","1411200","1012.19","2021-12-03 20:28:36"
"683cbedc-1319-4bfe-a656-cdf5e9b1c98f_chan4_v0.wav","/C/gun_explosion_a0a388e0","[""/C/gun_explosion_a0a388e0""]","gun_explosion","[""gun_explosion""]","/home/andres/Documentos/proyecto4geeks/data/raw/edge-collected-gunshot-audio/gunshot/683cbedc-1319-4bfe-a656-cdf5e9b1c98f_chan4_v0.wav","edge-collected-gunshot-audio","train","","True","True","True","wav","4.963","44100","Mono","32","1411200","854.93","2021-12-03 20:28:58"
"7bbf1085-7e14-44c0-9fe2-8ede26106efe_chan5_v0.wav","/C/gun_explosion_a0a388e0","[""/C/gun_explosion_a0a388e0""]","gun_explosion","[""gun_explosion""]","/home/andres/Documentos/proyecto4geeks/data/raw/edge-collected-gunshot-audio/gunshot/7bbf1085-7e14-44c0-9fe2-8ede26106efe_chan5_v0.wav","edge-collected-gunshot-audio","train","","True","True","True","wav","2.557","44100","Mono","32","1411200","440.56","2021-12-03 20:27:32"
"0a7c0396-3ac7-462d-b1f6-c73243eb6865_mean_v0.wav","/C/gun_explosion_a0a388e0","[""/C/gun_explosion_a0a388e0""]","gun_explosion","[""gun_explosion""]","/home/andres/Documentos/proyecto4geeks/data/raw/edge-collected-gunshot-audio/gunshot/0a7c0396-3ac7-462d-b1f6-c73243eb6865_mean_v0.wav","edge-collected-gunshot-audio","train","","True","True","True","wav","3.75","44100","Mono","32","1411200","646.05","2021-12-03 20:27:20"
"188f395f-a01c-4768-aa39-e20701953f19_chan6_v0.wav","/C/gun_explosion_a0a388e0","[""/C/gun_explosion_a0a388e0""]","gun_explosion","[""gun_explosion""]","/home/andres/Documentos/proyecto4geeks/data/raw/edge-collected-gunshot-audio/gunshot/188f395f-a01c-4768-aa39-e20701953f19_chan6_v0.wav","edge-collected-gunshot-audio","train","","True","True","True","wav","5.738","44100","Mono","32","1411200","988.57","2021-12-03 20:28:44"
"9ebba20a-9b86-462a-8ac8-4cdbf2fd4a70_chan4_v0.wav","/C/gun_explosion_a0a388e0","[""/C/gun_explosion_a0a388e0""]","gun_explosion","[""gun_explosion""]","/home/andres/Documentos/proyecto4geeks/data/raw/edge-collected-gunshot-audio/gunshot/9ebba20a-9b86-462a-8ac8-4cdbf2fd4a70_chan4_v0.wav","edge-collected-gunshot-audio","train","","True","True","True","wav","3.75","44100","Mono","32","1411200","646.05","2021-12-03 20:28:24"
"aa284beb-9782-4a6a-b349-602493127f7a_v2.wav","/C/gun_explosion_a0a388e0","[""/C/gun_explosion_a0a388e0""]","gun_explosion","[""gun_explosion""]","/home/andres/Documentos/proyecto4geeks/data/raw/edge-collected-gunshot-audio/gunshot/aa284beb-9782-4a6a-b349-602493127f7a_v2.wav","edge-collected-gunshot-audio","train","","True","True","True","wav","5.654","44100","Mono","32","1411200","973.99","2021-12-03 20:27:08"
"add8ab04-9181-4a95-8c5c-1538f857da1f_v3.wav","/C/gun_explosion_a0a388e0","[""/C/gun_explosion_a0a388e0""]","gun_explosion","[""gun_explosion""]","/home/andres/Documentos/proyecto4geeks/data/raw/edge-collected-gunshot-audio/gunshot/add8ab04-9181-4a95-8c5c-1538f857da1f_v3.wav","edge-collected-gunshot-audio","train","","True","True","True","wav","3.75","44100","Mono","32","1411200","646.05","2021-12-03 20:29:14"
"6320dc5c-a956-40b8-a664-45f1edcf3b3b_chan2_v2.wav","/C/gun_explosion_a0a388e0","[""/C/gun_explosion_a0a388e0""]","gun_explosion","[""gun_explosion""]","/home/andres/Documentos/proyecto4geeks/data/raw/edge-collected-gunshot-audio/gunshot/6320dc5c-a956-40b8-a664-45f1edcf3b3b_chan2_v2.wav","edge-collected-gunshot-audio","test","","True","True","True","wav","4.569","44100","Mono","32","1411200","787.06","2021-12-03 20:27:30"
"545023ab-9344-4ff1-b0a7-ef5eda73893d_chan2_v0.wav","/C/gun_explosion_a0a388e0","[""/C/gun_explosion_a0a388e0""]","gun_explosion","[""gun_explosion""]","/home/andres/Documentos/proyecto4geeks/data/raw/edge-collected-gunshot-audio/gunshot/545023ab-9344-4ff1-b0a7-ef5eda73893d_chan2_v0.wav","edge-collected-gunshot-audio","train","","True","True","True","wav","3.75","44100","Mono","32","1411200","646.05","2021-12-03 20:28:10"
"eafb4d3c-bf69-49de-92fb-436003c27742_chan0_v0.wav","/C/gun_explosion_a0a388e0","[""/C/gun_explosion_a0a388e0""]","gun_explosion","[""gun_explosion""]","/home/andres/Documentos/proyecto4geeks/data/raw/edge-collected-gunshot-audio/gunshot/eafb4d3c-bf69-49de-92fb-436003c27742_chan0_v0.wav","edge-collected-gunshot-audio","train","","True","True","True","wav","3.75","44100","Mono","32","1411200","646.05","2021-12-03 20:28:38"
"27c95dc1-e509-4bf6-a7a7-31e49f111fb0_v5.wav","/C/gun_explosion_a0a388e0","[""/C/gun_explosion_a0a388e0""]","gun_explosion","[""gun_explosion""]","/home/andres/Documentos/proyecto4geeks/data/raw/edge-collected-gunshot-audio/gunshot/27c95dc1-e509-4bf6-a7a7-31e49f111fb0_v5.wav","edge-collected-gunshot-audio","train","","True","True","True","wav","1.797","44100","Mono","32","1411200","309.61","2021-12-03 20:28:48"
"545023ab-9344-4ff1-b0a7-ef5eda73893d_chan5_v0.wav","/C/gun_explosion_a0a388e0","[""/C/gun_explosion_a0a388e0""]","gun_explosion","[""gun_explosion""]","/home/andres/Documentos/proyecto4geeks/data/raw/edge-collected-gunshot-audio/gunshot/545023ab-9344-4ff1-b0a7-ef5eda73893d_chan5_v0.wav","edge-collected-gunshot-audio","train","","True","True","True","wav","3.75","44100","Mono","32","1411200","646.05","2021-12-03 20:28:12"
"915c67a7-82af-476d-8fa6-e321c891e669_chan0_v0.wav","/C/gun_explosion_a0a388e0","[""/C/gun_explosion_a0a388e0""]","gun_explosion","[""gun_explosion""]","/home/andres/Documentos/proyecto4geeks/data/raw/edge-collected-gunshot-audio/gunshot/915c67a7-82af-476d-8fa6-e321c891e669_chan0_v0.wav","edge-collected-gunshot-audio","train","","True","True","True","wav","3.666","44100","Mono","32","1411200","631.58","2021-12-03 20:29:06"
"2567b43f-28b3-4df1-9c7c-aae01a354755_chan6_v0.wav","/C/gun_explosion_a0a388e0","[""/C/gun_explosion_a0a388e0""]","gun_explosion","[""gun_explosion""]","/home/andres/Documentos/proyecto4geeks/data/raw/edge-collected-gunshot-audio/gunshot/2567b43f-28b3-4df1-9c7c-aae01a354755_chan6_v0.wav","edge-collected-gunshot-audio","test","","True","True","True","wav","5.823","44100","Mono","32","1411200","1003.17","2021-12-03 20:28:48"
"46d64add-0759-4314-8d50-e764f78208d7_chan3_v0.wav","/C/gun_explosion_a0a388e0","[""/C/gun_explosion_a0a388e0""]","gun_explosion","[""gun_explosion""]","/home/andres/Documentos/proyecto4geeks/data/raw/edge-collected-gunshot-audio/gunshot/46d64add-0759-4314-8d50-e764f78208d7_chan3_v0.wav","edge-collected-gunshot-audio","test","","True","True","True","wav","5.18","44100","Mono","32","1411200","892.31","2021-12-03 20:27:26"
"1298fc2a-4470-4cbd-a8c7-8c6e103d7c4f_chan5_v1.wav","/C/gun_explosion_a0a388e0","[""/C/gun_explosion_a0a388e0""]","gun_explosion","[""gun_explosion""]","/home/andres/Documentos/proyecto4geeks/data/raw/edge-collected-gunshot-audio/gunshot/1298fc2a-4470-4cbd-a8c7-8c6e103d7c4f_chan5_v1.wav","edge-collected-gunshot-audio","test","","True","True","True","wav","3.393","44100","Mono","32","1411200","584.57","2021-12-03 20:28:00"
"86c4c4a5-0374-492f-bfcd-ed9de679b68b_chan2_v0.wav","/C/gun_explosion_a0a388e0","[""/C/gun_explosion_a0a388e0""]","gun_explosion","[""gun_explosion""]","/home/andres/Documentos/proyecto4geeks/data/raw/edge-collected-gunshot-audio/gunshot/86c4c4a5-0374-492f-bfcd-ed9de679b68b_chan2_v0.wav","edge-collected-gunshot-audio","test","","True","True","True","wav","6.398","44100","Mono","32","1411200","1102.29","2021-12-03 20:29:04"
"f5ffbd82-997e-40e8-92be-4d083a10b95e_v0.wav","/C/gun_explosion_a0a388e0","[""/C/gun_explosion_a0a388e0""]","gun_explosion","[""gun_explosion""]","/home/andres/Documentos/proyecto4geeks/data/raw/edge-collected-gunshot-audio/gunshot/f5ffbd82-997e-40e8-92be-4d083a10b95e_v0.wav","edge-collected-gunshot-audio","train","","True","True","True","wav","9.693","44100","Mono","32","1411200","1669.78","2021-12-03 20:29:28"
"1298fc2a-4470-4cbd-a8c7-8c6e103d7c4f_chan3_v0.wav","/C/gun_explosion_a0a388e0","[""/C/gun_explosion_a0a388e0""]","gun_explosion","[""gun_explosion""]","/home/andres/Documentos/proyecto4geeks/data/raw/edge-collected-gunshot-audio/gunshot/1298fc2a-4470-4cbd-a8c7-8c6e103d7c4f_chan3_v0.wav","edge-collected-gunshot-audio","train","","True","True","True","wav","3.75","44100","Mono","32","1411200","646.05","2021-12-03 20:28:00"
"b06fc194-a76a-48c6-8ac2-937b138adf9a_chan3_v0.wav","/C/gun_explosion_a0a388e0","[""/C/gun_explosion_a0a388e0""]","gun_explosion","[""gun_explosion""]","/home/andres/Documentos/proyecto4geeks/data/raw/edge-collected-gunshot-audio/gunshot/b06fc194-a76a-48c6-8ac2-937b138adf9a_chan3_v0.wav","edge-collected-gunshot-audio","train","","True","True","True","wav","5.722","44100","Mono","32","1411200","985.81","2021-12-03 20:29:14"
"1eddf0db-7c77-4e49-a5e4-544368f8b67c_chan3_v0.wav","/C/gun_explosion_a0a388e0","[""/C/gun_explosion_a0a388e0""]","gun_explosion","[""gun_explosion""]","/home/andres/Documentos/proyecto4geeks/data/raw/edge-collected-gunshot-audio/gunshot/1eddf0db-7c77-4e49-a5e4-544368f8b67c_chan3_v0.wav","edge-collected-gunshot-audio","train","","True","True","True","wav","7.072","44100","Mono","32","1411200","1218.33","2021-12-03 20:26:54"
"50e34be8-c0b4-4fc5-80fc-4c52f2ffde7a_chan0_v0.wav","/C/gun_explosion_a0a388e0","[""/C/gun_explosion_a0a388e0""]","gun_explosion","[""gun_explosion""]","/home/andres/Documentos/proyecto4geeks/data/raw/edge-collected-gunshot-audio/gunshot/50e34be8-c0b4-4fc5-80fc-4c52f2ffde7a_chan0_v0.wav","edge-collected-gunshot-audio","train","","True","True","True","wav","3.75","44100","Mono","32","1411200","646.05","2021-12-03 20:26:58"
"d532d469-315e-4bc2-8122-e44b8d3a3e24_v0.wav","/C/gun_explosion_a0a388e0","[""/C/gun_explosion_a0a388e0""]","gun_explosion","[""gun_explosion""]","/home/andres/Documentos/proyecto4geeks/data/raw/edge-collected-gunshot-audio/gunshot/d532d469-315e-4bc2-8122-e44b8d3a3e24_v0.wav","edge-collected-gunshot-audio","train","","True","True","True","wav","3.978","44100","Mono","32","1411200","685.34","2021-12-03 20:27:12"
"56fe6fed-6bf0-475f-b660-770535298f86_v3.wav","/C/gun_explosion_a0a388e0","[""/C/gun_explosion_a0a388e0""]","gun_explosion","[""gun_explosion""]","/home/andres/Documentos/proyecto4geeks/data/raw/edge-collected-gunshot-audio/gunshot/56fe6fed-6bf0-475f-b660-770535298f86_v3.wav","edge-collected-gunshot-audio","train","","True","True","True","wav","3.75","44100","Mono","32","1411200","646.05","2021-12-03 20:27:28"
"83a4c73a-d42f-4dff-9841-dd03f1c2d6e2_chan4_v0.wav","/C/gun_explosion_a0a388e0","[""/C/gun_explosion_a0a388e0""]","gun_explosion","[""gun_explosion""]","/home/andres/Documentos/proyecto4geeks/data/raw/edge-collected-gunshot-audio/gunshot/83a4c73a-d42f-4dff-9841-dd03f1c2d6e2_chan4_v0.wav","edge-collected-gunshot-audio","test","","True","True","True","wav","5.084","44100","Mono","32","1411200","875.92","2021-12-03 20:29:04"
"5b4f210f-8dab-4ec7-9ae1-8f786c21b4a1_chan5_v0.wav","/C/gun_explosion_a0a388e0","[""/C/gun_explosion_a0a388e0""]","gun_explosion","[""gun_explosion""]","/home/andres/Documentos/proyecto4geeks/data/raw/edge-collected-gunshot-audio/gunshot/5b4f210f-8dab-4ec7-9ae1-8f786c21b4a1_chan5_v0.wav","edge-collected-gunshot-audio","train","","True","True","True","wav","5.404","44100","Mono","32","1411200","931.04","2021-12-03 20:27:30"
"63bed9c5-c7c7-429e-82de-9114078423ab_chan2_v0.wav","/C/gun_explosion_a0a388e0","[""/C/gun_explosion_a0a388e0""]","gun_explosion","[""gun_explosion""]","/home/andres/Documentos/proyecto4geeks/data/raw/edge-collected-gunshot-audio/gunshot/63bed9c5-c7c7-429e-82de-9114078423ab_chan2_v0.wav","edge-collected-gunshot-audio","test","","True","True","True","wav","3.705","44100","Mono","32","1411200","638.32","2021-12-03 20:28:16"
"6847c256-c0c6-4200-b998-8399cc77a0c3_v0.wav","/C/gun_explosion_a0a388e0","[""/C/gun_explosion_a0a388e0""]","gun_explosion","[""gun_explosion""]","/home/andres/Documentos/proyecto4geeks/data/raw/edge-collected-gunshot-audio/gunshot/6847c256-c0c6-4200-b998-8399cc77a0c3_v0.wav","edge-collected-gunshot-audio","train","","True","True","True","wav","3.039","44100","Mono","32","1411200","523.49","2021-12-03 20:27:32"
"52d18cda-ccf9-43de-83a7-76bcc72fab6b_v0.wav","/C/gun_explosion_a0a388e0","[""/C/gun_explosion_a0a388e0""]","gun_explosion","[""gun_explosion""]","/home/andres/Documentos/proyecto4geeks/data/raw/edge-collected-gunshot-audio/gunshot/52d18cda-ccf9-43de-83a7-76bcc72fab6b_v0.wav","edge-collected-gunshot-audio","train","","True","True","True","wav","4.933","44100","Mono","32","1411200","849.81","2021-12-03 20:28:54"
"ab0375b1-c44a-4ad1-bb16-b009b51d52ec_v0.wav","/C/gun_explosion_a0a388e0","[""/C/gun_explosion_a0a388e0""]","gun_explosion","[""gun_explosion""]","/home/andres/Documentos/proyecto4geeks/data/raw/edge-collected-gunshot-audio/gunshot/ab0375b1-c44a-4ad1-bb16-b009b51d52ec_v0.wav","edge-collected-gunshot-audio","train","","True","True","True","wav","3.75","44100","Mono","32","1411200","646.05","2021-12-03 20:27:38"
"64210409-df04-4e4b-bf3b-7afa05b59624_chan6_v0.wav","/C/gun_explosion_a0a388e0","[""/C/gun_explosion_a0a388e0""]","gun_explosion","[""gun_explosion""]","/home/andres/Documentos/proyecto4geeks/data/raw/edge-collected-gunshot-audio/gunshot/64210409-df04-4e4b-bf3b-7afa05b59624_chan6_v0.wav","edge-collected-gunshot-audio","train","","True","True","True","wav","3.75","44100","Mono","32","1411200","646.05","2021-12-03 20:28:16"
"89d8134d-3ca8-4ac9-8020-76dd9c33a2da_chan6_v0.wav","/C/gun_explosion_a0a388e0","[""/C/gun_explosion_a0a388e0""]","gun_explosion","[""gun_explosion""]","/home/andres/Documentos/proyecto4geeks/data/raw/edge-collected-gunshot-audio/gunshot/89d8134d-3ca8-4ac9-8020-76dd9c33a2da_chan6_v0.wav","edge-collected-gunshot-audio","train","","True","True","True","wav","4.97","44100","Mono","32","1411200","856.23","2021-12-03 20:28:20"
"2953714a-9fed-4926-943f-466071b77cf4_mean_v0.wav","/C/gun_explosion_a0a388e0","[""/C/gun_explosion_a0a388e0""]","gun_explosion","[""gun_explosion""]","/home/andres/Documentos/proyecto4geeks/data/raw/edge-collected-gunshot-audio/gunshot/2953714a-9fed-4926-943f-466071b77cf4_mean_v0.wav","edge-collected-gunshot-audio","train","","True","True","True","wav","5.769","44100","Mono","32","1411200","993.84","2021-12-03 20:27:24"
"1ff6e63d-c51b-418b-8fa3-65bd648d957c_v1.wav","/C/gun_explosion_a0a388e0","[""/C/gun_explosion_a0a388e0""]","gun_explosion","[""gun_explosion""]","/home/andres/Documentos/proyecto4geeks/data/raw/edge-collected-gunshot-audio/gunshot/1ff6e63d-c51b-418b-8fa3-65bd648d957c_v1.wav","edge-collected-gunshot-audio","train","","True","True","True","wav","3.75","44100","Mono","32","1411200","646.05","2021-12-03 20:27:22"
"e468995d-7487-49db-bc18-53077ab0c01d_v0.wav","/C/gun_explosion_a0a388e0","[""/C/gun_explosion_a0a388e0""]","gun_explosion","[""gun_explosion""]","/home/andres/Documentos/proyecto4geeks/data/raw/edge-collected-gunshot-audio/gunshot/e468995d-7487-49db-bc18-53077ab0c01d_v0.wav","edge-collected-gunshot-audio","train","","True","True","True","wav","1.393","44100","Mono","32","1411200","240.06","2021-12-03 20:27:12"
"906a6959-11b2-4a24-94c5-fce000ad00a8_chan1_v0.wav","/C/gun_explosion_a0a388e0","[""/C/gun_explosion_a0a388e0""]","gun_explosion","[""gun_explosion""]","/home/andres/Documentos/proyecto4geeks/data/raw/edge-collected-gunshot-audio/gunshot/906a6959-11b2-4a24-94c5-fce000ad00a8_chan1_v0.wav","edge-collected-gunshot-audio","train","","True","True","True","wav","2.821","44100","Mono","32","1411200","485.97","2021-12-03 20:28:22"
"ec013f65-cc3c-4ebb-9315-bb4d2043e8f4_chan5_v0.wav","/C/gun_explosion_a0a388e0","[""/C/gun_explosion_a0a388e0""]","gun_explosion","[""gun_explosion""]","/home/andres/Documentos/proyecto4geeks/data/raw/edge-collected-gunshot-audio/gunshot/ec013f65-cc3c-4ebb-9315-bb4d2043e8f4_chan5_v0.wav","edge-collected-gunshot-audio","train","","True","True","True","wav","3.724","44100","Mono","32","1411200","641.49","2021-12-03 20:28:40"
"13bfab79-9198-4558-a1bf-4f8aedd4d6f9_chan1_v0.wav","/C/gun_explosion_a0a388e0","[""/C/gun_explosion_a0a388e0""]","gun_explosion","[""gun_explosion""]","/home/andres/Documentos/proyecto4geeks/data/raw/edge-collected-gunshot-audio/gunshot/13bfab79-9198-4558-a1bf-4f8aedd4d6f9_chan1_v0.wav","edge-collected-gunshot-audio","train","","True","True","True","wav","3.75","44100","Mono","32","1411200","646.05","2021-12-03 20:28:00"
"1475f234-1ab9-4202-82f4-96d5ecb9f064_mean_v0.wav","/C/gun_explosion_a0a388e0","[""/C/gun_explosion_a0a388e0""]","gun_explosion","[""gun_explosion""]","/home/andres/Documentos/proyecto4geeks/data/raw/edge-collected-gunshot-audio/gunshot/1475f234-1ab9-4202-82f4-96d5ecb9f064_mean_v0.wav","edge-collected-gunshot-audio","train","","True","True","True","wav","3.75","44100","Mono","32","1411200","646.05","2021-12-03 20:26:52"
"063b74d6-eb05-437e-b767-14a3248cd10c_chan6_v0.wav","/C/gun_explosion_a0a388e0","[""/C/gun_explosion_a0a388e0""]","gun_explosion","[""gun_explosion""]","/home/andres/Documentos/proyecto4geeks/data/raw/edge-collected-gunshot-audio/gunshot/063b74d6-eb05-437e-b767-14a3248cd10c_chan6_v0.wav","edge-collected-gunshot-audio","train","","True","True","True","wav","2.557","44100","Mono","32","1411200","440.6","2021-12-03 20:26:48"
"64f40277-43f3-46d4-ba9b-9552e2123cd8_v0.wav","/C/gun_explosion_a0a388e0","[""/C/gun_explosion_a0a388e0""]","gun_explosion","[""gun_explosion""]","/home/andres/Documentos/proyecto4geeks/data/raw/edge-collected-gunshot-audio/gunshot/64f40277-43f3-46d4-ba9b-9552e2123cd8_v0.wav","edge-collected-gunshot-audio","train","","True","True","True","wav","3.995","44100","Mono","32","1411200","688.26","2021-12-03 20:28:16"
"e3223836-7826-4d8d-80df-51071b52c15a_chan5_v0.wav","/C/gun_explosion_a0a388e0","[""/C/gun_explosion_a0a388e0""]","gun_explosion","[""gun_explosion""]","/home/andres/Documentos/proyecto4geeks/data/raw/edge-collected-gunshot-audio/gunshot/e3223836-7826-4d8d-80df-51071b52c15a_chan5_v0.wav","edge-collected-gunshot-audio","train","","True","True","True","wav","3.75","44100","Mono","32","1411200","646.05","2021-12-03 20:28:38"
"59870dda-c047-4ab0-9016-7a4ffd65f504_chan5_v0.wav","/C/gun_explosion_a0a388e0","[""/C/gun_explosion_a0a388e0""]","gun_explosion","[""gun_explosion""]","/home/andres/Documentos/proyecto4geeks/data/raw/edge-collected-gunshot-audio/gunshot/59870dda-c047-4ab0-9016-7a4ffd65f504_chan5_v0.wav","edge-collected-gunshot-audio","train","","True","True","True","wav","3.282","44100","Mono","32","1411200","565.49","2021-12-03 20:28:56"
"7baabd4f-9659-41ff-bb10-d5d823d09b94_v0.wav","/C/gun_explosion_a0a388e0","[""/C/gun_explosion_a0a388e0""]","gun_explosion","[""gun_explosion""]","/home/andres/Documentos/proyecto4geeks/data/raw/edge-collected-gunshot-audio/gunshot/7baabd4f-9659-41ff-bb10-d5d823d09b94_v0.wav","edge-collected-gunshot-audio","test","","True","True","True","wav","3.75","44100","Mono","32","1411200","646.05","2021-12-03 20:29:00"
"4f5aefa2-101c-4384-bec8-8be7aa988a38_v0.wav","/C/gun_explosion_a0a388e0","[""/C/gun_explosion_a0a388e0""]","gun_explosion","[""gun_explosion""]","/home/andres/Documentos/proyecto4geeks/data/raw/edge-collected-gunshot-audio/gunshot/4f5aefa2-101c-4384-bec8-8be7aa988a38_v0.wav","edge-collected-gunshot-audio","train","","True","True","True","wav","3.75","44100","Mono","32","1411200","646.05","2021-12-03 20:27:28"
"019439aa-e146-49da-b59c-28a594fba7e2_v7.wav","/C/gun_explosion_a0a388e0","[""/C/gun_explosion_a0a388e0""]","gun_explosion","[""gun_explosion""]","/home/andres/Documentos/proyecto4geeks/data/raw/edge-collected-gunshot-audio/gunshot/019439aa-e146-49da-b59c-28a594fba7e2_v7.wav","edge-collected-gunshot-audio","train","","True","True","True","wav","3.75","44100","Mono","32","1411200","646.05","2021-12-03 20:27:54"
"95ddb49b-cb04-4611-9d53-fdcc6227a660_v0.wav","/C/gun_explosion_a0a388e0","[""/C/gun_explosion_a0a388e0""]","gun_explosion","[""gun_explosion""]","/home/andres/Documentos/proyecto4geeks/data/raw/edge-collected-gunshot-audio/gunshot/95ddb49b-cb04-4611-9d53-fdcc6227a660_v0.wav","edge-collected-gunshot-audio","train","","True","True","True","wav","3.536","44100","Mono","32","1411200","609.15","2021-12-03 20:28:22"
"fc8aad5b-6062-4512-8364-5ab905b2faea_v5.wav","/C/gun_explosion_a0a388e0","[""/C/gun_explosion_a0a388e0""]","gun_explosion","[""gun_explosion""]","/home/andres/Documentos/proyecto4geeks/data/raw/edge-collected-gunshot-audio/gunshot/fc8aad5b-6062-4512-8364-5ab905b2faea_v5.wav","edge-collected-gunshot-audio","train","","True","True","True","wav","3.75","44100","Mono","32","1411200","646.05","2021-12-03 20:27:50"
"d36f8f26-ce50-4bd3-8898-26da17995f46_mean_v0.wav","/C/gun_explosion_a0a388e0","[""/C/gun_explosion_a0a388e0""]","gun_explosion","[""gun_explosion""]","/home/andres/Documentos/proyecto4geeks/data/raw/edge-collected-gunshot-audio/gunshot/d36f8f26-ce50-4bd3-8898-26da17995f46_mean_v0.wav","edge-collected-gunshot-audio","train","","True","True","True","wav","6.023","44100","Mono","32","1411200","1037.63","2021-12-03 20:29:20"
"0a7c0396-3ac7-462d-b1f6-c73243eb6865_mean_v2.wav","/C/gun_explosion_a0a388e0","[""/C/gun_explosion_a0a388e0""]","gun_explosion","[""gun_explosion""]","/home/andres/Documentos/proyecto4geeks/data/raw/edge-collected-gunshot-audio/gunshot/0a7c0396-3ac7-462d-b1f6-c73243eb6865_mean_v2.wav","edge-collected-gunshot-audio","train","","True","True","True","wav","3.75","44100","Mono","32","1411200","646.05","2021-12-03 20:27:20"
"683cbedc-1319-4bfe-a656-cdf5e9b1c98f_chan0_v0.wav","/C/gun_explosion_a0a388e0","[""/C/gun_explosion_a0a388e0""]","gun_explosion","[""gun_explosion""]","/home/andres/Documentos/proyecto4geeks/data/raw/edge-collected-gunshot-audio/gunshot/683cbedc-1319-4bfe-a656-cdf5e9b1c98f_chan0_v0.wav","edge-collected-gunshot-audio","test","","True","True","True","wav","4.963","44100","Mono","32","1411200","854.95","2021-12-03 20:28:56"
"06f8ef4c-86b4-408a-8909-3badadf8ca20_mean_v0.wav","/C/gun_explosion_a0a388e0","[""/C/gun_explosion_a0a388e0""]","gun_explosion","[""gun_explosion""]","/home/andres/Documentos/proyecto4geeks/data/raw/edge-collected-gunshot-audio/gunshot/06f8ef4c-86b4-408a-8909-3badadf8ca20_mean_v0.wav","edge-collected-gunshot-audio","train","","True","True","True","wav","3.124","44100","Mono","32","1411200","538.17","2021-12-03 20:27:56"
"972e5199-b99c-4f49-b006-ec7c2903f2ee_chan0_v0.wav","/C/gun_explosion_a0a388e0","[""/C/gun_explosion_a0a388e0""]","gun_explosion","[""gun_explosion""]","/home/andres/Documentos/proyecto4geeks/data/raw/edge-collected-gunshot-audio/gunshot/972e5199-b99c-4f49-b006-ec7c2903f2ee_chan0_v0.wav","edge-collected-gunshot-audio","test","","True","True","True","wav","3.75","44100","Mono","32","1411200","646.05","2021-12-03 20:29:08"
"6470b3df-7bb5-408e-8678-082daf582df2_v0.wav","/C/gun_explosion_a0a388e0","[""/C/gun_explosion_a0a388e0""]","gun_explosion","[""gun_explosion""]","/home/andres/Documentos/proyecto4geeks/data/raw/edge-collected-gunshot-audio/gunshot/6470b3df-7bb5-408e-8678-082daf582df2_v0.wav","edge-collected-gunshot-audio","train","","True","True","True","wav","12.955","44100","Mono","32","1411200","2231.79","2021-12-03 20:28:16"
"5972ae17-39fc-4813-b384-bb8ece5856f8_chan4_v0.wav","/C/gun_explosion_a0a388e0","[""/C/gun_explosion_a0a388e0""]","gun_explosion","[""gun_explosion""]","/home/andres/Documentos/proyecto4geeks/data/raw/edge-collected-gunshot-audio/gunshot/5972ae17-39fc-4813-b384-bb8ece5856f8_chan4_v0.wav","edge-collected-gunshot-audio","train","","True","True","True","wav","5.618","44100","Mono","32","1411200","967.92","2021-12-03 20:28:12"
"5ac8c241-4728-4ba2-a6ce-8cda24399cca_chan5_v0.wav","/C/gun_explosion_a0a388e0","[""/C/gun_explosion_a0a388e0""]","gun_explosion","[""gun_explosion""]","/home/andres/Documentos/proyecto4geeks/data/raw/edge-collected-gunshot-audio/gunshot/5ac8c241-4728-4ba2-a6ce-8cda24399cca_chan5_v0.wav","edge-collected-gunshot-audio","test","","True","True","True","wav","3.377","44100","Mono","32","1411200","581.79","2021-12-03 20:27:00"
"fe7bf3b2-7a7a-4a47-9c7d-c6d4354a7cfd_v0.wav","/C/gun_explosion_a0a388e0","[""/C/gun_explosion_a0a388e0""]","gun_explosion","[""gun_explosion""]","/home/andres/Documentos/proyecto4geeks/data/raw/edge-collected-gunshot-audio/gunshot/fe7bf3b2-7a7a-4a47-9c7d-c6d4354a7cfd_v0.wav","edge-collected-gunshot-audio","train","","True","True","True","wav","3.079","44100","Mono","32","1411200","530.53","2021-12-03 20:28:42"
"b062cdec-dadb-4d22-b488-217077906b77_v3.wav","/C/gun_explosion_a0a388e0","[""/C/gun_explosion_a0a388e0""]","gun_explosion","[""gun_explosion""]","/home/andres/Documentos/proyecto4geeks/data/raw/edge-collected-gunshot-audio/gunshot/b062cdec-dadb-4d22-b488-217077906b77_v3.wav","edge-collected-gunshot-audio","train","","True","True","True","wav","3.265","44100","Mono","32","1411200","562.49","2021-12-03 20:27:08"
"5cb2087f-9407-45a7-80aa-9ea7a5df275f_chan5_v0.wav","/C/gun_explosion_a0a388e0","[""/C/gun_explosion_a0a388e0""]","gun_explosion","[""gun_explosion""]","/home/andres/Documentos/proyecto4geeks/data/raw/edge-collected-gunshot-audio/gunshot/5cb2087f-9407-45a7-80aa-9ea7a5df275f_chan5_v0.wav","edge-collected-gunshot-audio","test","","True","True","True","wav","3.391","44100","Mono","32","1411200","584.16","2021-12-03 20:28:14"
"23f32d46-ca2c-4b54-bbad-0b0db3a72ffb_chan0_v0.wav","/C/gun_explosion_a0a388e0","[""/C/gun_explosion_a0a388e0""]","gun_explosion","[""gun_explosion""]","/home/andres/Documentos/proyecto4geeks/data/raw/edge-collected-gunshot-audio/gunshot/23f32d46-ca2c-4b54-bbad-0b0db3a72ffb_chan0_v0.wav","edge-collected-gunshot-audio","train","","True","True","True","wav","8.195","44100","Mono","32","1411200","1411.8","2021-12-03 20:26:56"
"805e6b14-ad2f-4802-902b-53518cc81464_chan1_v0.wav","/C/gun_explosion_a0a388e0","[""/C/gun_explosion_a0a388e0""]","gun_explosion","[""gun_explosion""]","/home/andres/Documentos/proyecto4geeks/data/raw/edge-collected-gunshot-audio/gunshot/805e6b14-ad2f-4802-902b-53518cc81464_chan1_v0.wav","edge-collected-gunshot-audio","train","","True","True","True","wav","5.838","44100","Mono","32","1411200","1005.69","2021-12-03 20:27:04"
"df9c8055-a6c4-483e-ac29-6da128a2cb18_v1.wav","/C/gun_explosion_a0a388e0","[""/C/gun_explosion_a0a388e0""]","gun_explosion","[""gun_explosion""]","/home/andres/Documentos/proyecto4geeks/data/raw/edge-collected-gunshot-audio/gunshot/df9c8055-a6c4-483e-ac29-6da128a2cb18_v1.wav","edge-collected-gunshot-audio","train","","True","True","True","wav","3.75","44100","Mono","32","1411200","646.05","2021-12-03 20:27:48"
"79e3a045-8093-4614-9ea1-ad5643d61a1e_mean_v0.wav","/C/gun_explosion_a0a388e0","[""/C/gun_explosion_a0a388e0""]","gun_explosion","[""gun_explosion""]","/home/andres/Documentos/proyecto4geeks/data/raw/edge-collected-gunshot-audio/gunshot/79e3a045-8093-4614-9ea1-ad5643d61a1e_mean_v0.wav","edge-collected-gunshot-audio","test","","True","True","True","wav","3.308","44100","Mono","32","1411200","569.83","2021-12-03 20:27:32"
"d3c04068-8b2c-4dd6-a3e0-9bd56a346325_v0.wav","/C/gun_explosion_a0a388e0","[""/C/gun_explosion_a0a388e0""]","gun_explosion","[""gun_explosion""]","/home/andres/Documentos/proyecto4geeks/data/raw/edge-collected-gunshot-audio/gunshot/d3c04068-8b2c-4dd6-a3e0-9bd56a346325_v0.wav","edge-collected-gunshot-audio","train","","True","True","True","wav","6.945","44100","Mono","32","1411200","1196.53","2021-12-03 20:29:20"
"6f48638e-2508-467e-89c7-34648cfd0699_chan0_v0.wav","/C/gun_explosion_a0a388e0","[""/C/gun_explosion_a0a388e0""]","gun_explosion","[""gun_explosion""]","/home/andres/Documentos/proyecto4geeks/data/raw/edge-collected-gunshot-audio/gunshot/6f48638e-2508-467e-89c7-34648cfd0699_chan0_v0.wav","edge-collected-gunshot-audio","train","","True","True","True","wav","3.928","44100","Mono","32","1411200","676.7","2021-12-03 20:28:58"
"0a1b4df0-84fa-40d7-bc48-9ca0a690b5b9_v0.wav","/C/gun_explosion_a0a388e0","[""/C/gun_explosion_a0a388e0""]","gun_explosion","[""gun_explosion""]","/home/andres/Documentos/proyecto4geeks/data/raw/edge-collected-gunshot-audio/gunshot/0a1b4df0-84fa-40d7-bc48-9ca0a690b5b9_v0.wav","edge-collected-gunshot-audio","train","","True","True","True","wav","3.75","44100","Mono","32","1411200","646.05","2021-12-03 20:27:20"
"aacb484a-4c94-4004-af8d-5000066395af_v0.wav","/C/gun_explosion_a0a388e0","[""/C/gun_explosion_a0a388e0""]","gun_explosion","[""gun_explosion""]","/home/andres/Documentos/proyecto4geeks/data/raw/edge-collected-gunshot-audio/gunshot/aacb484a-4c94-4004-af8d-5000066395af_v0.wav","edge-collected-gunshot-audio","train","","True","True","True","wav","4.086","44100","Mono","32","1411200","704.0","2021-12-03 20:29:14"
"11c0a574-3eb7-4b15-aeea-5dc805905a03_v0.wav","/C/gun_explosion_a0a388e0","[""/C/gun_explosion_a0a388e0""]","gun_explosion","[""gun_explosion""]","/home/andres/Documentos/proyecto4geeks/data/raw/edge-collected-gunshot-audio/gunshot/11c0a574-3eb7-4b15-aeea-5dc805905a03_v0.wav","edge-collected-gunshot-audio","train","","True","True","True","wav","3.75","44100","Mono","32","1411200","646.05","2021-12-03 20:28:42"
"c0b2e1a0-0ad1-485b-9df8-af37612ac034_chan6_v1.wav","/C/gun_explosion_a0a388e0","[""/C/gun_explosion_a0a388e0""]","gun_explosion","[""gun_explosion""]","/home/andres/Documentos/proyecto4geeks/data/raw/edge-collected-gunshot-audio/gunshot/c0b2e1a0-0ad1-485b-9df8-af37612ac034_chan6_v1.wav","edge-collected-gunshot-audio","train","","True","True","True","wav","3.75","44100","Mono","32","1411200","646.05","2021-12-03 20:27:42"
"5c46db15-509e-43fe-8fde-038b055eb91c_chan2_v0.wav","/C/gun_explosion_a0a388e0","[""/C/gun_explosion_a0a388e0""]","gun_explosion","[""gun_explosion""]","/home/andres/Documentos/proyecto4geeks/data/raw/edge-collected-gunshot-audio/gunshot/5c46db15-509e-43fe-8fde-038b055eb91c_chan2_v0.wav","edge-collected-gunshot-audio","train","","True","True","True","wav","3.75","44100","Mono","32","1411200","646.05","2021-12-03 20:27:00"
"cd3b2d1d-9cd9-4d80-91f2-e6b2d5eec8e5_v0.wav","/C/gun_explosion_a0a388e0","[""/C/gun_explosion_a0a388e0""]","gun_explosion","[""gun_explosion""]","/home/andres/Documentos/proyecto4geeks/data/raw/edge-collected-gunshot-audio/gunshot/cd3b2d1d-9cd9-4d80-91f2-e6b2d5eec8e5_v0.wav","edge-collected-gunshot-audio","train","","True","True","True","wav","3.258","44100","Mono","32","1411200","561.37","2021-12-03 20:28:32"
"62b53733-3fdf-4edf-93b8-e4714e348f90_v5.wav","/C/gun_explosion_a0a388e0","[""/C/gun_explosion_a0a388e0""]","gun_explosion","[""gun_explosion""]","/home/andres/Documentos/proyecto4geeks/data/raw/edge-collected-gunshot-audio/gunshot/62b53733-3fdf-4edf-93b8-e4714e348f90_v5.wav","edge-collected-gunshot-audio","train","","True","True","True","wav","3.75","44100","Mono","32","1411200","646.05","2021-12-03 20:27:30"
"06e7af3f-05cf-4170-9d51-9cc5ad5ab502_v0.wav","/C/gun_explosion_a0a388e0","[""/C/gun_explosion_a0a388e0""]","gun_explosion","[""gun_explosion""]","/home/andres/Documentos/proyecto4geeks/data/raw/edge-collected-gunshot-audio/gunshot/06e7af3f-05cf-4170-9d51-9cc5ad5ab502_v0.wav","edge-collected-gunshot-audio","train","","True","True","True","wav","3.75","44100","Mono","32","1411200","646.05","2021-12-03 20:27:54"
"1f881663-d824-403c-bb7a-f97eb215a694_v1.wav","/C/gun_explosion_a0a388e0","[""/C/gun_explosion_a0a388e0""]","gun_explosion","[""gun_explosion""]","/home/andres/Documentos/proyecto4geeks/data/raw/edge-collected-gunshot-audio/gunshot/1f881663-d824-403c-bb7a-f97eb215a694_v1.wav","edge-collected-gunshot-audio","train","","True","True","True","wav","5.751","44100","Mono","32","1411200","990.71","2021-12-03 20:28:46"
"bfcbf987-3056-4cf3-a40b-b209a365b672_chan3_v0.wav","/C/gun_explosion_a0a388e0","[""/C/gun_explosion_a0a388e0""]","gun_explosion","[""gun_explosion""]","/home/andres/Documentos/proyecto4geeks/data/raw/edge-collected-gunshot-audio/gunshot/bfcbf987-3056-4cf3-a40b-b209a365b672_chan3_v0.wav","edge-collected-gunshot-audio","train","","True","True","True","wav","4.284","44100","Mono","32","1411200","738.01","2021-12-03 20:27:40"
"24ed6f76-c141-4366-a98c-f09596a4e5c0_v1.wav","/C/gun_explosion_a0a388e0","[""/C/gun_explosion_a0a388e0""]","gun_explosion","[""gun_explosion""]","/home/andres/Documentos/proyecto4geeks/data/raw/edge-collected-gunshot-audio/gunshot/24ed6f76-c141-4366-a98c-f09596a4e5c0_v1.wav","edge-collected-gunshot-audio","test","","True","True","True","wav","2.0","44100","Mono","32","1411200","344.59","2021-12-03 20:28:04"
"c2af92cf-45d1-4d03-8db4-129e0d28015e_mean_v0.wav","/C/gun_explosion_a0a388e0","[""/C/gun_explosion_a0a388e0""]","gun_explosion","[""gun_explosion""]","/home/andres/Documentos/proyecto4geeks/data/raw/edge-collected-gunshot-audio/gunshot/c2af92cf-45d1-4d03-8db4-129e0d28015e_mean_v0.wav","edge-collected-gunshot-audio","train","","True","True","True","wav","5.181","44100","Mono","32","1411200","892.64","2021-12-03 20:27:42"
"2206e99c-e7ee-493b-902e-1a970a9fc4fe_chan1_v1.wav","/C/gun_explosion_a0a388e0","[""/C/gun_explosion_a0a388e0""]","gun_explosion","[""gun_explosion""]","/home/andres/Documentos/proyecto4geeks/data/raw/edge-collected-gunshot-audio/gunshot/2206e99c-e7ee-493b-902e-1a970a9fc4fe_chan1_v1.wav","edge-collected-gunshot-audio","test","","True","True","True","wav","3.75","44100","Mono","32","1411200","646.05","2021-12-03 20:26:54"
"ca2a3f01-63b4-47c9-b327-e9d93bf01ac2_v1.wav","/C/gun_explosion_a0a388e0","[""/C/gun_explosion_a0a388e0""]","gun_explosion","[""gun_explosion""]","/home/andres/Documentos/proyecto4geeks/data/raw/edge-collected-gunshot-audio/gunshot/ca2a3f01-63b4-47c9-b327-e9d93bf01ac2_v1.wav","edge-collected-gunshot-audio","train","","True","True","True","wav","5.159","44100","Mono","32","1411200","888.7","2021-12-03 20:27:10"
"04d81d9d-63e9-46b1-9417-6fe40765be9a_chan3_v0.wav","/C/gun_explosion_a0a388e0","[""/C/gun_explosion_a0a388e0""]","gun_explosion","[""gun_explosion""]","/home/andres/Documentos/proyecto4geeks/data/raw/edge-collected-gunshot-audio/gunshot/04d81d9d-63e9-46b1-9417-6fe40765be9a_chan3_v0.wav","edge-collected-gunshot-audio","train","","True","True","True","wav","3.75","44100","Mono","32","1411200","646.05","2021-12-03 20:27:54"
"83f9faea-4b8b-4b8f-be70-99eedb0f3ac9_chan0_v0.wav","/C/gun_explosion_a0a388e0","[""/C/gun_explosion_a0a388e0""]","gun_explosion","[""gun_explosion""]","/home/andres/Documentos/proyecto4geeks/data/raw/edge-collected-gunshot-audio/gunshot/83f9faea-4b8b-4b8f-be70-99eedb0f3ac9_chan0_v0.wav","edge-collected-gunshot-audio","train","","True","True","True","wav","3.594","44100","Mono","32","1411200","619.17","2021-12-03 20:28:20"
"57252ebc-52a3-4c77-8f76-bcfeeba95a53_chan6_v0.wav","/C/gun_explosion_a0a388e0","[""/C/gun_explosion_a0a388e0""]","gun_explosion","[""gun_explosion""]","/home/andres/Documentos/proyecto4geeks/data/raw/edge-collected-gunshot-audio/gunshot/57252ebc-52a3-4c77-8f76-bcfeeba95a53_chan6_v0.wav","edge-collected-gunshot-audio","train","","True","True","True","wav","3.75","44100","Mono","32","1411200","646.05","2021-12-03 20:27:00"
"c05ea797-711d-4f93-80d1-05a3e76e5c31_chan3_v0.wav","/C/gun_explosion_a0a388e0","[""/C/gun_explosion_a0a388e0""]","gun_explosion","[""gun_explosion""]","/home/andres/Documentos/proyecto4geeks/data/raw/edge-collected-gunshot-audio/gunshot/c05ea797-711d-4f93-80d1-05a3e76e5c31_chan3_v0.wav","edge-collected-gunshot-audio","train","","True","True","True","wav","5.238","44100","Mono","32","1411200","902.43","2021-12-03 20:27:40"
"64210409-df04-4e4b-bf3b-7afa05b59624_mean_v0.wav","/C/gun_explosion_a0a388e0","[""/C/gun_explosion_a0a388e0""]","gun_explosion","[""gun_explosion""]","/home/andres/Documentos/proyecto4geeks/data/raw/edge-collected-gunshot-audio/gunshot/64210409-df04-4e4b-bf3b-7afa05b59624_mean_v0.wav","edge-collected-gunshot-audio","train","","True","True","True","wav","3.75","44100","Mono","32","1411200","646.05","2021-12-03 20:28:16"
"f1ea3a1c-030f-4275-b3b4-28bb0cd694b2_chan3_v0.wav","/C/gun_explosion_a0a388e0","[""/C/gun_explosion_a0a388e0""]","gun_explosion","[""gun_explosion""]","/home/andres/Documentos/proyecto4geeks/data/raw/edge-collected-gunshot-audio/gunshot/f1ea3a1c-030f-4275-b3b4-28bb0cd694b2_chan3_v0.wav","edge-collected-gunshot-audio","train","","True","True","True","wav","5.743","44100","Mono","32","1411200","989.4","2021-12-03 20:29:26"
"6320dc5c-a956-40b8-a664-45f1edcf3b3b_chan6_v0.wav","/C/gun_explosion_a0a388e0","[""/C/gun_explosion_a0a388e0""]","gun_explosion","[""gun_explosion""]","/home/andres/Documentos/proyecto4geeks/data/raw/edge-collected-gunshot-audio/gunshot/6320dc5c-a956-40b8-a664-45f1edcf3b3b_chan6_v0.wav","edge-collected-gunshot-audio","train","","True","True","True","wav","3.75","44100","Mono","32","1411200","646.05","2021-12-03 20:27:32"
"f0132c12-d82b-488a-8cfa-8b8efd7259cc_mean_v0.wav","/C/gun_explosion_a0a388e0","[""/C/gun_explosion_a0a388e0""]","gun_explosion","[""gun_explosion""]","/home/andres/Documentos/proyecto4geeks/data/raw/edge-collected-gunshot-audio/gunshot/f0132c12-d82b-488a-8cfa-8b8efd7259cc_mean_v0.wav","edge-collected-gunshot-audio","test","","True","True","True","wav","3.75","44100","Mono","32","1411200","646.05","2021-12-03 20:28:40"
"b23e9f5b-f76c-4c28-bf87-0599a47e0ba4_chan1_v2.wav","/C/gun_explosion_a0a388e0","[""/C/gun_explosion_a0a388e0""]","gun_explosion","[""gun_explosion""]","/home/andres/Documentos/proyecto4geeks/data/raw/edge-collected-gunshot-audio/gunshot/b23e9f5b-f76c-4c28-bf87-0599a47e0ba4_chan1_v2.wav","edge-collected-gunshot-audio","train","","True","True","True","wav","3.75","44100","Mono","32","1411200","646.05","2021-12-03 20:29:16"
"d735d982-c6bb-4a60-9cc7-5c2f6d06da93_chan0_v0.wav","/C/gun_explosion_a0a388e0","[""/C/gun_explosion_a0a388e0""]","gun_explosion","[""gun_explosion""]","/home/andres/Documentos/proyecto4geeks/data/raw/edge-collected-gunshot-audio/gunshot/d735d982-c6bb-4a60-9cc7-5c2f6d06da93_chan0_v0.wav","edge-collected-gunshot-audio","train","","True","True","True","wav","3.397","44100","Mono","32","1411200","585.32","2021-12-03 20:27:46"
"d3a364a1-f1fa-402b-8e7a-d7f57192508c_mean_v0.wav","/C/gun_explosion_a0a388e0","[""/C/gun_explosion_a0a388e0""]","gun_explosion","[""gun_explosion""]","/home/andres/Documentos/proyecto4geeks/data/raw/edge-collected-gunshot-audio/gunshot/d3a364a1-f1fa-402b-8e7a-d7f57192508c_mean_v0.wav","edge-collected-gunshot-audio","train","","True","True","True","wav","2.912","44100","Mono","32","1411200","501.69","2021-12-03 20:28:34"
"d312ea2f-8542-4ac2-8bd8-1e8b3433c4c3_chan6_v0.wav","/C/gun_explosion_a0a388e0","[""/C/gun_explosion_a0a388e0""]","gun_explosion","[""gun_explosion""]","/home/andres/Documentos/proyecto4geeks/data/raw/edge-collected-gunshot-audio/gunshot/d312ea2f-8542-4ac2-8bd8-1e8b3433c4c3_chan6_v0.wav","edge-collected-gunshot-audio","train","","True","True","True","wav","2.675","44100","Mono","32","1411200","460.8","2021-12-03 20:27:12"
"b0ce8d08-45a7-449c-a830-ebba6270dd69_v0.wav","/C/gun_explosion_a0a388e0","[""/C/gun_explosion_a0a388e0""]","gun_explosion","[""gun_explosion""]","/home/andres/Documentos/proyecto4geeks/data/raw/edge-collected-gunshot-audio/gunshot/b0ce8d08-45a7-449c-a830-ebba6270dd69_v0.wav","edge-collected-gunshot-audio","train","","True","True","True","wav","3.75","44100","Mono","32","1411200","646.05","2021-12-03 20:27:08"
"9fdf59e0-107c-4ab8-8e5f-828c90bd17a2_v5.wav","/C/gun_explosion_a0a388e0","[""/C/gun_explosion_a0a388e0""]","gun_explosion","[""gun_explosion""]","/home/andres/Documentos/proyecto4geeks/data/raw/edge-collected-gunshot-audio/gunshot/9fdf59e0-107c-4ab8-8e5f-828c90bd17a2_v5.wav","edge-collected-gunshot-audio","train","","True","True","True","wav","3.75","44100","Mono","32","1411200","646.05","2021-12-03 20:27:36"
"47ec5352-1b86-477b-9852-b13901c7eb4d_mean_v0.wav","/C/gun_explosion_a0a388e0","[""/C/gun_explosion_a0a388e0""]","gun_explosion","[""gun_explosion""]","/home/andres/Documentos/proyecto4geeks/data/raw/edge-collected-gunshot-audio/gunshot/47ec5352-1b86-477b-9852-b13901c7eb4d_mean_v0.wav","edge-collected-gunshot-audio","train","","True","True","True","wav","3.75","44100","Mono","32","1411200","646.05","2021-12-03 20:27:28"
"414311b0-baa1-46bb-b500-81e48be48770_v1.wav","/C/gun_explosion_a0a388e0","[""/C/gun_explosion_a0a388e0""]","gun_explosion","[""gun_explosion""]","/home/andres/Documentos/proyecto4geeks/data/raw/edge-collected-gunshot-audio/gunshot/414311b0-baa1-46bb-b500-81e48be48770_v1.wav","edge-collected-gunshot-audio","test","","True","True","True","wav","4.203","44100","Mono","32","1411200","724.13","2021-12-03 20:28:52"
"fa1fa8fa-1e78-4803-b74a-36a49d628d8e_v0.wav","/C/gun_explosion_a0a388e0","[""/C/gun_explosion_a0a388e0""]","gun_explosion","[""gun_explosion""]","/home/andres/Documentos/proyecto4geeks/data/raw/edge-collected-gunshot-audio/gunshot/fa1fa8fa-1e78-4803-b74a-36a49d628d8e_v0.wav","edge-collected-gunshot-audio","test","","True","True","True","wav","4.426","44100","Mono","32","1411200","762.45","2021-12-03 20:29:28"
"9cd245a4-21db-41ab-98e4-0a18f0456e71_chan3_v0.wav","/C/gun_explosion_a0a388e0","[""/C/gun_explosion_a0a388e0""]","gun_explosion","[""gun_explosion""]","/home/andres/Documentos/proyecto4geeks/data/raw/edge-collected-gunshot-audio/gunshot/9cd245a4-21db-41ab-98e4-0a18f0456e71_chan3_v0.wav","edge-collected-gunshot-audio","train","","True","True","True","wav","3.32","44100","Mono","32","1411200","571.9","2021-12-03 20:28:24"
"ec013f65-cc3c-4ebb-9315-bb4d2043e8f4_chan3_v0.wav","/C/gun_explosion_a0a388e0","[""/C/gun_explosion_a0a388e0""]","gun_explosion","[""gun_explosion""]","/home/andres/Documentos/proyecto4geeks/data/raw/edge-collected-gunshot-audio/gunshot/ec013f65-cc3c-4ebb-9315-bb4d2043e8f4_chan3_v0.wav","edge-collected-gunshot-audio","train","","True","True","True","wav","3.724","44100","Mono","32","1411200","641.53","2021-12-03 20:28:40"
"6320dc5c-a956-40b8-a664-45f1edcf3b3b_chan4_v1.wav","/C/gun_explosion_a0a388e0","[""/C/gun_explosion_a0a388e0""]","gun_explosion","[""gun_explosion""]","/home/andres/Documentos/proyecto4geeks/data/raw/edge-collected-gunshot-audio/gunshot/6320dc5c-a956-40b8-a664-45f1edcf3b3b_chan4_v1.wav","edge-collected-gunshot-audio","test","","True","True","True","wav","3.75","44100","Mono","32","1411200","646.05","2021-12-03 20:27:30"
"022dd50f-a4ee-4b33-b267-8df6e4e40f20_v1.wav","/C/gun_explosion_a0a388e0","[""/C/gun_explosion_a0a388e0""]","gun_explosion","[""gun_explosion""]","/home/andres/Documentos/proyecto4geeks/data/raw/edge-collected-gunshot-audio/gunshot/022dd50f-a4ee-4b33-b267-8df6e4e40f20_v1.wav","edge-collected-gunshot-audio","test","","True","True","True","wav","2.0","44100","Mono","32","1411200","344.59","2021-12-03 20:27:54"
"5f196719-60e8-4771-b3a1-62d26c577473_chan0_v0.wav","/C/gun_explosion_a0a388e0","[""/C/gun_explosion_a0a388e0""]","gun_explosion","[""gun_explosion""]","/home/andres/Documentos/proyecto4geeks/data/raw/edge-collected-gunshot-audio/gunshot/5f196719-60e8-4771-b3a1-62d26c577473_chan0_v0.wav","edge-collected-gunshot-audio","train","","True","True","True","wav","3.75","44100","Mono","32","1411200","646.05","2021-12-03 20:28:14"
"524157e1-fb04-46b2-b887-8fcc84c4261a_chan5_v1.wav","/C/gun_explosion_a0a388e0","[""/C/gun_explosion_a0a388e0""]","gun_explosion","[""gun_explosion""]","/home/andres/Documentos/proyecto4geeks/data/raw/edge-collected-gunshot-audio/gunshot/524157e1-fb04-46b2-b887-8fcc84c4261a_chan5_v1.wav","edge-collected-gunshot-audio","train","","True","True","True","wav","8.999","44100","Mono","32","1411200","1550.29","2021-12-03 20:28:54"
"2392a437-9548-44f9-9d79-f5a0b6dcafb2_v3.wav","/C/gun_explosion_a0a388e0","[""/C/gun_explosion_a0a388e0""]","gun_explosion","[""gun_explosion""]","/home/andres/Documentos/proyecto4geeks/data/raw/edge-collected-gunshot-audio/gunshot/2392a437-9548-44f9-9d79-f5a0b6dcafb2_v3.wav","edge-collected-gunshot-audio","train","","True","True","True","wav","3.75","44100","Mono","32","1411200","646.05","2021-12-03 20:27:22"
"115e4882-5899-4b5f-8023-1924ac6f2b6a_v0.wav","/C/gun_explosion_a0a388e0","[""/C/gun_explosion_a0a388e0""]","gun_explosion","[""gun_explosion""]","/home/andres/Documentos/proyecto4geeks/data/raw/edge-collected-gunshot-audio/gunshot/115e4882-5899-4b5f-8023-1924ac6f2b6a_v0.wav","edge-collected-gunshot-audio","train","","True","True","True","wav","4.959","44100","Mono","32","1411200","854.26","2021-12-03 20:28:42"
"0a07b229-7d2b-4d2b-8f32-c94cbc7b1487_chan6_v0.wav","/C/gun_explosion_a0a388e0","[""/C/gun_explosion_a0a388e0""]","gun_explosion","[""gun_explosion""]","/home/andres/Documentos/proyecto4geeks/data/raw/edge-collected-gunshot-audio/gunshot/0a07b229-7d2b-4d2b-8f32-c94cbc7b1487_chan6_v0.wav","edge-collected-gunshot-audio","train","","True","True","True","wav","5.239","44100","Mono","32","1411200","902.52","2021-12-03 20:26:50"
"89d8134d-3ca8-4ac9-8020-76dd9c33a2da_chan1_v0.wav","/C/gun_explosion_a0a388e0","[""/C/gun_explosion_a0a388e0""]","gun_explosion","[""gun_explosion""]","/home/andres/Documentos/proyecto4geeks/data/raw/edge-collected-gunshot-audio/gunshot/89d8134d-3ca8-4ac9-8020-76dd9c33a2da_chan1_v0.wav","edge-collected-gunshot-audio","train","","True","True","True","wav","5.64","44100","Mono","32","1411200","971.65","2021-12-03 20:28:20"
"c076327b-0718-4e38-8620-ba345aa2cdbc_v1.wav","/C/gun_explosion_a0a388e0","[""/C/gun_explosion_a0a388e0""]","gun_explosion","[""gun_explosion""]","/home/andres/Documentos/proyecto4geeks/data/raw/edge-collected-gunshot-audio/gunshot/c076327b-0718-4e38-8620-ba345aa2cdbc_v1.wav","edge-collected-gunshot-audio","test","","True","True","True","wav","7.532","44100","Mono","32","1411200","1297.51","2021-12-03 20:29:18"
"b23e9f5b-f76c-4c28-bf87-0599a47e0ba4_chan1_v1.wav","/C/gun_explosion_a0a388e0","[""/C/gun_explosion_a0a388e0""]","gun_explosion","[""gun_explosion""]","/home/andres/Documentos/proyecto4geeks/data/raw/edge-collected-gunshot-audio/gunshot/b23e9f5b-f76c-4c28-bf87-0599a47e0ba4_chan1_v1.wav","edge-collected-gunshot-audio","train","","True","True","True","wav","3.75","44100","Mono","32","1411200","646.05","2021-12-03 20:29:16"
"5b4f210f-8dab-4ec7-9ae1-8f786c21b4a1_mean_v0.wav","/C/gun_explosion_a0a388e0","[""/C/gun_explosion_a0a388e0""]","gun_explosion","[""gun_explosion""]","/home/andres/Documentos/proyecto4geeks/data/raw/edge-collected-gunshot-audio/gunshot/5b4f210f-8dab-4ec7-9ae1-8f786c21b4a1_mean_v0.wav","edge-collected-gunshot-audio","train","","True","True","True","wav","5.404","44100","Mono","32","1411200","931.04","2021-12-03 20:27:30"
"e2f3a120-6fcd-4760-917d-bb03ebff63d8_chan0_v3.wav","/C/gun_explosion_a0a388e0","[""/C/gun_explosion_a0a388e0""]","gun_explosion","[""gun_explosion""]","/home/andres/Documentos/proyecto4geeks/data/raw/edge-collected-gunshot-audio/gunshot/e2f3a120-6fcd-4760-917d-bb03ebff63d8_chan0_v3.wav","edge-collected-gunshot-audio","test","","True","True","True","wav","3.75","44100","Mono","32","1411200","646.05","2021-12-03 20:27:48"
"a494f4fa-d5fc-4b52-8e25-6804bc695ec1_chan5_v0.wav","/C/gun_explosion_a0a388e0","[""/C/gun_explosion_a0a388e0""]","gun_explosion","[""gun_explosion""]","/home/andres/Documentos/proyecto4geeks/data/raw/edge-collected-gunshot-audio/gunshot/a494f4fa-d5fc-4b52-8e25-6804bc695ec1_chan5_v0.wav","edge-collected-gunshot-audio","test","","True","True","True","wav","3.75","44100","Mono","32","1411200","646.05","2021-12-03 20:29:12"
"72be1f38-9011-4bf8-a125-d6ea5b481e75_v0.wav","/C/gun_explosion_a0a388e0","[""/C/gun_explosion_a0a388e0""]","gun_explosion","[""gun_explosion""]","/home/andres/Documentos/proyecto4geeks/data/raw/edge-collected-gunshot-audio/gunshot/72be1f38-9011-4bf8-a125-d6ea5b481e75_v0.wav","edge-collected-gunshot-audio","train","","True","True","True","wav","3.532","44100","Mono","32","1411200","608.58","2021-12-03 20:27:02"
"backup_4115d032-3f33-407b-ab54-ca8b9433fe30__v2.wav","/C/gun_explosion_a0a388e0","[""/C/gun_explosion_a0a388e0""]","gun_explosion","[""gun_explosion""]","/home/andres/Documentos/proyecto4geeks/data/raw/edge-collected-gunshot-audio/gunshot/backup_4115d032-3f33-407b-ab54-ca8b9433fe30__v2.wav","edge-collected-gunshot-audio","train","","True","True","True","wav","3.75","44100","Mono","32","1411200","646.05","2021-12-03 20:28:30"
"406b0f75-2c99-4b65-9b34-ab83ecd488b3_chan6_v0.wav","/C/gun_explosion_a0a388e0","[""/C/gun_explosion_a0a388e0""]","gun_explosion","[""gun_explosion""]","/home/andres/Documentos/proyecto4geeks/data/raw/edge-collected-gunshot-audio/gunshot/406b0f75-2c99-4b65-9b34-ab83ecd488b3_chan6_v0.wav","edge-collected-gunshot-audio","train","","True","True","True","wav","2.687","44100","Mono","32","1411200","462.86","2021-12-03 20:28:08"
"1266f563-7458-4d7b-81bd-8cb56eff1abb_v2.wav","/C/gun_explosion_a0a388e0","[""/C/gun_explosion_a0a388e0""]","gun_explosion","[""gun_explosion""]","/home/andres/Documentos/proyecto4geeks/data/raw/edge-collected-gunshot-audio/gunshot/1266f563-7458-4d7b-81bd-8cb56eff1abb_v2.wav","edge-collected-gunshot-audio","train","","True","True","True","wav","3.75","44100","Mono","32","1411200","646.05","2021-12-03 20:27:20"
"1b95d8c1-35d7-4b0f-88f1-97696602a0d4_v1.wav","/C/gun_explosion_a0a388e0","[""/C/gun_explosion_a0a388e0""]","gun_explosion","[""gun_explosion""]","/home/andres/Documentos/proyecto4geeks/data/raw/edge-collected-gunshot-audio/gunshot/1b95d8c1-35d7-4b0f-88f1-97696602a0d4_v1.wav","edge-collected-gunshot-audio","train","","True","True","True","wav","2.0","44100","Mono","32","1411200","344.59","2021-12-03 20:28:02"
"9b5c4fdb-b0ee-447d-ae1b-1d4576660a4e_v2.wav","/C/gun_explosion_a0a388e0","[""/C/gun_explosion_a0a388e0""]","gun_explosion","[""gun_explosion""]","/home/andres/Documentos/proyecto4geeks/data/raw/edge-collected-gunshot-audio/gunshot/9b5c4fdb-b0ee-447d-ae1b-1d4576660a4e_v2.wav","edge-collected-gunshot-audio","test","","True","True","True","wav","3.75","44100","Mono","32","1411200","646.05","2021-12-03 20:29:10"
"738f379b-fe71-4aea-a680-1f95dff38ef1_chan6_v0.wav","/C/gun_explosion_a0a388e0","[""/C/gun_explosion_a0a388e0""]","gun_explosion","[""gun_explosion""]","/home/andres/Documentos/proyecto4geeks/data/raw/edge-collected-gunshot-audio/gunshot/738f379b-fe71-4aea-a680-1f95dff38ef1_chan6_v0.wav","edge-collected-gunshot-audio","train","","True","True","True","wav","3.822","44100","Mono","32","1411200","658.48","2021-12-03 20:28:18"
"090f69a9-885c-45fb-a807-f2661aaeb165_mean_v0.wav","/C/gun_explosion_a0a388e0","[""/C/gun_explosion_a0a388e0""]","gun_explosion","[""gun_explosion""]","/home/andres/Documentos/proyecto4geeks/data/raw/edge-collected-gunshot-audio/gunshot/090f69a9-885c-45fb-a807-f2661aaeb165_mean_v0.wav","edge-collected-gunshot-audio","test","","True","True","True","wav","3.75","44100","Mono","32","1411200","646.05","2021-12-03 20:27:20"
"53bcb695-4358-46b3-9f96-d2d2a07bfb87_v0.wav","/C/gun_explosion_a0a388e0","[""/C/gun_explosion_a0a388e0""]","gun_explosion","[""gun_explosion""]","/home/andres/Documentos/proyecto4geeks/data/raw/edge-collected-gunshot-audio/gunshot/53bcb695-4358-46b3-9f96-d2d2a07bfb87_v0.wav","edge-collected-gunshot-audio","test","","True","True","True","wav","2.188","44100","Mono","32","1411200","376.99","2021-12-03 20:28:10"
"5f196719-60e8-4771-b3a1-62d26c577473_chan1_v0.wav","/C/gun_explosion_a0a388e0","[""/C/gun_explosion_a0a388e0""]","gun_explosion","[""gun_explosion""]","/home/andres/Documentos/proyecto4geeks/data/raw/edge-collected-gunshot-audio/gunshot/5f196719-60e8-4771-b3a1-62d26c577473_chan1_v0.wav","edge-collected-gunshot-audio","train","","True","True","True","wav","3.75","44100","Mono","32","1411200","646.05","2021-12-03 20:28:14"
"6377cc9f-b176-45cf-a9f9-4d3bcdcaa51c_chan0_v1.wav","/C/gun_explosion_a0a388e0","[""/C/gun_explosion_a0a388e0""]","gun_explosion","[""gun_explosion""]","/home/andres/Documentos/proyecto4geeks/data/raw/edge-collected-gunshot-audio/gunshot/6377cc9f-b176-45cf-a9f9-4d3bcdcaa51c_chan0_v1.wav","edge-collected-gunshot-audio","train","","True","True","True","wav","4.742","44100","Mono","32","1411200","816.96","2021-12-03 20:27:02"
"3c7089ad-a3ef-4159-b45c-a57cc64fa254_chan0_v0.wav","/C/gun_explosion_a0a388e0","[""/C/gun_explosion_a0a388e0""]","gun_explosion","[""gun_explosion""]","/home/andres/Documentos/proyecto4geeks/data/raw/edge-collected-gunshot-audio/gunshot/3c7089ad-a3ef-4159-b45c-a57cc64fa254_chan0_v0.wav","edge-collected-gunshot-audio","train","","True","True","True","wav","3.75","44100","Mono","32","1411200","646.05","2021-12-03 20:27:26"
"4f323e9a-51e4-406a-a459-f1244a4280ea_chan2_v0.wav","/C/gun_explosion_a0a388e0","[""/C/gun_explosion_a0a388e0""]","gun_explosion","[""gun_explosion""]","/home/andres/Documentos/proyecto4geeks/data/raw/edge-collected-gunshot-audio/gunshot/4f323e9a-51e4-406a-a459-f1244a4280ea_chan2_v0.wav","edge-collected-gunshot-audio","train","","True","True","True","wav","3.822","44100","Mono","32","1411200","658.54","2021-12-03 20:28:10"
"579f58f1-7926-4419-93a8-a767a7d388d4_v1.wav","/C/gun_explosion_a0a388e0","[""/C/gun_explosion_a0a388e0""]","gun_explosion","[""gun_explosion""]","/home/andres/Documentos/proyecto4geeks/data/raw/edge-collected-gunshot-audio/gunshot/579f58f1-7926-4419-93a8-a767a7d388d4_v1.wav","edge-collected-gunshot-audio","train","","True","True","True","wav","3.75","44100","Mono","32","1411200","646.05","2021-12-03 20:27:00"
"eafb4d3c-bf69-49de-92fb-436003c27742_chan6_v0.wav","/C/gun_explosion_a0a388e0","[""/C/gun_explosion_a0a388e0""]","gun_explosion","[""gun_explosion""]","/home/andres/Documentos/proyecto4geeks/data/raw/edge-collected-gunshot-audio/gunshot/eafb4d3c-bf69-49de-92fb-436003c27742_chan6_v0.wav","edge-collected-gunshot-audio","train","","True","True","True","wav","3.75","44100","Mono","32","1411200","646.05","2021-12-03 20:28:38"
"e3223836-7826-4d8d-80df-51071b52c15a_chan6_v0.wav","/C/gun_explosion_a0a388e0","[""/C/gun_explosion_a0a388e0""]","gun_explosion","[""gun_explosion""]","/home/andres/Documentos/proyecto4geeks/data/raw/edge-collected-gunshot-audio/gunshot/e3223836-7826-4d8d-80df-51071b52c15a_chan6_v0.wav","edge-collected-gunshot-audio","train","","True","True","True","wav","3.75","44100","Mono","32","1411200","646.05","2021-12-03 20:28:38"
"ea3ba9e7-1b6a-4ba1-afff-bc3543d9a61d_chan0_v0.wav","/C/gun_explosion_a0a388e0","[""/C/gun_explosion_a0a388e0""]","gun_explosion","[""gun_explosion""]","/home/andres/Documentos/proyecto4geeks/data/raw/edge-collected-gunshot-audio/gunshot/ea3ba9e7-1b6a-4ba1-afff-bc3543d9a61d_chan0_v0.wav","edge-collected-gunshot-audio","train","","True","True","True","wav","3.75","44100","Mono","32","1411200","646.05","2021-12-03 20:28:38"
"0ee22b7f-3840-4f8a-8b28-031e6bba5d81_chan2_v0.wav","/C/gun_explosion_a0a388e0","[""/C/gun_explosion_a0a388e0""]","gun_explosion","[""gun_explosion""]","/home/andres/Documentos/proyecto4geeks/data/raw/edge-collected-gunshot-audio/gunshot/0ee22b7f-3840-4f8a-8b28-031e6bba5d81_chan2_v0.wav","edge-collected-gunshot-audio","train","","True","True","True","wav","11.187","44100","Mono","32","1411200","1927.15","2021-12-03 20:27:58"
"f96e1f88-c321-4c29-98f4-1f61882c72e2_mean_v0.wav","/C/gun_explosion_a0a388e0","[""/C/gun_explosion_a0a388e0""]","gun_explosion","[""gun_explosion""]","/home/andres/Documentos/proyecto4geeks/data/raw/edge-collected-gunshot-audio/gunshot/f96e1f88-c321-4c29-98f4-1f61882c72e2_mean_v0.wav","edge-collected-gunshot-audio","test","","True","True","True","wav","7.922","44100","Mono","32","1411200","1364.66","2021-12-03 20:27:14"
"1298fc2a-4470-4cbd-a8c7-8c6e103d7c4f_chan5_v0.wav","/C/gun_explosion_a0a388e0","[""/C/gun_explosion_a0a388e0""]","gun_explosion","[""gun_explosion""]","/home/andres/Documentos/proyecto4geeks/data/raw/edge-collected-gunshot-audio/gunshot/1298fc2a-4470-4cbd-a8c7-8c6e103d7c4f_chan5_v0.wav","edge-collected-gunshot-audio","train","","True","True","True","wav","3.75","44100","Mono","32","1411200","646.05","2021-12-03 20:28:00"
"be57f8ab-9cf3-4528-bd35-c810f2444baf_chan4_v0.wav","/C/gun_explosion_a0a388e0","[""/C/gun_explosion_a0a388e0""]","gun_explosion","[""gun_explosion""]","/home/andres/Documentos/proyecto4geeks/data/raw/edge-collected-gunshot-audio/gunshot/be57f8ab-9cf3-4528-bd35-c810f2444baf_chan4_v0.wav","edge-collected-gunshot-audio","test","","True","True","True","wav","4.0","44100","Mono","32","1411200","689.19","2021-12-03 20:28:32"
"915c67a7-82af-476d-8fa6-e321c891e669_chan5_v0.wav","/C/gun_explosion_a0a388e0","[""/C/gun_explosion_a0a388e0""]","gun_explosion","[""gun_explosion""]","/home/andres/Documentos/proyecto4geeks/data/raw/edge-collected-gunshot-audio/gunshot/915c67a7-82af-476d-8fa6-e321c891e669_chan5_v0.wav","edge-collected-gunshot-audio","train","","True","True","True","wav","3.669","44100","Mono","32","1411200","632.09","2021-12-03 20:29:06"
"4f323e9a-51e4-406a-a459-f1244a4280ea_chan0_v0.wav","/C/gun_explosion_a0a388e0","[""/C/gun_explosion_a0a388e0""]","gun_explosion","[""gun_explosion""]","/home/andres/Documentos/proyecto4geeks/data/raw/edge-collected-gunshot-audio/gunshot/4f323e9a-51e4-406a-a459-f1244a4280ea_chan0_v0.wav","edge-collected-gunshot-audio","train","","True","True","True","wav","3.823","44100","Mono","32","1411200","658.54","2021-12-03 20:28:10"
"5b4f210f-8dab-4ec7-9ae1-8f786c21b4a1_chan4_v0.wav","/C/gun_explosion_a0a388e0","[""/C/gun_explosion_a0a388e0""]","gun_explosion","[""gun_explosion""]","/home/andres/Documentos/proyecto4geeks/data/raw/edge-collected-gunshot-audio/gunshot/5b4f210f-8dab-4ec7-9ae1-8f786c21b4a1_chan4_v0.wav","edge-collected-gunshot-audio","train","","True","True","True","wav","5.405","44100","Mono","32","1411200","931.1","2021-12-03 20:27:30"
"77ac463c-098c-484a-8394-66285cc161a4_chan4_v0.wav","/C/gun_explosion_a0a388e0","[""/C/gun_explosion_a0a388e0""]","gun_explosion","[""gun_explosion""]","/home/andres/Documentos/proyecto4geeks/data/raw/edge-collected-gunshot-audio/gunshot/77ac463c-098c-484a-8394-66285cc161a4_chan4_v0.wav","edge-collected-gunshot-audio","train","","True","True","True","wav","3.75","44100","Mono","32","1411200","646.05","2021-12-03 20:27:04"
"1ad661e0-c668-444f-846e-53b74fd3b800_chan4_v0.wav","/C/gun_explosion_a0a388e0","[""/C/gun_explosion_a0a388e0""]","gun_explosion","[""gun_explosion""]","/home/andres/Documentos/proyecto4geeks/data/raw/edge-collected-gunshot-audio/gunshot/1ad661e0-c668-444f-846e-53b74fd3b800_chan4_v0.wav","edge-collected-gunshot-audio","test","","True","True","True","wav","2.374","44100","Mono","32","1411200","409.01","2021-12-03 20:26:52"
"1f9f6134-5a65-4c68-918d-e37ea70068cb_v3.wav","/C/gun_explosion_a0a388e0","[""/C/gun_explosion_a0a388e0""]","gun_explosion","[""gun_explosion""]","/home/andres/Documentos/proyecto4geeks/data/raw/edge-collected-gunshot-audio/gunshot/1f9f6134-5a65-4c68-918d-e37ea70068cb_v3.wav","edge-collected-gunshot-audio","test","","True","True","True","wav","3.75","44100","Mono","32","1411200","646.05","2021-12-03 20:28:46"
"b062cdec-dadb-4d22-b488-217077906b77_v1.wav","/C/gun_explosion_a0a388e0","[""/C/gun_explosion_a0a388e0""]","gun_explosion","[""gun_explosion""]","/home/andres/Documentos/proyecto4geeks/data/raw/edge-collected-gunshot-audio/gunshot/b062cdec-dadb-4d22-b488-217077906b77_v1.wav","edge-collected-gunshot-audio","train","","True","True","True","wav","2.0","44100","Mono","32","1411200","344.59","2021-12-03 20:27:08"
"backup_7c25238e-3006-484d-ba63-9b2bf0ca18f1__v1.wav","/C/gun_explosion_a0a388e0","[""/C/gun_explosion_a0a388e0""]","gun_explosion","[""gun_explosion""]","/home/andres/Documentos/proyecto4geeks/data/raw/edge-collected-gunshot-audio/gunshot/backup_7c25238e-3006-484d-ba63-9b2bf0ca18f1__v1.wav","edge-collected-gunshot-audio","test","","True","True","True","wav","5.454","44100","Mono","32","1411200","939.68","2021-12-03 20:28:30"
"e074e5f5-465f-433f-a15d-ac6512ec1de2_chan1_v0.wav","/C/gun_explosion_a0a388e0","[""/C/gun_explosion_a0a388e0""]","gun_explosion","[""gun_explosion""]","/home/andres/Documentos/proyecto4geeks/data/raw/edge-collected-gunshot-audio/gunshot/e074e5f5-465f-433f-a15d-ac6512ec1de2_chan1_v0.wav","edge-collected-gunshot-audio","train","","True","True","True","wav","5.875","44100","Mono","32","1411200","1012.19","2021-12-03 20:28:36"
"1c640d36-5831-494f-9707-4f02debe6a68_v4.wav","/C/gun_explosion_a0a388e0","[""/C/gun_explosion_a0a388e0""]","gun_explosion","[""gun_explosion""]","/home/andres/Documentos/proyecto4geeks/data/raw/edge-collected-gunshot-audio/gunshot/1c640d36-5831-494f-9707-4f02debe6a68_v4.wav","edge-collected-gunshot-audio","train","","True","True","True","wav","3.75","44100","Mono","32","1411200","646.05","2021-12-03 20:28:46"
"affc7396-c98b-45d9-99e3-791fb00b3efe_chan1_v1.wav","/C/gun_explosion_a0a388e0","[""/C/gun_explosion_a0a388e0""]","gun_explosion","[""gun_explosion""]","/home/andres/Documentos/proyecto4geeks/data/raw/edge-collected-gunshot-audio/gunshot/affc7396-c98b-45d9-99e3-791fb00b3efe_chan1_v1.wav","edge-collected-gunshot-audio","train","","True","True","True","wav","3.946","44100","Mono","32","1411200","679.76","2021-12-03 20:29:14"
"df9c8055-a6c4-483e-ac29-6da128a2cb18_v3.wav","/C/gun_explosion_a0a388e0","[""/C/gun_explosion_a0a388e0""]","gun_explosion","[""gun_explosion""]","/home/andres/Documentos/proyecto4geeks/data/raw/edge-collected-gunshot-audio/gunshot/df9c8055-a6c4-483e-ac29-6da128a2cb18_v3.wav","edge-collected-gunshot-audio","train","","True","True","True","wav","3.75","44100","Mono","32","1411200","646.05","2021-12-03 20:27:48"
"a264a706-edd4-436d-a0d4-ccb64421bdd7_mean_v0.wav","/C/gun_explosion_a0a388e0","[""/C/gun_explosion_a0a388e0""]","gun_explosion","[""gun_explosion""]","/home/andres/Documentos/proyecto4geeks/data/raw/edge-collected-gunshot-audio/gunshot/a264a706-edd4-436d-a0d4-ccb64421bdd7_mean_v0.wav","edge-collected-gunshot-audio","train","","True","True","True","wav","2.817","44100","Mono","32","1411200","485.33","2021-12-03 20:28:26"
"44909f1f-a85b-4743-aba0-69f9861e1a95_v0.wav","/C/gun_explosion_a0a388e0","[""/C/gun_explosion_a0a388e0""]","gun_explosion","[""gun_explosion""]","/home/andres/Documentos/proyecto4geeks/data/raw/edge-collected-gunshot-audio/gunshot/44909f1f-a85b-4743-aba0-69f9861e1a95_v0.wav","edge-collected-gunshot-audio","train","","True","True","True","wav","4.959","44100","Mono","32","1411200","854.35","2021-12-03 20:28:08"
"1a6c051f-185a-479c-957b-55259fcbf287_chan1_v0.wav","/C/gun_explosion_a0a388e0","[""/C/gun_explosion_a0a388e0""]","gun_explosion","[""gun_explosion""]","/home/andres/Documentos/proyecto4geeks/data/raw/edge-collected-gunshot-audio/gunshot/1a6c051f-185a-479c-957b-55259fcbf287_chan1_v0.wav","edge-collected-gunshot-audio","train","","True","True","True","wav","5.938","44100","Mono","32","1411200","1022.95","2021-12-03 20:26:52"
"09852d76-8a70-4330-9fe6-eb77961c2f4d_v0.wav","/C/gun_explosion_a0a388e0","[""/C/gun_explosion_a0a388e0""]","gun_explosion","[""gun_explosion""]","/home/andres/Documentos/proyecto4geeks/data/raw/edge-collected-gunshot-audio/gunshot/09852d76-8a70-4330-9fe6-eb77961c2f4d_v0.wav","edge-collected-gunshot-audio","train","","True","True","True","wav","3.75","44100","Mono","32","1411200","646.05","2021-12-03 20:27:20"
"9702cac6-fa8d-423e-8c55-c3a2cba43a80_chan6_v0.wav","/C/gun_explosion_a0a388e0","[""/C/gun_explosion_a0a388e0""]","gun_explosion","[""gun_explosion""]","/home/andres/Documentos/proyecto4geeks/data/raw/edge-collected-gunshot-audio/gunshot/9702cac6-fa8d-423e-8c55-c3a2cba43a80_chan6_v0.wav","edge-collected-gunshot-audio","train","","True","True","True","wav","4.808","44100","Mono","32","1411200","828.23","2021-12-03 20:29:08"
"5c46db15-509e-43fe-8fde-038b055eb91c_chan1_v0.wav","/C/gun_explosion_a0a388e0","[""/C/gun_explosion_a0a388e0""]","gun_explosion","[""gun_explosion""]","/home/andres/Documentos/proyecto4geeks/data/raw/edge-collected-gunshot-audio/gunshot/5c46db15-509e-43fe-8fde-038b055eb91c_chan1_v0.wav","edge-collected-gunshot-audio","train","","True","True","True","wav","3.75","44100","Mono","32","1411200","646.05","2021-12-03 20:27:00"
"32fa2ea1-e672-4404-a9be-acf8f37607da_v3.wav","/C/gun_explosion_a0a388e0","[""/C/gun_explosion_a0a388e0""]","gun_explosion","[""gun_explosion""]","/home/andres/Documentos/proyecto4geeks/data/raw/edge-collected-gunshot-audio/gunshot/32fa2ea1-e672-4404-a9be-acf8f37607da_v3.wav","edge-collected-gunshot-audio","train","","True","True","True","wav","3.75","44100","Mono","32","1411200","646.05","2021-12-03 20:26:56"
"79e3a045-8093-4614-9ea1-ad5643d61a1e_chan3_v0.wav","/C/gun_explosion_a0a388e0","[""/C/gun_explosion_a0a388e0""]","gun_explosion","[""gun_explosion""]","/home/andres/Documentos/proyecto4geeks/data/raw/edge-collected-gunshot-audio/gunshot/79e3a045-8093-4614-9ea1-ad5643d61a1e_chan3_v0.wav","edge-collected-gunshot-audio","test","","True","True","True","wav","3.308","44100","Mono","32","1411200","569.83","2021-12-03 20:27:32"
"1dac4c78-7a4f-42f8-8323-d2235ecaf7ac_v0.wav","/C/gun_explosion_a0a388e0","[""/C/gun_explosion_a0a388e0""]","gun_explosion","[""gun_explosion""]","/home/andres/Documentos/proyecto4geeks/data/raw/edge-collected-gunshot-audio/gunshot/1dac4c78-7a4f-42f8-8323-d2235ecaf7ac_v0.wav","edge-collected-gunshot-audio","train","","True","True","True","wav","7.14","44100","Mono","32","1411200","1230.11","2021-12-03 20:28:02"
"22ed4ab2-febd-4d74-9777-ea4f8c6469ae_chan3_v1.wav","/C/gun_explosion_a0a388e0","[""/C/gun_explosion_a0a388e0""]","gun_explosion","[""gun_explosion""]","/home/andres/Documentos/proyecto4geeks/data/raw/edge-collected-gunshot-audio/gunshot/22ed4ab2-febd-4d74-9777-ea4f8c6469ae_chan3_v1.wav","edge-collected-gunshot-audio","train","","True","True","True","wav","3.75","44100","Mono","32","1411200","646.05","2021-12-03 20:28:02"
"cca01172-b8e7-47a2-9312-e543f925c811_v0.wav","/C/gun_explosion_a0a388e0","[""/C/gun_explosion_a0a388e0""]","gun_explosion","[""gun_explosion""]","/home/andres/Documentos/proyecto4geeks/data/raw/edge-collected-gunshot-audio/gunshot/cca01172-b8e7-47a2-9312-e543f925c811_v0.wav","edge-collected-gunshot-audio","train","","True","True","True","wav","4.413","44100","Mono","32","1411200","760.29","2021-12-03 20:28:32"
"ae23cb87-9e7d-4d2c-8090-ce305213ec24_v0.wav","/C/gun_explosion_a0a388e0","[""/C/gun_explosion_a0a388e0""]","gun_explosion","[""gun_explosion""]","/home/andres/Documentos/proyecto4geeks/data/raw/edge-collected-gunshot-audio/gunshot/ae23cb87-9e7d-4d2c-8090-ce305213ec24_v0.wav","edge-collected-gunshot-audio","test","","True","True","True","wav","8.614","44100","Mono","32","1411200","1483.92","2021-12-03 20:27:08"
"063b74d6-eb05-437e-b767-14a3248cd10c_chan5_v0.wav","/C/gun_explosion_a0a388e0","[""/C/gun_explosion_a0a388e0""]","gun_explosion","[""gun_explosion""]","/home/andres/Documentos/proyecto4geeks/data/raw/edge-collected-gunshot-audio/gunshot/063b74d6-eb05-437e-b767-14a3248cd10c_chan5_v0.wav","edge-collected-gunshot-audio","train","","True","True","True","wav","2.555","44100","Mono","32","1411200","440.17","2021-12-03 20:26:48"
"e3e99cf2-0bf9-4ad1-bcba-a7cef98444a5_v0.wav","/C/gun_explosion_a0a388e0","[""/C/gun_explosion_a0a388e0""]","gun_explosion","[""gun_explosion""]","/home/andres/Documentos/proyecto4geeks/data/raw/edge-collected-gunshot-audio/gunshot/e3e99cf2-0bf9-4ad1-bcba-a7cef98444a5_v0.wav","edge-collected-gunshot-audio","train","","True","True","True","wav","3.75","44100","Mono","32","1411200","646.05","2021-12-03 20:27:50"
"0a07b229-7d2b-4d2b-8f32-c94cbc7b1487_chan5_v1.wav","/C/gun_explosion_a0a388e0","[""/C/gun_explosion_a0a388e0""]","gun_explosion","[""gun_explosion""]","/home/andres/Documentos/proyecto4geeks/data/raw/edge-collected-gunshot-audio/gunshot/0a07b229-7d2b-4d2b-8f32-c94cbc7b1487_chan5_v1.wav","edge-collected-gunshot-audio","train","","True","True","True","wav","3.75","44100","Mono","32","1411200","646.05","2021-12-03 20:26:50"
"79e3a045-8093-4614-9ea1-ad5643d61a1e_chan4_v0.wav","/C/gun_explosion_a0a388e0","[""/C/gun_explosion_a0a388e0""]","gun_explosion","[""gun_explosion""]","/home/andres/Documentos/proyecto4geeks/data/raw/edge-collected-gunshot-audio/gunshot/79e3a045-8093-4614-9ea1-ad5643d61a1e_chan4_v0.wav","edge-collected-gunshot-audio","test","","True","True","True","wav","3.308","44100","Mono","32","1411200","569.83","2021-12-03 20:27:32"
"e0b5c3ba-b47b-49ff-a727-5946c108798c_mean_v0.wav","/C/gun_explosion_a0a388e0","[""/C/gun_explosion_a0a388e0""]","gun_explosion","[""gun_explosion""]","/home/andres/Documentos/proyecto4geeks/data/raw/edge-collected-gunshot-audio/gunshot/e0b5c3ba-b47b-49ff-a727-5946c108798c_mean_v0.wav","edge-collected-gunshot-audio","train","","True","True","True","wav","5.74","44100","Mono","32","1411200","988.86","2021-12-03 20:29:24"
"814dbe25-dbb4-4e80-b032-b6b23916a92a_chan6_v0.wav","/C/gun_explosion_a0a388e0","[""/C/gun_explosion_a0a388e0""]","gun_explosion","[""gun_explosion""]","/home/andres/Documentos/proyecto4geeks/data/raw/edge-collected-gunshot-audio/gunshot/814dbe25-dbb4-4e80-b032-b6b23916a92a_chan6_v0.wav","edge-collected-gunshot-audio","train","","True","True","True","wav","5.553","44100","Mono","32","1411200","956.64","2021-12-03 20:27:34"
"0a07b229-7d2b-4d2b-8f32-c94cbc7b1487_chan4_v1.wav","/C/gun_explosion_a0a388e0","[""/C/gun_explosion_a0a388e0""]","gun_explosion","[""gun_explosion""]","/home/andres/Documentos/proyecto4geeks/data/raw/edge-collected-gunshot-audio/gunshot/0a07b229-7d2b-4d2b-8f32-c94cbc7b1487_chan4_v1.wav","edge-collected-gunshot-audio","train","","True","True","True","wav","3.75","44100","Mono","32","1411200","646.05","2021-12-03 20:26:48"
"2e743d86-86f3-4ee6-8e8d-20618a383433_mean_v0.wav","/C/gun_explosion_a0a388e0","[""/C/gun_explosion_a0a388e0""]","gun_explosion","[""gun_explosion""]","/home/andres/Documentos/proyecto4geeks/data/raw/edge-collected-gunshot-audio/gunshot/2e743d86-86f3-4ee6-8e8d-20618a383433_mean_v0.wav","edge-collected-gunshot-audio","train","","True","True","True","wav","11.75","44100","Mono","32","1411200","2024.18","2021-12-03 20:28:04"
"24603734-c6d4-4ffb-9582-2b9233eff9f7_v0.wav","/C/gun_explosion_a0a388e0","[""/C/gun_explosion_a0a388e0""]","gun_explosion","[""gun_explosion""]","/home/andres/Documentos/proyecto4geeks/data/raw/edge-collected-gunshot-audio/gunshot/24603734-c6d4-4ffb-9582-2b9233eff9f7_v0.wav","edge-collected-gunshot-audio","train","","True","True","True","wav","3.75","44100","Mono","32","1411200","646.05","2021-12-03 20:27:24"
"cc00e8d8-6add-4bed-a0b4-65988e438021_chan5_v0.wav","/C/gun_explosion_a0a388e0","[""/C/gun_explosion_a0a388e0""]","gun_explosion","[""gun_explosion""]","/home/andres/Documentos/proyecto4geeks/data/raw/edge-collected-gunshot-audio/gunshot/cc00e8d8-6add-4bed-a0b4-65988e438021_chan5_v0.wav","edge-collected-gunshot-audio","train","","True","True","True","wav","5.34","44100","Mono","32","1411200","919.91","2021-12-03 20:27:44"
"79a5a0ea-2fea-4b3e-9b5b-ef8689b9cacb_chan1_v1.wav","/C/gun_explosion_a0a388e0","[""/C/gun_explosion_a0a388e0""]","gun_explosion","[""gun_explosion""]","/home/andres/Documentos/proyecto4geeks/data/raw/edge-collected-gunshot-audio/gunshot/79a5a0ea-2fea-4b3e-9b5b-ef8689b9cacb_chan1_v1.wav","edge-collected-gunshot-audio","train","","True","True","True","wav","5.333","44100","Mono","32","1411200","918.68","2021-12-03 20:29:00"
"acf24fae-0755-4bf6-8bf9-0440585c5b15_chan3_v0.wav","/C/gun_explosion_a0a388e0","[""/C/gun_explosion_a0a388e0""]","gun_explosion","[""gun_explosion""]","/home/andres/Documentos/proyecto4geeks/data/raw/edge-collected-gunshot-audio/gunshot/acf24fae-0755-4bf6-8bf9-0440585c5b15_chan3_v0.wav","edge-collected-gunshot-audio","train","","True","True","True","wav","4.188","44100","Mono","32","1411200","721.58","2021-12-03 20:28:28"
"9702cac6-fa8d-423e-8c55-c3a2cba43a80_chan0_v0.wav","/C/gun_explosion_a0a388e0","[""/C/gun_explosion_a0a388e0""]","gun_explosion","[""gun_explosion""]","/home/andres/Documentos/proyecto4geeks/data/raw/edge-collected-gunshot-audio/gunshot/9702cac6-fa8d-423e-8c55-c3a2cba43a80_chan0_v0.wav","edge-collected-gunshot-audio","train","","True","True","True","wav","5.021","44100","Mono","32","1411200","865.08","2021-12-03 20:29:06"
"6dc43274-f165-4c33-bb93-1c0657570f5d_v0.wav","/C/gun_explosion_a0a388e0","[""/C/gun_explosion_a0a388e0""]","gun_explosion","[""gun_explosion""]","/home/andres/Documentos/proyecto4geeks/data/raw/edge-collected-gunshot-audio/gunshot/6dc43274-f165-4c33-bb93-1c0657570f5d_v0.wav","edge-collected-gunshot-audio","train","","True","True","True","wav","6.253","44100","Mono","32","1411200","1077.29","2021-12-03 20:27:02"
"c0b2e1a0-0ad1-485b-9df8-af37612ac034_chan4_v2.wav","/C/gun_explosion_a0a388e0","[""/C/gun_explosion_a0a388e0""]","gun_explosion","[""gun_explosion""]","/home/andres/Documentos/proyecto4geeks/data/raw/edge-collected-gunshot-audio/gunshot/c0b2e1a0-0ad1-485b-9df8-af37612ac034_chan4_v2.wav","edge-collected-gunshot-audio","train","","True","True","True","wav","3.75","44100","Mono","32","1411200","646.05","2021-12-03 20:27:42"
"4dde8c51-f8a3-45ce-9822-819d696ae966_chan3_v0.wav","/C/gun_explosion_a0a388e0","[""/C/gun_explosion_a0a388e0""]","gun_explosion","[""gun_explosion""]","/home/andres/Documentos/proyecto4geeks/data/raw/edge-collected-gunshot-audio/gunshot/4dde8c51-f8a3-45ce-9822-819d696ae966_chan3_v0.wav","edge-collected-gunshot-audio","train","","True","True","True","wav","2.943","44100","Mono","32","1411200","506.99","2021-12-03 20:28:10"
"9cd245a4-21db-41ab-98e4-0a18f0456e71_chan4_v0.wav","/C/gun_explosion_a0a388e0","[""/C/gun_explosion_a0a388e0""]","gun_explosion","[""gun_explosion""]","/home/andres/Documentos/proyecto4geeks/data/raw/edge-collected-gunshot-audio/gunshot/9cd245a4-21db-41ab-98e4-0a18f0456e71_chan4_v0.wav","edge-collected-gunshot-audio","test","","True","True","True","wav","3.319","44100","Mono","32","1411200","571.89","2021-12-03 20:28:24"
"d93deacb-1480-45e5-a92b-eb1988fbfd8d_chan5_v0.wav","/C/gun_explosion_a0a388e0","[""/C/gun_explosion_a0a388e0""]","gun_explosion","[""gun_explosion""]","/home/andres/Documentos/proyecto4geeks/data/raw/edge-collected-gunshot-audio/gunshot/d93deacb-1480-45e5-a92b-eb1988fbfd8d_chan5_v0.wav","edge-collected-gunshot-audio","train","","True","True","True","wav","3.75","44100","Mono","32","1411200","646.05","2021-12-03 20:27:48"
"79c04fcc-da8d-4250-927b-9747b4f4354c_chan2_v0.wav","/C/gun_explosion_a0a388e0","[""/C/gun_explosion_a0a388e0""]","gun_explosion","[""gun_explosion""]","/home/andres/Documentos/proyecto4geeks/data/raw/edge-collected-gunshot-audio/gunshot/79c04fcc-da8d-4250-927b-9747b4f4354c_chan2_v0.wav","edge-collected-gunshot-audio","train","","True","True","True","wav","3.574","44100","Mono","32","1411200","615.65","2021-12-03 20:28:18"
"d60be857-2a00-49c0-9470-94a34b3de217_chan2_v0.wav","/C/gun_explosion_a0a388e0","[""/C/gun_explosion_a0a388e0""]","gun_explosion","[""gun_explosion""]","/home/andres/Documentos/proyecto4geeks/data/raw/edge-collected-gunshot-audio/gunshot/d60be857-2a00-49c0-9470-94a34b3de217_chan2_v0.wav","edge-collected-gunshot-audio","train","","True","True","True","wav","6.116","44100","Mono","32","1411200","1053.7","2021-12-03 20:29:20"
"83f9faea-4b8b-4b8f-be70-99eedb0f3ac9_chan4_v0.wav","/C/gun_explosion_a0a388e0","[""/C/gun_explosion_a0a388e0""]","gun_explosion","[""gun_explosion""]","/home/andres/Documentos/proyecto4geeks/data/raw/edge-collected-gunshot-audio/gunshot/83f9faea-4b8b-4b8f-be70-99eedb0f3ac9_chan4_v0.wav","edge-collected-gunshot-audio","test","","True","True","True","wav","3.594","44100","Mono","32","1411200","619.18","2021-12-03 20:28:20"
"9437417e-eb36-4ac3-9b94-e0729d3538ed_v0.wav","/C/gun_explosion_a0a388e0","[""/C/gun_explosion_a0a388e0""]","gun_explosion","[""gun_explosion""]","/home/andres/Documentos/proyecto4geeks/data/raw/edge-collected-gunshot-audio/gunshot/9437417e-eb36-4ac3-9b94-e0729d3538ed_v0.wav","edge-collected-gunshot-audio","train","","True","True","True","wav","5.48","44100","Mono","32","1411200","944.12","2021-12-03 20:27:36"
"c3e5c5da-6d44-4148-9769-559af37f1fe8_v0.wav","/C/gun_explosion_a0a388e0","[""/C/gun_explosion_a0a388e0""]","gun_explosion","[""gun_explosion""]","/home/andres/Documentos/proyecto4geeks/data/raw/edge-collected-gunshot-audio/gunshot/c3e5c5da-6d44-4148-9769-559af37f1fe8_v0.wav","edge-collected-gunshot-audio","train","","True","True","True","wav","5.067","44100","Mono","32","1411200","872.86","2021-12-03 20:28:32"
"7a4b953d-9527-4eee-a802-dd0000fcf6a3_v0.wav","/C/gun_explosion_a0a388e0","[""/C/gun_explosion_a0a388e0""]","gun_explosion","[""gun_explosion""]","/home/andres/Documentos/proyecto4geeks/data/raw/edge-collected-gunshot-audio/gunshot/7a4b953d-9527-4eee-a802-dd0000fcf6a3_v0.wav","edge-collected-gunshot-audio","test","","True","True","True","wav","9.381","44100","Mono","32","1411200","1616.14","2021-12-03 20:29:00"
"85c26437-2241-4b50-ae63-31f799d0e117_v1.wav","/C/gun_explosion_a0a388e0","[""/C/gun_explosion_a0a388e0""]","gun_explosion","[""gun_explosion""]","/home/andres/Documentos/proyecto4geeks/data/raw/edge-collected-gunshot-audio/gunshot/85c26437-2241-4b50-ae63-31f799d0e117_v1.wav","edge-collected-gunshot-audio","train","","True","True","True","wav","5.752","44100","Mono","32","1411200","990.89","2021-12-03 20:27:04"
"e782f1a4-8cbd-4335-a97e-d90e744de9f7_chan6_v0.wav","/C/gun_explosion_a0a388e0","[""/C/gun_explosion_a0a388e0""]","gun_explosion","[""gun_explosion""]","/home/andres/Documentos/proyecto4geeks/data/raw/edge-collected-gunshot-audio/gunshot/e782f1a4-8cbd-4335-a97e-d90e744de9f7_chan6_v0.wav","edge-collected-gunshot-audio","train","","True","True","True","wav","4.937","44100","Mono","32","1411200","850.48","2021-12-03 20:29:26"
"5c46db15-509e-43fe-8fde-038b055eb91c_chan4_v0.wav","/C/gun_explosion_a0a388e0","[""/C/gun_explosion_a0a388e0""]","gun_explosion","[""gun_explosion""]","/home/andres/Documentos/proyecto4geeks/data/raw/edge-collected-gunshot-audio/gunshot/5c46db15-509e-43fe-8fde-038b055eb91c_chan4_v0.wav","edge-collected-gunshot-audio","train","","True","True","True","wav","3.75","44100","Mono","32","1411200","646.05","2021-12-03 20:27:00"
"5ec1b4c4-e9bb-4e83-a69f-c71e322cd656_chan2_v0.wav","/C/gun_explosion_a0a388e0","[""/C/gun_explosion_a0a388e0""]","gun_explosion","[""gun_explosion""]","/home/andres/Documentos/proyecto4geeks/data/raw/edge-collected-gunshot-audio/gunshot/5ec1b4c4-e9bb-4e83-a69f-c71e322cd656_chan2_v0.wav","edge-collected-gunshot-audio","test","","True","True","True","wav","11.225","44100","Mono","32","1411200","1933.79","2021-12-03 20:28:14"
"c0b2e1a0-0ad1-485b-9df8-af37612ac034_chan6_v2.wav","/C/gun_explosion_a0a388e0","[""/C/gun_explosion_a0a388e0""]","gun_explosion","[""gun_explosion""]","/home/andres/Documentos/proyecto4geeks/data/raw/edge-collected-gunshot-audio/gunshot/c0b2e1a0-0ad1-485b-9df8-af37612ac034_chan6_v2.wav","edge-collected-gunshot-audio","train","","True","True","True","wav","3.75","44100","Mono","32","1411200","646.05","2021-12-03 20:27:42"
"35130728-b7b6-49ed-8201-a42434ab911d_chan0_v0.wav","/C/gun_explosion_a0a388e0","[""/C/gun_explosion_a0a388e0""]","gun_explosion","[""gun_explosion""]","/home/andres/Documentos/proyecto4geeks/data/raw/edge-collected-gunshot-audio/gunshot/35130728-b7b6-49ed-8201-a42434ab911d_chan0_v0.wav","edge-collected-gunshot-audio","test","","True","True","True","wav","5.406","44100","Mono","32","1411200","931.28","2021-12-03 20:27:24"
"b6b54c4a-e6b0-487e-b476-25dc131d0607_chan4_v0.wav","/C/gun_explosion_a0a388e0","[""/C/gun_explosion_a0a388e0""]","gun_explosion","[""gun_explosion""]","/home/andres/Documentos/proyecto4geeks/data/raw/edge-collected-gunshot-audio/gunshot/b6b54c4a-e6b0-487e-b476-25dc131d0607_chan4_v0.wav","edge-collected-gunshot-audio","test","","True","True","True","wav","3.75","44100","Mono","32","1411200","646.05","2021-12-03 20:29:16"
"81b21b3c-70a1-4202-918f-3d896278d405_chan3_v0.wav","/C/gun_explosion_a0a388e0","[""/C/gun_explosion_a0a388e0""]","gun_explosion","[""gun_explosion""]","/home/andres/Documentos/proyecto4geeks/data/raw/edge-collected-gunshot-audio/gunshot/81b21b3c-70a1-4202-918f-3d896278d405_chan3_v0.wav","edge-collected-gunshot-audio","train","","True","True","True","wav","5.074","44100","Mono","32","1411200","874.05","2021-12-03 20:29:02"
"9a7f2d4b-5bf1-46f4-bcbc-56b1c8c067c1_chan0_v0.wav","/C/gun_explosion_a0a388e0","[""/C/gun_explosion_a0a388e0""]","gun_explosion","[""gun_explosion""]","/home/andres/Documentos/proyecto4geeks/data/raw/edge-collected-gunshot-audio/gunshot/9a7f2d4b-5bf1-46f4-bcbc-56b1c8c067c1_chan0_v0.wav","edge-collected-gunshot-audio","train","","True","True","True","wav","2.158","44100","Mono","32","1411200","371.86","2021-12-03 20:29:08"
"e509bc91-85b5-43cf-9b71-3335089bee0a_chan5_v0.wav","/C/gun_explosion_a0a388e0","[""/C/gun_explosion_a0a388e0""]","gun_explosion","[""gun_explosion""]","/home/andres/Documentos/proyecto4geeks/data/raw/edge-collected-gunshot-audio/gunshot/e509bc91-85b5-43cf-9b71-3335089bee0a_chan5_v0.wav","edge-collected-gunshot-audio","train","","True","True","True","wav","3.368","44100","Mono","32","1411200","580.29","2021-12-03 20:27:12"
"56fe6fed-6bf0-475f-b660-770535298f86_v2.wav","/C/gun_explosion_a0a388e0","[""/C/gun_explosion_a0a388e0""]","gun_explosion","[""gun_explosion""]","/home/andres/Documentos/proyecto4geeks/data/raw/edge-collected-gunshot-audio/gunshot/56fe6fed-6bf0-475f-b660-770535298f86_v2.wav","edge-collected-gunshot-audio","train","","True","True","True","wav","3.75","44100","Mono","32","1411200","646.05","2021-12-03 20:27:28"
"8af2c7a4-73b8-4149-805d-e8632e0c9e3c_chan1_v0.wav","/C/gun_explosion_a0a388e0","[""/C/gun_explosion_a0a388e0""]","gun_explosion","[""gun_explosion""]","/home/andres/Documentos/proyecto4geeks/data/raw/edge-collected-gunshot-audio/gunshot/8af2c7a4-73b8-4149-805d-e8632e0c9e3c_chan1_v0.wav","edge-collected-gunshot-audio","train","","True","True","True","wav","2.64","44100","Mono","32","1411200","454.92","2021-12-03 20:28:20"
"3754edb6-7d4f-4432-820d-3829797748b7_chan2_v0.wav","/C/gun_explosion_a0a388e0","[""/C/gun_explosion_a0a388e0""]","gun_explosion","[""gun_explosion""]","/home/andres/Documentos/proyecto4geeks/data/raw/edge-collected-gunshot-audio/gunshot/3754edb6-7d4f-4432-820d-3829797748b7_chan2_v0.wav","edge-collected-gunshot-audio","test","","True","True","True","wav","2.143","44100","Mono","32","1411200","369.24","2021-12-03 20:26:56"
"c0b2e1a0-0ad1-485b-9df8-af37612ac034_mean_v0.wav","/C/gun_explosion_a0a388e0","[""/C/gun_explosion_a0a388e0""]","gun_explosion","[""gun_explosion""]","/home/andres/Documentos/proyecto4geeks/data/raw/edge-collected-gunshot-audio/gunshot/c0b2e1a0-0ad1-485b-9df8-af37612ac034_mean_v0.wav","edge-collected-gunshot-audio","train","","True","True","True","wav","3.75","44100","Mono","32","1411200","646.05","2021-12-03 20:27:42"
"e074e5f5-465f-433f-a15d-ac6512ec1de2_mean_v0.wav","/C/gun_explosion_a0a388e0","[""/C/gun_explosion_a0a388e0""]","gun_explosion","[""gun_explosion""]","/home/andres/Documentos/proyecto4geeks/data/raw/edge-collected-gunshot-audio/gunshot/e074e5f5-465f-433f-a15d-ac6512ec1de2_mean_v0.wav","edge-collected-gunshot-audio","train","","True","True","True","wav","5.87","44100","Mono","32","1411200","1011.29","2021-12-03 20:28:36"
"7b2c5211-c425-4a2d-9989-f8d1946d2187_chan3_v0.wav","/C/gun_explosion_a0a388e0","[""/C/gun_explosion_a0a388e0""]","gun_explosion","[""gun_explosion""]","/home/andres/Documentos/proyecto4geeks/data/raw/edge-collected-gunshot-audio/gunshot/7b2c5211-c425-4a2d-9989-f8d1946d2187_chan3_v0.wav","edge-collected-gunshot-audio","test","","True","True","True","wav","2.389","44100","Mono","32","1411200","411.56","2021-12-03 20:28:20"
"3f294bc9-6278-4040-bbff-7547ca7ecde3_chan5_v0.wav","/C/gun_explosion_a0a388e0","[""/C/gun_explosion_a0a388e0""]","gun_explosion","[""gun_explosion""]","/home/andres/Documentos/proyecto4geeks/data/raw/edge-collected-gunshot-audio/gunshot/3f294bc9-6278-4040-bbff-7547ca7ecde3_chan5_v0.wav","edge-collected-gunshot-audio","train","","True","True","True","wav","4.553","44100","Mono","32","1411200","784.32","2021-12-03 20:28:52"
"2635ee28-ca23-48ab-abb1-ec263c623588_chan4_v0.wav","/C/gun_explosion_a0a388e0","[""/C/gun_explosion_a0a388e0""]","gun_explosion","[""gun_explosion""]","/home/andres/Documentos/proyecto4geeks/data/raw/edge-collected-gunshot-audio/gunshot/2635ee28-ca23-48ab-abb1-ec263c623588_chan4_v0.wav","edge-collected-gunshot-audio","train","","True","True","True","wav","4.567","44100","Mono","32","1411200","786.81","2021-12-03 20:28:48"
"6377cc9f-b176-45cf-a9f9-4d3bcdcaa51c_chan1_v0.wav","/C/gun_explosion_a0a388e0","[""/C/gun_explosion_a0a388e0""]","gun_explosion","[""gun_explosion""]","/home/andres/Documentos/proyecto4geeks/data/raw/edge-collected-gunshot-audio/gunshot/6377cc9f-b176-45cf-a9f9-4d3bcdcaa51c_chan1_v0.wav","edge-collected-gunshot-audio","train","","True","True","True","wav","3.75","44100","Mono","32","1411200","646.05","2021-12-03 20:27:02"
"4e71b50f-beaa-47b3-bdc8-4aaefe9b65b6_v0.wav","/C/gun_explosion_a0a388e0","[""/C/gun_explosion_a0a388e0""]","gun_explosion","[""gun_explosion""]","/home/andres/Documentos/proyecto4geeks/data/raw/edge-collected-gunshot-audio/gunshot/4e71b50f-beaa-47b3-bdc8-4aaefe9b65b6_v0.wav","edge-collected-gunshot-audio","train","","True","True","True","wav","3.75","44100","Mono","32","1411200","646.05","2021-12-03 20:28:10"
"e4015a40-425e-4a6d-8b20-743abb46c8d9_chan0_v0.wav","/C/gun_explosion_a0a388e0","[""/C/gun_explosion_a0a388e0""]","gun_explosion","[""gun_explosion""]","/home/andres/Documentos/proyecto4geeks/data/raw/edge-collected-gunshot-audio/gunshot/e4015a40-425e-4a6d-8b20-743abb46c8d9_chan0_v0.wav","edge-collected-gunshot-audio","train","","True","True","True","wav","3.106","44100","Mono","32","1411200","535.16","2021-12-03 20:28:38"
"e2f3a120-6fcd-4760-917d-bb03ebff63d8_mean_v1.wav","/C/gun_explosion_a0a388e0","[""/C/gun_explosion_a0a388e0""]","gun_explosion","[""gun_explosion""]","/home/andres/Documentos/proyecto4geeks/data/raw/edge-collected-gunshot-audio/gunshot/e2f3a120-6fcd-4760-917d-bb03ebff63d8_mean_v1.wav","edge-collected-gunshot-audio","train","","True","True","True","wav","3.75","44100","Mono","32","1411200","646.05","2021-12-03 20:27:50"
"172e14ff-419c-441c-bf53-3c9ed0ffa490_chan3_v0.wav","/C/gun_explosion_a0a388e0","[""/C/gun_explosion_a0a388e0""]","gun_explosion","[""gun_explosion""]","/home/andres/Documentos/proyecto4geeks/data/raw/edge-collected-gunshot-audio/gunshot/172e14ff-419c-441c-bf53-3c9ed0ffa490_chan3_v0.wav","edge-collected-gunshot-audio","train","","True","True","True","wav","3.791","44100","Mono","32","1411200","653.17","2021-12-03 20:28:00"
"19062f3c-9b24-43eb-aa91-797a1babffc3_chan1_v0.wav","/C/gun_explosion_a0a388e0","[""/C/gun_explosion_a0a388e0""]","gun_explosion","[""gun_explosion""]","/home/andres/Documentos/proyecto4geeks/data/raw/edge-collected-gunshot-audio/gunshot/19062f3c-9b24-43eb-aa91-797a1babffc3_chan1_v0.wav","edge-collected-gunshot-audio","train","","True","True","True","wav","4.708","44100","Mono","32","1411200","811.08","2021-12-03 20:27:20"
"af1d7d22-46ed-4f2b-a2b5-fc4a5bec68bd_chan2_v0.wav","/C/gun_explosion_a0a388e0","[""/C/gun_explosion_a0a388e0""]","gun_explosion","[""gun_explosion""]","/home/andres/Documentos/proyecto4geeks/data/raw/edge-collected-gunshot-audio/gunshot/af1d7d22-46ed-4f2b-a2b5-fc4a5bec68bd_chan2_v0.wav","edge-collected-gunshot-audio","train","","True","True","True","wav","3.493","44100","Mono","32","1411200","601.71","2021-12-03 20:27:38"
"1f111ba2-78da-49ba-80f3-0ffb18a10812_v0.wav","/C/gun_explosion_a0a388e0","[""/C/gun_explosion_a0a388e0""]","gun_explosion","[""gun_explosion""]","/home/andres/Documentos/proyecto4geeks/data/raw/edge-collected-gunshot-audio/gunshot/1f111ba2-78da-49ba-80f3-0ffb18a10812_v0.wav","edge-collected-gunshot-audio","train","","True","True","True","wav","5.305","44100","Mono","32","1411200","913.88","2021-12-03 20:27:22"
"86c4c4a5-0374-492f-bfcd-ed9de679b68b_chan6_v0.wav","/C/gun_explosion_a0a388e0","[""/C/gun_explosion_a0a388e0""]","gun_explosion","[""gun_explosion""]","/home/andres/Documentos/proyecto4geeks/data/raw/edge-collected-gunshot-audio/gunshot/86c4c4a5-0374-492f-bfcd-ed9de679b68b_chan6_v0.wav","edge-collected-gunshot-audio","train","","True","True","True","wav","6.398","44100","Mono","32","1411200","1102.29","2021-12-03 20:29:04"
"df68dc19-55f2-401b-af18-3cd2469b10d7_v0.wav","/C/gun_explosion_a0a388e0","[""/C/gun_explosion_a0a388e0""]","gun_explosion","[""gun_explosion""]","/home/andres/Documentos/proyecto4geeks/data/raw/edge-collected-gunshot-audio/gunshot/df68dc19-55f2-401b-af18-3cd2469b10d7_v0.wav","edge-collected-gunshot-audio","train","","True","True","True","wav","8.181","44100","Mono","32","1411200","1409.4","2021-12-03 20:29:24"
"a67ff046-e452-412a-ac51-159728387382_chan3_v0.wav","/C/gun_explosion_a0a388e0","[""/C/gun_explosion_a0a388e0""]","gun_explosion","[""gun_explosion""]","/home/andres/Documentos/proyecto4geeks/data/raw/edge-collected-gunshot-audio/gunshot/a67ff046-e452-412a-ac51-159728387382_chan3_v0.wav","edge-collected-gunshot-audio","train","","True","True","True","wav","3.75","44100","Mono","32","1411200","646.05","2021-12-03 20:27:08"
"37861b06-0455-47e7-89de-c18e357eb9c8_chan0_v0.wav","/C/gun_explosion_a0a388e0","[""/C/gun_explosion_a0a388e0""]","gun_explosion","[""gun_explosion""]","/home/andres/Documentos/proyecto4geeks/data/raw/edge-collected-gunshot-audio/gunshot/37861b06-0455-47e7-89de-c18e357eb9c8_chan0_v0.wav","edge-collected-gunshot-audio","train","","True","True","True","wav","4.983","44100","Mono","32","1411200","858.45","2021-12-03 20:28:50"
"6377cc9f-b176-45cf-a9f9-4d3bcdcaa51c_mean_v1.wav","/C/gun_explosion_a0a388e0","[""/C/gun_explosion_a0a388e0""]","gun_explosion","[""gun_explosion""]","/home/andres/Documentos/proyecto4geeks/data/raw/edge-collected-gunshot-audio/gunshot/6377cc9f-b176-45cf-a9f9-4d3bcdcaa51c_mean_v1.wav","edge-collected-gunshot-audio","train","","True","True","True","wav","4.613","44100","Mono","32","1411200","794.79","2021-12-03 20:27:02"
"765e4374-78dc-4110-a7b7-ef84c697d23b_v0.wav","/C/gun_explosion_a0a388e0","[""/C/gun_explosion_a0a388e0""]","gun_explosion","[""gun_explosion""]","/home/andres/Documentos/proyecto4geeks/data/raw/edge-collected-gunshot-audio/gunshot/765e4374-78dc-4110-a7b7-ef84c697d23b_v0.wav","edge-collected-gunshot-audio","test","","True","True","True","wav","5.246","44100","Mono","32","1411200","903.84","2021-12-03 20:27:32"
"0f9222e9-7896-4a30-b161-092a2931ebb8_v4.wav","/C/gun_explosion_a0a388e0","[""/C/gun_explosion_a0a388e0""]","gun_explosion","[""gun_explosion""]","/home/andres/Documentos/proyecto4geeks/data/raw/edge-collected-gunshot-audio/gunshot/0f9222e9-7896-4a30-b161-092a2931ebb8_v4.wav","edge-collected-gunshot-audio","train","","True","True","True","wav","2.0","44100","Mono","32","1411200","344.59","2021-12-03 20:27:58"
"545023ab-9344-4ff1-b0a7-ef5eda73893d_chan6_v0.wav","/C/gun_explosion_a0a388e0","[""/C/gun_explosion_a0a388e0""]","gun_explosion","[""gun_explosion""]","/home/andres/Documentos/proyecto4geeks/data/raw/edge-collected-gunshot-audio/gunshot/545023ab-9344-4ff1-b0a7-ef5eda73893d_chan6_v0.wav","edge-collected-gunshot-audio","train","","True","True","True","wav","3.75","44100","Mono","32","1411200","646.05","2021-12-03 20:28:12"
"aaf21cb7-ef6d-4cbc-b2de-b279869b401c_chan3_v0.wav","/C/gun_explosion_a0a388e0","[""/C/gun_explosion_a0a388e0""]","gun_explosion","[""gun_explosion""]","/home/andres/Documentos/proyecto4geeks/data/raw/edge-collected-gunshot-audio/gunshot/aaf21cb7-ef6d-4cbc-b2de-b279869b401c_chan3_v0.wav","edge-collected-gunshot-audio","train","","True","True","True","wav","3.75","44100","Mono","32","1411200","646.05","2021-12-03 20:27:36"
"549ae4a3-3088-47c6-9804-882b81f7f69e_chan1_v0.wav","/C/gun_explosion_a0a388e0","[""/C/gun_explosion_a0a388e0""]","gun_explosion","[""gun_explosion""]","/home/andres/Documentos/proyecto4geeks/data/raw/edge-collected-gunshot-audio/gunshot/549ae4a3-3088-47c6-9804-882b81f7f69e_chan1_v0.wav","edge-collected-gunshot-audio","train","","True","True","True","wav","3.75","44100","Mono","32","1411200","646.05","2021-12-03 20:26:58"
"2206e99c-e7ee-493b-902e-1a970a9fc4fe_chan5_v0.wav","/C/gun_explosion_a0a388e0","[""/C/gun_explosion_a0a388e0""]","gun_explosion","[""gun_explosion""]","/home/andres/Documentos/proyecto4geeks/data/raw/edge-collected-gunshot-audio/gunshot/2206e99c-e7ee-493b-902e-1a970a9fc4fe_chan5_v0.wav","edge-collected-gunshot-audio","train","","True","True","True","wav","3.75","44100","Mono","32","1411200","646.05","2021-12-03 20:26:56"
"545023ab-9344-4ff1-b0a7-ef5eda73893d_chan3_v1.wav","/C/gun_explosion_a0a388e0","[""/C/gun_explosion_a0a388e0""]","gun_explosion","[""gun_explosion""]","/home/andres/Documentos/proyecto4geeks/data/raw/edge-collected-gunshot-audio/gunshot/545023ab-9344-4ff1-b0a7-ef5eda73893d_chan3_v1.wav","edge-collected-gunshot-audio","train","","True","True","True","wav","3.386","44100","Mono","32","1411200","583.42","2021-12-03 20:28:10"
"f1ea3a1c-030f-4275-b3b4-28bb0cd694b2_chan1_v0.wav","/C/gun_explosion_a0a388e0","[""/C/gun_explosion_a0a388e0""]","gun_explosion","[""gun_explosion""]","/home/andres/Documentos/proyecto4geeks/data/raw/edge-collected-gunshot-audio/gunshot/f1ea3a1c-030f-4275-b3b4-28bb0cd694b2_chan1_v0.wav","edge-collected-gunshot-audio","test","","True","True","True","wav","5.743","44100","Mono","32","1411200","989.4","2021-12-03 20:29:26"
"67c4b424-f7af-4b3d-8d82-edd7eba0f0ae_v3.wav","/C/gun_explosion_a0a388e0","[""/C/gun_explosion_a0a388e0""]","gun_explosion","[""gun_explosion""]","/home/andres/Documentos/proyecto4geeks/data/raw/edge-collected-gunshot-audio/gunshot/67c4b424-f7af-4b3d-8d82-edd7eba0f0ae_v3.wav","edge-collected-gunshot-audio","train","","True","True","True","wav","3.75","44100","Mono","32","1411200","646.05","2021-12-03 20:28:56"
"8184fe0d-878c-453b-b3fc-eb5ff5265b93_v0.wav","/C/gun_explosion_a0a388e0","[""/C/gun_explosion_a0a388e0""]","gun_explosion","[""gun_explosion""]","/home/andres/Documentos/proyecto4geeks/data/raw/edge-collected-gunshot-audio/gunshot/8184fe0d-878c-453b-b3fc-eb5ff5265b93_v0.wav","edge-collected-gunshot-audio","train","","True","True","True","wav","4.861","44100","Mono","32","1411200","837.46","2021-12-03 20:29:02"
"6377cc9f-b176-45cf-a9f9-4d3bcdcaa51c_chan3_v0.wav","/C/gun_explosion_a0a388e0","[""/C/gun_explosion_a0a388e0""]","gun_explosion","[""gun_explosion""]","/home/andres/Documentos/proyecto4geeks/data/raw/edge-collected-gunshot-audio/gunshot/6377cc9f-b176-45cf-a9f9-4d3bcdcaa51c_chan3_v0.wav","edge-collected-gunshot-audio","train","","True","True","True","wav","3.75","44100","Mono","32","1411200","646.05","2021-12-03 20:27:02"
"d60be857-2a00-49c0-9470-94a34b3de217_chan6_v0.wav","/C/gun_explosion_a0a388e0","[""/C/gun_explosion_a0a388e0""]","gun_explosion","[""gun_explosion""]","/home/andres/Documentos/proyecto4geeks/data/raw/edge-collected-gunshot-audio/gunshot/d60be857-2a00-49c0-9470-94a34b3de217_chan6_v0.wav","edge-collected-gunshot-audio","train","","True","True","True","wav","6.106","44100","Mono","32","1411200","1051.88","2021-12-03 20:29:20"
"47ec5352-1b86-477b-9852-b13901c7eb4d_chan3_v0.wav","/C/gun_explosion_a0a388e0","[""/C/gun_explosion_a0a388e0""]","gun_explosion","[""gun_explosion""]","/home/andres/Documentos/proyecto4geeks/data/raw/edge-collected-gunshot-audio/gunshot/47ec5352-1b86-477b-9852-b13901c7eb4d_chan3_v0.wav","edge-collected-gunshot-audio","test","","True","True","True","wav","3.75","44100","Mono","32","1411200","646.05","2021-12-03 20:27:28"
"f96e1f88-c321-4c29-98f4-1f61882c72e2_chan5_v0.wav","/C/gun_explosion_a0a388e0","[""/C/gun_explosion_a0a388e0""]","gun_explosion","[""gun_explosion""]","/home/andres/Documentos/proyecto4geeks/data/raw/edge-collected-gunshot-audio/gunshot/f96e1f88-c321-4c29-98f4-1f61882c72e2_chan5_v0.wav","edge-collected-gunshot-audio","train","","True","True","True","wav","7.921","44100","Mono","32","1411200","1364.65","2021-12-03 20:27:14"
"d5a15ea9-1077-4e5f-80a1-c4e856231489_chan2_v0.wav","/C/gun_explosion_a0a388e0","[""/C/gun_explosion_a0a388e0""]","gun_explosion","[""gun_explosion""]","/home/andres/Documentos/proyecto4geeks/data/raw/edge-collected-gunshot-audio/gunshot/d5a15ea9-1077-4e5f-80a1-c4e856231489_chan2_v0.wav","edge-collected-gunshot-audio","train","","True","True","True","wav","3.75","44100","Mono","32","1411200","646.05","2021-12-03 20:28:34"
"4a8f0528-491b-408b-9c2d-96ab0e8e6dc4_mean_v1.wav","/C/gun_explosion_a0a388e0","[""/C/gun_explosion_a0a388e0""]","gun_explosion","[""gun_explosion""]","/home/andres/Documentos/proyecto4geeks/data/raw/edge-collected-gunshot-audio/gunshot/4a8f0528-491b-408b-9c2d-96ab0e8e6dc4_mean_v1.wav","edge-collected-gunshot-audio","train","","True","True","True","wav","9.615","44100","Mono","32","1411200","1656.37","2021-12-03 20:28:08"
"backup_11a102da-fefb-45db-9f99-8060349008ec__v1.wav","/C/gun_explosion_a0a388e0","[""/C/gun_explosion_a0a388e0""]","gun_explosion","[""gun_explosion""]","/home/andres/Documentos/proyecto4geeks/data/raw/edge-collected-gunshot-audio/gunshot/backup_11a102da-fefb-45db-9f99-8060349008ec__v1.wav","edge-collected-gunshot-audio","test","","True","True","True","wav","7.221","44100","Mono","32","1411200","1244.03","2021-12-03 20:28:28"
"c05ea797-711d-4f93-80d1-05a3e76e5c31_chan4_v0.wav","/C/gun_explosion_a0a388e0","[""/C/gun_explosion_a0a388e0""]","gun_explosion","[""gun_explosion""]","/home/andres/Documentos/proyecto4geeks/data/raw/edge-collected-gunshot-audio/gunshot/c05ea797-711d-4f93-80d1-05a3e76e5c31_chan4_v0.wav","edge-collected-gunshot-audio","train","","True","True","True","wav","5.017","44100","Mono","32","1411200","864.35","2021-12-03 20:27:40"
"640ba6fd-94c7-4dc7-8efd-0a50166086e3_v1.wav","/C/gun_explosion_a0a388e0","[""/C/gun_explosion_a0a388e0""]","gun_explosion","[""gun_explosion""]","/home/andres/Documentos/proyecto4geeks/data/raw/edge-collected-gunshot-audio/gunshot/640ba6fd-94c7-4dc7-8efd-0a50166086e3_v1.wav","edge-collected-gunshot-audio","train","","True","True","True","wav","3.75","44100","Mono","32","1411200","646.05","2021-12-03 20:28:56"
"c52bfe4e-2a1d-44ca-9bfc-400bbf50d6a7_v0.wav","/C/gun_explosion_a0a388e0","[""/C/gun_explosion_a0a388e0""]","gun_explosion","[""gun_explosion""]","/home/andres/Documentos/proyecto4geeks/data/raw/edge-collected-gunshot-audio/gunshot/c52bfe4e-2a1d-44ca-9bfc-400bbf50d6a7_v0.wav","edge-collected-gunshot-audio","train","","True","True","True","wav","3.75","44100","Mono","32","1411200","646.05","2021-12-03 20:28:32"
"1f85c0fd-51bb-470c-9b40-0f0faa5cae1f_chan0_v0.wav","/C/gun_explosion_a0a388e0","[""/C/gun_explosion_a0a388e0""]","gun_explosion","[""gun_explosion""]","/home/andres/Documentos/proyecto4geeks/data/raw/edge-collected-gunshot-audio/gunshot/1f85c0fd-51bb-470c-9b40-0f0faa5cae1f_chan0_v0.wav","edge-collected-gunshot-audio","train","","True","True","True","wav","3.75","44100","Mono","32","1411200","646.05","2021-12-03 20:28:02"
"972e5199-b99c-4f49-b006-ec7c2903f2ee_mean_v1.wav","/C/gun_explosion_a0a388e0","[""/C/gun_explosion_a0a388e0""]","gun_explosion","[""gun_explosion""]","/home/andres/Documentos/proyecto4geeks/data/raw/edge-collected-gunshot-audio/gunshot/972e5199-b99c-4f49-b006-ec7c2903f2ee_mean_v1.wav","edge-collected-gunshot-audio","test","","True","True","True","wav","8.457","44100","Mono","32","1411200","1456.94","2021-12-03 20:29:08"
"7b663c39-4592-431a-918e-9f1c960cf7ef_v1.wav","/C/gun_explosion_a0a388e0","[""/C/gun_explosion_a0a388e0""]","gun_explosion","[""gun_explosion""]","/home/andres/Documentos/proyecto4geeks/data/raw/edge-collected-gunshot-audio/gunshot/7b663c39-4592-431a-918e-9f1c960cf7ef_v1.wav","edge-collected-gunshot-audio","train","","True","True","True","wav","4.186","44100","Mono","32","1411200","721.12","2021-12-03 20:29:00"
"38b6848e-00da-4fd3-ac1d-5073cdbe0366_v0.wav","/C/gun_explosion_a0a388e0","[""/C/gun_explosion_a0a388e0""]","gun_explosion","[""gun_explosion""]","/home/andres/Documentos/proyecto4geeks/data/raw/edge-collected-gunshot-audio/gunshot/38b6848e-00da-4fd3-ac1d-5073cdbe0366_v0.wav","edge-collected-gunshot-audio","train","","True","True","True","wav","4.964","44100","Mono","32","1411200","855.17","2021-12-03 20:28:06"
"090f69a9-885c-45fb-a807-f2661aaeb165_chan1_v1.wav","/C/gun_explosion_a0a388e0","[""/C/gun_explosion_a0a388e0""]","gun_explosion","[""gun_explosion""]","/home/andres/Documentos/proyecto4geeks/data/raw/edge-collected-gunshot-audio/gunshot/090f69a9-885c-45fb-a807-f2661aaeb165_chan1_v1.wav","edge-collected-gunshot-audio","test","","True","True","True","wav","5.922","44100","Mono","32","1411200","1020.14","2021-12-03 20:27:18"
"c076327b-0718-4e38-8620-ba345aa2cdbc_v2.wav","/C/gun_explosion_a0a388e0","[""/C/gun_explosion_a0a388e0""]","gun_explosion","[""gun_explosion""]","/home/andres/Documentos/proyecto4geeks/data/raw/edge-collected-gunshot-audio/gunshot/c076327b-0718-4e38-8620-ba345aa2cdbc_v2.wav","edge-collected-gunshot-audio","train","","True","True","True","wav","5.924","44100","Mono","32","1411200","1020.58","2021-12-03 20:29:18"
"d9c20c59-eb34-4d1e-b2ca-61e9c3532dff_v0.wav","/C/gun_explosion_a0a388e0","[""/C/gun_explosion_a0a388e0""]","gun_explosion","[""gun_explosion""]","/home/andres/Documentos/proyecto4geeks/data/raw/edge-collected-gunshot-audio/gunshot/d9c20c59-eb34-4d1e-b2ca-61e9c3532dff_v0.wav","edge-collected-gunshot-audio","test","","True","True","True","wav","3.75","44100","Mono","32","1411200","646.05","2021-12-03 20:27:12"
"03fc4685-909e-42c5-aff0-f519f1d14b12_chan5_v0.wav","/C/gun_explosion_a0a388e0","[""/C/gun_explosion_a0a388e0""]","gun_explosion","[""gun_explosion""]","/home/andres/Documentos/proyecto4geeks/data/raw/edge-collected-gunshot-audio/gunshot/03fc4685-909e-42c5-aff0-f519f1d14b12_chan5_v0.wav","edge-collected-gunshot-audio","train","","True","True","True","wav","5.016","44100","Mono","32","1411200","864.21","2021-12-03 20:27:16"
"e582412f-6f23-4af8-93e4-2138dc459306_chan5_v0.wav","/C/gun_explosion_a0a388e0","[""/C/gun_explosion_a0a388e0""]","gun_explosion","[""gun_explosion""]","/home/andres/Documentos/proyecto4geeks/data/raw/edge-collected-gunshot-audio/gunshot/e582412f-6f23-4af8-93e4-2138dc459306_chan5_v0.wav","edge-collected-gunshot-audio","train","","True","True","True","wav","3.568","44100","Mono","32","1411200","614.71","2021-12-03 20:29:24"
"801869e0-4992-4a9e-8c00-48387ea58a36_v0.wav","/C/gun_explosion_a0a388e0","[""/C/gun_explosion_a0a388e0""]","gun_explosion","[""gun_explosion""]","/home/andres/Documentos/proyecto4geeks/data/raw/edge-collected-gunshot-audio/gunshot/801869e0-4992-4a9e-8c00-48387ea58a36_v0.wav","edge-collected-gunshot-audio","test","","True","True","True","wav","7.147","44100","Mono","32","1411200","1231.27","2021-12-03 20:27:34"
"a67ff046-e452-412a-ac51-159728387382_chan5_v0.wav","/C/gun_explosion_a0a388e0","[""/C/gun_explosion_a0a388e0""]","gun_explosion","[""gun_explosion""]","/home/andres/Documentos/proyecto4geeks/data/raw/edge-collected-gunshot-audio/gunshot/a67ff046-e452-412a-ac51-159728387382_chan5_v0.wav","edge-collected-gunshot-audio","train","","True","True","True","wav","3.75","44100","Mono","32","1411200","646.05","2021-12-03 20:27:08"
"03fc4685-909e-42c5-aff0-f519f1d14b12_chan3_v0.wav","/C/gun_explosion_a0a388e0","[""/C/gun_explosion_a0a388e0""]","gun_explosion","[""gun_explosion""]","/home/andres/Documentos/proyecto4geeks/data/raw/edge-collected-gunshot-audio/gunshot/03fc4685-909e-42c5-aff0-f519f1d14b12_chan3_v0.wav","edge-collected-gunshot-audio","train","","True","True","True","wav","5.016","44100","Mono","32","1411200","864.21","2021-12-03 20:27:16"
"172e14ff-419c-441c-bf53-3c9ed0ffa490_chan0_v0.wav","/C/gun_explosion_a0a388e0","[""/C/gun_explosion_a0a388e0""]","gun_explosion","[""gun_explosion""]","/home/andres/Documentos/proyecto4geeks/data/raw/edge-collected-gunshot-audio/gunshot/172e14ff-419c-441c-bf53-3c9ed0ffa490_chan0_v0.wav","edge-collected-gunshot-audio","train","","True","True","True","wav","3.791","44100","Mono","32","1411200","653.16","2021-12-03 20:28:00"
"e582412f-6f23-4af8-93e4-2138dc459306_mean_v0.wav","/C/gun_explosion_a0a388e0","[""/C/gun_explosion_a0a388e0""]","gun_explosion","[""gun_explosion""]","/home/andres/Documentos/proyecto4geeks/data/raw/edge-collected-gunshot-audio/gunshot/e582412f-6f23-4af8-93e4-2138dc459306_mean_v0.wav","edge-collected-gunshot-audio","train","","True","True","True","wav","3.568","44100","Mono","32","1411200","614.7","2021-12-03 20:29:24"
"1298fc2a-4470-4cbd-a8c7-8c6e103d7c4f_chan2_v1.wav","/C/gun_explosion_a0a388e0","[""/C/gun_explosion_a0a388e0""]","gun_explosion","[""gun_explosion""]","/home/andres/Documentos/proyecto4geeks/data/raw/edge-collected-gunshot-audio/gunshot/1298fc2a-4470-4cbd-a8c7-8c6e103d7c4f_chan2_v1.wav","edge-collected-gunshot-audio","train","","True","True","True","wav","3.393","44100","Mono","32","1411200","584.6","2021-12-03 20:28:00"
"090f69a9-885c-45fb-a807-f2661aaeb165_chan4_v2.wav","/C/gun_explosion_a0a388e0","[""/C/gun_explosion_a0a388e0""]","gun_explosion","[""gun_explosion""]","/home/andres/Documentos/proyecto4geeks/data/raw/edge-collected-gunshot-audio/gunshot/090f69a9-885c-45fb-a807-f2661aaeb165_chan4_v2.wav","edge-collected-gunshot-audio","train","","True","True","True","wav","6.008","44100","Mono","32","1411200","1035.08","2021-12-03 20:27:18"
"ec013f65-cc3c-4ebb-9315-bb4d2043e8f4_mean_v0.wav","/C/gun_explosion_a0a388e0","[""/C/gun_explosion_a0a388e0""]","gun_explosion","[""gun_explosion""]","/home/andres/Documentos/proyecto4geeks/data/raw/edge-collected-gunshot-audio/gunshot/ec013f65-cc3c-4ebb-9315-bb4d2043e8f4_mean_v0.wav","edge-collected-gunshot-audio","test","","True","True","True","wav","3.724","44100","Mono","32","1411200","641.49","2021-12-03 20:28:40"
"1a1db5f5-080b-4b6d-9c77-0fe675aed427_chan6_v0.wav","/C/gun_explosion_a0a388e0","[""/C/gun_explosion_a0a388e0""]","gun_explosion","[""gun_explosion""]","/home/andres/Documentos/proyecto4geeks/data/raw/edge-collected-gunshot-audio/gunshot/1a1db5f5-080b-4b6d-9c77-0fe675aed427_chan6_v0.wav","edge-collected-gunshot-audio","train","","True","True","True","wav","5.695","44100","Mono","32","1411200","981.18","2021-12-03 20:27:22"
"ed8d991f-9e68-4630-9f2f-4442fdb0be6f_chan1_v0.wav","/C/gun_explosion_a0a388e0","[""/C/gun_explosion_a0a388e0""]","gun_explosion","[""gun_explosion""]","/home/andres/Documentos/proyecto4geeks/data/raw/edge-collected-gunshot-audio/gunshot/ed8d991f-9e68-4630-9f2f-4442fdb0be6f_chan1_v0.wav","edge-collected-gunshot-audio","train","","True","True","True","wav","3.75","44100","Mono","32","1411200","646.05","2021-12-03 20:28:40"
"e481969e-a5dc-4de9-9300-0b91b66a3a07_chan1_v0.wav","/C/gun_explosion_a0a388e0","[""/C/gun_explosion_a0a388e0""]","gun_explosion","[""gun_explosion""]","/home/andres/Documentos/proyecto4geeks/data/raw/edge-collected-gunshot-audio/gunshot/e481969e-a5dc-4de9-9300-0b91b66a3a07_chan1_v0.wav","edge-collected-gunshot-audio","train","","True","True","True","wav","4.159","44100","Mono","32","1411200","716.57","2021-12-03 20:29:24"
"1a6c051f-185a-479c-957b-55259fcbf287_chan2_v0.wav","/C/gun_explosion_a0a388e0","[""/C/gun_explosion_a0a388e0""]","gun_explosion","[""gun_explosion""]","/home/andres/Documentos/proyecto4geeks/data/raw/edge-collected-gunshot-audio/gunshot/1a6c051f-185a-479c-957b-55259fcbf287_chan2_v0.wav","edge-collected-gunshot-audio","train","","True","True","True","wav","5.938","44100","Mono","32","1411200","1023.03","2021-12-03 20:26:52"
"1298fc2a-4470-4cbd-a8c7-8c6e103d7c4f_chan4_v0.wav","/C/gun_explosion_a0a388e0","[""/C/gun_explosion_a0a388e0""]","gun_explosion","[""gun_explosion""]","/home/andres/Documentos/proyecto4geeks/data/raw/edge-collected-gunshot-audio/gunshot/1298fc2a-4470-4cbd-a8c7-8c6e103d7c4f_chan4_v0.wav","edge-collected-gunshot-audio","train","","True","True","True","wav","3.75","44100","Mono","32","1411200","646.05","2021-12-03 20:28:00"
"eb656241-7b68-4fba-8bc2-328ac7288680_v0.wav","/C/gun_explosion_a0a388e0","[""/C/gun_explosion_a0a388e0""]","gun_explosion","[""gun_explosion""]","/home/andres/Documentos/proyecto4geeks/data/raw/edge-collected-gunshot-audio/gunshot/eb656241-7b68-4fba-8bc2-328ac7288680_v0.wav","edge-collected-gunshot-audio","train","","True","True","True","wav","5.689","44100","Mono","32","1411200","980.12","2021-12-03 20:27:14"
"6f48638e-2508-467e-89c7-34648cfd0699_chan4_v0.wav","/C/gun_explosion_a0a388e0","[""/C/gun_explosion_a0a388e0""]","gun_explosion","[""gun_explosion""]","/home/andres/Documentos/proyecto4geeks/data/raw/edge-collected-gunshot-audio/gunshot/6f48638e-2508-467e-89c7-34648cfd0699_chan4_v0.wav","edge-collected-gunshot-audio","train","","True","True","True","wav","3.928","44100","Mono","32","1411200","676.68","2021-12-03 20:28:58"
"77ac463c-098c-484a-8394-66285cc161a4_chan2_v1.wav","/C/gun_explosion_a0a388e0","[""/C/gun_explosion_a0a388e0""]","gun_explosion","[""gun_explosion""]","/home/andres/Documentos/proyecto4geeks/data/raw/edge-collected-gunshot-audio/gunshot/77ac463c-098c-484a-8394-66285cc161a4_chan2_v1.wav","edge-collected-gunshot-audio","train","","True","True","True","wav","4.366","44100","Mono","32","1411200","752.15","2021-12-03 20:27:02"
"4f323e9a-51e4-406a-a459-f1244a4280ea_chan3_v0.wav","/C/gun_explosion_a0a388e0","[""/C/gun_explosion_a0a388e0""]","gun_explosion","[""gun_explosion""]","/home/andres/Documentos/proyecto4geeks/data/raw/edge-collected-gunshot-audio/gunshot/4f323e9a-51e4-406a-a459-f1244a4280ea_chan3_v0.wav","edge-collected-gunshot-audio","test","","True","True","True","wav","3.822","44100","Mono","32","1411200","658.54","2021-12-03 20:28:10"
"e2f3a120-6fcd-4760-917d-bb03ebff63d8_mean_v3.wav","/C/gun_explosion_a0a388e0","[""/C/gun_explosion_a0a388e0""]","gun_explosion","[""gun_explosion""]","/home/andres/Documentos/proyecto4geeks/data/raw/edge-collected-gunshot-audio/gunshot/e2f3a120-6fcd-4760-917d-bb03ebff63d8_mean_v3.wav","edge-collected-gunshot-audio","train","","True","True","True","wav","3.75","44100","Mono","32","1411200","646.05","2021-12-03 20:27:50"
"79a5a0ea-2fea-4b3e-9b5b-ef8689b9cacb_chan2_v0.wav","/C/gun_explosion_a0a388e0","[""/C/gun_explosion_a0a388e0""]","gun_explosion","[""gun_explosion""]","/home/andres/Documentos/proyecto4geeks/data/raw/edge-collected-gunshot-audio/gunshot/79a5a0ea-2fea-4b3e-9b5b-ef8689b9cacb_chan2_v0.wav","edge-collected-gunshot-audio","test","","True","True","True","wav","5.333","44100","Mono","32","1411200","918.67","2021-12-03 20:29:00"
"57252ebc-52a3-4c77-8f76-bcfeeba95a53_chan2_v0.wav","/C/gun_explosion_a0a388e0","[""/C/gun_explosion_a0a388e0""]","gun_explosion","[""gun_explosion""]","/home/andres/Documentos/proyecto4geeks/data/raw/edge-collected-gunshot-audio/gunshot/57252ebc-52a3-4c77-8f76-bcfeeba95a53_chan2_v0.wav","edge-collected-gunshot-audio","train","","True","True","True","wav","3.75","44100","Mono","32","1411200","646.05","2021-12-03 20:27:00"
"a39107e3-e899-458f-bc52-1340d67fbbb4_chan3_v0.wav","/C/gun_explosion_a0a388e0","[""/C/gun_explosion_a0a388e0""]","gun_explosion","[""gun_explosion""]","/home/andres/Documentos/proyecto4geeks/data/raw/edge-collected-gunshot-audio/gunshot/a39107e3-e899-458f-bc52-1340d67fbbb4_chan3_v0.wav","edge-collected-gunshot-audio","test","","True","True","True","wav","3.675","44100","Mono","32","1411200","633.13","2021-12-03 20:29:10"
"022dd50f-a4ee-4b33-b267-8df6e4e40f20_v0.wav","/C/gun_explosion_a0a388e0","[""/C/gun_explosion_a0a388e0""]","gun_explosion","[""gun_explosion""]","/home/andres/Documentos/proyecto4geeks/data/raw/edge-collected-gunshot-audio/gunshot/022dd50f-a4ee-4b33-b267-8df6e4e40f20_v0.wav","edge-collected-gunshot-audio","test","","True","True","True","wav","3.745","44100","Mono","32","1411200","645.18","2021-12-03 20:27:54"
"99769aad-a36a-4b20-a8f8-4cbd995f2cf8_v0.wav","/C/gun_explosion_a0a388e0","[""/C/gun_explosion_a0a388e0""]","gun_explosion","[""gun_explosion""]","/home/andres/Documentos/proyecto4geeks/data/raw/edge-collected-gunshot-audio/gunshot/99769aad-a36a-4b20-a8f8-4cbd995f2cf8_v0.wav","edge-collected-gunshot-audio","train","","True","True","True","wav","5.306","44100","Mono","32","1411200","914.12","2021-12-03 20:27:36"
"7cf68bd7-f94b-4ca8-9ff9-46a84a67bce8_chan6_v0.wav","/C/gun_explosion_a0a388e0","[""/C/gun_explosion_a0a388e0""]","gun_explosion","[""gun_explosion""]","/home/andres/Documentos/proyecto4geeks/data/raw/edge-collected-gunshot-audio/gunshot/7cf68bd7-f94b-4ca8-9ff9-46a84a67bce8_chan6_v0.wav","edge-collected-gunshot-audio","train","","True","True","True","wav","4.843","44100","Mono","32","1411200","834.33","2021-12-03 20:27:34"
"48e70f7b-e1e0-447a-b5ec-9ca1a0161a7f_chan1_v0.wav","/C/gun_explosion_a0a388e0","[""/C/gun_explosion_a0a388e0""]","gun_explosion","[""gun_explosion""]","/home/andres/Documentos/proyecto4geeks/data/raw/edge-collected-gunshot-audio/gunshot/48e70f7b-e1e0-447a-b5ec-9ca1a0161a7f_chan1_v0.wav","edge-collected-gunshot-audio","test","","True","True","True","wav","3.988","44100","Mono","32","1411200","687.03","2021-12-03 20:28:08"
"1ff6e63d-c51b-418b-8fa3-65bd648d957c_v0.wav","/C/gun_explosion_a0a388e0","[""/C/gun_explosion_a0a388e0""]","gun_explosion","[""gun_explosion""]","/home/andres/Documentos/proyecto4geeks/data/raw/edge-collected-gunshot-audio/gunshot/1ff6e63d-c51b-418b-8fa3-65bd648d957c_v0.wav","edge-collected-gunshot-audio","train","","True","True","True","wav","3.75","44100","Mono","32","1411200","646.05","2021-12-03 20:27:22"
"e074e5f5-465f-433f-a15d-ac6512ec1de2_chan4_v0.wav","/C/gun_explosion_a0a388e0","[""/C/gun_explosion_a0a388e0""]","gun_explosion","[""gun_explosion""]","/home/andres/Documentos/proyecto4geeks/data/raw/edge-collected-gunshot-audio/gunshot/e074e5f5-465f-433f-a15d-ac6512ec1de2_chan4_v0.wav","edge-collected-gunshot-audio","train","","True","True","True","wav","5.875","44100","Mono","32","1411200","1012.04","2021-12-03 20:28:36"
"1eb82b11-a962-4a55-82dc-9c5ec3dcdc65_v0.wav","/C/gun_explosion_a0a388e0","[""/C/gun_explosion_a0a388e0""]","gun_explosion","[""gun_explosion""]","/home/andres/Documentos/proyecto4geeks/data/raw/edge-collected-gunshot-audio/gunshot/1eb82b11-a962-4a55-82dc-9c5ec3dcdc65_v0.wav","edge-collected-gunshot-audio","test","","True","True","True","wav","5.27","44100","Mono","32","1411200","907.96","2021-12-03 20:26:54"
"545023ab-9344-4ff1-b0a7-ef5eda73893d_chan4_v1.wav","/C/gun_explosion_a0a388e0","[""/C/gun_explosion_a0a388e0""]","gun_explosion","[""gun_explosion""]","/home/andres/Documentos/proyecto4geeks/data/raw/edge-collected-gunshot-audio/gunshot/545023ab-9344-4ff1-b0a7-ef5eda73893d_chan4_v1.wav","edge-collected-gunshot-audio","train","","True","True","True","wav","3.409","44100","Mono","32","1411200","587.37","2021-12-03 20:28:10"
"c2af92cf-45d1-4d03-8db4-129e0d28015e_chan6_v0.wav","/C/gun_explosion_a0a388e0","[""/C/gun_explosion_a0a388e0""]","gun_explosion","[""gun_explosion""]","/home/andres/Documentos/proyecto4geeks/data/raw/edge-collected-gunshot-audio/gunshot/c2af92cf-45d1-4d03-8db4-129e0d28015e_chan6_v0.wav","edge-collected-gunshot-audio","test","","True","True","True","wav","5.181","44100","Mono","32","1411200","892.65","2021-12-03 20:27:42"
"d735d982-c6bb-4a60-9cc7-5c2f6d06da93_chan6_v0.wav","/C/gun_explosion_a0a388e0","[""/C/gun_explosion_a0a388e0""]","gun_explosion","[""gun_explosion""]","/home/andres/Documentos/proyecto4geeks/data/raw/edge-collected-gunshot-audio/gunshot/d735d982-c6bb-4a60-9cc7-5c2f6d06da93_chan6_v0.wav","edge-collected-gunshot-audio","test","","True","True","True","wav","3.398","44100","Mono","32","1411200","585.33","2021-12-03 20:27:46"
"2eabebd8-8ef0-4efe-8248-a99013581760_v0.wav","/C/gun_explosion_a0a388e0","[""/C/gun_explosion_a0a388e0""]","gun_explosion","[""gun_explosion""]","/home/andres/Documentos/proyecto4geeks/data/raw/edge-collected-gunshot-audio/gunshot/2eabebd8-8ef0-4efe-8248-a99013581760_v0.wav","edge-collected-gunshot-audio","train","","True","True","True","wav","3.75","44100","Mono","32","1411200","646.05","2021-12-03 20:28:48"
"019439aa-e146-49da-b59c-28a594fba7e2_v1.wav","/C/gun_explosion_a0a388e0","[""/C/gun_explosion_a0a388e0""]","gun_explosion","[""gun_explosion""]","/home/andres/Documentos/proyecto4geeks/data/raw/edge-collected-gunshot-audio/gunshot/019439aa-e146-49da-b59c-28a594fba7e2_v1.wav","edge-collected-gunshot-audio","test","","True","True","True","wav","2.0","44100","Mono","32","1411200","344.59","2021-12-03 20:27:54"
"a1e92cb2-7999-4a02-ad5e-d9602c622854_mean_v0.wav","/C/gun_explosion_a0a388e0","[""/C/gun_explosion_a0a388e0""]","gun_explosion","[""gun_explosion""]","/home/andres/Documentos/proyecto4geeks/data/raw/edge-collected-gunshot-audio/gunshot/a1e92cb2-7999-4a02-ad5e-d9602c622854_mean_v0.wav","edge-collected-gunshot-audio","train","","True","True","True","wav","3.412","44100","Mono","32","1411200","587.85","2021-12-03 20:28:26"
"4a7d254f-44ac-4f83-b931-c1d683486577_mean_v0.wav","/C/gun_explosion_a0a388e0","[""/C/gun_explosion_a0a388e0""]","gun_explosion","[""gun_explosion""]","/home/andres/Documentos/proyecto4geeks/data/raw/edge-collected-gunshot-audio/gunshot/4a7d254f-44ac-4f83-b931-c1d683486577_mean_v0.wav","edge-collected-gunshot-audio","train","","True","True","True","wav","5.59","44100","Mono","32","1411200","962.96","2021-12-03 20:28:08"
"1bff3ff9-3bb6-43f3-96cd-abbbf7d84b46_chan5_v0.wav","/C/gun_explosion_a0a388e0","[""/C/gun_explosion_a0a388e0""]","gun_explosion","[""gun_explosion""]","/home/andres/Documentos/proyecto4geeks/data/raw/edge-collected-gunshot-audio/gunshot/1bff3ff9-3bb6-43f3-96cd-abbbf7d84b46_chan5_v0.wav","edge-collected-gunshot-audio","train","","True","True","True","wav","3.75","44100","Mono","32","1411200","646.05","2021-12-03 20:28:46"
"a48d81fc-4189-4475-9e37-c095b1156beb_v0.wav","/C/gun_explosion_a0a388e0","[""/C/gun_explosion_a0a388e0""]","gun_explosion","[""gun_explosion""]","/home/andres/Documentos/proyecto4geeks/data/raw/edge-collected-gunshot-audio/gunshot/a48d81fc-4189-4475-9e37-c095b1156beb_v0.wav","edge-collected-gunshot-audio","train","","True","True","True","wav","7.557","44100","Mono","32","1411200","1301.88","2021-12-03 20:28:26"
"6377cc9f-b176-45cf-a9f9-4d3bcdcaa51c_chan6_v0.wav","/C/gun_explosion_a0a388e0","[""/C/gun_explosion_a0a388e0""]","gun_explosion","[""gun_explosion""]","/home/andres/Documentos/proyecto4geeks/data/raw/edge-collected-gunshot-audio/gunshot/6377cc9f-b176-45cf-a9f9-4d3bcdcaa51c_chan6_v0.wav","edge-collected-gunshot-audio","train","","True","True","True","wav","3.75","44100","Mono","32","1411200","646.05","2021-12-03 20:27:02"
"431c5ed1-1e8f-4e68-9b91-580abc61d091_v0.wav","/C/gun_explosion_a0a388e0","[""/C/gun_explosion_a0a388e0""]","gun_explosion","[""gun_explosion""]","/home/andres/Documentos/proyecto4geeks/data/raw/edge-collected-gunshot-audio/gunshot/431c5ed1-1e8f-4e68-9b91-580abc61d091_v0.wav","edge-collected-gunshot-audio","train","","True","True","True","wav","3.75","44100","Mono","32","1411200","646.05","2021-12-03 20:26:58"
"20d713fe-1c29-4454-8a0d-c5d6d0f97859_v0.wav","/C/gun_explosion_a0a388e0","[""/C/gun_explosion_a0a388e0""]","gun_explosion","[""gun_explosion""]","/home/andres/Documentos/proyecto4geeks/data/raw/edge-collected-gunshot-audio/gunshot/20d713fe-1c29-4454-8a0d-c5d6d0f97859_v0.wav","edge-collected-gunshot-audio","train","","True","True","True","wav","3.75","44100","Mono","32","1411200","646.05","2021-12-03 20:27:22"
"04f1be04-da3e-4f7d-b4fc-6b64f208cc94_v4.wav","/C/gun_explosion_a0a388e0","[""/C/gun_explosion_a0a388e0""]","gun_explosion","[""gun_explosion""]","/home/andres/Documentos/proyecto4geeks/data/raw/edge-collected-gunshot-audio/gunshot/04f1be04-da3e-4f7d-b4fc-6b64f208cc94_v4.wav","edge-collected-gunshot-audio","train","","True","True","True","wav","3.75","44100","Mono","32","1411200","646.05","2021-12-03 20:27:18"
"89d8134d-3ca8-4ac9-8020-76dd9c33a2da_mean_v0.wav","/C/gun_explosion_a0a388e0","[""/C/gun_explosion_a0a388e0""]","gun_explosion","[""gun_explosion""]","/home/andres/Documentos/proyecto4geeks/data/raw/edge-collected-gunshot-audio/gunshot/89d8134d-3ca8-4ac9-8020-76dd9c33a2da_mean_v0.wav","edge-collected-gunshot-audio","train","","True","True","True","wav","4.862","44100","Mono","32","1411200","837.67","2021-12-03 20:28:20"
"3f5138a7-0f5b-4ead-b551-3475032820fb_chan4_v0.wav","/C/gun_explosion_a0a388e0","[""/C/gun_explosion_a0a388e0""]","gun_explosion","[""gun_explosion""]","/home/andres/Documentos/proyecto4geeks/data/raw/edge-collected-gunshot-audio/gunshot/3f5138a7-0f5b-4ead-b551-3475032820fb_chan4_v0.wav","edge-collected-gunshot-audio","train","","True","True","True","wav","2.624","44100","Mono","32","1411200","452.01","2021-12-03 20:26:56"
"b06fc194-a76a-48c6-8ac2-937b138adf9a_chan1_v0.wav","/C/gun_explosion_a0a388e0","[""/C/gun_explosion_a0a388e0""]","gun_explosion","[""gun_explosion""]","/home/andres/Documentos/proyecto4geeks/data/raw/edge-collected-gunshot-audio/gunshot/b06fc194-a76a-48c6-8ac2-937b138adf9a_chan1_v0.wav","edge-collected-gunshot-audio","test","","True","True","True","wav","5.722","44100","Mono","32","1411200","985.75","2021-12-03 20:29:14"
"2635ee28-ca23-48ab-abb1-ec263c623588_mean_v0.wav","/C/gun_explosion_a0a388e0","[""/C/gun_explosion_a0a388e0""]","gun_explosion","[""gun_explosion""]","/home/andres/Documentos/proyecto4geeks/data/raw/edge-collected-gunshot-audio/gunshot/2635ee28-ca23-48ab-abb1-ec263c623588_mean_v0.wav","edge-collected-gunshot-audio","train","","True","True","True","wav","4.567","44100","Mono","32","1411200","786.8","2021-12-03 20:28:48"
"2e78d01b-2d9a-405c-a93f-f426176ebbc3_v0.wav","/C/gun_explosion_a0a388e0","[""/C/gun_explosion_a0a388e0""]","gun_explosion","[""gun_explosion""]","/home/andres/Documentos/proyecto4geeks/data/raw/edge-collected-gunshot-audio/gunshot/2e78d01b-2d9a-405c-a93f-f426176ebbc3_v0.wav","edge-collected-gunshot-audio","train","","True","True","True","wav","5.359","44100","Mono","32","1411200","923.31","2021-12-03 20:27:24"
"6377cc9f-b176-45cf-a9f9-4d3bcdcaa51c_chan0_v0.wav","/C/gun_explosion_a0a388e0","[""/C/gun_explosion_a0a388e0""]","gun_explosion","[""gun_explosion""]","/home/andres/Documentos/proyecto4geeks/data/raw/edge-collected-gunshot-audio/gunshot/6377cc9f-b176-45cf-a9f9-4d3bcdcaa51c_chan0_v0.wav","edge-collected-gunshot-audio","train","","True","True","True","wav","3.75","44100","Mono","32","1411200","646.05","2021-12-03 20:27:02"
"7bbf1085-7e14-44c0-9fe2-8ede26106efe_chan2_v0.wav","/C/gun_explosion_a0a388e0","[""/C/gun_explosion_a0a388e0""]","gun_explosion","[""gun_explosion""]","/home/andres/Documentos/proyecto4geeks/data/raw/edge-collected-gunshot-audio/gunshot/7bbf1085-7e14-44c0-9fe2-8ede26106efe_chan2_v0.wav","edge-collected-gunshot-audio","train","","True","True","True","wav","2.557","44100","Mono","32","1411200","440.51","2021-12-03 20:27:32"
"fbd7f8cc-ad9e-4f74-8c4b-14a4af271113_mean_v1.wav","/C/gun_explosion_a0a388e0","[""/C/gun_explosion_a0a388e0""]","gun_explosion","[""gun_explosion""]","/home/andres/Documentos/proyecto4geeks/data/raw/edge-collected-gunshot-audio/gunshot/fbd7f8cc-ad9e-4f74-8c4b-14a4af271113_mean_v1.wav","edge-collected-gunshot-audio","train","","True","True","True","wav","5.512","44100","Mono","32","1411200","949.55","2021-12-03 20:27:16"
"820abb87-01bd-47d3-a2b8-f17cfd0bd6a7_v0.wav","/C/gun_explosion_a0a388e0","[""/C/gun_explosion_a0a388e0""]","gun_explosion","[""gun_explosion""]","/home/andres/Documentos/proyecto4geeks/data/raw/edge-collected-gunshot-audio/gunshot/820abb87-01bd-47d3-a2b8-f17cfd0bd6a7_v0.wav","edge-collected-gunshot-audio","train","","True","True","True","wav","3.75","44100","Mono","32","1411200","646.05","2021-12-03 20:27:34"
"0495b86d-2f39-4912-916b-0cfbc160cf3d_mean_v0.wav","/C/gun_explosion_a0a388e0","[""/C/gun_explosion_a0a388e0""]","gun_explosion","[""gun_explosion""]","/home/andres/Documentos/proyecto4geeks/data/raw/edge-collected-gunshot-audio/gunshot/0495b86d-2f39-4912-916b-0cfbc160cf3d_mean_v0.wav","edge-collected-gunshot-audio","train","","True","True","True","wav","5.009","44100","Mono","32","1411200","862.88","2021-12-03 20:28:42"
"90ec7115-97f8-47dc-b4c4-d4528411333f_v0.wav","/C/gun_explosion_a0a388e0","[""/C/gun_explosion_a0a388e0""]","gun_explosion","[""gun_explosion""]","/home/andres/Documentos/proyecto4geeks/data/raw/edge-collected-gunshot-audio/gunshot/90ec7115-97f8-47dc-b4c4-d4528411333f_v0.wav","edge-collected-gunshot-audio","test","","True","True","True","wav","3.68","44100","Mono","32","1411200","633.99","2021-12-03 20:28:22"
"fed855d4-d9c4-42c5-a5c5-ddc5edd69e14_v0.wav","/C/gun_explosion_a0a388e0","[""/C/gun_explosion_a0a388e0""]","gun_explosion","[""gun_explosion""]","/home/andres/Documentos/proyecto4geeks/data/raw/edge-collected-gunshot-audio/gunshot/fed855d4-d9c4-42c5-a5c5-ddc5edd69e14_v0.wav","edge-collected-gunshot-audio","test","","True","True","True","wav","3.75","44100","Mono","32","1411200","646.05","2021-12-03 20:28:42"
"5e4ebcc3-9d66-443d-ac54-2af3394bb59c_v0.wav","/C/gun_explosion_a0a388e0","[""/C/gun_explosion_a0a388e0""]","gun_explosion","[""gun_explosion""]","/home/andres/Documentos/proyecto4geeks/data/raw/edge-collected-gunshot-audio/gunshot/5e4ebcc3-9d66-443d-ac54-2af3394bb59c_v0.wav","edge-collected-gunshot-audio","train","","True","True","True","wav","7.384","44100","Mono","32","1411200","1272.02","2021-12-03 20:28:56"
"a7973dd2-b255-4711-9f98-484eda03c56c_chan0_v0.wav","/C/gun_explosion_a0a388e0","[""/C/gun_explosion_a0a388e0""]","gun_explosion","[""gun_explosion""]","/home/andres/Documentos/proyecto4geeks/data/raw/edge-collected-gunshot-audio/gunshot/a7973dd2-b255-4711-9f98-484eda03c56c_chan0_v0.wav","edge-collected-gunshot-audio","train","","True","True","True","wav","3.75","44100","Mono","32","1411200","646.05","2021-12-03 20:27:36"
"79a5a0ea-2fea-4b3e-9b5b-ef8689b9cacb_mean_v0.wav","/C/gun_explosion_a0a388e0","[""/C/gun_explosion_a0a388e0""]","gun_explosion","[""gun_explosion""]","/home/andres/Documentos/proyecto4geeks/data/raw/edge-collected-gunshot-audio/gunshot/79a5a0ea-2fea-4b3e-9b5b-ef8689b9cacb_mean_v0.wav","edge-collected-gunshot-audio","train","","True","True","True","wav","5.333","44100","Mono","32","1411200","918.68","2021-12-03 20:29:00"
"805e6b14-ad2f-4802-902b-53518cc81464_chan6_v0.wav","/C/gun_explosion_a0a388e0","[""/C/gun_explosion_a0a388e0""]","gun_explosion","[""gun_explosion""]","/home/andres/Documentos/proyecto4geeks/data/raw/edge-collected-gunshot-audio/gunshot/805e6b14-ad2f-4802-902b-53518cc81464_chan6_v0.wav","edge-collected-gunshot-audio","train","","True","True","True","wav","5.838","44100","Mono","32","1411200","1005.69","2021-12-03 20:27:04"
"bdeb48ea-313d-44e5-8148-263c50dc53f0_chan6_v0.wav","/C/gun_explosion_a0a388e0","[""/C/gun_explosion_a0a388e0""]","gun_explosion","[""gun_explosion""]","/home/andres/Documentos/proyecto4geeks/data/raw/edge-collected-gunshot-audio/gunshot/bdeb48ea-313d-44e5-8148-263c50dc53f0_chan6_v0.wav","edge-collected-gunshot-audio","test","","True","True","True","wav","6.928","44100","Mono","32","1411200","1193.54","2021-12-03 20:27:10"
"fd31de41-8e95-4d00-a81c-24a5c2212754_v0.wav","/C/gun_explosion_a0a388e0","[""/C/gun_explosion_a0a388e0""]","gun_explosion","[""gun_explosion""]","/home/andres/Documentos/proyecto4geeks/data/raw/edge-collected-gunshot-audio/gunshot/fd31de41-8e95-4d00-a81c-24a5c2212754_v0.wav","edge-collected-gunshot-audio","train","","True","True","True","wav","3.575","44100","Mono","32","1411200","615.97","2021-12-03 20:27:50"
"2567b43f-28b3-4df1-9c7c-aae01a354755_chan0_v0.wav","/C/gun_explosion_a0a388e0","[""/C/gun_explosion_a0a388e0""]","gun_explosion","[""gun_explosion""]","/home/andres/Documentos/proyecto4geeks/data/raw/edge-collected-gunshot-audio/gunshot/2567b43f-28b3-4df1-9c7c-aae01a354755_chan0_v0.wav","edge-collected-gunshot-audio","train","","True","True","True","wav","5.823","44100","Mono","32","1411200","1003.19","2021-12-03 20:28:48"
"3bfce3a1-3fab-46fe-8fff-ca561406e625_mean_v0.wav","/C/gun_explosion_a0a388e0","[""/C/gun_explosion_a0a388e0""]","gun_explosion","[""gun_explosion""]","/home/andres/Documentos/proyecto4geeks/data/raw/edge-collected-gunshot-audio/gunshot/3bfce3a1-3fab-46fe-8fff-ca561406e625_mean_v0.wav","edge-collected-gunshot-audio","train","","True","True","True","wav","3.75","44100","Mono","32","1411200","646.05","2021-12-03 20:28:06"
"9a7f2d4b-5bf1-46f4-bcbc-56b1c8c067c1_chan6_v0.wav","/C/gun_explosion_a0a388e0","[""/C/gun_explosion_a0a388e0""]","gun_explosion","[""gun_explosion""]","/home/andres/Documentos/proyecto4geeks/data/raw/edge-collected-gunshot-audio/gunshot/9a7f2d4b-5bf1-46f4-bcbc-56b1c8c067c1_chan6_v0.wav","edge-collected-gunshot-audio","train","","True","True","True","wav","1.942","44100","Mono","32","1411200","334.64","2021-12-03 20:29:10"
"d5b6bac9-c996-4955-a13d-9cb19e5b372a_chan2_v0.wav","/C/gun_explosion_a0a388e0","[""/C/gun_explosion_a0a388e0""]","gun_explosion","[""gun_explosion""]","/home/andres/Documentos/proyecto4geeks/data/raw/edge-collected-gunshot-audio/gunshot/d5b6bac9-c996-4955-a13d-9cb19e5b372a_chan2_v0.wav","edge-collected-gunshot-audio","train","","True","True","True","wav","10.706","44100","Mono","32","1411200","1844.32","2021-12-03 20:28:34"
"c6e909ea-500d-4203-af3c-31a7339481b4_chan1_v0.wav","/C/gun_explosion_a0a388e0","[""/C/gun_explosion_a0a388e0""]","gun_explosion","[""gun_explosion""]","/home/andres/Documentos/proyecto4geeks/data/raw/edge-collected-gunshot-audio/gunshot/c6e909ea-500d-4203-af3c-31a7339481b4_chan1_v0.wav","edge-collected-gunshot-audio","test","","True","True","True","wav","4.347","44100","Mono","32","1411200","748.87","2021-12-03 20:28:32"
"20d0f0a2-6d63-4f03-88f6-f2d840081356_v0.wav","/C/gun_explosion_a0a388e0","[""/C/gun_explosion_a0a388e0""]","gun_explosion","[""gun_explosion""]","/home/andres/Documentos/proyecto4geeks/data/raw/edge-collected-gunshot-audio/gunshot/20d0f0a2-6d63-4f03-88f6-f2d840081356_v0.wav","edge-collected-gunshot-audio","train","","True","True","True","wav","5.644","44100","Mono","32","1411200","972.33","2021-12-03 20:28:46"
"77f0f736-5392-4d7c-bb56-29a24f710a68_v1.wav","/C/gun_explosion_a0a388e0","[""/C/gun_explosion_a0a388e0""]","gun_explosion","[""gun_explosion""]","/home/andres/Documentos/proyecto4geeks/data/raw/edge-collected-gunshot-audio/gunshot/77f0f736-5392-4d7c-bb56-29a24f710a68_v1.wav","edge-collected-gunshot-audio","test","","True","True","True","wav","5.156","44100","Mono","32","1411200","888.31","2021-12-03 20:27:04"
"d394b858-4d3d-4658-9eb6-296579776892_chan0_v0.wav","/C/gun_explosion_a0a388e0","[""/C/gun_explosion_a0a388e0""]","gun_explosion","[""gun_explosion""]","/home/andres/Documentos/proyecto4geeks/data/raw/edge-collected-gunshot-audio/gunshot/d394b858-4d3d-4658-9eb6-296579776892_chan0_v0.wav","edge-collected-gunshot-audio","test","","True","True","True","wav","3.75","44100","Mono","32","1411200","646.05","2021-12-03 20:27:46"
"d3863171-479e-4db8-bf20-b602efb56f5b_v4.wav","/C/gun_explosion_a0a388e0","[""/C/gun_explosion_a0a388e0""]","gun_explosion","[""gun_explosion""]","/home/andres/Documentos/proyecto4geeks/data/raw/edge-collected-gunshot-audio/gunshot/d3863171-479e-4db8-bf20-b602efb56f5b_v4.wav","edge-collected-gunshot-audio","train","","True","True","True","wav","3.826","44100","Mono","32","1411200","659.11","2021-12-03 20:29:20"
"c0b2e1a0-0ad1-485b-9df8-af37612ac034_mean_v1.wav","/C/gun_explosion_a0a388e0","[""/C/gun_explosion_a0a388e0""]","gun_explosion","[""gun_explosion""]","/home/andres/Documentos/proyecto4geeks/data/raw/edge-collected-gunshot-audio/gunshot/c0b2e1a0-0ad1-485b-9df8-af37612ac034_mean_v1.wav","edge-collected-gunshot-audio","test","","True","True","True","wav","3.75","44100","Mono","32","1411200","646.05","2021-12-03 20:27:42"
"8176af12-402d-4c0b-a2c3-9c0a8878ca8e_v2.wav","/C/gun_explosion_a0a388e0","[""/C/gun_explosion_a0a388e0""]","gun_explosion","[""gun_explosion""]","/home/andres/Documentos/proyecto4geeks/data/raw/edge-collected-gunshot-audio/gunshot/8176af12-402d-4c0b-a2c3-9c0a8878ca8e_v2.wav","edge-collected-gunshot-audio","train","","True","True","True","wav","5.945","44100","Mono","32","1411200","1024.15","2021-12-03 20:29:02"
"77ac463c-098c-484a-8394-66285cc161a4_chan0_v0.wav","/C/gun_explosion_a0a388e0","[""/C/gun_explosion_a0a388e0""]","gun_explosion","[""gun_explosion""]","/home/andres/Documentos/proyecto4geeks/data/raw/edge-collected-gunshot-audio/gunshot/77ac463c-098c-484a-8394-66285cc161a4_chan0_v0.wav","edge-collected-gunshot-audio","train","","True","True","True","wav","3.75","44100","Mono","32","1411200","646.05","2021-12-03 20:27:02"
"46d64add-0759-4314-8d50-e764f78208d7_chan4_v0.wav","/C/gun_explosion_a0a388e0","[""/C/gun_explosion_a0a388e0""]","gun_explosion","[""gun_explosion""]","/home/andres/Documentos/proyecto4geeks/data/raw/edge-collected-gunshot-audio/gunshot/46d64add-0759-4314-8d50-e764f78208d7_chan4_v0.wav","edge-collected-gunshot-audio","train","","True","True","True","wav","5.18","44100","Mono","32","1411200","892.31","2021-12-03 20:27:26"
"a8c56aac-4362-430b-8cd1-ed4832960441_chan1_v0.wav","/C/gun_explosion_a0a388e0","[""/C/gun_explosion_a0a388e0""]","gun_explosion","[""gun_explosion""]","/home/andres/Documentos/proyecto4geeks/data/raw/edge-collected-gunshot-audio/gunshot/a8c56aac-4362-430b-8cd1-ed4832960441_chan1_v0.wav","edge-collected-gunshot-audio","train","","True","True","True","wav","5.726","44100","Mono","32","1411200","986.49","2021-12-03 20:29:12"
"2953714a-9fed-4926-943f-466071b77cf4_chan6_v0.wav","/C/gun_explosion_a0a388e0","[""/C/gun_explosion_a0a388e0""]","gun_explosion","[""gun_explosion""]","/home/andres/Documentos/proyecto4geeks/data/raw/edge-collected-gunshot-audio/gunshot/2953714a-9fed-4926-943f-466071b77cf4_chan6_v0.wav","edge-collected-gunshot-audio","test","","True","True","True","wav","5.769","44100","Mono","32","1411200","993.81","2021-12-03 20:27:24"
"backup_d9b053a4-1ce8-4d8c-b780-f321568d51e4__v2.wav","/C/gun_explosion_a0a388e0","[""/C/gun_explosion_a0a388e0""]","gun_explosion","[""gun_explosion""]","/home/andres/Documentos/proyecto4geeks/data/raw/edge-collected-gunshot-audio/gunshot/backup_d9b053a4-1ce8-4d8c-b780-f321568d51e4__v2.wav","edge-collected-gunshot-audio","train","","True","True","True","wav","3.75","44100","Mono","32","1411200","646.05","2021-12-03 20:28:30"
"097daac2-8bc8-4c8f-a4ec-e1e6ba5735b7_chan2_v0.wav","/C/gun_explosion_a0a388e0","[""/C/gun_explosion_a0a388e0""]","gun_explosion","[""gun_explosion""]","/home/andres/Documentos/proyecto4geeks/data/raw/edge-collected-gunshot-audio/gunshot/097daac2-8bc8-4c8f-a4ec-e1e6ba5735b7_chan2_v0.wav","edge-collected-gunshot-audio","train","","True","True","True","wav","3.835","44100","Mono","32","1411200","660.7","2021-12-03 20:27:56"
"e9b3d683-c7ec-4e77-9d3b-963d30d641f7_chan2_v0.wav","/C/gun_explosion_a0a388e0","[""/C/gun_explosion_a0a388e0""]","gun_explosion","[""gun_explosion""]","/home/andres/Documentos/proyecto4geeks/data/raw/edge-collected-gunshot-audio/gunshot/e9b3d683-c7ec-4e77-9d3b-963d30d641f7_chan2_v0.wav","edge-collected-gunshot-audio","train","","True","True","True","wav","5.678","44100","Mono","32","1411200","978.2","2021-12-03 20:29:26"
"dd9aa26c-2b08-41fe-85e3-fbc36613ebb0_chan3_v0.wav","/C/gun_explosion_a0a388e0","[""/C/gun_explosion_a0a388e0""]","gun_explosion","[""gun_explosion""]","/home/andres/Documentos/proyecto4geeks/data/raw/edge-collected-gunshot-audio/gunshot/dd9aa26c-2b08-41fe-85e3-fbc36613ebb0_chan3_v0.wav","edge-collected-gunshot-audio","test","","True","True","True","wav","5.509","44100","Mono","32","1411200","949.07","2021-12-03 20:29:22"
"5bc4497c-5bcd-4114-9879-e16d05b30027_chan2_v0.wav","/C/gun_explosion_a0a388e0","[""/C/gun_explosion_a0a388e0""]","gun_explosion","[""gun_explosion""]","/home/andres/Documentos/proyecto4geeks/data/raw/edge-collected-gunshot-audio/gunshot/5bc4497c-5bcd-4114-9879-e16d05b30027_chan2_v0.wav","edge-collected-gunshot-audio","test","","True","True","True","wav","3.922","44100","Mono","32","1411200","675.62","2021-12-03 20:28:12"
"3c614c69-5845-4058-8120-5e4de147030a_v2.wav","/C/gun_explosion_a0a388e0","[""/C/gun_explosion_a0a388e0""]","gun_explosion","[""gun_explosion""]","/home/andres/Documentos/proyecto4geeks/data/raw/edge-collected-gunshot-audio/gunshot/3c614c69-5845-4058-8120-5e4de147030a_v2.wav","edge-collected-gunshot-audio","train","","True","True","True","wav","3.75","44100","Mono","32","1411200","646.05","2021-12-03 20:28:52"
"b3247aa6-f1e5-4a0d-8330-21e3ff183567_chan4_v0.wav","/C/gun_explosion_a0a388e0","[""/C/gun_explosion_a0a388e0""]","gun_explosion","[""gun_explosion""]","/home/andres/Documentos/proyecto4geeks/data/raw/edge-collected-gunshot-audio/gunshot/b3247aa6-f1e5-4a0d-8330-21e3ff183567_chan4_v0.wav","edge-collected-gunshot-audio","train","","True","True","True","wav","2.624","44100","Mono","32","1411200","452.12","2021-12-03 20:27:08"
"805e6b14-ad2f-4802-902b-53518cc81464_mean_v0.wav","/C/gun_explosion_a0a388e0","[""/C/gun_explosion_a0a388e0""]","gun_explosion","[""gun_explosion""]","/home/andres/Documentos/proyecto4geeks/data/raw/edge-collected-gunshot-audio/gunshot/805e6b14-ad2f-4802-902b-53518cc81464_mean_v0.wav","edge-collected-gunshot-audio","train","","True","True","True","wav","5.838","44100","Mono","32","1411200","1005.69","2021-12-03 20:27:04"
"6320dc5c-a956-40b8-a664-45f1edcf3b3b_chan5_v1.wav","/C/gun_explosion_a0a388e0","[""/C/gun_explosion_a0a388e0""]","gun_explosion","[""gun_explosion""]","/home/andres/Documentos/proyecto4geeks/data/raw/edge-collected-gunshot-audio/gunshot/6320dc5c-a956-40b8-a664-45f1edcf3b3b_chan5_v1.wav","edge-collected-gunshot-audio","test","","True","True","True","wav","3.75","44100","Mono","32","1411200","646.05","2021-12-03 20:27:32"
"3754edb6-7d4f-4432-820d-3829797748b7_chan1_v0.wav","/C/gun_explosion_a0a388e0","[""/C/gun_explosion_a0a388e0""]","gun_explosion","[""gun_explosion""]","/home/andres/Documentos/proyecto4geeks/data/raw/edge-collected-gunshot-audio/gunshot/3754edb6-7d4f-4432-820d-3829797748b7_chan1_v0.wav","edge-collected-gunshot-audio","train","","True","True","True","wav","2.143","44100","Mono","32","1411200","369.22","2021-12-03 20:26:56"
"e074e5f5-465f-433f-a15d-ac6512ec1de2_chan3_v0.wav","/C/gun_explosion_a0a388e0","[""/C/gun_explosion_a0a388e0""]","gun_explosion","[""gun_explosion""]","/home/andres/Documentos/proyecto4geeks/data/raw/edge-collected-gunshot-audio/gunshot/e074e5f5-465f-433f-a15d-ac6512ec1de2_chan3_v0.wav","edge-collected-gunshot-audio","test","","True","True","True","wav","5.873","44100","Mono","32","1411200","1011.72","2021-12-03 20:28:38"
"ff842455-42f4-4c3a-8ab0-0ee2085d1c32_chan6_v0.wav","/C/gun_explosion_a0a388e0","[""/C/gun_explosion_a0a388e0""]","gun_explosion","[""gun_explosion""]","/home/andres/Documentos/proyecto4geeks/data/raw/edge-collected-gunshot-audio/gunshot/ff842455-42f4-4c3a-8ab0-0ee2085d1c32_chan6_v0.wav","edge-collected-gunshot-audio","train","","True","True","True","wav","6.068","44100","Mono","32","1411200","1045.42","2021-12-03 20:29:28"
"906a6959-11b2-4a24-94c5-fce000ad00a8_chan3_v0.wav","/C/gun_explosion_a0a388e0","[""/C/gun_explosion_a0a388e0""]","gun_explosion","[""gun_explosion""]","/home/andres/Documentos/proyecto4geeks/data/raw/edge-collected-gunshot-audio/gunshot/906a6959-11b2-4a24-94c5-fce000ad00a8_chan3_v0.wav","edge-collected-gunshot-audio","train","","True","True","True","wav","2.821","44100","Mono","32","1411200","486.04","2021-12-03 20:28:22"
"57252ebc-52a3-4c77-8f76-bcfeeba95a53_chan1_v0.wav","/C/gun_explosion_a0a388e0","[""/C/gun_explosion_a0a388e0""]","gun_explosion","[""gun_explosion""]","/home/andres/Documentos/proyecto4geeks/data/raw/edge-collected-gunshot-audio/gunshot/57252ebc-52a3-4c77-8f76-bcfeeba95a53_chan1_v0.wav","edge-collected-gunshot-audio","train","","True","True","True","wav","3.75","44100","Mono","32","1411200","646.05","2021-12-03 20:27:00"
"59870dda-c047-4ab0-9016-7a4ffd65f504_chan0_v0.wav","/C/gun_explosion_a0a388e0","[""/C/gun_explosion_a0a388e0""]","gun_explosion","[""gun_explosion""]","/home/andres/Documentos/proyecto4geeks/data/raw/edge-collected-gunshot-audio/gunshot/59870dda-c047-4ab0-9016-7a4ffd65f504_chan0_v0.wav","edge-collected-gunshot-audio","train","","True","True","True","wav","3.521","44100","Mono","32","1411200","606.53","2021-12-03 20:28:56"
"9fe037df-d10f-48a0-b988-1a6202c10f46_chan1_v1.wav","/C/gun_explosion_a0a388e0","[""/C/gun_explosion_a0a388e0""]","gun_explosion","[""gun_explosion""]","/home/andres/Documentos/proyecto4geeks/data/raw/edge-collected-gunshot-audio/gunshot/9fe037df-d10f-48a0-b988-1a6202c10f46_chan1_v1.wav","edge-collected-gunshot-audio","train","","True","True","True","wav","3.454","44100","Mono","32","1411200","595.01","2021-12-03 20:28:24"
"c3e941d7-3303-4b6d-a31a-096b36b5c937_v0.wav","/C/gun_explosion_a0a388e0","[""/C/gun_explosion_a0a388e0""]","gun_explosion","[""gun_explosion""]","/home/andres/Documentos/proyecto4geeks/data/raw/edge-collected-gunshot-audio/gunshot/c3e941d7-3303-4b6d-a31a-096b36b5c937_v0.wav","edge-collected-gunshot-audio","train","","True","True","True","wav","3.75","44100","Mono","32","1411200","646.05","2021-12-03 20:27:44"
"0a7c0396-3ac7-462d-b1f6-c73243eb6865_mean_v3.wav","/C/gun_explosion_a0a388e0","[""/C/gun_explosion_a0a388e0""]","gun_explosion","[""gun_explosion""]","/home/andres/Documentos/proyecto4geeks/data/raw/edge-collected-gunshot-audio/gunshot/0a7c0396-3ac7-462d-b1f6-c73243eb6865_mean_v3.wav","edge-collected-gunshot-audio","train","","True","True","True","wav","3.75","44100","Mono","32","1411200","646.05","2021-12-03 20:27:20"
"1ad661e0-c668-444f-846e-53b74fd3b800_chan6_v0.wav","/C/gun_explosion_a0a388e0","[""/C/gun_explosion_a0a388e0""]","gun_explosion","[""gun_explosion""]","/home/andres/Documentos/proyecto4geeks/data/raw/edge-collected-gunshot-audio/gunshot/1ad661e0-c668-444f-846e-53b74fd3b800_chan6_v0.wav","edge-collected-gunshot-audio","train","","True","True","True","wav","2.377","44100","Mono","32","1411200","409.56","2021-12-03 20:26:54"
"37861b06-0455-47e7-89de-c18e357eb9c8_chan1_v0.wav","/C/gun_explosion_a0a388e0","[""/C/gun_explosion_a0a388e0""]","gun_explosion","[""gun_explosion""]","/home/andres/Documentos/proyecto4geeks/data/raw/edge-collected-gunshot-audio/gunshot/37861b06-0455-47e7-89de-c18e357eb9c8_chan1_v0.wav","edge-collected-gunshot-audio","test","","True","True","True","wav","4.768","44100","Mono","32","1411200","821.42","2021-12-03 20:28:50"
"b6bf5729-5fdb-432d-94d2-2b6c11d4c010_v2.wav","/C/gun_explosion_a0a388e0","[""/C/gun_explosion_a0a388e0""]","gun_explosion","[""gun_explosion""]","/home/andres/Documentos/proyecto4geeks/data/raw/edge-collected-gunshot-audio/gunshot/b6bf5729-5fdb-432d-94d2-2b6c11d4c010_v2.wav","edge-collected-gunshot-audio","train","","True","True","True","wav","3.75","44100","Mono","32","1411200","646.05","2021-12-03 20:27:38"
"c0b2e1a0-0ad1-485b-9df8-af37612ac034_chan3_v2.wav","/C/gun_explosion_a0a388e0","[""/C/gun_explosion_a0a388e0""]","gun_explosion","[""gun_explosion""]","/home/andres/Documentos/proyecto4geeks/data/raw/edge-collected-gunshot-audio/gunshot/c0b2e1a0-0ad1-485b-9df8-af37612ac034_chan3_v2.wav","edge-collected-gunshot-audio","train","","True","True","True","wav","3.75","44100","Mono","32","1411200","646.05","2021-12-03 20:27:42"
"545023ab-9344-4ff1-b0a7-ef5eda73893d_chan3_v0.wav","/C/gun_explosion_a0a388e0","[""/C/gun_explosion_a0a388e0""]","gun_explosion","[""gun_explosion""]","/home/andres/Documentos/proyecto4geeks/data/raw/edge-collected-gunshot-audio/gunshot/545023ab-9344-4ff1-b0a7-ef5eda73893d_chan3_v0.wav","edge-collected-gunshot-audio","train","","True","True","True","wav","3.75","44100","Mono","32","1411200","646.05","2021-12-03 20:28:10"
"1eddf0db-7c77-4e49-a5e4-544368f8b67c_chan0_v0.wav","/C/gun_explosion_a0a388e0","[""/C/gun_explosion_a0a388e0""]","gun_explosion","[""gun_explosion""]","/home/andres/Documentos/proyecto4geeks/data/raw/edge-collected-gunshot-audio/gunshot/1eddf0db-7c77-4e49-a5e4-544368f8b67c_chan0_v0.wav","edge-collected-gunshot-audio","train","","True","True","True","wav","7.07","44100","Mono","32","1411200","1218.03","2021-12-03 20:26:54"
"79a5a0ea-2fea-4b3e-9b5b-ef8689b9cacb_chan5_v0.wav","/C/gun_explosion_a0a388e0","[""/C/gun_explosion_a0a388e0""]","gun_explosion","[""gun_explosion""]","/home/andres/Documentos/proyecto4geeks/data/raw/edge-collected-gunshot-audio/gunshot/79a5a0ea-2fea-4b3e-9b5b-ef8689b9cacb_chan5_v0.wav","edge-collected-gunshot-audio","train","","True","True","True","wav","5.333","44100","Mono","32","1411200","918.67","2021-12-03 20:29:00"
"bdeb48ea-313d-44e5-8148-263c50dc53f0_chan3_v0.wav","/C/gun_explosion_a0a388e0","[""/C/gun_explosion_a0a388e0""]","gun_explosion","[""gun_explosion""]","/home/andres/Documentos/proyecto4geeks/data/raw/edge-collected-gunshot-audio/gunshot/bdeb48ea-313d-44e5-8148-263c50dc53f0_chan3_v0.wav","edge-collected-gunshot-audio","train","","True","True","True","wav","6.928","44100","Mono","32","1411200","1193.48","2021-12-03 20:27:08"
"cda2b67e-0c10-4b96-8a5d-0819fe357bea_chan1_v0.wav","/C/gun_explosion_a0a388e0","[""/C/gun_explosion_a0a388e0""]","gun_explosion","[""gun_explosion""]","/home/andres/Documentos/proyecto4geeks/data/raw/edge-collected-gunshot-audio/gunshot/cda2b67e-0c10-4b96-8a5d-0819fe357bea_chan1_v0.wav","edge-collected-gunshot-audio","train","","True","True","True","wav","2.397","44100","Mono","32","1411200","412.97","2021-12-03 20:27:44"
"42899483-3654-4ed6-af56-48662821f13a_mean_v0.wav","/C/gun_explosion_a0a388e0","[""/C/gun_explosion_a0a388e0""]","gun_explosion","[""gun_explosion""]","/home/andres/Documentos/proyecto4geeks/data/raw/edge-collected-gunshot-audio/gunshot/42899483-3654-4ed6-af56-48662821f13a_mean_v0.wav","edge-collected-gunshot-audio","train","","True","True","True","wav","5.722","44100","Mono","32","1411200","985.82","2021-12-03 20:28:52"
"5c736839-9b86-4e13-94e2-f41b1f9b670c_v0.wav","/C/gun_explosion_a0a388e0","[""/C/gun_explosion_a0a388e0""]","gun_explosion","[""gun_explosion""]","/home/andres/Documentos/proyecto4geeks/data/raw/edge-collected-gunshot-audio/gunshot/5c736839-9b86-4e13-94e2-f41b1f9b670c_v0.wav","edge-collected-gunshot-audio","test","","True","True","True","wav","5.245","44100","Mono","32","1411200","903.6","2021-12-03 20:27:30"
"fc8aad5b-6062-4512-8364-5ab905b2faea_v1.wav","/C/gun_explosion_a0a388e0","[""/C/gun_explosion_a0a388e0""]","gun_explosion","[""gun_explosion""]","/home/andres/Documentos/proyecto4geeks/data/raw/edge-collected-gunshot-audio/gunshot/fc8aad5b-6062-4512-8364-5ab905b2faea_v1.wav","edge-collected-gunshot-audio","train","","True","True","True","wav","3.75","44100","Mono","32","1411200","646.05","2021-12-03 20:27:50"
"1298fc2a-4470-4cbd-a8c7-8c6e103d7c4f_chan2_v0.wav","/C/gun_explosion_a0a388e0","[""/C/gun_explosion_a0a388e0""]","gun_explosion","[""gun_explosion""]","/home/andres/Documentos/proyecto4geeks/data/raw/edge-collected-gunshot-audio/gunshot/1298fc2a-4470-4cbd-a8c7-8c6e103d7c4f_chan2_v0.wav","edge-collected-gunshot-audio","test","","True","True","True","wav","3.75","44100","Mono","32","1411200","646.05","2021-12-03 20:28:00"
"d8a66b56-2662-4da5-bd96-2fd21ad87412_chan1_v0.wav","/C/gun_explosion_a0a388e0","[""/C/gun_explosion_a0a388e0""]","gun_explosion","[""gun_explosion""]","/home/andres/Documentos/proyecto4geeks/data/raw/edge-collected-gunshot-audio/gunshot/d8a66b56-2662-4da5-bd96-2fd21ad87412_chan1_v0.wav","edge-collected-gunshot-audio","test","","True","True","True","wav","3.75","44100","Mono","32","1411200","646.05","2021-12-03 20:27:46"
"5cb2087f-9407-45a7-80aa-9ea7a5df275f_chan2_v0.wav","/C/gun_explosion_a0a388e0","[""/C/gun_explosion_a0a388e0""]","gun_explosion","[""gun_explosion""]","/home/andres/Documentos/proyecto4geeks/data/raw/edge-collected-gunshot-audio/gunshot/5cb2087f-9407-45a7-80aa-9ea7a5df275f_chan2_v0.wav","edge-collected-gunshot-audio","test","","True","True","True","wav","3.594","44100","Mono","32","1411200","619.14","2021-12-03 20:28:12"
"afde2734-d3d4-4c25-869e-945f6fd192bb_v0.wav","/C/gun_explosion_a0a388e0","[""/C/gun_explosion_a0a388e0""]","gun_explosion","[""gun_explosion""]","/home/andres/Documentos/proyecto4geeks/data/raw/edge-collected-gunshot-audio/gunshot/afde2734-d3d4-4c25-869e-945f6fd192bb_v0.wav","edge-collected-gunshot-audio","test","","True","True","True","wav","3.75","44100","Mono","32","1411200","646.05","2021-12-03 20:28:28"
"9fe037df-d10f-48a0-b988-1a6202c10f46_chan5_v0.wav","/C/gun_explosion_a0a388e0","[""/C/gun_explosion_a0a388e0""]","gun_explosion","[""gun_explosion""]","/home/andres/Documentos/proyecto4geeks/data/raw/edge-collected-gunshot-audio/gunshot/9fe037df-d10f-48a0-b988-1a6202c10f46_chan5_v0.wav","edge-collected-gunshot-audio","train","","True","True","True","wav","3.75","44100","Mono","32","1411200","646.05","2021-12-03 20:28:26"
"5f196719-60e8-4771-b3a1-62d26c577473_mean_v0.wav","/C/gun_explosion_a0a388e0","[""/C/gun_explosion_a0a388e0""]","gun_explosion","[""gun_explosion""]","/home/andres/Documentos/proyecto4geeks/data/raw/edge-collected-gunshot-audio/gunshot/5f196719-60e8-4771-b3a1-62d26c577473_mean_v0.wav","edge-collected-gunshot-audio","train","","True","True","True","wav","3.75","44100","Mono","32","1411200","646.05","2021-12-03 20:28:14"
"c0b2e1a0-0ad1-485b-9df8-af37612ac034_chan2_v1.wav","/C/gun_explosion_a0a388e0","[""/C/gun_explosion_a0a388e0""]","gun_explosion","[""gun_explosion""]","/home/andres/Documentos/proyecto4geeks/data/raw/edge-collected-gunshot-audio/gunshot/c0b2e1a0-0ad1-485b-9df8-af37612ac034_chan2_v1.wav","edge-collected-gunshot-audio","test","","True","True","True","wav","3.75","44100","Mono","32","1411200","646.05","2021-12-03 20:27:42"
"f1ea3a1c-030f-4275-b3b4-28bb0cd694b2_chan2_v0.wav","/C/gun_explosion_a0a388e0","[""/C/gun_explosion_a0a388e0""]","gun_explosion","[""gun_explosion""]","/home/andres/Documentos/proyecto4geeks/data/raw/edge-collected-gunshot-audio/gunshot/f1ea3a1c-030f-4275-b3b4-28bb0cd694b2_chan2_v0.wav","edge-collected-gunshot-audio","train","","True","True","True","wav","5.743","44100","Mono","32","1411200","989.38","2021-12-03 20:29:26"
"c6e909ea-500d-4203-af3c-31a7339481b4_chan6_v0.wav","/C/gun_explosion_a0a388e0","[""/C/gun_explosion_a0a388e0""]","gun_explosion","[""gun_explosion""]","/home/andres/Documentos/proyecto4geeks/data/raw/edge-collected-gunshot-audio/gunshot/c6e909ea-500d-4203-af3c-31a7339481b4_chan6_v0.wav","edge-collected-gunshot-audio","test","","True","True","True","wav","4.351","44100","Mono","32","1411200","749.54","2021-12-03 20:28:32"
"a283ea70-649d-4c18-bf8b-ba4e8507455a_chan6_v0.wav","/C/gun_explosion_a0a388e0","[""/C/gun_explosion_a0a388e0""]","gun_explosion","[""gun_explosion""]","/home/andres/Documentos/proyecto4geeks/data/raw/edge-collected-gunshot-audio/gunshot/a283ea70-649d-4c18-bf8b-ba4e8507455a_chan6_v0.wav","edge-collected-gunshot-audio","train","","True","True","True","wav","3.75","44100","Mono","32","1411200","646.05","2021-12-03 20:28:26"
"0b296a57-7c53-45cd-924a-59d76c477291_v2.wav","/C/gun_explosion_a0a388e0","[""/C/gun_explosion_a0a388e0""]","gun_explosion","[""gun_explosion""]","/home/andres/Documentos/proyecto4geeks/data/raw/edge-collected-gunshot-audio/gunshot/0b296a57-7c53-45cd-924a-59d76c477291_v2.wav","edge-collected-gunshot-audio","train","","True","True","True","wav","1.75","44100","Mono","32","1411200","301.52","2021-12-03 20:28:42"
"c6e909ea-500d-4203-af3c-31a7339481b4_chan3_v0.wav","/C/gun_explosion_a0a388e0","[""/C/gun_explosion_a0a388e0""]","gun_explosion","[""gun_explosion""]","/home/andres/Documentos/proyecto4geeks/data/raw/edge-collected-gunshot-audio/gunshot/c6e909ea-500d-4203-af3c-31a7339481b4_chan3_v0.wav","edge-collected-gunshot-audio","test","","True","True","True","wav","4.347","44100","Mono","32","1411200","748.88","2021-12-03 20:28:32"
"46d64add-0759-4314-8d50-e764f78208d7_chan2_v0.wav","/C/gun_explosion_a0a388e0","[""/C/gun_explosion_a0a388e0""]","gun_explosion","[""gun_explosion""]","/home/andres/Documentos/proyecto4geeks/data/raw/edge-collected-gunshot-audio/gunshot/46d64add-0759-4314-8d50-e764f78208d7_chan2_v0.wav","edge-collected-gunshot-audio","train","","True","True","True","wav","5.18","44100","Mono","32","1411200","892.31","2021-12-03 20:27:26"
"a0e31937-1988-4fdc-8d5d-95c78b942f4f_chan1_v0.wav","/C/gun_explosion_a0a388e0","[""/C/gun_explosion_a0a388e0""]","gun_explosion","[""gun_explosion""]","/home/andres/Documentos/proyecto4geeks/data/raw/edge-collected-gunshot-audio/gunshot/a0e31937-1988-4fdc-8d5d-95c78b942f4f_chan1_v0.wav","edge-collected-gunshot-audio","test","","True","True","True","wav","2.325","44100","Mono","32","1411200","400.54","2021-12-03 20:27:36"
"0a7c0396-3ac7-462d-b1f6-c73243eb6865_chan1_v5.wav","/C/gun_explosion_a0a388e0","[""/C/gun_explosion_a0a388e0""]","gun_explosion","[""gun_explosion""]","/home/andres/Documentos/proyecto4geeks/data/raw/edge-collected-gunshot-audio/gunshot/0a7c0396-3ac7-462d-b1f6-c73243eb6865_chan1_v5.wav","edge-collected-gunshot-audio","train","","True","True","True","wav","3.75","44100","Mono","32","1411200","646.05","2021-12-03 20:27:20"
"0f9222e9-7896-4a30-b161-092a2931ebb8_v6.wav","/C/gun_explosion_a0a388e0","[""/C/gun_explosion_a0a388e0""]","gun_explosion","[""gun_explosion""]","/home/andres/Documentos/proyecto4geeks/data/raw/edge-collected-gunshot-audio/gunshot/0f9222e9-7896-4a30-b161-092a2931ebb8_v6.wav","edge-collected-gunshot-audio","train","","True","True","True","wav","2.0","44100","Mono","32","1411200","344.59","2021-12-03 20:27:58"
"d93deacb-1480-45e5-a92b-eb1988fbfd8d_chan0_v0.wav","/C/gun_explosion_a0a388e0","[""/C/gun_explosion_a0a388e0""]","gun_explosion","[""gun_explosion""]","/home/andres/Documentos/proyecto4geeks/data/raw/edge-collected-gunshot-audio/gunshot/d93deacb-1480-45e5-a92b-eb1988fbfd8d_chan0_v0.wav","edge-collected-gunshot-audio","train","","True","True","True","wav","3.75","44100","Mono","32","1411200","646.05","2021-12-03 20:27:46"
"019439aa-e146-49da-b59c-28a594fba7e2_v2.wav","/C/gun_explosion_a0a388e0","[""/C/gun_explosion_a0a388e0""]","gun_explosion","[""gun_explosion""]","/home/andres/Documentos/proyecto4geeks/data/raw/edge-collected-gunshot-audio/gunshot/019439aa-e146-49da-b59c-28a594fba7e2_v2.wav","edge-collected-gunshot-audio","train","","True","True","True","wav","2.0","44100","Mono","32","1411200","344.59","2021-12-03 20:27:54"
"e2f3a120-6fcd-4760-917d-bb03ebff63d8_chan0_v5.wav","/C/gun_explosion_a0a388e0","[""/C/gun_explosion_a0a388e0""]","gun_explosion","[""gun_explosion""]","/home/andres/Documentos/proyecto4geeks/data/raw/edge-collected-gunshot-audio/gunshot/e2f3a120-6fcd-4760-917d-bb03ebff63d8_chan0_v5.wav","edge-collected-gunshot-audio","train","","True","True","True","wav","3.75","44100","Mono","32","1411200","646.05","2021-12-03 20:27:48"
"89d8058c-af35-4851-90e4-44aa7dcb8690_chan1_v0.wav","/C/gun_explosion_a0a388e0","[""/C/gun_explosion_a0a388e0""]","gun_explosion","[""gun_explosion""]","/home/andres/Documentos/proyecto4geeks/data/raw/edge-collected-gunshot-audio/gunshot/89d8058c-af35-4851-90e4-44aa7dcb8690_chan1_v0.wav","edge-collected-gunshot-audio","train","","True","True","True","wav","3.308","44100","Mono","32","1411200","569.83","2021-12-03 20:28:20"
"89d8134d-3ca8-4ac9-8020-76dd9c33a2da_chan5_v0.wav","/C/gun_explosion_a0a388e0","[""/C/gun_explosion_a0a388e0""]","gun_explosion","[""gun_explosion""]","/home/andres/Documentos/proyecto4geeks/data/raw/edge-collected-gunshot-audio/gunshot/89d8134d-3ca8-4ac9-8020-76dd9c33a2da_chan5_v0.wav","edge-collected-gunshot-audio","train","","True","True","True","wav","3.75","44100","Mono","32","1411200","646.05","2021-12-03 20:28:20"
"backup_7c25238e-3006-484d-ba63-9b2bf0ca18f1__v2.wav","/C/gun_explosion_a0a388e0","[""/C/gun_explosion_a0a388e0""]","gun_explosion","[""gun_explosion""]","/home/andres/Documentos/proyecto4geeks/data/raw/edge-collected-gunshot-audio/gunshot/backup_7c25238e-3006-484d-ba63-9b2bf0ca18f1__v2.wav","edge-collected-gunshot-audio","train","","True","True","True","wav","3.75","44100","Mono","32","1411200","646.05","2021-12-03 20:28:30"
"be71307e-7b51-4b60-954a-d24ff75b0162_v0.wav","/C/gun_explosion_a0a388e0","[""/C/gun_explosion_a0a388e0""]","gun_explosion","[""gun_explosion""]","/home/andres/Documentos/proyecto4geeks/data/raw/edge-collected-gunshot-audio/gunshot/be71307e-7b51-4b60-954a-d24ff75b0162_v0.wav","edge-collected-gunshot-audio","test","","True","True","True","wav","4.358","44100","Mono","32","1411200","750.74","2021-12-03 20:28:32"
"bb5a8b3f-3724-456e-83e1-55f5ca5ac68a_chan2_v0.wav","/C/gun_explosion_a0a388e0","[""/C/gun_explosion_a0a388e0""]","gun_explosion","[""gun_explosion""]","/home/andres/Documentos/proyecto4geeks/data/raw/edge-collected-gunshot-audio/gunshot/bb5a8b3f-3724-456e-83e1-55f5ca5ac68a_chan2_v0.wav","edge-collected-gunshot-audio","train","","True","True","True","wav","3.75","44100","Mono","32","1411200","646.05","2021-12-03 20:28:30"
"210335ee-a2b0-411e-93de-86aaecd2c2c2_v0.wav","/C/gun_explosion_a0a388e0","[""/C/gun_explosion_a0a388e0""]","gun_explosion","[""gun_explosion""]","/home/andres/Documentos/proyecto4geeks/data/raw/edge-collected-gunshot-audio/gunshot/210335ee-a2b0-411e-93de-86aaecd2c2c2_v0.wav","edge-collected-gunshot-audio","train","","True","True","True","wav","4.358","44100","Mono","32","1411200","750.8","2021-12-03 20:28:02"
"e3223836-7826-4d8d-80df-51071b52c15a_mean_v0.wav","/C/gun_explosion_a0a388e0","[""/C/gun_explosion_a0a388e0""]","gun_explosion","[""gun_explosion""]","/home/andres/Documentos/proyecto4geeks/data/raw/edge-collected-gunshot-audio/gunshot/e3223836-7826-4d8d-80df-51071b52c15a_mean_v0.wav","edge-collected-gunshot-audio","train","","True","True","True","wav","3.75","44100","Mono","32","1411200","646.05","2021-12-03 20:28:38"
"b06fc194-a76a-48c6-8ac2-937b138adf9a_chan0_v0.wav","/C/gun_explosion_a0a388e0","[""/C/gun_explosion_a0a388e0""]","gun_explosion","[""gun_explosion""]","/home/andres/Documentos/proyecto4geeks/data/raw/edge-collected-gunshot-audio/gunshot/b06fc194-a76a-48c6-8ac2-937b138adf9a_chan0_v0.wav","edge-collected-gunshot-audio","train","","True","True","True","wav","5.889","44100","Mono","32","1411200","1014.48","2021-12-03 20:29:14"
"3c7089ad-a3ef-4159-b45c-a57cc64fa254_chan4_v0.wav","/C/gun_explosion_a0a388e0","[""/C/gun_explosion_a0a388e0""]","gun_explosion","[""gun_explosion""]","/home/andres/Documentos/proyecto4geeks/data/raw/edge-collected-gunshot-audio/gunshot/3c7089ad-a3ef-4159-b45c-a57cc64fa254_chan4_v0.wav","edge-collected-gunshot-audio","train","","True","True","True","wav","3.75","44100","Mono","32","1411200","646.05","2021-12-03 20:27:26"
"8f6c0053-4723-4bd0-a048-a07e161c1b82_v0.wav","/C/gun_explosion_a0a388e0","[""/C/gun_explosion_a0a388e0""]","gun_explosion","[""gun_explosion""]","/home/andres/Documentos/proyecto4geeks/data/raw/edge-collected-gunshot-audio/gunshot/8f6c0053-4723-4bd0-a048-a07e161c1b82_v0.wav","edge-collected-gunshot-audio","train","","True","True","True","wav","5.48","44100","Mono","32","1411200","944.1","2021-12-03 20:27:34"
"c3e941d7-3303-4b6d-a31a-096b36b5c937_v4.wav","/C/gun_explosion_a0a388e0","[""/C/gun_explosion_a0a388e0""]","gun_explosion","[""gun_explosion""]","/home/andres/Documentos/proyecto4geeks/data/raw/edge-collected-gunshot-audio/gunshot/c3e941d7-3303-4b6d-a31a-096b36b5c937_v4.wav","edge-collected-gunshot-audio","train","","True","True","True","wav","3.75","44100","Mono","32","1411200","646.05","2021-12-03 20:27:44"
"6320dc5c-a956-40b8-a664-45f1edcf3b3b_chan1_v0.wav","/C/gun_explosion_a0a388e0","[""/C/gun_explosion_a0a388e0""]","gun_explosion","[""gun_explosion""]","/home/andres/Documentos/proyecto4geeks/data/raw/edge-collected-gunshot-audio/gunshot/6320dc5c-a956-40b8-a664-45f1edcf3b3b_chan1_v0.wav","edge-collected-gunshot-audio","train","","True","True","True","wav","3.75","44100","Mono","32","1411200","646.05","2021-12-03 20:27:30"
"a494f4fa-d5fc-4b52-8e25-6804bc695ec1_chan4_v1.wav","/C/gun_explosion_a0a388e0","[""/C/gun_explosion_a0a388e0""]","gun_explosion","[""gun_explosion""]","/home/andres/Documentos/proyecto4geeks/data/raw/edge-collected-gunshot-audio/gunshot/a494f4fa-d5fc-4b52-8e25-6804bc695ec1_chan4_v1.wav","edge-collected-gunshot-audio","train","","True","True","True","wav","9.291","44100","Mono","32","1411200","1600.63","2021-12-03 20:29:12"
"a1e92cb2-7999-4a02-ad5e-d9602c622854_chan1_v0.wav","/C/gun_explosion_a0a388e0","[""/C/gun_explosion_a0a388e0""]","gun_explosion","[""gun_explosion""]","/home/andres/Documentos/proyecto4geeks/data/raw/edge-collected-gunshot-audio/gunshot/a1e92cb2-7999-4a02-ad5e-d9602c622854_chan1_v0.wav","edge-collected-gunshot-audio","train","","True","True","True","wav","3.412","44100","Mono","32","1411200","587.85","2021-12-03 20:28:26"
"519d8ad8-2ccf-4ad9-a0ba-689ee0052fae_chan1_v0.wav","/C/gun_explosion_a0a388e0","[""/C/gun_explosion_a0a388e0""]","gun_explosion","[""gun_explosion""]","/home/andres/Documentos/proyecto4geeks/data/raw/edge-collected-gunshot-audio/gunshot/519d8ad8-2ccf-4ad9-a0ba-689ee0052fae_chan1_v0.wav","edge-collected-gunshot-audio","test","","True","True","True","wav","5.181","44100","Mono","32","1411200","892.51","2021-12-03 20:27:28"
"c0b2e1a0-0ad1-485b-9df8-af37612ac034_chan5_v0.wav","/C/gun_explosion_a0a388e0","[""/C/gun_explosion_a0a388e0""]","gun_explosion","[""gun_explosion""]","/home/andres/Documentos/proyecto4geeks/data/raw/edge-collected-gunshot-audio/gunshot/c0b2e1a0-0ad1-485b-9df8-af37612ac034_chan5_v0.wav","edge-collected-gunshot-audio","test","","True","True","True","wav","3.75","44100","Mono","32","1411200","646.05","2021-12-03 20:27:42"
"c05ea797-711d-4f93-80d1-05a3e76e5c31_chan6_v0.wav","/C/gun_explosion_a0a388e0","[""/C/gun_explosion_a0a388e0""]","gun_explosion","[""gun_explosion""]","/home/andres/Documentos/proyecto4geeks/data/raw/edge-collected-gunshot-audio/gunshot/c05ea797-711d-4f93-80d1-05a3e76e5c31_chan6_v0.wav","edge-collected-gunshot-audio","train","","True","True","True","wav","5.016","44100","Mono","32","1411200","864.2","2021-12-03 20:27:40"
"0b4a7cf7-8f49-4efd-bab9-0a3102bc2fb4_chan5_v0.wav","/C/gun_explosion_a0a388e0","[""/C/gun_explosion_a0a388e0""]","gun_explosion","[""gun_explosion""]","/home/andres/Documentos/proyecto4geeks/data/raw/edge-collected-gunshot-audio/gunshot/0b4a7cf7-8f49-4efd-bab9-0a3102bc2fb4_chan5_v0.wav","edge-collected-gunshot-audio","train","","True","True","True","wav","5.75","44100","Mono","32","1411200","990.51","2021-12-03 20:26:50"
"df9c8055-a6c4-483e-ac29-6da128a2cb18_v4.wav","/C/gun_explosion_a0a388e0","[""/C/gun_explosion_a0a388e0""]","gun_explosion","[""gun_explosion""]","/home/andres/Documentos/proyecto4geeks/data/raw/edge-collected-gunshot-audio/gunshot/df9c8055-a6c4-483e-ac29-6da128a2cb18_v4.wav","edge-collected-gunshot-audio","train","","True","True","True","wav","3.75","44100","Mono","32","1411200","646.05","2021-12-03 20:27:48"
"5b4f210f-8dab-4ec7-9ae1-8f786c21b4a1_chan3_v0.wav","/C/gun_explosion_a0a388e0","[""/C/gun_explosion_a0a388e0""]","gun_explosion","[""gun_explosion""]","/home/andres/Documentos/proyecto4geeks/data/raw/edge-collected-gunshot-audio/gunshot/5b4f210f-8dab-4ec7-9ae1-8f786c21b4a1_chan3_v0.wav","edge-collected-gunshot-audio","train","","True","True","True","wav","5.405","44100","Mono","32","1411200","931.1","2021-12-03 20:27:30"
"fbd7f8cc-ad9e-4f74-8c4b-14a4af271113_mean_v0.wav","/C/gun_explosion_a0a388e0","[""/C/gun_explosion_a0a388e0""]","gun_explosion","[""gun_explosion""]","/home/andres/Documentos/proyecto4geeks/data/raw/edge-collected-gunshot-audio/gunshot/fbd7f8cc-ad9e-4f74-8c4b-14a4af271113_mean_v0.wav","edge-collected-gunshot-audio","train","","True","True","True","wav","4.615","44100","Mono","32","1411200","794.98","2021-12-03 20:27:16"
"e3223836-7826-4d8d-80df-51071b52c15a_chan2_v0.wav","/C/gun_explosion_a0a388e0","[""/C/gun_explosion_a0a388e0""]","gun_explosion","[""gun_explosion""]","/home/andres/Documentos/proyecto4geeks/data/raw/edge-collected-gunshot-audio/gunshot/e3223836-7826-4d8d-80df-51071b52c15a_chan2_v0.wav","edge-collected-gunshot-audio","train","","True","True","True","wav","3.75","44100","Mono","32","1411200","646.05","2021-12-03 20:28:38"
"89d8134d-3ca8-4ac9-8020-76dd9c33a2da_chan3_v0.wav","/C/gun_explosion_a0a388e0","[""/C/gun_explosion_a0a388e0""]","gun_explosion","[""gun_explosion""]","/home/andres/Documentos/proyecto4geeks/data/raw/edge-collected-gunshot-audio/gunshot/89d8134d-3ca8-4ac9-8020-76dd9c33a2da_chan3_v0.wav","edge-collected-gunshot-audio","train","","True","True","True","wav","3.75","44100","Mono","32","1411200","646.05","2021-12-03 20:28:20"
"e509bc91-85b5-43cf-9b71-3335089bee0a_chan1_v0.wav","/C/gun_explosion_a0a388e0","[""/C/gun_explosion_a0a388e0""]","gun_explosion","[""gun_explosion""]","/home/andres/Documentos/proyecto4geeks/data/raw/edge-collected-gunshot-audio/gunshot/e509bc91-85b5-43cf-9b71-3335089bee0a_chan1_v0.wav","edge-collected-gunshot-audio","test","","True","True","True","wav","3.369","44100","Mono","32","1411200","580.41","2021-12-03 20:27:12"
"77f0f736-5392-4d7c-bb56-29a24f710a68_v0.wav","/C/gun_explosion_a0a388e0","[""/C/gun_explosion_a0a388e0""]","gun_explosion","[""gun_explosion""]","/home/andres/Documentos/proyecto4geeks/data/raw/edge-collected-gunshot-audio/gunshot/77f0f736-5392-4d7c-bb56-29a24f710a68_v0.wav","edge-collected-gunshot-audio","test","","True","True","True","wav","4.918","44100","Mono","32","1411200","847.17","2021-12-03 20:27:04"
"cad6cdd9-faca-4577-95f4-4be31f757b0c_chan6_v0.wav","/C/gun_explosion_a0a388e0","[""/C/gun_explosion_a0a388e0""]","gun_explosion","[""gun_explosion""]","/home/andres/Documentos/proyecto4geeks/data/raw/edge-collected-gunshot-audio/gunshot/cad6cdd9-faca-4577-95f4-4be31f757b0c_chan6_v0.wav","edge-collected-gunshot-audio","train","","True","True","True","wav","3.75","44100","Mono","32","1411200","646.05","2021-12-03 20:27:10"
"524157e1-fb04-46b2-b887-8fcc84c4261a_chan2_v0.wav","/C/gun_explosion_a0a388e0","[""/C/gun_explosion_a0a388e0""]","gun_explosion","[""gun_explosion""]","/home/andres/Documentos/proyecto4geeks/data/raw/edge-collected-gunshot-audio/gunshot/524157e1-fb04-46b2-b887-8fcc84c4261a_chan2_v0.wav","edge-collected-gunshot-audio","test","","True","True","True","wav","3.75","44100","Mono","32","1411200","646.05","2021-12-03 20:28:54"
"9cd245a4-21db-41ab-98e4-0a18f0456e71_chan1_v0.wav","/C/gun_explosion_a0a388e0","[""/C/gun_explosion_a0a388e0""]","gun_explosion","[""gun_explosion""]","/home/andres/Documentos/proyecto4geeks/data/raw/edge-collected-gunshot-audio/gunshot/9cd245a4-21db-41ab-98e4-0a18f0456e71_chan1_v0.wav","edge-collected-gunshot-audio","train","","True","True","True","wav","3.508","44100","Mono","32","1411200","604.36","2021-12-03 20:28:24"
"3c7089ad-a3ef-4159-b45c-a57cc64fa254_chan2_v0.wav","/C/gun_explosion_a0a388e0","[""/C/gun_explosion_a0a388e0""]","gun_explosion","[""gun_explosion""]","/home/andres/Documentos/proyecto4geeks/data/raw/edge-collected-gunshot-audio/gunshot/3c7089ad-a3ef-4159-b45c-a57cc64fa254_chan2_v0.wav","edge-collected-gunshot-audio","test","","True","True","True","wav","3.75","44100","Mono","32","1411200","646.05","2021-12-03 20:27:26"
"3c7089ad-a3ef-4159-b45c-a57cc64fa254_mean_v0.wav","/C/gun_explosion_a0a388e0","[""/C/gun_explosion_a0a388e0""]","gun_explosion","[""gun_explosion""]","/home/andres/Documentos/proyecto4geeks/data/raw/edge-collected-gunshot-audio/gunshot/3c7089ad-a3ef-4159-b45c-a57cc64fa254_mean_v0.wav","edge-collected-gunshot-audio","train","","True","True","True","wav","3.75","44100","Mono","32","1411200","646.05","2021-12-03 20:27:26"
"e509bc91-85b5-43cf-9b71-3335089bee0a_mean_v0.wav","/C/gun_explosion_a0a388e0","[""/C/gun_explosion_a0a388e0""]","gun_explosion","[""gun_explosion""]","/home/andres/Documentos/proyecto4geeks/data/raw/edge-collected-gunshot-audio/gunshot/e509bc91-85b5-43cf-9b71-3335089bee0a_mean_v0.wav","edge-collected-gunshot-audio","train","","True","True","True","wav","3.369","44100","Mono","32","1411200","580.39","2021-12-03 20:27:14"
"8af2c7a4-73b8-4149-805d-e8632e0c9e3c_chan6_v0.wav","/C/gun_explosion_a0a388e0","[""/C/gun_explosion_a0a388e0""]","gun_explosion","[""gun_explosion""]","/home/andres/Documentos/proyecto4geeks/data/raw/edge-collected-gunshot-audio/gunshot/8af2c7a4-73b8-4149-805d-e8632e0c9e3c_chan6_v0.wav","edge-collected-gunshot-audio","train","","True","True","True","wav","2.64","44100","Mono","32","1411200","454.92","2021-12-03 20:28:22"
"d93d99f3-6228-41e9-8913-8139726aba27_v0.wav","/C/gun_explosion_a0a388e0","[""/C/gun_explosion_a0a388e0""]","gun_explosion","[""gun_explosion""]","/home/andres/Documentos/proyecto4geeks/data/raw/edge-collected-gunshot-audio/gunshot/d93d99f3-6228-41e9-8913-8139726aba27_v0.wav","edge-collected-gunshot-audio","train","","True","True","True","wav","3.25","44100","Mono","32","1411200","559.96","2021-12-03 20:27:46"
"b23e9f5b-f76c-4c28-bf87-0599a47e0ba4_chan0_v3.wav","/C/gun_explosion_a0a388e0","[""/C/gun_explosion_a0a388e0""]","gun_explosion","[""gun_explosion""]","/home/andres/Documentos/proyecto4geeks/data/raw/edge-collected-gunshot-audio/gunshot/b23e9f5b-f76c-4c28-bf87-0599a47e0ba4_chan0_v3.wav","edge-collected-gunshot-audio","train","","True","True","True","wav","7.902","44100","Mono","32","1411200","1361.33","2021-12-03 20:29:16"
"d93deacb-1480-45e5-a92b-eb1988fbfd8d_chan6_v0.wav","/C/gun_explosion_a0a388e0","[""/C/gun_explosion_a0a388e0""]","gun_explosion","[""gun_explosion""]","/home/andres/Documentos/proyecto4geeks/data/raw/edge-collected-gunshot-audio/gunshot/d93deacb-1480-45e5-a92b-eb1988fbfd8d_chan6_v0.wav","edge-collected-gunshot-audio","train","","True","True","True","wav","3.75","44100","Mono","32","1411200","646.05","2021-12-03 20:27:48"
"04d81d9d-63e9-46b1-9417-6fe40765be9a_chan0_v0.wav","/C/gun_explosion_a0a388e0","[""/C/gun_explosion_a0a388e0""]","gun_explosion","[""gun_explosion""]","/home/andres/Documentos/proyecto4geeks/data/raw/edge-collected-gunshot-audio/gunshot/04d81d9d-63e9-46b1-9417-6fe40765be9a_chan0_v0.wav","edge-collected-gunshot-audio","train","","True","True","True","wav","3.75","44100","Mono","32","1411200","646.05","2021-12-03 20:27:54"
"af1d7d22-46ed-4f2b-a2b5-fc4a5bec68bd_chan5_v0.wav","/C/gun_explosion_a0a388e0","[""/C/gun_explosion_a0a388e0""]","gun_explosion","[""gun_explosion""]","/home/andres/Documentos/proyecto4geeks/data/raw/edge-collected-gunshot-audio/gunshot/af1d7d22-46ed-4f2b-a2b5-fc4a5bec68bd_chan5_v0.wav","edge-collected-gunshot-audio","train","","True","True","True","wav","3.495","44100","Mono","32","1411200","602.11","2021-12-03 20:27:38"
"9ebba20a-9b86-462a-8ac8-4cdbf2fd4a70_chan2_v0.wav","/C/gun_explosion_a0a388e0","[""/C/gun_explosion_a0a388e0""]","gun_explosion","[""gun_explosion""]","/home/andres/Documentos/proyecto4geeks/data/raw/edge-collected-gunshot-audio/gunshot/9ebba20a-9b86-462a-8ac8-4cdbf2fd4a70_chan2_v0.wav","edge-collected-gunshot-audio","train","","True","True","True","wav","3.75","44100","Mono","32","1411200","646.05","2021-12-03 20:28:24"
"5cb2087f-9407-45a7-80aa-9ea7a5df275f_mean_v0.wav","/C/gun_explosion_a0a388e0","[""/C/gun_explosion_a0a388e0""]","gun_explosion","[""gun_explosion""]","/home/andres/Documentos/proyecto4geeks/data/raw/edge-collected-gunshot-audio/gunshot/5cb2087f-9407-45a7-80aa-9ea7a5df275f_mean_v0.wav","edge-collected-gunshot-audio","train","","True","True","True","wav","3.391","44100","Mono","32","1411200","584.17","2021-12-03 20:28:14"
"0495b86d-2f39-4912-916b-0cfbc160cf3d_chan5_v1.wav","/C/gun_explosion_a0a388e0","[""/C/gun_explosion_a0a388e0""]","gun_explosion","[""gun_explosion""]","/home/andres/Documentos/proyecto4geeks/data/raw/edge-collected-gunshot-audio/gunshot/0495b86d-2f39-4912-916b-0cfbc160cf3d_chan5_v1.wav","edge-collected-gunshot-audio","train","","True","True","True","wav","3.75","44100","Mono","32","1411200","646.05","2021-12-03 20:28:42"
"19062f3c-9b24-43eb-aa91-797a1babffc3_chan2_v0.wav","/C/gun_explosion_a0a388e0","[""/C/gun_explosion_a0a388e0""]","gun_explosion","[""gun_explosion""]","/home/andres/Documentos/proyecto4geeks/data/raw/edge-collected-gunshot-audio/gunshot/19062f3c-9b24-43eb-aa91-797a1babffc3_chan2_v0.wav","edge-collected-gunshot-audio","train","","True","True","True","wav","4.708","44100","Mono","32","1411200","811.07","2021-12-03 20:27:22"
