"audio","label","labels","human_label","human_labels","path","dataset_source","split","env","alertable","emergency","file_exists","audio_format","duration","sample_rate","channels","bit_depth","bit_velocity","size","date_modification"
"Violence (216).wav","/C/fight_9e6417eb","[""/C/fight_9e6417eb""]","fight","[""fight""]","/home/andres/Documentos/proyecto4geeks/data/raw/emergencysound/Violence/Violence (216).wav","emergencysound","train","","True","True","True","wav","1.0","44100","Mono","16","705600","86.18","2025-09-25 17:15:22"
"Violence (99).wav","/C/fight_9e6417eb","[""/C/fight_9e6417eb""]","fight","[""fight""]","/home/andres/Documentos/proyecto4geeks/data/raw/emergencysound/Violence/Violence (99).wav","emergencysound","test","","True","True","True","wav","1.0","44100","Mono","16","705600","86.18","2025-09-25 17:15:24"
"Violence (17).wav","/C/fight_9e6417eb","[""/C/fight_9e6417eb""]","fight","[""fight""]","/home/andres/Documentos/proyecto4geeks/data/raw/emergencysound/Violence/Violence (17).wav","emergencysound","train","","True","True","True","wav","1.0","44100","Mono","16","705600","86.18","2025-09-25 17:15:22"
"Violence (5).wav","/C/fight_9e6417eb","[""/C/fight_9e6417eb""]","fight","[""fight""]","/home/andres/Documentos/proyecto4geeks/data/raw/emergencysound/Violence/Violence (5).wav","emergencysound","train","","True","True","True","wav","1.0","44100","Mono","16","705600","86.18","2025-09-25 17:15:24"
"Violence (159).wav","/C/fight_9e6417eb","[""/C/fight_9e6417eb""]","fight","[""fight""]","/home/andres/Documentos/proyecto4geeks/data/raw/emergencysound/Violence/Violence (159).wav","emergencysound","test","","True","True","True","wav","1.0","44100","Mono","16","705600","86.18","2025-09-25 17:15:22"
"Violence (162).wav","/C/fight_9e6417eb","[""/C/fight_9e6417eb""]","fight","[""fight""]","/home/andres/Documentos/proyecto4geeks/data/raw/emergencysound/Violence/Violence (162).wav","emergencysound","train","","True","True","True","wav","1.0","44100","Mono","16","705600","86.18","2025-09-25 17:15:22"
"Violence (324).wav","/C/fight_9e6417eb","[""/C/fight_9e6417eb""]","fight","[""fight""]","/home/andres/Documentos/proyecto4geeks/data/raw/emergencysound/Violence/Violence (324).wav","emergencysound","train","","True","True","True","wav","1.0","44100","Mono","16","705600","86.18","2025-09-25 17:15:24"
"Violence (308).wav","/C/fight_9e6417eb","[""/C/fight_9e6417eb""]","fight","[""fight""]","/home/andres/Documentos/proyecto4geeks/data/raw/emergencysound/Violence/Violence (308).wav","emergencysound","train","","True","True","True","wav","1.0","44100","Mono","16","705600","86.18","2025-09-25 17:15:24"
"Violence (235).wav","/C/fight_9e6417eb","[""/C/fight_9e6417eb""]","fight","[""fight""]","/home/andres/Documentos/proyecto4geeks/data/raw/emergencysound/Violence/Violence (235).wav","emergencysound","train","","True","True","True","wav","1.0","44100","Mono","16","705600","86.18","2025-09-25 17:15:22"
"Violence (184).wav","/C/fight_9e6417eb","[""/C/fight_9e6417eb""]","fight","[""fight""]","/home/andres/Documentos/proyecto4geeks/data/raw/emergencysound/Violence/Violence (184).wav","emergencysound","train","","True","True","True","wav","1.0","44100","Mono","16","705600","86.18","2025-09-25 17:15:22"
"Violence (239).wav","/C/fight_9e6417eb","[""/C/fight_9e6417eb""]","fight","[""fight""]","/home/andres/Documentos/proyecto4geeks/data/raw/emergencysound/Violence/Violence (239).wav","emergencysound","train","","True","True","True","wav","1.0","44100","Mono","16","705600","86.18","2025-09-25 17:15:22"
"Violence (321).wav","/C/fight_9e6417eb","[""/C/fight_9e6417eb""]","fight","[""fight""]","/home/andres/Documentos/proyecto4geeks/data/raw/emergencysound/Violence/Violence (321).wav","emergencysound","train","","True","True","True","wav","1.0","44100","Mono","16","705600","86.18","2025-09-25 17:15:24"
"Violence (144).wav","/C/fight_9e6417eb","[""/C/fight_9e6417eb""]","fight","[""fight""]","/home/andres/Documentos/proyecto4geeks/data/raw/emergencysound/Violence/Violence (144).wav","emergencysound","train","","True","True","True","wav","1.0","44100","Mono","16","705600","86.18","2025-09-25 17:15:22"
"Violence (10).wav","/C/fight_9e6417eb","[""/C/fight_9e6417eb""]","fight","[""fight""]","/home/andres/Documentos/proyecto4geeks/data/raw/emergencysound/Violence/Violence (10).wav","emergencysound","test","","True","True","True","wav","1.0","44100","Mono","16","705600","86.18","2025-09-25 17:15:22"
"Violence (291).wav","/C/fight_9e6417eb","[""/C/fight_9e6417eb""]","fight","[""fight""]","/home/andres/Documentos/proyecto4geeks/data/raw/emergencysound/Violence/Violence (291).wav","emergencysound","test","","True","True","True","wav","1.0","44100","Mono","16","705600","86.18","2025-09-25 17:15:22"
"Violence (208).wav","/C/fight_9e6417eb","[""/C/fight_9e6417eb""]","fight","[""fight""]","/home/andres/Documentos/proyecto4geeks/data/raw/emergencysound/Violence/Violence (208).wav","emergencysound","train","","True","True","True","wav","1.0","44100","Mono","16","705600","86.18","2025-09-25 17:15:22"
"Violence (220).wav","/C/fight_9e6417eb","[""/C/fight_9e6417eb""]","fight","[""fight""]","/home/andres/Documentos/proyecto4geeks/data/raw/emergencysound/Violence/Violence (220).wav","emergencysound","train","","True","True","True","wav","1.0","44100","Mono","16","705600","86.18","2025-09-25 17:15:22"
"Violence (215).wav","/C/fight_9e6417eb","[""/C/fight_9e6417eb""]","fight","[""fight""]","/home/andres/Documentos/proyecto4geeks/data/raw/emergencysound/Violence/Violence (215).wav","emergencysound","train","","True","True","True","wav","1.0","44100","Mono","16","705600","86.18","2025-09-25 17:15:22"
"Violence (295).wav","/C/fight_9e6417eb","[""/C/fight_9e6417eb""]","fight","[""fight""]","/home/andres/Documentos/proyecto4geeks/data/raw/emergencysound/Violence/Violence (295).wav","emergencysound","train","","True","True","True","wav","1.0","44100","Mono","16","705600","86.18","2025-09-25 17:15:22"
"Violence (167).wav","/C/fight_9e6417eb","[""/C/fight_9e6417eb""]","fight","[""fight""]","/home/andres/Documentos/proyecto4geeks/data/raw/emergencysound/Violence/Violence (167).wav","emergencysound","train","","True","True","True","wav","1.0","44100","Mono","16","705600","86.18","2025-09-25 17:15:22"
"Violence (68).wav","/C/fight_9e6417eb","[""/C/fight_9e6417eb""]","fight","[""fight""]","/home/andres/Documentos/proyecto4geeks/data/raw/emergencysound/Violence/Violence (68).wav","emergencysound","test","","True","True","True","wav","1.0","44100","Mono","16","705600","86.18","2025-09-25 17:15:24"
"Violence (26).wav","/C/fight_9e6417eb","[""/C/fight_9e6417eb""]","fight","[""fight""]","/home/andres/Documentos/proyecto4geeks/data/raw/emergencysound/Violence/Violence (26).wav","emergencysound","test","","True","True","True","wav","1.0","44100","Mono","16","705600","86.18","2025-09-25 17:15:22"
"Violence (119).wav","/C/fight_9e6417eb","[""/C/fight_9e6417eb""]","fight","[""fight""]","/home/andres/Documentos/proyecto4geeks/data/raw/emergencysound/Violence/Violence (119).wav","emergencysound","train","","True","True","True","wav","1.0","44100","Mono","16","705600","86.18","2025-09-25 17:15:22"
"Violence (319).wav","/C/fight_9e6417eb","[""/C/fight_9e6417eb""]","fight","[""fight""]","/home/andres/Documentos/proyecto4geeks/data/raw/emergencysound/Violence/Violence (319).wav","emergencysound","train","","True","True","True","wav","1.0","44100","Mono","16","705600","86.18","2025-09-25 17:15:24"
"Violence (303).wav","/C/fight_9e6417eb","[""/C/fight_9e6417eb""]","fight","[""fight""]","/home/andres/Documentos/proyecto4geeks/data/raw/emergencysound/Violence/Violence (303).wav","emergencysound","train","","True","True","True","wav","1.0","44100","Mono","16","705600","86.18","2025-09-25 17:15:22"
"Violence (40).wav","/C/fight_9e6417eb","[""/C/fight_9e6417eb""]","fight","[""fight""]","/home/andres/Documentos/proyecto4geeks/data/raw/emergencysound/Violence/Violence (40).wav","emergencysound","train","","True","True","True","wav","1.0","44100","Mono","16","705600","86.18","2025-09-25 17:15:24"
"Violence (116).wav","/C/fight_9e6417eb","[""/C/fight_9e6417eb""]","fight","[""fight""]","/home/andres/Documentos/proyecto4geeks/data/raw/emergencysound/Violence/Violence (116).wav","emergencysound","train","","True","True","True","wav","1.0","44100","Mono","16","705600","86.18","2025-09-25 17:15:22"
"Violence (127).wav","/C/fight_9e6417eb","[""/C/fight_9e6417eb""]","fight","[""fight""]","/home/andres/Documentos/proyecto4geeks/data/raw/emergencysound/Violence/Violence (127).wav","emergencysound","test","","True","True","True","wav","1.0","44100","Mono","16","705600","86.18","2025-09-25 17:15:22"
"Violence (31).wav","/C/fight_9e6417eb","[""/C/fight_9e6417eb""]","fight","[""fight""]","/home/andres/Documentos/proyecto4geeks/data/raw/emergencysound/Violence/Violence (31).wav","emergencysound","train","","True","True","True","wav","1.0","44100","Mono","16","705600","86.18","2025-09-25 17:15:24"
"Violence (52).wav","/C/fight_9e6417eb","[""/C/fight_9e6417eb""]","fight","[""fight""]","/home/andres/Documentos/proyecto4geeks/data/raw/emergencysound/Violence/Violence (52).wav","emergencysound","train","","True","True","True","wav","1.0","44100","Mono","16","705600","86.18","2025-09-25 17:15:24"
"Violence (188).wav","/C/fight_9e6417eb","[""/C/fight_9e6417eb""]","fight","[""fight""]","/home/andres/Documentos/proyecto4geeks/data/raw/emergencysound/Violence/Violence (188).wav","emergencysound","train","","True","True","True","wav","1.0","44100","Mono","16","705600","86.18","2025-09-25 17:15:22"
"Violence (131).wav","/C/fight_9e6417eb","[""/C/fight_9e6417eb""]","fight","[""fight""]","/home/andres/Documentos/proyecto4geeks/data/raw/emergencysound/Violence/Violence (131).wav","emergencysound","train","","True","True","True","wav","1.0","44100","Mono","16","705600","86.18","2025-09-25 17:15:22"
"Violence (241).wav","/C/fight_9e6417eb","[""/C/fight_9e6417eb""]","fight","[""fight""]","/home/andres/Documentos/proyecto4geeks/data/raw/emergencysound/Violence/Violence (241).wav","emergencysound","test","","True","True","True","wav","1.0","44100","Mono","16","705600","86.18","2025-09-25 17:15:22"
"Violence (248).wav","/C/fight_9e6417eb","[""/C/fight_9e6417eb""]","fight","[""fight""]","/home/andres/Documentos/proyecto4geeks/data/raw/emergencysound/Violence/Violence (248).wav","emergencysound","train","","True","True","True","wav","1.0","44100","Mono","16","705600","86.18","2025-09-25 17:15:22"
"Violence (185).wav","/C/fight_9e6417eb","[""/C/fight_9e6417eb""]","fight","[""fight""]","/home/andres/Documentos/proyecto4geeks/data/raw/emergencysound/Violence/Violence (185).wav","emergencysound","test","","True","True","True","wav","1.0","44100","Mono","16","705600","86.18","2025-09-25 17:15:22"
"Violence (53).wav","/C/fight_9e6417eb","[""/C/fight_9e6417eb""]","fight","[""fight""]","/home/andres/Documentos/proyecto4geeks/data/raw/emergencysound/Violence/Violence (53).wav","emergencysound","test","","True","True","True","wav","1.0","44100","Mono","16","705600","86.18","2025-09-25 17:15:24"
"Violence (71).wav","/C/fight_9e6417eb","[""/C/fight_9e6417eb""]","fight","[""fight""]","/home/andres/Documentos/proyecto4geeks/data/raw/emergencysound/Violence/Violence (71).wav","emergencysound","train","","True","True","True","wav","1.0","44100","Mono","16","705600","86.18","2025-09-25 17:15:24"
"Violence (327).wav","/C/fight_9e6417eb","[""/C/fight_9e6417eb""]","fight","[""fight""]","/home/andres/Documentos/proyecto4geeks/data/raw/emergencysound/Violence/Violence (327).wav","emergencysound","train","","True","True","True","wav","1.0","44100","Mono","16","705600","86.18","2025-09-25 17:15:24"
"Violence (48).wav","/C/fight_9e6417eb","[""/C/fight_9e6417eb""]","fight","[""fight""]","/home/andres/Documentos/proyecto4geeks/data/raw/emergencysound/Violence/Violence (48).wav","emergencysound","train","","True","True","True","wav","1.0","44100","Mono","16","705600","86.18","2025-09-25 17:15:24"
"Violence (164).wav","/C/fight_9e6417eb","[""/C/fight_9e6417eb""]","fight","[""fight""]","/home/andres/Documentos/proyecto4geeks/data/raw/emergencysound/Violence/Violence (164).wav","emergencysound","train","","True","True","True","wav","1.0","44100","Mono","16","705600","86.18","2025-09-25 17:15:22"
"Violence (58).wav","/C/fight_9e6417eb","[""/C/fight_9e6417eb""]","fight","[""fight""]","/home/andres/Documentos/proyecto4geeks/data/raw/emergencysound/Violence/Violence (58).wav","emergencysound","test","","True","True","True","wav","1.0","44100","Mono","16","705600","86.18","2025-09-25 17:15:24"
"Violence (138).wav","/C/fight_9e6417eb","[""/C/fight_9e6417eb""]","fight","[""fight""]","/home/andres/Documentos/proyecto4geeks/data/raw/emergencysound/Violence/Violence (138).wav","emergencysound","train","","True","True","True","wav","1.0","44100","Mono","16","705600","86.18","2025-09-25 17:15:22"
"Violence (44).wav","/C/fight_9e6417eb","[""/C/fight_9e6417eb""]","fight","[""fight""]","/home/andres/Documentos/proyecto4geeks/data/raw/emergencysound/Violence/Violence (44).wav","emergencysound","train","","True","True","True","wav","1.0","44100","Mono","16","705600","86.18","2025-09-25 17:15:24"
"Violence (251).wav","/C/fight_9e6417eb","[""/C/fight_9e6417eb""]","fight","[""fight""]","/home/andres/Documentos/proyecto4geeks/data/raw/emergencysound/Violence/Violence (251).wav","emergencysound","train","","True","True","True","wav","1.0","44100","Mono","16","705600","86.18","2025-09-25 17:15:22"
"Violence (120).wav","/C/fight_9e6417eb","[""/C/fight_9e6417eb""]","fight","[""fight""]","/home/andres/Documentos/proyecto4geeks/data/raw/emergencysound/Violence/Violence (120).wav","emergencysound","train","","True","True","True","wav","1.0","44100","Mono","16","705600","86.18","2025-09-25 17:15:22"
"Violence (262).wav","/C/fight_9e6417eb","[""/C/fight_9e6417eb""]","fight","[""fight""]","/home/andres/Documentos/proyecto4geeks/data/raw/emergencysound/Violence/Violence (262).wav","emergencysound","train","","True","True","True","wav","1.0","44100","Mono","16","705600","86.18","2025-09-25 17:15:22"
"Violence (143).wav","/C/fight_9e6417eb","[""/C/fight_9e6417eb""]","fight","[""fight""]","/home/andres/Documentos/proyecto4geeks/data/raw/emergencysound/Violence/Violence (143).wav","emergencysound","train","","True","True","True","wav","1.0","44100","Mono","16","705600","86.18","2025-09-25 17:15:22"
"Violence (87).wav","/C/fight_9e6417eb","[""/C/fight_9e6417eb""]","fight","[""fight""]","/home/andres/Documentos/proyecto4geeks/data/raw/emergencysound/Violence/Violence (87).wav","emergencysound","test","","True","True","True","wav","1.0","44100","Mono","16","705600","86.18","2025-09-25 17:15:24"
"Violence (56).wav","/C/fight_9e6417eb","[""/C/fight_9e6417eb""]","fight","[""fight""]","/home/andres/Documentos/proyecto4geeks/data/raw/emergencysound/Violence/Violence (56).wav","emergencysound","train","","True","True","True","wav","1.0","44100","Mono","16","705600","86.18","2025-09-25 17:15:24"
"Violence (264).wav","/C/fight_9e6417eb","[""/C/fight_9e6417eb""]","fight","[""fight""]","/home/andres/Documentos/proyecto4geeks/data/raw/emergencysound/Violence/Violence (264).wav","emergencysound","train","","True","True","True","wav","1.0","44100","Mono","16","705600","86.18","2025-09-25 17:15:22"
"Violence (110).wav","/C/fight_9e6417eb","[""/C/fight_9e6417eb""]","fight","[""fight""]","/home/andres/Documentos/proyecto4geeks/data/raw/emergencysound/Violence/Violence (110).wav","emergencysound","train","","True","True","True","wav","1.0","44100","Mono","16","705600","86.18","2025-09-25 17:15:22"
"Violence (9).wav","/C/fight_9e6417eb","[""/C/fight_9e6417eb""]","fight","[""fight""]","/home/andres/Documentos/proyecto4geeks/data/raw/emergencysound/Violence/Violence (9).wav","emergencysound","train","","True","True","True","wav","1.0","44100","Mono","16","705600","86.18","2025-09-25 17:15:24"
"Violence (311).wav","/C/fight_9e6417eb","[""/C/fight_9e6417eb""]","fight","[""fight""]","/home/andres/Documentos/proyecto4geeks/data/raw/emergencysound/Violence/Violence (311).wav","emergencysound","test","","True","True","True","wav","1.0","44100","Mono","16","705600","86.18","2025-09-25 17:15:24"
"Violence (163).wav","/C/fight_9e6417eb","[""/C/fight_9e6417eb""]","fight","[""fight""]","/home/andres/Documentos/proyecto4geeks/data/raw/emergencysound/Violence/Violence (163).wav","emergencysound","train","","True","True","True","wav","1.0","44100","Mono","16","705600","86.18","2025-09-25 17:15:22"
"Violence (329).wav","/C/fight_9e6417eb","[""/C/fight_9e6417eb""]","fight","[""fight""]","/home/andres/Documentos/proyecto4geeks/data/raw/emergencysound/Violence/Violence (329).wav","emergencysound","train","","True","True","True","wav","1.0","44100","Mono","16","705600","86.18","2025-09-25 17:15:24"
"Violence (314).wav","/C/fight_9e6417eb","[""/C/fight_9e6417eb""]","fight","[""fight""]","/home/andres/Documentos/proyecto4geeks/data/raw/emergencysound/Violence/Violence (314).wav","emergencysound","train","","True","True","True","wav","0.671","44100","Mono","16","705600","57.81","2025-09-25 17:15:24"
"Violence (115).wav","/C/fight_9e6417eb","[""/C/fight_9e6417eb""]","fight","[""fight""]","/home/andres/Documentos/proyecto4geeks/data/raw/emergencysound/Violence/Violence (115).wav","emergencysound","train","","True","True","True","wav","1.0","44100","Mono","16","705600","86.18","2025-09-25 17:15:22"
"Violence (158).wav","/C/fight_9e6417eb","[""/C/fight_9e6417eb""]","fight","[""fight""]","/home/andres/Documentos/proyecto4geeks/data/raw/emergencysound/Violence/Violence (158).wav","emergencysound","train","","True","True","True","wav","1.0","44100","Mono","16","705600","86.18","2025-09-25 17:15:22"
"Violence (212).wav","/C/fight_9e6417eb","[""/C/fight_9e6417eb""]","fight","[""fight""]","/home/andres/Documentos/proyecto4geeks/data/raw/emergencysound/Violence/Violence (212).wav","emergencysound","test","","True","True","True","wav","1.0","44100","Mono","16","705600","86.18","2025-09-25 17:15:22"
"Violence (254).wav","/C/fight_9e6417eb","[""/C/fight_9e6417eb""]","fight","[""fight""]","/home/andres/Documentos/proyecto4geeks/data/raw/emergencysound/Violence/Violence (254).wav","emergencysound","train","","True","True","True","wav","1.0","44100","Mono","16","705600","86.18","2025-09-25 17:15:22"
"Violence (289).wav","/C/fight_9e6417eb","[""/C/fight_9e6417eb""]","fight","[""fight""]","/home/andres/Documentos/proyecto4geeks/data/raw/emergencysound/Violence/Violence (289).wav","emergencysound","train","","True","True","True","wav","1.0","44100","Mono","16","705600","86.18","2025-09-25 17:15:22"
"Violence (246).wav","/C/fight_9e6417eb","[""/C/fight_9e6417eb""]","fight","[""fight""]","/home/andres/Documentos/proyecto4geeks/data/raw/emergencysound/Violence/Violence (246).wav","emergencysound","train","","True","True","True","wav","1.0","44100","Mono","16","705600","86.18","2025-09-25 17:15:22"
"Violence (25).wav","/C/fight_9e6417eb","[""/C/fight_9e6417eb""]","fight","[""fight""]","/home/andres/Documentos/proyecto4geeks/data/raw/emergencysound/Violence/Violence (25).wav","emergencysound","test","","True","True","True","wav","1.0","44100","Mono","16","705600","86.18","2025-09-25 17:15:22"
"Violence (16).wav","/C/fight_9e6417eb","[""/C/fight_9e6417eb""]","fight","[""fight""]","/home/andres/Documentos/proyecto4geeks/data/raw/emergencysound/Violence/Violence (16).wav","emergencysound","train","","True","True","True","wav","1.0","44100","Mono","16","705600","86.18","2025-09-25 17:15:22"
"Violence (161).wav","/C/fight_9e6417eb","[""/C/fight_9e6417eb""]","fight","[""fight""]","/home/andres/Documentos/proyecto4geeks/data/raw/emergencysound/Violence/Violence (161).wav","emergencysound","test","","True","True","True","wav","1.0","44100","Mono","16","705600","86.18","2025-09-25 17:15:22"
"Violence (268).wav","/C/fight_9e6417eb","[""/C/fight_9e6417eb""]","fight","[""fight""]","/home/andres/Documentos/proyecto4geeks/data/raw/emergencysound/Violence/Violence (268).wav","emergencysound","train","","True","True","True","wav","1.0","44100","Mono","16","705600","86.18","2025-09-25 17:15:22"
"Violence (38).wav","/C/fight_9e6417eb","[""/C/fight_9e6417eb""]","fight","[""fight""]","/home/andres/Documentos/proyecto4geeks/data/raw/emergencysound/Violence/Violence (38).wav","emergencysound","train","","True","True","True","wav","1.0","44100","Mono","16","705600","86.18","2025-09-25 17:15:24"
"Violence (223).wav","/C/fight_9e6417eb","[""/C/fight_9e6417eb""]","fight","[""fight""]","/home/andres/Documentos/proyecto4geeks/data/raw/emergencysound/Violence/Violence (223).wav","emergencysound","train","","True","True","True","wav","1.0","44100","Mono","16","705600","86.18","2025-09-25 17:15:22"
"Violence (102).wav","/C/fight_9e6417eb","[""/C/fight_9e6417eb""]","fight","[""fight""]","/home/andres/Documentos/proyecto4geeks/data/raw/emergencysound/Violence/Violence (102).wav","emergencysound","train","","True","True","True","wav","1.0","44100","Mono","16","705600","86.18","2025-09-25 17:15:22"
"Violence (288).wav","/C/fight_9e6417eb","[""/C/fight_9e6417eb""]","fight","[""fight""]","/home/andres/Documentos/proyecto4geeks/data/raw/emergencysound/Violence/Violence (288).wav","emergencysound","train","","True","True","True","wav","1.0","44100","Mono","16","705600","86.18","2025-09-25 17:15:22"
"Violence (275).wav","/C/fight_9e6417eb","[""/C/fight_9e6417eb""]","fight","[""fight""]","/home/andres/Documentos/proyecto4geeks/data/raw/emergencysound/Violence/Violence (275).wav","emergencysound","train","","True","True","True","wav","1.0","44100","Mono","16","705600","86.18","2025-09-25 17:15:22"
"Violence (306).wav","/C/fight_9e6417eb","[""/C/fight_9e6417eb""]","fight","[""fight""]","/home/andres/Documentos/proyecto4geeks/data/raw/emergencysound/Violence/Violence (306).wav","emergencysound","test","","True","True","True","wav","1.0","44100","Mono","16","705600","86.18","2025-09-25 17:15:22"
"Violence (114).wav","/C/fight_9e6417eb","[""/C/fight_9e6417eb""]","fight","[""fight""]","/home/andres/Documentos/proyecto4geeks/data/raw/emergencysound/Violence/Violence (114).wav","emergencysound","train","","True","True","True","wav","1.0","44100","Mono","16","705600","86.18","2025-09-25 17:15:22"
"Violence (146).wav","/C/fight_9e6417eb","[""/C/fight_9e6417eb""]","fight","[""fight""]","/home/andres/Documentos/proyecto4geeks/data/raw/emergencysound/Violence/Violence (146).wav","emergencysound","train","","True","True","True","wav","1.0","44100","Mono","16","705600","86.18","2025-09-25 17:15:22"
"Violence (309).wav","/C/fight_9e6417eb","[""/C/fight_9e6417eb""]","fight","[""fight""]","/home/andres/Documentos/proyecto4geeks/data/raw/emergencysound/Violence/Violence (309).wav","emergencysound","train","","True","True","True","wav","1.0","44100","Mono","16","705600","86.18","2025-09-25 17:15:24"
"Violence (175).wav","/C/fight_9e6417eb","[""/C/fight_9e6417eb""]","fight","[""fight""]","/home/andres/Documentos/proyecto4geeks/data/raw/emergencysound/Violence/Violence (175).wav","emergencysound","train","","True","True","True","wav","1.0","44100","Mono","16","705600","86.18","2025-09-25 17:15:22"
"Violence (285).wav","/C/fight_9e6417eb","[""/C/fight_9e6417eb""]","fight","[""fight""]","/home/andres/Documentos/proyecto4geeks/data/raw/emergencysound/Violence/Violence (285).wav","emergencysound","train","","True","True","True","wav","1.0","44100","Mono","16","705600","86.18","2025-09-25 17:15:22"
"Violence (37).wav","/C/fight_9e6417eb","[""/C/fight_9e6417eb""]","fight","[""fight""]","/home/andres/Documentos/proyecto4geeks/data/raw/emergencysound/Violence/Violence (37).wav","emergencysound","train","","True","True","True","wav","1.0","44100","Mono","16","705600","86.18","2025-09-25 17:15:24"
"Violence (267).wav","/C/fight_9e6417eb","[""/C/fight_9e6417eb""]","fight","[""fight""]","/home/andres/Documentos/proyecto4geeks/data/raw/emergencysound/Violence/Violence (267).wav","emergencysound","train","","True","True","True","wav","1.0","44100","Mono","16","705600","86.18","2025-09-25 17:15:22"
"Violence (35).wav","/C/fight_9e6417eb","[""/C/fight_9e6417eb""]","fight","[""fight""]","/home/andres/Documentos/proyecto4geeks/data/raw/emergencysound/Violence/Violence (35).wav","emergencysound","train","","True","True","True","wav","1.0","44100","Mono","16","705600","86.18","2025-09-25 17:15:24"
"Violence (101).wav","/C/fight_9e6417eb","[""/C/fight_9e6417eb""]","fight","[""fight""]","/home/andres/Documentos/proyecto4geeks/data/raw/emergencysound/Violence/Violence (101).wav","emergencysound","test","","True","True","True","wav","1.0","44100","Mono","16","705600","86.18","2025-09-25 17:15:22"
"Violence (15).wav","/C/fight_9e6417eb","[""/C/fight_9e6417eb""]","fight","[""fight""]","/home/andres/Documentos/proyecto4geeks/data/raw/emergencysound/Violence/Violence (15).wav","emergencysound","train","","True","True","True","wav","1.0","44100","Mono","16","705600","86.18","2025-09-25 17:15:22"
"Violence (150).wav","/C/fight_9e6417eb","[""/C/fight_9e6417eb""]","fight","[""fight""]","/home/andres/Documentos/proyecto4geeks/data/raw/emergencysound/Violence/Violence (150).wav","emergencysound","train","","True","True","True","wav","1.0","44100","Mono","16","705600","86.18","2025-09-25 17:15:22"
"Violence (198).wav","/C/fight_9e6417eb","[""/C/fight_9e6417eb""]","fight","[""fight""]","/home/andres/Documentos/proyecto4geeks/data/raw/emergencysound/Violence/Violence (198).wav","emergencysound","train","","True","True","True","wav","1.0","44100","Mono","16","705600","86.18","2025-09-25 17:15:22"
"Violence (225).wav","/C/fight_9e6417eb","[""/C/fight_9e6417eb""]","fight","[""fight""]","/home/andres/Documentos/proyecto4geeks/data/raw/emergencysound/Violence/Violence (225).wav","emergencysound","train","","True","True","True","wav","1.0","44100","Mono","16","705600","86.18","2025-09-25 17:15:22"
"Violence (294).wav","/C/fight_9e6417eb","[""/C/fight_9e6417eb""]","fight","[""fight""]","/home/andres/Documentos/proyecto4geeks/data/raw/emergencysound/Violence/Violence (294).wav","emergencysound","test","","True","True","True","wav","1.0","44100","Mono","16","705600","86.18","2025-09-25 17:15:22"
"Violence (310).wav","/C/fight_9e6417eb","[""/C/fight_9e6417eb""]","fight","[""fight""]","/home/andres/Documentos/proyecto4geeks/data/raw/emergencysound/Violence/Violence (310).wav","emergencysound","train","","True","True","True","wav","1.0","44100","Mono","16","705600","86.18","2025-09-25 17:15:24"
"Violence (28).wav","/C/fight_9e6417eb","[""/C/fight_9e6417eb""]","fight","[""fight""]","/home/andres/Documentos/proyecto4geeks/data/raw/emergencysound/Violence/Violence (28).wav","emergencysound","test","","True","True","True","wav","1.0","44100","Mono","16","705600","86.18","2025-09-25 17:15:22"
"Violence (106).wav","/C/fight_9e6417eb","[""/C/fight_9e6417eb""]","fight","[""fight""]","/home/andres/Documentos/proyecto4geeks/data/raw/emergencysound/Violence/Violence (106).wav","emergencysound","train","","True","True","True","wav","1.0","44100","Mono","16","705600","86.18","2025-09-25 17:15:22"
"Violence (307).wav","/C/fight_9e6417eb","[""/C/fight_9e6417eb""]","fight","[""fight""]","/home/andres/Documentos/proyecto4geeks/data/raw/emergencysound/Violence/Violence (307).wav","emergencysound","train","","True","True","True","wav","1.0","44100","Mono","16","705600","86.18","2025-09-25 17:15:24"
"Violence (281).wav","/C/fight_9e6417eb","[""/C/fight_9e6417eb""]","fight","[""fight""]","/home/andres/Documentos/proyecto4geeks/data/raw/emergencysound/Violence/Violence (281).wav","emergencysound","train","","True","True","True","wav","1.0","44100","Mono","16","705600","86.18","2025-09-25 17:15:22"
"Violence (70).wav","/C/fight_9e6417eb","[""/C/fight_9e6417eb""]","fight","[""fight""]","/home/andres/Documentos/proyecto4geeks/data/raw/emergencysound/Violence/Violence (70).wav","emergencysound","test","","True","True","True","wav","1.0","44100","Mono","16","705600","86.18","2025-09-25 17:15:24"
"Violence (301).wav","/C/fight_9e6417eb","[""/C/fight_9e6417eb""]","fight","[""fight""]","/home/andres/Documentos/proyecto4geeks/data/raw/emergencysound/Violence/Violence (301).wav","emergencysound","train","","True","True","True","wav","1.0","44100","Mono","16","705600","86.18","2025-09-25 17:15:22"
"Violence (221).wav","/C/fight_9e6417eb","[""/C/fight_9e6417eb""]","fight","[""fight""]","/home/andres/Documentos/proyecto4geeks/data/raw/emergencysound/Violence/Violence (221).wav","emergencysound","train","","True","True","True","wav","1.0","44100","Mono","16","705600","86.18","2025-09-25 17:15:22"
"Violence (293).wav","/C/fight_9e6417eb","[""/C/fight_9e6417eb""]","fight","[""fight""]","/home/andres/Documentos/proyecto4geeks/data/raw/emergencysound/Violence/Violence (293).wav","emergencysound","train","","True","True","True","wav","1.0","44100","Mono","16","705600","86.18","2025-09-25 17:15:22"
"Violence (183).wav","/C/fight_9e6417eb","[""/C/fight_9e6417eb""]","fight","[""fight""]","/home/andres/Documentos/proyecto4geeks/data/raw/emergencysound/Violence/Violence (183).wav","emergencysound","test","","True","True","True","wav","1.0","44100","Mono","16","705600","86.18","2025-09-25 17:15:22"
"Violence (91).wav","/C/fight_9e6417eb","[""/C/fight_9e6417eb""]","fight","[""fight""]","/home/andres/Documentos/proyecto4geeks/data/raw/emergencysound/Violence/Violence (91).wav","emergencysound","train","","True","True","True","wav","1.0","44100","Mono","16","705600","86.18","2025-09-25 17:15:24"
"Violence (130).wav","/C/fight_9e6417eb","[""/C/fight_9e6417eb""]","fight","[""fight""]","/home/andres/Documentos/proyecto4geeks/data/raw/emergencysound/Violence/Violence (130).wav","emergencysound","train","","True","True","True","wav","1.0","44100","Mono","16","705600","86.18","2025-09-25 17:15:22"
"Violence (201).wav","/C/fight_9e6417eb","[""/C/fight_9e6417eb""]","fight","[""fight""]","/home/andres/Documentos/proyecto4geeks/data/raw/emergencysound/Violence/Violence (201).wav","emergencysound","test","","True","True","True","wav","1.0","44100","Mono","16","705600","86.18","2025-09-25 17:15:22"
"Violence (149).wav","/C/fight_9e6417eb","[""/C/fight_9e6417eb""]","fight","[""fight""]","/home/andres/Documentos/proyecto4geeks/data/raw/emergencysound/Violence/Violence (149).wav","emergencysound","test","","True","True","True","wav","1.0","44100","Mono","16","705600","86.18","2025-09-25 17:15:22"
"Violence (229).wav","/C/fight_9e6417eb","[""/C/fight_9e6417eb""]","fight","[""fight""]","/home/andres/Documentos/proyecto4geeks/data/raw/emergencysound/Violence/Violence (229).wav","emergencysound","train","","True","True","True","wav","1.0","44100","Mono","16","705600","86.18","2025-09-25 17:15:22"
"Violence (94).wav","/C/fight_9e6417eb","[""/C/fight_9e6417eb""]","fight","[""fight""]","/home/andres/Documentos/proyecto4geeks/data/raw/emergencysound/Violence/Violence (94).wav","emergencysound","train","","True","True","True","wav","1.0","44100","Mono","16","705600","86.18","2025-09-25 17:15:24"
"Violence (209).wav","/C/fight_9e6417eb","[""/C/fight_9e6417eb""]","fight","[""fight""]","/home/andres/Documentos/proyecto4geeks/data/raw/emergencysound/Violence/Violence (209).wav","emergencysound","test","","True","True","True","wav","1.0","44100","Mono","16","705600","86.18","2025-09-25 17:15:22"
"Violence (296).wav","/C/fight_9e6417eb","[""/C/fight_9e6417eb""]","fight","[""fight""]","/home/andres/Documentos/proyecto4geeks/data/raw/emergencysound/Violence/Violence (296).wav","emergencysound","train","","True","True","True","wav","1.0","44100","Mono","16","705600","86.18","2025-09-25 17:15:22"
"Violence (233).wav","/C/fight_9e6417eb","[""/C/fight_9e6417eb""]","fight","[""fight""]","/home/andres/Documentos/proyecto4geeks/data/raw/emergencysound/Violence/Violence (233).wav","emergencysound","train","","True","True","True","wav","1.0","44100","Mono","16","705600","86.18","2025-09-25 17:15:22"
"Violence (315).wav","/C/fight_9e6417eb","[""/C/fight_9e6417eb""]","fight","[""fight""]","/home/andres/Documentos/proyecto4geeks/data/raw/emergencysound/Violence/Violence (315).wav","emergencysound","test","","True","True","True","wav","1.0","44100","Mono","16","705600","86.18","2025-09-25 17:15:24"
"Violence (100).wav","/C/fight_9e6417eb","[""/C/fight_9e6417eb""]","fight","[""fight""]","/home/andres/Documentos/proyecto4geeks/data/raw/emergencysound/Violence/Violence (100).wav","emergencysound","test","","True","True","True","wav","1.0","44100","Mono","16","705600","86.18","2025-09-25 17:15:22"
"Violence (60).wav","/C/fight_9e6417eb","[""/C/fight_9e6417eb""]","fight","[""fight""]","/home/andres/Documentos/proyecto4geeks/data/raw/emergencysound/Violence/Violence (60).wav","emergencysound","train","","True","True","True","wav","1.0","44100","Mono","16","705600","86.18","2025-09-25 17:15:24"
"Violence (11).wav","/C/fight_9e6417eb","[""/C/fight_9e6417eb""]","fight","[""fight""]","/home/andres/Documentos/proyecto4geeks/data/raw/emergencysound/Violence/Violence (11).wav","emergencysound","train","","True","True","True","wav","1.0","44100","Mono","16","705600","86.18","2025-09-25 17:15:22"
"Violence (80).wav","/C/fight_9e6417eb","[""/C/fight_9e6417eb""]","fight","[""fight""]","/home/andres/Documentos/proyecto4geeks/data/raw/emergencysound/Violence/Violence (80).wav","emergencysound","train","","True","True","True","wav","1.0","44100","Mono","16","705600","86.18","2025-09-25 17:15:24"
"Violence (76).wav","/C/fight_9e6417eb","[""/C/fight_9e6417eb""]","fight","[""fight""]","/home/andres/Documentos/proyecto4geeks/data/raw/emergencysound/Violence/Violence (76).wav","emergencysound","train","","True","True","True","wav","1.0","44100","Mono","16","705600","86.18","2025-09-25 17:15:24"
"Violence (190).wav","/C/fight_9e6417eb","[""/C/fight_9e6417eb""]","fight","[""fight""]","/home/andres/Documentos/proyecto4geeks/data/raw/emergencysound/Violence/Violence (190).wav","emergencysound","train","","True","True","True","wav","1.0","44100","Mono","16","705600","86.18","2025-09-25 17:15:22"
"Violence (145).wav","/C/fight_9e6417eb","[""/C/fight_9e6417eb""]","fight","[""fight""]","/home/andres/Documentos/proyecto4geeks/data/raw/emergencysound/Violence/Violence (145).wav","emergencysound","train","","True","True","True","wav","1.0","44100","Mono","16","705600","86.18","2025-09-25 17:15:22"
"Violence (228).wav","/C/fight_9e6417eb","[""/C/fight_9e6417eb""]","fight","[""fight""]","/home/andres/Documentos/proyecto4geeks/data/raw/emergencysound/Violence/Violence (228).wav","emergencysound","train","","True","True","True","wav","1.0","44100","Mono","16","705600","86.18","2025-09-25 17:15:22"
"Violence (232).wav","/C/fight_9e6417eb","[""/C/fight_9e6417eb""]","fight","[""fight""]","/home/andres/Documentos/proyecto4geeks/data/raw/emergencysound/Violence/Violence (232).wav","emergencysound","train","","True","True","True","wav","1.0","44100","Mono","16","705600","86.18","2025-09-25 17:15:22"
"Violence (206).wav","/C/fight_9e6417eb","[""/C/fight_9e6417eb""]","fight","[""fight""]","/home/andres/Documentos/proyecto4geeks/data/raw/emergencysound/Violence/Violence (206).wav","emergencysound","train","","True","True","True","wav","1.0","44100","Mono","16","705600","86.18","2025-09-25 17:15:22"
"Violence (270).wav","/C/fight_9e6417eb","[""/C/fight_9e6417eb""]","fight","[""fight""]","/home/andres/Documentos/proyecto4geeks/data/raw/emergencysound/Violence/Violence (270).wav","emergencysound","train","","True","True","True","wav","1.0","44100","Mono","16","705600","86.18","2025-09-25 17:15:22"
"Violence (77).wav","/C/fight_9e6417eb","[""/C/fight_9e6417eb""]","fight","[""fight""]","/home/andres/Documentos/proyecto4geeks/data/raw/emergencysound/Violence/Violence (77).wav","emergencysound","train","","True","True","True","wav","1.0","44100","Mono","16","705600","86.18","2025-09-25 17:15:24"
"Violence (300).wav","/C/fight_9e6417eb","[""/C/fight_9e6417eb""]","fight","[""fight""]","/home/andres/Documentos/proyecto4geeks/data/raw/emergencysound/Violence/Violence (300).wav","emergencysound","train","","True","True","True","wav","1.0","44100","Mono","16","705600","86.18","2025-09-25 17:15:22"
"Violence (7).wav","/C/fight_9e6417eb","[""/C/fight_9e6417eb""]","fight","[""fight""]","/home/andres/Documentos/proyecto4geeks/data/raw/emergencysound/Violence/Violence (7).wav","emergencysound","train","","True","True","True","wav","1.0","44100","Mono","16","705600","86.18","2025-09-25 17:15:24"
"Violence (33).wav","/C/fight_9e6417eb","[""/C/fight_9e6417eb""]","fight","[""fight""]","/home/andres/Documentos/proyecto4geeks/data/raw/emergencysound/Violence/Violence (33).wav","emergencysound","train","","True","True","True","wav","1.0","44100","Mono","16","705600","86.18","2025-09-25 17:15:24"
"Violence (278).wav","/C/fight_9e6417eb","[""/C/fight_9e6417eb""]","fight","[""fight""]","/home/andres/Documentos/proyecto4geeks/data/raw/emergencysound/Violence/Violence (278).wav","emergencysound","test","","True","True","True","wav","1.0","44100","Mono","16","705600","86.18","2025-09-25 17:15:22"
"Violence (200).wav","/C/fight_9e6417eb","[""/C/fight_9e6417eb""]","fight","[""fight""]","/home/andres/Documentos/proyecto4geeks/data/raw/emergencysound/Violence/Violence (200).wav","emergencysound","train","","True","True","True","wav","1.0","44100","Mono","16","705600","86.18","2025-09-25 17:15:22"
"Violence (13).wav","/C/fight_9e6417eb","[""/C/fight_9e6417eb""]","fight","[""fight""]","/home/andres/Documentos/proyecto4geeks/data/raw/emergencysound/Violence/Violence (13).wav","emergencysound","train","","True","True","True","wav","1.0","44100","Mono","16","705600","86.18","2025-09-25 17:15:22"
"Violence (305).wav","/C/fight_9e6417eb","[""/C/fight_9e6417eb""]","fight","[""fight""]","/home/andres/Documentos/proyecto4geeks/data/raw/emergencysound/Violence/Violence (305).wav","emergencysound","train","","True","True","True","wav","1.0","44100","Mono","16","705600","86.18","2025-09-25 17:15:22"
"Violence (317).wav","/C/fight_9e6417eb","[""/C/fight_9e6417eb""]","fight","[""fight""]","/home/andres/Documentos/proyecto4geeks/data/raw/emergencysound/Violence/Violence (317).wav","emergencysound","train","","True","True","True","wav","1.0","44100","Mono","16","705600","86.18","2025-09-25 17:15:24"
"Violence (108).wav","/C/fight_9e6417eb","[""/C/fight_9e6417eb""]","fight","[""fight""]","/home/andres/Documentos/proyecto4geeks/data/raw/emergencysound/Violence/Violence (108).wav","emergencysound","train","","True","True","True","wav","1.0","44100","Mono","16","705600","86.18","2025-09-25 17:15:22"
"Violence (207).wav","/C/fight_9e6417eb","[""/C/fight_9e6417eb""]","fight","[""fight""]","/home/andres/Documentos/proyecto4geeks/data/raw/emergencysound/Violence/Violence (207).wav","emergencysound","train","","True","True","True","wav","1.0","44100","Mono","16","705600","86.18","2025-09-25 17:15:22"
"Violence (86).wav","/C/fight_9e6417eb","[""/C/fight_9e6417eb""]","fight","[""fight""]","/home/andres/Documentos/proyecto4geeks/data/raw/emergencysound/Violence/Violence (86).wav","emergencysound","test","","True","True","True","wav","1.0","44100","Mono","16","705600","86.18","2025-09-25 17:15:24"
"Violence (88).wav","/C/fight_9e6417eb","[""/C/fight_9e6417eb""]","fight","[""fight""]","/home/andres/Documentos/proyecto4geeks/data/raw/emergencysound/Violence/Violence (88).wav","emergencysound","train","","True","True","True","wav","1.0","44100","Mono","16","705600","86.18","2025-09-25 17:15:24"
"Violence (136).wav","/C/fight_9e6417eb","[""/C/fight_9e6417eb""]","fight","[""fight""]","/home/andres/Documentos/proyecto4geeks/data/raw/emergencysound/Violence/Violence (136).wav","emergencysound","test","","True","True","True","wav","1.0","44100","Mono","16","705600","86.18","2025-09-25 17:15:22"
"Violence (282).wav","/C/fight_9e6417eb","[""/C/fight_9e6417eb""]","fight","[""fight""]","/home/andres/Documentos/proyecto4geeks/data/raw/emergencysound/Violence/Violence (282).wav","emergencysound","train","","True","True","True","wav","1.0","44100","Mono","16","705600","86.18","2025-09-25 17:15:22"
"Violence (73).wav","/C/fight_9e6417eb","[""/C/fight_9e6417eb""]","fight","[""fight""]","/home/andres/Documentos/proyecto4geeks/data/raw/emergencysound/Violence/Violence (73).wav","emergencysound","train","","True","True","True","wav","1.0","44100","Mono","16","705600","86.18","2025-09-25 17:15:24"
"Violence (27).wav","/C/fight_9e6417eb","[""/C/fight_9e6417eb""]","fight","[""fight""]","/home/andres/Documentos/proyecto4geeks/data/raw/emergencysound/Violence/Violence (27).wav","emergencysound","train","","True","True","True","wav","1.0","44100","Mono","16","705600","86.18","2025-09-25 17:15:22"
"Violence (202).wav","/C/fight_9e6417eb","[""/C/fight_9e6417eb""]","fight","[""fight""]","/home/andres/Documentos/proyecto4geeks/data/raw/emergencysound/Violence/Violence (202).wav","emergencysound","test","","True","True","True","wav","1.0","44100","Mono","16","705600","86.18","2025-09-25 17:15:22"
"Violence (8).wav","/C/fight_9e6417eb","[""/C/fight_9e6417eb""]","fight","[""fight""]","/home/andres/Documentos/proyecto4geeks/data/raw/emergencysound/Violence/Violence (8).wav","emergencysound","train","","True","True","True","wav","1.0","44100","Mono","16","705600","86.18","2025-09-25 17:15:24"
"Violence (266).wav","/C/fight_9e6417eb","[""/C/fight_9e6417eb""]","fight","[""fight""]","/home/andres/Documentos/proyecto4geeks/data/raw/emergencysound/Violence/Violence (266).wav","emergencysound","train","","True","True","True","wav","1.0","44100","Mono","16","705600","86.18","2025-09-25 17:15:22"
"Violence (141).wav","/C/fight_9e6417eb","[""/C/fight_9e6417eb""]","fight","[""fight""]","/home/andres/Documentos/proyecto4geeks/data/raw/emergencysound/Violence/Violence (141).wav","emergencysound","train","","True","True","True","wav","1.0","44100","Mono","16","705600","86.18","2025-09-25 17:15:22"
"Violence (226).wav","/C/fight_9e6417eb","[""/C/fight_9e6417eb""]","fight","[""fight""]","/home/andres/Documentos/proyecto4geeks/data/raw/emergencysound/Violence/Violence (226).wav","emergencysound","test","","True","True","True","wav","1.0","44100","Mono","16","705600","86.18","2025-09-25 17:15:22"
"Violence (181).wav","/C/fight_9e6417eb","[""/C/fight_9e6417eb""]","fight","[""fight""]","/home/andres/Documentos/proyecto4geeks/data/raw/emergencysound/Violence/Violence (181).wav","emergencysound","train","","True","True","True","wav","1.0","44100","Mono","16","705600","86.18","2025-09-25 17:15:22"
"Violence (96).wav","/C/fight_9e6417eb","[""/C/fight_9e6417eb""]","fight","[""fight""]","/home/andres/Documentos/proyecto4geeks/data/raw/emergencysound/Violence/Violence (96).wav","emergencysound","train","","True","True","True","wav","1.0","44100","Mono","16","705600","86.18","2025-09-25 17:15:24"
"Violence (154).wav","/C/fight_9e6417eb","[""/C/fight_9e6417eb""]","fight","[""fight""]","/home/andres/Documentos/proyecto4geeks/data/raw/emergencysound/Violence/Violence (154).wav","emergencysound","train","","True","True","True","wav","1.0","44100","Mono","16","705600","86.18","2025-09-25 17:15:22"
"Violence (186).wav","/C/fight_9e6417eb","[""/C/fight_9e6417eb""]","fight","[""fight""]","/home/andres/Documentos/proyecto4geeks/data/raw/emergencysound/Violence/Violence (186).wav","emergencysound","train","","True","True","True","wav","1.0","44100","Mono","16","705600","86.18","2025-09-25 17:15:22"
"Violence (153).wav","/C/fight_9e6417eb","[""/C/fight_9e6417eb""]","fight","[""fight""]","/home/andres/Documentos/proyecto4geeks/data/raw/emergencysound/Violence/Violence (153).wav","emergencysound","train","","True","True","True","wav","1.0","44100","Mono","16","705600","86.18","2025-09-25 17:15:22"
"Violence (65).wav","/C/fight_9e6417eb","[""/C/fight_9e6417eb""]","fight","[""fight""]","/home/andres/Documentos/proyecto4geeks/data/raw/emergencysound/Violence/Violence (65).wav","emergencysound","train","","True","True","True","wav","1.0","44100","Mono","16","705600","86.18","2025-09-25 17:15:24"
"Violence (1).wav","/C/fight_9e6417eb","[""/C/fight_9e6417eb""]","fight","[""fight""]","/home/andres/Documentos/proyecto4geeks/data/raw/emergencysound/Violence/Violence (1).wav","emergencysound","train","","True","True","True","wav","1.0","44100","Mono","16","705600","86.18","2025-09-25 17:15:22"
"Violence (78).wav","/C/fight_9e6417eb","[""/C/fight_9e6417eb""]","fight","[""fight""]","/home/andres/Documentos/proyecto4geeks/data/raw/emergencysound/Violence/Violence (78).wav","emergencysound","train","","True","True","True","wav","1.0","44100","Mono","16","705600","86.18","2025-09-25 17:15:24"
"Violence (137).wav","/C/fight_9e6417eb","[""/C/fight_9e6417eb""]","fight","[""fight""]","/home/andres/Documentos/proyecto4geeks/data/raw/emergencysound/Violence/Violence (137).wav","emergencysound","train","","True","True","True","wav","1.0","44100","Mono","16","705600","86.18","2025-09-25 17:15:22"
"Violence (42).wav","/C/fight_9e6417eb","[""/C/fight_9e6417eb""]","fight","[""fight""]","/home/andres/Documentos/proyecto4geeks/data/raw/emergencysound/Violence/Violence (42).wav","emergencysound","train","","True","True","True","wav","1.0","44100","Mono","16","705600","86.18","2025-09-25 17:15:24"
"Violence (203).wav","/C/fight_9e6417eb","[""/C/fight_9e6417eb""]","fight","[""fight""]","/home/andres/Documentos/proyecto4geeks/data/raw/emergencysound/Violence/Violence (203).wav","emergencysound","train","","True","True","True","wav","1.0","44100","Mono","16","705600","86.18","2025-09-25 17:15:22"
"Violence (142).wav","/C/fight_9e6417eb","[""/C/fight_9e6417eb""]","fight","[""fight""]","/home/andres/Documentos/proyecto4geeks/data/raw/emergencysound/Violence/Violence (142).wav","emergencysound","train","","True","True","True","wav","1.0","44100","Mono","16","705600","86.18","2025-09-25 17:15:22"
"Violence (173).wav","/C/fight_9e6417eb","[""/C/fight_9e6417eb""]","fight","[""fight""]","/home/andres/Documentos/proyecto4geeks/data/raw/emergencysound/Violence/Violence (173).wav","emergencysound","train","","True","True","True","wav","1.0","44100","Mono","16","705600","86.18","2025-09-25 17:15:22"
"Violence (64).wav","/C/fight_9e6417eb","[""/C/fight_9e6417eb""]","fight","[""fight""]","/home/andres/Documentos/proyecto4geeks/data/raw/emergencysound/Violence/Violence (64).wav","emergencysound","train","","True","True","True","wav","1.0","44100","Mono","16","705600","86.18","2025-09-25 17:15:24"
"Violence (265).wav","/C/fight_9e6417eb","[""/C/fight_9e6417eb""]","fight","[""fight""]","/home/andres/Documentos/proyecto4geeks/data/raw/emergencysound/Violence/Violence (265).wav","emergencysound","train","","True","True","True","wav","1.0","44100","Mono","16","705600","86.18","2025-09-25 17:15:22"
"Violence (46).wav","/C/fight_9e6417eb","[""/C/fight_9e6417eb""]","fight","[""fight""]","/home/andres/Documentos/proyecto4geeks/data/raw/emergencysound/Violence/Violence (46).wav","emergencysound","train","","True","True","True","wav","1.0","44100","Mono","16","705600","86.18","2025-09-25 17:15:24"
"Violence (299).wav","/C/fight_9e6417eb","[""/C/fight_9e6417eb""]","fight","[""fight""]","/home/andres/Documentos/proyecto4geeks/data/raw/emergencysound/Violence/Violence (299).wav","emergencysound","train","","True","True","True","wav","1.0","44100","Mono","16","705600","86.18","2025-09-25 17:15:22"
"Violence (118).wav","/C/fight_9e6417eb","[""/C/fight_9e6417eb""]","fight","[""fight""]","/home/andres/Documentos/proyecto4geeks/data/raw/emergencysound/Violence/Violence (118).wav","emergencysound","test","","True","True","True","wav","1.0","44100","Mono","16","705600","86.18","2025-09-25 17:15:22"
"Violence (123).wav","/C/fight_9e6417eb","[""/C/fight_9e6417eb""]","fight","[""fight""]","/home/andres/Documentos/proyecto4geeks/data/raw/emergencysound/Violence/Violence (123).wav","emergencysound","train","","True","True","True","wav","1.0","44100","Mono","16","705600","86.18","2025-09-25 17:15:22"
"Violence (240).wav","/C/fight_9e6417eb","[""/C/fight_9e6417eb""]","fight","[""fight""]","/home/andres/Documentos/proyecto4geeks/data/raw/emergencysound/Violence/Violence (240).wav","emergencysound","train","","True","True","True","wav","1.0","44100","Mono","16","705600","86.18","2025-09-25 17:15:22"
"Violence (250).wav","/C/fight_9e6417eb","[""/C/fight_9e6417eb""]","fight","[""fight""]","/home/andres/Documentos/proyecto4geeks/data/raw/emergencysound/Violence/Violence (250).wav","emergencysound","test","","True","True","True","wav","1.0","44100","Mono","16","705600","86.18","2025-09-25 17:15:22"
"Violence (157).wav","/C/fight_9e6417eb","[""/C/fight_9e6417eb""]","fight","[""fight""]","/home/andres/Documentos/proyecto4geeks/data/raw/emergencysound/Violence/Violence (157).wav","emergencysound","test","","True","True","True","wav","1.0","44100","Mono","16","705600","86.18","2025-09-25 17:15:22"
"Violence (124).wav","/C/fight_9e6417eb","[""/C/fight_9e6417eb""]","fight","[""fight""]","/home/andres/Documentos/proyecto4geeks/data/raw/emergencysound/Violence/Violence (124).wav","emergencysound","test","","True","True","True","wav","1.0","44100","Mono","16","705600","86.18","2025-09-25 17:15:22"
"Violence (140).wav","/C/fight_9e6417eb","[""/C/fight_9e6417eb""]","fight","[""fight""]","/home/andres/Documentos/proyecto4geeks/data/raw/emergencysound/Violence/Violence (140).wav","emergencysound","train","","True","True","True","wav","1.0","44100","Mono","16","705600","86.18","2025-09-25 17:15:22"
"Violence (18).wav","/C/fight_9e6417eb","[""/C/fight_9e6417eb""]","fight","[""fight""]","/home/andres/Documentos/proyecto4geeks/data/raw/emergencysound/Violence/Violence (18).wav","emergencysound","train","","True","True","True","wav","1.0","44100","Mono","16","705600","86.18","2025-09-25 17:15:22"
"Violence (182).wav","/C/fight_9e6417eb","[""/C/fight_9e6417eb""]","fight","[""fight""]","/home/andres/Documentos/proyecto4geeks/data/raw/emergencysound/Violence/Violence (182).wav","emergencysound","train","","True","True","True","wav","1.0","44100","Mono","16","705600","86.18","2025-09-25 17:15:22"
"Violence (230).wav","/C/fight_9e6417eb","[""/C/fight_9e6417eb""]","fight","[""fight""]","/home/andres/Documentos/proyecto4geeks/data/raw/emergencysound/Violence/Violence (230).wav","emergencysound","train","","True","True","True","wav","1.0","44100","Mono","16","705600","86.18","2025-09-25 17:15:22"
"Violence (148).wav","/C/fight_9e6417eb","[""/C/fight_9e6417eb""]","fight","[""fight""]","/home/andres/Documentos/proyecto4geeks/data/raw/emergencysound/Violence/Violence (148).wav","emergencysound","test","","True","True","True","wav","1.0","44100","Mono","16","705600","86.18","2025-09-25 17:15:22"
"Violence (22).wav","/C/fight_9e6417eb","[""/C/fight_9e6417eb""]","fight","[""fight""]","/home/andres/Documentos/proyecto4geeks/data/raw/emergencysound/Violence/Violence (22).wav","emergencysound","train","","True","True","True","wav","1.0","44100","Mono","16","705600","86.18","2025-09-25 17:15:22"
"Violence (231).wav","/C/fight_9e6417eb","[""/C/fight_9e6417eb""]","fight","[""fight""]","/home/andres/Documentos/proyecto4geeks/data/raw/emergencysound/Violence/Violence (231).wav","emergencysound","train","","True","True","True","wav","1.0","44100","Mono","16","705600","86.18","2025-09-25 17:15:22"
"Violence (290).wav","/C/fight_9e6417eb","[""/C/fight_9e6417eb""]","fight","[""fight""]","/home/andres/Documentos/proyecto4geeks/data/raw/emergencysound/Violence/Violence (290).wav","emergencysound","train","","True","True","True","wav","1.0","44100","Mono","16","705600","86.18","2025-09-25 17:15:22"
"Violence (224).wav","/C/fight_9e6417eb","[""/C/fight_9e6417eb""]","fight","[""fight""]","/home/andres/Documentos/proyecto4geeks/data/raw/emergencysound/Violence/Violence (224).wav","emergencysound","test","","True","True","True","wav","1.0","44100","Mono","16","705600","86.18","2025-09-25 17:15:22"
"Violence (19).wav","/C/fight_9e6417eb","[""/C/fight_9e6417eb""]","fight","[""fight""]","/home/andres/Documentos/proyecto4geeks/data/raw/emergencysound/Violence/Violence (19).wav","emergencysound","train","","True","True","True","wav","1.0","44100","Mono","16","705600","86.18","2025-09-25 17:15:22"
"Violence (103).wav","/C/fight_9e6417eb","[""/C/fight_9e6417eb""]","fight","[""fight""]","/home/andres/Documentos/proyecto4geeks/data/raw/emergencysound/Violence/Violence (103).wav","emergencysound","train","","True","True","True","wav","1.0","44100","Mono","16","705600","86.18","2025-09-25 17:15:22"
"Violence (6).wav","/C/fight_9e6417eb","[""/C/fight_9e6417eb""]","fight","[""fight""]","/home/andres/Documentos/proyecto4geeks/data/raw/emergencysound/Violence/Violence (6).wav","emergencysound","train","","True","True","True","wav","1.0","44100","Mono","16","705600","86.18","2025-09-25 17:15:24"
"Violence (50).wav","/C/fight_9e6417eb","[""/C/fight_9e6417eb""]","fight","[""fight""]","/home/andres/Documentos/proyecto4geeks/data/raw/emergencysound/Violence/Violence (50).wav","emergencysound","train","","True","True","True","wav","1.0","44100","Mono","16","705600","86.18","2025-09-25 17:15:24"
"Violence (63).wav","/C/fight_9e6417eb","[""/C/fight_9e6417eb""]","fight","[""fight""]","/home/andres/Documentos/proyecto4geeks/data/raw/emergencysound/Violence/Violence (63).wav","emergencysound","train","","True","True","True","wav","1.0","44100","Mono","16","705600","86.18","2025-09-25 17:15:24"
"Violence (84).wav","/C/fight_9e6417eb","[""/C/fight_9e6417eb""]","fight","[""fight""]","/home/andres/Documentos/proyecto4geeks/data/raw/emergencysound/Violence/Violence (84).wav","emergencysound","train","","True","True","True","wav","1.0","44100","Mono","16","705600","86.18","2025-09-25 17:15:24"
"Violence (247).wav","/C/fight_9e6417eb","[""/C/fight_9e6417eb""]","fight","[""fight""]","/home/andres/Documentos/proyecto4geeks/data/raw/emergencysound/Violence/Violence (247).wav","emergencysound","train","","True","True","True","wav","1.0","44100","Mono","16","705600","86.18","2025-09-25 17:15:22"
"Violence (197).wav","/C/fight_9e6417eb","[""/C/fight_9e6417eb""]","fight","[""fight""]","/home/andres/Documentos/proyecto4geeks/data/raw/emergencysound/Violence/Violence (197).wav","emergencysound","train","","True","True","True","wav","1.0","44100","Mono","16","705600","86.18","2025-09-25 17:15:22"
"Violence (55).wav","/C/fight_9e6417eb","[""/C/fight_9e6417eb""]","fight","[""fight""]","/home/andres/Documentos/proyecto4geeks/data/raw/emergencysound/Violence/Violence (55).wav","emergencysound","train","","True","True","True","wav","1.0","44100","Mono","16","705600","86.18","2025-09-25 17:15:24"
"Violence (29).wav","/C/fight_9e6417eb","[""/C/fight_9e6417eb""]","fight","[""fight""]","/home/andres/Documentos/proyecto4geeks/data/raw/emergencysound/Violence/Violence (29).wav","emergencysound","train","","True","True","True","wav","1.0","44100","Mono","16","705600","86.18","2025-09-25 17:15:22"
"Violence (112).wav","/C/fight_9e6417eb","[""/C/fight_9e6417eb""]","fight","[""fight""]","/home/andres/Documentos/proyecto4geeks/data/raw/emergencysound/Violence/Violence (112).wav","emergencysound","train","","True","True","True","wav","1.0","44100","Mono","16","705600","86.18","2025-09-25 17:15:22"
"Violence (287).wav","/C/fight_9e6417eb","[""/C/fight_9e6417eb""]","fight","[""fight""]","/home/andres/Documentos/proyecto4geeks/data/raw/emergencysound/Violence/Violence (287).wav","emergencysound","train","","True","True","True","wav","1.0","44100","Mono","16","705600","86.18","2025-09-25 17:15:22"
"Violence (276).wav","/C/fight_9e6417eb","[""/C/fight_9e6417eb""]","fight","[""fight""]","/home/andres/Documentos/proyecto4geeks/data/raw/emergencysound/Violence/Violence (276).wav","emergencysound","train","","True","True","True","wav","1.0","44100","Mono","16","705600","86.18","2025-09-25 17:15:22"
"Violence (134).wav","/C/fight_9e6417eb","[""/C/fight_9e6417eb""]","fight","[""fight""]","/home/andres/Documentos/proyecto4geeks/data/raw/emergencysound/Violence/Violence (134).wav","emergencysound","train","","True","True","True","wav","1.0","44100","Mono","16","705600","86.18","2025-09-25 17:15:22"
"Violence (47).wav","/C/fight_9e6417eb","[""/C/fight_9e6417eb""]","fight","[""fight""]","/home/andres/Documentos/proyecto4geeks/data/raw/emergencysound/Violence/Violence (47).wav","emergencysound","train","","True","True","True","wav","1.0","44100","Mono","16","705600","86.18","2025-09-25 17:15:24"
"Violence (180).wav","/C/fight_9e6417eb","[""/C/fight_9e6417eb""]","fight","[""fight""]","/home/andres/Documentos/proyecto4geeks/data/raw/emergencysound/Violence/Violence (180).wav","emergencysound","train","","True","True","True","wav","1.0","44100","Mono","16","705600","86.18","2025-09-25 17:15:22"
"Violence (57).wav","/C/fight_9e6417eb","[""/C/fight_9e6417eb""]","fight","[""fight""]","/home/andres/Documentos/proyecto4geeks/data/raw/emergencysound/Violence/Violence (57).wav","emergencysound","test","","True","True","True","wav","1.0","44100","Mono","16","705600","86.18","2025-09-25 17:15:24"
"Violence (41).wav","/C/fight_9e6417eb","[""/C/fight_9e6417eb""]","fight","[""fight""]","/home/andres/Documentos/proyecto4geeks/data/raw/emergencysound/Violence/Violence (41).wav","emergencysound","train","","True","True","True","wav","1.0","44100","Mono","16","705600","86.18","2025-09-25 17:15:24"
"Violence (85).wav","/C/fight_9e6417eb","[""/C/fight_9e6417eb""]","fight","[""fight""]","/home/andres/Documentos/proyecto4geeks/data/raw/emergencysound/Violence/Violence (85).wav","emergencysound","test","","True","True","True","wav","1.0","44100","Mono","16","705600","86.18","2025-09-25 17:15:24"
"Violence (272).wav","/C/fight_9e6417eb","[""/C/fight_9e6417eb""]","fight","[""fight""]","/home/andres/Documentos/proyecto4geeks/data/raw/emergencysound/Violence/Violence (272).wav","emergencysound","train","","True","True","True","wav","1.0","44100","Mono","16","705600","86.18","2025-09-25 17:15:22"
"Violence (151).wav","/C/fight_9e6417eb","[""/C/fight_9e6417eb""]","fight","[""fight""]","/home/andres/Documentos/proyecto4geeks/data/raw/emergencysound/Violence/Violence (151).wav","emergencysound","test","","True","True","True","wav","1.0","44100","Mono","16","705600","86.18","2025-09-25 17:15:22"
"Violence (43).wav","/C/fight_9e6417eb","[""/C/fight_9e6417eb""]","fight","[""fight""]","/home/andres/Documentos/proyecto4geeks/data/raw/emergencysound/Violence/Violence (43).wav","emergencysound","train","","True","True","True","wav","1.0","44100","Mono","16","705600","86.18","2025-09-25 17:15:24"
"Violence (227).wav","/C/fight_9e6417eb","[""/C/fight_9e6417eb""]","fight","[""fight""]","/home/andres/Documentos/proyecto4geeks/data/raw/emergencysound/Violence/Violence (227).wav","emergencysound","train","","True","True","True","wav","1.0","44100","Mono","16","705600","86.18","2025-09-25 17:15:22"
"Violence (177).wav","/C/fight_9e6417eb","[""/C/fight_9e6417eb""]","fight","[""fight""]","/home/andres/Documentos/proyecto4geeks/data/raw/emergencysound/Violence/Violence (177).wav","emergencysound","train","","True","True","True","wav","1.0","44100","Mono","16","705600","86.18","2025-09-25 17:15:22"
"Violence (283).wav","/C/fight_9e6417eb","[""/C/fight_9e6417eb""]","fight","[""fight""]","/home/andres/Documentos/proyecto4geeks/data/raw/emergencysound/Violence/Violence (283).wav","emergencysound","train","","True","True","True","wav","1.0","44100","Mono","16","705600","86.18","2025-09-25 17:15:22"
"Violence (236).wav","/C/fight_9e6417eb","[""/C/fight_9e6417eb""]","fight","[""fight""]","/home/andres/Documentos/proyecto4geeks/data/raw/emergencysound/Violence/Violence (236).wav","emergencysound","train","","True","True","True","wav","1.0","44100","Mono","16","705600","86.18","2025-09-25 17:15:22"
"Violence (323).wav","/C/fight_9e6417eb","[""/C/fight_9e6417eb""]","fight","[""fight""]","/home/andres/Documentos/proyecto4geeks/data/raw/emergencysound/Violence/Violence (323).wav","emergencysound","train","","True","True","True","wav","1.0","44100","Mono","16","705600","86.18","2025-09-25 17:15:24"
"Violence (273).wav","/C/fight_9e6417eb","[""/C/fight_9e6417eb""]","fight","[""fight""]","/home/andres/Documentos/proyecto4geeks/data/raw/emergencysound/Violence/Violence (273).wav","emergencysound","train","","True","True","True","wav","1.0","44100","Mono","16","705600","86.18","2025-09-25 17:15:22"
"Violence (313).wav","/C/fight_9e6417eb","[""/C/fight_9e6417eb""]","fight","[""fight""]","/home/andres/Documentos/proyecto4geeks/data/raw/emergencysound/Violence/Violence (313).wav","emergencysound","train","","True","True","True","wav","1.0","44100","Mono","16","705600","86.18","2025-09-25 17:15:24"
"Violence (192).wav","/C/fight_9e6417eb","[""/C/fight_9e6417eb""]","fight","[""fight""]","/home/andres/Documentos/proyecto4geeks/data/raw/emergencysound/Violence/Violence (192).wav","emergencysound","test","","True","True","True","wav","1.0","44100","Mono","16","705600","86.18","2025-09-25 17:15:22"
"Violence (171).wav","/C/fight_9e6417eb","[""/C/fight_9e6417eb""]","fight","[""fight""]","/home/andres/Documentos/proyecto4geeks/data/raw/emergencysound/Violence/Violence (171).wav","emergencysound","test","","True","True","True","wav","1.0","44100","Mono","16","705600","86.18","2025-09-25 17:15:22"
"Violence (269).wav","/C/fight_9e6417eb","[""/C/fight_9e6417eb""]","fight","[""fight""]","/home/andres/Documentos/proyecto4geeks/data/raw/emergencysound/Violence/Violence (269).wav","emergencysound","train","","True","True","True","wav","1.0","44100","Mono","16","705600","86.18","2025-09-25 17:15:22"
"Violence (169).wav","/C/fight_9e6417eb","[""/C/fight_9e6417eb""]","fight","[""fight""]","/home/andres/Documentos/proyecto4geeks/data/raw/emergencysound/Violence/Violence (169).wav","emergencysound","train","","True","True","True","wav","1.0","44100","Mono","16","705600","86.18","2025-09-25 17:15:22"
"Violence (160).wav","/C/fight_9e6417eb","[""/C/fight_9e6417eb""]","fight","[""fight""]","/home/andres/Documentos/proyecto4geeks/data/raw/emergencysound/Violence/Violence (160).wav","emergencysound","train","","True","True","True","wav","1.0","44100","Mono","16","705600","86.18","2025-09-25 17:15:22"
"Violence (326).wav","/C/fight_9e6417eb","[""/C/fight_9e6417eb""]","fight","[""fight""]","/home/andres/Documentos/proyecto4geeks/data/raw/emergencysound/Violence/Violence (326).wav","emergencysound","test","","True","True","True","wav","1.0","44100","Mono","16","705600","86.18","2025-09-25 17:15:24"
"Violence (83).wav","/C/fight_9e6417eb","[""/C/fight_9e6417eb""]","fight","[""fight""]","/home/andres/Documentos/proyecto4geeks/data/raw/emergencysound/Violence/Violence (83).wav","emergencysound","test","","True","True","True","wav","1.0","44100","Mono","16","705600","86.18","2025-09-25 17:15:24"
"Violence (155).wav","/C/fight_9e6417eb","[""/C/fight_9e6417eb""]","fight","[""fight""]","/home/andres/Documentos/proyecto4geeks/data/raw/emergencysound/Violence/Violence (155).wav","emergencysound","train","","True","True","True","wav","1.0","44100","Mono","16","705600","86.18","2025-09-25 17:15:22"
"Violence (133).wav","/C/fight_9e6417eb","[""/C/fight_9e6417eb""]","fight","[""fight""]","/home/andres/Documentos/proyecto4geeks/data/raw/emergencysound/Violence/Violence (133).wav","emergencysound","train","","True","True","True","wav","1.0","44100","Mono","16","705600","86.18","2025-09-25 17:15:22"
"Violence (217).wav","/C/fight_9e6417eb","[""/C/fight_9e6417eb""]","fight","[""fight""]","/home/andres/Documentos/proyecto4geeks/data/raw/emergencysound/Violence/Violence (217).wav","emergencysound","train","","True","True","True","wav","1.0","44100","Mono","16","705600","86.18","2025-09-25 17:15:22"
"Violence (36).wav","/C/fight_9e6417eb","[""/C/fight_9e6417eb""]","fight","[""fight""]","/home/andres/Documentos/proyecto4geeks/data/raw/emergencysound/Violence/Violence (36).wav","emergencysound","train","","True","True","True","wav","1.0","44100","Mono","16","705600","86.18","2025-09-25 17:15:24"
"Violence (284).wav","/C/fight_9e6417eb","[""/C/fight_9e6417eb""]","fight","[""fight""]","/home/andres/Documentos/proyecto4geeks/data/raw/emergencysound/Violence/Violence (284).wav","emergencysound","train","","True","True","True","wav","1.0","44100","Mono","16","705600","86.18","2025-09-25 17:15:22"
"Violence (304).wav","/C/fight_9e6417eb","[""/C/fight_9e6417eb""]","fight","[""fight""]","/home/andres/Documentos/proyecto4geeks/data/raw/emergencysound/Violence/Violence (304).wav","emergencysound","train","","True","True","True","wav","1.0","44100","Mono","16","705600","86.18","2025-09-25 17:15:22"
"Violence (255).wav","/C/fight_9e6417eb","[""/C/fight_9e6417eb""]","fight","[""fight""]","/home/andres/Documentos/proyecto4geeks/data/raw/emergencysound/Violence/Violence (255).wav","emergencysound","train","","True","True","True","wav","1.0","44100","Mono","16","705600","86.18","2025-09-25 17:15:22"
"Violence (152).wav","/C/fight_9e6417eb","[""/C/fight_9e6417eb""]","fight","[""fight""]","/home/andres/Documentos/proyecto4geeks/data/raw/emergencysound/Violence/Violence (152).wav","emergencysound","test","","True","True","True","wav","1.0","44100","Mono","16","705600","86.18","2025-09-25 17:15:22"
"Violence (218).wav","/C/fight_9e6417eb","[""/C/fight_9e6417eb""]","fight","[""fight""]","/home/andres/Documentos/proyecto4geeks/data/raw/emergencysound/Violence/Violence (218).wav","emergencysound","train","","True","True","True","wav","1.0","44100","Mono","16","705600","86.18","2025-09-25 17:15:22"
"Violence (107).wav","/C/fight_9e6417eb","[""/C/fight_9e6417eb""]","fight","[""fight""]","/home/andres/Documentos/proyecto4geeks/data/raw/emergencysound/Violence/Violence (107).wav","emergencysound","test","","True","True","True","wav","1.0","44100","Mono","16","705600","86.18","2025-09-25 17:15:22"
"Violence (125).wav","/C/fight_9e6417eb","[""/C/fight_9e6417eb""]","fight","[""fight""]","/home/andres/Documentos/proyecto4geeks/data/raw/emergencysound/Violence/Violence (125).wav","emergencysound","test","","True","True","True","wav","1.0","44100","Mono","16","705600","86.18","2025-09-25 17:15:22"
"Violence (128).wav","/C/fight_9e6417eb","[""/C/fight_9e6417eb""]","fight","[""fight""]","/home/andres/Documentos/proyecto4geeks/data/raw/emergencysound/Violence/Violence (128).wav","emergencysound","train","","True","True","True","wav","1.0","44100","Mono","16","705600","86.18","2025-09-25 17:15:22"
"Violence (2).wav","/C/fight_9e6417eb","[""/C/fight_9e6417eb""]","fight","[""fight""]","/home/andres/Documentos/proyecto4geeks/data/raw/emergencysound/Violence/Violence (2).wav","emergencysound","train","","True","True","True","wav","1.0","44100","Mono","16","705600","86.18","2025-09-25 17:15:22"
"Violence (170).wav","/C/fight_9e6417eb","[""/C/fight_9e6417eb""]","fight","[""fight""]","/home/andres/Documentos/proyecto4geeks/data/raw/emergencysound/Violence/Violence (170).wav","emergencysound","train","","True","True","True","wav","1.0","44100","Mono","16","705600","86.18","2025-09-25 17:15:22"
"Violence (121).wav","/C/fight_9e6417eb","[""/C/fight_9e6417eb""]","fight","[""fight""]","/home/andres/Documentos/proyecto4geeks/data/raw/emergencysound/Violence/Violence (121).wav","emergencysound","train","","True","True","True","wav","1.0","44100","Mono","16","705600","86.18","2025-09-25 17:15:22"
"Violence (318).wav","/C/fight_9e6417eb","[""/C/fight_9e6417eb""]","fight","[""fight""]","/home/andres/Documentos/proyecto4geeks/data/raw/emergencysound/Violence/Violence (318).wav","emergencysound","train","","True","True","True","wav","1.0","44100","Mono","16","705600","86.18","2025-09-25 17:15:24"
"Violence (213).wav","/C/fight_9e6417eb","[""/C/fight_9e6417eb""]","fight","[""fight""]","/home/andres/Documentos/proyecto4geeks/data/raw/emergencysound/Violence/Violence (213).wav","emergencysound","train","","True","True","True","wav","1.0","44100","Mono","16","705600","86.18","2025-09-25 17:15:22"
"Violence (176).wav","/C/fight_9e6417eb","[""/C/fight_9e6417eb""]","fight","[""fight""]","/home/andres/Documentos/proyecto4geeks/data/raw/emergencysound/Violence/Violence (176).wav","emergencysound","train","","True","True","True","wav","1.0","44100","Mono","16","705600","86.18","2025-09-25 17:15:22"
"Violence (259).wav","/C/fight_9e6417eb","[""/C/fight_9e6417eb""]","fight","[""fight""]","/home/andres/Documentos/proyecto4geeks/data/raw/emergencysound/Violence/Violence (259).wav","emergencysound","train","","True","True","True","wav","1.0","44100","Mono","16","705600","86.18","2025-09-25 17:15:22"
"Violence (12).wav","/C/fight_9e6417eb","[""/C/fight_9e6417eb""]","fight","[""fight""]","/home/andres/Documentos/proyecto4geeks/data/raw/emergencysound/Violence/Violence (12).wav","emergencysound","train","","True","True","True","wav","1.0","44100","Mono","16","705600","86.18","2025-09-25 17:15:22"
"Violence (72).wav","/C/fight_9e6417eb","[""/C/fight_9e6417eb""]","fight","[""fight""]","/home/andres/Documentos/proyecto4geeks/data/raw/emergencysound/Violence/Violence (72).wav","emergencysound","train","","True","True","True","wav","1.0","44100","Mono","16","705600","86.18","2025-09-25 17:15:24"
"Violence (258).wav","/C/fight_9e6417eb","[""/C/fight_9e6417eb""]","fight","[""fight""]","/home/andres/Documentos/proyecto4geeks/data/raw/emergencysound/Violence/Violence (258).wav","emergencysound","train","","True","True","True","wav","1.0","44100","Mono","16","705600","86.18","2025-09-25 17:15:22"
"Violence (194).wav","/C/fight_9e6417eb","[""/C/fight_9e6417eb""]","fight","[""fight""]","/home/andres/Documentos/proyecto4geeks/data/raw/emergencysound/Violence/Violence (194).wav","emergencysound","train","","True","True","True","wav","1.0","44100","Mono","16","705600","86.18","2025-09-25 17:15:22"
"Violence (3).wav","/C/fight_9e6417eb","[""/C/fight_9e6417eb""]","fight","[""fight""]","/home/andres/Documentos/proyecto4geeks/data/raw/emergencysound/Violence/Violence (3).wav","emergencysound","test","","True","True","True","wav","1.0","44100","Mono","16","705600","86.18","2025-09-25 17:15:22"
"Violence (195).wav","/C/fight_9e6417eb","[""/C/fight_9e6417eb""]","fight","[""fight""]","/home/andres/Documentos/proyecto4geeks/data/raw/emergencysound/Violence/Violence (195).wav","emergencysound","train","","True","True","True","wav","1.0","44100","Mono","16","705600","86.18","2025-09-25 17:15:22"
"Violence (4).wav","/C/fight_9e6417eb","[""/C/fight_9e6417eb""]","fight","[""fight""]","/home/andres/Documentos/proyecto4geeks/data/raw/emergencysound/Violence/Violence (4).wav","emergencysound","train","","True","True","True","wav","1.0","44100","Mono","16","705600","86.18","2025-09-25 17:15:24"
"Violence (66).wav","/C/fight_9e6417eb","[""/C/fight_9e6417eb""]","fight","[""fight""]","/home/andres/Documentos/proyecto4geeks/data/raw/emergencysound/Violence/Violence (66).wav","emergencysound","train","","True","True","True","wav","1.0","44100","Mono","16","705600","86.18","2025-09-25 17:15:24"
"Violence (74).wav","/C/fight_9e6417eb","[""/C/fight_9e6417eb""]","fight","[""fight""]","/home/andres/Documentos/proyecto4geeks/data/raw/emergencysound/Violence/Violence (74).wav","emergencysound","train","","True","True","True","wav","1.0","44100","Mono","16","705600","86.18","2025-09-25 17:15:24"
"Violence (238).wav","/C/fight_9e6417eb","[""/C/fight_9e6417eb""]","fight","[""fight""]","/home/andres/Documentos/proyecto4geeks/data/raw/emergencysound/Violence/Violence (238).wav","emergencysound","train","","True","True","True","wav","1.0","44100","Mono","16","705600","86.18","2025-09-25 17:15:22"
"Violence (279).wav","/C/fight_9e6417eb","[""/C/fight_9e6417eb""]","fight","[""fight""]","/home/andres/Documentos/proyecto4geeks/data/raw/emergencysound/Violence/Violence (279).wav","emergencysound","train","","True","True","True","wav","1.0","44100","Mono","16","705600","86.18","2025-09-25 17:15:22"
"Violence (214).wav","/C/fight_9e6417eb","[""/C/fight_9e6417eb""]","fight","[""fight""]","/home/andres/Documentos/proyecto4geeks/data/raw/emergencysound/Violence/Violence (214).wav","emergencysound","train","","True","True","True","wav","1.0","44100","Mono","16","705600","86.18","2025-09-25 17:15:22"
"Violence (302).wav","/C/fight_9e6417eb","[""/C/fight_9e6417eb""]","fight","[""fight""]","/home/andres/Documentos/proyecto4geeks/data/raw/emergencysound/Violence/Violence (302).wav","emergencysound","train","","True","True","True","wav","1.0","44100","Mono","16","705600","86.18","2025-09-25 17:15:22"
"Violence (126).wav","/C/fight_9e6417eb","[""/C/fight_9e6417eb""]","fight","[""fight""]","/home/andres/Documentos/proyecto4geeks/data/raw/emergencysound/Violence/Violence (126).wav","emergencysound","train","","True","True","True","wav","1.0","44100","Mono","16","705600","86.18","2025-09-25 17:15:22"
"Violence (193).wav","/C/fight_9e6417eb","[""/C/fight_9e6417eb""]","fight","[""fight""]","/home/andres/Documentos/proyecto4geeks/data/raw/emergencysound/Violence/Violence (193).wav","emergencysound","test","","True","True","True","wav","1.0","44100","Mono","16","705600","86.18","2025-09-25 17:15:22"
"Violence (252).wav","/C/fight_9e6417eb","[""/C/fight_9e6417eb""]","fight","[""fight""]","/home/andres/Documentos/proyecto4geeks/data/raw/emergencysound/Violence/Violence (252).wav","emergencysound","test","","True","True","True","wav","1.0","44100","Mono","16","705600","86.18","2025-09-25 17:15:22"
"Violence (168).wav","/C/fight_9e6417eb","[""/C/fight_9e6417eb""]","fight","[""fight""]","/home/andres/Documentos/proyecto4geeks/data/raw/emergencysound/Violence/Violence (168).wav","emergencysound","test","","True","True","True","wav","1.0","44100","Mono","16","705600","86.18","2025-09-25 17:15:22"
"Violence (292).wav","/C/fight_9e6417eb","[""/C/fight_9e6417eb""]","fight","[""fight""]","/home/andres/Documentos/proyecto4geeks/data/raw/emergencysound/Violence/Violence (292).wav","emergencysound","test","","True","True","True","wav","1.0","44100","Mono","16","705600","86.18","2025-09-25 17:15:22"
"Violence (32).wav","/C/fight_9e6417eb","[""/C/fight_9e6417eb""]","fight","[""fight""]","/home/andres/Documentos/proyecto4geeks/data/raw/emergencysound/Violence/Violence (32).wav","emergencysound","train","","True","True","True","wav","1.0","44100","Mono","16","705600","86.18","2025-09-25 17:15:24"
"Violence (189).wav","/C/fight_9e6417eb","[""/C/fight_9e6417eb""]","fight","[""fight""]","/home/andres/Documentos/proyecto4geeks/data/raw/emergencysound/Violence/Violence (189).wav","emergencysound","train","","True","True","True","wav","1.0","44100","Mono","16","705600","86.18","2025-09-25 17:15:22"
"Violence (20).wav","/C/fight_9e6417eb","[""/C/fight_9e6417eb""]","fight","[""fight""]","/home/andres/Documentos/proyecto4geeks/data/raw/emergencysound/Violence/Violence (20).wav","emergencysound","train","","True","True","True","wav","1.0","44100","Mono","16","705600","86.18","2025-09-25 17:15:22"
"Violence (320).wav","/C/fight_9e6417eb","[""/C/fight_9e6417eb""]","fight","[""fight""]","/home/andres/Documentos/proyecto4geeks/data/raw/emergencysound/Violence/Violence (320).wav","emergencysound","train","","True","True","True","wav","1.0","44100","Mono","16","705600","86.18","2025-09-25 17:15:24"
"Violence (135).wav","/C/fight_9e6417eb","[""/C/fight_9e6417eb""]","fight","[""fight""]","/home/andres/Documentos/proyecto4geeks/data/raw/emergencysound/Violence/Violence (135).wav","emergencysound","train","","True","True","True","wav","1.0","44100","Mono","16","705600","86.18","2025-09-25 17:15:22"
"Violence (199).wav","/C/fight_9e6417eb","[""/C/fight_9e6417eb""]","fight","[""fight""]","/home/andres/Documentos/proyecto4geeks/data/raw/emergencysound/Violence/Violence (199).wav","emergencysound","train","","True","True","True","wav","1.0","44100","Mono","16","705600","86.18","2025-09-25 17:15:22"
"Violence (237).wav","/C/fight_9e6417eb","[""/C/fight_9e6417eb""]","fight","[""fight""]","/home/andres/Documentos/proyecto4geeks/data/raw/emergencysound/Violence/Violence (237).wav","emergencysound","train","","True","True","True","wav","1.0","44100","Mono","16","705600","86.18","2025-09-25 17:15:22"
"Violence (257).wav","/C/fight_9e6417eb","[""/C/fight_9e6417eb""]","fight","[""fight""]","/home/andres/Documentos/proyecto4geeks/data/raw/emergencysound/Violence/Violence (257).wav","emergencysound","test","","True","True","True","wav","1.0","44100","Mono","16","705600","86.18","2025-09-25 17:15:22"
"Violence (172).wav","/C/fight_9e6417eb","[""/C/fight_9e6417eb""]","fight","[""fight""]","/home/andres/Documentos/proyecto4geeks/data/raw/emergencysound/Violence/Violence (172).wav","emergencysound","test","","True","True","True","wav","1.0","44100","Mono","16","705600","86.18","2025-09-25 17:15:22"
"Violence (178).wav","/C/fight_9e6417eb","[""/C/fight_9e6417eb""]","fight","[""fight""]","/home/andres/Documentos/proyecto4geeks/data/raw/emergencysound/Violence/Violence (178).wav","emergencysound","train","","True","True","True","wav","1.0","44100","Mono","16","705600","86.18","2025-09-25 17:15:22"
"Violence (23).wav","/C/fight_9e6417eb","[""/C/fight_9e6417eb""]","fight","[""fight""]","/home/andres/Documentos/proyecto4geeks/data/raw/emergencysound/Violence/Violence (23).wav","emergencysound","train","","True","True","True","wav","1.0","44100","Mono","16","705600","86.18","2025-09-25 17:15:22"
"Violence (244).wav","/C/fight_9e6417eb","[""/C/fight_9e6417eb""]","fight","[""fight""]","/home/andres/Documentos/proyecto4geeks/data/raw/emergencysound/Violence/Violence (244).wav","emergencysound","train","","True","True","True","wav","1.0","44100","Mono","16","705600","86.18","2025-09-25 17:15:22"
"Violence (312).wav","/C/fight_9e6417eb","[""/C/fight_9e6417eb""]","fight","[""fight""]","/home/andres/Documentos/proyecto4geeks/data/raw/emergencysound/Violence/Violence (312).wav","emergencysound","train","","True","True","True","wav","1.0","44100","Mono","16","705600","86.18","2025-09-25 17:15:24"
"Violence (34).wav","/C/fight_9e6417eb","[""/C/fight_9e6417eb""]","fight","[""fight""]","/home/andres/Documentos/proyecto4geeks/data/raw/emergencysound/Violence/Violence (34).wav","emergencysound","train","","True","True","True","wav","1.0","44100","Mono","16","705600","86.18","2025-09-25 17:15:24"
"Violence (166).wav","/C/fight_9e6417eb","[""/C/fight_9e6417eb""]","fight","[""fight""]","/home/andres/Documentos/proyecto4geeks/data/raw/emergencysound/Violence/Violence (166).wav","emergencysound","train","","True","True","True","wav","1.0","44100","Mono","16","705600","86.18","2025-09-25 17:15:22"
"Violence (316).wav","/C/fight_9e6417eb","[""/C/fight_9e6417eb""]","fight","[""fight""]","/home/andres/Documentos/proyecto4geeks/data/raw/emergencysound/Violence/Violence (316).wav","emergencysound","train","","True","True","True","wav","1.0","44100","Mono","16","705600","86.18","2025-09-25 17:15:24"
"Violence (322).wav","/C/fight_9e6417eb","[""/C/fight_9e6417eb""]","fight","[""fight""]","/home/andres/Documentos/proyecto4geeks/data/raw/emergencysound/Violence/Violence (322).wav","emergencysound","train","","True","True","True","wav","1.0","44100","Mono","16","705600","86.18","2025-09-25 17:15:24"
"Violence (187).wav","/C/fight_9e6417eb","[""/C/fight_9e6417eb""]","fight","[""fight""]","/home/andres/Documentos/proyecto4geeks/data/raw/emergencysound/Violence/Violence (187).wav","emergencysound","train","","True","True","True","wav","1.0","44100","Mono","16","705600","86.18","2025-09-25 17:15:22"
"Violence (243).wav","/C/fight_9e6417eb","[""/C/fight_9e6417eb""]","fight","[""fight""]","/home/andres/Documentos/proyecto4geeks/data/raw/emergencysound/Violence/Violence (243).wav","emergencysound","train","","True","True","True","wav","1.0","44100","Mono","16","705600","86.18","2025-09-25 17:15:22"
"Violence (274).wav","/C/fight_9e6417eb","[""/C/fight_9e6417eb""]","fight","[""fight""]","/home/andres/Documentos/proyecto4geeks/data/raw/emergencysound/Violence/Violence (274).wav","emergencysound","train","","True","True","True","wav","1.0","44100","Mono","16","705600","86.18","2025-09-25 17:15:22"
"Violence (59).wav","/C/fight_9e6417eb","[""/C/fight_9e6417eb""]","fight","[""fight""]","/home/andres/Documentos/proyecto4geeks/data/raw/emergencysound/Violence/Violence (59).wav","emergencysound","train","","True","True","True","wav","1.0","44100","Mono","16","705600","86.18","2025-09-25 17:15:24"
"Violence (179).wav","/C/fight_9e6417eb","[""/C/fight_9e6417eb""]","fight","[""fight""]","/home/andres/Documentos/proyecto4geeks/data/raw/emergencysound/Violence/Violence (179).wav","emergencysound","train","","True","True","True","wav","1.0","44100","Mono","16","705600","86.18","2025-09-25 17:15:22"
"Violence (249).wav","/C/fight_9e6417eb","[""/C/fight_9e6417eb""]","fight","[""fight""]","/home/andres/Documentos/proyecto4geeks/data/raw/emergencysound/Violence/Violence (249).wav","emergencysound","train","","True","True","True","wav","1.0","44100","Mono","16","705600","86.18","2025-09-25 17:15:22"
"Violence (62).wav","/C/fight_9e6417eb","[""/C/fight_9e6417eb""]","fight","[""fight""]","/home/andres/Documentos/proyecto4geeks/data/raw/emergencysound/Violence/Violence (62).wav","emergencysound","train","","True","True","True","wav","1.0","44100","Mono","16","705600","86.18","2025-09-25 17:15:24"
"Violence (45).wav","/C/fight_9e6417eb","[""/C/fight_9e6417eb""]","fight","[""fight""]","/home/andres/Documentos/proyecto4geeks/data/raw/emergencysound/Violence/Violence (45).wav","emergencysound","train","","True","True","True","wav","1.0","44100","Mono","16","705600","86.18","2025-09-25 17:15:24"
"Violence (132).wav","/C/fight_9e6417eb","[""/C/fight_9e6417eb""]","fight","[""fight""]","/home/andres/Documentos/proyecto4geeks/data/raw/emergencysound/Violence/Violence (132).wav","emergencysound","test","","True","True","True","wav","1.0","44100","Mono","16","705600","86.18","2025-09-25 17:15:22"
"Violence (147).wav","/C/fight_9e6417eb","[""/C/fight_9e6417eb""]","fight","[""fight""]","/home/andres/Documentos/proyecto4geeks/data/raw/emergencysound/Violence/Violence (147).wav","emergencysound","test","","True","True","True","wav","1.0","44100","Mono","16","705600","86.18","2025-09-25 17:15:22"
"Violence (97).wav","/C/fight_9e6417eb","[""/C/fight_9e6417eb""]","fight","[""fight""]","/home/andres/Documentos/proyecto4geeks/data/raw/emergencysound/Violence/Violence (97).wav","emergencysound","train","","True","True","True","wav","1.0","44100","Mono","16","705600","86.18","2025-09-25 17:15:24"
"Violence (54).wav","/C/fight_9e6417eb","[""/C/fight_9e6417eb""]","fight","[""fight""]","/home/andres/Documentos/proyecto4geeks/data/raw/emergencysound/Violence/Violence (54).wav","emergencysound","train","","True","True","True","wav","1.0","44100","Mono","16","705600","86.18","2025-09-25 17:15:24"
"Violence (219).wav","/C/fight_9e6417eb","[""/C/fight_9e6417eb""]","fight","[""fight""]","/home/andres/Documentos/proyecto4geeks/data/raw/emergencysound/Violence/Violence (219).wav","emergencysound","test","","True","True","True","wav","1.0","44100","Mono","16","705600","86.18","2025-09-25 17:15:22"
"Violence (191).wav","/C/fight_9e6417eb","[""/C/fight_9e6417eb""]","fight","[""fight""]","/home/andres/Documentos/proyecto4geeks/data/raw/emergencysound/Violence/Violence (191).wav","emergencysound","train","","True","True","True","wav","1.0","44100","Mono","16","705600","86.18","2025-09-25 17:15:22"
"Violence (104).wav","/C/fight_9e6417eb","[""/C/fight_9e6417eb""]","fight","[""fight""]","/home/andres/Documentos/proyecto4geeks/data/raw/emergencysound/Violence/Violence (104).wav","emergencysound","train","","True","True","True","wav","1.0","44100","Mono","16","705600","86.18","2025-09-25 17:15:22"
"Violence (260).wav","/C/fight_9e6417eb","[""/C/fight_9e6417eb""]","fight","[""fight""]","/home/andres/Documentos/proyecto4geeks/data/raw/emergencysound/Violence/Violence (260).wav","emergencysound","test","","True","True","True","wav","1.0","44100","Mono","16","705600","86.18","2025-09-25 17:15:22"
"Violence (109).wav","/C/fight_9e6417eb","[""/C/fight_9e6417eb""]","fight","[""fight""]","/home/andres/Documentos/proyecto4geeks/data/raw/emergencysound/Violence/Violence (109).wav","emergencysound","train","","True","True","True","wav","1.0","44100","Mono","16","705600","86.18","2025-09-25 17:15:22"
"Violence (256).wav","/C/fight_9e6417eb","[""/C/fight_9e6417eb""]","fight","[""fight""]","/home/andres/Documentos/proyecto4geeks/data/raw/emergencysound/Violence/Violence (256).wav","emergencysound","train","","True","True","True","wav","1.0","44100","Mono","16","705600","86.18","2025-09-25 17:15:22"
"Violence (286).wav","/C/fight_9e6417eb","[""/C/fight_9e6417eb""]","fight","[""fight""]","/home/andres/Documentos/proyecto4geeks/data/raw/emergencysound/Violence/Violence (286).wav","emergencysound","train","","True","True","True","wav","1.0","44100","Mono","16","705600","86.18","2025-09-25 17:15:22"
"Violence (90).wav","/C/fight_9e6417eb","[""/C/fight_9e6417eb""]","fight","[""fight""]","/home/andres/Documentos/proyecto4geeks/data/raw/emergencysound/Violence/Violence (90).wav","emergencysound","train","","True","True","True","wav","1.0","44100","Mono","16","705600","86.18","2025-09-25 17:15:24"
"Violence (95).wav","/C/fight_9e6417eb","[""/C/fight_9e6417eb""]","fight","[""fight""]","/home/andres/Documentos/proyecto4geeks/data/raw/emergencysound/Violence/Violence (95).wav","emergencysound","train","","True","True","True","wav","1.0","44100","Mono","16","705600","86.18","2025-09-25 17:15:24"
"Violence (111).wav","/C/fight_9e6417eb","[""/C/fight_9e6417eb""]","fight","[""fight""]","/home/andres/Documentos/proyecto4geeks/data/raw/emergencysound/Violence/Violence (111).wav","emergencysound","train","","True","True","True","wav","1.0","44100","Mono","16","705600","86.18","2025-09-25 17:15:22"
"Violence (122).wav","/C/fight_9e6417eb","[""/C/fight_9e6417eb""]","fight","[""fight""]","/home/andres/Documentos/proyecto4geeks/data/raw/emergencysound/Violence/Violence (122).wav","emergencysound","train","","True","True","True","wav","1.0","44100","Mono","16","705600","86.18","2025-09-25 17:15:22"
"Violence (14).wav","/C/fight_9e6417eb","[""/C/fight_9e6417eb""]","fight","[""fight""]","/home/andres/Documentos/proyecto4geeks/data/raw/emergencysound/Violence/Violence (14).wav","emergencysound","train","","True","True","True","wav","1.0","44100","Mono","16","705600","86.18","2025-09-25 17:15:22"
"Violence (89).wav","/C/fight_9e6417eb","[""/C/fight_9e6417eb""]","fight","[""fight""]","/home/andres/Documentos/proyecto4geeks/data/raw/emergencysound/Violence/Violence (89).wav","emergencysound","train","","True","True","True","wav","1.0","44100","Mono","16","705600","86.18","2025-09-25 17:15:24"
"Violence (165).wav","/C/fight_9e6417eb","[""/C/fight_9e6417eb""]","fight","[""fight""]","/home/andres/Documentos/proyecto4geeks/data/raw/emergencysound/Violence/Violence (165).wav","emergencysound","train","","True","True","True","wav","1.0","44100","Mono","16","705600","86.18","2025-09-25 17:15:22"
"Violence (280).wav","/C/fight_9e6417eb","[""/C/fight_9e6417eb""]","fight","[""fight""]","/home/andres/Documentos/proyecto4geeks/data/raw/emergencysound/Violence/Violence (280).wav","emergencysound","train","","True","True","True","wav","1.0","44100","Mono","16","705600","86.18","2025-09-25 17:15:22"
"Violence (79).wav","/C/fight_9e6417eb","[""/C/fight_9e6417eb""]","fight","[""fight""]","/home/andres/Documentos/proyecto4geeks/data/raw/emergencysound/Violence/Violence (79).wav","emergencysound","test","","True","True","True","wav","1.0","44100","Mono","16","705600","86.18","2025-09-25 17:15:24"
"Violence (139).wav","/C/fight_9e6417eb","[""/C/fight_9e6417eb""]","fight","[""fight""]","/home/andres/Documentos/proyecto4geeks/data/raw/emergencysound/Violence/Violence (139).wav","emergencysound","train","","True","True","True","wav","1.0","44100","Mono","16","705600","86.18","2025-09-25 17:15:22"
"Violence (92).wav","/C/fight_9e6417eb","[""/C/fight_9e6417eb""]","fight","[""fight""]","/home/andres/Documentos/proyecto4geeks/data/raw/emergencysound/Violence/Violence (92).wav","emergencysound","train","","True","True","True","wav","1.0","44100","Mono","16","705600","86.18","2025-09-25 17:15:24"
"Violence (297).wav","/C/fight_9e6417eb","[""/C/fight_9e6417eb""]","fight","[""fight""]","/home/andres/Documentos/proyecto4geeks/data/raw/emergencysound/Violence/Violence (297).wav","emergencysound","train","","True","True","True","wav","1.0","44100","Mono","16","705600","86.18","2025-09-25 17:15:22"
"Violence (271).wav","/C/fight_9e6417eb","[""/C/fight_9e6417eb""]","fight","[""fight""]","/home/andres/Documentos/proyecto4geeks/data/raw/emergencysound/Violence/Violence (271).wav","emergencysound","train","","True","True","True","wav","1.0","44100","Mono","16","705600","86.18","2025-09-25 17:15:22"
"Violence (75).wav","/C/fight_9e6417eb","[""/C/fight_9e6417eb""]","fight","[""fight""]","/home/andres/Documentos/proyecto4geeks/data/raw/emergencysound/Violence/Violence (75).wav","emergencysound","train","","True","True","True","wav","1.0","44100","Mono","16","705600","86.18","2025-09-25 17:15:24"
"Violence (204).wav","/C/fight_9e6417eb","[""/C/fight_9e6417eb""]","fight","[""fight""]","/home/andres/Documentos/proyecto4geeks/data/raw/emergencysound/Violence/Violence (204).wav","emergencysound","train","","True","True","True","wav","1.0","44100","Mono","16","705600","86.18","2025-09-25 17:15:22"
"Violence (196).wav","/C/fight_9e6417eb","[""/C/fight_9e6417eb""]","fight","[""fight""]","/home/andres/Documentos/proyecto4geeks/data/raw/emergencysound/Violence/Violence (196).wav","emergencysound","test","","True","True","True","wav","1.0","44100","Mono","16","705600","86.18","2025-09-25 17:15:22"
"Violence (67).wav","/C/fight_9e6417eb","[""/C/fight_9e6417eb""]","fight","[""fight""]","/home/andres/Documentos/proyecto4geeks/data/raw/emergencysound/Violence/Violence (67).wav","emergencysound","train","","True","True","True","wav","1.0","44100","Mono","16","705600","86.18","2025-09-25 17:15:24"
"Violence (21).wav","/C/fight_9e6417eb","[""/C/fight_9e6417eb""]","fight","[""fight""]","/home/andres/Documentos/proyecto4geeks/data/raw/emergencysound/Violence/Violence (21).wav","emergencysound","train","","True","True","True","wav","1.0","44100","Mono","16","705600","86.18","2025-09-25 17:15:22"
"Violence (61).wav","/C/fight_9e6417eb","[""/C/fight_9e6417eb""]","fight","[""fight""]","/home/andres/Documentos/proyecto4geeks/data/raw/emergencysound/Violence/Violence (61).wav","emergencysound","train","","True","True","True","wav","1.0","44100","Mono","16","705600","86.18","2025-09-25 17:15:24"
"Violence (263).wav","/C/fight_9e6417eb","[""/C/fight_9e6417eb""]","fight","[""fight""]","/home/andres/Documentos/proyecto4geeks/data/raw/emergencysound/Violence/Violence (263).wav","emergencysound","train","","True","True","True","wav","1.0","44100","Mono","16","705600","86.18","2025-09-25 17:15:22"
"Violence (51).wav","/C/fight_9e6417eb","[""/C/fight_9e6417eb""]","fight","[""fight""]","/home/andres/Documentos/proyecto4geeks/data/raw/emergencysound/Violence/Violence (51).wav","emergencysound","train","","True","True","True","wav","1.0","44100","Mono","16","705600","86.18","2025-09-25 17:15:24"
"Violence (98).wav","/C/fight_9e6417eb","[""/C/fight_9e6417eb""]","fight","[""fight""]","/home/andres/Documentos/proyecto4geeks/data/raw/emergencysound/Violence/Violence (98).wav","emergencysound","train","","True","True","True","wav","1.0","44100","Mono","16","705600","86.18","2025-09-25 17:15:24"
"Violence (234).wav","/C/fight_9e6417eb","[""/C/fight_9e6417eb""]","fight","[""fight""]","/home/andres/Documentos/proyecto4geeks/data/raw/emergencysound/Violence/Violence (234).wav","emergencysound","train","","True","True","True","wav","1.0","44100","Mono","16","705600","86.18","2025-09-25 17:15:22"
"Violence (24).wav","/C/fight_9e6417eb","[""/C/fight_9e6417eb""]","fight","[""fight""]","/home/andres/Documentos/proyecto4geeks/data/raw/emergencysound/Violence/Violence (24).wav","emergencysound","train","","True","True","True","wav","1.0","44100","Mono","16","705600","86.18","2025-09-25 17:15:22"
"Violence (156).wav","/C/fight_9e6417eb","[""/C/fight_9e6417eb""]","fight","[""fight""]","/home/andres/Documentos/proyecto4geeks/data/raw/emergencysound/Violence/Violence (156).wav","emergencysound","train","","True","True","True","wav","1.0","44100","Mono","16","705600","86.18","2025-09-25 17:15:22"
"Violence (39).wav","/C/fight_9e6417eb","[""/C/fight_9e6417eb""]","fight","[""fight""]","/home/andres/Documentos/proyecto4geeks/data/raw/emergencysound/Violence/Violence (39).wav","emergencysound","train","","True","True","True","wav","1.0","44100","Mono","16","705600","86.18","2025-09-25 17:15:24"
"Violence (205).wav","/C/fight_9e6417eb","[""/C/fight_9e6417eb""]","fight","[""fight""]","/home/andres/Documentos/proyecto4geeks/data/raw/emergencysound/Violence/Violence (205).wav","emergencysound","train","","True","True","True","wav","1.0","44100","Mono","16","705600","86.18","2025-09-25 17:15:22"
"Violence (93).wav","/C/fight_9e6417eb","[""/C/fight_9e6417eb""]","fight","[""fight""]","/home/andres/Documentos/proyecto4geeks/data/raw/emergencysound/Violence/Violence (93).wav","emergencysound","train","","True","True","True","wav","1.0","44100","Mono","16","705600","86.18","2025-09-25 17:15:24"
"Violence (210).wav","/C/fight_9e6417eb","[""/C/fight_9e6417eb""]","fight","[""fight""]","/home/andres/Documentos/proyecto4geeks/data/raw/emergencysound/Violence/Violence (210).wav","emergencysound","test","","True","True","True","wav","1.0","44100","Mono","16","705600","86.18","2025-09-25 17:15:22"
"Violence (261).wav","/C/fight_9e6417eb","[""/C/fight_9e6417eb""]","fight","[""fight""]","/home/andres/Documentos/proyecto4geeks/data/raw/emergencysound/Violence/Violence (261).wav","emergencysound","train","","True","True","True","wav","1.0","44100","Mono","16","705600","86.18","2025-09-25 17:15:22"
"Violence (117).wav","/C/fight_9e6417eb","[""/C/fight_9e6417eb""]","fight","[""fight""]","/home/andres/Documentos/proyecto4geeks/data/raw/emergencysound/Violence/Violence (117).wav","emergencysound","train","","True","True","True","wav","1.0","44100","Mono","16","705600","86.18","2025-09-25 17:15:22"
"Violence (30).wav","/C/fight_9e6417eb","[""/C/fight_9e6417eb""]","fight","[""fight""]","/home/andres/Documentos/proyecto4geeks/data/raw/emergencysound/Violence/Violence (30).wav","emergencysound","train","","True","True","True","wav","1.0","44100","Mono","16","705600","86.18","2025-09-25 17:15:22"
"Violence (211).wav","/C/fight_9e6417eb","[""/C/fight_9e6417eb""]","fight","[""fight""]","/home/andres/Documentos/proyecto4geeks/data/raw/emergencysound/Violence/Violence (211).wav","emergencysound","train","","True","True","True","wav","1.0","44100","Mono","16","705600","86.18","2025-09-25 17:15:22"
"Violence (242).wav","/C/fight_9e6417eb","[""/C/fight_9e6417eb""]","fight","[""fight""]","/home/andres/Documentos/proyecto4geeks/data/raw/emergencysound/Violence/Violence (242).wav","emergencysound","test","","True","True","True","wav","1.0","44100","Mono","16","705600","86.18","2025-09-25 17:15:22"
"Violence (174).wav","/C/fight_9e6417eb","[""/C/fight_9e6417eb""]","fight","[""fight""]","/home/andres/Documentos/proyecto4geeks/data/raw/emergencysound/Violence/Violence (174).wav","emergencysound","train","","True","True","True","wav","1.0","44100","Mono","16","705600","86.18","2025-09-25 17:15:22"
"Violence (277).wav","/C/fight_9e6417eb","[""/C/fight_9e6417eb""]","fight","[""fight""]","/home/andres/Documentos/proyecto4geeks/data/raw/emergencysound/Violence/Violence (277).wav","emergencysound","test","","True","True","True","wav","1.0","44100","Mono","16","705600","86.18","2025-09-25 17:15:22"
"Violence (253).wav","/C/fight_9e6417eb","[""/C/fight_9e6417eb""]","fight","[""fight""]","/home/andres/Documentos/proyecto4geeks/data/raw/emergencysound/Violence/Violence (253).wav","emergencysound","train","","True","True","True","wav","1.0","44100","Mono","16","705600","86.18","2025-09-25 17:15:22"
"Violence (81).wav","/C/fight_9e6417eb","[""/C/fight_9e6417eb""]","fight","[""fight""]","/home/andres/Documentos/proyecto4geeks/data/raw/emergencysound/Violence/Violence (81).wav","emergencysound","train","","True","True","True","wav","1.0","44100","Mono","16","705600","86.18","2025-09-25 17:15:24"
"Violence (298).wav","/C/fight_9e6417eb","[""/C/fight_9e6417eb""]","fight","[""fight""]","/home/andres/Documentos/proyecto4geeks/data/raw/emergencysound/Violence/Violence (298).wav","emergencysound","train","","True","True","True","wav","1.0","44100","Mono","16","705600","86.18","2025-09-25 17:15:22"
"Violence (325).wav","/C/fight_9e6417eb","[""/C/fight_9e6417eb""]","fight","[""fight""]","/home/andres/Documentos/proyecto4geeks/data/raw/emergencysound/Violence/Violence (325).wav","emergencysound","train","","True","True","True","wav","1.0","44100","Mono","16","705600","86.18","2025-09-25 17:15:24"
"Violence (49).wav","/C/fight_9e6417eb","[""/C/fight_9e6417eb""]","fight","[""fight""]","/home/andres/Documentos/proyecto4geeks/data/raw/emergencysound/Violence/Violence (49).wav","emergencysound","train","","True","True","True","wav","1.0","44100","Mono","16","705600","86.18","2025-09-25 17:15:24"
"Violence (245).wav","/C/fight_9e6417eb","[""/C/fight_9e6417eb""]","fight","[""fight""]","/home/andres/Documentos/proyecto4geeks/data/raw/emergencysound/Violence/Violence (245).wav","emergencysound","train","","True","True","True","wav","1.0","44100","Mono","16","705600","86.18","2025-09-25 17:15:22"
"Violence (222).wav","/C/fight_9e6417eb","[""/C/fight_9e6417eb""]","fight","[""fight""]","/home/andres/Documentos/proyecto4geeks/data/raw/emergencysound/Violence/Violence (222).wav","emergencysound","train","","True","True","True","wav","1.0","44100","Mono","16","705600","86.18","2025-09-25 17:15:22"
"Violence (129).wav","/C/fight_9e6417eb","[""/C/fight_9e6417eb""]","fight","[""fight""]","/home/andres/Documentos/proyecto4geeks/data/raw/emergencysound/Violence/Violence (129).wav","emergencysound","train","","True","True","True","wav","1.0","44100","Mono","16","705600","86.18","2025-09-25 17:15:22"
"Violence (328).wav","/C/fight_9e6417eb","[""/C/fight_9e6417eb""]","fight","[""fight""]","/home/andres/Documentos/proyecto4geeks/data/raw/emergencysound/Violence/Violence (328).wav","emergencysound","train","","True","True","True","wav","1.0","44100","Mono","16","705600","86.18","2025-09-25 17:15:24"
"Violence (113).wav","/C/fight_9e6417eb","[""/C/fight_9e6417eb""]","fight","[""fight""]","/home/andres/Documentos/proyecto4geeks/data/raw/emergencysound/Violence/Violence (113).wav","emergencysound","train","","True","True","True","wav","1.0","44100","Mono","16","705600","86.18","2025-09-25 17:15:22"
"Violence (82).wav","/C/fight_9e6417eb","[""/C/fight_9e6417eb""]","fight","[""fight""]","/home/andres/Documentos/proyecto4geeks/data/raw/emergencysound/Violence/Violence (82).wav","emergencysound","train","","True","True","True","wav","1.0","44100","Mono","16","705600","86.18","2025-09-25 17:15:24"
"Violence (105).wav","/C/fight_9e6417eb","[""/C/fight_9e6417eb""]","fight","[""fight""]","/home/andres/Documentos/proyecto4geeks/data/raw/emergencysound/Violence/Violence (105).wav","emergencysound","train","","True","True","True","wav","1.0","44100","Mono","16","705600","86.18","2025-09-25 17:15:22"
"Violence (69).wav","/C/fight_9e6417eb","[""/C/fight_9e6417eb""]","fight","[""fight""]","/home/andres/Documentos/proyecto4geeks/data/raw/emergencysound/Violence/Violence (69).wav","emergencysound","train","","True","True","True","wav","1.0","44100","Mono","16","705600","86.18","2025-09-25 17:15:24"
"Crying (415).wav","/C/crying_300aeae2","[""/C/crying_300aeae2""]","crying","[""crying""]","/home/andres/Documentos/proyecto4geeks/data/raw/emergencysound/Crying/Crying (415).wav","emergencysound","train","","True","False","True","wav","1.0","48000","Stereo","16","1536000","187.54","2025-09-25 17:14:48"
"Crying (382).wav","/C/crying_300aeae2","[""/C/crying_300aeae2""]","crying","[""crying""]","/home/andres/Documentos/proyecto4geeks/data/raw/emergencysound/Crying/Crying (382).wav","emergencysound","test","","True","False","True","wav","1.0","48000","Stereo","16","1536000","187.54","2025-09-25 17:14:48"
"Crying (79).wav","/C/crying_300aeae2","[""/C/crying_300aeae2""]","crying","[""crying""]","/home/andres/Documentos/proyecto4geeks/data/raw/emergencysound/Crying/Crying (79).wav","emergencysound","train","","True","False","True","wav","1.0","48000","Mono","16","768000","93.79","2025-09-25 17:14:52"
"Crying (414).wav","/C/crying_300aeae2","[""/C/crying_300aeae2""]","crying","[""crying""]","/home/andres/Documentos/proyecto4geeks/data/raw/emergencysound/Crying/Crying (414).wav","emergencysound","train","","True","False","True","wav","1.0","48000","Stereo","16","1536000","187.54","2025-09-25 17:14:48"
"Crying (554).wav","/C/crying_300aeae2","[""/C/crying_300aeae2""]","crying","[""crying""]","/home/andres/Documentos/proyecto4geeks/data/raw/emergencysound/Crying/Crying (554).wav","emergencysound","train","","True","False","True","wav","1.0","48000","Stereo","16","1536000","187.54","2025-09-25 17:14:50"
"Crying (338).wav","/C/crying_300aeae2","[""/C/crying_300aeae2""]","crying","[""crying""]","/home/andres/Documentos/proyecto4geeks/data/raw/emergencysound/Crying/Crying (338).wav","emergencysound","train","","True","False","True","wav","1.0","48000","Stereo","16","1536000","187.54","2025-09-25 17:14:46"
"Crying (33).wav","/C/crying_300aeae2","[""/C/crying_300aeae2""]","crying","[""crying""]","/home/andres/Documentos/proyecto4geeks/data/raw/emergencysound/Crying/Crying (33).wav","emergencysound","train","","True","False","True","wav","1.0","48000","Mono","16","768000","93.79","2025-09-25 17:14:46"
"Crying (68).wav","/C/crying_300aeae2","[""/C/crying_300aeae2""]","crying","[""crying""]","/home/andres/Documentos/proyecto4geeks/data/raw/emergencysound/Crying/Crying (68).wav","emergencysound","train","","True","False","True","wav","1.0","48000","Mono","16","768000","93.79","2025-09-25 17:14:52"
"Crying (528).wav","/C/crying_300aeae2","[""/C/crying_300aeae2""]","crying","[""crying""]","/home/andres/Documentos/proyecto4geeks/data/raw/emergencysound/Crying/Crying (528).wav","emergencysound","test","","True","False","True","wav","1.0","48000","Stereo","16","1536000","187.54","2025-09-25 17:14:50"
"Crying (163).wav","/C/crying_300aeae2","[""/C/crying_300aeae2""]","crying","[""crying""]","/home/andres/Documentos/proyecto4geeks/data/raw/emergencysound/Crying/Crying (163).wav","emergencysound","train","","True","False","True","wav","1.0","48000","Mono","16","768000","93.79","2025-09-25 17:14:46"
"Crying (332).wav","/C/crying_300aeae2","[""/C/crying_300aeae2""]","crying","[""crying""]","/home/andres/Documentos/proyecto4geeks/data/raw/emergencysound/Crying/Crying (332).wav","emergencysound","test","","True","False","True","wav","1.0","48000","Stereo","16","1536000","187.54","2025-09-25 17:14:46"
"Crying (172).wav","/C/crying_300aeae2","[""/C/crying_300aeae2""]","crying","[""crying""]","/home/andres/Documentos/proyecto4geeks/data/raw/emergencysound/Crying/Crying (172).wav","emergencysound","train","","True","False","True","wav","1.0","48000","Mono","16","768000","93.79","2025-09-25 17:14:46"
"Crying (609).wav","/C/crying_300aeae2","[""/C/crying_300aeae2""]","crying","[""crying""]","/home/andres/Documentos/proyecto4geeks/data/raw/emergencysound/Crying/Crying (609).wav","emergencysound","train","","True","False","True","wav","1.0","48000","Stereo","16","1536000","187.54","2025-09-25 17:14:52"
"Crying (60).wav","/C/crying_300aeae2","[""/C/crying_300aeae2""]","crying","[""crying""]","/home/andres/Documentos/proyecto4geeks/data/raw/emergencysound/Crying/Crying (60).wav","emergencysound","train","","True","False","True","wav","1.0","48000","Mono","16","768000","93.79","2025-09-25 17:14:52"
"Crying (357).wav","/C/crying_300aeae2","[""/C/crying_300aeae2""]","crying","[""crying""]","/home/andres/Documentos/proyecto4geeks/data/raw/emergencysound/Crying/Crying (357).wav","emergencysound","test","","True","False","True","wav","1.0","48000","Stereo","16","1536000","187.54","2025-09-25 17:14:48"
"Crying (359).wav","/C/crying_300aeae2","[""/C/crying_300aeae2""]","crying","[""crying""]","/home/andres/Documentos/proyecto4geeks/data/raw/emergencysound/Crying/Crying (359).wav","emergencysound","train","","True","False","True","wav","1.0","48000","Stereo","16","1536000","187.54","2025-09-25 17:14:48"
"Crying (119).wav","/C/crying_300aeae2","[""/C/crying_300aeae2""]","crying","[""crying""]","/home/andres/Documentos/proyecto4geeks/data/raw/emergencysound/Crying/Crying (119).wav","emergencysound","test","","True","False","True","wav","1.0","48000","Mono","16","768000","93.79","2025-09-25 17:14:44"
"Crying (422).wav","/C/crying_300aeae2","[""/C/crying_300aeae2""]","crying","[""crying""]","/home/andres/Documentos/proyecto4geeks/data/raw/emergencysound/Crying/Crying (422).wav","emergencysound","train","","True","False","True","wav","1.0","48000","Stereo","16","1536000","187.54","2025-09-25 17:14:48"
"Crying (196).wav","/C/crying_300aeae2","[""/C/crying_300aeae2""]","crying","[""crying""]","/home/andres/Documentos/proyecto4geeks/data/raw/emergencysound/Crying/Crying (196).wav","emergencysound","train","","True","False","True","wav","1.0","48000","Mono","16","768000","93.79","2025-09-25 17:14:46"
"Crying (396).wav","/C/crying_300aeae2","[""/C/crying_300aeae2""]","crying","[""crying""]","/home/andres/Documentos/proyecto4geeks/data/raw/emergencysound/Crying/Crying (396).wav","emergencysound","train","","True","False","True","wav","1.0","48000","Stereo","16","1536000","187.54","2025-09-25 17:14:48"
"Crying (277).wav","/C/crying_300aeae2","[""/C/crying_300aeae2""]","crying","[""crying""]","/home/andres/Documentos/proyecto4geeks/data/raw/emergencysound/Crying/Crying (277).wav","emergencysound","train","","True","False","True","wav","1.0","48000","Mono","16","768000","93.79","2025-09-25 17:14:46"
"Crying (490).wav","/C/crying_300aeae2","[""/C/crying_300aeae2""]","crying","[""crying""]","/home/andres/Documentos/proyecto4geeks/data/raw/emergencysound/Crying/Crying (490).wav","emergencysound","train","","True","False","True","wav","1.0","48000","Stereo","16","1536000","187.54","2025-09-25 17:14:50"
"Crying (149).wav","/C/crying_300aeae2","[""/C/crying_300aeae2""]","crying","[""crying""]","/home/andres/Documentos/proyecto4geeks/data/raw/emergencysound/Crying/Crying (149).wav","emergencysound","train","","True","False","True","wav","1.0","48000","Mono","16","768000","93.79","2025-09-25 17:14:46"
"Crying (142).wav","/C/crying_300aeae2","[""/C/crying_300aeae2""]","crying","[""crying""]","/home/andres/Documentos/proyecto4geeks/data/raw/emergencysound/Crying/Crying (142).wav","emergencysound","train","","True","False","True","wav","1.0","48000","Mono","16","768000","93.79","2025-09-25 17:14:44"
"Crying (241).wav","/C/crying_300aeae2","[""/C/crying_300aeae2""]","crying","[""crying""]","/home/andres/Documentos/proyecto4geeks/data/raw/emergencysound/Crying/Crying (241).wav","emergencysound","train","","True","False","True","wav","1.0","48000","Mono","16","768000","93.79","2025-09-25 17:14:46"
"Crying (118).wav","/C/crying_300aeae2","[""/C/crying_300aeae2""]","crying","[""crying""]","/home/andres/Documentos/proyecto4geeks/data/raw/emergencysound/Crying/Crying (118).wav","emergencysound","train","","True","False","True","wav","1.0","48000","Mono","16","768000","93.79","2025-09-25 17:14:44"
"Crying (198).wav","/C/crying_300aeae2","[""/C/crying_300aeae2""]","crying","[""crying""]","/home/andres/Documentos/proyecto4geeks/data/raw/emergencysound/Crying/Crying (198).wav","emergencysound","train","","True","False","True","wav","1.0","48000","Mono","16","768000","93.79","2025-09-25 17:14:46"
"Crying (523).wav","/C/crying_300aeae2","[""/C/crying_300aeae2""]","crying","[""crying""]","/home/andres/Documentos/proyecto4geeks/data/raw/emergencysound/Crying/Crying (523).wav","emergencysound","train","","True","False","True","wav","1.0","48000","Stereo","16","1536000","187.54","2025-09-25 17:14:50"
"Crying (22).wav","/C/crying_300aeae2","[""/C/crying_300aeae2""]","crying","[""crying""]","/home/andres/Documentos/proyecto4geeks/data/raw/emergencysound/Crying/Crying (22).wav","emergencysound","train","","True","False","True","wav","1.0","48000","Mono","16","768000","93.79","2025-09-25 17:14:46"
"Crying (424).wav","/C/crying_300aeae2","[""/C/crying_300aeae2""]","crying","[""crying""]","/home/andres/Documentos/proyecto4geeks/data/raw/emergencysound/Crying/Crying (424).wav","emergencysound","train","","True","False","True","wav","1.0","48000","Stereo","16","1536000","187.54","2025-09-25 17:14:48"
"Crying (35).wav","/C/crying_300aeae2","[""/C/crying_300aeae2""]","crying","[""crying""]","/home/andres/Documentos/proyecto4geeks/data/raw/emergencysound/Crying/Crying (35).wav","emergencysound","train","","True","False","True","wav","1.0","48000","Mono","16","768000","93.79","2025-09-25 17:14:48"
"Crying (315).wav","/C/crying_300aeae2","[""/C/crying_300aeae2""]","crying","[""crying""]","/home/andres/Documentos/proyecto4geeks/data/raw/emergencysound/Crying/Crying (315).wav","emergencysound","train","","True","False","True","wav","1.0","48000","Mono","16","768000","93.79","2025-09-25 17:14:46"
"Crying (404).wav","/C/crying_300aeae2","[""/C/crying_300aeae2""]","crying","[""crying""]","/home/andres/Documentos/proyecto4geeks/data/raw/emergencysound/Crying/Crying (404).wav","emergencysound","train","","True","False","True","wav","1.0","48000","Stereo","16","1536000","187.54","2025-09-25 17:14:48"
"Crying (76).wav","/C/crying_300aeae2","[""/C/crying_300aeae2""]","crying","[""crying""]","/home/andres/Documentos/proyecto4geeks/data/raw/emergencysound/Crying/Crying (76).wav","emergencysound","train","","True","False","True","wav","1.0","48000","Mono","16","768000","93.79","2025-09-25 17:14:52"
"Crying (463).wav","/C/crying_300aeae2","[""/C/crying_300aeae2""]","crying","[""crying""]","/home/andres/Documentos/proyecto4geeks/data/raw/emergencysound/Crying/Crying (463).wav","emergencysound","train","","True","False","True","wav","1.0","48000","Stereo","16","1536000","187.54","2025-09-25 17:14:48"
"Crying (127).wav","/C/crying_300aeae2","[""/C/crying_300aeae2""]","crying","[""crying""]","/home/andres/Documentos/proyecto4geeks/data/raw/emergencysound/Crying/Crying (127).wav","emergencysound","train","","True","False","True","wav","1.0","48000","Mono","16","768000","93.79","2025-09-25 17:14:44"
"Crying (52).wav","/C/crying_300aeae2","[""/C/crying_300aeae2""]","crying","[""crying""]","/home/andres/Documentos/proyecto4geeks/data/raw/emergencysound/Crying/Crying (52).wav","emergencysound","train","","True","False","True","wav","1.0","48000","Mono","16","768000","93.79","2025-09-25 17:14:50"
"Crying (454).wav","/C/crying_300aeae2","[""/C/crying_300aeae2""]","crying","[""crying""]","/home/andres/Documentos/proyecto4geeks/data/raw/emergencysound/Crying/Crying (454).wav","emergencysound","test","","True","False","True","wav","1.0","48000","Stereo","16","1536000","187.54","2025-09-25 17:14:48"
"Crying (481).wav","/C/crying_300aeae2","[""/C/crying_300aeae2""]","crying","[""crying""]","/home/andres/Documentos/proyecto4geeks/data/raw/emergencysound/Crying/Crying (481).wav","emergencysound","train","","True","False","True","wav","1.0","48000","Stereo","16","1536000","187.54","2025-09-25 17:14:50"
"Crying (579).wav","/C/crying_300aeae2","[""/C/crying_300aeae2""]","crying","[""crying""]","/home/andres/Documentos/proyecto4geeks/data/raw/emergencysound/Crying/Crying (579).wav","emergencysound","train","","True","False","True","wav","1.0","48000","Stereo","16","1536000","187.54","2025-09-25 17:14:50"
"Crying (273).wav","/C/crying_300aeae2","[""/C/crying_300aeae2""]","crying","[""crying""]","/home/andres/Documentos/proyecto4geeks/data/raw/emergencysound/Crying/Crying (273).wav","emergencysound","train","","True","False","True","wav","1.0","48000","Mono","16","768000","93.79","2025-09-25 17:14:46"
"Crying (313).wav","/C/crying_300aeae2","[""/C/crying_300aeae2""]","crying","[""crying""]","/home/andres/Documentos/proyecto4geeks/data/raw/emergencysound/Crying/Crying (313).wav","emergencysound","train","","True","False","True","wav","1.0","48000","Mono","16","768000","93.79","2025-09-25 17:14:46"
"Crying (473).wav","/C/crying_300aeae2","[""/C/crying_300aeae2""]","crying","[""crying""]","/home/andres/Documentos/proyecto4geeks/data/raw/emergencysound/Crying/Crying (473).wav","emergencysound","train","","True","False","True","wav","1.0","48000","Stereo","16","1536000","187.54","2025-09-25 17:14:50"
"Crying (626).wav","/C/crying_300aeae2","[""/C/crying_300aeae2""]","crying","[""crying""]","/home/andres/Documentos/proyecto4geeks/data/raw/emergencysound/Crying/Crying (626).wav","emergencysound","test","","True","False","True","wav","1.0","48000","Stereo","16","1536000","187.54","2025-09-25 17:14:52"
"Crying (162).wav","/C/crying_300aeae2","[""/C/crying_300aeae2""]","crying","[""crying""]","/home/andres/Documentos/proyecto4geeks/data/raw/emergencysound/Crying/Crying (162).wav","emergencysound","train","","True","False","True","wav","1.0","48000","Mono","16","768000","93.79","2025-09-25 17:14:46"
"Crying (239).wav","/C/crying_300aeae2","[""/C/crying_300aeae2""]","crying","[""crying""]","/home/andres/Documentos/proyecto4geeks/data/raw/emergencysound/Crying/Crying (239).wav","emergencysound","train","","True","False","True","wav","1.0","48000","Mono","16","768000","93.79","2025-09-25 17:14:46"
"Crying (97).wav","/C/crying_300aeae2","[""/C/crying_300aeae2""]","crying","[""crying""]","/home/andres/Documentos/proyecto4geeks/data/raw/emergencysound/Crying/Crying (97).wav","emergencysound","train","","True","False","True","wav","1.0","48000","Mono","16","768000","93.79","2025-09-25 17:14:52"
"Crying (502).wav","/C/crying_300aeae2","[""/C/crying_300aeae2""]","crying","[""crying""]","/home/andres/Documentos/proyecto4geeks/data/raw/emergencysound/Crying/Crying (502).wav","emergencysound","train","","True","False","True","wav","1.0","48000","Stereo","16","1536000","187.54","2025-09-25 17:14:50"
"Crying (336).wav","/C/crying_300aeae2","[""/C/crying_300aeae2""]","crying","[""crying""]","/home/andres/Documentos/proyecto4geeks/data/raw/emergencysound/Crying/Crying (336).wav","emergencysound","train","","True","False","True","wav","1.0","48000","Stereo","16","1536000","187.54","2025-09-25 17:14:46"
"Crying (622).wav","/C/crying_300aeae2","[""/C/crying_300aeae2""]","crying","[""crying""]","/home/andres/Documentos/proyecto4geeks/data/raw/emergencysound/Crying/Crying (622).wav","emergencysound","test","","True","False","True","wav","1.0","48000","Stereo","16","1536000","187.54","2025-09-25 17:14:52"
"Crying (316).wav","/C/crying_300aeae2","[""/C/crying_300aeae2""]","crying","[""crying""]","/home/andres/Documentos/proyecto4geeks/data/raw/emergencysound/Crying/Crying (316).wav","emergencysound","test","","True","False","True","wav","1.0","48000","Mono","16","768000","93.79","2025-09-25 17:14:46"
"Crying (220).wav","/C/crying_300aeae2","[""/C/crying_300aeae2""]","crying","[""crying""]","/home/andres/Documentos/proyecto4geeks/data/raw/emergencysound/Crying/Crying (220).wav","emergencysound","train","","True","False","True","wav","1.0","48000","Mono","16","768000","93.79","2025-09-25 17:14:46"
"Crying (335).wav","/C/crying_300aeae2","[""/C/crying_300aeae2""]","crying","[""crying""]","/home/andres/Documentos/proyecto4geeks/data/raw/emergencysound/Crying/Crying (335).wav","emergencysound","train","","True","False","True","wav","1.0","48000","Stereo","16","1536000","187.54","2025-09-25 17:14:46"
"Crying (517).wav","/C/crying_300aeae2","[""/C/crying_300aeae2""]","crying","[""crying""]","/home/andres/Documentos/proyecto4geeks/data/raw/emergencysound/Crying/Crying (517).wav","emergencysound","train","","True","False","True","wav","1.0","48000","Stereo","16","1536000","187.54","2025-09-25 17:14:50"
"Crying (34).wav","/C/crying_300aeae2","[""/C/crying_300aeae2""]","crying","[""crying""]","/home/andres/Documentos/proyecto4geeks/data/raw/emergencysound/Crying/Crying (34).wav","emergencysound","train","","True","False","True","wav","1.0","48000","Mono","16","768000","93.79","2025-09-25 17:14:46"
"Crying (93).wav","/C/crying_300aeae2","[""/C/crying_300aeae2""]","crying","[""crying""]","/home/andres/Documentos/proyecto4geeks/data/raw/emergencysound/Crying/Crying (93).wav","emergencysound","train","","True","False","True","wav","1.0","48000","Mono","16","768000","93.79","2025-09-25 17:14:52"
"Crying (166).wav","/C/crying_300aeae2","[""/C/crying_300aeae2""]","crying","[""crying""]","/home/andres/Documentos/proyecto4geeks/data/raw/emergencysound/Crying/Crying (166).wav","emergencysound","test","","True","False","True","wav","1.0","48000","Mono","16","768000","93.79","2025-09-25 17:14:46"
"Crying (311).wav","/C/crying_300aeae2","[""/C/crying_300aeae2""]","crying","[""crying""]","/home/andres/Documentos/proyecto4geeks/data/raw/emergencysound/Crying/Crying (311).wav","emergencysound","train","","True","False","True","wav","1.0","48000","Mono","16","768000","93.79","2025-09-25 17:14:46"
"Crying (561).wav","/C/crying_300aeae2","[""/C/crying_300aeae2""]","crying","[""crying""]","/home/andres/Documentos/proyecto4geeks/data/raw/emergencysound/Crying/Crying (561).wav","emergencysound","test","","True","False","True","wav","1.0","48000","Stereo","16","1536000","187.54","2025-09-25 17:14:50"
"Crying (425).wav","/C/crying_300aeae2","[""/C/crying_300aeae2""]","crying","[""crying""]","/home/andres/Documentos/proyecto4geeks/data/raw/emergencysound/Crying/Crying (425).wav","emergencysound","train","","True","False","True","wav","1.0","48000","Stereo","16","1536000","187.54","2025-09-25 17:14:48"
"Crying (39).wav","/C/crying_300aeae2","[""/C/crying_300aeae2""]","crying","[""crying""]","/home/andres/Documentos/proyecto4geeks/data/raw/emergencysound/Crying/Crying (39).wav","emergencysound","test","","True","False","True","wav","1.0","48000","Mono","16","768000","93.79","2025-09-25 17:14:48"
"Crying (19).wav","/C/crying_300aeae2","[""/C/crying_300aeae2""]","crying","[""crying""]","/home/andres/Documentos/proyecto4geeks/data/raw/emergencysound/Crying/Crying (19).wav","emergencysound","train","","True","False","True","wav","1.0","48000","Mono","16","768000","93.79","2025-09-25 17:14:46"
"Crying (87).wav","/C/crying_300aeae2","[""/C/crying_300aeae2""]","crying","[""crying""]","/home/andres/Documentos/proyecto4geeks/data/raw/emergencysound/Crying/Crying (87).wav","emergencysound","test","","True","False","True","wav","1.0","48000","Mono","16","768000","93.79","2025-09-25 17:14:52"
"Crying (143).wav","/C/crying_300aeae2","[""/C/crying_300aeae2""]","crying","[""crying""]","/home/andres/Documentos/proyecto4geeks/data/raw/emergencysound/Crying/Crying (143).wav","emergencysound","test","","True","False","True","wav","1.0","48000","Mono","16","768000","93.79","2025-09-25 17:14:46"
"Crying (542).wav","/C/crying_300aeae2","[""/C/crying_300aeae2""]","crying","[""crying""]","/home/andres/Documentos/proyecto4geeks/data/raw/emergencysound/Crying/Crying (542).wav","emergencysound","train","","True","False","True","wav","1.0","48000","Stereo","16","1536000","187.54","2025-09-25 17:14:50"
"Crying (8).wav","/C/crying_300aeae2","[""/C/crying_300aeae2""]","crying","[""crying""]","/home/andres/Documentos/proyecto4geeks/data/raw/emergencysound/Crying/Crying (8).wav","emergencysound","train","","True","False","True","wav","1.0","48000","Mono","16","768000","93.79","2025-09-25 17:14:52"
"Crying (383).wav","/C/crying_300aeae2","[""/C/crying_300aeae2""]","crying","[""crying""]","/home/andres/Documentos/proyecto4geeks/data/raw/emergencysound/Crying/Crying (383).wav","emergencysound","train","","True","False","True","wav","1.0","48000","Stereo","16","1536000","187.54","2025-09-25 17:14:48"
"Crying (479).wav","/C/crying_300aeae2","[""/C/crying_300aeae2""]","crying","[""crying""]","/home/andres/Documentos/proyecto4geeks/data/raw/emergencysound/Crying/Crying (479).wav","emergencysound","train","","True","False","True","wav","1.0","48000","Stereo","16","1536000","187.54","2025-09-25 17:14:50"
"Crying (583).wav","/C/crying_300aeae2","[""/C/crying_300aeae2""]","crying","[""crying""]","/home/andres/Documentos/proyecto4geeks/data/raw/emergencysound/Crying/Crying (583).wav","emergencysound","test","","True","False","True","wav","1.0","48000","Stereo","16","1536000","187.54","2025-09-25 17:14:50"
"Crying (351).wav","/C/crying_300aeae2","[""/C/crying_300aeae2""]","crying","[""crying""]","/home/andres/Documentos/proyecto4geeks/data/raw/emergencysound/Crying/Crying (351).wav","emergencysound","train","","True","False","True","wav","1.0","48000","Stereo","16","1536000","187.54","2025-09-25 17:14:48"
"Crying (350).wav","/C/crying_300aeae2","[""/C/crying_300aeae2""]","crying","[""crying""]","/home/andres/Documentos/proyecto4geeks/data/raw/emergencysound/Crying/Crying (350).wav","emergencysound","train","","True","False","True","wav","1.0","48000","Stereo","16","1536000","187.54","2025-09-25 17:14:48"
"Crying (208).wav","/C/crying_300aeae2","[""/C/crying_300aeae2""]","crying","[""crying""]","/home/andres/Documentos/proyecto4geeks/data/raw/emergencysound/Crying/Crying (208).wav","emergencysound","train","","True","False","True","wav","1.0","48000","Mono","16","768000","93.79","2025-09-25 17:14:46"
"Crying (260).wav","/C/crying_300aeae2","[""/C/crying_300aeae2""]","crying","[""crying""]","/home/andres/Documentos/proyecto4geeks/data/raw/emergencysound/Crying/Crying (260).wav","emergencysound","test","","True","False","True","wav","1.0","48000","Mono","16","768000","93.79","2025-09-25 17:14:46"
"Crying (384).wav","/C/crying_300aeae2","[""/C/crying_300aeae2""]","crying","[""crying""]","/home/andres/Documentos/proyecto4geeks/data/raw/emergencysound/Crying/Crying (384).wav","emergencysound","train","","True","False","True","wav","1.0","48000","Stereo","16","1536000","187.54","2025-09-25 17:14:48"
"Crying (407).wav","/C/crying_300aeae2","[""/C/crying_300aeae2""]","crying","[""crying""]","/home/andres/Documentos/proyecto4geeks/data/raw/emergencysound/Crying/Crying (407).wav","emergencysound","train","","True","False","True","wav","1.0","48000","Stereo","16","1536000","187.54","2025-09-25 17:14:48"
"Crying (627).wav","/C/crying_300aeae2","[""/C/crying_300aeae2""]","crying","[""crying""]","/home/andres/Documentos/proyecto4geeks/data/raw/emergencysound/Crying/Crying (627).wav","emergencysound","train","","True","False","True","wav","0.261","48000","Stereo","16","1536000","49.04","2025-09-25 17:14:52"
"Crying (334).wav","/C/crying_300aeae2","[""/C/crying_300aeae2""]","crying","[""crying""]","/home/andres/Documentos/proyecto4geeks/data/raw/emergencysound/Crying/Crying (334).wav","emergencysound","train","","True","False","True","wav","1.0","48000","Stereo","16","1536000","187.54","2025-09-25 17:14:46"
"Crying (366).wav","/C/crying_300aeae2","[""/C/crying_300aeae2""]","crying","[""crying""]","/home/andres/Documentos/proyecto4geeks/data/raw/emergencysound/Crying/Crying (366).wav","emergencysound","test","","True","False","True","wav","1.0","48000","Stereo","16","1536000","187.54","2025-09-25 17:14:48"
"Crying (624).wav","/C/crying_300aeae2","[""/C/crying_300aeae2""]","crying","[""crying""]","/home/andres/Documentos/proyecto4geeks/data/raw/emergencysound/Crying/Crying (624).wav","emergencysound","train","","True","False","True","wav","1.0","48000","Stereo","16","1536000","187.54","2025-09-25 17:14:52"
"Crying (393).wav","/C/crying_300aeae2","[""/C/crying_300aeae2""]","crying","[""crying""]","/home/andres/Documentos/proyecto4geeks/data/raw/emergencysound/Crying/Crying (393).wav","emergencysound","train","","True","False","True","wav","1.0","48000","Stereo","16","1536000","187.54","2025-09-25 17:14:48"
"Crying (161).wav","/C/crying_300aeae2","[""/C/crying_300aeae2""]","crying","[""crying""]","/home/andres/Documentos/proyecto4geeks/data/raw/emergencysound/Crying/Crying (161).wav","emergencysound","train","","True","False","True","wav","1.0","48000","Mono","16","768000","93.79","2025-09-25 17:14:46"
"Crying (16).wav","/C/crying_300aeae2","[""/C/crying_300aeae2""]","crying","[""crying""]","/home/andres/Documentos/proyecto4geeks/data/raw/emergencysound/Crying/Crying (16).wav","emergencysound","train","","True","False","True","wav","1.0","48000","Mono","16","768000","93.79","2025-09-25 17:14:46"
"Crying (409).wav","/C/crying_300aeae2","[""/C/crying_300aeae2""]","crying","[""crying""]","/home/andres/Documentos/proyecto4geeks/data/raw/emergencysound/Crying/Crying (409).wav","emergencysound","train","","True","False","True","wav","1.0","48000","Stereo","16","1536000","187.54","2025-09-25 17:14:48"
"Crying (443).wav","/C/crying_300aeae2","[""/C/crying_300aeae2""]","crying","[""crying""]","/home/andres/Documentos/proyecto4geeks/data/raw/emergencysound/Crying/Crying (443).wav","emergencysound","train","","True","False","True","wav","1.0","48000","Stereo","16","1536000","187.54","2025-09-25 17:14:48"
"Crying (115).wav","/C/crying_300aeae2","[""/C/crying_300aeae2""]","crying","[""crying""]","/home/andres/Documentos/proyecto4geeks/data/raw/emergencysound/Crying/Crying (115).wav","emergencysound","test","","True","False","True","wav","1.0","48000","Mono","16","768000","93.79","2025-09-25 17:14:44"
"Crying (543).wav","/C/crying_300aeae2","[""/C/crying_300aeae2""]","crying","[""crying""]","/home/andres/Documentos/proyecto4geeks/data/raw/emergencysound/Crying/Crying (543).wav","emergencysound","train","","True","False","True","wav","1.0","48000","Stereo","16","1536000","187.54","2025-09-25 17:14:50"
"Crying (381).wav","/C/crying_300aeae2","[""/C/crying_300aeae2""]","crying","[""crying""]","/home/andres/Documentos/proyecto4geeks/data/raw/emergencysound/Crying/Crying (381).wav","emergencysound","train","","True","False","True","wav","1.0","48000","Stereo","16","1536000","187.54","2025-09-25 17:14:48"
"Crying (26).wav","/C/crying_300aeae2","[""/C/crying_300aeae2""]","crying","[""crying""]","/home/andres/Documentos/proyecto4geeks/data/raw/emergencysound/Crying/Crying (26).wav","emergencysound","train","","True","False","True","wav","1.0","48000","Mono","16","768000","93.79","2025-09-25 17:14:46"
"Crying (108).wav","/C/crying_300aeae2","[""/C/crying_300aeae2""]","crying","[""crying""]","/home/andres/Documentos/proyecto4geeks/data/raw/emergencysound/Crying/Crying (108).wav","emergencysound","train","","True","False","True","wav","1.0","48000","Mono","16","768000","93.79","2025-09-25 17:14:44"
"Crying (340).wav","/C/crying_300aeae2","[""/C/crying_300aeae2""]","crying","[""crying""]","/home/andres/Documentos/proyecto4geeks/data/raw/emergencysound/Crying/Crying (340).wav","emergencysound","test","","True","False","True","wav","1.0","48000","Stereo","16","1536000","187.54","2025-09-25 17:14:46"
"Crying (565).wav","/C/crying_300aeae2","[""/C/crying_300aeae2""]","crying","[""crying""]","/home/andres/Documentos/proyecto4geeks/data/raw/emergencysound/Crying/Crying (565).wav","emergencysound","train","","True","False","True","wav","1.0","48000","Stereo","16","1536000","187.54","2025-09-25 17:14:50"
"Crying (66).wav","/C/crying_300aeae2","[""/C/crying_300aeae2""]","crying","[""crying""]","/home/andres/Documentos/proyecto4geeks/data/raw/emergencysound/Crying/Crying (66).wav","emergencysound","train","","True","False","True","wav","1.0","48000","Mono","16","768000","93.79","2025-09-25 17:14:52"
"Crying (36).wav","/C/crying_300aeae2","[""/C/crying_300aeae2""]","crying","[""crying""]","/home/andres/Documentos/proyecto4geeks/data/raw/emergencysound/Crying/Crying (36).wav","emergencysound","train","","True","False","True","wav","1.0","48000","Mono","16","768000","93.79","2025-09-25 17:14:48"
"Crying (96).wav","/C/crying_300aeae2","[""/C/crying_300aeae2""]","crying","[""crying""]","/home/andres/Documentos/proyecto4geeks/data/raw/emergencysound/Crying/Crying (96).wav","emergencysound","train","","True","False","True","wav","1.0","48000","Mono","16","768000","93.79","2025-09-25 17:14:52"
"Crying (195).wav","/C/crying_300aeae2","[""/C/crying_300aeae2""]","crying","[""crying""]","/home/andres/Documentos/proyecto4geeks/data/raw/emergencysound/Crying/Crying (195).wav","emergencysound","train","","True","False","True","wav","1.0","48000","Mono","16","768000","93.79","2025-09-25 17:14:46"
"Crying (515).wav","/C/crying_300aeae2","[""/C/crying_300aeae2""]","crying","[""crying""]","/home/andres/Documentos/proyecto4geeks/data/raw/emergencysound/Crying/Crying (515).wav","emergencysound","train","","True","False","True","wav","1.0","48000","Stereo","16","1536000","187.54","2025-09-25 17:14:50"
"Crying (92).wav","/C/crying_300aeae2","[""/C/crying_300aeae2""]","crying","[""crying""]","/home/andres/Documentos/proyecto4geeks/data/raw/emergencysound/Crying/Crying (92).wav","emergencysound","train","","True","False","True","wav","1.0","48000","Mono","16","768000","93.79","2025-09-25 17:14:52"
"Crying (426).wav","/C/crying_300aeae2","[""/C/crying_300aeae2""]","crying","[""crying""]","/home/andres/Documentos/proyecto4geeks/data/raw/emergencysound/Crying/Crying (426).wav","emergencysound","train","","True","False","True","wav","1.0","48000","Stereo","16","1536000","187.54","2025-09-25 17:14:48"
"Crying (167).wav","/C/crying_300aeae2","[""/C/crying_300aeae2""]","crying","[""crying""]","/home/andres/Documentos/proyecto4geeks/data/raw/emergencysound/Crying/Crying (167).wav","emergencysound","test","","True","False","True","wav","1.0","48000","Mono","16","768000","93.79","2025-09-25 17:14:46"
"Crying (326).wav","/C/crying_300aeae2","[""/C/crying_300aeae2""]","crying","[""crying""]","/home/andres/Documentos/proyecto4geeks/data/raw/emergencysound/Crying/Crying (326).wav","emergencysound","train","","True","False","True","wav","1.0","48000","Stereo","16","1536000","187.54","2025-09-25 17:14:46"
"Crying (122).wav","/C/crying_300aeae2","[""/C/crying_300aeae2""]","crying","[""crying""]","/home/andres/Documentos/proyecto4geeks/data/raw/emergencysound/Crying/Crying (122).wav","emergencysound","train","","True","False","True","wav","1.0","48000","Mono","16","768000","93.79","2025-09-25 17:14:44"
"Crying (630).wav","/C/crying_300aeae2","[""/C/crying_300aeae2""]","crying","[""crying""]","/home/andres/Documentos/proyecto4geeks/data/raw/emergencysound/Crying/Crying (630).wav","emergencysound","train","","True","False","True","wav","1.0","48000","Mono","16","768000","93.79","2025-09-25 17:14:52"
"Crying (151).wav","/C/crying_300aeae2","[""/C/crying_300aeae2""]","crying","[""crying""]","/home/andres/Documentos/proyecto4geeks/data/raw/emergencysound/Crying/Crying (151).wav","emergencysound","train","","True","False","True","wav","1.0","48000","Mono","16","768000","93.79","2025-09-25 17:14:46"
"Crying (440).wav","/C/crying_300aeae2","[""/C/crying_300aeae2""]","crying","[""crying""]","/home/andres/Documentos/proyecto4geeks/data/raw/emergencysound/Crying/Crying (440).wav","emergencysound","train","","True","False","True","wav","1.0","48000","Stereo","16","1536000","187.54","2025-09-25 17:14:48"
"Crying (210).wav","/C/crying_300aeae2","[""/C/crying_300aeae2""]","crying","[""crying""]","/home/andres/Documentos/proyecto4geeks/data/raw/emergencysound/Crying/Crying (210).wav","emergencysound","train","","True","False","True","wav","1.0","48000","Mono","16","768000","93.79","2025-09-25 17:14:46"
"Crying (30).wav","/C/crying_300aeae2","[""/C/crying_300aeae2""]","crying","[""crying""]","/home/andres/Documentos/proyecto4geeks/data/raw/emergencysound/Crying/Crying (30).wav","emergencysound","train","","True","False","True","wav","1.0","48000","Mono","16","768000","93.79","2025-09-25 17:14:46"
"Crying (391).wav","/C/crying_300aeae2","[""/C/crying_300aeae2""]","crying","[""crying""]","/home/andres/Documentos/proyecto4geeks/data/raw/emergencysound/Crying/Crying (391).wav","emergencysound","test","","True","False","True","wav","1.0","48000","Stereo","16","1536000","187.54","2025-09-25 17:14:48"
"Crying (254).wav","/C/crying_300aeae2","[""/C/crying_300aeae2""]","crying","[""crying""]","/home/andres/Documentos/proyecto4geeks/data/raw/emergencysound/Crying/Crying (254).wav","emergencysound","train","","True","False","True","wav","1.0","48000","Mono","16","768000","93.79","2025-09-25 17:14:46"
"Crying (619).wav","/C/crying_300aeae2","[""/C/crying_300aeae2""]","crying","[""crying""]","/home/andres/Documentos/proyecto4geeks/data/raw/emergencysound/Crying/Crying (619).wav","emergencysound","train","","True","False","True","wav","1.0","48000","Stereo","16","1536000","187.54","2025-09-25 17:14:52"
"Crying (42).wav","/C/crying_300aeae2","[""/C/crying_300aeae2""]","crying","[""crying""]","/home/andres/Documentos/proyecto4geeks/data/raw/emergencysound/Crying/Crying (42).wav","emergencysound","train","","True","False","True","wav","1.0","48000","Mono","16","768000","93.79","2025-09-25 17:14:48"
"Crying (194).wav","/C/crying_300aeae2","[""/C/crying_300aeae2""]","crying","[""crying""]","/home/andres/Documentos/proyecto4geeks/data/raw/emergencysound/Crying/Crying (194).wav","emergencysound","train","","True","False","True","wav","1.0","48000","Mono","16","768000","93.79","2025-09-25 17:14:46"
"Crying (312).wav","/C/crying_300aeae2","[""/C/crying_300aeae2""]","crying","[""crying""]","/home/andres/Documentos/proyecto4geeks/data/raw/emergencysound/Crying/Crying (312).wav","emergencysound","train","","True","False","True","wav","1.0","48000","Mono","16","768000","93.79","2025-09-25 17:14:46"
"Crying (368).wav","/C/crying_300aeae2","[""/C/crying_300aeae2""]","crying","[""crying""]","/home/andres/Documentos/proyecto4geeks/data/raw/emergencysound/Crying/Crying (368).wav","emergencysound","train","","True","False","True","wav","1.0","48000","Stereo","16","1536000","187.54","2025-09-25 17:14:48"
"Crying (95).wav","/C/crying_300aeae2","[""/C/crying_300aeae2""]","crying","[""crying""]","/home/andres/Documentos/proyecto4geeks/data/raw/emergencysound/Crying/Crying (95).wav","emergencysound","train","","True","False","True","wav","1.0","48000","Mono","16","768000","93.79","2025-09-25 17:14:52"
"Crying (169).wav","/C/crying_300aeae2","[""/C/crying_300aeae2""]","crying","[""crying""]","/home/andres/Documentos/proyecto4geeks/data/raw/emergencysound/Crying/Crying (169).wav","emergencysound","train","","True","False","True","wav","1.0","48000","Mono","16","768000","93.79","2025-09-25 17:14:46"
"Crying (240).wav","/C/crying_300aeae2","[""/C/crying_300aeae2""]","crying","[""crying""]","/home/andres/Documentos/proyecto4geeks/data/raw/emergencysound/Crying/Crying (240).wav","emergencysound","train","","True","False","True","wav","1.0","48000","Mono","16","768000","93.79","2025-09-25 17:14:46"
"Crying (594).wav","/C/crying_300aeae2","[""/C/crying_300aeae2""]","crying","[""crying""]","/home/andres/Documentos/proyecto4geeks/data/raw/emergencysound/Crying/Crying (594).wav","emergencysound","train","","True","False","True","wav","1.0","48000","Stereo","16","1536000","187.54","2025-09-25 17:14:52"
"Crying (408).wav","/C/crying_300aeae2","[""/C/crying_300aeae2""]","crying","[""crying""]","/home/andres/Documentos/proyecto4geeks/data/raw/emergencysound/Crying/Crying (408).wav","emergencysound","train","","True","False","True","wav","1.0","48000","Stereo","16","1536000","187.54","2025-09-25 17:14:48"
"Crying (180).wav","/C/crying_300aeae2","[""/C/crying_300aeae2""]","crying","[""crying""]","/home/andres/Documentos/proyecto4geeks/data/raw/emergencysound/Crying/Crying (180).wav","emergencysound","train","","True","False","True","wav","1.0","48000","Mono","16","768000","93.79","2025-09-25 17:14:46"
"Crying (71).wav","/C/crying_300aeae2","[""/C/crying_300aeae2""]","crying","[""crying""]","/home/andres/Documentos/proyecto4geeks/data/raw/emergencysound/Crying/Crying (71).wav","emergencysound","train","","True","False","True","wav","1.0","48000","Mono","16","768000","93.79","2025-09-25 17:14:52"
"Crying (41).wav","/C/crying_300aeae2","[""/C/crying_300aeae2""]","crying","[""crying""]","/home/andres/Documentos/proyecto4geeks/data/raw/emergencysound/Crying/Crying (41).wav","emergencysound","train","","True","False","True","wav","1.0","48000","Mono","16","768000","93.79","2025-09-25 17:14:48"
"Crying (547).wav","/C/crying_300aeae2","[""/C/crying_300aeae2""]","crying","[""crying""]","/home/andres/Documentos/proyecto4geeks/data/raw/emergencysound/Crying/Crying (547).wav","emergencysound","train","","True","False","True","wav","1.0","48000","Stereo","16","1536000","187.54","2025-09-25 17:14:50"
"Crying (631).wav","/C/crying_300aeae2","[""/C/crying_300aeae2""]","crying","[""crying""]","/home/andres/Documentos/proyecto4geeks/data/raw/emergencysound/Crying/Crying (631).wav","emergencysound","train","","True","False","True","wav","1.0","48000","Mono","16","768000","93.79","2025-09-25 17:14:52"
"Crying (322).wav","/C/crying_300aeae2","[""/C/crying_300aeae2""]","crying","[""crying""]","/home/andres/Documentos/proyecto4geeks/data/raw/emergencysound/Crying/Crying (322).wav","emergencysound","train","","True","False","True","wav","1.0","48000","Stereo","16","1536000","187.54","2025-09-25 17:14:46"
"Crying (205).wav","/C/crying_300aeae2","[""/C/crying_300aeae2""]","crying","[""crying""]","/home/andres/Documentos/proyecto4geeks/data/raw/emergencysound/Crying/Crying (205).wav","emergencysound","train","","True","False","True","wav","1.0","48000","Mono","16","768000","93.79","2025-09-25 17:14:46"
"Crying (285).wav","/C/crying_300aeae2","[""/C/crying_300aeae2""]","crying","[""crying""]","/home/andres/Documentos/proyecto4geeks/data/raw/emergencysound/Crying/Crying (285).wav","emergencysound","test","","True","False","True","wav","1.0","48000","Mono","16","768000","93.79","2025-09-25 17:14:46"
"Crying (410).wav","/C/crying_300aeae2","[""/C/crying_300aeae2""]","crying","[""crying""]","/home/andres/Documentos/proyecto4geeks/data/raw/emergencysound/Crying/Crying (410).wav","emergencysound","test","","True","False","True","wav","1.0","48000","Stereo","16","1536000","187.54","2025-09-25 17:14:48"
"Crying (283).wav","/C/crying_300aeae2","[""/C/crying_300aeae2""]","crying","[""crying""]","/home/andres/Documentos/proyecto4geeks/data/raw/emergencysound/Crying/Crying (283).wav","emergencysound","train","","True","False","True","wav","1.0","48000","Mono","16","768000","93.79","2025-09-25 17:14:46"
"Crying (557).wav","/C/crying_300aeae2","[""/C/crying_300aeae2""]","crying","[""crying""]","/home/andres/Documentos/proyecto4geeks/data/raw/emergencysound/Crying/Crying (557).wav","emergencysound","train","","True","False","True","wav","1.0","48000","Stereo","16","1536000","187.54","2025-09-25 17:14:50"
"Crying (280).wav","/C/crying_300aeae2","[""/C/crying_300aeae2""]","crying","[""crying""]","/home/andres/Documentos/proyecto4geeks/data/raw/emergencysound/Crying/Crying (280).wav","emergencysound","test","","True","False","True","wav","1.0","48000","Mono","16","768000","93.79","2025-09-25 17:14:46"
"Crying (462).wav","/C/crying_300aeae2","[""/C/crying_300aeae2""]","crying","[""crying""]","/home/andres/Documentos/proyecto4geeks/data/raw/emergencysound/Crying/Crying (462).wav","emergencysound","test","","True","False","True","wav","1.0","48000","Stereo","16","1536000","187.54","2025-09-25 17:14:48"
"Crying (450).wav","/C/crying_300aeae2","[""/C/crying_300aeae2""]","crying","[""crying""]","/home/andres/Documentos/proyecto4geeks/data/raw/emergencysound/Crying/Crying (450).wav","emergencysound","test","","True","False","True","wav","1.0","48000","Stereo","16","1536000","187.54","2025-09-25 17:14:48"
"Crying (355).wav","/C/crying_300aeae2","[""/C/crying_300aeae2""]","crying","[""crying""]","/home/andres/Documentos/proyecto4geeks/data/raw/emergencysound/Crying/Crying (355).wav","emergencysound","test","","True","False","True","wav","1.0","48000","Stereo","16","1536000","187.54","2025-09-25 17:14:48"
"Crying (225).wav","/C/crying_300aeae2","[""/C/crying_300aeae2""]","crying","[""crying""]","/home/andres/Documentos/proyecto4geeks/data/raw/emergencysound/Crying/Crying (225).wav","emergencysound","train","","True","False","True","wav","1.0","48000","Mono","16","768000","93.79","2025-09-25 17:14:46"
"Crying (581).wav","/C/crying_300aeae2","[""/C/crying_300aeae2""]","crying","[""crying""]","/home/andres/Documentos/proyecto4geeks/data/raw/emergencysound/Crying/Crying (581).wav","emergencysound","train","","True","False","True","wav","1.0","48000","Stereo","16","1536000","187.54","2025-09-25 17:14:50"
"Crying (109).wav","/C/crying_300aeae2","[""/C/crying_300aeae2""]","crying","[""crying""]","/home/andres/Documentos/proyecto4geeks/data/raw/emergencysound/Crying/Crying (109).wav","emergencysound","train","","True","False","True","wav","1.0","48000","Mono","16","768000","93.79","2025-09-25 17:14:44"
"Crying (433).wav","/C/crying_300aeae2","[""/C/crying_300aeae2""]","crying","[""crying""]","/home/andres/Documentos/proyecto4geeks/data/raw/emergencysound/Crying/Crying (433).wav","emergencysound","train","","True","False","True","wav","1.0","48000","Stereo","16","1536000","187.54","2025-09-25 17:14:48"
"Crying (98).wav","/C/crying_300aeae2","[""/C/crying_300aeae2""]","crying","[""crying""]","/home/andres/Documentos/proyecto4geeks/data/raw/emergencysound/Crying/Crying (98).wav","emergencysound","test","","True","False","True","wav","1.0","48000","Mono","16","768000","93.79","2025-09-25 17:14:52"
"Crying (494).wav","/C/crying_300aeae2","[""/C/crying_300aeae2""]","crying","[""crying""]","/home/andres/Documentos/proyecto4geeks/data/raw/emergencysound/Crying/Crying (494).wav","emergencysound","train","","True","False","True","wav","1.0","48000","Stereo","16","1536000","187.54","2025-09-25 17:14:50"
"Crying (613).wav","/C/crying_300aeae2","[""/C/crying_300aeae2""]","crying","[""crying""]","/home/andres/Documentos/proyecto4geeks/data/raw/emergencysound/Crying/Crying (613).wav","emergencysound","train","","True","False","True","wav","1.0","48000","Stereo","16","1536000","187.54","2025-09-25 17:14:52"
"Crying (514).wav","/C/crying_300aeae2","[""/C/crying_300aeae2""]","crying","[""crying""]","/home/andres/Documentos/proyecto4geeks/data/raw/emergencysound/Crying/Crying (514).wav","emergencysound","train","","True","False","True","wav","1.0","48000","Stereo","16","1536000","187.54","2025-09-25 17:14:50"
"Crying (304).wav","/C/crying_300aeae2","[""/C/crying_300aeae2""]","crying","[""crying""]","/home/andres/Documentos/proyecto4geeks/data/raw/emergencysound/Crying/Crying (304).wav","emergencysound","train","","True","False","True","wav","1.0","48000","Mono","16","768000","93.79","2025-09-25 17:14:46"
"Crying (284).wav","/C/crying_300aeae2","[""/C/crying_300aeae2""]","crying","[""crying""]","/home/andres/Documentos/proyecto4geeks/data/raw/emergencysound/Crying/Crying (284).wav","emergencysound","test","","True","False","True","wav","1.0","48000","Mono","16","768000","93.79","2025-09-25 17:14:46"
"Crying (512).wav","/C/crying_300aeae2","[""/C/crying_300aeae2""]","crying","[""crying""]","/home/andres/Documentos/proyecto4geeks/data/raw/emergencysound/Crying/Crying (512).wav","emergencysound","train","","True","False","True","wav","1.0","48000","Stereo","16","1536000","187.54","2025-09-25 17:14:50"
"Crying (317).wav","/C/crying_300aeae2","[""/C/crying_300aeae2""]","crying","[""crying""]","/home/andres/Documentos/proyecto4geeks/data/raw/emergencysound/Crying/Crying (317).wav","emergencysound","train","","True","False","True","wav","1.0","48000","Mono","16","768000","93.79","2025-09-25 17:14:46"
"Crying (556).wav","/C/crying_300aeae2","[""/C/crying_300aeae2""]","crying","[""crying""]","/home/andres/Documentos/proyecto4geeks/data/raw/emergencysound/Crying/Crying (556).wav","emergencysound","test","","True","False","True","wav","1.0","48000","Stereo","16","1536000","187.54","2025-09-25 17:14:50"
"Crying (100).wav","/C/crying_300aeae2","[""/C/crying_300aeae2""]","crying","[""crying""]","/home/andres/Documentos/proyecto4geeks/data/raw/emergencysound/Crying/Crying (100).wav","emergencysound","test","","True","False","True","wav","1.0","48000","Mono","16","768000","93.79","2025-09-25 17:14:44"
"Crying (374).wav","/C/crying_300aeae2","[""/C/crying_300aeae2""]","crying","[""crying""]","/home/andres/Documentos/proyecto4geeks/data/raw/emergencysound/Crying/Crying (374).wav","emergencysound","test","","True","False","True","wav","1.0","48000","Stereo","16","1536000","187.54","2025-09-25 17:14:48"
"Crying (413).wav","/C/crying_300aeae2","[""/C/crying_300aeae2""]","crying","[""crying""]","/home/andres/Documentos/proyecto4geeks/data/raw/emergencysound/Crying/Crying (413).wav","emergencysound","train","","True","False","True","wav","1.0","48000","Stereo","16","1536000","187.54","2025-09-25 17:14:48"
"Crying (602).wav","/C/crying_300aeae2","[""/C/crying_300aeae2""]","crying","[""crying""]","/home/andres/Documentos/proyecto4geeks/data/raw/emergencysound/Crying/Crying (602).wav","emergencysound","train","","True","False","True","wav","1.0","48000","Stereo","16","1536000","187.54","2025-09-25 17:14:52"
"Crying (263).wav","/C/crying_300aeae2","[""/C/crying_300aeae2""]","crying","[""crying""]","/home/andres/Documentos/proyecto4geeks/data/raw/emergencysound/Crying/Crying (263).wav","emergencysound","train","","True","False","True","wav","1.0","48000","Mono","16","768000","93.79","2025-09-25 17:14:46"
"Crying (84).wav","/C/crying_300aeae2","[""/C/crying_300aeae2""]","crying","[""crying""]","/home/andres/Documentos/proyecto4geeks/data/raw/emergencysound/Crying/Crying (84).wav","emergencysound","train","","True","False","True","wav","1.0","48000","Mono","16","768000","93.79","2025-09-25 17:14:52"
"Crying (135).wav","/C/crying_300aeae2","[""/C/crying_300aeae2""]","crying","[""crying""]","/home/andres/Documentos/proyecto4geeks/data/raw/emergencysound/Crying/Crying (135).wav","emergencysound","train","","True","False","True","wav","1.0","48000","Mono","16","768000","93.79","2025-09-25 17:14:44"
"Crying (607).wav","/C/crying_300aeae2","[""/C/crying_300aeae2""]","crying","[""crying""]","/home/andres/Documentos/proyecto4geeks/data/raw/emergencysound/Crying/Crying (607).wav","emergencysound","train","","True","False","True","wav","1.0","48000","Stereo","16","1536000","187.54","2025-09-25 17:14:52"
"Crying (560).wav","/C/crying_300aeae2","[""/C/crying_300aeae2""]","crying","[""crying""]","/home/andres/Documentos/proyecto4geeks/data/raw/emergencysound/Crying/Crying (560).wav","emergencysound","train","","True","False","True","wav","1.0","48000","Stereo","16","1536000","187.54","2025-09-25 17:14:50"
"Crying (539).wav","/C/crying_300aeae2","[""/C/crying_300aeae2""]","crying","[""crying""]","/home/andres/Documentos/proyecto4geeks/data/raw/emergencysound/Crying/Crying (539).wav","emergencysound","test","","True","False","True","wav","1.0","48000","Stereo","16","1536000","187.54","2025-09-25 17:14:50"
"Crying (287).wav","/C/crying_300aeae2","[""/C/crying_300aeae2""]","crying","[""crying""]","/home/andres/Documentos/proyecto4geeks/data/raw/emergencysound/Crying/Crying (287).wav","emergencysound","train","","True","False","True","wav","1.0","48000","Mono","16","768000","93.79","2025-09-25 17:14:46"
"Crying (509).wav","/C/crying_300aeae2","[""/C/crying_300aeae2""]","crying","[""crying""]","/home/andres/Documentos/proyecto4geeks/data/raw/emergencysound/Crying/Crying (509).wav","emergencysound","train","","True","False","True","wav","1.0","48000","Stereo","16","1536000","187.54","2025-09-25 17:14:50"
"Crying (188).wav","/C/crying_300aeae2","[""/C/crying_300aeae2""]","crying","[""crying""]","/home/andres/Documentos/proyecto4geeks/data/raw/emergencysound/Crying/Crying (188).wav","emergencysound","train","","True","False","True","wav","1.0","48000","Mono","16","768000","93.79","2025-09-25 17:14:46"
"Crying (506).wav","/C/crying_300aeae2","[""/C/crying_300aeae2""]","crying","[""crying""]","/home/andres/Documentos/proyecto4geeks/data/raw/emergencysound/Crying/Crying (506).wav","emergencysound","train","","True","False","True","wav","1.0","48000","Stereo","16","1536000","187.54","2025-09-25 17:14:50"
"Crying (286).wav","/C/crying_300aeae2","[""/C/crying_300aeae2""]","crying","[""crying""]","/home/andres/Documentos/proyecto4geeks/data/raw/emergencysound/Crying/Crying (286).wav","emergencysound","test","","True","False","True","wav","1.0","48000","Mono","16","768000","93.79","2025-09-25 17:14:46"
"Crying (155).wav","/C/crying_300aeae2","[""/C/crying_300aeae2""]","crying","[""crying""]","/home/andres/Documentos/proyecto4geeks/data/raw/emergencysound/Crying/Crying (155).wav","emergencysound","train","","True","False","True","wav","1.0","48000","Mono","16","768000","93.79","2025-09-25 17:14:46"
"Crying (106).wav","/C/crying_300aeae2","[""/C/crying_300aeae2""]","crying","[""crying""]","/home/andres/Documentos/proyecto4geeks/data/raw/emergencysound/Crying/Crying (106).wav","emergencysound","test","","True","False","True","wav","1.0","48000","Mono","16","768000","93.79","2025-09-25 17:14:44"
"Crying (342).wav","/C/crying_300aeae2","[""/C/crying_300aeae2""]","crying","[""crying""]","/home/andres/Documentos/proyecto4geeks/data/raw/emergencysound/Crying/Crying (342).wav","emergencysound","test","","True","False","True","wav","1.0","48000","Stereo","16","1536000","187.54","2025-09-25 17:14:46"
"Crying (428).wav","/C/crying_300aeae2","[""/C/crying_300aeae2""]","crying","[""crying""]","/home/andres/Documentos/proyecto4geeks/data/raw/emergencysound/Crying/Crying (428).wav","emergencysound","train","","True","False","True","wav","1.0","48000","Stereo","16","1536000","187.54","2025-09-25 17:14:48"
"Crying (295).wav","/C/crying_300aeae2","[""/C/crying_300aeae2""]","crying","[""crying""]","/home/andres/Documentos/proyecto4geeks/data/raw/emergencysound/Crying/Crying (295).wav","emergencysound","train","","True","False","True","wav","1.0","48000","Mono","16","768000","93.79","2025-09-25 17:14:46"
"Crying (578).wav","/C/crying_300aeae2","[""/C/crying_300aeae2""]","crying","[""crying""]","/home/andres/Documentos/proyecto4geeks/data/raw/emergencysound/Crying/Crying (578).wav","emergencysound","train","","True","False","True","wav","1.0","48000","Stereo","16","1536000","187.54","2025-09-25 17:14:50"
"Crying (380).wav","/C/crying_300aeae2","[""/C/crying_300aeae2""]","crying","[""crying""]","/home/andres/Documentos/proyecto4geeks/data/raw/emergencysound/Crying/Crying (380).wav","emergencysound","train","","True","False","True","wav","1.0","48000","Stereo","16","1536000","187.54","2025-09-25 17:14:48"
"Crying (299).wav","/C/crying_300aeae2","[""/C/crying_300aeae2""]","crying","[""crying""]","/home/andres/Documentos/proyecto4geeks/data/raw/emergencysound/Crying/Crying (299).wav","emergencysound","train","","True","False","True","wav","1.0","48000","Mono","16","768000","93.79","2025-09-25 17:14:46"
"Crying (372).wav","/C/crying_300aeae2","[""/C/crying_300aeae2""]","crying","[""crying""]","/home/andres/Documentos/proyecto4geeks/data/raw/emergencysound/Crying/Crying (372).wav","emergencysound","test","","True","False","True","wav","1.0","48000","Stereo","16","1536000","187.54","2025-09-25 17:14:48"
"Crying (227).wav","/C/crying_300aeae2","[""/C/crying_300aeae2""]","crying","[""crying""]","/home/andres/Documentos/proyecto4geeks/data/raw/emergencysound/Crying/Crying (227).wav","emergencysound","train","","True","False","True","wav","1.0","48000","Mono","16","768000","93.79","2025-09-25 17:14:46"
"Crying (564).wav","/C/crying_300aeae2","[""/C/crying_300aeae2""]","crying","[""crying""]","/home/andres/Documentos/proyecto4geeks/data/raw/emergencysound/Crying/Crying (564).wav","emergencysound","train","","True","False","True","wav","1.0","48000","Stereo","16","1536000","187.54","2025-09-25 17:14:50"
"Crying (59).wav","/C/crying_300aeae2","[""/C/crying_300aeae2""]","crying","[""crying""]","/home/andres/Documentos/proyecto4geeks/data/raw/emergencysound/Crying/Crying (59).wav","emergencysound","train","","True","False","True","wav","1.0","48000","Mono","16","768000","93.79","2025-09-25 17:14:50"
"Crying (371).wav","/C/crying_300aeae2","[""/C/crying_300aeae2""]","crying","[""crying""]","/home/andres/Documentos/proyecto4geeks/data/raw/emergencysound/Crying/Crying (371).wav","emergencysound","test","","True","False","True","wav","1.0","48000","Stereo","16","1536000","187.54","2025-09-25 17:14:48"
"Crying (603).wav","/C/crying_300aeae2","[""/C/crying_300aeae2""]","crying","[""crying""]","/home/andres/Documentos/proyecto4geeks/data/raw/emergencysound/Crying/Crying (603).wav","emergencysound","train","","True","False","True","wav","1.0","48000","Stereo","16","1536000","187.54","2025-09-25 17:14:52"
"Crying (136).wav","/C/crying_300aeae2","[""/C/crying_300aeae2""]","crying","[""crying""]","/home/andres/Documentos/proyecto4geeks/data/raw/emergencysound/Crying/Crying (136).wav","emergencysound","test","","True","False","True","wav","1.0","48000","Mono","16","768000","93.79","2025-09-25 17:14:44"
"Crying (480).wav","/C/crying_300aeae2","[""/C/crying_300aeae2""]","crying","[""crying""]","/home/andres/Documentos/proyecto4geeks/data/raw/emergencysound/Crying/Crying (480).wav","emergencysound","train","","True","False","True","wav","1.0","48000","Stereo","16","1536000","187.54","2025-09-25 17:14:50"
"Crying (447).wav","/C/crying_300aeae2","[""/C/crying_300aeae2""]","crying","[""crying""]","/home/andres/Documentos/proyecto4geeks/data/raw/emergencysound/Crying/Crying (447).wav","emergencysound","train","","True","False","True","wav","1.0","48000","Stereo","16","1536000","187.54","2025-09-25 17:14:48"
"Crying (601).wav","/C/crying_300aeae2","[""/C/crying_300aeae2""]","crying","[""crying""]","/home/andres/Documentos/proyecto4geeks/data/raw/emergencysound/Crying/Crying (601).wav","emergencysound","train","","True","False","True","wav","1.0","48000","Stereo","16","1536000","187.54","2025-09-25 17:14:52"
"Crying (112).wav","/C/crying_300aeae2","[""/C/crying_300aeae2""]","crying","[""crying""]","/home/andres/Documentos/proyecto4geeks/data/raw/emergencysound/Crying/Crying (112).wav","emergencysound","test","","True","False","True","wav","1.0","48000","Mono","16","768000","93.79","2025-09-25 17:14:44"
"Crying (353).wav","/C/crying_300aeae2","[""/C/crying_300aeae2""]","crying","[""crying""]","/home/andres/Documentos/proyecto4geeks/data/raw/emergencysound/Crying/Crying (353).wav","emergencysound","train","","True","False","True","wav","1.0","48000","Stereo","16","1536000","187.54","2025-09-25 17:14:48"
"Crying (504).wav","/C/crying_300aeae2","[""/C/crying_300aeae2""]","crying","[""crying""]","/home/andres/Documentos/proyecto4geeks/data/raw/emergencysound/Crying/Crying (504).wav","emergencysound","test","","True","False","True","wav","1.0","48000","Stereo","16","1536000","187.54","2025-09-25 17:14:50"
"Crying (17).wav","/C/crying_300aeae2","[""/C/crying_300aeae2""]","crying","[""crying""]","/home/andres/Documentos/proyecto4geeks/data/raw/emergencysound/Crying/Crying (17).wav","emergencysound","train","","True","False","True","wav","1.0","48000","Mono","16","768000","93.79","2025-09-25 17:14:46"
"Crying (362).wav","/C/crying_300aeae2","[""/C/crying_300aeae2""]","crying","[""crying""]","/home/andres/Documentos/proyecto4geeks/data/raw/emergencysound/Crying/Crying (362).wav","emergencysound","train","","True","False","True","wav","1.0","48000","Stereo","16","1536000","187.54","2025-09-25 17:14:48"
"Crying (418).wav","/C/crying_300aeae2","[""/C/crying_300aeae2""]","crying","[""crying""]","/home/andres/Documentos/proyecto4geeks/data/raw/emergencysound/Crying/Crying (418).wav","emergencysound","train","","True","False","True","wav","1.0","48000","Stereo","16","1536000","187.54","2025-09-25 17:14:48"
"Crying (453).wav","/C/crying_300aeae2","[""/C/crying_300aeae2""]","crying","[""crying""]","/home/andres/Documentos/proyecto4geeks/data/raw/emergencysound/Crying/Crying (453).wav","emergencysound","train","","True","False","True","wav","1.0","48000","Stereo","16","1536000","187.54","2025-09-25 17:14:48"
"Crying (469).wav","/C/crying_300aeae2","[""/C/crying_300aeae2""]","crying","[""crying""]","/home/andres/Documentos/proyecto4geeks/data/raw/emergencysound/Crying/Crying (469).wav","emergencysound","train","","True","False","True","wav","1.0","48000","Stereo","16","1536000","187.54","2025-09-25 17:14:50"
"Crying (296).wav","/C/crying_300aeae2","[""/C/crying_300aeae2""]","crying","[""crying""]","/home/andres/Documentos/proyecto4geeks/data/raw/emergencysound/Crying/Crying (296).wav","emergencysound","train","","True","False","True","wav","1.0","48000","Mono","16","768000","93.79","2025-09-25 17:14:46"
"Crying (632).wav","/C/crying_300aeae2","[""/C/crying_300aeae2""]","crying","[""crying""]","/home/andres/Documentos/proyecto4geeks/data/raw/emergencysound/Crying/Crying (632).wav","emergencysound","train","","True","False","True","wav","1.0","48000","Mono","16","768000","93.79","2025-09-25 17:14:52"
"Crying (230).wav","/C/crying_300aeae2","[""/C/crying_300aeae2""]","crying","[""crying""]","/home/andres/Documentos/proyecto4geeks/data/raw/emergencysound/Crying/Crying (230).wav","emergencysound","train","","True","False","True","wav","1.0","48000","Mono","16","768000","93.79","2025-09-25 17:14:46"
"Crying (302).wav","/C/crying_300aeae2","[""/C/crying_300aeae2""]","crying","[""crying""]","/home/andres/Documentos/proyecto4geeks/data/raw/emergencysound/Crying/Crying (302).wav","emergencysound","train","","True","False","True","wav","1.0","48000","Mono","16","768000","93.79","2025-09-25 17:14:46"
"Crying (308).wav","/C/crying_300aeae2","[""/C/crying_300aeae2""]","crying","[""crying""]","/home/andres/Documentos/proyecto4geeks/data/raw/emergencysound/Crying/Crying (308).wav","emergencysound","test","","True","False","True","wav","1.0","48000","Mono","16","768000","93.79","2025-09-25 17:14:46"
"Crying (139).wav","/C/crying_300aeae2","[""/C/crying_300aeae2""]","crying","[""crying""]","/home/andres/Documentos/proyecto4geeks/data/raw/emergencysound/Crying/Crying (139).wav","emergencysound","train","","True","False","True","wav","1.0","48000","Mono","16","768000","93.79","2025-09-25 17:14:44"
"Crying (307).wav","/C/crying_300aeae2","[""/C/crying_300aeae2""]","crying","[""crying""]","/home/andres/Documentos/proyecto4geeks/data/raw/emergencysound/Crying/Crying (307).wav","emergencysound","train","","True","False","True","wav","1.0","48000","Mono","16","768000","93.79","2025-09-25 17:14:46"
"Crying (401).wav","/C/crying_300aeae2","[""/C/crying_300aeae2""]","crying","[""crying""]","/home/andres/Documentos/proyecto4geeks/data/raw/emergencysound/Crying/Crying (401).wav","emergencysound","train","","True","False","True","wav","1.0","48000","Stereo","16","1536000","187.54","2025-09-25 17:14:48"
"Crying (360).wav","/C/crying_300aeae2","[""/C/crying_300aeae2""]","crying","[""crying""]","/home/andres/Documentos/proyecto4geeks/data/raw/emergencysound/Crying/Crying (360).wav","emergencysound","test","","True","False","True","wav","1.0","48000","Stereo","16","1536000","187.54","2025-09-25 17:14:48"
"Crying (616).wav","/C/crying_300aeae2","[""/C/crying_300aeae2""]","crying","[""crying""]","/home/andres/Documentos/proyecto4geeks/data/raw/emergencysound/Crying/Crying (616).wav","emergencysound","train","","True","False","True","wav","1.0","48000","Stereo","16","1536000","187.54","2025-09-25 17:14:52"
"Crying (459).wav","/C/crying_300aeae2","[""/C/crying_300aeae2""]","crying","[""crying""]","/home/andres/Documentos/proyecto4geeks/data/raw/emergencysound/Crying/Crying (459).wav","emergencysound","train","","True","False","True","wav","1.0","48000","Stereo","16","1536000","187.54","2025-09-25 17:14:48"
"Crying (612).wav","/C/crying_300aeae2","[""/C/crying_300aeae2""]","crying","[""crying""]","/home/andres/Documentos/proyecto4geeks/data/raw/emergencysound/Crying/Crying (612).wav","emergencysound","train","","True","False","True","wav","1.0","48000","Stereo","16","1536000","187.54","2025-09-25 17:14:52"
"Crying (501).wav","/C/crying_300aeae2","[""/C/crying_300aeae2""]","crying","[""crying""]","/home/andres/Documentos/proyecto4geeks/data/raw/emergencysound/Crying/Crying (501).wav","emergencysound","train","","True","False","True","wav","1.0","48000","Stereo","16","1536000","187.54","2025-09-25 17:14:50"
"Crying (467).wav","/C/crying_300aeae2","[""/C/crying_300aeae2""]","crying","[""crying""]","/home/andres/Documentos/proyecto4geeks/data/raw/emergencysound/Crying/Crying (467).wav","emergencysound","train","","True","False","True","wav","1.0","48000","Stereo","16","1536000","187.54","2025-09-25 17:14:48"
"Crying (67).wav","/C/crying_300aeae2","[""/C/crying_300aeae2""]","crying","[""crying""]","/home/andres/Documentos/proyecto4geeks/data/raw/emergencysound/Crying/Crying (67).wav","emergencysound","train","","True","False","True","wav","1.0","48000","Mono","16","768000","93.79","2025-09-25 17:14:52"
"Crying (223).wav","/C/crying_300aeae2","[""/C/crying_300aeae2""]","crying","[""crying""]","/home/andres/Documentos/proyecto4geeks/data/raw/emergencysound/Crying/Crying (223).wav","emergencysound","train","","True","False","True","wav","1.0","48000","Mono","16","768000","93.79","2025-09-25 17:14:46"
"Crying (471).wav","/C/crying_300aeae2","[""/C/crying_300aeae2""]","crying","[""crying""]","/home/andres/Documentos/proyecto4geeks/data/raw/emergencysound/Crying/Crying (471).wav","emergencysound","train","","True","False","True","wav","1.0","48000","Stereo","16","1536000","187.54","2025-09-25 17:14:50"
"Crying (271).wav","/C/crying_300aeae2","[""/C/crying_300aeae2""]","crying","[""crying""]","/home/andres/Documentos/proyecto4geeks/data/raw/emergencysound/Crying/Crying (271).wav","emergencysound","train","","True","False","True","wav","1.0","48000","Mono","16","768000","93.79","2025-09-25 17:14:46"
"Crying (234).wav","/C/crying_300aeae2","[""/C/crying_300aeae2""]","crying","[""crying""]","/home/andres/Documentos/proyecto4geeks/data/raw/emergencysound/Crying/Crying (234).wav","emergencysound","train","","True","False","True","wav","1.0","48000","Mono","16","768000","93.79","2025-09-25 17:14:46"
"Crying (105).wav","/C/crying_300aeae2","[""/C/crying_300aeae2""]","crying","[""crying""]","/home/andres/Documentos/proyecto4geeks/data/raw/emergencysound/Crying/Crying (105).wav","emergencysound","train","","True","False","True","wav","1.0","48000","Mono","16","768000","93.79","2025-09-25 17:14:44"
"Crying (398).wav","/C/crying_300aeae2","[""/C/crying_300aeae2""]","crying","[""crying""]","/home/andres/Documentos/proyecto4geeks/data/raw/emergencysound/Crying/Crying (398).wav","emergencysound","train","","True","False","True","wav","1.0","48000","Stereo","16","1536000","187.54","2025-09-25 17:14:48"
"Crying (369).wav","/C/crying_300aeae2","[""/C/crying_300aeae2""]","crying","[""crying""]","/home/andres/Documentos/proyecto4geeks/data/raw/emergencysound/Crying/Crying (369).wav","emergencysound","train","","True","False","True","wav","1.0","48000","Stereo","16","1536000","187.54","2025-09-25 17:14:48"
"Crying (470).wav","/C/crying_300aeae2","[""/C/crying_300aeae2""]","crying","[""crying""]","/home/andres/Documentos/proyecto4geeks/data/raw/emergencysound/Crying/Crying (470).wav","emergencysound","train","","True","False","True","wav","1.0","48000","Stereo","16","1536000","187.54","2025-09-25 17:14:50"
"Crying (15).wav","/C/crying_300aeae2","[""/C/crying_300aeae2""]","crying","[""crying""]","/home/andres/Documentos/proyecto4geeks/data/raw/emergencysound/Crying/Crying (15).wav","emergencysound","train","","True","False","True","wav","1.0","48000","Mono","16","768000","93.79","2025-09-25 17:14:46"
"Crying (94).wav","/C/crying_300aeae2","[""/C/crying_300aeae2""]","crying","[""crying""]","/home/andres/Documentos/proyecto4geeks/data/raw/emergencysound/Crying/Crying (94).wav","emergencysound","test","","True","False","True","wav","1.0","48000","Mono","16","768000","93.79","2025-09-25 17:14:52"
"Crying (150).wav","/C/crying_300aeae2","[""/C/crying_300aeae2""]","crying","[""crying""]","/home/andres/Documentos/proyecto4geeks/data/raw/emergencysound/Crying/Crying (150).wav","emergencysound","train","","True","False","True","wav","1.0","48000","Mono","16","768000","93.79","2025-09-25 17:14:46"
"Crying (229).wav","/C/crying_300aeae2","[""/C/crying_300aeae2""]","crying","[""crying""]","/home/andres/Documentos/proyecto4geeks/data/raw/emergencysound/Crying/Crying (229).wav","emergencysound","train","","True","False","True","wav","1.0","48000","Mono","16","768000","93.79","2025-09-25 17:14:46"
"Crying (421).wav","/C/crying_300aeae2","[""/C/crying_300aeae2""]","crying","[""crying""]","/home/andres/Documentos/proyecto4geeks/data/raw/emergencysound/Crying/Crying (421).wav","emergencysound","train","","True","False","True","wav","1.0","48000","Stereo","16","1536000","187.54","2025-09-25 17:14:48"
"Crying (197).wav","/C/crying_300aeae2","[""/C/crying_300aeae2""]","crying","[""crying""]","/home/andres/Documentos/proyecto4geeks/data/raw/emergencysound/Crying/Crying (197).wav","emergencysound","train","","True","False","True","wav","1.0","48000","Mono","16","768000","93.79","2025-09-25 17:14:46"
"Crying (373).wav","/C/crying_300aeae2","[""/C/crying_300aeae2""]","crying","[""crying""]","/home/andres/Documentos/proyecto4geeks/data/raw/emergencysound/Crying/Crying (373).wav","emergencysound","train","","True","False","True","wav","1.0","48000","Stereo","16","1536000","187.54","2025-09-25 17:14:48"
"Crying (444).wav","/C/crying_300aeae2","[""/C/crying_300aeae2""]","crying","[""crying""]","/home/andres/Documentos/proyecto4geeks/data/raw/emergencysound/Crying/Crying (444).wav","emergencysound","test","","True","False","True","wav","1.0","48000","Stereo","16","1536000","187.54","2025-09-25 17:14:48"
"Crying (563).wav","/C/crying_300aeae2","[""/C/crying_300aeae2""]","crying","[""crying""]","/home/andres/Documentos/proyecto4geeks/data/raw/emergencysound/Crying/Crying (563).wav","emergencysound","train","","True","False","True","wav","1.0","48000","Stereo","16","1536000","187.54","2025-09-25 17:14:50"
"Crying (354).wav","/C/crying_300aeae2","[""/C/crying_300aeae2""]","crying","[""crying""]","/home/andres/Documentos/proyecto4geeks/data/raw/emergencysound/Crying/Crying (354).wav","emergencysound","train","","True","False","True","wav","1.0","48000","Stereo","16","1536000","187.54","2025-09-25 17:14:48"
"Crying (309).wav","/C/crying_300aeae2","[""/C/crying_300aeae2""]","crying","[""crying""]","/home/andres/Documentos/proyecto4geeks/data/raw/emergencysound/Crying/Crying (309).wav","emergencysound","train","","True","False","True","wav","1.0","48000","Mono","16","768000","93.79","2025-09-25 17:14:46"
"Crying (538).wav","/C/crying_300aeae2","[""/C/crying_300aeae2""]","crying","[""crying""]","/home/andres/Documentos/proyecto4geeks/data/raw/emergencysound/Crying/Crying (538).wav","emergencysound","train","","True","False","True","wav","1.0","48000","Stereo","16","1536000","187.54","2025-09-25 17:14:50"
"Crying (431).wav","/C/crying_300aeae2","[""/C/crying_300aeae2""]","crying","[""crying""]","/home/andres/Documentos/proyecto4geeks/data/raw/emergencysound/Crying/Crying (431).wav","emergencysound","train","","True","False","True","wav","1.0","48000","Stereo","16","1536000","187.54","2025-09-25 17:14:48"
"Crying (575).wav","/C/crying_300aeae2","[""/C/crying_300aeae2""]","crying","[""crying""]","/home/andres/Documentos/proyecto4geeks/data/raw/emergencysound/Crying/Crying (575).wav","emergencysound","train","","True","False","True","wav","1.0","48000","Stereo","16","1536000","187.54","2025-09-25 17:14:50"
"Crying (569).wav","/C/crying_300aeae2","[""/C/crying_300aeae2""]","crying","[""crying""]","/home/andres/Documentos/proyecto4geeks/data/raw/emergencysound/Crying/Crying (569).wav","emergencysound","test","","True","False","True","wav","1.0","48000","Stereo","16","1536000","187.54","2025-09-25 17:14:50"
"Crying (475).wav","/C/crying_300aeae2","[""/C/crying_300aeae2""]","crying","[""crying""]","/home/andres/Documentos/proyecto4geeks/data/raw/emergencysound/Crying/Crying (475).wav","emergencysound","train","","True","False","True","wav","1.0","48000","Stereo","16","1536000","187.54","2025-09-25 17:14:50"
"Crying (269).wav","/C/crying_300aeae2","[""/C/crying_300aeae2""]","crying","[""crying""]","/home/andres/Documentos/proyecto4geeks/data/raw/emergencysound/Crying/Crying (269).wav","emergencysound","test","","True","False","True","wav","1.0","48000","Mono","16","768000","93.79","2025-09-25 17:14:46"
"Crying (395).wav","/C/crying_300aeae2","[""/C/crying_300aeae2""]","crying","[""crying""]","/home/andres/Documentos/proyecto4geeks/data/raw/emergencysound/Crying/Crying (395).wav","emergencysound","train","","True","False","True","wav","1.0","48000","Stereo","16","1536000","187.54","2025-09-25 17:14:48"
"Crying (255).wav","/C/crying_300aeae2","[""/C/crying_300aeae2""]","crying","[""crying""]","/home/andres/Documentos/proyecto4geeks/data/raw/emergencysound/Crying/Crying (255).wav","emergencysound","train","","True","False","True","wav","1.0","48000","Mono","16","768000","93.79","2025-09-25 17:14:46"
"Crying (256).wav","/C/crying_300aeae2","[""/C/crying_300aeae2""]","crying","[""crying""]","/home/andres/Documentos/proyecto4geeks/data/raw/emergencysound/Crying/Crying (256).wav","emergencysound","train","","True","False","True","wav","1.0","48000","Mono","16","768000","93.79","2025-09-25 17:14:46"
"Crying (31).wav","/C/crying_300aeae2","[""/C/crying_300aeae2""]","crying","[""crying""]","/home/andres/Documentos/proyecto4geeks/data/raw/emergencysound/Crying/Crying (31).wav","emergencysound","train","","True","False","True","wav","1.0","48000","Mono","16","768000","93.79","2025-09-25 17:14:46"
"Crying (281).wav","/C/crying_300aeae2","[""/C/crying_300aeae2""]","crying","[""crying""]","/home/andres/Documentos/proyecto4geeks/data/raw/emergencysound/Crying/Crying (281).wav","emergencysound","test","","True","False","True","wav","1.0","48000","Mono","16","768000","93.79","2025-09-25 17:14:46"
"Crying (235).wav","/C/crying_300aeae2","[""/C/crying_300aeae2""]","crying","[""crying""]","/home/andres/Documentos/proyecto4geeks/data/raw/emergencysound/Crying/Crying (235).wav","emergencysound","test","","True","False","True","wav","1.0","48000","Mono","16","768000","93.79","2025-09-25 17:14:46"
"Crying (328).wav","/C/crying_300aeae2","[""/C/crying_300aeae2""]","crying","[""crying""]","/home/andres/Documentos/proyecto4geeks/data/raw/emergencysound/Crying/Crying (328).wav","emergencysound","test","","True","False","True","wav","1.0","48000","Stereo","16","1536000","187.54","2025-09-25 17:14:46"
"Crying (577).wav","/C/crying_300aeae2","[""/C/crying_300aeae2""]","crying","[""crying""]","/home/andres/Documentos/proyecto4geeks/data/raw/emergencysound/Crying/Crying (577).wav","emergencysound","test","","True","False","True","wav","1.0","48000","Stereo","16","1536000","187.54","2025-09-25 17:14:50"
"Crying (72).wav","/C/crying_300aeae2","[""/C/crying_300aeae2""]","crying","[""crying""]","/home/andres/Documentos/proyecto4geeks/data/raw/emergencysound/Crying/Crying (72).wav","emergencysound","test","","True","False","True","wav","1.0","48000","Mono","16","768000","93.79","2025-09-25 17:14:52"
"Crying (182).wav","/C/crying_300aeae2","[""/C/crying_300aeae2""]","crying","[""crying""]","/home/andres/Documentos/proyecto4geeks/data/raw/emergencysound/Crying/Crying (182).wav","emergencysound","test","","True","False","True","wav","1.0","48000","Mono","16","768000","93.79","2025-09-25 17:14:46"
"Crying (193).wav","/C/crying_300aeae2","[""/C/crying_300aeae2""]","crying","[""crying""]","/home/andres/Documentos/proyecto4geeks/data/raw/emergencysound/Crying/Crying (193).wav","emergencysound","test","","True","False","True","wav","1.0","48000","Mono","16","768000","93.79","2025-09-25 17:14:46"
"Crying (88).wav","/C/crying_300aeae2","[""/C/crying_300aeae2""]","crying","[""crying""]","/home/andres/Documentos/proyecto4geeks/data/raw/emergencysound/Crying/Crying (88).wav","emergencysound","train","","True","False","True","wav","1.0","48000","Mono","16","768000","93.79","2025-09-25 17:14:52"
"Crying (589).wav","/C/crying_300aeae2","[""/C/crying_300aeae2""]","crying","[""crying""]","/home/andres/Documentos/proyecto4geeks/data/raw/emergencysound/Crying/Crying (589).wav","emergencysound","train","","True","False","True","wav","1.0","48000","Stereo","16","1536000","187.54","2025-09-25 17:14:50"
"Crying (221).wav","/C/crying_300aeae2","[""/C/crying_300aeae2""]","crying","[""crying""]","/home/andres/Documentos/proyecto4geeks/data/raw/emergencysound/Crying/Crying (221).wav","emergencysound","train","","True","False","True","wav","1.0","48000","Mono","16","768000","93.79","2025-09-25 17:14:46"
"Crying (213).wav","/C/crying_300aeae2","[""/C/crying_300aeae2""]","crying","[""crying""]","/home/andres/Documentos/proyecto4geeks/data/raw/emergencysound/Crying/Crying (213).wav","emergencysound","train","","True","False","True","wav","1.0","48000","Mono","16","768000","93.79","2025-09-25 17:14:46"
"Crying (65).wav","/C/crying_300aeae2","[""/C/crying_300aeae2""]","crying","[""crying""]","/home/andres/Documentos/proyecto4geeks/data/raw/emergencysound/Crying/Crying (65).wav","emergencysound","train","","True","False","True","wav","1.0","48000","Mono","16","768000","93.79","2025-09-25 17:14:52"
"Crying (242).wav","/C/crying_300aeae2","[""/C/crying_300aeae2""]","crying","[""crying""]","/home/andres/Documentos/proyecto4geeks/data/raw/emergencysound/Crying/Crying (242).wav","emergencysound","train","","True","False","True","wav","1.0","48000","Mono","16","768000","93.79","2025-09-25 17:14:46"
"Crying (390).wav","/C/crying_300aeae2","[""/C/crying_300aeae2""]","crying","[""crying""]","/home/andres/Documentos/proyecto4geeks/data/raw/emergencysound/Crying/Crying (390).wav","emergencysound","test","","True","False","True","wav","1.0","48000","Stereo","16","1536000","187.54","2025-09-25 17:14:48"
"Crying (482).wav","/C/crying_300aeae2","[""/C/crying_300aeae2""]","crying","[""crying""]","/home/andres/Documentos/proyecto4geeks/data/raw/emergencysound/Crying/Crying (482).wav","emergencysound","test","","True","False","True","wav","1.0","48000","Stereo","16","1536000","187.54","2025-09-25 17:14:50"
"Crying (276).wav","/C/crying_300aeae2","[""/C/crying_300aeae2""]","crying","[""crying""]","/home/andres/Documentos/proyecto4geeks/data/raw/emergencysound/Crying/Crying (276).wav","emergencysound","train","","True","False","True","wav","1.0","48000","Mono","16","768000","93.79","2025-09-25 17:14:46"
"Crying (376).wav","/C/crying_300aeae2","[""/C/crying_300aeae2""]","crying","[""crying""]","/home/andres/Documentos/proyecto4geeks/data/raw/emergencysound/Crying/Crying (376).wav","emergencysound","train","","True","False","True","wav","1.0","48000","Stereo","16","1536000","187.54","2025-09-25 17:14:48"
"Crying (367).wav","/C/crying_300aeae2","[""/C/crying_300aeae2""]","crying","[""crying""]","/home/andres/Documentos/proyecto4geeks/data/raw/emergencysound/Crying/Crying (367).wav","emergencysound","test","","True","False","True","wav","1.0","48000","Stereo","16","1536000","187.54","2025-09-25 17:14:48"
"Crying (570).wav","/C/crying_300aeae2","[""/C/crying_300aeae2""]","crying","[""crying""]","/home/andres/Documentos/proyecto4geeks/data/raw/emergencysound/Crying/Crying (570).wav","emergencysound","train","","True","False","True","wav","1.0","48000","Stereo","16","1536000","187.54","2025-09-25 17:14:50"
"Crying (2).wav","/C/crying_300aeae2","[""/C/crying_300aeae2""]","crying","[""crying""]","/home/andres/Documentos/proyecto4geeks/data/raw/emergencysound/Crying/Crying (2).wav","emergencysound","train","","True","False","True","wav","1.0","48000","Mono","16","768000","93.79","2025-09-25 17:14:46"
"Crying (361).wav","/C/crying_300aeae2","[""/C/crying_300aeae2""]","crying","[""crying""]","/home/andres/Documentos/proyecto4geeks/data/raw/emergencysound/Crying/Crying (361).wav","emergencysound","train","","True","False","True","wav","1.0","48000","Stereo","16","1536000","187.54","2025-09-25 17:14:48"
"Crying (176).wav","/C/crying_300aeae2","[""/C/crying_300aeae2""]","crying","[""crying""]","/home/andres/Documentos/proyecto4geeks/data/raw/emergencysound/Crying/Crying (176).wav","emergencysound","train","","True","False","True","wav","1.0","48000","Mono","16","768000","93.79","2025-09-25 17:14:46"
"Crying (121).wav","/C/crying_300aeae2","[""/C/crying_300aeae2""]","crying","[""crying""]","/home/andres/Documentos/proyecto4geeks/data/raw/emergencysound/Crying/Crying (121).wav","emergencysound","train","","True","False","True","wav","1.0","48000","Mono","16","768000","93.79","2025-09-25 17:14:44"
"Crying (458).wav","/C/crying_300aeae2","[""/C/crying_300aeae2""]","crying","[""crying""]","/home/andres/Documentos/proyecto4geeks/data/raw/emergencysound/Crying/Crying (458).wav","emergencysound","train","","True","False","True","wav","1.0","48000","Stereo","16","1536000","187.54","2025-09-25 17:14:48"
"Crying (123).wav","/C/crying_300aeae2","[""/C/crying_300aeae2""]","crying","[""crying""]","/home/andres/Documentos/proyecto4geeks/data/raw/emergencysound/Crying/Crying (123).wav","emergencysound","train","","True","False","True","wav","1.0","48000","Mono","16","768000","93.79","2025-09-25 17:14:44"
"Crying (187).wav","/C/crying_300aeae2","[""/C/crying_300aeae2""]","crying","[""crying""]","/home/andres/Documentos/proyecto4geeks/data/raw/emergencysound/Crying/Crying (187).wav","emergencysound","train","","True","False","True","wav","1.0","48000","Mono","16","768000","93.79","2025-09-25 17:14:46"
"Crying (472).wav","/C/crying_300aeae2","[""/C/crying_300aeae2""]","crying","[""crying""]","/home/andres/Documentos/proyecto4geeks/data/raw/emergencysound/Crying/Crying (472).wav","emergencysound","train","","True","False","True","wav","1.0","48000","Stereo","16","1536000","187.54","2025-09-25 17:14:50"
"Crying (636).wav","/C/crying_300aeae2","[""/C/crying_300aeae2""]","crying","[""crying""]","/home/andres/Documentos/proyecto4geeks/data/raw/emergencysound/Crying/Crying (636).wav","emergencysound","train","","True","False","True","wav","1.0","48000","Mono","16","768000","93.79","2025-09-25 17:14:52"
"Crying (11).wav","/C/crying_300aeae2","[""/C/crying_300aeae2""]","crying","[""crying""]","/home/andres/Documentos/proyecto4geeks/data/raw/emergencysound/Crying/Crying (11).wav","emergencysound","train","","True","False","True","wav","1.0","48000","Mono","16","768000","93.79","2025-09-25 17:14:44"
"Crying (499).wav","/C/crying_300aeae2","[""/C/crying_300aeae2""]","crying","[""crying""]","/home/andres/Documentos/proyecto4geeks/data/raw/emergencysound/Crying/Crying (499).wav","emergencysound","train","","True","False","True","wav","1.0","48000","Stereo","16","1536000","187.54","2025-09-25 17:14:50"
"Crying (201).wav","/C/crying_300aeae2","[""/C/crying_300aeae2""]","crying","[""crying""]","/home/andres/Documentos/proyecto4geeks/data/raw/emergencysound/Crying/Crying (201).wav","emergencysound","train","","True","False","True","wav","1.0","48000","Mono","16","768000","93.79","2025-09-25 17:14:46"
"Crying (416).wav","/C/crying_300aeae2","[""/C/crying_300aeae2""]","crying","[""crying""]","/home/andres/Documentos/proyecto4geeks/data/raw/emergencysound/Crying/Crying (416).wav","emergencysound","train","","True","False","True","wav","1.0","48000","Stereo","16","1536000","187.54","2025-09-25 17:14:48"
"Crying (107).wav","/C/crying_300aeae2","[""/C/crying_300aeae2""]","crying","[""crying""]","/home/andres/Documentos/proyecto4geeks/data/raw/emergencysound/Crying/Crying (107).wav","emergencysound","test","","True","False","True","wav","1.0","48000","Mono","16","768000","93.79","2025-09-25 17:14:44"
"Crying (5).wav","/C/crying_300aeae2","[""/C/crying_300aeae2""]","crying","[""crying""]","/home/andres/Documentos/proyecto4geeks/data/raw/emergencysound/Crying/Crying (5).wav","emergencysound","train","","True","False","True","wav","1.0","48000","Mono","16","768000","93.79","2025-09-25 17:14:50"
"Crying (392).wav","/C/crying_300aeae2","[""/C/crying_300aeae2""]","crying","[""crying""]","/home/andres/Documentos/proyecto4geeks/data/raw/emergencysound/Crying/Crying (392).wav","emergencysound","train","","True","False","True","wav","1.0","48000","Stereo","16","1536000","187.54","2025-09-25 17:14:48"
"Crying (363).wav","/C/crying_300aeae2","[""/C/crying_300aeae2""]","crying","[""crying""]","/home/andres/Documentos/proyecto4geeks/data/raw/emergencysound/Crying/Crying (363).wav","emergencysound","train","","True","False","True","wav","1.0","48000","Stereo","16","1536000","187.54","2025-09-25 17:14:48"
"Crying (141).wav","/C/crying_300aeae2","[""/C/crying_300aeae2""]","crying","[""crying""]","/home/andres/Documentos/proyecto4geeks/data/raw/emergencysound/Crying/Crying (141).wav","emergencysound","train","","True","False","True","wav","1.0","48000","Mono","16","768000","93.79","2025-09-25 17:14:44"
"Crying (489).wav","/C/crying_300aeae2","[""/C/crying_300aeae2""]","crying","[""crying""]","/home/andres/Documentos/proyecto4geeks/data/raw/emergencysound/Crying/Crying (489).wav","emergencysound","train","","True","False","True","wav","1.0","48000","Stereo","16","1536000","187.54","2025-09-25 17:14:50"
"Crying (152).wav","/C/crying_300aeae2","[""/C/crying_300aeae2""]","crying","[""crying""]","/home/andres/Documentos/proyecto4geeks/data/raw/emergencysound/Crying/Crying (152).wav","emergencysound","train","","True","False","True","wav","1.0","48000","Mono","16","768000","93.79","2025-09-25 17:14:46"
"Crying (125).wav","/C/crying_300aeae2","[""/C/crying_300aeae2""]","crying","[""crying""]","/home/andres/Documentos/proyecto4geeks/data/raw/emergencysound/Crying/Crying (125).wav","emergencysound","train","","True","False","True","wav","1.0","48000","Mono","16","768000","93.79","2025-09-25 17:14:44"
"Crying (114).wav","/C/crying_300aeae2","[""/C/crying_300aeae2""]","crying","[""crying""]","/home/andres/Documentos/proyecto4geeks/data/raw/emergencysound/Crying/Crying (114).wav","emergencysound","test","","True","False","True","wav","1.0","48000","Mono","16","768000","93.79","2025-09-25 17:14:44"
"Crying (224).wav","/C/crying_300aeae2","[""/C/crying_300aeae2""]","crying","[""crying""]","/home/andres/Documentos/proyecto4geeks/data/raw/emergencysound/Crying/Crying (224).wav","emergencysound","train","","True","False","True","wav","1.0","48000","Mono","16","768000","93.79","2025-09-25 17:14:46"
"Crying (298).wav","/C/crying_300aeae2","[""/C/crying_300aeae2""]","crying","[""crying""]","/home/andres/Documentos/proyecto4geeks/data/raw/emergencysound/Crying/Crying (298).wav","emergencysound","train","","True","False","True","wav","1.0","48000","Mono","16","768000","93.79","2025-09-25 17:14:46"
"Crying (386).wav","/C/crying_300aeae2","[""/C/crying_300aeae2""]","crying","[""crying""]","/home/andres/Documentos/proyecto4geeks/data/raw/emergencysound/Crying/Crying (386).wav","emergencysound","train","","True","False","True","wav","1.0","48000","Stereo","16","1536000","187.54","2025-09-25 17:14:48"
"Crying (185).wav","/C/crying_300aeae2","[""/C/crying_300aeae2""]","crying","[""crying""]","/home/andres/Documentos/proyecto4geeks/data/raw/emergencysound/Crying/Crying (185).wav","emergencysound","train","","True","False","True","wav","1.0","48000","Mono","16","768000","93.79","2025-09-25 17:14:46"
"Crying (562).wav","/C/crying_300aeae2","[""/C/crying_300aeae2""]","crying","[""crying""]","/home/andres/Documentos/proyecto4geeks/data/raw/emergencysound/Crying/Crying (562).wav","emergencysound","train","","True","False","True","wav","1.0","48000","Stereo","16","1536000","187.54","2025-09-25 17:14:50"
"Crying (492).wav","/C/crying_300aeae2","[""/C/crying_300aeae2""]","crying","[""crying""]","/home/andres/Documentos/proyecto4geeks/data/raw/emergencysound/Crying/Crying (492).wav","emergencysound","train","","True","False","True","wav","1.0","48000","Stereo","16","1536000","187.54","2025-09-25 17:14:50"
"Crying (441).wav","/C/crying_300aeae2","[""/C/crying_300aeae2""]","crying","[""crying""]","/home/andres/Documentos/proyecto4geeks/data/raw/emergencysound/Crying/Crying (441).wav","emergencysound","train","","True","False","True","wav","1.0","48000","Stereo","16","1536000","187.54","2025-09-25 17:14:48"
"Crying (168).wav","/C/crying_300aeae2","[""/C/crying_300aeae2""]","crying","[""crying""]","/home/andres/Documentos/proyecto4geeks/data/raw/emergencysound/Crying/Crying (168).wav","emergencysound","train","","True","False","True","wav","1.0","48000","Mono","16","768000","93.79","2025-09-25 17:14:46"
"Crying (503).wav","/C/crying_300aeae2","[""/C/crying_300aeae2""]","crying","[""crying""]","/home/andres/Documentos/proyecto4geeks/data/raw/emergencysound/Crying/Crying (503).wav","emergencysound","train","","True","False","True","wav","1.0","48000","Stereo","16","1536000","187.54","2025-09-25 17:14:50"
"Crying (238).wav","/C/crying_300aeae2","[""/C/crying_300aeae2""]","crying","[""crying""]","/home/andres/Documentos/proyecto4geeks/data/raw/emergencysound/Crying/Crying (238).wav","emergencysound","train","","True","False","True","wav","1.0","48000","Mono","16","768000","93.79","2025-09-25 17:14:46"
"Crying (597).wav","/C/crying_300aeae2","[""/C/crying_300aeae2""]","crying","[""crying""]","/home/andres/Documentos/proyecto4geeks/data/raw/emergencysound/Crying/Crying (597).wav","emergencysound","train","","True","False","True","wav","1.0","48000","Stereo","16","1536000","187.54","2025-09-25 17:14:52"
"Crying (58).wav","/C/crying_300aeae2","[""/C/crying_300aeae2""]","crying","[""crying""]","/home/andres/Documentos/proyecto4geeks/data/raw/emergencysound/Crying/Crying (58).wav","emergencysound","test","","True","False","True","wav","1.0","48000","Mono","16","768000","93.79","2025-09-25 17:14:50"
"Crying (327).wav","/C/crying_300aeae2","[""/C/crying_300aeae2""]","crying","[""crying""]","/home/andres/Documentos/proyecto4geeks/data/raw/emergencysound/Crying/Crying (327).wav","emergencysound","train","","True","False","True","wav","1.0","48000","Stereo","16","1536000","187.54","2025-09-25 17:14:46"
"Crying (568).wav","/C/crying_300aeae2","[""/C/crying_300aeae2""]","crying","[""crying""]","/home/andres/Documentos/proyecto4geeks/data/raw/emergencysound/Crying/Crying (568).wav","emergencysound","test","","True","False","True","wav","1.0","48000","Stereo","16","1536000","187.54","2025-09-25 17:14:50"
"Crying (488).wav","/C/crying_300aeae2","[""/C/crying_300aeae2""]","crying","[""crying""]","/home/andres/Documentos/proyecto4geeks/data/raw/emergencysound/Crying/Crying (488).wav","emergencysound","train","","True","False","True","wav","1.0","48000","Stereo","16","1536000","187.54","2025-09-25 17:14:50"
"Crying (634).wav","/C/crying_300aeae2","[""/C/crying_300aeae2""]","crying","[""crying""]","/home/andres/Documentos/proyecto4geeks/data/raw/emergencysound/Crying/Crying (634).wav","emergencysound","train","","True","False","True","wav","1.0","48000","Mono","16","768000","93.79","2025-09-25 17:14:52"
"Crying (279).wav","/C/crying_300aeae2","[""/C/crying_300aeae2""]","crying","[""crying""]","/home/andres/Documentos/proyecto4geeks/data/raw/emergencysound/Crying/Crying (279).wav","emergencysound","train","","True","False","True","wav","1.0","48000","Mono","16","768000","93.79","2025-09-25 17:14:46"
"Crying (600).wav","/C/crying_300aeae2","[""/C/crying_300aeae2""]","crying","[""crying""]","/home/andres/Documentos/proyecto4geeks/data/raw/emergencysound/Crying/Crying (600).wav","emergencysound","train","","True","False","True","wav","1.0","48000","Stereo","16","1536000","187.54","2025-09-25 17:14:52"
"Crying (85).wav","/C/crying_300aeae2","[""/C/crying_300aeae2""]","crying","[""crying""]","/home/andres/Documentos/proyecto4geeks/data/raw/emergencysound/Crying/Crying (85).wav","emergencysound","train","","True","False","True","wav","1.0","48000","Mono","16","768000","93.79","2025-09-25 17:14:52"
"Crying (252).wav","/C/crying_300aeae2","[""/C/crying_300aeae2""]","crying","[""crying""]","/home/andres/Documentos/proyecto4geeks/data/raw/emergencysound/Crying/Crying (252).wav","emergencysound","train","","True","False","True","wav","1.0","48000","Mono","16","768000","93.79","2025-09-25 17:14:46"
"Crying (153).wav","/C/crying_300aeae2","[""/C/crying_300aeae2""]","crying","[""crying""]","/home/andres/Documentos/proyecto4geeks/data/raw/emergencysound/Crying/Crying (153).wav","emergencysound","train","","True","False","True","wav","1.0","48000","Mono","16","768000","93.79","2025-09-25 17:14:46"
"Crying (25).wav","/C/crying_300aeae2","[""/C/crying_300aeae2""]","crying","[""crying""]","/home/andres/Documentos/proyecto4geeks/data/raw/emergencysound/Crying/Crying (25).wav","emergencysound","train","","True","False","True","wav","1.0","48000","Mono","16","768000","93.79","2025-09-25 17:14:46"
"Crying (508).wav","/C/crying_300aeae2","[""/C/crying_300aeae2""]","crying","[""crying""]","/home/andres/Documentos/proyecto4geeks/data/raw/emergencysound/Crying/Crying (508).wav","emergencysound","train","","True","False","True","wav","1.0","48000","Stereo","16","1536000","187.54","2025-09-25 17:14:50"
"Crying (346).wav","/C/crying_300aeae2","[""/C/crying_300aeae2""]","crying","[""crying""]","/home/andres/Documentos/proyecto4geeks/data/raw/emergencysound/Crying/Crying (346).wav","emergencysound","train","","True","False","True","wav","1.0","48000","Stereo","16","1536000","187.54","2025-09-25 17:14:46"
"Crying (174).wav","/C/crying_300aeae2","[""/C/crying_300aeae2""]","crying","[""crying""]","/home/andres/Documentos/proyecto4geeks/data/raw/emergencysound/Crying/Crying (174).wav","emergencysound","train","","True","False","True","wav","1.0","48000","Mono","16","768000","93.79","2025-09-25 17:14:46"
"Crying (244).wav","/C/crying_300aeae2","[""/C/crying_300aeae2""]","crying","[""crying""]","/home/andres/Documentos/proyecto4geeks/data/raw/emergencysound/Crying/Crying (244).wav","emergencysound","train","","True","False","True","wav","1.0","48000","Mono","16","768000","93.79","2025-09-25 17:14:46"
"Crying (62).wav","/C/crying_300aeae2","[""/C/crying_300aeae2""]","crying","[""crying""]","/home/andres/Documentos/proyecto4geeks/data/raw/emergencysound/Crying/Crying (62).wav","emergencysound","train","","True","False","True","wav","1.0","48000","Mono","16","768000","93.79","2025-09-25 17:14:52"
"Crying (629).wav","/C/crying_300aeae2","[""/C/crying_300aeae2""]","crying","[""crying""]","/home/andres/Documentos/proyecto4geeks/data/raw/emergencysound/Crying/Crying (629).wav","emergencysound","train","","True","False","True","wav","1.0","48000","Mono","16","768000","93.79","2025-09-25 17:14:52"
"Crying (476).wav","/C/crying_300aeae2","[""/C/crying_300aeae2""]","crying","[""crying""]","/home/andres/Documentos/proyecto4geeks/data/raw/emergencysound/Crying/Crying (476).wav","emergencysound","train","","True","False","True","wav","1.0","48000","Stereo","16","1536000","187.54","2025-09-25 17:14:50"
"Crying (330).wav","/C/crying_300aeae2","[""/C/crying_300aeae2""]","crying","[""crying""]","/home/andres/Documentos/proyecto4geeks/data/raw/emergencysound/Crying/Crying (330).wav","emergencysound","train","","True","False","True","wav","1.0","48000","Stereo","16","1536000","187.54","2025-09-25 17:14:46"
"Crying (249).wav","/C/crying_300aeae2","[""/C/crying_300aeae2""]","crying","[""crying""]","/home/andres/Documentos/proyecto4geeks/data/raw/emergencysound/Crying/Crying (249).wav","emergencysound","train","","True","False","True","wav","1.0","48000","Mono","16","768000","93.79","2025-09-25 17:14:46"
"Crying (47).wav","/C/crying_300aeae2","[""/C/crying_300aeae2""]","crying","[""crying""]","/home/andres/Documentos/proyecto4geeks/data/raw/emergencysound/Crying/Crying (47).wav","emergencysound","train","","True","False","True","wav","1.0","48000","Mono","16","768000","93.79","2025-09-25 17:14:50"
"Crying (566).wav","/C/crying_300aeae2","[""/C/crying_300aeae2""]","crying","[""crying""]","/home/andres/Documentos/proyecto4geeks/data/raw/emergencysound/Crying/Crying (566).wav","emergencysound","train","","True","False","True","wav","1.0","48000","Stereo","16","1536000","187.54","2025-09-25 17:14:50"
"Crying (165).wav","/C/crying_300aeae2","[""/C/crying_300aeae2""]","crying","[""crying""]","/home/andres/Documentos/proyecto4geeks/data/raw/emergencysound/Crying/Crying (165).wav","emergencysound","train","","True","False","True","wav","1.0","48000","Mono","16","768000","93.79","2025-09-25 17:14:46"
"Crying (99).wav","/C/crying_300aeae2","[""/C/crying_300aeae2""]","crying","[""crying""]","/home/andres/Documentos/proyecto4geeks/data/raw/emergencysound/Crying/Crying (99).wav","emergencysound","train","","True","False","True","wav","1.0","48000","Mono","16","768000","93.79","2025-09-25 17:14:52"
"Crying (345).wav","/C/crying_300aeae2","[""/C/crying_300aeae2""]","crying","[""crying""]","/home/andres/Documentos/proyecto4geeks/data/raw/emergencysound/Crying/Crying (345).wav","emergencysound","train","","True","False","True","wav","1.0","48000","Stereo","16","1536000","187.54","2025-09-25 17:14:46"
"Crying (160).wav","/C/crying_300aeae2","[""/C/crying_300aeae2""]","crying","[""crying""]","/home/andres/Documentos/proyecto4geeks/data/raw/emergencysound/Crying/Crying (160).wav","emergencysound","train","","True","False","True","wav","1.0","48000","Mono","16","768000","93.79","2025-09-25 17:14:46"
"Crying (370).wav","/C/crying_300aeae2","[""/C/crying_300aeae2""]","crying","[""crying""]","/home/andres/Documentos/proyecto4geeks/data/raw/emergencysound/Crying/Crying (370).wav","emergencysound","train","","True","False","True","wav","1.0","48000","Stereo","16","1536000","187.54","2025-09-25 17:14:48"
"Crying (466).wav","/C/crying_300aeae2","[""/C/crying_300aeae2""]","crying","[""crying""]","/home/andres/Documentos/proyecto4geeks/data/raw/emergencysound/Crying/Crying (466).wav","emergencysound","train","","True","False","True","wav","1.0","48000","Stereo","16","1536000","187.54","2025-09-25 17:14:48"
"Crying (595).wav","/C/crying_300aeae2","[""/C/crying_300aeae2""]","crying","[""crying""]","/home/andres/Documentos/proyecto4geeks/data/raw/emergencysound/Crying/Crying (595).wav","emergencysound","train","","True","False","True","wav","1.0","48000","Stereo","16","1536000","187.54","2025-09-25 17:14:52"
"Crying (590).wav","/C/crying_300aeae2","[""/C/crying_300aeae2""]","crying","[""crying""]","/home/andres/Documentos/proyecto4geeks/data/raw/emergencysound/Crying/Crying (590).wav","emergencysound","train","","True","False","True","wav","1.0","48000","Stereo","16","1536000","187.54","2025-09-25 17:14:50"
"Crying (537).wav","/C/crying_300aeae2","[""/C/crying_300aeae2""]","crying","[""crying""]","/home/andres/Documentos/proyecto4geeks/data/raw/emergencysound/Crying/Crying (537).wav","emergencysound","test","","True","False","True","wav","1.0","48000","Stereo","16","1536000","187.54","2025-09-25 17:14:50"
"Crying (89).wav","/C/crying_300aeae2","[""/C/crying_300aeae2""]","crying","[""crying""]","/home/andres/Documentos/proyecto4geeks/data/raw/emergencysound/Crying/Crying (89).wav","emergencysound","train","","True","False","True","wav","1.0","48000","Mono","16","768000","93.79","2025-09-25 17:14:52"
"Crying (555).wav","/C/crying_300aeae2","[""/C/crying_300aeae2""]","crying","[""crying""]","/home/andres/Documentos/proyecto4geeks/data/raw/emergencysound/Crying/Crying (555).wav","emergencysound","train","","True","False","True","wav","1.0","48000","Stereo","16","1536000","187.54","2025-09-25 17:14:50"
"Crying (204).wav","/C/crying_300aeae2","[""/C/crying_300aeae2""]","crying","[""crying""]","/home/andres/Documentos/proyecto4geeks/data/raw/emergencysound/Crying/Crying (204).wav","emergencysound","train","","True","False","True","wav","1.0","48000","Mono","16","768000","93.79","2025-09-25 17:14:46"
"Crying (615).wav","/C/crying_300aeae2","[""/C/crying_300aeae2""]","crying","[""crying""]","/home/andres/Documentos/proyecto4geeks/data/raw/emergencysound/Crying/Crying (615).wav","emergencysound","test","","True","False","True","wav","1.0","48000","Stereo","16","1536000","187.54","2025-09-25 17:14:52"
"Crying (611).wav","/C/crying_300aeae2","[""/C/crying_300aeae2""]","crying","[""crying""]","/home/andres/Documentos/proyecto4geeks/data/raw/emergencysound/Crying/Crying (611).wav","emergencysound","test","","True","False","True","wav","1.0","48000","Stereo","16","1536000","187.54","2025-09-25 17:14:52"
"Crying (400).wav","/C/crying_300aeae2","[""/C/crying_300aeae2""]","crying","[""crying""]","/home/andres/Documentos/proyecto4geeks/data/raw/emergencysound/Crying/Crying (400).wav","emergencysound","train","","True","False","True","wav","1.0","48000","Stereo","16","1536000","187.54","2025-09-25 17:14:48"
"Crying (623).wav","/C/crying_300aeae2","[""/C/crying_300aeae2""]","crying","[""crying""]","/home/andres/Documentos/proyecto4geeks/data/raw/emergencysound/Crying/Crying (623).wav","emergencysound","train","","True","False","True","wav","1.0","48000","Stereo","16","1536000","187.54","2025-09-25 17:14:52"
"Crying (134).wav","/C/crying_300aeae2","[""/C/crying_300aeae2""]","crying","[""crying""]","/home/andres/Documentos/proyecto4geeks/data/raw/emergencysound/Crying/Crying (134).wav","emergencysound","train","","True","False","True","wav","1.0","48000","Mono","16","768000","93.79","2025-09-25 17:14:44"
"Crying (325).wav","/C/crying_300aeae2","[""/C/crying_300aeae2""]","crying","[""crying""]","/home/andres/Documentos/proyecto4geeks/data/raw/emergencysound/Crying/Crying (325).wav","emergencysound","train","","True","False","True","wav","1.0","48000","Stereo","16","1536000","187.54","2025-09-25 17:14:46"
"Crying (171).wav","/C/crying_300aeae2","[""/C/crying_300aeae2""]","crying","[""crying""]","/home/andres/Documentos/proyecto4geeks/data/raw/emergencysound/Crying/Crying (171).wav","emergencysound","train","","True","False","True","wav","1.0","48000","Mono","16","768000","93.79","2025-09-25 17:14:46"
"Crying (510).wav","/C/crying_300aeae2","[""/C/crying_300aeae2""]","crying","[""crying""]","/home/andres/Documentos/proyecto4geeks/data/raw/emergencysound/Crying/Crying (510).wav","emergencysound","train","","True","False","True","wav","1.0","48000","Stereo","16","1536000","187.54","2025-09-25 17:14:50"
"Crying (215).wav","/C/crying_300aeae2","[""/C/crying_300aeae2""]","crying","[""crying""]","/home/andres/Documentos/proyecto4geeks/data/raw/emergencysound/Crying/Crying (215).wav","emergencysound","test","","True","False","True","wav","1.0","48000","Mono","16","768000","93.79","2025-09-25 17:14:46"
"Crying (272).wav","/C/crying_300aeae2","[""/C/crying_300aeae2""]","crying","[""crying""]","/home/andres/Documentos/proyecto4geeks/data/raw/emergencysound/Crying/Crying (272).wav","emergencysound","train","","True","False","True","wav","1.0","48000","Mono","16","768000","93.79","2025-09-25 17:14:46"
"Crying (300).wav","/C/crying_300aeae2","[""/C/crying_300aeae2""]","crying","[""crying""]","/home/andres/Documentos/proyecto4geeks/data/raw/emergencysound/Crying/Crying (300).wav","emergencysound","train","","True","False","True","wav","1.0","48000","Mono","16","768000","93.79","2025-09-25 17:14:46"
"Crying (545).wav","/C/crying_300aeae2","[""/C/crying_300aeae2""]","crying","[""crying""]","/home/andres/Documentos/proyecto4geeks/data/raw/emergencysound/Crying/Crying (545).wav","emergencysound","train","","True","False","True","wav","1.0","48000","Stereo","16","1536000","187.54","2025-09-25 17:14:50"
"Crying (430).wav","/C/crying_300aeae2","[""/C/crying_300aeae2""]","crying","[""crying""]","/home/andres/Documentos/proyecto4geeks/data/raw/emergencysound/Crying/Crying (430).wav","emergencysound","train","","True","False","True","wav","1.0","48000","Stereo","16","1536000","187.54","2025-09-25 17:14:48"
"Crying (321).wav","/C/crying_300aeae2","[""/C/crying_300aeae2""]","crying","[""crying""]","/home/andres/Documentos/proyecto4geeks/data/raw/emergencysound/Crying/Crying (321).wav","emergencysound","train","","True","False","True","wav","1.0","48000","Stereo","16","1536000","187.54","2025-09-25 17:14:46"
"Crying (461).wav","/C/crying_300aeae2","[""/C/crying_300aeae2""]","crying","[""crying""]","/home/andres/Documentos/proyecto4geeks/data/raw/emergencysound/Crying/Crying (461).wav","emergencysound","train","","True","False","True","wav","1.0","48000","Stereo","16","1536000","187.54","2025-09-25 17:14:48"
"Crying (403).wav","/C/crying_300aeae2","[""/C/crying_300aeae2""]","crying","[""crying""]","/home/andres/Documentos/proyecto4geeks/data/raw/emergencysound/Crying/Crying (403).wav","emergencysound","test","","True","False","True","wav","1.0","48000","Stereo","16","1536000","187.54","2025-09-25 17:14:48"
"Crying (81).wav","/C/crying_300aeae2","[""/C/crying_300aeae2""]","crying","[""crying""]","/home/andres/Documentos/proyecto4geeks/data/raw/emergencysound/Crying/Crying (81).wav","emergencysound","train","","True","False","True","wav","1.0","48000","Mono","16","768000","93.79","2025-09-25 17:14:52"
"Crying (10).wav","/C/crying_300aeae2","[""/C/crying_300aeae2""]","crying","[""crying""]","/home/andres/Documentos/proyecto4geeks/data/raw/emergencysound/Crying/Crying (10).wav","emergencysound","test","","True","False","True","wav","1.0","48000","Mono","16","768000","93.79","2025-09-25 17:14:44"
"Crying (129).wav","/C/crying_300aeae2","[""/C/crying_300aeae2""]","crying","[""crying""]","/home/andres/Documentos/proyecto4geeks/data/raw/emergencysound/Crying/Crying (129).wav","emergencysound","train","","True","False","True","wav","1.0","48000","Mono","16","768000","93.79","2025-09-25 17:14:44"
"Crying (231).wav","/C/crying_300aeae2","[""/C/crying_300aeae2""]","crying","[""crying""]","/home/andres/Documentos/proyecto4geeks/data/raw/emergencysound/Crying/Crying (231).wav","emergencysound","train","","True","False","True","wav","1.0","48000","Mono","16","768000","93.79","2025-09-25 17:14:46"
"Crying (247).wav","/C/crying_300aeae2","[""/C/crying_300aeae2""]","crying","[""crying""]","/home/andres/Documentos/proyecto4geeks/data/raw/emergencysound/Crying/Crying (247).wav","emergencysound","train","","True","False","True","wav","1.0","48000","Mono","16","768000","93.79","2025-09-25 17:14:46"
"Crying (352).wav","/C/crying_300aeae2","[""/C/crying_300aeae2""]","crying","[""crying""]","/home/andres/Documentos/proyecto4geeks/data/raw/emergencysound/Crying/Crying (352).wav","emergencysound","train","","True","False","True","wav","1.0","48000","Stereo","16","1536000","187.54","2025-09-25 17:14:48"
"Crying (331).wav","/C/crying_300aeae2","[""/C/crying_300aeae2""]","crying","[""crying""]","/home/andres/Documentos/proyecto4geeks/data/raw/emergencysound/Crying/Crying (331).wav","emergencysound","train","","True","False","True","wav","1.0","48000","Stereo","16","1536000","187.54","2025-09-25 17:14:46"
"Crying (417).wav","/C/crying_300aeae2","[""/C/crying_300aeae2""]","crying","[""crying""]","/home/andres/Documentos/proyecto4geeks/data/raw/emergencysound/Crying/Crying (417).wav","emergencysound","train","","True","False","True","wav","1.0","48000","Stereo","16","1536000","187.54","2025-09-25 17:14:48"
"Crying (343).wav","/C/crying_300aeae2","[""/C/crying_300aeae2""]","crying","[""crying""]","/home/andres/Documentos/proyecto4geeks/data/raw/emergencysound/Crying/Crying (343).wav","emergencysound","train","","True","False","True","wav","1.0","48000","Stereo","16","1536000","187.54","2025-09-25 17:14:46"
"Crying (24).wav","/C/crying_300aeae2","[""/C/crying_300aeae2""]","crying","[""crying""]","/home/andres/Documentos/proyecto4geeks/data/raw/emergencysound/Crying/Crying (24).wav","emergencysound","train","","True","False","True","wav","1.0","48000","Mono","16","768000","93.79","2025-09-25 17:14:46"
"Crying (442).wav","/C/crying_300aeae2","[""/C/crying_300aeae2""]","crying","[""crying""]","/home/andres/Documentos/proyecto4geeks/data/raw/emergencysound/Crying/Crying (442).wav","emergencysound","train","","True","False","True","wav","1.0","48000","Stereo","16","1536000","187.54","2025-09-25 17:14:48"
"Crying (452).wav","/C/crying_300aeae2","[""/C/crying_300aeae2""]","crying","[""crying""]","/home/andres/Documentos/proyecto4geeks/data/raw/emergencysound/Crying/Crying (452).wav","emergencysound","train","","True","False","True","wav","1.0","48000","Stereo","16","1536000","187.54","2025-09-25 17:14:48"
"Crying (20).wav","/C/crying_300aeae2","[""/C/crying_300aeae2""]","crying","[""crying""]","/home/andres/Documentos/proyecto4geeks/data/raw/emergencysound/Crying/Crying (20).wav","emergencysound","test","","True","False","True","wav","1.0","48000","Mono","16","768000","93.79","2025-09-25 17:14:46"
"Crying (219).wav","/C/crying_300aeae2","[""/C/crying_300aeae2""]","crying","[""crying""]","/home/andres/Documentos/proyecto4geeks/data/raw/emergencysound/Crying/Crying (219).wav","emergencysound","train","","True","False","True","wav","1.0","48000","Mono","16","768000","93.79","2025-09-25 17:14:46"
"Crying (620).wav","/C/crying_300aeae2","[""/C/crying_300aeae2""]","crying","[""crying""]","/home/andres/Documentos/proyecto4geeks/data/raw/emergencysound/Crying/Crying (620).wav","emergencysound","train","","True","False","True","wav","1.0","48000","Stereo","16","1536000","187.54","2025-09-25 17:14:52"
"Crying (464).wav","/C/crying_300aeae2","[""/C/crying_300aeae2""]","crying","[""crying""]","/home/andres/Documentos/proyecto4geeks/data/raw/emergencysound/Crying/Crying (464).wav","emergencysound","train","","True","False","True","wav","1.0","48000","Stereo","16","1536000","187.54","2025-09-25 17:14:48"
"Crying (144).wav","/C/crying_300aeae2","[""/C/crying_300aeae2""]","crying","[""crying""]","/home/andres/Documentos/proyecto4geeks/data/raw/emergencysound/Crying/Crying (144).wav","emergencysound","train","","True","False","True","wav","1.0","48000","Mono","16","768000","93.79","2025-09-25 17:14:46"
"Crying (27).wav","/C/crying_300aeae2","[""/C/crying_300aeae2""]","crying","[""crying""]","/home/andres/Documentos/proyecto4geeks/data/raw/emergencysound/Crying/Crying (27).wav","emergencysound","train","","True","False","True","wav","1.0","48000","Mono","16","768000","93.79","2025-09-25 17:14:46"
"Crying (344).wav","/C/crying_300aeae2","[""/C/crying_300aeae2""]","crying","[""crying""]","/home/andres/Documentos/proyecto4geeks/data/raw/emergencysound/Crying/Crying (344).wav","emergencysound","train","","True","False","True","wav","1.0","48000","Stereo","16","1536000","187.54","2025-09-25 17:14:46"
"Crying (468).wav","/C/crying_300aeae2","[""/C/crying_300aeae2""]","crying","[""crying""]","/home/andres/Documentos/proyecto4geeks/data/raw/emergencysound/Crying/Crying (468).wav","emergencysound","test","","True","False","True","wav","1.0","48000","Stereo","16","1536000","187.54","2025-09-25 17:14:50"
"Crying (214).wav","/C/crying_300aeae2","[""/C/crying_300aeae2""]","crying","[""crying""]","/home/andres/Documentos/proyecto4geeks/data/raw/emergencysound/Crying/Crying (214).wav","emergencysound","train","","True","False","True","wav","1.0","48000","Mono","16","768000","93.79","2025-09-25 17:14:46"
"Crying (54).wav","/C/crying_300aeae2","[""/C/crying_300aeae2""]","crying","[""crying""]","/home/andres/Documentos/proyecto4geeks/data/raw/emergencysound/Crying/Crying (54).wav","emergencysound","test","","True","False","True","wav","1.0","48000","Mono","16","768000","93.79","2025-09-25 17:14:50"
"Crying (113).wav","/C/crying_300aeae2","[""/C/crying_300aeae2""]","crying","[""crying""]","/home/andres/Documentos/proyecto4geeks/data/raw/emergencysound/Crying/Crying (113).wav","emergencysound","train","","True","False","True","wav","1.0","48000","Mono","16","768000","93.79","2025-09-25 17:14:44"
"Crying (200).wav","/C/crying_300aeae2","[""/C/crying_300aeae2""]","crying","[""crying""]","/home/andres/Documentos/proyecto4geeks/data/raw/emergencysound/Crying/Crying (200).wav","emergencysound","train","","True","False","True","wav","1.0","48000","Mono","16","768000","93.79","2025-09-25 17:14:46"
"Crying (275).wav","/C/crying_300aeae2","[""/C/crying_300aeae2""]","crying","[""crying""]","/home/andres/Documentos/proyecto4geeks/data/raw/emergencysound/Crying/Crying (275).wav","emergencysound","test","","True","False","True","wav","1.0","48000","Mono","16","768000","93.79","2025-09-25 17:14:46"
"Crying (584).wav","/C/crying_300aeae2","[""/C/crying_300aeae2""]","crying","[""crying""]","/home/andres/Documentos/proyecto4geeks/data/raw/emergencysound/Crying/Crying (584).wav","emergencysound","train","","True","False","True","wav","1.0","48000","Stereo","16","1536000","187.54","2025-09-25 17:14:50"
"Crying (48).wav","/C/crying_300aeae2","[""/C/crying_300aeae2""]","crying","[""crying""]","/home/andres/Documentos/proyecto4geeks/data/raw/emergencysound/Crying/Crying (48).wav","emergencysound","train","","True","False","True","wav","1.0","48000","Mono","16","768000","93.79","2025-09-25 17:14:50"
"Crying (438).wav","/C/crying_300aeae2","[""/C/crying_300aeae2""]","crying","[""crying""]","/home/andres/Documentos/proyecto4geeks/data/raw/emergencysound/Crying/Crying (438).wav","emergencysound","train","","True","False","True","wav","1.0","48000","Stereo","16","1536000","187.54","2025-09-25 17:14:48"
"Crying (586).wav","/C/crying_300aeae2","[""/C/crying_300aeae2""]","crying","[""crying""]","/home/andres/Documentos/proyecto4geeks/data/raw/emergencysound/Crying/Crying (586).wav","emergencysound","test","","True","False","True","wav","1.0","48000","Stereo","16","1536000","187.54","2025-09-25 17:14:50"
"Crying (320).wav","/C/crying_300aeae2","[""/C/crying_300aeae2""]","crying","[""crying""]","/home/andres/Documentos/proyecto4geeks/data/raw/emergencysound/Crying/Crying (320).wav","emergencysound","train","","True","False","True","wav","0.979","48000","Mono","16","768000","91.85","2025-09-25 17:14:46"
"Crying (532).wav","/C/crying_300aeae2","[""/C/crying_300aeae2""]","crying","[""crying""]","/home/andres/Documentos/proyecto4geeks/data/raw/emergencysound/Crying/Crying (532).wav","emergencysound","train","","True","False","True","wav","1.0","48000","Stereo","16","1536000","187.54","2025-09-25 17:14:50"
"Crying (18).wav","/C/crying_300aeae2","[""/C/crying_300aeae2""]","crying","[""crying""]","/home/andres/Documentos/proyecto4geeks/data/raw/emergencysound/Crying/Crying (18).wav","emergencysound","train","","True","False","True","wav","1.0","48000","Mono","16","768000","93.79","2025-09-25 17:14:46"
"Crying (32).wav","/C/crying_300aeae2","[""/C/crying_300aeae2""]","crying","[""crying""]","/home/andres/Documentos/proyecto4geeks/data/raw/emergencysound/Crying/Crying (32).wav","emergencysound","train","","True","False","True","wav","1.0","48000","Mono","16","768000","93.79","2025-09-25 17:14:46"
"Crying (477).wav","/C/crying_300aeae2","[""/C/crying_300aeae2""]","crying","[""crying""]","/home/andres/Documentos/proyecto4geeks/data/raw/emergencysound/Crying/Crying (477).wav","emergencysound","train","","True","False","True","wav","1.0","48000","Stereo","16","1536000","187.54","2025-09-25 17:14:50"
"Crying (593).wav","/C/crying_300aeae2","[""/C/crying_300aeae2""]","crying","[""crying""]","/home/andres/Documentos/proyecto4geeks/data/raw/emergencysound/Crying/Crying (593).wav","emergencysound","train","","True","False","True","wav","1.0","48000","Stereo","16","1536000","187.54","2025-09-25 17:14:50"
"Crying (387).wav","/C/crying_300aeae2","[""/C/crying_300aeae2""]","crying","[""crying""]","/home/andres/Documentos/proyecto4geeks/data/raw/emergencysound/Crying/Crying (387).wav","emergencysound","train","","True","False","True","wav","1.0","48000","Stereo","16","1536000","187.54","2025-09-25 17:14:48"
"Crying (628).wav","/C/crying_300aeae2","[""/C/crying_300aeae2""]","crying","[""crying""]","/home/andres/Documentos/proyecto4geeks/data/raw/emergencysound/Crying/Crying (628).wav","emergencysound","test","","True","False","True","wav","1.0","48000","Mono","16","768000","93.79","2025-09-25 17:14:52"
"Crying (567).wav","/C/crying_300aeae2","[""/C/crying_300aeae2""]","crying","[""crying""]","/home/andres/Documentos/proyecto4geeks/data/raw/emergencysound/Crying/Crying (567).wav","emergencysound","test","","True","False","True","wav","1.0","48000","Stereo","16","1536000","187.54","2025-09-25 17:14:50"
"Crying (184).wav","/C/crying_300aeae2","[""/C/crying_300aeae2""]","crying","[""crying""]","/home/andres/Documentos/proyecto4geeks/data/raw/emergencysound/Crying/Crying (184).wav","emergencysound","test","","True","False","True","wav","1.0","48000","Mono","16","768000","93.79","2025-09-25 17:14:46"
"Crying (411).wav","/C/crying_300aeae2","[""/C/crying_300aeae2""]","crying","[""crying""]","/home/andres/Documentos/proyecto4geeks/data/raw/emergencysound/Crying/Crying (411).wav","emergencysound","test","","True","False","True","wav","1.0","48000","Stereo","16","1536000","187.54","2025-09-25 17:14:48"
"Crying (455).wav","/C/crying_300aeae2","[""/C/crying_300aeae2""]","crying","[""crying""]","/home/andres/Documentos/proyecto4geeks/data/raw/emergencysound/Crying/Crying (455).wav","emergencysound","test","","True","False","True","wav","1.0","48000","Stereo","16","1536000","187.54","2025-09-25 17:14:48"
"Crying (507).wav","/C/crying_300aeae2","[""/C/crying_300aeae2""]","crying","[""crying""]","/home/andres/Documentos/proyecto4geeks/data/raw/emergencysound/Crying/Crying (507).wav","emergencysound","train","","True","False","True","wav","1.0","48000","Stereo","16","1536000","187.54","2025-09-25 17:14:50"
"Crying (147).wav","/C/crying_300aeae2","[""/C/crying_300aeae2""]","crying","[""crying""]","/home/andres/Documentos/proyecto4geeks/data/raw/emergencysound/Crying/Crying (147).wav","emergencysound","train","","True","False","True","wav","1.0","48000","Mono","16","768000","93.79","2025-09-25 17:14:46"
"Crying (558).wav","/C/crying_300aeae2","[""/C/crying_300aeae2""]","crying","[""crying""]","/home/andres/Documentos/proyecto4geeks/data/raw/emergencysound/Crying/Crying (558).wav","emergencysound","train","","True","False","True","wav","1.0","48000","Stereo","16","1536000","187.54","2025-09-25 17:14:50"
"Crying (289).wav","/C/crying_300aeae2","[""/C/crying_300aeae2""]","crying","[""crying""]","/home/andres/Documentos/proyecto4geeks/data/raw/emergencysound/Crying/Crying (289).wav","emergencysound","train","","True","False","True","wav","1.0","48000","Mono","16","768000","93.79","2025-09-25 17:14:46"
"Crying (588).wav","/C/crying_300aeae2","[""/C/crying_300aeae2""]","crying","[""crying""]","/home/andres/Documentos/proyecto4geeks/data/raw/emergencysound/Crying/Crying (588).wav","emergencysound","train","","True","False","True","wav","1.0","48000","Stereo","16","1536000","187.54","2025-09-25 17:14:50"
"Crying (103).wav","/C/crying_300aeae2","[""/C/crying_300aeae2""]","crying","[""crying""]","/home/andres/Documentos/proyecto4geeks/data/raw/emergencysound/Crying/Crying (103).wav","emergencysound","train","","True","False","True","wav","1.0","48000","Mono","16","768000","93.79","2025-09-25 17:14:44"
"Crying (148).wav","/C/crying_300aeae2","[""/C/crying_300aeae2""]","crying","[""crying""]","/home/andres/Documentos/proyecto4geeks/data/raw/emergencysound/Crying/Crying (148).wav","emergencysound","train","","True","False","True","wav","1.0","48000","Mono","16","768000","93.79","2025-09-25 17:14:46"
"Crying (75).wav","/C/crying_300aeae2","[""/C/crying_300aeae2""]","crying","[""crying""]","/home/andres/Documentos/proyecto4geeks/data/raw/emergencysound/Crying/Crying (75).wav","emergencysound","train","","True","False","True","wav","1.0","48000","Mono","16","768000","93.79","2025-09-25 17:14:52"
"Crying (405).wav","/C/crying_300aeae2","[""/C/crying_300aeae2""]","crying","[""crying""]","/home/andres/Documentos/proyecto4geeks/data/raw/emergencysound/Crying/Crying (405).wav","emergencysound","train","","True","False","True","wav","1.0","48000","Stereo","16","1536000","187.54","2025-09-25 17:14:48"
"Crying (456).wav","/C/crying_300aeae2","[""/C/crying_300aeae2""]","crying","[""crying""]","/home/andres/Documentos/proyecto4geeks/data/raw/emergencysound/Crying/Crying (456).wav","emergencysound","train","","True","False","True","wav","1.0","48000","Stereo","16","1536000","187.54","2025-09-25 17:14:48"
"Crying (399).wav","/C/crying_300aeae2","[""/C/crying_300aeae2""]","crying","[""crying""]","/home/andres/Documentos/proyecto4geeks/data/raw/emergencysound/Crying/Crying (399).wav","emergencysound","train","","True","False","True","wav","1.0","48000","Stereo","16","1536000","187.54","2025-09-25 17:14:48"
"Crying (178).wav","/C/crying_300aeae2","[""/C/crying_300aeae2""]","crying","[""crying""]","/home/andres/Documentos/proyecto4geeks/data/raw/emergencysound/Crying/Crying (178).wav","emergencysound","train","","True","False","True","wav","1.0","48000","Mono","16","768000","93.79","2025-09-25 17:14:46"
"Crying (49).wav","/C/crying_300aeae2","[""/C/crying_300aeae2""]","crying","[""crying""]","/home/andres/Documentos/proyecto4geeks/data/raw/emergencysound/Crying/Crying (49).wav","emergencysound","train","","True","False","True","wav","1.0","48000","Mono","16","768000","93.79","2025-09-25 17:14:50"
"Crying (237).wav","/C/crying_300aeae2","[""/C/crying_300aeae2""]","crying","[""crying""]","/home/andres/Documentos/proyecto4geeks/data/raw/emergencysound/Crying/Crying (237).wav","emergencysound","train","","True","False","True","wav","1.0","48000","Mono","16","768000","93.79","2025-09-25 17:14:46"
"Crying (29).wav","/C/crying_300aeae2","[""/C/crying_300aeae2""]","crying","[""crying""]","/home/andres/Documentos/proyecto4geeks/data/raw/emergencysound/Crying/Crying (29).wav","emergencysound","train","","True","False","True","wav","1.0","48000","Mono","16","768000","93.79","2025-09-25 17:14:46"
"Crying (158).wav","/C/crying_300aeae2","[""/C/crying_300aeae2""]","crying","[""crying""]","/home/andres/Documentos/proyecto4geeks/data/raw/emergencysound/Crying/Crying (158).wav","emergencysound","train","","True","False","True","wav","1.0","48000","Mono","16","768000","93.79","2025-09-25 17:14:46"
"Crying (519).wav","/C/crying_300aeae2","[""/C/crying_300aeae2""]","crying","[""crying""]","/home/andres/Documentos/proyecto4geeks/data/raw/emergencysound/Crying/Crying (519).wav","emergencysound","test","","True","False","True","wav","1.0","48000","Stereo","16","1536000","187.54","2025-09-25 17:14:50"
"Crying (451).wav","/C/crying_300aeae2","[""/C/crying_300aeae2""]","crying","[""crying""]","/home/andres/Documentos/proyecto4geeks/data/raw/emergencysound/Crying/Crying (451).wav","emergencysound","train","","True","False","True","wav","1.0","48000","Stereo","16","1536000","187.54","2025-09-25 17:14:48"
"Crying (61).wav","/C/crying_300aeae2","[""/C/crying_300aeae2""]","crying","[""crying""]","/home/andres/Documentos/proyecto4geeks/data/raw/emergencysound/Crying/Crying (61).wav","emergencysound","train","","True","False","True","wav","1.0","48000","Mono","16","768000","93.79","2025-09-25 17:14:52"
"Crying (436).wav","/C/crying_300aeae2","[""/C/crying_300aeae2""]","crying","[""crying""]","/home/andres/Documentos/proyecto4geeks/data/raw/emergencysound/Crying/Crying (436).wav","emergencysound","train","","True","False","True","wav","1.0","48000","Stereo","16","1536000","187.54","2025-09-25 17:14:48"
"Crying (40).wav","/C/crying_300aeae2","[""/C/crying_300aeae2""]","crying","[""crying""]","/home/andres/Documentos/proyecto4geeks/data/raw/emergencysound/Crying/Crying (40).wav","emergencysound","train","","True","False","True","wav","1.0","48000","Mono","16","768000","93.79","2025-09-25 17:14:48"
"Crying (525).wav","/C/crying_300aeae2","[""/C/crying_300aeae2""]","crying","[""crying""]","/home/andres/Documentos/proyecto4geeks/data/raw/emergencysound/Crying/Crying (525).wav","emergencysound","test","","True","False","True","wav","1.0","48000","Stereo","16","1536000","187.54","2025-09-25 17:14:50"
"Crying (183).wav","/C/crying_300aeae2","[""/C/crying_300aeae2""]","crying","[""crying""]","/home/andres/Documentos/proyecto4geeks/data/raw/emergencysound/Crying/Crying (183).wav","emergencysound","test","","True","False","True","wav","1.0","48000","Mono","16","768000","93.79","2025-09-25 17:14:46"
"Crying (329).wav","/C/crying_300aeae2","[""/C/crying_300aeae2""]","crying","[""crying""]","/home/andres/Documentos/proyecto4geeks/data/raw/emergencysound/Crying/Crying (329).wav","emergencysound","test","","True","False","True","wav","1.0","48000","Stereo","16","1536000","187.54","2025-09-25 17:14:46"
"Crying (266).wav","/C/crying_300aeae2","[""/C/crying_300aeae2""]","crying","[""crying""]","/home/andres/Documentos/proyecto4geeks/data/raw/emergencysound/Crying/Crying (266).wav","emergencysound","test","","True","False","True","wav","1.0","48000","Mono","16","768000","93.79","2025-09-25 17:14:46"
"Crying (434).wav","/C/crying_300aeae2","[""/C/crying_300aeae2""]","crying","[""crying""]","/home/andres/Documentos/proyecto4geeks/data/raw/emergencysound/Crying/Crying (434).wav","emergencysound","train","","True","False","True","wav","1.0","48000","Stereo","16","1536000","187.54","2025-09-25 17:14:48"
"Crying (546).wav","/C/crying_300aeae2","[""/C/crying_300aeae2""]","crying","[""crying""]","/home/andres/Documentos/proyecto4geeks/data/raw/emergencysound/Crying/Crying (546).wav","emergencysound","test","","True","False","True","wav","1.0","48000","Stereo","16","1536000","187.54","2025-09-25 17:14:50"
"Crying (585).wav","/C/crying_300aeae2","[""/C/crying_300aeae2""]","crying","[""crying""]","/home/andres/Documentos/proyecto4geeks/data/raw/emergencysound/Crying/Crying (585).wav","emergencysound","train","","True","False","True","wav","1.0","48000","Stereo","16","1536000","187.54","2025-09-25 17:14:50"
"Crying (536).wav","/C/crying_300aeae2","[""/C/crying_300aeae2""]","crying","[""crying""]","/home/andres/Documentos/proyecto4geeks/data/raw/emergencysound/Crying/Crying (536).wav","emergencysound","train","","True","False","True","wav","1.0","48000","Stereo","16","1536000","187.54","2025-09-25 17:14:50"
"Crying (228).wav","/C/crying_300aeae2","[""/C/crying_300aeae2""]","crying","[""crying""]","/home/andres/Documentos/proyecto4geeks/data/raw/emergencysound/Crying/Crying (228).wav","emergencysound","train","","True","False","True","wav","1.0","48000","Mono","16","768000","93.79","2025-09-25 17:14:46"
"Crying (55).wav","/C/crying_300aeae2","[""/C/crying_300aeae2""]","crying","[""crying""]","/home/andres/Documentos/proyecto4geeks/data/raw/emergencysound/Crying/Crying (55).wav","emergencysound","test","","True","False","True","wav","1.0","48000","Mono","16","768000","93.79","2025-09-25 17:14:50"
"Crying (435).wav","/C/crying_300aeae2","[""/C/crying_300aeae2""]","crying","[""crying""]","/home/andres/Documentos/proyecto4geeks/data/raw/emergencysound/Crying/Crying (435).wav","emergencysound","train","","True","False","True","wav","1.0","48000","Stereo","16","1536000","187.54","2025-09-25 17:14:48"
"Crying (318).wav","/C/crying_300aeae2","[""/C/crying_300aeae2""]","crying","[""crying""]","/home/andres/Documentos/proyecto4geeks/data/raw/emergencysound/Crying/Crying (318).wav","emergencysound","train","","True","False","True","wav","1.0","48000","Mono","16","768000","93.79","2025-09-25 17:14:46"
"Crying (170).wav","/C/crying_300aeae2","[""/C/crying_300aeae2""]","crying","[""crying""]","/home/andres/Documentos/proyecto4geeks/data/raw/emergencysound/Crying/Crying (170).wav","emergencysound","train","","True","False","True","wav","1.0","48000","Mono","16","768000","93.79","2025-09-25 17:14:46"
"Crying (110).wav","/C/crying_300aeae2","[""/C/crying_300aeae2""]","crying","[""crying""]","/home/andres/Documentos/proyecto4geeks/data/raw/emergencysound/Crying/Crying (110).wav","emergencysound","train","","True","False","True","wav","1.0","48000","Mono","16","768000","93.79","2025-09-25 17:14:44"
"Crying (505).wav","/C/crying_300aeae2","[""/C/crying_300aeae2""]","crying","[""crying""]","/home/andres/Documentos/proyecto4geeks/data/raw/emergencysound/Crying/Crying (505).wav","emergencysound","test","","True","False","True","wav","1.0","48000","Stereo","16","1536000","187.54","2025-09-25 17:14:50"
"Crying (484).wav","/C/crying_300aeae2","[""/C/crying_300aeae2""]","crying","[""crying""]","/home/andres/Documentos/proyecto4geeks/data/raw/emergencysound/Crying/Crying (484).wav","emergencysound","train","","True","False","True","wav","1.0","48000","Stereo","16","1536000","187.54","2025-09-25 17:14:50"
"Crying (617).wav","/C/crying_300aeae2","[""/C/crying_300aeae2""]","crying","[""crying""]","/home/andres/Documentos/proyecto4geeks/data/raw/emergencysound/Crying/Crying (617).wav","emergencysound","train","","True","False","True","wav","1.0","48000","Stereo","16","1536000","187.54","2025-09-25 17:14:52"
"Crying (116).wav","/C/crying_300aeae2","[""/C/crying_300aeae2""]","crying","[""crying""]","/home/andres/Documentos/proyecto4geeks/data/raw/emergencysound/Crying/Crying (116).wav","emergencysound","train","","True","False","True","wav","1.0","48000","Mono","16","768000","93.79","2025-09-25 17:14:44"
"Crying (491).wav","/C/crying_300aeae2","[""/C/crying_300aeae2""]","crying","[""crying""]","/home/andres/Documentos/proyecto4geeks/data/raw/emergencysound/Crying/Crying (491).wav","emergencysound","test","","True","False","True","wav","1.0","48000","Stereo","16","1536000","187.54","2025-09-25 17:14:50"
"Crying (131).wav","/C/crying_300aeae2","[""/C/crying_300aeae2""]","crying","[""crying""]","/home/andres/Documentos/proyecto4geeks/data/raw/emergencysound/Crying/Crying (131).wav","emergencysound","train","","True","False","True","wav","1.0","48000","Mono","16","768000","93.79","2025-09-25 17:14:44"
"Crying (70).wav","/C/crying_300aeae2","[""/C/crying_300aeae2""]","crying","[""crying""]","/home/andres/Documentos/proyecto4geeks/data/raw/emergencysound/Crying/Crying (70).wav","emergencysound","train","","True","False","True","wav","1.0","48000","Mono","16","768000","93.79","2025-09-25 17:14:52"
"Crying (493).wav","/C/crying_300aeae2","[""/C/crying_300aeae2""]","crying","[""crying""]","/home/andres/Documentos/proyecto4geeks/data/raw/emergencysound/Crying/Crying (493).wav","emergencysound","train","","True","False","True","wav","1.0","48000","Stereo","16","1536000","187.54","2025-09-25 17:14:50"
"Crying (262).wav","/C/crying_300aeae2","[""/C/crying_300aeae2""]","crying","[""crying""]","/home/andres/Documentos/proyecto4geeks/data/raw/emergencysound/Crying/Crying (262).wav","emergencysound","train","","True","False","True","wav","1.0","48000","Mono","16","768000","93.79","2025-09-25 17:14:46"
"Crying (175).wav","/C/crying_300aeae2","[""/C/crying_300aeae2""]","crying","[""crying""]","/home/andres/Documentos/proyecto4geeks/data/raw/emergencysound/Crying/Crying (175).wav","emergencysound","test","","True","False","True","wav","1.0","48000","Mono","16","768000","93.79","2025-09-25 17:14:46"
"Crying (402).wav","/C/crying_300aeae2","[""/C/crying_300aeae2""]","crying","[""crying""]","/home/andres/Documentos/proyecto4geeks/data/raw/emergencysound/Crying/Crying (402).wav","emergencysound","test","","True","False","True","wav","1.0","48000","Stereo","16","1536000","187.54","2025-09-25 17:14:48"
"Crying (80).wav","/C/crying_300aeae2","[""/C/crying_300aeae2""]","crying","[""crying""]","/home/andres/Documentos/proyecto4geeks/data/raw/emergencysound/Crying/Crying (80).wav","emergencysound","train","","True","False","True","wav","1.0","48000","Mono","16","768000","93.79","2025-09-25 17:14:52"
"Crying (236).wav","/C/crying_300aeae2","[""/C/crying_300aeae2""]","crying","[""crying""]","/home/andres/Documentos/proyecto4geeks/data/raw/emergencysound/Crying/Crying (236).wav","emergencysound","train","","True","False","True","wav","1.0","48000","Mono","16","768000","93.79","2025-09-25 17:14:46"
"Crying (6).wav","/C/crying_300aeae2","[""/C/crying_300aeae2""]","crying","[""crying""]","/home/andres/Documentos/proyecto4geeks/data/raw/emergencysound/Crying/Crying (6).wav","emergencysound","train","","True","False","True","wav","1.0","48000","Mono","16","768000","93.79","2025-09-25 17:14:52"
"Crying (389).wav","/C/crying_300aeae2","[""/C/crying_300aeae2""]","crying","[""crying""]","/home/andres/Documentos/proyecto4geeks/data/raw/emergencysound/Crying/Crying (389).wav","emergencysound","train","","True","False","True","wav","1.0","48000","Stereo","16","1536000","187.54","2025-09-25 17:14:48"
"Crying (250).wav","/C/crying_300aeae2","[""/C/crying_300aeae2""]","crying","[""crying""]","/home/andres/Documentos/proyecto4geeks/data/raw/emergencysound/Crying/Crying (250).wav","emergencysound","train","","True","False","True","wav","1.0","48000","Mono","16","768000","93.79","2025-09-25 17:14:46"
"Crying (297).wav","/C/crying_300aeae2","[""/C/crying_300aeae2""]","crying","[""crying""]","/home/andres/Documentos/proyecto4geeks/data/raw/emergencysound/Crying/Crying (297).wav","emergencysound","train","","True","False","True","wav","1.0","48000","Mono","16","768000","93.79","2025-09-25 17:14:46"
"Crying (186).wav","/C/crying_300aeae2","[""/C/crying_300aeae2""]","crying","[""crying""]","/home/andres/Documentos/proyecto4geeks/data/raw/emergencysound/Crying/Crying (186).wav","emergencysound","train","","True","False","True","wav","1.0","48000","Mono","16","768000","93.79","2025-09-25 17:14:46"
"Crying (64).wav","/C/crying_300aeae2","[""/C/crying_300aeae2""]","crying","[""crying""]","/home/andres/Documentos/proyecto4geeks/data/raw/emergencysound/Crying/Crying (64).wav","emergencysound","train","","True","False","True","wav","1.0","48000","Mono","16","768000","93.79","2025-09-25 17:14:52"
"Crying (77).wav","/C/crying_300aeae2","[""/C/crying_300aeae2""]","crying","[""crying""]","/home/andres/Documentos/proyecto4geeks/data/raw/emergencysound/Crying/Crying (77).wav","emergencysound","train","","True","False","True","wav","1.0","48000","Mono","16","768000","93.79","2025-09-25 17:14:52"
"Crying (465).wav","/C/crying_300aeae2","[""/C/crying_300aeae2""]","crying","[""crying""]","/home/andres/Documentos/proyecto4geeks/data/raw/emergencysound/Crying/Crying (465).wav","emergencysound","train","","True","False","True","wav","1.0","48000","Stereo","16","1536000","187.54","2025-09-25 17:14:48"
"Crying (474).wav","/C/crying_300aeae2","[""/C/crying_300aeae2""]","crying","[""crying""]","/home/andres/Documentos/proyecto4geeks/data/raw/emergencysound/Crying/Crying (474).wav","emergencysound","train","","True","False","True","wav","1.0","48000","Stereo","16","1536000","187.54","2025-09-25 17:14:50"
"Crying (37).wav","/C/crying_300aeae2","[""/C/crying_300aeae2""]","crying","[""crying""]","/home/andres/Documentos/proyecto4geeks/data/raw/emergencysound/Crying/Crying (37).wav","emergencysound","train","","True","False","True","wav","1.0","48000","Mono","16","768000","93.79","2025-09-25 17:14:48"
"Crying (78).wav","/C/crying_300aeae2","[""/C/crying_300aeae2""]","crying","[""crying""]","/home/andres/Documentos/proyecto4geeks/data/raw/emergencysound/Crying/Crying (78).wav","emergencysound","train","","True","False","True","wav","1.0","48000","Mono","16","768000","93.79","2025-09-25 17:14:52"
"Crying (445).wav","/C/crying_300aeae2","[""/C/crying_300aeae2""]","crying","[""crying""]","/home/andres/Documentos/proyecto4geeks/data/raw/emergencysound/Crying/Crying (445).wav","emergencysound","train","","True","False","True","wav","1.0","48000","Stereo","16","1536000","187.54","2025-09-25 17:14:48"
"Crying (598).wav","/C/crying_300aeae2","[""/C/crying_300aeae2""]","crying","[""crying""]","/home/andres/Documentos/proyecto4geeks/data/raw/emergencysound/Crying/Crying (598).wav","emergencysound","test","","True","False","True","wav","1.0","48000","Stereo","16","1536000","187.54","2025-09-25 17:14:52"
"Crying (203).wav","/C/crying_300aeae2","[""/C/crying_300aeae2""]","crying","[""crying""]","/home/andres/Documentos/proyecto4geeks/data/raw/emergencysound/Crying/Crying (203).wav","emergencysound","train","","True","False","True","wav","1.0","48000","Mono","16","768000","93.79","2025-09-25 17:14:46"
"Crying (7).wav","/C/crying_300aeae2","[""/C/crying_300aeae2""]","crying","[""crying""]","/home/andres/Documentos/proyecto4geeks/data/raw/emergencysound/Crying/Crying (7).wav","emergencysound","train","","True","False","True","wav","1.0","48000","Mono","16","768000","93.79","2025-09-25 17:14:52"
"Crying (529).wav","/C/crying_300aeae2","[""/C/crying_300aeae2""]","crying","[""crying""]","/home/andres/Documentos/proyecto4geeks/data/raw/emergencysound/Crying/Crying (529).wav","emergencysound","test","","True","False","True","wav","1.0","48000","Stereo","16","1536000","187.54","2025-09-25 17:14:50"
"Crying (427).wav","/C/crying_300aeae2","[""/C/crying_300aeae2""]","crying","[""crying""]","/home/andres/Documentos/proyecto4geeks/data/raw/emergencysound/Crying/Crying (427).wav","emergencysound","train","","True","False","True","wav","1.0","48000","Stereo","16","1536000","187.54","2025-09-25 17:14:48"
"Crying (292).wav","/C/crying_300aeae2","[""/C/crying_300aeae2""]","crying","[""crying""]","/home/andres/Documentos/proyecto4geeks/data/raw/emergencysound/Crying/Crying (292).wav","emergencysound","test","","True","False","True","wav","1.0","48000","Mono","16","768000","93.79","2025-09-25 17:14:46"
"Crying (448).wav","/C/crying_300aeae2","[""/C/crying_300aeae2""]","crying","[""crying""]","/home/andres/Documentos/proyecto4geeks/data/raw/emergencysound/Crying/Crying (448).wav","emergencysound","test","","True","False","True","wav","1.0","48000","Stereo","16","1536000","187.54","2025-09-25 17:14:48"
"Crying (457).wav","/C/crying_300aeae2","[""/C/crying_300aeae2""]","crying","[""crying""]","/home/andres/Documentos/proyecto4geeks/data/raw/emergencysound/Crying/Crying (457).wav","emergencysound","train","","True","False","True","wav","1.0","48000","Stereo","16","1536000","187.54","2025-09-25 17:14:48"
"Crying (419).wav","/C/crying_300aeae2","[""/C/crying_300aeae2""]","crying","[""crying""]","/home/andres/Documentos/proyecto4geeks/data/raw/emergencysound/Crying/Crying (419).wav","emergencysound","test","","True","False","True","wav","1.0","48000","Stereo","16","1536000","187.54","2025-09-25 17:14:48"
"Crying (606).wav","/C/crying_300aeae2","[""/C/crying_300aeae2""]","crying","[""crying""]","/home/andres/Documentos/proyecto4geeks/data/raw/emergencysound/Crying/Crying (606).wav","emergencysound","test","","True","False","True","wav","1.0","48000","Stereo","16","1536000","187.54","2025-09-25 17:14:52"
"Crying (495).wav","/C/crying_300aeae2","[""/C/crying_300aeae2""]","crying","[""crying""]","/home/andres/Documentos/proyecto4geeks/data/raw/emergencysound/Crying/Crying (495).wav","emergencysound","train","","True","False","True","wav","1.0","48000","Stereo","16","1536000","187.54","2025-09-25 17:14:50"
"Crying (483).wav","/C/crying_300aeae2","[""/C/crying_300aeae2""]","crying","[""crying""]","/home/andres/Documentos/proyecto4geeks/data/raw/emergencysound/Crying/Crying (483).wav","emergencysound","train","","True","False","True","wav","1.0","48000","Stereo","16","1536000","187.54","2025-09-25 17:14:50"
"Crying (347).wav","/C/crying_300aeae2","[""/C/crying_300aeae2""]","crying","[""crying""]","/home/andres/Documentos/proyecto4geeks/data/raw/emergencysound/Crying/Crying (347).wav","emergencysound","test","","True","False","True","wav","1.0","48000","Stereo","16","1536000","187.54","2025-09-25 17:14:48"
"Crying (574).wav","/C/crying_300aeae2","[""/C/crying_300aeae2""]","crying","[""crying""]","/home/andres/Documentos/proyecto4geeks/data/raw/emergencysound/Crying/Crying (574).wav","emergencysound","test","","True","False","True","wav","1.0","48000","Stereo","16","1536000","187.54","2025-09-25 17:14:50"
"Crying (90).wav","/C/crying_300aeae2","[""/C/crying_300aeae2""]","crying","[""crying""]","/home/andres/Documentos/proyecto4geeks/data/raw/emergencysound/Crying/Crying (90).wav","emergencysound","train","","True","False","True","wav","1.0","48000","Mono","16","768000","93.79","2025-09-25 17:14:52"
"Crying (580).wav","/C/crying_300aeae2","[""/C/crying_300aeae2""]","crying","[""crying""]","/home/andres/Documentos/proyecto4geeks/data/raw/emergencysound/Crying/Crying (580).wav","emergencysound","train","","True","False","True","wav","1.0","48000","Stereo","16","1536000","187.54","2025-09-25 17:14:50"
"Crying (604).wav","/C/crying_300aeae2","[""/C/crying_300aeae2""]","crying","[""crying""]","/home/andres/Documentos/proyecto4geeks/data/raw/emergencysound/Crying/Crying (604).wav","emergencysound","test","","True","False","True","wav","1.0","48000","Stereo","16","1536000","187.54","2025-09-25 17:14:52"
"Crying (621).wav","/C/crying_300aeae2","[""/C/crying_300aeae2""]","crying","[""crying""]","/home/andres/Documentos/proyecto4geeks/data/raw/emergencysound/Crying/Crying (621).wav","emergencysound","train","","True","False","True","wav","1.0","48000","Stereo","16","1536000","187.54","2025-09-25 17:14:52"
"Crying (497).wav","/C/crying_300aeae2","[""/C/crying_300aeae2""]","crying","[""crying""]","/home/andres/Documentos/proyecto4geeks/data/raw/emergencysound/Crying/Crying (497).wav","emergencysound","train","","True","False","True","wav","1.0","48000","Stereo","16","1536000","187.54","2025-09-25 17:14:50"
"Crying (306).wav","/C/crying_300aeae2","[""/C/crying_300aeae2""]","crying","[""crying""]","/home/andres/Documentos/proyecto4geeks/data/raw/emergencysound/Crying/Crying (306).wav","emergencysound","test","","True","False","True","wav","1.0","48000","Mono","16","768000","93.79","2025-09-25 17:14:46"
"Crying (179).wav","/C/crying_300aeae2","[""/C/crying_300aeae2""]","crying","[""crying""]","/home/andres/Documentos/proyecto4geeks/data/raw/emergencysound/Crying/Crying (179).wav","emergencysound","train","","True","False","True","wav","1.0","48000","Mono","16","768000","93.79","2025-09-25 17:14:46"
"Crying (303).wav","/C/crying_300aeae2","[""/C/crying_300aeae2""]","crying","[""crying""]","/home/andres/Documentos/proyecto4geeks/data/raw/emergencysound/Crying/Crying (303).wav","emergencysound","train","","True","False","True","wav","1.0","48000","Mono","16","768000","93.79","2025-09-25 17:14:46"
"Crying (253).wav","/C/crying_300aeae2","[""/C/crying_300aeae2""]","crying","[""crying""]","/home/andres/Documentos/proyecto4geeks/data/raw/emergencysound/Crying/Crying (253).wav","emergencysound","train","","True","False","True","wav","1.0","48000","Mono","16","768000","93.79","2025-09-25 17:14:46"
"Crying (432).wav","/C/crying_300aeae2","[""/C/crying_300aeae2""]","crying","[""crying""]","/home/andres/Documentos/proyecto4geeks/data/raw/emergencysound/Crying/Crying (432).wav","emergencysound","train","","True","False","True","wav","1.0","48000","Stereo","16","1536000","187.54","2025-09-25 17:14:48"
"Crying (259).wav","/C/crying_300aeae2","[""/C/crying_300aeae2""]","crying","[""crying""]","/home/andres/Documentos/proyecto4geeks/data/raw/emergencysound/Crying/Crying (259).wav","emergencysound","train","","True","False","True","wav","1.0","48000","Mono","16","768000","93.79","2025-09-25 17:14:46"
"Crying (117).wav","/C/crying_300aeae2","[""/C/crying_300aeae2""]","crying","[""crying""]","/home/andres/Documentos/proyecto4geeks/data/raw/emergencysound/Crying/Crying (117).wav","emergencysound","train","","True","False","True","wav","1.0","48000","Mono","16","768000","93.79","2025-09-25 17:14:44"
"Crying (599).wav","/C/crying_300aeae2","[""/C/crying_300aeae2""]","crying","[""crying""]","/home/andres/Documentos/proyecto4geeks/data/raw/emergencysound/Crying/Crying (599).wav","emergencysound","train","","True","False","True","wav","1.0","48000","Stereo","16","1536000","187.54","2025-09-25 17:14:52"
"Crying (258).wav","/C/crying_300aeae2","[""/C/crying_300aeae2""]","crying","[""crying""]","/home/andres/Documentos/proyecto4geeks/data/raw/emergencysound/Crying/Crying (258).wav","emergencysound","train","","True","False","True","wav","1.0","48000","Mono","16","768000","93.79","2025-09-25 17:14:46"
"Crying (291).wav","/C/crying_300aeae2","[""/C/crying_300aeae2""]","crying","[""crying""]","/home/andres/Documentos/proyecto4geeks/data/raw/emergencysound/Crying/Crying (291).wav","emergencysound","test","","True","False","True","wav","1.0","48000","Mono","16","768000","93.79","2025-09-25 17:14:46"
"Crying (375).wav","/C/crying_300aeae2","[""/C/crying_300aeae2""]","crying","[""crying""]","/home/andres/Documentos/proyecto4geeks/data/raw/emergencysound/Crying/Crying (375).wav","emergencysound","train","","True","False","True","wav","1.0","48000","Stereo","16","1536000","187.54","2025-09-25 17:14:48"
"Crying (51).wav","/C/crying_300aeae2","[""/C/crying_300aeae2""]","crying","[""crying""]","/home/andres/Documentos/proyecto4geeks/data/raw/emergencysound/Crying/Crying (51).wav","emergencysound","train","","True","False","True","wav","1.0","48000","Mono","16","768000","93.79","2025-09-25 17:14:50"
"Crying (406).wav","/C/crying_300aeae2","[""/C/crying_300aeae2""]","crying","[""crying""]","/home/andres/Documentos/proyecto4geeks/data/raw/emergencysound/Crying/Crying (406).wav","emergencysound","test","","True","False","True","wav","1.0","48000","Stereo","16","1536000","187.54","2025-09-25 17:14:48"
"Crying (202).wav","/C/crying_300aeae2","[""/C/crying_300aeae2""]","crying","[""crying""]","/home/andres/Documentos/proyecto4geeks/data/raw/emergencysound/Crying/Crying (202).wav","emergencysound","train","","True","False","True","wav","1.0","48000","Mono","16","768000","93.79","2025-09-25 17:14:46"
"Crying (333).wav","/C/crying_300aeae2","[""/C/crying_300aeae2""]","crying","[""crying""]","/home/andres/Documentos/proyecto4geeks/data/raw/emergencysound/Crying/Crying (333).wav","emergencysound","train","","True","False","True","wav","1.0","48000","Stereo","16","1536000","187.54","2025-09-25 17:14:46"
"Crying (154).wav","/C/crying_300aeae2","[""/C/crying_300aeae2""]","crying","[""crying""]","/home/andres/Documentos/proyecto4geeks/data/raw/emergencysound/Crying/Crying (154).wav","emergencysound","train","","True","False","True","wav","1.0","48000","Mono","16","768000","93.79","2025-09-25 17:14:46"
"Crying (57).wav","/C/crying_300aeae2","[""/C/crying_300aeae2""]","crying","[""crying""]","/home/andres/Documentos/proyecto4geeks/data/raw/emergencysound/Crying/Crying (57).wav","emergencysound","train","","True","False","True","wav","1.0","48000","Mono","16","768000","93.79","2025-09-25 17:14:50"
"Crying (130).wav","/C/crying_300aeae2","[""/C/crying_300aeae2""]","crying","[""crying""]","/home/andres/Documentos/proyecto4geeks/data/raw/emergencysound/Crying/Crying (130).wav","emergencysound","train","","True","False","True","wav","1.0","48000","Mono","16","768000","93.79","2025-09-25 17:14:44"
"Crying (44).wav","/C/crying_300aeae2","[""/C/crying_300aeae2""]","crying","[""crying""]","/home/andres/Documentos/proyecto4geeks/data/raw/emergencysound/Crying/Crying (44).wav","emergencysound","train","","True","False","True","wav","1.0","48000","Mono","16","768000","93.79","2025-09-25 17:14:48"
"Crying (111).wav","/C/crying_300aeae2","[""/C/crying_300aeae2""]","crying","[""crying""]","/home/andres/Documentos/proyecto4geeks/data/raw/emergencysound/Crying/Crying (111).wav","emergencysound","train","","True","False","True","wav","1.0","48000","Mono","16","768000","93.79","2025-09-25 17:14:44"
"Crying (189).wav","/C/crying_300aeae2","[""/C/crying_300aeae2""]","crying","[""crying""]","/home/andres/Documentos/proyecto4geeks/data/raw/emergencysound/Crying/Crying (189).wav","emergencysound","train","","True","False","True","wav","1.0","48000","Mono","16","768000","93.79","2025-09-25 17:14:46"
"Crying (596).wav","/C/crying_300aeae2","[""/C/crying_300aeae2""]","crying","[""crying""]","/home/andres/Documentos/proyecto4geeks/data/raw/emergencysound/Crying/Crying (596).wav","emergencysound","train","","True","False","True","wav","1.0","48000","Stereo","16","1536000","187.54","2025-09-25 17:14:52"
"Crying (140).wav","/C/crying_300aeae2","[""/C/crying_300aeae2""]","crying","[""crying""]","/home/andres/Documentos/proyecto4geeks/data/raw/emergencysound/Crying/Crying (140).wav","emergencysound","test","","True","False","True","wav","1.0","48000","Mono","16","768000","93.79","2025-09-25 17:14:44"
"Crying (635).wav","/C/crying_300aeae2","[""/C/crying_300aeae2""]","crying","[""crying""]","/home/andres/Documentos/proyecto4geeks/data/raw/emergencysound/Crying/Crying (635).wav","emergencysound","test","","True","False","True","wav","1.0","48000","Mono","16","768000","93.79","2025-09-25 17:14:52"
"Crying (265).wav","/C/crying_300aeae2","[""/C/crying_300aeae2""]","crying","[""crying""]","/home/andres/Documentos/proyecto4geeks/data/raw/emergencysound/Crying/Crying (265).wav","emergencysound","train","","True","False","True","wav","1.0","48000","Mono","16","768000","93.79","2025-09-25 17:14:46"
"Crying (12).wav","/C/crying_300aeae2","[""/C/crying_300aeae2""]","crying","[""crying""]","/home/andres/Documentos/proyecto4geeks/data/raw/emergencysound/Crying/Crying (12).wav","emergencysound","train","","True","False","True","wav","1.0","48000","Mono","16","768000","93.79","2025-09-25 17:14:44"
"Crying (633).wav","/C/crying_300aeae2","[""/C/crying_300aeae2""]","crying","[""crying""]","/home/andres/Documentos/proyecto4geeks/data/raw/emergencysound/Crying/Crying (633).wav","emergencysound","train","","True","False","True","wav","1.0","48000","Mono","16","768000","93.79","2025-09-25 17:14:52"
"Crying (582).wav","/C/crying_300aeae2","[""/C/crying_300aeae2""]","crying","[""crying""]","/home/andres/Documentos/proyecto4geeks/data/raw/emergencysound/Crying/Crying (582).wav","emergencysound","train","","True","False","True","wav","1.0","48000","Stereo","16","1536000","187.54","2025-09-25 17:14:50"
"Crying (485).wav","/C/crying_300aeae2","[""/C/crying_300aeae2""]","crying","[""crying""]","/home/andres/Documentos/proyecto4geeks/data/raw/emergencysound/Crying/Crying (485).wav","emergencysound","train","","True","False","True","wav","1.0","48000","Stereo","16","1536000","187.54","2025-09-25 17:14:50"
"Crying (146).wav","/C/crying_300aeae2","[""/C/crying_300aeae2""]","crying","[""crying""]","/home/andres/Documentos/proyecto4geeks/data/raw/emergencysound/Crying/Crying (146).wav","emergencysound","train","","True","False","True","wav","1.0","48000","Mono","16","768000","93.79","2025-09-25 17:14:46"
"Crying (164).wav","/C/crying_300aeae2","[""/C/crying_300aeae2""]","crying","[""crying""]","/home/andres/Documentos/proyecto4geeks/data/raw/emergencysound/Crying/Crying (164).wav","emergencysound","test","","True","False","True","wav","1.0","48000","Mono","16","768000","93.79","2025-09-25 17:14:46"
"Crying (138).wav","/C/crying_300aeae2","[""/C/crying_300aeae2""]","crying","[""crying""]","/home/andres/Documentos/proyecto4geeks/data/raw/emergencysound/Crying/Crying (138).wav","emergencysound","train","","True","False","True","wav","1.0","48000","Mono","16","768000","93.79","2025-09-25 17:14:44"
"Crying (222).wav","/C/crying_300aeae2","[""/C/crying_300aeae2""]","crying","[""crying""]","/home/andres/Documentos/proyecto4geeks/data/raw/emergencysound/Crying/Crying (222).wav","emergencysound","train","","True","False","True","wav","1.0","48000","Mono","16","768000","93.79","2025-09-25 17:14:46"
"Crying (521).wav","/C/crying_300aeae2","[""/C/crying_300aeae2""]","crying","[""crying""]","/home/andres/Documentos/proyecto4geeks/data/raw/emergencysound/Crying/Crying (521).wav","emergencysound","test","","True","False","True","wav","1.0","48000","Stereo","16","1536000","187.54","2025-09-25 17:14:50"
"Crying (190).wav","/C/crying_300aeae2","[""/C/crying_300aeae2""]","crying","[""crying""]","/home/andres/Documentos/proyecto4geeks/data/raw/emergencysound/Crying/Crying (190).wav","emergencysound","train","","True","False","True","wav","1.0","48000","Mono","16","768000","93.79","2025-09-25 17:14:46"
"Crying (294).wav","/C/crying_300aeae2","[""/C/crying_300aeae2""]","crying","[""crying""]","/home/andres/Documentos/proyecto4geeks/data/raw/emergencysound/Crying/Crying (294).wav","emergencysound","test","","True","False","True","wav","1.0","48000","Mono","16","768000","93.79","2025-09-25 17:14:46"
"Crying (157).wav","/C/crying_300aeae2","[""/C/crying_300aeae2""]","crying","[""crying""]","/home/andres/Documentos/proyecto4geeks/data/raw/emergencysound/Crying/Crying (157).wav","emergencysound","test","","True","False","True","wav","1.0","48000","Mono","16","768000","93.79","2025-09-25 17:14:46"
"Crying (500).wav","/C/crying_300aeae2","[""/C/crying_300aeae2""]","crying","[""crying""]","/home/andres/Documentos/proyecto4geeks/data/raw/emergencysound/Crying/Crying (500).wav","emergencysound","train","","True","False","True","wav","1.0","48000","Stereo","16","1536000","187.54","2025-09-25 17:14:50"
"Crying (551).wav","/C/crying_300aeae2","[""/C/crying_300aeae2""]","crying","[""crying""]","/home/andres/Documentos/proyecto4geeks/data/raw/emergencysound/Crying/Crying (551).wav","emergencysound","train","","True","False","True","wav","1.0","48000","Stereo","16","1536000","187.54","2025-09-25 17:14:50"
"Crying (211).wav","/C/crying_300aeae2","[""/C/crying_300aeae2""]","crying","[""crying""]","/home/andres/Documentos/proyecto4geeks/data/raw/emergencysound/Crying/Crying (211).wav","emergencysound","test","","True","False","True","wav","1.0","48000","Mono","16","768000","93.79","2025-09-25 17:14:46"
"Crying (625).wav","/C/crying_300aeae2","[""/C/crying_300aeae2""]","crying","[""crying""]","/home/andres/Documentos/proyecto4geeks/data/raw/emergencysound/Crying/Crying (625).wav","emergencysound","train","","True","False","True","wav","1.0","48000","Stereo","16","1536000","187.54","2025-09-25 17:14:52"
"Crying (126).wav","/C/crying_300aeae2","[""/C/crying_300aeae2""]","crying","[""crying""]","/home/andres/Documentos/proyecto4geeks/data/raw/emergencysound/Crying/Crying (126).wav","emergencysound","train","","True","False","True","wav","1.0","48000","Mono","16","768000","93.79","2025-09-25 17:14:44"
"Crying (610).wav","/C/crying_300aeae2","[""/C/crying_300aeae2""]","crying","[""crying""]","/home/andres/Documentos/proyecto4geeks/data/raw/emergencysound/Crying/Crying (610).wav","emergencysound","train","","True","False","True","wav","1.0","48000","Stereo","16","1536000","187.54","2025-09-25 17:14:52"
"Crying (348).wav","/C/crying_300aeae2","[""/C/crying_300aeae2""]","crying","[""crying""]","/home/andres/Documentos/proyecto4geeks/data/raw/emergencysound/Crying/Crying (348).wav","emergencysound","train","","True","False","True","wav","1.0","48000","Stereo","16","1536000","187.54","2025-09-25 17:14:48"
"Crying (498).wav","/C/crying_300aeae2","[""/C/crying_300aeae2""]","crying","[""crying""]","/home/andres/Documentos/proyecto4geeks/data/raw/emergencysound/Crying/Crying (498).wav","emergencysound","test","","True","False","True","wav","1.0","48000","Stereo","16","1536000","187.54","2025-09-25 17:14:50"
"Crying (293).wav","/C/crying_300aeae2","[""/C/crying_300aeae2""]","crying","[""crying""]","/home/andres/Documentos/proyecto4geeks/data/raw/emergencysound/Crying/Crying (293).wav","emergencysound","train","","True","False","True","wav","1.0","48000","Mono","16","768000","93.79","2025-09-25 17:14:46"
"Crying (91).wav","/C/crying_300aeae2","[""/C/crying_300aeae2""]","crying","[""crying""]","/home/andres/Documentos/proyecto4geeks/data/raw/emergencysound/Crying/Crying (91).wav","emergencysound","train","","True","False","True","wav","1.0","48000","Mono","16","768000","93.79","2025-09-25 17:14:52"
"Crying (156).wav","/C/crying_300aeae2","[""/C/crying_300aeae2""]","crying","[""crying""]","/home/andres/Documentos/proyecto4geeks/data/raw/emergencysound/Crying/Crying (156).wav","emergencysound","train","","True","False","True","wav","1.0","48000","Mono","16","768000","93.79","2025-09-25 17:14:46"
"Crying (217).wav","/C/crying_300aeae2","[""/C/crying_300aeae2""]","crying","[""crying""]","/home/andres/Documentos/proyecto4geeks/data/raw/emergencysound/Crying/Crying (217).wav","emergencysound","train","","True","False","True","wav","1.0","48000","Mono","16","768000","93.79","2025-09-25 17:14:46"
"Crying (397).wav","/C/crying_300aeae2","[""/C/crying_300aeae2""]","crying","[""crying""]","/home/andres/Documentos/proyecto4geeks/data/raw/emergencysound/Crying/Crying (397).wav","emergencysound","test","","True","False","True","wav","1.0","48000","Stereo","16","1536000","187.54","2025-09-25 17:14:48"
"Crying (385).wav","/C/crying_300aeae2","[""/C/crying_300aeae2""]","crying","[""crying""]","/home/andres/Documentos/proyecto4geeks/data/raw/emergencysound/Crying/Crying (385).wav","emergencysound","train","","True","False","True","wav","1.0","48000","Stereo","16","1536000","187.54","2025-09-25 17:14:48"
"Crying (437).wav","/C/crying_300aeae2","[""/C/crying_300aeae2""]","crying","[""crying""]","/home/andres/Documentos/proyecto4geeks/data/raw/emergencysound/Crying/Crying (437).wav","emergencysound","train","","True","False","True","wav","1.0","48000","Stereo","16","1536000","187.54","2025-09-25 17:14:48"
"Crying (145).wav","/C/crying_300aeae2","[""/C/crying_300aeae2""]","crying","[""crying""]","/home/andres/Documentos/proyecto4geeks/data/raw/emergencysound/Crying/Crying (145).wav","emergencysound","train","","True","False","True","wav","1.0","48000","Mono","16","768000","93.79","2025-09-25 17:14:46"
"Crying (86).wav","/C/crying_300aeae2","[""/C/crying_300aeae2""]","crying","[""crying""]","/home/andres/Documentos/proyecto4geeks/data/raw/emergencysound/Crying/Crying (86).wav","emergencysound","train","","True","False","True","wav","1.0","48000","Mono","16","768000","93.79","2025-09-25 17:14:52"
"Crying (513).wav","/C/crying_300aeae2","[""/C/crying_300aeae2""]","crying","[""crying""]","/home/andres/Documentos/proyecto4geeks/data/raw/emergencysound/Crying/Crying (513).wav","emergencysound","train","","True","False","True","wav","1.0","48000","Stereo","16","1536000","187.54","2025-09-25 17:14:50"
"Crying (209).wav","/C/crying_300aeae2","[""/C/crying_300aeae2""]","crying","[""crying""]","/home/andres/Documentos/proyecto4geeks/data/raw/emergencysound/Crying/Crying (209).wav","emergencysound","train","","True","False","True","wav","1.0","48000","Mono","16","768000","93.79","2025-09-25 17:14:46"
"Crying (618).wav","/C/crying_300aeae2","[""/C/crying_300aeae2""]","crying","[""crying""]","/home/andres/Documentos/proyecto4geeks/data/raw/emergencysound/Crying/Crying (618).wav","emergencysound","test","","True","False","True","wav","1.0","48000","Stereo","16","1536000","187.54","2025-09-25 17:14:52"
"Crying (324).wav","/C/crying_300aeae2","[""/C/crying_300aeae2""]","crying","[""crying""]","/home/andres/Documentos/proyecto4geeks/data/raw/emergencysound/Crying/Crying (324).wav","emergencysound","train","","True","False","True","wav","1.0","48000","Stereo","16","1536000","187.54","2025-09-25 17:14:46"
"Crying (423).wav","/C/crying_300aeae2","[""/C/crying_300aeae2""]","crying","[""crying""]","/home/andres/Documentos/proyecto4geeks/data/raw/emergencysound/Crying/Crying (423).wav","emergencysound","test","","True","False","True","wav","1.0","48000","Stereo","16","1536000","187.54","2025-09-25 17:14:48"
"Crying (207).wav","/C/crying_300aeae2","[""/C/crying_300aeae2""]","crying","[""crying""]","/home/andres/Documentos/proyecto4geeks/data/raw/emergencysound/Crying/Crying (207).wav","emergencysound","train","","True","False","True","wav","1.0","48000","Mono","16","768000","93.79","2025-09-25 17:14:46"
"Crying (159).wav","/C/crying_300aeae2","[""/C/crying_300aeae2""]","crying","[""crying""]","/home/andres/Documentos/proyecto4geeks/data/raw/emergencysound/Crying/Crying (159).wav","emergencysound","train","","True","False","True","wav","1.0","48000","Mono","16","768000","93.79","2025-09-25 17:14:46"
"Crying (288).wav","/C/crying_300aeae2","[""/C/crying_300aeae2""]","crying","[""crying""]","/home/andres/Documentos/proyecto4geeks/data/raw/emergencysound/Crying/Crying (288).wav","emergencysound","train","","True","False","True","wav","1.0","48000","Mono","16","768000","93.79","2025-09-25 17:14:46"
"Crying (534).wav","/C/crying_300aeae2","[""/C/crying_300aeae2""]","crying","[""crying""]","/home/andres/Documentos/proyecto4geeks/data/raw/emergencysound/Crying/Crying (534).wav","emergencysound","train","","True","False","True","wav","1.0","48000","Stereo","16","1536000","187.54","2025-09-25 17:14:50"
"Crying (192).wav","/C/crying_300aeae2","[""/C/crying_300aeae2""]","crying","[""crying""]","/home/andres/Documentos/proyecto4geeks/data/raw/emergencysound/Crying/Crying (192).wav","emergencysound","train","","True","False","True","wav","1.0","48000","Mono","16","768000","93.79","2025-09-25 17:14:46"
"Crying (181).wav","/C/crying_300aeae2","[""/C/crying_300aeae2""]","crying","[""crying""]","/home/andres/Documentos/proyecto4geeks/data/raw/emergencysound/Crying/Crying (181).wav","emergencysound","test","","True","False","True","wav","1.0","48000","Mono","16","768000","93.79","2025-09-25 17:14:46"
"Crying (552).wav","/C/crying_300aeae2","[""/C/crying_300aeae2""]","crying","[""crying""]","/home/andres/Documentos/proyecto4geeks/data/raw/emergencysound/Crying/Crying (552).wav","emergencysound","train","","True","False","True","wav","1.0","48000","Stereo","16","1536000","187.54","2025-09-25 17:14:50"
"Crying (23).wav","/C/crying_300aeae2","[""/C/crying_300aeae2""]","crying","[""crying""]","/home/andres/Documentos/proyecto4geeks/data/raw/emergencysound/Crying/Crying (23).wav","emergencysound","test","","True","False","True","wav","1.0","48000","Mono","16","768000","93.79","2025-09-25 17:14:46"
"Crying (520).wav","/C/crying_300aeae2","[""/C/crying_300aeae2""]","crying","[""crying""]","/home/andres/Documentos/proyecto4geeks/data/raw/emergencysound/Crying/Crying (520).wav","emergencysound","train","","True","False","True","wav","1.0","48000","Stereo","16","1536000","187.54","2025-09-25 17:14:50"
"Crying (199).wav","/C/crying_300aeae2","[""/C/crying_300aeae2""]","crying","[""crying""]","/home/andres/Documentos/proyecto4geeks/data/raw/emergencysound/Crying/Crying (199).wav","emergencysound","train","","True","False","True","wav","1.0","48000","Mono","16","768000","93.79","2025-09-25 17:14:46"
"Crying (388).wav","/C/crying_300aeae2","[""/C/crying_300aeae2""]","crying","[""crying""]","/home/andres/Documentos/proyecto4geeks/data/raw/emergencysound/Crying/Crying (388).wav","emergencysound","train","","True","False","True","wav","1.0","48000","Stereo","16","1536000","187.54","2025-09-25 17:14:48"
"Crying (478).wav","/C/crying_300aeae2","[""/C/crying_300aeae2""]","crying","[""crying""]","/home/andres/Documentos/proyecto4geeks/data/raw/emergencysound/Crying/Crying (478).wav","emergencysound","train","","True","False","True","wav","1.0","48000","Stereo","16","1536000","187.54","2025-09-25 17:14:50"
"Crying (63).wav","/C/crying_300aeae2","[""/C/crying_300aeae2""]","crying","[""crying""]","/home/andres/Documentos/proyecto4geeks/data/raw/emergencysound/Crying/Crying (63).wav","emergencysound","train","","True","False","True","wav","1.0","48000","Mono","16","768000","93.79","2025-09-25 17:14:52"
"Crying (378).wav","/C/crying_300aeae2","[""/C/crying_300aeae2""]","crying","[""crying""]","/home/andres/Documentos/proyecto4geeks/data/raw/emergencysound/Crying/Crying (378).wav","emergencysound","train","","True","False","True","wav","1.0","48000","Stereo","16","1536000","187.54","2025-09-25 17:14:48"
"Crying (608).wav","/C/crying_300aeae2","[""/C/crying_300aeae2""]","crying","[""crying""]","/home/andres/Documentos/proyecto4geeks/data/raw/emergencysound/Crying/Crying (608).wav","emergencysound","train","","True","False","True","wav","1.0","48000","Stereo","16","1536000","187.54","2025-09-25 17:14:52"
"Crying (377).wav","/C/crying_300aeae2","[""/C/crying_300aeae2""]","crying","[""crying""]","/home/andres/Documentos/proyecto4geeks/data/raw/emergencysound/Crying/Crying (377).wav","emergencysound","test","","True","False","True","wav","1.0","48000","Stereo","16","1536000","187.54","2025-09-25 17:14:48"
"Crying (69).wav","/C/crying_300aeae2","[""/C/crying_300aeae2""]","crying","[""crying""]","/home/andres/Documentos/proyecto4geeks/data/raw/emergencysound/Crying/Crying (69).wav","emergencysound","test","","True","False","True","wav","1.0","48000","Mono","16","768000","93.79","2025-09-25 17:14:52"
"Crying (339).wav","/C/crying_300aeae2","[""/C/crying_300aeae2""]","crying","[""crying""]","/home/andres/Documentos/proyecto4geeks/data/raw/emergencysound/Crying/Crying (339).wav","emergencysound","train","","True","False","True","wav","1.0","48000","Stereo","16","1536000","187.54","2025-09-25 17:14:46"
"Crying (74).wav","/C/crying_300aeae2","[""/C/crying_300aeae2""]","crying","[""crying""]","/home/andres/Documentos/proyecto4geeks/data/raw/emergencysound/Crying/Crying (74).wav","emergencysound","train","","True","False","True","wav","1.0","48000","Mono","16","768000","93.79","2025-09-25 17:14:52"
"Crying (218).wav","/C/crying_300aeae2","[""/C/crying_300aeae2""]","crying","[""crying""]","/home/andres/Documentos/proyecto4geeks/data/raw/emergencysound/Crying/Crying (218).wav","emergencysound","test","","True","False","True","wav","1.0","48000","Mono","16","768000","93.79","2025-09-25 17:14:46"
"Crying (522).wav","/C/crying_300aeae2","[""/C/crying_300aeae2""]","crying","[""crying""]","/home/andres/Documentos/proyecto4geeks/data/raw/emergencysound/Crying/Crying (522).wav","emergencysound","train","","True","False","True","wav","1.0","48000","Stereo","16","1536000","187.54","2025-09-25 17:14:50"
"Crying (278).wav","/C/crying_300aeae2","[""/C/crying_300aeae2""]","crying","[""crying""]","/home/andres/Documentos/proyecto4geeks/data/raw/emergencysound/Crying/Crying (278).wav","emergencysound","test","","True","False","True","wav","1.0","48000","Mono","16","768000","93.79","2025-09-25 17:14:46"
"Crying (486).wav","/C/crying_300aeae2","[""/C/crying_300aeae2""]","crying","[""crying""]","/home/andres/Documentos/proyecto4geeks/data/raw/emergencysound/Crying/Crying (486).wav","emergencysound","train","","True","False","True","wav","1.0","48000","Stereo","16","1536000","187.54","2025-09-25 17:14:50"
"Crying (104).wav","/C/crying_300aeae2","[""/C/crying_300aeae2""]","crying","[""crying""]","/home/andres/Documentos/proyecto4geeks/data/raw/emergencysound/Crying/Crying (104).wav","emergencysound","test","","True","False","True","wav","1.0","48000","Mono","16","768000","93.79","2025-09-25 17:14:44"
"Crying (530).wav","/C/crying_300aeae2","[""/C/crying_300aeae2""]","crying","[""crying""]","/home/andres/Documentos/proyecto4geeks/data/raw/emergencysound/Crying/Crying (530).wav","emergencysound","train","","True","False","True","wav","1.0","48000","Stereo","16","1536000","187.54","2025-09-25 17:14:50"
"Crying (233).wav","/C/crying_300aeae2","[""/C/crying_300aeae2""]","crying","[""crying""]","/home/andres/Documentos/proyecto4geeks/data/raw/emergencysound/Crying/Crying (233).wav","emergencysound","train","","True","False","True","wav","1.0","48000","Mono","16","768000","93.79","2025-09-25 17:14:46"
"Crying (358).wav","/C/crying_300aeae2","[""/C/crying_300aeae2""]","crying","[""crying""]","/home/andres/Documentos/proyecto4geeks/data/raw/emergencysound/Crying/Crying (358).wav","emergencysound","train","","True","False","True","wav","1.0","48000","Stereo","16","1536000","187.54","2025-09-25 17:14:48"
"Crying (216).wav","/C/crying_300aeae2","[""/C/crying_300aeae2""]","crying","[""crying""]","/home/andres/Documentos/proyecto4geeks/data/raw/emergencysound/Crying/Crying (216).wav","emergencysound","train","","True","False","True","wav","1.0","48000","Mono","16","768000","93.79","2025-09-25 17:14:46"
"Crying (571).wav","/C/crying_300aeae2","[""/C/crying_300aeae2""]","crying","[""crying""]","/home/andres/Documentos/proyecto4geeks/data/raw/emergencysound/Crying/Crying (571).wav","emergencysound","train","","True","False","True","wav","1.0","48000","Stereo","16","1536000","187.54","2025-09-25 17:14:50"
"Crying (270).wav","/C/crying_300aeae2","[""/C/crying_300aeae2""]","crying","[""crying""]","/home/andres/Documentos/proyecto4geeks/data/raw/emergencysound/Crying/Crying (270).wav","emergencysound","train","","True","False","True","wav","1.0","48000","Mono","16","768000","93.79","2025-09-25 17:14:46"
"Crying (526).wav","/C/crying_300aeae2","[""/C/crying_300aeae2""]","crying","[""crying""]","/home/andres/Documentos/proyecto4geeks/data/raw/emergencysound/Crying/Crying (526).wav","emergencysound","test","","True","False","True","wav","1.0","48000","Stereo","16","1536000","187.54","2025-09-25 17:14:50"
"Crying (3).wav","/C/crying_300aeae2","[""/C/crying_300aeae2""]","crying","[""crying""]","/home/andres/Documentos/proyecto4geeks/data/raw/emergencysound/Crying/Crying (3).wav","emergencysound","train","","True","False","True","wav","1.0","48000","Mono","16","768000","93.79","2025-09-25 17:14:46"
"Crying (553).wav","/C/crying_300aeae2","[""/C/crying_300aeae2""]","crying","[""crying""]","/home/andres/Documentos/proyecto4geeks/data/raw/emergencysound/Crying/Crying (553).wav","emergencysound","train","","True","False","True","wav","1.0","48000","Stereo","16","1536000","187.54","2025-09-25 17:14:50"
"Crying (527).wav","/C/crying_300aeae2","[""/C/crying_300aeae2""]","crying","[""crying""]","/home/andres/Documentos/proyecto4geeks/data/raw/emergencysound/Crying/Crying (527).wav","emergencysound","train","","True","False","True","wav","1.0","48000","Stereo","16","1536000","187.54","2025-09-25 17:14:50"
"Crying (120).wav","/C/crying_300aeae2","[""/C/crying_300aeae2""]","crying","[""crying""]","/home/andres/Documentos/proyecto4geeks/data/raw/emergencysound/Crying/Crying (120).wav","emergencysound","test","","True","False","True","wav","1.0","48000","Mono","16","768000","93.79","2025-09-25 17:14:44"
"Crying (337).wav","/C/crying_300aeae2","[""/C/crying_300aeae2""]","crying","[""crying""]","/home/andres/Documentos/proyecto4geeks/data/raw/emergencysound/Crying/Crying (337).wav","emergencysound","train","","True","False","True","wav","1.0","48000","Stereo","16","1536000","187.54","2025-09-25 17:14:46"
"Crying (429).wav","/C/crying_300aeae2","[""/C/crying_300aeae2""]","crying","[""crying""]","/home/andres/Documentos/proyecto4geeks/data/raw/emergencysound/Crying/Crying (429).wav","emergencysound","train","","True","False","True","wav","1.0","48000","Stereo","16","1536000","187.54","2025-09-25 17:14:48"
"Crying (516).wav","/C/crying_300aeae2","[""/C/crying_300aeae2""]","crying","[""crying""]","/home/andres/Documentos/proyecto4geeks/data/raw/emergencysound/Crying/Crying (516).wav","emergencysound","train","","True","False","True","wav","1.0","48000","Stereo","16","1536000","187.54","2025-09-25 17:14:50"
"Crying (243).wav","/C/crying_300aeae2","[""/C/crying_300aeae2""]","crying","[""crying""]","/home/andres/Documentos/proyecto4geeks/data/raw/emergencysound/Crying/Crying (243).wav","emergencysound","train","","True","False","True","wav","1.0","48000","Mono","16","768000","93.79","2025-09-25 17:14:46"
"Crying (341).wav","/C/crying_300aeae2","[""/C/crying_300aeae2""]","crying","[""crying""]","/home/andres/Documentos/proyecto4geeks/data/raw/emergencysound/Crying/Crying (341).wav","emergencysound","train","","True","False","True","wav","1.0","48000","Stereo","16","1536000","187.54","2025-09-25 17:14:46"
"Crying (232).wav","/C/crying_300aeae2","[""/C/crying_300aeae2""]","crying","[""crying""]","/home/andres/Documentos/proyecto4geeks/data/raw/emergencysound/Crying/Crying (232).wav","emergencysound","train","","True","False","True","wav","1.0","48000","Mono","16","768000","93.79","2025-09-25 17:14:46"
"Crying (132).wav","/C/crying_300aeae2","[""/C/crying_300aeae2""]","crying","[""crying""]","/home/andres/Documentos/proyecto4geeks/data/raw/emergencysound/Crying/Crying (132).wav","emergencysound","train","","True","False","True","wav","1.0","48000","Mono","16","768000","93.79","2025-09-25 17:14:44"
"Crying (446).wav","/C/crying_300aeae2","[""/C/crying_300aeae2""]","crying","[""crying""]","/home/andres/Documentos/proyecto4geeks/data/raw/emergencysound/Crying/Crying (446).wav","emergencysound","train","","True","False","True","wav","1.0","48000","Stereo","16","1536000","187.54","2025-09-25 17:14:48"
"Crying (268).wav","/C/crying_300aeae2","[""/C/crying_300aeae2""]","crying","[""crying""]","/home/andres/Documentos/proyecto4geeks/data/raw/emergencysound/Crying/Crying (268).wav","emergencysound","train","","True","False","True","wav","1.0","48000","Mono","16","768000","93.79","2025-09-25 17:14:46"
"Crying (226).wav","/C/crying_300aeae2","[""/C/crying_300aeae2""]","crying","[""crying""]","/home/andres/Documentos/proyecto4geeks/data/raw/emergencysound/Crying/Crying (226).wav","emergencysound","train","","True","False","True","wav","1.0","48000","Mono","16","768000","93.79","2025-09-25 17:14:46"
"Crying (518).wav","/C/crying_300aeae2","[""/C/crying_300aeae2""]","crying","[""crying""]","/home/andres/Documentos/proyecto4geeks/data/raw/emergencysound/Crying/Crying (518).wav","emergencysound","train","","True","False","True","wav","1.0","48000","Stereo","16","1536000","187.54","2025-09-25 17:14:50"
"Crying (487).wav","/C/crying_300aeae2","[""/C/crying_300aeae2""]","crying","[""crying""]","/home/andres/Documentos/proyecto4geeks/data/raw/emergencysound/Crying/Crying (487).wav","emergencysound","train","","True","False","True","wav","1.0","48000","Stereo","16","1536000","187.54","2025-09-25 17:14:50"
"Crying (356).wav","/C/crying_300aeae2","[""/C/crying_300aeae2""]","crying","[""crying""]","/home/andres/Documentos/proyecto4geeks/data/raw/emergencysound/Crying/Crying (356).wav","emergencysound","train","","True","False","True","wav","1.0","48000","Stereo","16","1536000","187.54","2025-09-25 17:14:48"
"Crying (1).wav","/C/crying_300aeae2","[""/C/crying_300aeae2""]","crying","[""crying""]","/home/andres/Documentos/proyecto4geeks/data/raw/emergencysound/Crying/Crying (1).wav","emergencysound","train","","True","False","True","wav","1.0","48000","Mono","16","768000","93.79","2025-09-25 17:14:44"
"Crying (544).wav","/C/crying_300aeae2","[""/C/crying_300aeae2""]","crying","[""crying""]","/home/andres/Documentos/proyecto4geeks/data/raw/emergencysound/Crying/Crying (544).wav","emergencysound","train","","True","False","True","wav","1.0","48000","Stereo","16","1536000","187.54","2025-09-25 17:14:50"
"Crying (394).wav","/C/crying_300aeae2","[""/C/crying_300aeae2""]","crying","[""crying""]","/home/andres/Documentos/proyecto4geeks/data/raw/emergencysound/Crying/Crying (394).wav","emergencysound","train","","True","False","True","wav","1.0","48000","Stereo","16","1536000","187.54","2025-09-25 17:14:48"
"Crying (591).wav","/C/crying_300aeae2","[""/C/crying_300aeae2""]","crying","[""crying""]","/home/andres/Documentos/proyecto4geeks/data/raw/emergencysound/Crying/Crying (591).wav","emergencysound","train","","True","False","True","wav","1.0","48000","Stereo","16","1536000","187.54","2025-09-25 17:14:50"
"Crying (548).wav","/C/crying_300aeae2","[""/C/crying_300aeae2""]","crying","[""crying""]","/home/andres/Documentos/proyecto4geeks/data/raw/emergencysound/Crying/Crying (548).wav","emergencysound","train","","True","False","True","wav","1.0","48000","Stereo","16","1536000","187.54","2025-09-25 17:14:50"
"Crying (524).wav","/C/crying_300aeae2","[""/C/crying_300aeae2""]","crying","[""crying""]","/home/andres/Documentos/proyecto4geeks/data/raw/emergencysound/Crying/Crying (524).wav","emergencysound","train","","True","False","True","wav","1.0","48000","Stereo","16","1536000","187.54","2025-09-25 17:14:50"
"Crying (82).wav","/C/crying_300aeae2","[""/C/crying_300aeae2""]","crying","[""crying""]","/home/andres/Documentos/proyecto4geeks/data/raw/emergencysound/Crying/Crying (82).wav","emergencysound","train","","True","False","True","wav","1.0","48000","Mono","16","768000","93.79","2025-09-25 17:14:52"
"Crying (246).wav","/C/crying_300aeae2","[""/C/crying_300aeae2""]","crying","[""crying""]","/home/andres/Documentos/proyecto4geeks/data/raw/emergencysound/Crying/Crying (246).wav","emergencysound","train","","True","False","True","wav","1.0","48000","Mono","16","768000","93.79","2025-09-25 17:14:46"
"Crying (177).wav","/C/crying_300aeae2","[""/C/crying_300aeae2""]","crying","[""crying""]","/home/andres/Documentos/proyecto4geeks/data/raw/emergencysound/Crying/Crying (177).wav","emergencysound","train","","True","False","True","wav","1.0","48000","Mono","16","768000","93.79","2025-09-25 17:14:46"
"Crying (420).wav","/C/crying_300aeae2","[""/C/crying_300aeae2""]","crying","[""crying""]","/home/andres/Documentos/proyecto4geeks/data/raw/emergencysound/Crying/Crying (420).wav","emergencysound","train","","True","False","True","wav","1.0","48000","Stereo","16","1536000","187.54","2025-09-25 17:14:48"
"Crying (53).wav","/C/crying_300aeae2","[""/C/crying_300aeae2""]","crying","[""crying""]","/home/andres/Documentos/proyecto4geeks/data/raw/emergencysound/Crying/Crying (53).wav","emergencysound","train","","True","False","True","wav","1.0","48000","Mono","16","768000","93.79","2025-09-25 17:14:50"
"Crying (305).wav","/C/crying_300aeae2","[""/C/crying_300aeae2""]","crying","[""crying""]","/home/andres/Documentos/proyecto4geeks/data/raw/emergencysound/Crying/Crying (305).wav","emergencysound","train","","True","False","True","wav","1.0","48000","Mono","16","768000","93.79","2025-09-25 17:14:46"
"Crying (550).wav","/C/crying_300aeae2","[""/C/crying_300aeae2""]","crying","[""crying""]","/home/andres/Documentos/proyecto4geeks/data/raw/emergencysound/Crying/Crying (550).wav","emergencysound","train","","True","False","True","wav","1.0","48000","Stereo","16","1536000","187.54","2025-09-25 17:14:50"
"Crying (45).wav","/C/crying_300aeae2","[""/C/crying_300aeae2""]","crying","[""crying""]","/home/andres/Documentos/proyecto4geeks/data/raw/emergencysound/Crying/Crying (45).wav","emergencysound","train","","True","False","True","wav","1.0","48000","Mono","16","768000","93.79","2025-09-25 17:14:48"
"Crying (50).wav","/C/crying_300aeae2","[""/C/crying_300aeae2""]","crying","[""crying""]","/home/andres/Documentos/proyecto4geeks/data/raw/emergencysound/Crying/Crying (50).wav","emergencysound","test","","True","False","True","wav","1.0","48000","Mono","16","768000","93.79","2025-09-25 17:14:50"
"Crying (264).wav","/C/crying_300aeae2","[""/C/crying_300aeae2""]","crying","[""crying""]","/home/andres/Documentos/proyecto4geeks/data/raw/emergencysound/Crying/Crying (264).wav","emergencysound","train","","True","False","True","wav","1.0","48000","Mono","16","768000","93.79","2025-09-25 17:14:46"
"Crying (43).wav","/C/crying_300aeae2","[""/C/crying_300aeae2""]","crying","[""crying""]","/home/andres/Documentos/proyecto4geeks/data/raw/emergencysound/Crying/Crying (43).wav","emergencysound","train","","True","False","True","wav","1.0","48000","Mono","16","768000","93.79","2025-09-25 17:14:48"
"Crying (592).wav","/C/crying_300aeae2","[""/C/crying_300aeae2""]","crying","[""crying""]","/home/andres/Documentos/proyecto4geeks/data/raw/emergencysound/Crying/Crying (592).wav","emergencysound","train","","True","False","True","wav","1.0","48000","Stereo","16","1536000","187.54","2025-09-25 17:14:50"
"Crying (191).wav","/C/crying_300aeae2","[""/C/crying_300aeae2""]","crying","[""crying""]","/home/andres/Documentos/proyecto4geeks/data/raw/emergencysound/Crying/Crying (191).wav","emergencysound","train","","True","False","True","wav","1.0","48000","Mono","16","768000","93.79","2025-09-25 17:14:46"
"Crying (56).wav","/C/crying_300aeae2","[""/C/crying_300aeae2""]","crying","[""crying""]","/home/andres/Documentos/proyecto4geeks/data/raw/emergencysound/Crying/Crying (56).wav","emergencysound","train","","True","False","True","wav","1.0","48000","Mono","16","768000","93.79","2025-09-25 17:14:50"
"Crying (133).wav","/C/crying_300aeae2","[""/C/crying_300aeae2""]","crying","[""crying""]","/home/andres/Documentos/proyecto4geeks/data/raw/emergencysound/Crying/Crying (133).wav","emergencysound","test","","True","False","True","wav","1.0","48000","Mono","16","768000","93.79","2025-09-25 17:14:44"
"Crying (4).wav","/C/crying_300aeae2","[""/C/crying_300aeae2""]","crying","[""crying""]","/home/andres/Documentos/proyecto4geeks/data/raw/emergencysound/Crying/Crying (4).wav","emergencysound","test","","True","False","True","wav","1.0","48000","Mono","16","768000","93.79","2025-09-25 17:14:48"
"Crying (46).wav","/C/crying_300aeae2","[""/C/crying_300aeae2""]","crying","[""crying""]","/home/andres/Documentos/proyecto4geeks/data/raw/emergencysound/Crying/Crying (46).wav","emergencysound","train","","True","False","True","wav","1.0","48000","Mono","16","768000","93.79","2025-09-25 17:14:48"
"Crying (314).wav","/C/crying_300aeae2","[""/C/crying_300aeae2""]","crying","[""crying""]","/home/andres/Documentos/proyecto4geeks/data/raw/emergencysound/Crying/Crying (314).wav","emergencysound","train","","True","False","True","wav","1.0","48000","Mono","16","768000","93.79","2025-09-25 17:14:46"
"Crying (9).wav","/C/crying_300aeae2","[""/C/crying_300aeae2""]","crying","[""crying""]","/home/andres/Documentos/proyecto4geeks/data/raw/emergencysound/Crying/Crying (9).wav","emergencysound","train","","True","False","True","wav","1.0","48000","Mono","16","768000","93.79","2025-09-25 17:14:52"
"Crying (267).wav","/C/crying_300aeae2","[""/C/crying_300aeae2""]","crying","[""crying""]","/home/andres/Documentos/proyecto4geeks/data/raw/emergencysound/Crying/Crying (267).wav","emergencysound","train","","True","False","True","wav","1.0","48000","Mono","16","768000","93.79","2025-09-25 17:14:46"
"Crying (14).wav","/C/crying_300aeae2","[""/C/crying_300aeae2""]","crying","[""crying""]","/home/andres/Documentos/proyecto4geeks/data/raw/emergencysound/Crying/Crying (14).wav","emergencysound","train","","True","False","True","wav","1.0","48000","Mono","16","768000","93.79","2025-09-25 17:14:44"
"Crying (323).wav","/C/crying_300aeae2","[""/C/crying_300aeae2""]","crying","[""crying""]","/home/andres/Documentos/proyecto4geeks/data/raw/emergencysound/Crying/Crying (323).wav","emergencysound","train","","True","False","True","wav","1.0","48000","Stereo","16","1536000","187.54","2025-09-25 17:14:46"
"Crying (496).wav","/C/crying_300aeae2","[""/C/crying_300aeae2""]","crying","[""crying""]","/home/andres/Documentos/proyecto4geeks/data/raw/emergencysound/Crying/Crying (496).wav","emergencysound","train","","True","False","True","wav","1.0","48000","Stereo","16","1536000","187.54","2025-09-25 17:14:50"
"Crying (13).wav","/C/crying_300aeae2","[""/C/crying_300aeae2""]","crying","[""crying""]","/home/andres/Documentos/proyecto4geeks/data/raw/emergencysound/Crying/Crying (13).wav","emergencysound","train","","True","False","True","wav","1.0","48000","Mono","16","768000","93.79","2025-09-25 17:14:44"
"Crying (449).wav","/C/crying_300aeae2","[""/C/crying_300aeae2""]","crying","[""crying""]","/home/andres/Documentos/proyecto4geeks/data/raw/emergencysound/Crying/Crying (449).wav","emergencysound","train","","True","False","True","wav","1.0","48000","Stereo","16","1536000","187.54","2025-09-25 17:14:48"
"Crying (301).wav","/C/crying_300aeae2","[""/C/crying_300aeae2""]","crying","[""crying""]","/home/andres/Documentos/proyecto4geeks/data/raw/emergencysound/Crying/Crying (301).wav","emergencysound","train","","True","False","True","wav","1.0","48000","Mono","16","768000","93.79","2025-09-25 17:14:46"
"Crying (290).wav","/C/crying_300aeae2","[""/C/crying_300aeae2""]","crying","[""crying""]","/home/andres/Documentos/proyecto4geeks/data/raw/emergencysound/Crying/Crying (290).wav","emergencysound","train","","True","False","True","wav","1.0","48000","Mono","16","768000","93.79","2025-09-25 17:14:46"
"Crying (587).wav","/C/crying_300aeae2","[""/C/crying_300aeae2""]","crying","[""crying""]","/home/andres/Documentos/proyecto4geeks/data/raw/emergencysound/Crying/Crying (587).wav","emergencysound","train","","True","False","True","wav","1.0","48000","Stereo","16","1536000","187.54","2025-09-25 17:14:50"
"Crying (439).wav","/C/crying_300aeae2","[""/C/crying_300aeae2""]","crying","[""crying""]","/home/andres/Documentos/proyecto4geeks/data/raw/emergencysound/Crying/Crying (439).wav","emergencysound","test","","True","False","True","wav","1.0","48000","Stereo","16","1536000","187.54","2025-09-25 17:14:48"
"Crying (614).wav","/C/crying_300aeae2","[""/C/crying_300aeae2""]","crying","[""crying""]","/home/andres/Documentos/proyecto4geeks/data/raw/emergencysound/Crying/Crying (614).wav","emergencysound","train","","True","False","True","wav","1.0","48000","Stereo","16","1536000","187.54","2025-09-25 17:14:52"
"Crying (531).wav","/C/crying_300aeae2","[""/C/crying_300aeae2""]","crying","[""crying""]","/home/andres/Documentos/proyecto4geeks/data/raw/emergencysound/Crying/Crying (531).wav","emergencysound","train","","True","False","True","wav","1.0","48000","Stereo","16","1536000","187.54","2025-09-25 17:14:50"
"Crying (206).wav","/C/crying_300aeae2","[""/C/crying_300aeae2""]","crying","[""crying""]","/home/andres/Documentos/proyecto4geeks/data/raw/emergencysound/Crying/Crying (206).wav","emergencysound","train","","True","False","True","wav","1.0","48000","Mono","16","768000","93.79","2025-09-25 17:14:46"
"Crying (248).wav","/C/crying_300aeae2","[""/C/crying_300aeae2""]","crying","[""crying""]","/home/andres/Documentos/proyecto4geeks/data/raw/emergencysound/Crying/Crying (248).wav","emergencysound","train","","True","False","True","wav","1.0","48000","Mono","16","768000","93.79","2025-09-25 17:14:46"
"Crying (257).wav","/C/crying_300aeae2","[""/C/crying_300aeae2""]","crying","[""crying""]","/home/andres/Documentos/proyecto4geeks/data/raw/emergencysound/Crying/Crying (257).wav","emergencysound","train","","True","False","True","wav","1.0","48000","Mono","16","768000","93.79","2025-09-25 17:14:46"
"Crying (137).wav","/C/crying_300aeae2","[""/C/crying_300aeae2""]","crying","[""crying""]","/home/andres/Documentos/proyecto4geeks/data/raw/emergencysound/Crying/Crying (137).wav","emergencysound","train","","True","False","True","wav","1.0","48000","Mono","16","768000","93.79","2025-09-25 17:14:44"
"Crying (349).wav","/C/crying_300aeae2","[""/C/crying_300aeae2""]","crying","[""crying""]","/home/andres/Documentos/proyecto4geeks/data/raw/emergencysound/Crying/Crying (349).wav","emergencysound","train","","True","False","True","wav","1.0","48000","Stereo","16","1536000","187.54","2025-09-25 17:14:48"
"Crying (212).wav","/C/crying_300aeae2","[""/C/crying_300aeae2""]","crying","[""crying""]","/home/andres/Documentos/proyecto4geeks/data/raw/emergencysound/Crying/Crying (212).wav","emergencysound","train","","True","False","True","wav","1.0","48000","Mono","16","768000","93.79","2025-09-25 17:14:46"
"Crying (511).wav","/C/crying_300aeae2","[""/C/crying_300aeae2""]","crying","[""crying""]","/home/andres/Documentos/proyecto4geeks/data/raw/emergencysound/Crying/Crying (511).wav","emergencysound","train","","True","False","True","wav","1.0","48000","Stereo","16","1536000","187.54","2025-09-25 17:14:50"
"Crying (540).wav","/C/crying_300aeae2","[""/C/crying_300aeae2""]","crying","[""crying""]","/home/andres/Documentos/proyecto4geeks/data/raw/emergencysound/Crying/Crying (540).wav","emergencysound","train","","True","False","True","wav","1.0","48000","Stereo","16","1536000","187.54","2025-09-25 17:14:50"
"Crying (245).wav","/C/crying_300aeae2","[""/C/crying_300aeae2""]","crying","[""crying""]","/home/andres/Documentos/proyecto4geeks/data/raw/emergencysound/Crying/Crying (245).wav","emergencysound","train","","True","False","True","wav","1.0","48000","Mono","16","768000","93.79","2025-09-25 17:14:46"
"Crying (28).wav","/C/crying_300aeae2","[""/C/crying_300aeae2""]","crying","[""crying""]","/home/andres/Documentos/proyecto4geeks/data/raw/emergencysound/Crying/Crying (28).wav","emergencysound","train","","True","False","True","wav","1.0","48000","Mono","16","768000","93.79","2025-09-25 17:14:46"
"Crying (101).wav","/C/crying_300aeae2","[""/C/crying_300aeae2""]","crying","[""crying""]","/home/andres/Documentos/proyecto4geeks/data/raw/emergencysound/Crying/Crying (101).wav","emergencysound","train","","True","False","True","wav","1.0","48000","Mono","16","768000","93.79","2025-09-25 17:14:44"
"Crying (576).wav","/C/crying_300aeae2","[""/C/crying_300aeae2""]","crying","[""crying""]","/home/andres/Documentos/proyecto4geeks/data/raw/emergencysound/Crying/Crying (576).wav","emergencysound","train","","True","False","True","wav","1.0","48000","Stereo","16","1536000","187.54","2025-09-25 17:14:50"
"Crying (124).wav","/C/crying_300aeae2","[""/C/crying_300aeae2""]","crying","[""crying""]","/home/andres/Documentos/proyecto4geeks/data/raw/emergencysound/Crying/Crying (124).wav","emergencysound","train","","True","False","True","wav","1.0","48000","Mono","16","768000","93.79","2025-09-25 17:14:44"
"Crying (533).wav","/C/crying_300aeae2","[""/C/crying_300aeae2""]","crying","[""crying""]","/home/andres/Documentos/proyecto4geeks/data/raw/emergencysound/Crying/Crying (533).wav","emergencysound","train","","True","False","True","wav","1.0","48000","Stereo","16","1536000","187.54","2025-09-25 17:14:50"
"Crying (379).wav","/C/crying_300aeae2","[""/C/crying_300aeae2""]","crying","[""crying""]","/home/andres/Documentos/proyecto4geeks/data/raw/emergencysound/Crying/Crying (379).wav","emergencysound","train","","True","False","True","wav","1.0","48000","Stereo","16","1536000","187.54","2025-09-25 17:14:48"
"Crying (251).wav","/C/crying_300aeae2","[""/C/crying_300aeae2""]","crying","[""crying""]","/home/andres/Documentos/proyecto4geeks/data/raw/emergencysound/Crying/Crying (251).wav","emergencysound","test","","True","False","True","wav","1.0","48000","Mono","16","768000","93.79","2025-09-25 17:14:46"
"Crying (261).wav","/C/crying_300aeae2","[""/C/crying_300aeae2""]","crying","[""crying""]","/home/andres/Documentos/proyecto4geeks/data/raw/emergencysound/Crying/Crying (261).wav","emergencysound","train","","True","False","True","wav","1.0","48000","Mono","16","768000","93.79","2025-09-25 17:14:46"
"Crying (365).wav","/C/crying_300aeae2","[""/C/crying_300aeae2""]","crying","[""crying""]","/home/andres/Documentos/proyecto4geeks/data/raw/emergencysound/Crying/Crying (365).wav","emergencysound","train","","True","False","True","wav","1.0","48000","Stereo","16","1536000","187.54","2025-09-25 17:14:48"
"Crying (21).wav","/C/crying_300aeae2","[""/C/crying_300aeae2""]","crying","[""crying""]","/home/andres/Documentos/proyecto4geeks/data/raw/emergencysound/Crying/Crying (21).wav","emergencysound","train","","True","False","True","wav","1.0","48000","Mono","16","768000","93.79","2025-09-25 17:14:46"
"Crying (535).wav","/C/crying_300aeae2","[""/C/crying_300aeae2""]","crying","[""crying""]","/home/andres/Documentos/proyecto4geeks/data/raw/emergencysound/Crying/Crying (535).wav","emergencysound","test","","True","False","True","wav","1.0","48000","Stereo","16","1536000","187.54","2025-09-25 17:14:50"
"Crying (128).wav","/C/crying_300aeae2","[""/C/crying_300aeae2""]","crying","[""crying""]","/home/andres/Documentos/proyecto4geeks/data/raw/emergencysound/Crying/Crying (128).wav","emergencysound","train","","True","False","True","wav","1.0","48000","Mono","16","768000","93.79","2025-09-25 17:14:44"
"Crying (572).wav","/C/crying_300aeae2","[""/C/crying_300aeae2""]","crying","[""crying""]","/home/andres/Documentos/proyecto4geeks/data/raw/emergencysound/Crying/Crying (572).wav","emergencysound","test","","True","False","True","wav","1.0","48000","Stereo","16","1536000","187.54","2025-09-25 17:14:50"
"Crying (605).wav","/C/crying_300aeae2","[""/C/crying_300aeae2""]","crying","[""crying""]","/home/andres/Documentos/proyecto4geeks/data/raw/emergencysound/Crying/Crying (605).wav","emergencysound","train","","True","False","True","wav","1.0","48000","Stereo","16","1536000","187.54","2025-09-25 17:14:52"
"Crying (541).wav","/C/crying_300aeae2","[""/C/crying_300aeae2""]","crying","[""crying""]","/home/andres/Documentos/proyecto4geeks/data/raw/emergencysound/Crying/Crying (541).wav","emergencysound","train","","True","False","True","wav","1.0","48000","Stereo","16","1536000","187.54","2025-09-25 17:14:50"
"Crying (364).wav","/C/crying_300aeae2","[""/C/crying_300aeae2""]","crying","[""crying""]","/home/andres/Documentos/proyecto4geeks/data/raw/emergencysound/Crying/Crying (364).wav","emergencysound","train","","True","False","True","wav","1.0","48000","Stereo","16","1536000","187.54","2025-09-25 17:14:48"
"Crying (173).wav","/C/crying_300aeae2","[""/C/crying_300aeae2""]","crying","[""crying""]","/home/andres/Documentos/proyecto4geeks/data/raw/emergencysound/Crying/Crying (173).wav","emergencysound","train","","True","False","True","wav","1.0","48000","Mono","16","768000","93.79","2025-09-25 17:14:46"
"Crying (310).wav","/C/crying_300aeae2","[""/C/crying_300aeae2""]","crying","[""crying""]","/home/andres/Documentos/proyecto4geeks/data/raw/emergencysound/Crying/Crying (310).wav","emergencysound","train","","True","False","True","wav","1.0","48000","Mono","16","768000","93.79","2025-09-25 17:14:46"
"Crying (274).wav","/C/crying_300aeae2","[""/C/crying_300aeae2""]","crying","[""crying""]","/home/andres/Documentos/proyecto4geeks/data/raw/emergencysound/Crying/Crying (274).wav","emergencysound","train","","True","False","True","wav","1.0","48000","Mono","16","768000","93.79","2025-09-25 17:14:46"
"Crying (573).wav","/C/crying_300aeae2","[""/C/crying_300aeae2""]","crying","[""crying""]","/home/andres/Documentos/proyecto4geeks/data/raw/emergencysound/Crying/Crying (573).wav","emergencysound","train","","True","False","True","wav","1.0","48000","Stereo","16","1536000","187.54","2025-09-25 17:14:50"
"Crying (559).wav","/C/crying_300aeae2","[""/C/crying_300aeae2""]","crying","[""crying""]","/home/andres/Documentos/proyecto4geeks/data/raw/emergencysound/Crying/Crying (559).wav","emergencysound","train","","True","False","True","wav","1.0","48000","Stereo","16","1536000","187.54","2025-09-25 17:14:50"
"Crying (460).wav","/C/crying_300aeae2","[""/C/crying_300aeae2""]","crying","[""crying""]","/home/andres/Documentos/proyecto4geeks/data/raw/emergencysound/Crying/Crying (460).wav","emergencysound","train","","True","False","True","wav","1.0","48000","Stereo","16","1536000","187.54","2025-09-25 17:14:48"
"Crying (38).wav","/C/crying_300aeae2","[""/C/crying_300aeae2""]","crying","[""crying""]","/home/andres/Documentos/proyecto4geeks/data/raw/emergencysound/Crying/Crying (38).wav","emergencysound","test","","True","False","True","wav","1.0","48000","Mono","16","768000","93.79","2025-09-25 17:14:48"
"Crying (102).wav","/C/crying_300aeae2","[""/C/crying_300aeae2""]","crying","[""crying""]","/home/andres/Documentos/proyecto4geeks/data/raw/emergencysound/Crying/Crying (102).wav","emergencysound","train","","True","False","True","wav","1.0","48000","Mono","16","768000","93.79","2025-09-25 17:14:44"
"Crying (319).wav","/C/crying_300aeae2","[""/C/crying_300aeae2""]","crying","[""crying""]","/home/andres/Documentos/proyecto4geeks/data/raw/emergencysound/Crying/Crying (319).wav","emergencysound","train","","True","False","True","wav","1.0","48000","Mono","16","768000","93.79","2025-09-25 17:14:46"
"Crying (83).wav","/C/crying_300aeae2","[""/C/crying_300aeae2""]","crying","[""crying""]","/home/andres/Documentos/proyecto4geeks/data/raw/emergencysound/Crying/Crying (83).wav","emergencysound","train","","True","False","True","wav","1.0","48000","Mono","16","768000","93.79","2025-09-25 17:14:52"
"Crying (73).wav","/C/crying_300aeae2","[""/C/crying_300aeae2""]","crying","[""crying""]","/home/andres/Documentos/proyecto4geeks/data/raw/emergencysound/Crying/Crying (73).wav","emergencysound","test","","True","False","True","wav","1.0","48000","Mono","16","768000","93.79","2025-09-25 17:14:52"
"Crying (282).wav","/C/crying_300aeae2","[""/C/crying_300aeae2""]","crying","[""crying""]","/home/andres/Documentos/proyecto4geeks/data/raw/emergencysound/Crying/Crying (282).wav","emergencysound","train","","True","False","True","wav","1.0","48000","Mono","16","768000","93.79","2025-09-25 17:14:46"
"Crying (412).wav","/C/crying_300aeae2","[""/C/crying_300aeae2""]","crying","[""crying""]","/home/andres/Documentos/proyecto4geeks/data/raw/emergencysound/Crying/Crying (412).wav","emergencysound","train","","True","False","True","wav","1.0","48000","Stereo","16","1536000","187.54","2025-09-25 17:14:48"
"Crying (549).wav","/C/crying_300aeae2","[""/C/crying_300aeae2""]","crying","[""crying""]","/home/andres/Documentos/proyecto4geeks/data/raw/emergencysound/Crying/Crying (549).wav","emergencysound","train","","True","False","True","wav","1.0","48000","Stereo","16","1536000","187.54","2025-09-25 17:14:50"
