"audio","label","labels","human_label","human_labels","path","dataset_source","split","env","alertable","emergency","file_exists","audio_format","duration","sample_rate","channels","bit_depth","bit_velocity","size","date_modification"
"3 (1).wav","/C/gun_shot_2778111f","[""/C/gun_shot_2778111f""]","gun_shot","[""gun_shot""]","E:\Proyectos\proyecto4geeks\data\raw\Guns_DS\AK-12\3 (1).wav","Guns_DS","train","indefinida","True","True","True","wav","2.0","44100","Stereo","16","1411200","344.57","2023-04-08 21:36:48"
"3 (10).wav","/C/gun_shot_2778111f","[""/C/gun_shot_2778111f""]","gun_shot","[""gun_shot""]","E:\Proyectos\proyecto4geeks\data\raw\Guns_DS\AK-12\3 (10).wav","Guns_DS","test","indefinida","True","True","True","wav","2.0","44100","Stereo","16","1411200","344.57","2023-04-08 21:36:48"
"3 (11).wav","/C/gun_shot_2778111f","[""/C/gun_shot_2778111f""]","gun_shot","[""gun_shot""]","E:\Proyectos\proyecto4geeks\data\raw\Guns_DS\AK-12\3 (11).wav","Guns_DS","train","indefinida","True","True","True","wav","2.0","44100","Stereo","16","1411200","344.57","2023-04-08 21:36:48"
"3 (12).wav","/C/gun_shot_2778111f","[""/C/gun_shot_2778111f""]","gun_shot","[""gun_shot""]","E:\Proyectos\proyecto4geeks\data\raw\Guns_DS\AK-12\3 (12).wav","Guns_DS","train","indefinida","True","True","True","wav","2.0","44100","Stereo","16","1411200","344.57","2023-04-08 21:36:48"
"3 (13).wav","/C/gun_shot_2778111f","[""/C/gun_shot_2778111f""]","gun_shot","[""gun_shot""]","E:\Proyectos\proyecto4geeks\data\raw\Guns_DS\AK-12\3 (13).wav","Guns_DS","test","indefinida","True","True","True","wav","2.0","44100","Stereo","16","1411200","344.57","2023-04-08 21:36:48"
"3 (14).wav","/C/gun_shot_2778111f","[""/C/gun_shot_2778111f""]","gun_shot","[""gun_shot""]","E:\Proyectos\proyecto4geeks\data\raw\Guns_DS\AK-12\3 (14).wav","Guns_DS","train","indefinida","True","True","True","wav","2.0","44100","Stereo","16","1411200","344.57","2023-04-08 21:36:48"
"3 (15).wav","/C/gun_shot_2778111f","[""/C/gun_shot_2778111f""]","gun_shot","[""gun_shot""]","E:\Proyectos\proyecto4geeks\data\raw\Guns_DS\AK-12\3 (15).wav","Guns_DS","train","indefinida","True","True","True","wav","2.0","44100","Stereo","16","1411200","344.57","2023-04-08 21:36:48"
"3 (16).wav","/C/gun_shot_2778111f","[""/C/gun_shot_2778111f""]","gun_shot","[""gun_shot""]","E:\Proyectos\proyecto4geeks\data\raw\Guns_DS\AK-12\3 (16).wav","Guns_DS","train","indefinida","True","True","True","wav","2.0","44100","Stereo","16","1411200","344.57","2023-04-08 21:36:48"
"3 (17).wav","/C/gun_shot_2778111f","[""/C/gun_shot_2778111f""]","gun_shot","[""gun_shot""]","E:\Proyectos\proyecto4geeks\data\raw\Guns_DS\AK-12\3 (17).wav","Guns_DS","train","indefinida","True","True","True","wav","2.0","44100","Stereo","16","1411200","344.57","2023-04-08 21:36:48"
"3 (18).wav","/C/gun_shot_2778111f","[""/C/gun_shot_2778111f""]","gun_shot","[""gun_shot""]","E:\Proyectos\proyecto4geeks\data\raw\Guns_DS\AK-12\3 (18).wav","Guns_DS","train","indefinida","True","True","True","wav","2.0","44100","Stereo","16","1411200","344.57","2023-04-08 21:36:48"
"3 (19).wav","/C/gun_shot_2778111f","[""/C/gun_shot_2778111f""]","gun_shot","[""gun_shot""]","E:\Proyectos\proyecto4geeks\data\raw\Guns_DS\AK-12\3 (19).wav","Guns_DS","train","indefinida","True","True","True","wav","2.0","44100","Stereo","16","1411200","344.57","2023-04-08 21:36:48"
"3 (2).wav","/C/gun_shot_2778111f","[""/C/gun_shot_2778111f""]","gun_shot","[""gun_shot""]","E:\Proyectos\proyecto4geeks\data\raw\Guns_DS\AK-12\3 (2).wav","Guns_DS","train","indefinida","True","True","True","wav","2.0","44100","Stereo","16","1411200","344.57","2023-04-08 21:36:48"
"3 (20).wav","/C/gun_shot_2778111f","[""/C/gun_shot_2778111f""]","gun_shot","[""gun_shot""]","E:\Proyectos\proyecto4geeks\data\raw\Guns_DS\AK-12\3 (20).wav","Guns_DS","train","indefinida","True","True","True","wav","2.0","44100","Stereo","16","1411200","344.57","2023-04-08 21:36:48"
"3 (21).wav","/C/gun_shot_2778111f","[""/C/gun_shot_2778111f""]","gun_shot","[""gun_shot""]","E:\Proyectos\proyecto4geeks\data\raw\Guns_DS\AK-12\3 (21).wav","Guns_DS","test","indefinida","True","True","True","wav","2.0","44100","Stereo","16","1411200","344.57","2023-04-08 21:36:48"
"3 (22).wav","/C/gun_shot_2778111f","[""/C/gun_shot_2778111f""]","gun_shot","[""gun_shot""]","E:\Proyectos\proyecto4geeks\data\raw\Guns_DS\AK-12\3 (22).wav","Guns_DS","test","indefinida","True","True","True","wav","2.0","44100","Stereo","16","1411200","344.57","2023-04-08 21:36:48"
"3 (23).wav","/C/gun_shot_2778111f","[""/C/gun_shot_2778111f""]","gun_shot","[""gun_shot""]","E:\Proyectos\proyecto4geeks\data\raw\Guns_DS\AK-12\3 (23).wav","Guns_DS","train","indefinida","True","True","True","wav","2.0","44100","Stereo","16","1411200","344.57","2023-04-08 21:36:48"
"3 (24).wav","/C/gun_shot_2778111f","[""/C/gun_shot_2778111f""]","gun_shot","[""gun_shot""]","E:\Proyectos\proyecto4geeks\data\raw\Guns_DS\AK-12\3 (24).wav","Guns_DS","train","indefinida","True","True","True","wav","2.0","44100","Stereo","16","1411200","344.57","2023-04-08 21:36:48"
"3 (25).wav","/C/gun_shot_2778111f","[""/C/gun_shot_2778111f""]","gun_shot","[""gun_shot""]","E:\Proyectos\proyecto4geeks\data\raw\Guns_DS\AK-12\3 (25).wav","Guns_DS","train","indefinida","True","True","True","wav","2.0","44100","Stereo","16","1411200","344.57","2023-04-08 21:36:48"
"3 (26).wav","/C/gun_shot_2778111f","[""/C/gun_shot_2778111f""]","gun_shot","[""gun_shot""]","E:\Proyectos\proyecto4geeks\data\raw\Guns_DS\AK-12\3 (26).wav","Guns_DS","train","indefinida","True","True","True","wav","2.0","44100","Stereo","16","1411200","344.57","2023-04-08 21:36:48"
"3 (27).wav","/C/gun_shot_2778111f","[""/C/gun_shot_2778111f""]","gun_shot","[""gun_shot""]","E:\Proyectos\proyecto4geeks\data\raw\Guns_DS\AK-12\3 (27).wav","Guns_DS","train","indefinida","True","True","True","wav","2.0","44100","Stereo","16","1411200","344.57","2023-04-08 21:36:48"
"3 (28).wav","/C/gun_shot_2778111f","[""/C/gun_shot_2778111f""]","gun_shot","[""gun_shot""]","E:\Proyectos\proyecto4geeks\data\raw\Guns_DS\AK-12\3 (28).wav","Guns_DS","test","indefinida","True","True","True","wav","2.0","44100","Stereo","16","1411200","344.57","2023-04-08 21:36:48"
"3 (29).wav","/C/gun_shot_2778111f","[""/C/gun_shot_2778111f""]","gun_shot","[""gun_shot""]","E:\Proyectos\proyecto4geeks\data\raw\Guns_DS\AK-12\3 (29).wav","Guns_DS","test","indefinida","True","True","True","wav","2.0","44100","Stereo","16","1411200","344.57","2023-04-08 21:36:48"
"3 (3).wav","/C/gun_shot_2778111f","[""/C/gun_shot_2778111f""]","gun_shot","[""gun_shot""]","E:\Proyectos\proyecto4geeks\data\raw\Guns_DS\AK-12\3 (3).wav","Guns_DS","train","indefinida","True","True","True","wav","2.0","44100","Stereo","16","1411200","344.57","2023-04-08 21:36:48"
"3 (30).wav","/C/gun_shot_2778111f","[""/C/gun_shot_2778111f""]","gun_shot","[""gun_shot""]","E:\Proyectos\proyecto4geeks\data\raw\Guns_DS\AK-12\3 (30).wav","Guns_DS","train","indefinida","True","True","True","wav","2.0","44100","Stereo","16","1411200","344.57","2023-04-08 21:36:48"
"3 (31).wav","/C/gun_shot_2778111f","[""/C/gun_shot_2778111f""]","gun_shot","[""gun_shot""]","E:\Proyectos\proyecto4geeks\data\raw\Guns_DS\AK-12\3 (31).wav","Guns_DS","train","indefinida","True","True","True","wav","2.0","44100","Stereo","16","1411200","344.57","2023-04-08 21:36:48"
"3 (32).wav","/C/gun_shot_2778111f","[""/C/gun_shot_2778111f""]","gun_shot","[""gun_shot""]","E:\Proyectos\proyecto4geeks\data\raw\Guns_DS\AK-12\3 (32).wav","Guns_DS","train","indefinida","True","True","True","wav","2.0","44100","Stereo","16","1411200","344.57","2023-04-08 21:36:48"
"3 (33).wav","/C/gun_shot_2778111f","[""/C/gun_shot_2778111f""]","gun_shot","[""gun_shot""]","E:\Proyectos\proyecto4geeks\data\raw\Guns_DS\AK-12\3 (33).wav","Guns_DS","train","indefinida","True","True","True","wav","2.0","44100","Stereo","16","1411200","344.57","2023-04-08 21:36:48"
"3 (34).wav","/C/gun_shot_2778111f","[""/C/gun_shot_2778111f""]","gun_shot","[""gun_shot""]","E:\Proyectos\proyecto4geeks\data\raw\Guns_DS\AK-12\3 (34).wav","Guns_DS","test","indefinida","True","True","True","wav","2.0","44100","Stereo","16","1411200","344.57","2023-04-08 21:36:48"
"3 (35).wav","/C/gun_shot_2778111f","[""/C/gun_shot_2778111f""]","gun_shot","[""gun_shot""]","E:\Proyectos\proyecto4geeks\data\raw\Guns_DS\AK-12\3 (35).wav","Guns_DS","train","indefinida","True","True","True","wav","2.0","44100","Stereo","16","1411200","344.57","2023-04-08 21:36:48"
"3 (36).wav","/C/gun_shot_2778111f","[""/C/gun_shot_2778111f""]","gun_shot","[""gun_shot""]","E:\Proyectos\proyecto4geeks\data\raw\Guns_DS\AK-12\3 (36).wav","Guns_DS","train","indefinida","True","True","True","wav","2.0","44100","Stereo","16","1411200","344.57","2023-04-08 21:36:48"
"3 (37).wav","/C/gun_shot_2778111f","[""/C/gun_shot_2778111f""]","gun_shot","[""gun_shot""]","E:\Proyectos\proyecto4geeks\data\raw\Guns_DS\AK-12\3 (37).wav","Guns_DS","train","indefinida","True","True","True","wav","2.0","44100","Stereo","16","1411200","344.57","2023-04-08 21:36:48"
"3 (38).wav","/C/gun_shot_2778111f","[""/C/gun_shot_2778111f""]","gun_shot","[""gun_shot""]","E:\Proyectos\proyecto4geeks\data\raw\Guns_DS\AK-12\3 (38).wav","Guns_DS","train","indefinida","True","True","True","wav","2.0","44100","Stereo","16","1411200","344.57","2023-04-08 21:36:48"
"3 (39).wav","/C/gun_shot_2778111f","[""/C/gun_shot_2778111f""]","gun_shot","[""gun_shot""]","E:\Proyectos\proyecto4geeks\data\raw\Guns_DS\AK-12\3 (39).wav","Guns_DS","test","indefinida","True","True","True","wav","2.0","44100","Stereo","16","1411200","344.57","2023-04-08 21:36:48"
"3 (4).wav","/C/gun_shot_2778111f","[""/C/gun_shot_2778111f""]","gun_shot","[""gun_shot""]","E:\Proyectos\proyecto4geeks\data\raw\Guns_DS\AK-12\3 (4).wav","Guns_DS","train","indefinida","True","True","True","wav","2.0","44100","Stereo","16","1411200","344.57","2023-04-08 21:36:48"
"3 (40).wav","/C/gun_shot_2778111f","[""/C/gun_shot_2778111f""]","gun_shot","[""gun_shot""]","E:\Proyectos\proyecto4geeks\data\raw\Guns_DS\AK-12\3 (40).wav","Guns_DS","test","indefinida","True","True","True","wav","2.0","44100","Stereo","16","1411200","344.57","2023-04-08 21:36:48"
"3 (41).wav","/C/gun_shot_2778111f","[""/C/gun_shot_2778111f""]","gun_shot","[""gun_shot""]","E:\Proyectos\proyecto4geeks\data\raw\Guns_DS\AK-12\3 (41).wav","Guns_DS","test","indefinida","True","True","True","wav","2.0","44100","Stereo","16","1411200","344.57","2023-04-08 21:36:50"
"3 (42).wav","/C/gun_shot_2778111f","[""/C/gun_shot_2778111f""]","gun_shot","[""gun_shot""]","E:\Proyectos\proyecto4geeks\data\raw\Guns_DS\AK-12\3 (42).wav","Guns_DS","train","indefinida","True","True","True","wav","2.0","44100","Stereo","16","1411200","344.57","2023-04-08 21:36:50"
"3 (43).wav","/C/gun_shot_2778111f","[""/C/gun_shot_2778111f""]","gun_shot","[""gun_shot""]","E:\Proyectos\proyecto4geeks\data\raw\Guns_DS\AK-12\3 (43).wav","Guns_DS","train","indefinida","True","True","True","wav","2.0","44100","Stereo","16","1411200","344.57","2023-04-08 21:36:50"
"3 (44).wav","/C/gun_shot_2778111f","[""/C/gun_shot_2778111f""]","gun_shot","[""gun_shot""]","E:\Proyectos\proyecto4geeks\data\raw\Guns_DS\AK-12\3 (44).wav","Guns_DS","train","indefinida","True","True","True","wav","2.0","44100","Stereo","16","1411200","344.57","2023-04-08 21:36:50"
"3 (45).wav","/C/gun_shot_2778111f","[""/C/gun_shot_2778111f""]","gun_shot","[""gun_shot""]","E:\Proyectos\proyecto4geeks\data\raw\Guns_DS\AK-12\3 (45).wav","Guns_DS","train","indefinida","True","True","True","wav","2.0","44100","Stereo","16","1411200","344.57","2023-04-08 21:36:50"
"3 (46).wav","/C/gun_shot_2778111f","[""/C/gun_shot_2778111f""]","gun_shot","[""gun_shot""]","E:\Proyectos\proyecto4geeks\data\raw\Guns_DS\AK-12\3 (46).wav","Guns_DS","test","indefinida","True","True","True","wav","2.0","44100","Stereo","16","1411200","344.57","2023-04-08 21:36:50"
"3 (47).wav","/C/gun_shot_2778111f","[""/C/gun_shot_2778111f""]","gun_shot","[""gun_shot""]","E:\Proyectos\proyecto4geeks\data\raw\Guns_DS\AK-12\3 (47).wav","Guns_DS","train","indefinida","True","True","True","wav","2.0","44100","Stereo","16","1411200","344.57","2023-04-08 21:36:50"
"3 (48).wav","/C/gun_shot_2778111f","[""/C/gun_shot_2778111f""]","gun_shot","[""gun_shot""]","E:\Proyectos\proyecto4geeks\data\raw\Guns_DS\AK-12\3 (48).wav","Guns_DS","train","indefinida","True","True","True","wav","2.0","44100","Stereo","16","1411200","344.57","2023-04-08 21:36:50"
"3 (49).wav","/C/gun_shot_2778111f","[""/C/gun_shot_2778111f""]","gun_shot","[""gun_shot""]","E:\Proyectos\proyecto4geeks\data\raw\Guns_DS\AK-12\3 (49).wav","Guns_DS","train","indefinida","True","True","True","wav","2.0","44100","Stereo","16","1411200","344.57","2023-04-08 21:36:50"
"3 (5).wav","/C/gun_shot_2778111f","[""/C/gun_shot_2778111f""]","gun_shot","[""gun_shot""]","E:\Proyectos\proyecto4geeks\data\raw\Guns_DS\AK-12\3 (5).wav","Guns_DS","train","indefinida","True","True","True","wav","2.0","44100","Stereo","16","1411200","344.57","2023-04-08 21:36:50"
"3 (50).wav","/C/gun_shot_2778111f","[""/C/gun_shot_2778111f""]","gun_shot","[""gun_shot""]","E:\Proyectos\proyecto4geeks\data\raw\Guns_DS\AK-12\3 (50).wav","Guns_DS","train","indefinida","True","True","True","wav","2.0","44100","Stereo","16","1411200","344.57","2023-04-08 21:36:50"
"3 (51).wav","/C/gun_shot_2778111f","[""/C/gun_shot_2778111f""]","gun_shot","[""gun_shot""]","E:\Proyectos\proyecto4geeks\data\raw\Guns_DS\AK-12\3 (51).wav","Guns_DS","train","indefinida","True","True","True","wav","2.0","44100","Stereo","16","1411200","344.57","2023-04-08 21:36:50"
"3 (52).wav","/C/gun_shot_2778111f","[""/C/gun_shot_2778111f""]","gun_shot","[""gun_shot""]","E:\Proyectos\proyecto4geeks\data\raw\Guns_DS\AK-12\3 (52).wav","Guns_DS","test","indefinida","True","True","True","wav","2.0","44100","Stereo","16","1411200","344.57","2023-04-08 21:36:50"
"3 (53).wav","/C/gun_shot_2778111f","[""/C/gun_shot_2778111f""]","gun_shot","[""gun_shot""]","E:\Proyectos\proyecto4geeks\data\raw\Guns_DS\AK-12\3 (53).wav","Guns_DS","train","indefinida","True","True","True","wav","2.0","44100","Stereo","16","1411200","344.57","2023-04-08 21:36:50"
"3 (54).wav","/C/gun_shot_2778111f","[""/C/gun_shot_2778111f""]","gun_shot","[""gun_shot""]","E:\Proyectos\proyecto4geeks\data\raw\Guns_DS\AK-12\3 (54).wav","Guns_DS","train","indefinida","True","True","True","wav","2.0","44100","Stereo","16","1411200","344.57","2023-04-08 21:36:50"
"3 (55).wav","/C/gun_shot_2778111f","[""/C/gun_shot_2778111f""]","gun_shot","[""gun_shot""]","E:\Proyectos\proyecto4geeks\data\raw\Guns_DS\AK-12\3 (55).wav","Guns_DS","train","indefinida","True","True","True","wav","2.0","44100","Stereo","16","1411200","344.57","2023-04-08 21:36:50"
"3 (56).wav","/C/gun_shot_2778111f","[""/C/gun_shot_2778111f""]","gun_shot","[""gun_shot""]","E:\Proyectos\proyecto4geeks\data\raw\Guns_DS\AK-12\3 (56).wav","Guns_DS","train","indefinida","True","True","True","wav","2.0","44100","Stereo","16","1411200","344.57","2023-04-08 21:36:50"
"3 (57).wav","/C/gun_shot_2778111f","[""/C/gun_shot_2778111f""]","gun_shot","[""gun_shot""]","E:\Proyectos\proyecto4geeks\data\raw\Guns_DS\AK-12\3 (57).wav","Guns_DS","test","indefinida","True","True","True","wav","360.0","44100","Stereo","16","1411200","62015.67","2023-04-08 21:36:50"
"3 (58).wav","/C/gun_shot_2778111f","[""/C/gun_shot_2778111f""]","gun_shot","[""gun_shot""]","E:\Proyectos\proyecto4geeks\data\raw\Guns_DS\AK-12\3 (58).wav","Guns_DS","train","indefinida","True","True","True","wav","2.0","44100","Stereo","16","1411200","344.57","2023-04-08 21:36:56"
"3 (59).wav","/C/gun_shot_2778111f","[""/C/gun_shot_2778111f""]","gun_shot","[""gun_shot""]","E:\Proyectos\proyecto4geeks\data\raw\Guns_DS\AK-12\3 (59).wav","Guns_DS","train","indefinida","True","True","True","wav","2.0","44100","Stereo","16","1411200","344.57","2023-04-08 21:36:56"
"3 (6).wav","/C/gun_shot_2778111f","[""/C/gun_shot_2778111f""]","gun_shot","[""gun_shot""]","E:\Proyectos\proyecto4geeks\data\raw\Guns_DS\AK-12\3 (6).wav","Guns_DS","train","indefinida","True","True","True","wav","2.0","44100","Stereo","16","1411200","344.57","2023-04-08 21:36:56"
"3 (60).wav","/C/gun_shot_2778111f","[""/C/gun_shot_2778111f""]","gun_shot","[""gun_shot""]","E:\Proyectos\proyecto4geeks\data\raw\Guns_DS\AK-12\3 (60).wav","Guns_DS","train","indefinida","True","True","True","wav","2.0","44100","Stereo","16","1411200","344.57","2023-04-08 21:36:56"
"3 (61).wav","/C/gun_shot_2778111f","[""/C/gun_shot_2778111f""]","gun_shot","[""gun_shot""]","E:\Proyectos\proyecto4geeks\data\raw\Guns_DS\AK-12\3 (61).wav","Guns_DS","train","indefinida","True","True","True","wav","2.0","44100","Stereo","16","1411200","344.57","2023-04-08 21:36:56"
"3 (62).wav","/C/gun_shot_2778111f","[""/C/gun_shot_2778111f""]","gun_shot","[""gun_shot""]","E:\Proyectos\proyecto4geeks\data\raw\Guns_DS\AK-12\3 (62).wav","Guns_DS","test","indefinida","True","True","True","wav","2.0","44100","Stereo","16","1411200","344.57","2023-04-08 21:36:56"
"3 (63).wav","/C/gun_shot_2778111f","[""/C/gun_shot_2778111f""]","gun_shot","[""gun_shot""]","E:\Proyectos\proyecto4geeks\data\raw\Guns_DS\AK-12\3 (63).wav","Guns_DS","train","indefinida","True","True","True","wav","2.0","44100","Stereo","16","1411200","344.57","2023-04-08 21:36:56"
"3 (64).wav","/C/gun_shot_2778111f","[""/C/gun_shot_2778111f""]","gun_shot","[""gun_shot""]","E:\Proyectos\proyecto4geeks\data\raw\Guns_DS\AK-12\3 (64).wav","Guns_DS","train","indefinida","True","True","True","wav","2.0","44100","Stereo","16","1411200","344.57","2023-04-08 21:36:56"
"3 (65).wav","/C/gun_shot_2778111f","[""/C/gun_shot_2778111f""]","gun_shot","[""gun_shot""]","E:\Proyectos\proyecto4geeks\data\raw\Guns_DS\AK-12\3 (65).wav","Guns_DS","train","indefinida","True","True","True","wav","2.0","44100","Stereo","16","1411200","344.57","2023-04-08 21:36:56"
"3 (66).wav","/C/gun_shot_2778111f","[""/C/gun_shot_2778111f""]","gun_shot","[""gun_shot""]","E:\Proyectos\proyecto4geeks\data\raw\Guns_DS\AK-12\3 (66).wav","Guns_DS","test","indefinida","True","True","True","wav","2.0","44100","Stereo","16","1411200","344.57","2023-04-08 21:36:56"
"3 (67).wav","/C/gun_shot_2778111f","[""/C/gun_shot_2778111f""]","gun_shot","[""gun_shot""]","E:\Proyectos\proyecto4geeks\data\raw\Guns_DS\AK-12\3 (67).wav","Guns_DS","train","indefinida","True","True","True","wav","2.0","44100","Stereo","16","1411200","344.57","2023-04-08 21:36:56"
"3 (68).wav","/C/gun_shot_2778111f","[""/C/gun_shot_2778111f""]","gun_shot","[""gun_shot""]","E:\Proyectos\proyecto4geeks\data\raw\Guns_DS\AK-12\3 (68).wav","Guns_DS","test","indefinida","True","True","True","wav","2.0","44100","Stereo","16","1411200","344.57","2023-04-08 21:36:56"
"3 (69).wav","/C/gun_shot_2778111f","[""/C/gun_shot_2778111f""]","gun_shot","[""gun_shot""]","E:\Proyectos\proyecto4geeks\data\raw\Guns_DS\AK-12\3 (69).wav","Guns_DS","train","indefinida","True","True","True","wav","1.0","44100","Stereo","16","1411200","172.31","2023-04-08 21:36:56"
"3 (7).wav","/C/gun_shot_2778111f","[""/C/gun_shot_2778111f""]","gun_shot","[""gun_shot""]","E:\Proyectos\proyecto4geeks\data\raw\Guns_DS\AK-12\3 (7).wav","Guns_DS","train","indefinida","True","True","True","wav","2.0","44100","Stereo","16","1411200","344.57","2023-04-08 21:36:56"
"3 (70).wav","/C/gun_shot_2778111f","[""/C/gun_shot_2778111f""]","gun_shot","[""gun_shot""]","E:\Proyectos\proyecto4geeks\data\raw\Guns_DS\AK-12\3 (70).wav","Guns_DS","train","indefinida","True","True","True","wav","1.0","44100","Stereo","16","1411200","172.31","2023-04-08 21:36:56"
"3 (71).wav","/C/gun_shot_2778111f","[""/C/gun_shot_2778111f""]","gun_shot","[""gun_shot""]","E:\Proyectos\proyecto4geeks\data\raw\Guns_DS\AK-12\3 (71).wav","Guns_DS","train","indefinida","True","True","True","wav","1.0","44100","Stereo","16","1411200","172.31","2023-04-08 21:36:56"
"3 (72).wav","/C/gun_shot_2778111f","[""/C/gun_shot_2778111f""]","gun_shot","[""gun_shot""]","E:\Proyectos\proyecto4geeks\data\raw\Guns_DS\AK-12\3 (72).wav","Guns_DS","train","indefinida","True","True","True","wav","320.0","44100","Stereo","16","1411200","55125.04","2023-04-08 21:36:56"
"3 (73).wav","/C/gun_shot_2778111f","[""/C/gun_shot_2778111f""]","gun_shot","[""gun_shot""]","E:\Proyectos\proyecto4geeks\data\raw\Guns_DS\AK-12\3 (73).wav","Guns_DS","train","indefinida","True","True","True","wav","1.0","44100","Stereo","16","1411200","172.31","2023-04-08 21:37:00"
"3 (74).wav","/C/gun_shot_2778111f","[""/C/gun_shot_2778111f""]","gun_shot","[""gun_shot""]","E:\Proyectos\proyecto4geeks\data\raw\Guns_DS\AK-12\3 (74).wav","Guns_DS","test","indefinida","True","True","True","wav","1.0","44100","Stereo","16","1411200","172.31","2023-04-08 21:37:00"
"3 (75).wav","/C/gun_shot_2778111f","[""/C/gun_shot_2778111f""]","gun_shot","[""gun_shot""]","E:\Proyectos\proyecto4geeks\data\raw\Guns_DS\AK-12\3 (75).wav","Guns_DS","train","indefinida","True","True","True","wav","1.0","44100","Stereo","16","1411200","172.31","2023-04-08 21:37:00"
"3 (76).wav","/C/gun_shot_2778111f","[""/C/gun_shot_2778111f""]","gun_shot","[""gun_shot""]","E:\Proyectos\proyecto4geeks\data\raw\Guns_DS\AK-12\3 (76).wav","Guns_DS","train","indefinida","True","True","True","wav","1.0","44100","Stereo","16","1411200","172.31","2023-04-08 21:37:00"
"3 (77).wav","/C/gun_shot_2778111f","[""/C/gun_shot_2778111f""]","gun_shot","[""gun_shot""]","E:\Proyectos\proyecto4geeks\data\raw\Guns_DS\AK-12\3 (77).wav","Guns_DS","train","indefinida","True","True","True","wav","1.0","44100","Stereo","16","1411200","172.31","2023-04-08 21:37:00"
"3 (78).wav","/C/gun_shot_2778111f","[""/C/gun_shot_2778111f""]","gun_shot","[""gun_shot""]","E:\Proyectos\proyecto4geeks\data\raw\Guns_DS\AK-12\3 (78).wav","Guns_DS","train","indefinida","True","True","True","wav","1.0","44100","Stereo","16","1411200","172.31","2023-04-08 21:37:00"
"3 (79).wav","/C/gun_shot_2778111f","[""/C/gun_shot_2778111f""]","gun_shot","[""gun_shot""]","E:\Proyectos\proyecto4geeks\data\raw\Guns_DS\AK-12\3 (79).wav","Guns_DS","train","indefinida","True","True","True","wav","1.0","44100","Stereo","16","1411200","172.31","2023-04-08 21:37:00"
"3 (8).wav","/C/gun_shot_2778111f","[""/C/gun_shot_2778111f""]","gun_shot","[""gun_shot""]","E:\Proyectos\proyecto4geeks\data\raw\Guns_DS\AK-12\3 (8).wav","Guns_DS","train","indefinida","True","True","True","wav","2.0","44100","Stereo","16","1411200","344.57","2023-04-08 21:37:00"
"3 (80).wav","/C/gun_shot_2778111f","[""/C/gun_shot_2778111f""]","gun_shot","[""gun_shot""]","E:\Proyectos\proyecto4geeks\data\raw\Guns_DS\AK-12\3 (80).wav","Guns_DS","train","indefinida","True","True","True","wav","1.0","44100","Stereo","16","1411200","172.31","2023-04-08 21:37:00"
"3 (81).wav","/C/gun_shot_2778111f","[""/C/gun_shot_2778111f""]","gun_shot","[""gun_shot""]","E:\Proyectos\proyecto4geeks\data\raw\Guns_DS\AK-12\3 (81).wav","Guns_DS","train","indefinida","True","True","True","wav","1.0","44100","Stereo","16","1411200","172.31","2023-04-08 21:37:00"
"3 (82).wav","/C/gun_shot_2778111f","[""/C/gun_shot_2778111f""]","gun_shot","[""gun_shot""]","E:\Proyectos\proyecto4geeks\data\raw\Guns_DS\AK-12\3 (82).wav","Guns_DS","test","indefinida","True","True","True","wav","1.0","44100","Stereo","16","1411200","172.31","2023-04-08 21:37:00"
"3 (83).wav","/C/gun_shot_2778111f","[""/C/gun_shot_2778111f""]","gun_shot","[""gun_shot""]","E:\Proyectos\proyecto4geeks\data\raw\Guns_DS\AK-12\3 (83).wav","Guns_DS","train","indefinida","True","True","True","wav","1.0","44100","Stereo","16","1411200","172.31","2023-04-08 21:37:00"
"3 (84).wav","/C/gun_shot_2778111f","[""/C/gun_shot_2778111f""]","gun_shot","[""gun_shot""]","E:\Proyectos\proyecto4geeks\data\raw\Guns_DS\AK-12\3 (84).wav","Guns_DS","train","indefinida","True","True","True","wav","1.0","44100","Stereo","16","1411200","172.31","2023-04-08 21:37:00"
"3 (85).wav","/C/gun_shot_2778111f","[""/C/gun_shot_2778111f""]","gun_shot","[""gun_shot""]","E:\Proyectos\proyecto4geeks\data\raw\Guns_DS\AK-12\3 (85).wav","Guns_DS","train","indefinida","True","True","True","wav","1.0","44100","Stereo","16","1411200","172.31","2023-04-08 21:37:00"
"3 (86).wav","/C/gun_shot_2778111f","[""/C/gun_shot_2778111f""]","gun_shot","[""gun_shot""]","E:\Proyectos\proyecto4geeks\data\raw\Guns_DS\AK-12\3 (86).wav","Guns_DS","train","indefinida","True","True","True","wav","1.0","44100","Stereo","16","1411200","172.31","2023-04-08 21:37:00"
"3 (87).wav","/C/gun_shot_2778111f","[""/C/gun_shot_2778111f""]","gun_shot","[""gun_shot""]","E:\Proyectos\proyecto4geeks\data\raw\Guns_DS\AK-12\3 (87).wav","Guns_DS","test","indefinida","True","True","True","wav","1.0","44100","Stereo","16","1411200","172.31","2023-04-08 21:37:00"
"3 (88).wav","/C/gun_shot_2778111f","[""/C/gun_shot_2778111f""]","gun_shot","[""gun_shot""]","E:\Proyectos\proyecto4geeks\data\raw\Guns_DS\AK-12\3 (88).wav","Guns_DS","train","indefinida","True","True","True","wav","1.0","44100","Stereo","16","1411200","172.31","2023-04-08 21:37:00"
"3 (89).wav","/C/gun_shot_2778111f","[""/C/gun_shot_2778111f""]","gun_shot","[""gun_shot""]","E:\Proyectos\proyecto4geeks\data\raw\Guns_DS\AK-12\3 (89).wav","Guns_DS","test","indefinida","True","True","True","wav","305.0","44100","Stereo","16","1411200","52541.06","2023-04-08 21:37:00"
"3 (9).wav","/C/gun_shot_2778111f","[""/C/gun_shot_2778111f""]","gun_shot","[""gun_shot""]","E:\Proyectos\proyecto4geeks\data\raw\Guns_DS\AK-12\3 (9).wav","Guns_DS","train","indefinida","True","True","True","wav","2.0","44100","Stereo","16","1411200","344.57","2023-04-08 21:37:06"
"3 (90).wav","/C/gun_shot_2778111f","[""/C/gun_shot_2778111f""]","gun_shot","[""gun_shot""]","E:\Proyectos\proyecto4geeks\data\raw\Guns_DS\AK-12\3 (90).wav","Guns_DS","train","indefinida","True","True","True","wav","1.0","44100","Stereo","16","1411200","172.31","2023-04-08 21:37:06"
"3 (91).wav","/C/gun_shot_2778111f","[""/C/gun_shot_2778111f""]","gun_shot","[""gun_shot""]","E:\Proyectos\proyecto4geeks\data\raw\Guns_DS\AK-12\3 (91).wav","Guns_DS","train","indefinida","True","True","True","wav","1.0","44100","Stereo","16","1411200","172.31","2023-04-08 21:37:06"
"3 (92).wav","/C/gun_shot_2778111f","[""/C/gun_shot_2778111f""]","gun_shot","[""gun_shot""]","E:\Proyectos\proyecto4geeks\data\raw\Guns_DS\AK-12\3 (92).wav","Guns_DS","test","indefinida","True","True","True","wav","1.0","44100","Stereo","16","1411200","172.31","2023-04-08 21:37:06"
"3 (93).wav","/C/gun_shot_2778111f","[""/C/gun_shot_2778111f""]","gun_shot","[""gun_shot""]","E:\Proyectos\proyecto4geeks\data\raw\Guns_DS\AK-12\3 (93).wav","Guns_DS","train","indefinida","True","True","True","wav","1.0","44100","Stereo","16","1411200","172.31","2023-04-08 21:37:06"
"3 (94).wav","/C/gun_shot_2778111f","[""/C/gun_shot_2778111f""]","gun_shot","[""gun_shot""]","E:\Proyectos\proyecto4geeks\data\raw\Guns_DS\AK-12\3 (94).wav","Guns_DS","train","indefinida","True","True","True","wav","1.0","44100","Stereo","16","1411200","172.31","2023-04-08 21:37:06"
"3 (95).wav","/C/gun_shot_2778111f","[""/C/gun_shot_2778111f""]","gun_shot","[""gun_shot""]","E:\Proyectos\proyecto4geeks\data\raw\Guns_DS\AK-12\3 (95).wav","Guns_DS","train","indefinida","True","True","True","wav","1.0","44100","Stereo","16","1411200","172.31","2023-04-08 21:37:06"
"3 (96).wav","/C/gun_shot_2778111f","[""/C/gun_shot_2778111f""]","gun_shot","[""gun_shot""]","E:\Proyectos\proyecto4geeks\data\raw\Guns_DS\AK-12\3 (96).wav","Guns_DS","test","indefinida","True","True","True","wav","1.0","44100","Stereo","16","1411200","172.31","2023-04-08 21:37:06"
"3 (97).wav","/C/gun_shot_2778111f","[""/C/gun_shot_2778111f""]","gun_shot","[""gun_shot""]","E:\Proyectos\proyecto4geeks\data\raw\Guns_DS\AK-12\3 (97).wav","Guns_DS","train","indefinida","True","True","True","wav","1.0","44100","Stereo","16","1411200","172.31","2023-04-08 21:37:06"
"3 (98).wav","/C/gun_shot_2778111f","[""/C/gun_shot_2778111f""]","gun_shot","[""gun_shot""]","E:\Proyectos\proyecto4geeks\data\raw\Guns_DS\AK-12\3 (98).wav","Guns_DS","train","indefinida","True","True","True","wav","1.0","44100","Stereo","16","1411200","172.31","2023-04-08 21:37:06"
"1 (1).wav","/C/gun_shot_2778111f","[""/C/gun_shot_2778111f""]","gun_shot","[""gun_shot""]","E:\Proyectos\proyecto4geeks\data\raw\Guns_DS\AK-47\1 (1).wav","Guns_DS","test","indefinida","True","True","True","wav","3.0","48000","Stereo","16","1536000","562.94","2023-04-08 21:37:06"
"1 (10).wav","/C/gun_shot_2778111f","[""/C/gun_shot_2778111f""]","gun_shot","[""gun_shot""]","E:\Proyectos\proyecto4geeks\data\raw\Guns_DS\AK-47\1 (10).wav","Guns_DS","test","indefinida","True","True","True","wav","2.0","48000","Stereo","16","1536000","375.44","2023-04-08 21:37:06"
"1 (11).wav","/C/gun_shot_2778111f","[""/C/gun_shot_2778111f""]","gun_shot","[""gun_shot""]","E:\Proyectos\proyecto4geeks\data\raw\Guns_DS\AK-47\1 (11).wav","Guns_DS","train","indefinida","True","True","True","wav","2.0","48000","Stereo","16","1536000","375.44","2023-04-08 21:37:06"
"1 (12).wav","/C/gun_shot_2778111f","[""/C/gun_shot_2778111f""]","gun_shot","[""gun_shot""]","E:\Proyectos\proyecto4geeks\data\raw\Guns_DS\AK-47\1 (12).wav","Guns_DS","train","indefinida","True","True","True","wav","2.0","48000","Stereo","16","1536000","375.44","2023-04-08 21:37:06"
"1 (13).wav","/C/gun_shot_2778111f","[""/C/gun_shot_2778111f""]","gun_shot","[""gun_shot""]","E:\Proyectos\proyecto4geeks\data\raw\Guns_DS\AK-47\1 (13).wav","Guns_DS","test","indefinida","True","True","True","wav","2.0","48000","Stereo","16","1536000","375.44","2023-04-08 21:37:06"
"1 (14).wav","/C/gun_shot_2778111f","[""/C/gun_shot_2778111f""]","gun_shot","[""gun_shot""]","E:\Proyectos\proyecto4geeks\data\raw\Guns_DS\AK-47\1 (14).wav","Guns_DS","train","indefinida","True","True","True","wav","2.0","48000","Stereo","16","1536000","375.44","2023-04-08 21:37:06"
"1 (15).wav","/C/gun_shot_2778111f","[""/C/gun_shot_2778111f""]","gun_shot","[""gun_shot""]","E:\Proyectos\proyecto4geeks\data\raw\Guns_DS\AK-47\1 (15).wav","Guns_DS","train","indefinida","True","True","True","wav","2.0","48000","Stereo","16","1536000","375.44","2023-04-08 21:37:06"
"1 (16).wav","/C/gun_shot_2778111f","[""/C/gun_shot_2778111f""]","gun_shot","[""gun_shot""]","E:\Proyectos\proyecto4geeks\data\raw\Guns_DS\AK-47\1 (16).wav","Guns_DS","test","indefinida","True","True","True","wav","2.0","48000","Stereo","16","1536000","375.37","2023-04-08 21:37:06"
"1 (17).wav","/C/gun_shot_2778111f","[""/C/gun_shot_2778111f""]","gun_shot","[""gun_shot""]","E:\Proyectos\proyecto4geeks\data\raw\Guns_DS\AK-47\1 (17).wav","Guns_DS","test","indefinida","True","True","True","wav","2.0","48000","Stereo","16","1536000","375.37","2023-04-08 21:37:06"
"1 (18).wav","/C/gun_shot_2778111f","[""/C/gun_shot_2778111f""]","gun_shot","[""gun_shot""]","E:\Proyectos\proyecto4geeks\data\raw\Guns_DS\AK-47\1 (18).wav","Guns_DS","train","indefinida","True","True","True","wav","2.0","48000","Stereo","16","1536000","375.37","2023-04-08 21:37:06"
"1 (19).wav","/C/gun_shot_2778111f","[""/C/gun_shot_2778111f""]","gun_shot","[""gun_shot""]","E:\Proyectos\proyecto4geeks\data\raw\Guns_DS\AK-47\1 (19).wav","Guns_DS","train","indefinida","True","True","True","wav","2.0","48000","Stereo","16","1536000","375.37","2023-04-08 21:37:06"
"1 (2).wav","/C/gun_shot_2778111f","[""/C/gun_shot_2778111f""]","gun_shot","[""gun_shot""]","E:\Proyectos\proyecto4geeks\data\raw\Guns_DS\AK-47\1 (2).wav","Guns_DS","train","indefinida","True","True","True","wav","4.0","48000","Stereo","16","1536000","750.44","2023-04-08 21:37:06"
"1 (20).wav","/C/gun_shot_2778111f","[""/C/gun_shot_2778111f""]","gun_shot","[""gun_shot""]","E:\Proyectos\proyecto4geeks\data\raw\Guns_DS\AK-47\1 (20).wav","Guns_DS","train","indefinida","True","True","True","wav","2.0","48000","Stereo","16","1536000","375.37","2023-04-08 21:37:06"
"1 (21).wav","/C/gun_shot_2778111f","[""/C/gun_shot_2778111f""]","gun_shot","[""gun_shot""]","E:\Proyectos\proyecto4geeks\data\raw\Guns_DS\AK-47\1 (21).wav","Guns_DS","train","indefinida","True","True","True","wav","2.0","48000","Stereo","16","1536000","375.37","2023-04-08 21:37:06"
"1 (22).wav","/C/gun_shot_2778111f","[""/C/gun_shot_2778111f""]","gun_shot","[""gun_shot""]","E:\Proyectos\proyecto4geeks\data\raw\Guns_DS\AK-47\1 (22).wav","Guns_DS","train","indefinida","True","True","True","wav","2.0","48000","Stereo","16","1536000","375.37","2023-04-08 21:37:06"
"1 (23).wav","/C/gun_shot_2778111f","[""/C/gun_shot_2778111f""]","gun_shot","[""gun_shot""]","E:\Proyectos\proyecto4geeks\data\raw\Guns_DS\AK-47\1 (23).wav","Guns_DS","train","indefinida","True","True","True","wav","2.0","48000","Stereo","16","1536000","375.37","2023-04-08 21:37:06"
"1 (24).wav","/C/gun_shot_2778111f","[""/C/gun_shot_2778111f""]","gun_shot","[""gun_shot""]","E:\Proyectos\proyecto4geeks\data\raw\Guns_DS\AK-47\1 (24).wav","Guns_DS","train","indefinida","True","True","True","wav","2.0","48000","Stereo","16","1536000","375.37","2023-04-08 21:37:06"
"1 (25).wav","/C/gun_shot_2778111f","[""/C/gun_shot_2778111f""]","gun_shot","[""gun_shot""]","E:\Proyectos\proyecto4geeks\data\raw\Guns_DS\AK-47\1 (25).wav","Guns_DS","train","indefinida","True","True","True","wav","2.0","48000","Stereo","16","1536000","375.37","2023-04-08 21:37:06"
"1 (26).wav","/C/gun_shot_2778111f","[""/C/gun_shot_2778111f""]","gun_shot","[""gun_shot""]","E:\Proyectos\proyecto4geeks\data\raw\Guns_DS\AK-47\1 (26).wav","Guns_DS","train","indefinida","True","True","True","wav","2.0","48000","Stereo","16","1536000","375.37","2023-04-08 21:37:06"
"1 (27).wav","/C/gun_shot_2778111f","[""/C/gun_shot_2778111f""]","gun_shot","[""gun_shot""]","E:\Proyectos\proyecto4geeks\data\raw\Guns_DS\AK-47\1 (27).wav","Guns_DS","train","indefinida","True","True","True","wav","2.0","48000","Stereo","16","1536000","375.37","2023-04-08 21:37:06"
"1 (28).wav","/C/gun_shot_2778111f","[""/C/gun_shot_2778111f""]","gun_shot","[""gun_shot""]","E:\Proyectos\proyecto4geeks\data\raw\Guns_DS\AK-47\1 (28).wav","Guns_DS","train","indefinida","True","True","True","wav","2.0","48000","Stereo","16","1536000","375.37","2023-04-08 21:37:06"
"1 (29).wav","/C/gun_shot_2778111f","[""/C/gun_shot_2778111f""]","gun_shot","[""gun_shot""]","E:\Proyectos\proyecto4geeks\data\raw\Guns_DS\AK-47\1 (29).wav","Guns_DS","train","indefinida","True","True","True","wav","2.0","48000","Stereo","16","1536000","375.37","2023-04-08 21:37:06"
"1 (3).wav","/C/gun_shot_2778111f","[""/C/gun_shot_2778111f""]","gun_shot","[""gun_shot""]","E:\Proyectos\proyecto4geeks\data\raw\Guns_DS\AK-47\1 (3).wav","Guns_DS","train","indefinida","True","True","True","wav","2.0","48000","Stereo","16","1536000","375.44","2023-04-08 21:37:06"
"1 (30).wav","/C/gun_shot_2778111f","[""/C/gun_shot_2778111f""]","gun_shot","[""gun_shot""]","E:\Proyectos\proyecto4geeks\data\raw\Guns_DS\AK-47\1 (30).wav","Guns_DS","test","indefinida","True","True","True","wav","2.0","48000","Stereo","16","1536000","375.37","2023-04-08 21:37:06"
"1 (31).wav","/C/gun_shot_2778111f","[""/C/gun_shot_2778111f""]","gun_shot","[""gun_shot""]","E:\Proyectos\proyecto4geeks\data\raw\Guns_DS\AK-47\1 (31).wav","Guns_DS","train","indefinida","True","True","True","wav","2.0","48000","Stereo","16","1536000","375.37","2023-04-08 21:37:06"
"1 (32).wav","/C/gun_shot_2778111f","[""/C/gun_shot_2778111f""]","gun_shot","[""gun_shot""]","E:\Proyectos\proyecto4geeks\data\raw\Guns_DS\AK-47\1 (32).wav","Guns_DS","train","indefinida","True","True","True","wav","2.0","48000","Stereo","16","1536000","375.37","2023-04-08 21:37:06"
"1 (33).wav","/C/gun_shot_2778111f","[""/C/gun_shot_2778111f""]","gun_shot","[""gun_shot""]","E:\Proyectos\proyecto4geeks\data\raw\Guns_DS\AK-47\1 (33).wav","Guns_DS","train","indefinida","True","True","True","wav","2.0","48000","Stereo","16","1536000","375.37","2023-04-08 21:37:06"
"1 (34).wav","/C/gun_shot_2778111f","[""/C/gun_shot_2778111f""]","gun_shot","[""gun_shot""]","E:\Proyectos\proyecto4geeks\data\raw\Guns_DS\AK-47\1 (34).wav","Guns_DS","train","indefinida","True","True","True","wav","2.0","48000","Stereo","16","1536000","375.37","2023-04-08 21:37:06"
"1 (35).wav","/C/gun_shot_2778111f","[""/C/gun_shot_2778111f""]","gun_shot","[""gun_shot""]","E:\Proyectos\proyecto4geeks\data\raw\Guns_DS\AK-47\1 (35).wav","Guns_DS","train","indefinida","True","True","True","wav","2.0","48000","Stereo","16","1536000","375.37","2023-04-08 21:37:06"
"1 (36).wav","/C/gun_shot_2778111f","[""/C/gun_shot_2778111f""]","gun_shot","[""gun_shot""]","E:\Proyectos\proyecto4geeks\data\raw\Guns_DS\AK-47\1 (36).wav","Guns_DS","train","indefinida","True","True","True","wav","2.0","48000","Stereo","16","1536000","375.37","2023-04-08 21:37:06"
"1 (37).wav","/C/gun_shot_2778111f","[""/C/gun_shot_2778111f""]","gun_shot","[""gun_shot""]","E:\Proyectos\proyecto4geeks\data\raw\Guns_DS\AK-47\1 (37).wav","Guns_DS","test","indefinida","True","True","True","wav","2.0","48000","Stereo","16","1536000","375.37","2023-04-08 21:37:06"
"1 (38).wav","/C/gun_shot_2778111f","[""/C/gun_shot_2778111f""]","gun_shot","[""gun_shot""]","E:\Proyectos\proyecto4geeks\data\raw\Guns_DS\AK-47\1 (38).wav","Guns_DS","train","indefinida","True","True","True","wav","2.0","48000","Stereo","16","1536000","375.37","2023-04-08 21:37:06"
"1 (39).wav","/C/gun_shot_2778111f","[""/C/gun_shot_2778111f""]","gun_shot","[""gun_shot""]","E:\Proyectos\proyecto4geeks\data\raw\Guns_DS\AK-47\1 (39).wav","Guns_DS","test","indefinida","True","True","True","wav","2.0","48000","Stereo","16","1536000","375.37","2023-04-08 21:37:06"
"1 (4).wav","/C/gun_shot_2778111f","[""/C/gun_shot_2778111f""]","gun_shot","[""gun_shot""]","E:\Proyectos\proyecto4geeks\data\raw\Guns_DS\AK-47\1 (4).wav","Guns_DS","train","indefinida","True","True","True","wav","3.0","48000","Stereo","16","1536000","562.94","2023-04-08 21:37:06"
"1 (40).wav","/C/gun_shot_2778111f","[""/C/gun_shot_2778111f""]","gun_shot","[""gun_shot""]","E:\Proyectos\proyecto4geeks\data\raw\Guns_DS\AK-47\1 (40).wav","Guns_DS","train","indefinida","True","True","True","wav","2.0","48000","Stereo","16","1536000","375.37","2023-04-08 21:37:06"
"1 (41).wav","/C/gun_shot_2778111f","[""/C/gun_shot_2778111f""]","gun_shot","[""gun_shot""]","E:\Proyectos\proyecto4geeks\data\raw\Guns_DS\AK-47\1 (41).wav","Guns_DS","train","indefinida","True","True","True","wav","2.0","48000","Stereo","16","1536000","375.37","2023-04-08 21:37:06"
"1 (42).wav","/C/gun_shot_2778111f","[""/C/gun_shot_2778111f""]","gun_shot","[""gun_shot""]","E:\Proyectos\proyecto4geeks\data\raw\Guns_DS\AK-47\1 (42).wav","Guns_DS","test","indefinida","True","True","True","wav","2.0","48000","Stereo","16","1536000","375.37","2023-04-08 21:37:06"
"1 (43).wav","/C/gun_shot_2778111f","[""/C/gun_shot_2778111f""]","gun_shot","[""gun_shot""]","E:\Proyectos\proyecto4geeks\data\raw\Guns_DS\AK-47\1 (43).wav","Guns_DS","train","indefinida","True","True","True","wav","2.0","48000","Stereo","16","1536000","375.37","2023-04-08 21:37:06"
"1 (44).wav","/C/gun_shot_2778111f","[""/C/gun_shot_2778111f""]","gun_shot","[""gun_shot""]","E:\Proyectos\proyecto4geeks\data\raw\Guns_DS\AK-47\1 (44).wav","Guns_DS","train","indefinida","True","True","True","wav","2.0","48000","Stereo","16","1536000","375.37","2023-04-08 21:37:06"
"1 (45).wav","/C/gun_shot_2778111f","[""/C/gun_shot_2778111f""]","gun_shot","[""gun_shot""]","E:\Proyectos\proyecto4geeks\data\raw\Guns_DS\AK-47\1 (45).wav","Guns_DS","train","indefinida","True","True","True","wav","2.0","48000","Stereo","16","1536000","375.37","2023-04-08 21:37:06"
"1 (46).wav","/C/gun_shot_2778111f","[""/C/gun_shot_2778111f""]","gun_shot","[""gun_shot""]","E:\Proyectos\proyecto4geeks\data\raw\Guns_DS\AK-47\1 (46).wav","Guns_DS","test","indefinida","True","True","True","wav","2.0","48000","Stereo","16","1536000","375.37","2023-04-08 21:37:06"
"1 (47).wav","/C/gun_shot_2778111f","[""/C/gun_shot_2778111f""]","gun_shot","[""gun_shot""]","E:\Proyectos\proyecto4geeks\data\raw\Guns_DS\AK-47\1 (47).wav","Guns_DS","train","indefinida","True","True","True","wav","2.0","48000","Stereo","16","1536000","375.37","2023-04-08 21:37:06"
"1 (48).wav","/C/gun_shot_2778111f","[""/C/gun_shot_2778111f""]","gun_shot","[""gun_shot""]","E:\Proyectos\proyecto4geeks\data\raw\Guns_DS\AK-47\1 (48).wav","Guns_DS","train","indefinida","True","True","True","wav","2.0","48000","Stereo","16","1536000","375.37","2023-04-08 21:37:06"
"1 (49).wav","/C/gun_shot_2778111f","[""/C/gun_shot_2778111f""]","gun_shot","[""gun_shot""]","E:\Proyectos\proyecto4geeks\data\raw\Guns_DS\AK-47\1 (49).wav","Guns_DS","train","indefinida","True","True","True","wav","2.0","48000","Stereo","16","1536000","375.37","2023-04-08 21:37:06"
"1 (5).wav","/C/gun_shot_2778111f","[""/C/gun_shot_2778111f""]","gun_shot","[""gun_shot""]","E:\Proyectos\proyecto4geeks\data\raw\Guns_DS\AK-47\1 (5).wav","Guns_DS","train","indefinida","True","True","True","wav","2.0","48000","Stereo","16","1536000","375.44","2023-04-08 21:37:06"
"1 (50).wav","/C/gun_shot_2778111f","[""/C/gun_shot_2778111f""]","gun_shot","[""gun_shot""]","E:\Proyectos\proyecto4geeks\data\raw\Guns_DS\AK-47\1 (50).wav","Guns_DS","train","indefinida","True","True","True","wav","2.0","48000","Stereo","16","1536000","375.37","2023-04-08 21:37:06"
"1 (51).wav","/C/gun_shot_2778111f","[""/C/gun_shot_2778111f""]","gun_shot","[""gun_shot""]","E:\Proyectos\proyecto4geeks\data\raw\Guns_DS\AK-47\1 (51).wav","Guns_DS","train","indefinida","True","True","True","wav","2.0","48000","Stereo","16","1536000","375.37","2023-04-08 21:37:06"
"1 (52).wav","/C/gun_shot_2778111f","[""/C/gun_shot_2778111f""]","gun_shot","[""gun_shot""]","E:\Proyectos\proyecto4geeks\data\raw\Guns_DS\AK-47\1 (52).wav","Guns_DS","train","indefinida","True","True","True","wav","2.0","48000","Stereo","16","1536000","375.37","2023-04-08 21:37:06"
"1 (53).wav","/C/gun_shot_2778111f","[""/C/gun_shot_2778111f""]","gun_shot","[""gun_shot""]","E:\Proyectos\proyecto4geeks\data\raw\Guns_DS\AK-47\1 (53).wav","Guns_DS","train","indefinida","True","True","True","wav","2.0","48000","Stereo","16","1536000","375.37","2023-04-08 21:37:06"
"1 (54).wav","/C/gun_shot_2778111f","[""/C/gun_shot_2778111f""]","gun_shot","[""gun_shot""]","E:\Proyectos\proyecto4geeks\data\raw\Guns_DS\AK-47\1 (54).wav","Guns_DS","train","indefinida","True","True","True","wav","2.0","48000","Stereo","16","1536000","375.37","2023-04-08 21:37:06"
"1 (55).wav","/C/gun_shot_2778111f","[""/C/gun_shot_2778111f""]","gun_shot","[""gun_shot""]","E:\Proyectos\proyecto4geeks\data\raw\Guns_DS\AK-47\1 (55).wav","Guns_DS","train","indefinida","True","True","True","wav","2.0","48000","Stereo","16","1536000","375.37","2023-04-08 21:37:06"
"1 (56).wav","/C/gun_shot_2778111f","[""/C/gun_shot_2778111f""]","gun_shot","[""gun_shot""]","E:\Proyectos\proyecto4geeks\data\raw\Guns_DS\AK-47\1 (56).wav","Guns_DS","train","indefinida","True","True","True","wav","2.0","44100","Stereo","16","1411200","345.03","2023-04-08 21:37:08"
"1 (57).wav","/C/gun_shot_2778111f","[""/C/gun_shot_2778111f""]","gun_shot","[""gun_shot""]","E:\Proyectos\proyecto4geeks\data\raw\Guns_DS\AK-47\1 (57).wav","Guns_DS","train","indefinida","True","True","True","wav","2.0","44100","Stereo","16","1411200","345.03","2023-04-08 21:37:08"
"1 (58).wav","/C/gun_shot_2778111f","[""/C/gun_shot_2778111f""]","gun_shot","[""gun_shot""]","E:\Proyectos\proyecto4geeks\data\raw\Guns_DS\AK-47\1 (58).wav","Guns_DS","train","indefinida","True","True","True","wav","2.0","44100","Stereo","16","1411200","345.03","2023-04-08 21:37:08"
"1 (59).wav","/C/gun_shot_2778111f","[""/C/gun_shot_2778111f""]","gun_shot","[""gun_shot""]","E:\Proyectos\proyecto4geeks\data\raw\Guns_DS\AK-47\1 (59).wav","Guns_DS","train","indefinida","True","True","True","wav","2.0","44100","Stereo","16","1411200","345.03","2023-04-08 21:37:08"
"1 (6).wav","/C/gun_shot_2778111f","[""/C/gun_shot_2778111f""]","gun_shot","[""gun_shot""]","E:\Proyectos\proyecto4geeks\data\raw\Guns_DS\AK-47\1 (6).wav","Guns_DS","train","indefinida","True","True","True","wav","2.0","48000","Stereo","16","1536000","375.44","2023-04-08 21:37:08"
"1 (60).wav","/C/gun_shot_2778111f","[""/C/gun_shot_2778111f""]","gun_shot","[""gun_shot""]","E:\Proyectos\proyecto4geeks\data\raw\Guns_DS\AK-47\1 (60).wav","Guns_DS","train","indefinida","True","True","True","wav","2.0","44100","Stereo","16","1411200","345.03","2023-04-08 21:37:08"
"1 (61).wav","/C/gun_shot_2778111f","[""/C/gun_shot_2778111f""]","gun_shot","[""gun_shot""]","E:\Proyectos\proyecto4geeks\data\raw\Guns_DS\AK-47\1 (61).wav","Guns_DS","train","indefinida","True","True","True","wav","2.0","44100","Stereo","16","1411200","345.03","2023-04-08 21:37:08"
"1 (62).wav","/C/gun_shot_2778111f","[""/C/gun_shot_2778111f""]","gun_shot","[""gun_shot""]","E:\Proyectos\proyecto4geeks\data\raw\Guns_DS\AK-47\1 (62).wav","Guns_DS","test","indefinida","True","True","True","wav","2.0","44100","Stereo","16","1411200","345.03","2023-04-08 21:37:08"
"1 (63).wav","/C/gun_shot_2778111f","[""/C/gun_shot_2778111f""]","gun_shot","[""gun_shot""]","E:\Proyectos\proyecto4geeks\data\raw\Guns_DS\AK-47\1 (63).wav","Guns_DS","train","indefinida","True","True","True","wav","2.0","44100","Stereo","16","1411200","345.03","2023-04-08 21:37:08"
"1 (64).wav","/C/gun_shot_2778111f","[""/C/gun_shot_2778111f""]","gun_shot","[""gun_shot""]","E:\Proyectos\proyecto4geeks\data\raw\Guns_DS\AK-47\1 (64).wav","Guns_DS","train","indefinida","True","True","True","wav","2.0","44100","Stereo","16","1411200","345.03","2023-04-08 21:37:08"
"1 (65).wav","/C/gun_shot_2778111f","[""/C/gun_shot_2778111f""]","gun_shot","[""gun_shot""]","E:\Proyectos\proyecto4geeks\data\raw\Guns_DS\AK-47\1 (65).wav","Guns_DS","test","indefinida","True","True","True","wav","2.0","44100","Stereo","16","1411200","345.03","2023-04-08 21:37:08"
"1 (66).wav","/C/gun_shot_2778111f","[""/C/gun_shot_2778111f""]","gun_shot","[""gun_shot""]","E:\Proyectos\proyecto4geeks\data\raw\Guns_DS\AK-47\1 (66).wav","Guns_DS","test","indefinida","True","True","True","wav","2.0","44100","Stereo","16","1411200","345.03","2023-04-08 21:37:08"
"1 (67).wav","/C/gun_shot_2778111f","[""/C/gun_shot_2778111f""]","gun_shot","[""gun_shot""]","E:\Proyectos\proyecto4geeks\data\raw\Guns_DS\AK-47\1 (67).wav","Guns_DS","test","indefinida","True","True","True","wav","2.0","44100","Stereo","16","1411200","345.03","2023-04-08 21:37:08"
"1 (68).wav","/C/gun_shot_2778111f","[""/C/gun_shot_2778111f""]","gun_shot","[""gun_shot""]","E:\Proyectos\proyecto4geeks\data\raw\Guns_DS\AK-47\1 (68).wav","Guns_DS","train","indefinida","True","True","True","wav","2.0","44100","Stereo","16","1411200","345.03","2023-04-08 21:37:08"
"1 (69).wav","/C/gun_shot_2778111f","[""/C/gun_shot_2778111f""]","gun_shot","[""gun_shot""]","E:\Proyectos\proyecto4geeks\data\raw\Guns_DS\AK-47\1 (69).wav","Guns_DS","train","indefinida","True","True","True","wav","2.0","44100","Stereo","16","1411200","345.03","2023-04-08 21:37:08"
"1 (7).wav","/C/gun_shot_2778111f","[""/C/gun_shot_2778111f""]","gun_shot","[""gun_shot""]","E:\Proyectos\proyecto4geeks\data\raw\Guns_DS\AK-47\1 (7).wav","Guns_DS","train","indefinida","True","True","True","wav","2.0","48000","Stereo","16","1536000","375.44","2023-04-08 21:37:08"
"1 (70).wav","/C/gun_shot_2778111f","[""/C/gun_shot_2778111f""]","gun_shot","[""gun_shot""]","E:\Proyectos\proyecto4geeks\data\raw\Guns_DS\AK-47\1 (70).wav","Guns_DS","train","indefinida","True","True","True","wav","2.0","44100","Stereo","16","1411200","345.03","2023-04-08 21:37:08"
"1 (71).wav","/C/gun_shot_2778111f","[""/C/gun_shot_2778111f""]","gun_shot","[""gun_shot""]","E:\Proyectos\proyecto4geeks\data\raw\Guns_DS\AK-47\1 (71).wav","Guns_DS","test","indefinida","True","True","True","wav","2.0","44100","Stereo","16","1411200","345.03","2023-04-08 21:37:08"
"1 (72).wav","/C/gun_shot_2778111f","[""/C/gun_shot_2778111f""]","gun_shot","[""gun_shot""]","E:\Proyectos\proyecto4geeks\data\raw\Guns_DS\AK-47\1 (72).wav","Guns_DS","train","indefinida","True","True","True","wav","2.0","44100","Stereo","16","1411200","345.03","2023-04-08 21:37:08"
"1 (8).wav","/C/gun_shot_2778111f","[""/C/gun_shot_2778111f""]","gun_shot","[""gun_shot""]","E:\Proyectos\proyecto4geeks\data\raw\Guns_DS\AK-47\1 (8).wav","Guns_DS","train","indefinida","True","True","True","wav","2.0","48000","Stereo","16","1536000","375.44","2023-04-08 21:37:08"
"1 (9).wav","/C/gun_shot_2778111f","[""/C/gun_shot_2778111f""]","gun_shot","[""gun_shot""]","E:\Proyectos\proyecto4geeks\data\raw\Guns_DS\AK-47\1 (9).wav","Guns_DS","train","indefinida","True","True","True","wav","2.0","48000","Stereo","16","1536000","375.44","2023-04-08 21:37:08"
"2 (1).wav","/C/gun_shot_2778111f","[""/C/gun_shot_2778111f""]","gun_shot","[""gun_shot""]","E:\Proyectos\proyecto4geeks\data\raw\Guns_DS\IMI Desert Eagle\2 (1).wav","Guns_DS","test","indefinida","True","True","True","wav","2.0","48000","Stereo","16","1536000","375.04","2023-04-08 21:37:08"
"2 (10).wav","/C/gun_shot_2778111f","[""/C/gun_shot_2778111f""]","gun_shot","[""gun_shot""]","E:\Proyectos\proyecto4geeks\data\raw\Guns_DS\IMI Desert Eagle\2 (10).wav","Guns_DS","train","indefinida","True","True","True","wav","2.0","48000","Stereo","16","1536000","375.04","2023-04-08 21:37:08"
"2 (100).wav","/C/gun_shot_2778111f","[""/C/gun_shot_2778111f""]","gun_shot","[""gun_shot""]","E:\Proyectos\proyecto4geeks\data\raw\Guns_DS\IMI Desert Eagle\2 (100).wav","Guns_DS","train","indefinida","True","True","True","wav","2.0","48000","Stereo","16","1536000","375.04","2023-04-08 21:37:08"
"2 (11).wav","/C/gun_shot_2778111f","[""/C/gun_shot_2778111f""]","gun_shot","[""gun_shot""]","E:\Proyectos\proyecto4geeks\data\raw\Guns_DS\IMI Desert Eagle\2 (11).wav","Guns_DS","train","indefinida","True","True","True","wav","2.0","48000","Stereo","16","1536000","375.04","2023-04-08 21:37:08"
"2 (12).wav","/C/gun_shot_2778111f","[""/C/gun_shot_2778111f""]","gun_shot","[""gun_shot""]","E:\Proyectos\proyecto4geeks\data\raw\Guns_DS\IMI Desert Eagle\2 (12).wav","Guns_DS","train","indefinida","True","True","True","wav","2.0","48000","Stereo","16","1536000","375.04","2023-04-08 21:37:08"
"2 (13).wav","/C/gun_shot_2778111f","[""/C/gun_shot_2778111f""]","gun_shot","[""gun_shot""]","E:\Proyectos\proyecto4geeks\data\raw\Guns_DS\IMI Desert Eagle\2 (13).wav","Guns_DS","train","indefinida","True","True","True","wav","2.0","48000","Stereo","16","1536000","375.04","2023-04-08 21:37:08"
"2 (14).wav","/C/gun_shot_2778111f","[""/C/gun_shot_2778111f""]","gun_shot","[""gun_shot""]","E:\Proyectos\proyecto4geeks\data\raw\Guns_DS\IMI Desert Eagle\2 (14).wav","Guns_DS","train","indefinida","True","True","True","wav","2.0","48000","Stereo","16","1536000","375.04","2023-04-08 21:37:08"
"2 (15).wav","/C/gun_shot_2778111f","[""/C/gun_shot_2778111f""]","gun_shot","[""gun_shot""]","E:\Proyectos\proyecto4geeks\data\raw\Guns_DS\IMI Desert Eagle\2 (15).wav","Guns_DS","train","indefinida","True","True","True","wav","2.0","48000","Stereo","16","1536000","375.04","2023-04-08 21:37:08"
"2 (16).wav","/C/gun_shot_2778111f","[""/C/gun_shot_2778111f""]","gun_shot","[""gun_shot""]","E:\Proyectos\proyecto4geeks\data\raw\Guns_DS\IMI Desert Eagle\2 (16).wav","Guns_DS","train","indefinida","True","True","True","wav","2.0","48000","Stereo","16","1536000","375.04","2023-04-08 21:37:08"
"2 (17).wav","/C/gun_shot_2778111f","[""/C/gun_shot_2778111f""]","gun_shot","[""gun_shot""]","E:\Proyectos\proyecto4geeks\data\raw\Guns_DS\IMI Desert Eagle\2 (17).wav","Guns_DS","train","indefinida","True","True","True","wav","2.0","48000","Stereo","16","1536000","375.04","2023-04-08 21:37:08"
"2 (18).wav","/C/gun_shot_2778111f","[""/C/gun_shot_2778111f""]","gun_shot","[""gun_shot""]","E:\Proyectos\proyecto4geeks\data\raw\Guns_DS\IMI Desert Eagle\2 (18).wav","Guns_DS","train","indefinida","True","True","True","wav","2.0","48000","Stereo","16","1536000","375.04","2023-04-08 21:37:08"
"2 (19).wav","/C/gun_shot_2778111f","[""/C/gun_shot_2778111f""]","gun_shot","[""gun_shot""]","E:\Proyectos\proyecto4geeks\data\raw\Guns_DS\IMI Desert Eagle\2 (19).wav","Guns_DS","train","indefinida","True","True","True","wav","2.0","48000","Stereo","16","1536000","375.04","2023-04-08 21:37:08"
"2 (2).wav","/C/gun_shot_2778111f","[""/C/gun_shot_2778111f""]","gun_shot","[""gun_shot""]","E:\Proyectos\proyecto4geeks\data\raw\Guns_DS\IMI Desert Eagle\2 (2).wav","Guns_DS","train","indefinida","True","True","True","wav","2.0","48000","Stereo","16","1536000","375.04","2023-04-08 21:37:08"
"2 (20).wav","/C/gun_shot_2778111f","[""/C/gun_shot_2778111f""]","gun_shot","[""gun_shot""]","E:\Proyectos\proyecto4geeks\data\raw\Guns_DS\IMI Desert Eagle\2 (20).wav","Guns_DS","train","indefinida","True","True","True","wav","2.0","48000","Stereo","16","1536000","375.04","2023-04-08 21:37:08"
"2 (21).wav","/C/gun_shot_2778111f","[""/C/gun_shot_2778111f""]","gun_shot","[""gun_shot""]","E:\Proyectos\proyecto4geeks\data\raw\Guns_DS\IMI Desert Eagle\2 (21).wav","Guns_DS","train","indefinida","True","True","True","wav","2.0","48000","Stereo","16","1536000","375.04","2023-04-08 21:37:08"
"2 (22).wav","/C/gun_shot_2778111f","[""/C/gun_shot_2778111f""]","gun_shot","[""gun_shot""]","E:\Proyectos\proyecto4geeks\data\raw\Guns_DS\IMI Desert Eagle\2 (22).wav","Guns_DS","train","indefinida","True","True","True","wav","2.0","48000","Stereo","16","1536000","375.04","2023-04-08 21:37:08"
"2 (23).wav","/C/gun_shot_2778111f","[""/C/gun_shot_2778111f""]","gun_shot","[""gun_shot""]","E:\Proyectos\proyecto4geeks\data\raw\Guns_DS\IMI Desert Eagle\2 (23).wav","Guns_DS","train","indefinida","True","True","True","wav","2.0","48000","Stereo","16","1536000","375.04","2023-04-08 21:37:08"
"2 (24).wav","/C/gun_shot_2778111f","[""/C/gun_shot_2778111f""]","gun_shot","[""gun_shot""]","E:\Proyectos\proyecto4geeks\data\raw\Guns_DS\IMI Desert Eagle\2 (24).wav","Guns_DS","test","indefinida","True","True","True","wav","2.0","48000","Stereo","16","1536000","375.04","2023-04-08 21:37:08"
"2 (25).wav","/C/gun_shot_2778111f","[""/C/gun_shot_2778111f""]","gun_shot","[""gun_shot""]","E:\Proyectos\proyecto4geeks\data\raw\Guns_DS\IMI Desert Eagle\2 (25).wav","Guns_DS","train","indefinida","True","True","True","wav","2.0","48000","Stereo","16","1536000","375.04","2023-04-08 21:37:08"
"2 (26).wav","/C/gun_shot_2778111f","[""/C/gun_shot_2778111f""]","gun_shot","[""gun_shot""]","E:\Proyectos\proyecto4geeks\data\raw\Guns_DS\IMI Desert Eagle\2 (26).wav","Guns_DS","test","indefinida","True","True","True","wav","2.0","48000","Stereo","16","1536000","375.04","2023-04-08 21:37:08"
"2 (27).wav","/C/gun_shot_2778111f","[""/C/gun_shot_2778111f""]","gun_shot","[""gun_shot""]","E:\Proyectos\proyecto4geeks\data\raw\Guns_DS\IMI Desert Eagle\2 (27).wav","Guns_DS","train","indefinida","True","True","True","wav","2.0","48000","Stereo","16","1536000","375.04","2023-04-08 21:37:08"
"2 (28).wav","/C/gun_shot_2778111f","[""/C/gun_shot_2778111f""]","gun_shot","[""gun_shot""]","E:\Proyectos\proyecto4geeks\data\raw\Guns_DS\IMI Desert Eagle\2 (28).wav","Guns_DS","test","indefinida","True","True","True","wav","2.0","48000","Stereo","16","1536000","375.04","2023-04-08 21:37:08"
"2 (29).wav","/C/gun_shot_2778111f","[""/C/gun_shot_2778111f""]","gun_shot","[""gun_shot""]","E:\Proyectos\proyecto4geeks\data\raw\Guns_DS\IMI Desert Eagle\2 (29).wav","Guns_DS","train","indefinida","True","True","True","wav","2.0","48000","Stereo","16","1536000","375.04","2023-04-08 21:37:08"
"2 (3).wav","/C/gun_shot_2778111f","[""/C/gun_shot_2778111f""]","gun_shot","[""gun_shot""]","E:\Proyectos\proyecto4geeks\data\raw\Guns_DS\IMI Desert Eagle\2 (3).wav","Guns_DS","train","indefinida","True","True","True","wav","2.0","48000","Stereo","16","1536000","375.04","2023-04-08 21:37:08"
"2 (30).wav","/C/gun_shot_2778111f","[""/C/gun_shot_2778111f""]","gun_shot","[""gun_shot""]","E:\Proyectos\proyecto4geeks\data\raw\Guns_DS\IMI Desert Eagle\2 (30).wav","Guns_DS","train","indefinida","True","True","True","wav","2.0","48000","Stereo","16","1536000","375.04","2023-04-08 21:37:08"
"2 (31).wav","/C/gun_shot_2778111f","[""/C/gun_shot_2778111f""]","gun_shot","[""gun_shot""]","E:\Proyectos\proyecto4geeks\data\raw\Guns_DS\IMI Desert Eagle\2 (31).wav","Guns_DS","train","indefinida","True","True","True","wav","2.0","48000","Stereo","16","1536000","375.04","2023-04-08 21:37:08"
"2 (32).wav","/C/gun_shot_2778111f","[""/C/gun_shot_2778111f""]","gun_shot","[""gun_shot""]","E:\Proyectos\proyecto4geeks\data\raw\Guns_DS\IMI Desert Eagle\2 (32).wav","Guns_DS","train","indefinida","True","True","True","wav","2.0","48000","Stereo","16","1536000","375.04","2023-04-08 21:37:08"
"2 (33).wav","/C/gun_shot_2778111f","[""/C/gun_shot_2778111f""]","gun_shot","[""gun_shot""]","E:\Proyectos\proyecto4geeks\data\raw\Guns_DS\IMI Desert Eagle\2 (33).wav","Guns_DS","train","indefinida","True","True","True","wav","2.0","48000","Stereo","16","1536000","375.04","2023-04-08 21:37:08"
"2 (34).wav","/C/gun_shot_2778111f","[""/C/gun_shot_2778111f""]","gun_shot","[""gun_shot""]","E:\Proyectos\proyecto4geeks\data\raw\Guns_DS\IMI Desert Eagle\2 (34).wav","Guns_DS","train","indefinida","True","True","True","wav","2.0","48000","Stereo","16","1536000","375.04","2023-04-08 21:37:08"
"2 (35).wav","/C/gun_shot_2778111f","[""/C/gun_shot_2778111f""]","gun_shot","[""gun_shot""]","E:\Proyectos\proyecto4geeks\data\raw\Guns_DS\IMI Desert Eagle\2 (35).wav","Guns_DS","train","indefinida","True","True","True","wav","2.0","48000","Stereo","16","1536000","375.04","2023-04-08 21:37:08"
"2 (36).wav","/C/gun_shot_2778111f","[""/C/gun_shot_2778111f""]","gun_shot","[""gun_shot""]","E:\Proyectos\proyecto4geeks\data\raw\Guns_DS\IMI Desert Eagle\2 (36).wav","Guns_DS","test","indefinida","True","True","True","wav","2.0","48000","Stereo","16","1536000","375.04","2023-04-08 21:37:08"
"2 (37).wav","/C/gun_shot_2778111f","[""/C/gun_shot_2778111f""]","gun_shot","[""gun_shot""]","E:\Proyectos\proyecto4geeks\data\raw\Guns_DS\IMI Desert Eagle\2 (37).wav","Guns_DS","test","indefinida","True","True","True","wav","2.0","48000","Stereo","16","1536000","375.04","2023-04-08 21:37:08"
"2 (38).wav","/C/gun_shot_2778111f","[""/C/gun_shot_2778111f""]","gun_shot","[""gun_shot""]","E:\Proyectos\proyecto4geeks\data\raw\Guns_DS\IMI Desert Eagle\2 (38).wav","Guns_DS","train","indefinida","True","True","True","wav","2.0","48000","Stereo","16","1536000","375.04","2023-04-08 21:37:08"
"2 (39).wav","/C/gun_shot_2778111f","[""/C/gun_shot_2778111f""]","gun_shot","[""gun_shot""]","E:\Proyectos\proyecto4geeks\data\raw\Guns_DS\IMI Desert Eagle\2 (39).wav","Guns_DS","train","indefinida","True","True","True","wav","2.0","48000","Stereo","16","1536000","375.04","2023-04-08 21:37:08"
"2 (4).wav","/C/gun_shot_2778111f","[""/C/gun_shot_2778111f""]","gun_shot","[""gun_shot""]","E:\Proyectos\proyecto4geeks\data\raw\Guns_DS\IMI Desert Eagle\2 (4).wav","Guns_DS","train","indefinida","True","True","True","wav","2.0","48000","Stereo","16","1536000","375.04","2023-04-08 21:37:08"
"2 (40).wav","/C/gun_shot_2778111f","[""/C/gun_shot_2778111f""]","gun_shot","[""gun_shot""]","E:\Proyectos\proyecto4geeks\data\raw\Guns_DS\IMI Desert Eagle\2 (40).wav","Guns_DS","test","indefinida","True","True","True","wav","2.0","48000","Stereo","16","1536000","375.04","2023-04-08 21:37:08"
"2 (41).wav","/C/gun_shot_2778111f","[""/C/gun_shot_2778111f""]","gun_shot","[""gun_shot""]","E:\Proyectos\proyecto4geeks\data\raw\Guns_DS\IMI Desert Eagle\2 (41).wav","Guns_DS","test","indefinida","True","True","True","wav","2.0","48000","Stereo","16","1536000","375.04","2023-04-08 21:37:08"
"2 (42).wav","/C/gun_shot_2778111f","[""/C/gun_shot_2778111f""]","gun_shot","[""gun_shot""]","E:\Proyectos\proyecto4geeks\data\raw\Guns_DS\IMI Desert Eagle\2 (42).wav","Guns_DS","train","indefinida","True","True","True","wav","2.0","48000","Stereo","16","1536000","375.04","2023-04-08 21:37:08"
"2 (43).wav","/C/gun_shot_2778111f","[""/C/gun_shot_2778111f""]","gun_shot","[""gun_shot""]","E:\Proyectos\proyecto4geeks\data\raw\Guns_DS\IMI Desert Eagle\2 (43).wav","Guns_DS","train","indefinida","True","True","True","wav","2.0","48000","Stereo","16","1536000","375.04","2023-04-08 21:37:08"
"2 (44).wav","/C/gun_shot_2778111f","[""/C/gun_shot_2778111f""]","gun_shot","[""gun_shot""]","E:\Proyectos\proyecto4geeks\data\raw\Guns_DS\IMI Desert Eagle\2 (44).wav","Guns_DS","train","indefinida","True","True","True","wav","2.0","48000","Stereo","16","1536000","375.04","2023-04-08 21:37:08"
"2 (45).wav","/C/gun_shot_2778111f","[""/C/gun_shot_2778111f""]","gun_shot","[""gun_shot""]","E:\Proyectos\proyecto4geeks\data\raw\Guns_DS\IMI Desert Eagle\2 (45).wav","Guns_DS","train","indefinida","True","True","True","wav","2.0","48000","Stereo","16","1536000","375.04","2023-04-08 21:37:08"
"2 (46).wav","/C/gun_shot_2778111f","[""/C/gun_shot_2778111f""]","gun_shot","[""gun_shot""]","E:\Proyectos\proyecto4geeks\data\raw\Guns_DS\IMI Desert Eagle\2 (46).wav","Guns_DS","train","indefinida","True","True","True","wav","2.0","48000","Stereo","16","1536000","375.04","2023-04-08 21:37:08"
"2 (47).wav","/C/gun_shot_2778111f","[""/C/gun_shot_2778111f""]","gun_shot","[""gun_shot""]","E:\Proyectos\proyecto4geeks\data\raw\Guns_DS\IMI Desert Eagle\2 (47).wav","Guns_DS","train","indefinida","True","True","True","wav","2.0","48000","Stereo","16","1536000","375.04","2023-04-08 21:37:08"
"2 (48).wav","/C/gun_shot_2778111f","[""/C/gun_shot_2778111f""]","gun_shot","[""gun_shot""]","E:\Proyectos\proyecto4geeks\data\raw\Guns_DS\IMI Desert Eagle\2 (48).wav","Guns_DS","train","indefinida","True","True","True","wav","2.0","48000","Stereo","16","1536000","375.04","2023-04-08 21:37:08"
"2 (49).wav","/C/gun_shot_2778111f","[""/C/gun_shot_2778111f""]","gun_shot","[""gun_shot""]","E:\Proyectos\proyecto4geeks\data\raw\Guns_DS\IMI Desert Eagle\2 (49).wav","Guns_DS","test","indefinida","True","True","True","wav","2.0","48000","Stereo","16","1536000","375.04","2023-04-08 21:37:08"
"2 (5).wav","/C/gun_shot_2778111f","[""/C/gun_shot_2778111f""]","gun_shot","[""gun_shot""]","E:\Proyectos\proyecto4geeks\data\raw\Guns_DS\IMI Desert Eagle\2 (5).wav","Guns_DS","train","indefinida","True","True","True","wav","2.0","48000","Stereo","16","1536000","375.04","2023-04-08 21:37:08"
"2 (50).wav","/C/gun_shot_2778111f","[""/C/gun_shot_2778111f""]","gun_shot","[""gun_shot""]","E:\Proyectos\proyecto4geeks\data\raw\Guns_DS\IMI Desert Eagle\2 (50).wav","Guns_DS","test","indefinida","True","True","True","wav","2.0","48000","Stereo","16","1536000","375.04","2023-04-08 21:37:10"
"2 (51).wav","/C/gun_shot_2778111f","[""/C/gun_shot_2778111f""]","gun_shot","[""gun_shot""]","E:\Proyectos\proyecto4geeks\data\raw\Guns_DS\IMI Desert Eagle\2 (51).wav","Guns_DS","test","indefinida","True","True","True","wav","2.0","48000","Stereo","16","1536000","375.04","2023-04-08 21:37:10"
"2 (52).wav","/C/gun_shot_2778111f","[""/C/gun_shot_2778111f""]","gun_shot","[""gun_shot""]","E:\Proyectos\proyecto4geeks\data\raw\Guns_DS\IMI Desert Eagle\2 (52).wav","Guns_DS","train","indefinida","True","True","True","wav","2.0","48000","Stereo","16","1536000","375.04","2023-04-08 21:37:10"
"2 (53).wav","/C/gun_shot_2778111f","[""/C/gun_shot_2778111f""]","gun_shot","[""gun_shot""]","E:\Proyectos\proyecto4geeks\data\raw\Guns_DS\IMI Desert Eagle\2 (53).wav","Guns_DS","train","indefinida","True","True","True","wav","2.0","48000","Stereo","16","1536000","375.04","2023-04-08 21:37:10"
"2 (54).wav","/C/gun_shot_2778111f","[""/C/gun_shot_2778111f""]","gun_shot","[""gun_shot""]","E:\Proyectos\proyecto4geeks\data\raw\Guns_DS\IMI Desert Eagle\2 (54).wav","Guns_DS","train","indefinida","True","True","True","wav","2.0","48000","Stereo","16","1536000","375.04","2023-04-08 21:37:10"
"2 (55).wav","/C/gun_shot_2778111f","[""/C/gun_shot_2778111f""]","gun_shot","[""gun_shot""]","E:\Proyectos\proyecto4geeks\data\raw\Guns_DS\IMI Desert Eagle\2 (55).wav","Guns_DS","train","indefinida","True","True","True","wav","2.0","48000","Stereo","16","1536000","375.04","2023-04-08 21:37:10"
"2 (56).wav","/C/gun_shot_2778111f","[""/C/gun_shot_2778111f""]","gun_shot","[""gun_shot""]","E:\Proyectos\proyecto4geeks\data\raw\Guns_DS\IMI Desert Eagle\2 (56).wav","Guns_DS","train","indefinida","True","True","True","wav","2.0","48000","Stereo","16","1536000","375.04","2023-04-08 21:37:10"
"2 (57).wav","/C/gun_shot_2778111f","[""/C/gun_shot_2778111f""]","gun_shot","[""gun_shot""]","E:\Proyectos\proyecto4geeks\data\raw\Guns_DS\IMI Desert Eagle\2 (57).wav","Guns_DS","train","indefinida","True","True","True","wav","2.0","48000","Stereo","16","1536000","375.04","2023-04-08 21:37:10"
"2 (58).wav","/C/gun_shot_2778111f","[""/C/gun_shot_2778111f""]","gun_shot","[""gun_shot""]","E:\Proyectos\proyecto4geeks\data\raw\Guns_DS\IMI Desert Eagle\2 (58).wav","Guns_DS","train","indefinida","True","True","True","wav","2.0","48000","Stereo","16","1536000","375.04","2023-04-08 21:37:10"
"2 (59).wav","/C/gun_shot_2778111f","[""/C/gun_shot_2778111f""]","gun_shot","[""gun_shot""]","E:\Proyectos\proyecto4geeks\data\raw\Guns_DS\IMI Desert Eagle\2 (59).wav","Guns_DS","train","indefinida","True","True","True","wav","2.0","48000","Stereo","16","1536000","375.04","2023-04-08 21:37:10"
"2 (6).wav","/C/gun_shot_2778111f","[""/C/gun_shot_2778111f""]","gun_shot","[""gun_shot""]","E:\Proyectos\proyecto4geeks\data\raw\Guns_DS\IMI Desert Eagle\2 (6).wav","Guns_DS","train","indefinida","True","True","True","wav","2.0","48000","Stereo","16","1536000","375.04","2023-04-08 21:37:10"
"2 (60).wav","/C/gun_shot_2778111f","[""/C/gun_shot_2778111f""]","gun_shot","[""gun_shot""]","E:\Proyectos\proyecto4geeks\data\raw\Guns_DS\IMI Desert Eagle\2 (60).wav","Guns_DS","train","indefinida","True","True","True","wav","2.0","48000","Stereo","16","1536000","375.04","2023-04-08 21:37:10"
"2 (61).wav","/C/gun_shot_2778111f","[""/C/gun_shot_2778111f""]","gun_shot","[""gun_shot""]","E:\Proyectos\proyecto4geeks\data\raw\Guns_DS\IMI Desert Eagle\2 (61).wav","Guns_DS","train","indefinida","True","True","True","wav","2.0","48000","Stereo","16","1536000","375.04","2023-04-08 21:37:10"
"2 (62).wav","/C/gun_shot_2778111f","[""/C/gun_shot_2778111f""]","gun_shot","[""gun_shot""]","E:\Proyectos\proyecto4geeks\data\raw\Guns_DS\IMI Desert Eagle\2 (62).wav","Guns_DS","train","indefinida","True","True","True","wav","2.0","48000","Stereo","16","1536000","375.04","2023-04-08 21:37:10"
"2 (63).wav","/C/gun_shot_2778111f","[""/C/gun_shot_2778111f""]","gun_shot","[""gun_shot""]","E:\Proyectos\proyecto4geeks\data\raw\Guns_DS\IMI Desert Eagle\2 (63).wav","Guns_DS","test","indefinida","True","True","True","wav","2.0","48000","Stereo","16","1536000","375.04","2023-04-08 21:37:10"
"2 (64).wav","/C/gun_shot_2778111f","[""/C/gun_shot_2778111f""]","gun_shot","[""gun_shot""]","E:\Proyectos\proyecto4geeks\data\raw\Guns_DS\IMI Desert Eagle\2 (64).wav","Guns_DS","train","indefinida","True","True","True","wav","2.0","48000","Stereo","16","1536000","375.04","2023-04-08 21:37:10"
"2 (65).wav","/C/gun_shot_2778111f","[""/C/gun_shot_2778111f""]","gun_shot","[""gun_shot""]","E:\Proyectos\proyecto4geeks\data\raw\Guns_DS\IMI Desert Eagle\2 (65).wav","Guns_DS","train","indefinida","True","True","True","wav","2.0","48000","Stereo","16","1536000","375.04","2023-04-08 21:37:10"
"2 (66).wav","/C/gun_shot_2778111f","[""/C/gun_shot_2778111f""]","gun_shot","[""gun_shot""]","E:\Proyectos\proyecto4geeks\data\raw\Guns_DS\IMI Desert Eagle\2 (66).wav","Guns_DS","train","indefinida","True","True","True","wav","2.0","48000","Stereo","16","1536000","375.04","2023-04-08 21:37:10"
"2 (67).wav","/C/gun_shot_2778111f","[""/C/gun_shot_2778111f""]","gun_shot","[""gun_shot""]","E:\Proyectos\proyecto4geeks\data\raw\Guns_DS\IMI Desert Eagle\2 (67).wav","Guns_DS","train","indefinida","True","True","True","wav","2.0","48000","Stereo","16","1536000","375.04","2023-04-08 21:37:10"
"2 (68).wav","/C/gun_shot_2778111f","[""/C/gun_shot_2778111f""]","gun_shot","[""gun_shot""]","E:\Proyectos\proyecto4geeks\data\raw\Guns_DS\IMI Desert Eagle\2 (68).wav","Guns_DS","train","indefinida","True","True","True","wav","2.0","48000","Stereo","16","1536000","375.04","2023-04-08 21:37:10"
"2 (69).wav","/C/gun_shot_2778111f","[""/C/gun_shot_2778111f""]","gun_shot","[""gun_shot""]","E:\Proyectos\proyecto4geeks\data\raw\Guns_DS\IMI Desert Eagle\2 (69).wav","Guns_DS","train","indefinida","True","True","True","wav","2.0","48000","Stereo","16","1536000","375.04","2023-04-08 21:37:10"
"2 (7).wav","/C/gun_shot_2778111f","[""/C/gun_shot_2778111f""]","gun_shot","[""gun_shot""]","E:\Proyectos\proyecto4geeks\data\raw\Guns_DS\IMI Desert Eagle\2 (7).wav","Guns_DS","train","indefinida","True","True","True","wav","2.0","48000","Stereo","16","1536000","375.04","2023-04-08 21:37:10"
"2 (70).wav","/C/gun_shot_2778111f","[""/C/gun_shot_2778111f""]","gun_shot","[""gun_shot""]","E:\Proyectos\proyecto4geeks\data\raw\Guns_DS\IMI Desert Eagle\2 (70).wav","Guns_DS","train","indefinida","True","True","True","wav","2.0","48000","Stereo","16","1536000","375.04","2023-04-08 21:37:10"
"2 (71).wav","/C/gun_shot_2778111f","[""/C/gun_shot_2778111f""]","gun_shot","[""gun_shot""]","E:\Proyectos\proyecto4geeks\data\raw\Guns_DS\IMI Desert Eagle\2 (71).wav","Guns_DS","train","indefinida","True","True","True","wav","2.0","48000","Stereo","16","1536000","375.04","2023-04-08 21:37:10"
"2 (72).wav","/C/gun_shot_2778111f","[""/C/gun_shot_2778111f""]","gun_shot","[""gun_shot""]","E:\Proyectos\proyecto4geeks\data\raw\Guns_DS\IMI Desert Eagle\2 (72).wav","Guns_DS","test","indefinida","True","True","True","wav","2.0","48000","Stereo","16","1536000","375.04","2023-04-08 21:37:10"
"2 (73).wav","/C/gun_shot_2778111f","[""/C/gun_shot_2778111f""]","gun_shot","[""gun_shot""]","E:\Proyectos\proyecto4geeks\data\raw\Guns_DS\IMI Desert Eagle\2 (73).wav","Guns_DS","test","indefinida","True","True","True","wav","2.0","48000","Stereo","16","1536000","375.04","2023-04-08 21:37:10"
"2 (74).wav","/C/gun_shot_2778111f","[""/C/gun_shot_2778111f""]","gun_shot","[""gun_shot""]","E:\Proyectos\proyecto4geeks\data\raw\Guns_DS\IMI Desert Eagle\2 (74).wav","Guns_DS","test","indefinida","True","True","True","wav","2.0","48000","Stereo","16","1536000","375.04","2023-04-08 21:37:10"
"2 (75).wav","/C/gun_shot_2778111f","[""/C/gun_shot_2778111f""]","gun_shot","[""gun_shot""]","E:\Proyectos\proyecto4geeks\data\raw\Guns_DS\IMI Desert Eagle\2 (75).wav","Guns_DS","test","indefinida","True","True","True","wav","2.0","48000","Stereo","16","1536000","375.04","2023-04-08 21:37:10"
"2 (76).wav","/C/gun_shot_2778111f","[""/C/gun_shot_2778111f""]","gun_shot","[""gun_shot""]","E:\Proyectos\proyecto4geeks\data\raw\Guns_DS\IMI Desert Eagle\2 (76).wav","Guns_DS","train","indefinida","True","True","True","wav","2.0","48000","Stereo","16","1536000","375.04","2023-04-08 21:37:10"
"2 (77).wav","/C/gun_shot_2778111f","[""/C/gun_shot_2778111f""]","gun_shot","[""gun_shot""]","E:\Proyectos\proyecto4geeks\data\raw\Guns_DS\IMI Desert Eagle\2 (77).wav","Guns_DS","train","indefinida","True","True","True","wav","2.0","48000","Stereo","16","1536000","375.04","2023-04-08 21:37:10"
"2 (78).wav","/C/gun_shot_2778111f","[""/C/gun_shot_2778111f""]","gun_shot","[""gun_shot""]","E:\Proyectos\proyecto4geeks\data\raw\Guns_DS\IMI Desert Eagle\2 (78).wav","Guns_DS","train","indefinida","True","True","True","wav","2.0","48000","Stereo","16","1536000","375.04","2023-04-08 21:37:10"
"2 (79).wav","/C/gun_shot_2778111f","[""/C/gun_shot_2778111f""]","gun_shot","[""gun_shot""]","E:\Proyectos\proyecto4geeks\data\raw\Guns_DS\IMI Desert Eagle\2 (79).wav","Guns_DS","train","indefinida","True","True","True","wav","2.0","48000","Stereo","16","1536000","375.04","2023-04-08 21:37:10"
"2 (8).wav","/C/gun_shot_2778111f","[""/C/gun_shot_2778111f""]","gun_shot","[""gun_shot""]","E:\Proyectos\proyecto4geeks\data\raw\Guns_DS\IMI Desert Eagle\2 (8).wav","Guns_DS","train","indefinida","True","True","True","wav","2.0","48000","Stereo","16","1536000","375.04","2023-04-08 21:37:10"
"2 (80).wav","/C/gun_shot_2778111f","[""/C/gun_shot_2778111f""]","gun_shot","[""gun_shot""]","E:\Proyectos\proyecto4geeks\data\raw\Guns_DS\IMI Desert Eagle\2 (80).wav","Guns_DS","train","indefinida","True","True","True","wav","2.0","48000","Stereo","16","1536000","375.04","2023-04-08 21:37:10"
"2 (81).wav","/C/gun_shot_2778111f","[""/C/gun_shot_2778111f""]","gun_shot","[""gun_shot""]","E:\Proyectos\proyecto4geeks\data\raw\Guns_DS\IMI Desert Eagle\2 (81).wav","Guns_DS","train","indefinida","True","True","True","wav","2.0","48000","Stereo","16","1536000","375.04","2023-04-08 21:37:10"
"2 (82).wav","/C/gun_shot_2778111f","[""/C/gun_shot_2778111f""]","gun_shot","[""gun_shot""]","E:\Proyectos\proyecto4geeks\data\raw\Guns_DS\IMI Desert Eagle\2 (82).wav","Guns_DS","test","indefinida","True","True","True","wav","2.0","48000","Stereo","16","1536000","375.04","2023-04-08 21:37:10"
"2 (83).wav","/C/gun_shot_2778111f","[""/C/gun_shot_2778111f""]","gun_shot","[""gun_shot""]","E:\Proyectos\proyecto4geeks\data\raw\Guns_DS\IMI Desert Eagle\2 (83).wav","Guns_DS","test","indefinida","True","True","True","wav","2.0","48000","Stereo","16","1536000","375.04","2023-04-08 21:37:10"
"2 (84).wav","/C/gun_shot_2778111f","[""/C/gun_shot_2778111f""]","gun_shot","[""gun_shot""]","E:\Proyectos\proyecto4geeks\data\raw\Guns_DS\IMI Desert Eagle\2 (84).wav","Guns_DS","train","indefinida","True","True","True","wav","2.0","48000","Stereo","16","1536000","375.04","2023-04-08 21:37:10"
"2 (85).wav","/C/gun_shot_2778111f","[""/C/gun_shot_2778111f""]","gun_shot","[""gun_shot""]","E:\Proyectos\proyecto4geeks\data\raw\Guns_DS\IMI Desert Eagle\2 (85).wav","Guns_DS","train","indefinida","True","True","True","wav","2.0","48000","Stereo","16","1536000","375.04","2023-04-08 21:37:10"
"2 (86).wav","/C/gun_shot_2778111f","[""/C/gun_shot_2778111f""]","gun_shot","[""gun_shot""]","E:\Proyectos\proyecto4geeks\data\raw\Guns_DS\IMI Desert Eagle\2 (86).wav","Guns_DS","train","indefinida","True","True","True","wav","2.0","48000","Stereo","16","1536000","375.04","2023-04-08 21:37:10"
"2 (87).wav","/C/gun_shot_2778111f","[""/C/gun_shot_2778111f""]","gun_shot","[""gun_shot""]","E:\Proyectos\proyecto4geeks\data\raw\Guns_DS\IMI Desert Eagle\2 (87).wav","Guns_DS","train","indefinida","True","True","True","wav","2.0","48000","Stereo","16","1536000","375.04","2023-04-08 21:37:10"
"2 (88).wav","/C/gun_shot_2778111f","[""/C/gun_shot_2778111f""]","gun_shot","[""gun_shot""]","E:\Proyectos\proyecto4geeks\data\raw\Guns_DS\IMI Desert Eagle\2 (88).wav","Guns_DS","train","indefinida","True","True","True","wav","2.0","48000","Stereo","16","1536000","375.04","2023-04-08 21:37:10"
"2 (89).wav","/C/gun_shot_2778111f","[""/C/gun_shot_2778111f""]","gun_shot","[""gun_shot""]","E:\Proyectos\proyecto4geeks\data\raw\Guns_DS\IMI Desert Eagle\2 (89).wav","Guns_DS","train","indefinida","True","True","True","wav","2.0","48000","Stereo","16","1536000","375.04","2023-04-08 21:37:10"
"2 (9).wav","/C/gun_shot_2778111f","[""/C/gun_shot_2778111f""]","gun_shot","[""gun_shot""]","E:\Proyectos\proyecto4geeks\data\raw\Guns_DS\IMI Desert Eagle\2 (9).wav","Guns_DS","train","indefinida","True","True","True","wav","2.0","48000","Stereo","16","1536000","375.04","2023-04-08 21:37:10"
"2 (90).wav","/C/gun_shot_2778111f","[""/C/gun_shot_2778111f""]","gun_shot","[""gun_shot""]","E:\Proyectos\proyecto4geeks\data\raw\Guns_DS\IMI Desert Eagle\2 (90).wav","Guns_DS","train","indefinida","True","True","True","wav","2.0","48000","Stereo","16","1536000","375.04","2023-04-08 21:37:10"
"2 (91).wav","/C/gun_shot_2778111f","[""/C/gun_shot_2778111f""]","gun_shot","[""gun_shot""]","E:\Proyectos\proyecto4geeks\data\raw\Guns_DS\IMI Desert Eagle\2 (91).wav","Guns_DS","train","indefinida","True","True","True","wav","2.0","48000","Stereo","16","1536000","375.04","2023-04-08 21:37:10"
"2 (92).wav","/C/gun_shot_2778111f","[""/C/gun_shot_2778111f""]","gun_shot","[""gun_shot""]","E:\Proyectos\proyecto4geeks\data\raw\Guns_DS\IMI Desert Eagle\2 (92).wav","Guns_DS","train","indefinida","True","True","True","wav","2.0","48000","Stereo","16","1536000","375.04","2023-04-08 21:37:10"
"2 (93).wav","/C/gun_shot_2778111f","[""/C/gun_shot_2778111f""]","gun_shot","[""gun_shot""]","E:\Proyectos\proyecto4geeks\data\raw\Guns_DS\IMI Desert Eagle\2 (93).wav","Guns_DS","train","indefinida","True","True","True","wav","2.0","48000","Stereo","16","1536000","375.04","2023-04-08 21:37:10"
"2 (94).wav","/C/gun_shot_2778111f","[""/C/gun_shot_2778111f""]","gun_shot","[""gun_shot""]","E:\Proyectos\proyecto4geeks\data\raw\Guns_DS\IMI Desert Eagle\2 (94).wav","Guns_DS","train","indefinida","True","True","True","wav","2.0","48000","Stereo","16","1536000","375.04","2023-04-08 21:37:10"
"2 (95).wav","/C/gun_shot_2778111f","[""/C/gun_shot_2778111f""]","gun_shot","[""gun_shot""]","E:\Proyectos\proyecto4geeks\data\raw\Guns_DS\IMI Desert Eagle\2 (95).wav","Guns_DS","train","indefinida","True","True","True","wav","2.0","48000","Stereo","16","1536000","375.04","2023-04-08 21:37:10"
"2 (96).wav","/C/gun_shot_2778111f","[""/C/gun_shot_2778111f""]","gun_shot","[""gun_shot""]","E:\Proyectos\proyecto4geeks\data\raw\Guns_DS\IMI Desert Eagle\2 (96).wav","Guns_DS","train","indefinida","True","True","True","wav","2.0","48000","Stereo","16","1536000","375.04","2023-04-08 21:37:10"
"2 (97).wav","/C/gun_shot_2778111f","[""/C/gun_shot_2778111f""]","gun_shot","[""gun_shot""]","E:\Proyectos\proyecto4geeks\data\raw\Guns_DS\IMI Desert Eagle\2 (97).wav","Guns_DS","train","indefinida","True","True","True","wav","2.0","48000","Stereo","16","1536000","375.04","2023-04-08 21:37:10"
"2 (98).wav","/C/gun_shot_2778111f","[""/C/gun_shot_2778111f""]","gun_shot","[""gun_shot""]","E:\Proyectos\proyecto4geeks\data\raw\Guns_DS\IMI Desert Eagle\2 (98).wav","Guns_DS","train","indefinida","True","True","True","wav","2.0","48000","Stereo","16","1536000","375.04","2023-04-08 21:37:10"
"2 (99).wav","/C/gun_shot_2778111f","[""/C/gun_shot_2778111f""]","gun_shot","[""gun_shot""]","E:\Proyectos\proyecto4geeks\data\raw\Guns_DS\IMI Desert Eagle\2 (99).wav","Guns_DS","test","indefinida","True","True","True","wav","2.0","48000","Stereo","16","1536000","375.04","2023-04-08 21:37:10"
"5 (1).wav","/C/gun_shot_2778111f","[""/C/gun_shot_2778111f""]","gun_shot","[""gun_shot""]","E:\Proyectos\proyecto4geeks\data\raw\Guns_DS\M16\5 (1).wav","Guns_DS","test","indefinida","True","True","True","wav","2.0","48000","Stereo","16","1536000","375.04","2023-04-08 21:37:10"
"5 (10).wav","/C/gun_shot_2778111f","[""/C/gun_shot_2778111f""]","gun_shot","[""gun_shot""]","E:\Proyectos\proyecto4geeks\data\raw\Guns_DS\M16\5 (10).wav","Guns_DS","train","indefinida","True","True","True","wav","2.0","48000","Stereo","16","1536000","375.04","2023-04-08 21:37:10"
"5 (100).wav","/C/gun_shot_2778111f","[""/C/gun_shot_2778111f""]","gun_shot","[""gun_shot""]","E:\Proyectos\proyecto4geeks\data\raw\Guns_DS\M16\5 (100).wav","Guns_DS","train","indefinida","True","True","True","wav","2.0","48000","Stereo","16","1536000","375.04","2023-04-08 21:37:10"
"5 (11).wav","/C/gun_shot_2778111f","[""/C/gun_shot_2778111f""]","gun_shot","[""gun_shot""]","E:\Proyectos\proyecto4geeks\data\raw\Guns_DS\M16\5 (11).wav","Guns_DS","test","indefinida","True","True","True","wav","2.0","48000","Stereo","16","1536000","375.04","2023-04-08 21:37:10"
"5 (12).wav","/C/gun_shot_2778111f","[""/C/gun_shot_2778111f""]","gun_shot","[""gun_shot""]","E:\Proyectos\proyecto4geeks\data\raw\Guns_DS\M16\5 (12).wav","Guns_DS","train","indefinida","True","True","True","wav","2.0","48000","Stereo","16","1536000","375.04","2023-04-08 21:37:10"
"5 (13).wav","/C/gun_shot_2778111f","[""/C/gun_shot_2778111f""]","gun_shot","[""gun_shot""]","E:\Proyectos\proyecto4geeks\data\raw\Guns_DS\M16\5 (13).wav","Guns_DS","train","indefinida","True","True","True","wav","2.0","48000","Stereo","16","1536000","375.04","2023-04-08 21:37:10"
"5 (14).wav","/C/gun_shot_2778111f","[""/C/gun_shot_2778111f""]","gun_shot","[""gun_shot""]","E:\Proyectos\proyecto4geeks\data\raw\Guns_DS\M16\5 (14).wav","Guns_DS","test","indefinida","True","True","True","wav","2.0","48000","Stereo","16","1536000","375.04","2023-04-08 21:37:10"
"5 (15).wav","/C/gun_shot_2778111f","[""/C/gun_shot_2778111f""]","gun_shot","[""gun_shot""]","E:\Proyectos\proyecto4geeks\data\raw\Guns_DS\M16\5 (15).wav","Guns_DS","train","indefinida","True","True","True","wav","2.0","48000","Stereo","16","1536000","375.04","2023-04-08 21:37:10"
"5 (16).wav","/C/gun_shot_2778111f","[""/C/gun_shot_2778111f""]","gun_shot","[""gun_shot""]","E:\Proyectos\proyecto4geeks\data\raw\Guns_DS\M16\5 (16).wav","Guns_DS","train","indefinida","True","True","True","wav","2.0","48000","Stereo","16","1536000","375.04","2023-04-08 21:37:10"
"5 (17).wav","/C/gun_shot_2778111f","[""/C/gun_shot_2778111f""]","gun_shot","[""gun_shot""]","E:\Proyectos\proyecto4geeks\data\raw\Guns_DS\M16\5 (17).wav","Guns_DS","train","indefinida","True","True","True","wav","2.0","48000","Stereo","16","1536000","375.04","2023-04-08 21:37:10"
"5 (18).wav","/C/gun_shot_2778111f","[""/C/gun_shot_2778111f""]","gun_shot","[""gun_shot""]","E:\Proyectos\proyecto4geeks\data\raw\Guns_DS\M16\5 (18).wav","Guns_DS","train","indefinida","True","True","True","wav","2.0","48000","Stereo","16","1536000","375.04","2023-04-08 21:37:10"
"5 (19).wav","/C/gun_shot_2778111f","[""/C/gun_shot_2778111f""]","gun_shot","[""gun_shot""]","E:\Proyectos\proyecto4geeks\data\raw\Guns_DS\M16\5 (19).wav","Guns_DS","train","indefinida","True","True","True","wav","2.0","48000","Stereo","16","1536000","375.04","2023-04-08 21:37:10"
"5 (2).wav","/C/gun_shot_2778111f","[""/C/gun_shot_2778111f""]","gun_shot","[""gun_shot""]","E:\Proyectos\proyecto4geeks\data\raw\Guns_DS\M16\5 (2).wav","Guns_DS","train","indefinida","True","True","True","wav","2.0","48000","Stereo","16","1536000","375.04","2023-04-08 21:37:10"
"5 (20).wav","/C/gun_shot_2778111f","[""/C/gun_shot_2778111f""]","gun_shot","[""gun_shot""]","E:\Proyectos\proyecto4geeks\data\raw\Guns_DS\M16\5 (20).wav","Guns_DS","train","indefinida","True","True","True","wav","2.0","48000","Stereo","16","1536000","375.04","2023-04-08 21:37:10"
"5 (21).wav","/C/gun_shot_2778111f","[""/C/gun_shot_2778111f""]","gun_shot","[""gun_shot""]","E:\Proyectos\proyecto4geeks\data\raw\Guns_DS\M16\5 (21).wav","Guns_DS","train","indefinida","True","True","True","wav","2.0","48000","Stereo","16","1536000","375.04","2023-04-08 21:37:10"
"5 (22).wav","/C/gun_shot_2778111f","[""/C/gun_shot_2778111f""]","gun_shot","[""gun_shot""]","E:\Proyectos\proyecto4geeks\data\raw\Guns_DS\M16\5 (22).wav","Guns_DS","train","indefinida","True","True","True","wav","2.0","48000","Stereo","16","1536000","375.04","2023-04-08 21:37:12"
"5 (23).wav","/C/gun_shot_2778111f","[""/C/gun_shot_2778111f""]","gun_shot","[""gun_shot""]","E:\Proyectos\proyecto4geeks\data\raw\Guns_DS\M16\5 (23).wav","Guns_DS","train","indefinida","True","True","True","wav","2.0","48000","Stereo","16","1536000","375.04","2023-04-08 21:37:12"
"5 (24).wav","/C/gun_shot_2778111f","[""/C/gun_shot_2778111f""]","gun_shot","[""gun_shot""]","E:\Proyectos\proyecto4geeks\data\raw\Guns_DS\M16\5 (24).wav","Guns_DS","train","indefinida","True","True","True","wav","2.0","48000","Stereo","16","1536000","375.04","2023-04-08 21:37:12"
"5 (25).wav","/C/gun_shot_2778111f","[""/C/gun_shot_2778111f""]","gun_shot","[""gun_shot""]","E:\Proyectos\proyecto4geeks\data\raw\Guns_DS\M16\5 (25).wav","Guns_DS","test","indefinida","True","True","True","wav","2.0","48000","Stereo","16","1536000","375.04","2023-04-08 21:37:12"
"5 (26).wav","/C/gun_shot_2778111f","[""/C/gun_shot_2778111f""]","gun_shot","[""gun_shot""]","E:\Proyectos\proyecto4geeks\data\raw\Guns_DS\M16\5 (26).wav","Guns_DS","train","indefinida","True","True","True","wav","2.0","48000","Stereo","16","1536000","375.04","2023-04-08 21:37:12"
"5 (27).wav","/C/gun_shot_2778111f","[""/C/gun_shot_2778111f""]","gun_shot","[""gun_shot""]","E:\Proyectos\proyecto4geeks\data\raw\Guns_DS\M16\5 (27).wav","Guns_DS","train","indefinida","True","True","True","wav","2.0","48000","Stereo","16","1536000","375.04","2023-04-08 21:37:12"
"5 (28).wav","/C/gun_shot_2778111f","[""/C/gun_shot_2778111f""]","gun_shot","[""gun_shot""]","E:\Proyectos\proyecto4geeks\data\raw\Guns_DS\M16\5 (28).wav","Guns_DS","train","indefinida","True","True","True","wav","2.0","48000","Stereo","16","1536000","375.04","2023-04-08 21:37:12"
"5 (29).wav","/C/gun_shot_2778111f","[""/C/gun_shot_2778111f""]","gun_shot","[""gun_shot""]","E:\Proyectos\proyecto4geeks\data\raw\Guns_DS\M16\5 (29).wav","Guns_DS","train","indefinida","True","True","True","wav","2.0","48000","Stereo","16","1536000","375.04","2023-04-08 21:37:12"
"5 (3).wav","/C/gun_shot_2778111f","[""/C/gun_shot_2778111f""]","gun_shot","[""gun_shot""]","E:\Proyectos\proyecto4geeks\data\raw\Guns_DS\M16\5 (3).wav","Guns_DS","train","indefinida","True","True","True","wav","2.0","48000","Stereo","16","1536000","375.04","2023-04-08 21:37:12"
"5 (30).wav","/C/gun_shot_2778111f","[""/C/gun_shot_2778111f""]","gun_shot","[""gun_shot""]","E:\Proyectos\proyecto4geeks\data\raw\Guns_DS\M16\5 (30).wav","Guns_DS","train","indefinida","True","True","True","wav","2.0","48000","Stereo","16","1536000","375.04","2023-04-08 21:37:12"
"5 (31).wav","/C/gun_shot_2778111f","[""/C/gun_shot_2778111f""]","gun_shot","[""gun_shot""]","E:\Proyectos\proyecto4geeks\data\raw\Guns_DS\M16\5 (31).wav","Guns_DS","test","indefinida","True","True","True","wav","2.0","48000","Stereo","16","1536000","375.04","2023-04-08 21:37:12"
"5 (32).wav","/C/gun_shot_2778111f","[""/C/gun_shot_2778111f""]","gun_shot","[""gun_shot""]","E:\Proyectos\proyecto4geeks\data\raw\Guns_DS\M16\5 (32).wav","Guns_DS","train","indefinida","True","True","True","wav","2.0","48000","Stereo","16","1536000","375.04","2023-04-08 21:37:12"
"5 (33).wav","/C/gun_shot_2778111f","[""/C/gun_shot_2778111f""]","gun_shot","[""gun_shot""]","E:\Proyectos\proyecto4geeks\data\raw\Guns_DS\M16\5 (33).wav","Guns_DS","train","indefinida","True","True","True","wav","2.0","48000","Stereo","16","1536000","375.04","2023-04-08 21:37:12"
"5 (34).wav","/C/gun_shot_2778111f","[""/C/gun_shot_2778111f""]","gun_shot","[""gun_shot""]","E:\Proyectos\proyecto4geeks\data\raw\Guns_DS\M16\5 (34).wav","Guns_DS","train","indefinida","True","True","True","wav","2.0","48000","Stereo","16","1536000","375.04","2023-04-08 21:37:12"
"5 (35).wav","/C/gun_shot_2778111f","[""/C/gun_shot_2778111f""]","gun_shot","[""gun_shot""]","E:\Proyectos\proyecto4geeks\data\raw\Guns_DS\M16\5 (35).wav","Guns_DS","train","indefinida","True","True","True","wav","2.0","48000","Stereo","16","1536000","375.04","2023-04-08 21:37:12"
"5 (36).wav","/C/gun_shot_2778111f","[""/C/gun_shot_2778111f""]","gun_shot","[""gun_shot""]","E:\Proyectos\proyecto4geeks\data\raw\Guns_DS\M16\5 (36).wav","Guns_DS","train","indefinida","True","True","True","wav","2.0","48000","Stereo","16","1536000","375.04","2023-04-08 21:37:12"
"5 (37).wav","/C/gun_shot_2778111f","[""/C/gun_shot_2778111f""]","gun_shot","[""gun_shot""]","E:\Proyectos\proyecto4geeks\data\raw\Guns_DS\M16\5 (37).wav","Guns_DS","train","indefinida","True","True","True","wav","2.0","48000","Stereo","16","1536000","375.04","2023-04-08 21:37:12"
"5 (38).wav","/C/gun_shot_2778111f","[""/C/gun_shot_2778111f""]","gun_shot","[""gun_shot""]","E:\Proyectos\proyecto4geeks\data\raw\Guns_DS\M16\5 (38).wav","Guns_DS","train","indefinida","True","True","True","wav","2.0","48000","Stereo","16","1536000","375.04","2023-04-08 21:37:12"
"5 (39).wav","/C/gun_shot_2778111f","[""/C/gun_shot_2778111f""]","gun_shot","[""gun_shot""]","E:\Proyectos\proyecto4geeks\data\raw\Guns_DS\M16\5 (39).wav","Guns_DS","train","indefinida","True","True","True","wav","2.0","48000","Stereo","16","1536000","375.04","2023-04-08 21:37:12"
"5 (4).wav","/C/gun_shot_2778111f","[""/C/gun_shot_2778111f""]","gun_shot","[""gun_shot""]","E:\Proyectos\proyecto4geeks\data\raw\Guns_DS\M16\5 (4).wav","Guns_DS","train","indefinida","True","True","True","wav","2.0","48000","Stereo","16","1536000","375.04","2023-04-08 21:37:12"
"5 (40).wav","/C/gun_shot_2778111f","[""/C/gun_shot_2778111f""]","gun_shot","[""gun_shot""]","E:\Proyectos\proyecto4geeks\data\raw\Guns_DS\M16\5 (40).wav","Guns_DS","train","indefinida","True","True","True","wav","2.0","48000","Stereo","16","1536000","375.04","2023-04-08 21:37:12"
"5 (41).wav","/C/gun_shot_2778111f","[""/C/gun_shot_2778111f""]","gun_shot","[""gun_shot""]","E:\Proyectos\proyecto4geeks\data\raw\Guns_DS\M16\5 (41).wav","Guns_DS","train","indefinida","True","True","True","wav","2.0","48000","Stereo","16","1536000","375.04","2023-04-08 21:37:12"
"5 (42).wav","/C/gun_shot_2778111f","[""/C/gun_shot_2778111f""]","gun_shot","[""gun_shot""]","E:\Proyectos\proyecto4geeks\data\raw\Guns_DS\M16\5 (42).wav","Guns_DS","train","indefinida","True","True","True","wav","2.0","48000","Stereo","16","1536000","375.04","2023-04-08 21:37:12"
"5 (43).wav","/C/gun_shot_2778111f","[""/C/gun_shot_2778111f""]","gun_shot","[""gun_shot""]","E:\Proyectos\proyecto4geeks\data\raw\Guns_DS\M16\5 (43).wav","Guns_DS","test","indefinida","True","True","True","wav","2.0","48000","Stereo","16","1536000","375.04","2023-04-08 21:37:12"
"5 (44).wav","/C/gun_shot_2778111f","[""/C/gun_shot_2778111f""]","gun_shot","[""gun_shot""]","E:\Proyectos\proyecto4geeks\data\raw\Guns_DS\M16\5 (44).wav","Guns_DS","train","indefinida","True","True","True","wav","2.0","48000","Stereo","16","1536000","375.04","2023-04-08 21:37:12"
"5 (45).wav","/C/gun_shot_2778111f","[""/C/gun_shot_2778111f""]","gun_shot","[""gun_shot""]","E:\Proyectos\proyecto4geeks\data\raw\Guns_DS\M16\5 (45).wav","Guns_DS","train","indefinida","True","True","True","wav","2.0","48000","Stereo","16","1536000","375.04","2023-04-08 21:37:12"
"5 (46).wav","/C/gun_shot_2778111f","[""/C/gun_shot_2778111f""]","gun_shot","[""gun_shot""]","E:\Proyectos\proyecto4geeks\data\raw\Guns_DS\M16\5 (46).wav","Guns_DS","train","indefinida","True","True","True","wav","2.0","48000","Stereo","16","1536000","375.04","2023-04-08 21:37:12"
"5 (47).wav","/C/gun_shot_2778111f","[""/C/gun_shot_2778111f""]","gun_shot","[""gun_shot""]","E:\Proyectos\proyecto4geeks\data\raw\Guns_DS\M16\5 (47).wav","Guns_DS","train","indefinida","True","True","True","wav","2.0","48000","Stereo","16","1536000","375.04","2023-04-08 21:37:12"
"5 (48).wav","/C/gun_shot_2778111f","[""/C/gun_shot_2778111f""]","gun_shot","[""gun_shot""]","E:\Proyectos\proyecto4geeks\data\raw\Guns_DS\M16\5 (48).wav","Guns_DS","test","indefinida","True","True","True","wav","2.0","48000","Stereo","16","1536000","375.04","2023-04-08 21:37:12"
"5 (49).wav","/C/gun_shot_2778111f","[""/C/gun_shot_2778111f""]","gun_shot","[""gun_shot""]","E:\Proyectos\proyecto4geeks\data\raw\Guns_DS\M16\5 (49).wav","Guns_DS","train","indefinida","True","True","True","wav","2.0","48000","Stereo","16","1536000","375.04","2023-04-08 21:37:12"
"5 (5).wav","/C/gun_shot_2778111f","[""/C/gun_shot_2778111f""]","gun_shot","[""gun_shot""]","E:\Proyectos\proyecto4geeks\data\raw\Guns_DS\M16\5 (5).wav","Guns_DS","test","indefinida","True","True","True","wav","2.0","48000","Stereo","16","1536000","375.04","2023-04-08 21:37:12"
"5 (50).wav","/C/gun_shot_2778111f","[""/C/gun_shot_2778111f""]","gun_shot","[""gun_shot""]","E:\Proyectos\proyecto4geeks\data\raw\Guns_DS\M16\5 (50).wav","Guns_DS","train","indefinida","True","True","True","wav","2.0","48000","Stereo","16","1536000","375.04","2023-04-08 21:37:12"
"5 (51).wav","/C/gun_shot_2778111f","[""/C/gun_shot_2778111f""]","gun_shot","[""gun_shot""]","E:\Proyectos\proyecto4geeks\data\raw\Guns_DS\M16\5 (51).wav","Guns_DS","train","indefinida","True","True","True","wav","2.0","48000","Stereo","16","1536000","375.04","2023-04-08 21:37:12"
"5 (52).wav","/C/gun_shot_2778111f","[""/C/gun_shot_2778111f""]","gun_shot","[""gun_shot""]","E:\Proyectos\proyecto4geeks\data\raw\Guns_DS\M16\5 (52).wav","Guns_DS","train","indefinida","True","True","True","wav","2.0","48000","Stereo","16","1536000","375.04","2023-04-08 21:37:12"
"5 (53).wav","/C/gun_shot_2778111f","[""/C/gun_shot_2778111f""]","gun_shot","[""gun_shot""]","E:\Proyectos\proyecto4geeks\data\raw\Guns_DS\M16\5 (53).wav","Guns_DS","train","indefinida","True","True","True","wav","2.0","48000","Stereo","16","1536000","375.04","2023-04-08 21:37:12"
"5 (54).wav","/C/gun_shot_2778111f","[""/C/gun_shot_2778111f""]","gun_shot","[""gun_shot""]","E:\Proyectos\proyecto4geeks\data\raw\Guns_DS\M16\5 (54).wav","Guns_DS","train","indefinida","True","True","True","wav","2.0","48000","Stereo","16","1536000","375.04","2023-04-08 21:37:12"
"5 (55).wav","/C/gun_shot_2778111f","[""/C/gun_shot_2778111f""]","gun_shot","[""gun_shot""]","E:\Proyectos\proyecto4geeks\data\raw\Guns_DS\M16\5 (55).wav","Guns_DS","train","indefinida","True","True","True","wav","2.0","48000","Stereo","16","1536000","375.04","2023-04-08 21:37:12"
"5 (56).wav","/C/gun_shot_2778111f","[""/C/gun_shot_2778111f""]","gun_shot","[""gun_shot""]","E:\Proyectos\proyecto4geeks\data\raw\Guns_DS\M16\5 (56).wav","Guns_DS","train","indefinida","True","True","True","wav","2.0","48000","Stereo","16","1536000","375.04","2023-04-08 21:37:12"
"5 (57).wav","/C/gun_shot_2778111f","[""/C/gun_shot_2778111f""]","gun_shot","[""gun_shot""]","E:\Proyectos\proyecto4geeks\data\raw\Guns_DS\M16\5 (57).wav","Guns_DS","train","indefinida","True","True","True","wav","2.0","48000","Stereo","16","1536000","375.04","2023-04-08 21:37:12"
"5 (58).wav","/C/gun_shot_2778111f","[""/C/gun_shot_2778111f""]","gun_shot","[""gun_shot""]","E:\Proyectos\proyecto4geeks\data\raw\Guns_DS\M16\5 (58).wav","Guns_DS","train","indefinida","True","True","True","wav","2.0","48000","Stereo","16","1536000","375.04","2023-04-08 21:37:12"
"5 (59).wav","/C/gun_shot_2778111f","[""/C/gun_shot_2778111f""]","gun_shot","[""gun_shot""]","E:\Proyectos\proyecto4geeks\data\raw\Guns_DS\M16\5 (59).wav","Guns_DS","train","indefinida","True","True","True","wav","2.0","48000","Stereo","16","1536000","375.04","2023-04-08 21:37:12"
"5 (6).wav","/C/gun_shot_2778111f","[""/C/gun_shot_2778111f""]","gun_shot","[""gun_shot""]","E:\Proyectos\proyecto4geeks\data\raw\Guns_DS\M16\5 (6).wav","Guns_DS","train","indefinida","True","True","True","wav","2.0","48000","Stereo","16","1536000","375.04","2023-04-08 21:37:12"
"5 (60).wav","/C/gun_shot_2778111f","[""/C/gun_shot_2778111f""]","gun_shot","[""gun_shot""]","E:\Proyectos\proyecto4geeks\data\raw\Guns_DS\M16\5 (60).wav","Guns_DS","train","indefinida","True","True","True","wav","2.0","48000","Stereo","16","1536000","375.04","2023-04-08 21:37:12"
"5 (61).wav","/C/gun_shot_2778111f","[""/C/gun_shot_2778111f""]","gun_shot","[""gun_shot""]","E:\Proyectos\proyecto4geeks\data\raw\Guns_DS\M16\5 (61).wav","Guns_DS","train","indefinida","True","True","True","wav","2.0","48000","Stereo","16","1536000","375.04","2023-04-08 21:37:12"
"5 (62).wav","/C/gun_shot_2778111f","[""/C/gun_shot_2778111f""]","gun_shot","[""gun_shot""]","E:\Proyectos\proyecto4geeks\data\raw\Guns_DS\M16\5 (62).wav","Guns_DS","train","indefinida","True","True","True","wav","2.0","48000","Stereo","16","1536000","375.04","2023-04-08 21:37:12"
"5 (63).wav","/C/gun_shot_2778111f","[""/C/gun_shot_2778111f""]","gun_shot","[""gun_shot""]","E:\Proyectos\proyecto4geeks\data\raw\Guns_DS\M16\5 (63).wav","Guns_DS","test","indefinida","True","True","True","wav","2.0","48000","Stereo","16","1536000","375.04","2023-04-08 21:37:12"
"5 (64).wav","/C/gun_shot_2778111f","[""/C/gun_shot_2778111f""]","gun_shot","[""gun_shot""]","E:\Proyectos\proyecto4geeks\data\raw\Guns_DS\M16\5 (64).wav","Guns_DS","train","indefinida","True","True","True","wav","2.0","48000","Stereo","16","1536000","375.04","2023-04-08 21:37:12"
"5 (65).wav","/C/gun_shot_2778111f","[""/C/gun_shot_2778111f""]","gun_shot","[""gun_shot""]","E:\Proyectos\proyecto4geeks\data\raw\Guns_DS\M16\5 (65).wav","Guns_DS","train","indefinida","True","True","True","wav","2.0","48000","Stereo","16","1536000","375.04","2023-04-08 21:37:12"
"5 (66).wav","/C/gun_shot_2778111f","[""/C/gun_shot_2778111f""]","gun_shot","[""gun_shot""]","E:\Proyectos\proyecto4geeks\data\raw\Guns_DS\M16\5 (66).wav","Guns_DS","train","indefinida","True","True","True","wav","2.0","48000","Stereo","16","1536000","375.04","2023-04-08 21:37:12"
"5 (67).wav","/C/gun_shot_2778111f","[""/C/gun_shot_2778111f""]","gun_shot","[""gun_shot""]","E:\Proyectos\proyecto4geeks\data\raw\Guns_DS\M16\5 (67).wav","Guns_DS","train","indefinida","True","True","True","wav","2.0","48000","Stereo","16","1536000","375.04","2023-04-08 21:37:12"
"5 (68).wav","/C/gun_shot_2778111f","[""/C/gun_shot_2778111f""]","gun_shot","[""gun_shot""]","E:\Proyectos\proyecto4geeks\data\raw\Guns_DS\M16\5 (68).wav","Guns_DS","train","indefinida","True","True","True","wav","2.0","48000","Stereo","16","1536000","375.04","2023-04-08 21:37:12"
"5 (69).wav","/C/gun_shot_2778111f","[""/C/gun_shot_2778111f""]","gun_shot","[""gun_shot""]","E:\Proyectos\proyecto4geeks\data\raw\Guns_DS\M16\5 (69).wav","Guns_DS","train","indefinida","True","True","True","wav","2.0","48000","Stereo","16","1536000","375.04","2023-04-08 21:37:12"
"5 (7).wav","/C/gun_shot_2778111f","[""/C/gun_shot_2778111f""]","gun_shot","[""gun_shot""]","E:\Proyectos\proyecto4geeks\data\raw\Guns_DS\M16\5 (7).wav","Guns_DS","test","indefinida","True","True","True","wav","2.0","48000","Stereo","16","1536000","375.04","2023-04-08 21:37:12"
"5 (70).wav","/C/gun_shot_2778111f","[""/C/gun_shot_2778111f""]","gun_shot","[""gun_shot""]","E:\Proyectos\proyecto4geeks\data\raw\Guns_DS\M16\5 (70).wav","Guns_DS","train","indefinida","True","True","True","wav","2.0","48000","Stereo","16","1536000","375.04","2023-04-08 21:37:12"
"5 (71).wav","/C/gun_shot_2778111f","[""/C/gun_shot_2778111f""]","gun_shot","[""gun_shot""]","E:\Proyectos\proyecto4geeks\data\raw\Guns_DS\M16\5 (71).wav","Guns_DS","test","indefinida","True","True","True","wav","2.0","48000","Stereo","16","1536000","375.04","2023-04-08 21:37:12"
"5 (72).wav","/C/gun_shot_2778111f","[""/C/gun_shot_2778111f""]","gun_shot","[""gun_shot""]","E:\Proyectos\proyecto4geeks\data\raw\Guns_DS\M16\5 (72).wav","Guns_DS","train","indefinida","True","True","True","wav","2.0","48000","Stereo","16","1536000","375.04","2023-04-08 21:37:12"
"5 (73).wav","/C/gun_shot_2778111f","[""/C/gun_shot_2778111f""]","gun_shot","[""gun_shot""]","E:\Proyectos\proyecto4geeks\data\raw\Guns_DS\M16\5 (73).wav","Guns_DS","train","indefinida","True","True","True","wav","2.0","48000","Stereo","16","1536000","375.04","2023-04-08 21:37:12"
"5 (74).wav","/C/gun_shot_2778111f","[""/C/gun_shot_2778111f""]","gun_shot","[""gun_shot""]","E:\Proyectos\proyecto4geeks\data\raw\Guns_DS\M16\5 (74).wav","Guns_DS","train","indefinida","True","True","True","wav","2.0","48000","Stereo","16","1536000","375.04","2023-04-08 21:37:12"
"5 (75).wav","/C/gun_shot_2778111f","[""/C/gun_shot_2778111f""]","gun_shot","[""gun_shot""]","E:\Proyectos\proyecto4geeks\data\raw\Guns_DS\M16\5 (75).wav","Guns_DS","test","indefinida","True","True","True","wav","2.0","48000","Stereo","16","1536000","375.04","2023-04-08 21:37:12"
"5 (76).wav","/C/gun_shot_2778111f","[""/C/gun_shot_2778111f""]","gun_shot","[""gun_shot""]","E:\Proyectos\proyecto4geeks\data\raw\Guns_DS\M16\5 (76).wav","Guns_DS","train","indefinida","True","True","True","wav","2.0","48000","Stereo","16","1536000","375.04","2023-04-08 21:37:12"
"5 (77).wav","/C/gun_shot_2778111f","[""/C/gun_shot_2778111f""]","gun_shot","[""gun_shot""]","E:\Proyectos\proyecto4geeks\data\raw\Guns_DS\M16\5 (77).wav","Guns_DS","test","indefinida","True","True","True","wav","2.0","48000","Stereo","16","1536000","375.04","2023-04-08 21:37:12"
"5 (78).wav","/C/gun_shot_2778111f","[""/C/gun_shot_2778111f""]","gun_shot","[""gun_shot""]","E:\Proyectos\proyecto4geeks\data\raw\Guns_DS\M16\5 (78).wav","Guns_DS","train","indefinida","True","True","True","wav","2.0","48000","Stereo","16","1536000","375.04","2023-04-08 21:37:12"
"5 (79).wav","/C/gun_shot_2778111f","[""/C/gun_shot_2778111f""]","gun_shot","[""gun_shot""]","E:\Proyectos\proyecto4geeks\data\raw\Guns_DS\M16\5 (79).wav","Guns_DS","train","indefinida","True","True","True","wav","2.0","48000","Stereo","16","1536000","375.04","2023-04-08 21:37:12"
"5 (8).wav","/C/gun_shot_2778111f","[""/C/gun_shot_2778111f""]","gun_shot","[""gun_shot""]","E:\Proyectos\proyecto4geeks\data\raw\Guns_DS\M16\5 (8).wav","Guns_DS","train","indefinida","True","True","True","wav","2.0","48000","Stereo","16","1536000","375.04","2023-04-08 21:37:12"
"5 (80).wav","/C/gun_shot_2778111f","[""/C/gun_shot_2778111f""]","gun_shot","[""gun_shot""]","E:\Proyectos\proyecto4geeks\data\raw\Guns_DS\M16\5 (80).wav","Guns_DS","train","indefinida","True","True","True","wav","2.0","48000","Stereo","16","1536000","375.04","2023-04-08 21:37:12"
"5 (81).wav","/C/gun_shot_2778111f","[""/C/gun_shot_2778111f""]","gun_shot","[""gun_shot""]","E:\Proyectos\proyecto4geeks\data\raw\Guns_DS\M16\5 (81).wav","Guns_DS","train","indefinida","True","True","True","wav","2.0","48000","Stereo","16","1536000","375.04","2023-04-08 21:37:12"
"5 (82).wav","/C/gun_shot_2778111f","[""/C/gun_shot_2778111f""]","gun_shot","[""gun_shot""]","E:\Proyectos\proyecto4geeks\data\raw\Guns_DS\M16\5 (82).wav","Guns_DS","train","indefinida","True","True","True","wav","2.0","48000","Stereo","16","1536000","375.04","2023-04-08 21:37:12"
"5 (83).wav","/C/gun_shot_2778111f","[""/C/gun_shot_2778111f""]","gun_shot","[""gun_shot""]","E:\Proyectos\proyecto4geeks\data\raw\Guns_DS\M16\5 (83).wav","Guns_DS","train","indefinida","True","True","True","wav","2.0","48000","Stereo","16","1536000","375.04","2023-04-08 21:37:14"
"5 (84).wav","/C/gun_shot_2778111f","[""/C/gun_shot_2778111f""]","gun_shot","[""gun_shot""]","E:\Proyectos\proyecto4geeks\data\raw\Guns_DS\M16\5 (84).wav","Guns_DS","train","indefinida","True","True","True","wav","2.0","48000","Stereo","16","1536000","375.04","2023-04-08 21:37:14"
"5 (85).wav","/C/gun_shot_2778111f","[""/C/gun_shot_2778111f""]","gun_shot","[""gun_shot""]","E:\Proyectos\proyecto4geeks\data\raw\Guns_DS\M16\5 (85).wav","Guns_DS","train","indefinida","True","True","True","wav","2.0","48000","Stereo","16","1536000","375.04","2023-04-08 21:37:14"
"5 (86).wav","/C/gun_shot_2778111f","[""/C/gun_shot_2778111f""]","gun_shot","[""gun_shot""]","E:\Proyectos\proyecto4geeks\data\raw\Guns_DS\M16\5 (86).wav","Guns_DS","train","indefinida","True","True","True","wav","2.0","48000","Stereo","16","1536000","375.04","2023-04-08 21:37:14"
"5 (87).wav","/C/gun_shot_2778111f","[""/C/gun_shot_2778111f""]","gun_shot","[""gun_shot""]","E:\Proyectos\proyecto4geeks\data\raw\Guns_DS\M16\5 (87).wav","Guns_DS","train","indefinida","True","True","True","wav","2.0","48000","Stereo","16","1536000","375.04","2023-04-08 21:37:14"
"5 (88).wav","/C/gun_shot_2778111f","[""/C/gun_shot_2778111f""]","gun_shot","[""gun_shot""]","E:\Proyectos\proyecto4geeks\data\raw\Guns_DS\M16\5 (88).wav","Guns_DS","train","indefinida","True","True","True","wav","2.0","48000","Stereo","16","1536000","375.04","2023-04-08 21:37:14"
"5 (89).wav","/C/gun_shot_2778111f","[""/C/gun_shot_2778111f""]","gun_shot","[""gun_shot""]","E:\Proyectos\proyecto4geeks\data\raw\Guns_DS\M16\5 (89).wav","Guns_DS","train","indefinida","True","True","True","wav","2.0","48000","Stereo","16","1536000","375.04","2023-04-08 21:37:14"
"5 (9).wav","/C/gun_shot_2778111f","[""/C/gun_shot_2778111f""]","gun_shot","[""gun_shot""]","E:\Proyectos\proyecto4geeks\data\raw\Guns_DS\M16\5 (9).wav","Guns_DS","train","indefinida","True","True","True","wav","2.0","48000","Stereo","16","1536000","375.04","2023-04-08 21:37:14"
"5 (90).wav","/C/gun_shot_2778111f","[""/C/gun_shot_2778111f""]","gun_shot","[""gun_shot""]","E:\Proyectos\proyecto4geeks\data\raw\Guns_DS\M16\5 (90).wav","Guns_DS","train","indefinida","True","True","True","wav","2.0","48000","Stereo","16","1536000","375.04","2023-04-08 21:37:14"
"5 (91).wav","/C/gun_shot_2778111f","[""/C/gun_shot_2778111f""]","gun_shot","[""gun_shot""]","E:\Proyectos\proyecto4geeks\data\raw\Guns_DS\M16\5 (91).wav","Guns_DS","train","indefinida","True","True","True","wav","2.0","48000","Stereo","16","1536000","375.04","2023-04-08 21:37:14"
"5 (92).wav","/C/gun_shot_2778111f","[""/C/gun_shot_2778111f""]","gun_shot","[""gun_shot""]","E:\Proyectos\proyecto4geeks\data\raw\Guns_DS\M16\5 (92).wav","Guns_DS","train","indefinida","True","True","True","wav","2.0","48000","Stereo","16","1536000","375.04","2023-04-08 21:37:14"
"5 (93).wav","/C/gun_shot_2778111f","[""/C/gun_shot_2778111f""]","gun_shot","[""gun_shot""]","E:\Proyectos\proyecto4geeks\data\raw\Guns_DS\M16\5 (93).wav","Guns_DS","train","indefinida","True","True","True","wav","2.0","48000","Stereo","16","1536000","375.04","2023-04-08 21:37:14"
"5 (94).wav","/C/gun_shot_2778111f","[""/C/gun_shot_2778111f""]","gun_shot","[""gun_shot""]","E:\Proyectos\proyecto4geeks\data\raw\Guns_DS\M16\5 (94).wav","Guns_DS","train","indefinida","True","True","True","wav","2.0","48000","Stereo","16","1536000","375.04","2023-04-08 21:37:14"
"5 (95).wav","/C/gun_shot_2778111f","[""/C/gun_shot_2778111f""]","gun_shot","[""gun_shot""]","E:\Proyectos\proyecto4geeks\data\raw\Guns_DS\M16\5 (95).wav","Guns_DS","train","indefinida","True","True","True","wav","2.0","48000","Stereo","16","1536000","375.04","2023-04-08 21:37:14"
"5 (96).wav","/C/gun_shot_2778111f","[""/C/gun_shot_2778111f""]","gun_shot","[""gun_shot""]","E:\Proyectos\proyecto4geeks\data\raw\Guns_DS\M16\5 (96).wav","Guns_DS","test","indefinida","True","True","True","wav","2.0","48000","Stereo","16","1536000","375.04","2023-04-08 21:37:14"
"5 (97).wav","/C/gun_shot_2778111f","[""/C/gun_shot_2778111f""]","gun_shot","[""gun_shot""]","E:\Proyectos\proyecto4geeks\data\raw\Guns_DS\M16\5 (97).wav","Guns_DS","train","indefinida","True","True","True","wav","2.0","48000","Stereo","16","1536000","375.04","2023-04-08 21:37:14"
"5 (98).wav","/C/gun_shot_2778111f","[""/C/gun_shot_2778111f""]","gun_shot","[""gun_shot""]","E:\Proyectos\proyecto4geeks\data\raw\Guns_DS\M16\5 (98).wav","Guns_DS","train","indefinida","True","True","True","wav","2.0","48000","Stereo","16","1536000","375.04","2023-04-08 21:37:14"
"5 (99).wav","/C/gun_shot_2778111f","[""/C/gun_shot_2778111f""]","gun_shot","[""gun_shot""]","E:\Proyectos\proyecto4geeks\data\raw\Guns_DS\M16\5 (99).wav","Guns_DS","train","indefinida","True","True","True","wav","2.0","48000","Stereo","16","1536000","375.04","2023-04-08 21:37:14"
"6 (1).wav","/C/gun_shot_2778111f","[""/C/gun_shot_2778111f""]","gun_shot","[""gun_shot""]","E:\Proyectos\proyecto4geeks\data\raw\Guns_DS\M249\6 (1).wav","Guns_DS","train","indefinida","True","True","True","wav","2.0","48000","Stereo","16","1536000","375.04","2023-04-08 21:37:14"
"6 (10).wav","/C/gun_shot_2778111f","[""/C/gun_shot_2778111f""]","gun_shot","[""gun_shot""]","E:\Proyectos\proyecto4geeks\data\raw\Guns_DS\M249\6 (10).wav","Guns_DS","train","indefinida","True","True","True","wav","2.0","48000","Stereo","16","1536000","375.04","2023-04-08 21:37:14"
"6 (11).wav","/C/gun_shot_2778111f","[""/C/gun_shot_2778111f""]","gun_shot","[""gun_shot""]","E:\Proyectos\proyecto4geeks\data\raw\Guns_DS\M249\6 (11).wav","Guns_DS","test","indefinida","True","True","True","wav","2.0","48000","Stereo","16","1536000","375.04","2023-04-08 21:37:14"
"6 (12).wav","/C/gun_shot_2778111f","[""/C/gun_shot_2778111f""]","gun_shot","[""gun_shot""]","E:\Proyectos\proyecto4geeks\data\raw\Guns_DS\M249\6 (12).wav","Guns_DS","train","indefinida","True","True","True","wav","2.0","48000","Stereo","16","1536000","375.04","2023-04-08 21:37:14"
"6 (13).wav","/C/gun_shot_2778111f","[""/C/gun_shot_2778111f""]","gun_shot","[""gun_shot""]","E:\Proyectos\proyecto4geeks\data\raw\Guns_DS\M249\6 (13).wav","Guns_DS","train","indefinida","True","True","True","wav","2.0","48000","Stereo","16","1536000","375.04","2023-04-08 21:37:14"
"6 (14).wav","/C/gun_shot_2778111f","[""/C/gun_shot_2778111f""]","gun_shot","[""gun_shot""]","E:\Proyectos\proyecto4geeks\data\raw\Guns_DS\M249\6 (14).wav","Guns_DS","train","indefinida","True","True","True","wav","2.0","48000","Stereo","16","1536000","375.04","2023-04-08 21:37:14"
"6 (15).wav","/C/gun_shot_2778111f","[""/C/gun_shot_2778111f""]","gun_shot","[""gun_shot""]","E:\Proyectos\proyecto4geeks\data\raw\Guns_DS\M249\6 (15).wav","Guns_DS","train","indefinida","True","True","True","wav","2.0","48000","Stereo","16","1536000","375.04","2023-04-08 21:37:14"
"6 (16).wav","/C/gun_shot_2778111f","[""/C/gun_shot_2778111f""]","gun_shot","[""gun_shot""]","E:\Proyectos\proyecto4geeks\data\raw\Guns_DS\M249\6 (16).wav","Guns_DS","train","indefinida","True","True","True","wav","2.0","48000","Stereo","16","1536000","375.04","2023-04-08 21:37:14"
"6 (17).wav","/C/gun_shot_2778111f","[""/C/gun_shot_2778111f""]","gun_shot","[""gun_shot""]","E:\Proyectos\proyecto4geeks\data\raw\Guns_DS\M249\6 (17).wav","Guns_DS","test","indefinida","True","True","True","wav","2.0","48000","Stereo","16","1536000","375.04","2023-04-08 21:37:14"
"6 (18).wav","/C/gun_shot_2778111f","[""/C/gun_shot_2778111f""]","gun_shot","[""gun_shot""]","E:\Proyectos\proyecto4geeks\data\raw\Guns_DS\M249\6 (18).wav","Guns_DS","test","indefinida","True","True","True","wav","2.0","48000","Stereo","16","1536000","375.04","2023-04-08 21:37:14"
"6 (19).wav","/C/gun_shot_2778111f","[""/C/gun_shot_2778111f""]","gun_shot","[""gun_shot""]","E:\Proyectos\proyecto4geeks\data\raw\Guns_DS\M249\6 (19).wav","Guns_DS","train","indefinida","True","True","True","wav","2.0","48000","Stereo","16","1536000","375.04","2023-04-08 21:37:14"
"6 (2).wav","/C/gun_shot_2778111f","[""/C/gun_shot_2778111f""]","gun_shot","[""gun_shot""]","E:\Proyectos\proyecto4geeks\data\raw\Guns_DS\M249\6 (2).wav","Guns_DS","train","indefinida","True","True","True","wav","2.0","48000","Stereo","16","1536000","375.04","2023-04-08 21:37:14"
"6 (20).wav","/C/gun_shot_2778111f","[""/C/gun_shot_2778111f""]","gun_shot","[""gun_shot""]","E:\Proyectos\proyecto4geeks\data\raw\Guns_DS\M249\6 (20).wav","Guns_DS","train","indefinida","True","True","True","wav","2.0","48000","Stereo","16","1536000","375.04","2023-04-08 21:37:14"
"6 (21).wav","/C/gun_shot_2778111f","[""/C/gun_shot_2778111f""]","gun_shot","[""gun_shot""]","E:\Proyectos\proyecto4geeks\data\raw\Guns_DS\M249\6 (21).wav","Guns_DS","train","indefinida","True","True","True","wav","2.0","48000","Stereo","16","1536000","375.04","2023-04-08 21:37:14"
"6 (22).wav","/C/gun_shot_2778111f","[""/C/gun_shot_2778111f""]","gun_shot","[""gun_shot""]","E:\Proyectos\proyecto4geeks\data\raw\Guns_DS\M249\6 (22).wav","Guns_DS","train","indefinida","True","True","True","wav","2.0","48000","Stereo","16","1536000","375.04","2023-04-08 21:37:14"
"6 (23).wav","/C/gun_shot_2778111f","[""/C/gun_shot_2778111f""]","gun_shot","[""gun_shot""]","E:\Proyectos\proyecto4geeks\data\raw\Guns_DS\M249\6 (23).wav","Guns_DS","test","indefinida","True","True","True","wav","2.0","48000","Stereo","16","1536000","375.04","2023-04-08 21:37:14"
"6 (24).wav","/C/gun_shot_2778111f","[""/C/gun_shot_2778111f""]","gun_shot","[""gun_shot""]","E:\Proyectos\proyecto4geeks\data\raw\Guns_DS\M249\6 (24).wav","Guns_DS","train","indefinida","True","True","True","wav","2.0","48000","Stereo","16","1536000","375.04","2023-04-08 21:37:14"
"6 (25).wav","/C/gun_shot_2778111f","[""/C/gun_shot_2778111f""]","gun_shot","[""gun_shot""]","E:\Proyectos\proyecto4geeks\data\raw\Guns_DS\M249\6 (25).wav","Guns_DS","test","indefinida","True","True","True","wav","2.0","48000","Stereo","16","1536000","375.04","2023-04-08 21:37:14"
"6 (26).wav","/C/gun_shot_2778111f","[""/C/gun_shot_2778111f""]","gun_shot","[""gun_shot""]","E:\Proyectos\proyecto4geeks\data\raw\Guns_DS\M249\6 (26).wav","Guns_DS","train","indefinida","True","True","True","wav","2.0","48000","Stereo","16","1536000","375.04","2023-04-08 21:37:14"
"6 (27).wav","/C/gun_shot_2778111f","[""/C/gun_shot_2778111f""]","gun_shot","[""gun_shot""]","E:\Proyectos\proyecto4geeks\data\raw\Guns_DS\M249\6 (27).wav","Guns_DS","test","indefinida","True","True","True","wav","2.0","48000","Stereo","16","1536000","375.04","2023-04-08 21:37:14"
"6 (28).wav","/C/gun_shot_2778111f","[""/C/gun_shot_2778111f""]","gun_shot","[""gun_shot""]","E:\Proyectos\proyecto4geeks\data\raw\Guns_DS\M249\6 (28).wav","Guns_DS","train","indefinida","True","True","True","wav","2.0","48000","Stereo","16","1536000","375.04","2023-04-08 21:37:14"
"6 (29).wav","/C/gun_shot_2778111f","[""/C/gun_shot_2778111f""]","gun_shot","[""gun_shot""]","E:\Proyectos\proyecto4geeks\data\raw\Guns_DS\M249\6 (29).wav","Guns_DS","test","indefinida","True","True","True","wav","2.0","48000","Stereo","16","1536000","375.04","2023-04-08 21:37:14"
"6 (3).wav","/C/gun_shot_2778111f","[""/C/gun_shot_2778111f""]","gun_shot","[""gun_shot""]","E:\Proyectos\proyecto4geeks\data\raw\Guns_DS\M249\6 (3).wav","Guns_DS","test","indefinida","True","True","True","wav","2.0","48000","Stereo","16","1536000","375.04","2023-04-08 21:37:14"
"6 (30).wav","/C/gun_shot_2778111f","[""/C/gun_shot_2778111f""]","gun_shot","[""gun_shot""]","E:\Proyectos\proyecto4geeks\data\raw\Guns_DS\M249\6 (30).wav","Guns_DS","train","indefinida","True","True","True","wav","2.0","48000","Stereo","16","1536000","375.04","2023-04-08 21:37:14"
"6 (31).wav","/C/gun_shot_2778111f","[""/C/gun_shot_2778111f""]","gun_shot","[""gun_shot""]","E:\Proyectos\proyecto4geeks\data\raw\Guns_DS\M249\6 (31).wav","Guns_DS","train","indefinida","True","True","True","wav","2.0","48000","Stereo","16","1536000","375.04","2023-04-08 21:37:14"
"6 (32).wav","/C/gun_shot_2778111f","[""/C/gun_shot_2778111f""]","gun_shot","[""gun_shot""]","E:\Proyectos\proyecto4geeks\data\raw\Guns_DS\M249\6 (32).wav","Guns_DS","train","indefinida","True","True","True","wav","2.0","48000","Stereo","16","1536000","375.04","2023-04-08 21:37:14"
"6 (33).wav","/C/gun_shot_2778111f","[""/C/gun_shot_2778111f""]","gun_shot","[""gun_shot""]","E:\Proyectos\proyecto4geeks\data\raw\Guns_DS\M249\6 (33).wav","Guns_DS","train","indefinida","True","True","True","wav","2.0","48000","Stereo","16","1536000","375.04","2023-04-08 21:37:14"
"6 (34).wav","/C/gun_shot_2778111f","[""/C/gun_shot_2778111f""]","gun_shot","[""gun_shot""]","E:\Proyectos\proyecto4geeks\data\raw\Guns_DS\M249\6 (34).wav","Guns_DS","test","indefinida","True","True","True","wav","2.0","48000","Stereo","16","1536000","375.04","2023-04-08 21:37:14"
"6 (35).wav","/C/gun_shot_2778111f","[""/C/gun_shot_2778111f""]","gun_shot","[""gun_shot""]","E:\Proyectos\proyecto4geeks\data\raw\Guns_DS\M249\6 (35).wav","Guns_DS","train","indefinida","True","True","True","wav","2.0","48000","Stereo","16","1536000","375.04","2023-04-08 21:37:14"
"6 (36).wav","/C/gun_shot_2778111f","[""/C/gun_shot_2778111f""]","gun_shot","[""gun_shot""]","E:\Proyectos\proyecto4geeks\data\raw\Guns_DS\M249\6 (36).wav","Guns_DS","train","indefinida","True","True","True","wav","2.0","48000","Stereo","16","1536000","375.04","2023-04-08 21:37:14"
"6 (37).wav","/C/gun_shot_2778111f","[""/C/gun_shot_2778111f""]","gun_shot","[""gun_shot""]","E:\Proyectos\proyecto4geeks\data\raw\Guns_DS\M249\6 (37).wav","Guns_DS","train","indefinida","True","True","True","wav","2.0","48000","Stereo","16","1536000","375.04","2023-04-08 21:37:14"
"6 (38).wav","/C/gun_shot_2778111f","[""/C/gun_shot_2778111f""]","gun_shot","[""gun_shot""]","E:\Proyectos\proyecto4geeks\data\raw\Guns_DS\M249\6 (38).wav","Guns_DS","test","indefinida","True","True","True","wav","2.0","48000","Stereo","16","1536000","375.04","2023-04-08 21:37:14"
"6 (39).wav","/C/gun_shot_2778111f","[""/C/gun_shot_2778111f""]","gun_shot","[""gun_shot""]","E:\Proyectos\proyecto4geeks\data\raw\Guns_DS\M249\6 (39).wav","Guns_DS","train","indefinida","True","True","True","wav","2.0","48000","Stereo","16","1536000","375.04","2023-04-08 21:37:14"
"6 (4).wav","/C/gun_shot_2778111f","[""/C/gun_shot_2778111f""]","gun_shot","[""gun_shot""]","E:\Proyectos\proyecto4geeks\data\raw\Guns_DS\M249\6 (4).wav","Guns_DS","train","indefinida","True","True","True","wav","2.0","48000","Stereo","16","1536000","375.04","2023-04-08 21:37:14"
"6 (40).wav","/C/gun_shot_2778111f","[""/C/gun_shot_2778111f""]","gun_shot","[""gun_shot""]","E:\Proyectos\proyecto4geeks\data\raw\Guns_DS\M249\6 (40).wav","Guns_DS","train","indefinida","True","True","True","wav","2.0","48000","Stereo","16","1536000","375.04","2023-04-08 21:37:14"
"6 (41).wav","/C/gun_shot_2778111f","[""/C/gun_shot_2778111f""]","gun_shot","[""gun_shot""]","E:\Proyectos\proyecto4geeks\data\raw\Guns_DS\M249\6 (41).wav","Guns_DS","train","indefinida","True","True","True","wav","2.0","48000","Stereo","16","1536000","375.04","2023-04-08 21:37:14"
"6 (42).wav","/C/gun_shot_2778111f","[""/C/gun_shot_2778111f""]","gun_shot","[""gun_shot""]","E:\Proyectos\proyecto4geeks\data\raw\Guns_DS\M249\6 (42).wav","Guns_DS","test","indefinida","True","True","True","wav","2.0","48000","Stereo","16","1536000","375.04","2023-04-08 21:37:14"
"6 (43).wav","/C/gun_shot_2778111f","[""/C/gun_shot_2778111f""]","gun_shot","[""gun_shot""]","E:\Proyectos\proyecto4geeks\data\raw\Guns_DS\M249\6 (43).wav","Guns_DS","train","indefinida","True","True","True","wav","2.0","48000","Stereo","16","1536000","375.04","2023-04-08 21:37:14"
"6 (44).wav","/C/gun_shot_2778111f","[""/C/gun_shot_2778111f""]","gun_shot","[""gun_shot""]","E:\Proyectos\proyecto4geeks\data\raw\Guns_DS\M249\6 (44).wav","Guns_DS","train","indefinida","True","True","True","wav","2.0","48000","Stereo","16","1536000","375.04","2023-04-08 21:37:14"
"6 (45).wav","/C/gun_shot_2778111f","[""/C/gun_shot_2778111f""]","gun_shot","[""gun_shot""]","E:\Proyectos\proyecto4geeks\data\raw\Guns_DS\M249\6 (45).wav","Guns_DS","train","indefinida","True","True","True","wav","2.0","48000","Stereo","16","1536000","375.04","2023-04-08 21:37:14"
"6 (46).wav","/C/gun_shot_2778111f","[""/C/gun_shot_2778111f""]","gun_shot","[""gun_shot""]","E:\Proyectos\proyecto4geeks\data\raw\Guns_DS\M249\6 (46).wav","Guns_DS","train","indefinida","True","True","True","wav","2.0","48000","Stereo","16","1536000","375.04","2023-04-08 21:37:14"
"6 (47).wav","/C/gun_shot_2778111f","[""/C/gun_shot_2778111f""]","gun_shot","[""gun_shot""]","E:\Proyectos\proyecto4geeks\data\raw\Guns_DS\M249\6 (47).wav","Guns_DS","train","indefinida","True","True","True","wav","2.0","48000","Stereo","16","1536000","375.04","2023-04-08 21:37:14"
"6 (48).wav","/C/gun_shot_2778111f","[""/C/gun_shot_2778111f""]","gun_shot","[""gun_shot""]","E:\Proyectos\proyecto4geeks\data\raw\Guns_DS\M249\6 (48).wav","Guns_DS","train","indefinida","True","True","True","wav","2.0","48000","Stereo","16","1536000","375.04","2023-04-08 21:37:14"
"6 (49).wav","/C/gun_shot_2778111f","[""/C/gun_shot_2778111f""]","gun_shot","[""gun_shot""]","E:\Proyectos\proyecto4geeks\data\raw\Guns_DS\M249\6 (49).wav","Guns_DS","test","indefinida","True","True","True","wav","2.0","48000","Stereo","16","1536000","375.04","2023-04-08 21:37:14"
"6 (5).wav","/C/gun_shot_2778111f","[""/C/gun_shot_2778111f""]","gun_shot","[""gun_shot""]","E:\Proyectos\proyecto4geeks\data\raw\Guns_DS\M249\6 (5).wav","Guns_DS","train","indefinida","True","True","True","wav","2.0","48000","Stereo","16","1536000","375.04","2023-04-08 21:37:14"
"6 (50).wav","/C/gun_shot_2778111f","[""/C/gun_shot_2778111f""]","gun_shot","[""gun_shot""]","E:\Proyectos\proyecto4geeks\data\raw\Guns_DS\M249\6 (50).wav","Guns_DS","train","indefinida","True","True","True","wav","2.0","48000","Stereo","16","1536000","375.04","2023-04-08 21:37:14"
"6 (51).wav","/C/gun_shot_2778111f","[""/C/gun_shot_2778111f""]","gun_shot","[""gun_shot""]","E:\Proyectos\proyecto4geeks\data\raw\Guns_DS\M249\6 (51).wav","Guns_DS","train","indefinida","True","True","True","wav","2.0","48000","Stereo","16","1536000","375.04","2023-04-08 21:37:14"
"6 (52).wav","/C/gun_shot_2778111f","[""/C/gun_shot_2778111f""]","gun_shot","[""gun_shot""]","E:\Proyectos\proyecto4geeks\data\raw\Guns_DS\M249\6 (52).wav","Guns_DS","train","indefinida","True","True","True","wav","2.0","48000","Stereo","16","1536000","375.04","2023-04-08 21:37:14"
"6 (53).wav","/C/gun_shot_2778111f","[""/C/gun_shot_2778111f""]","gun_shot","[""gun_shot""]","E:\Proyectos\proyecto4geeks\data\raw\Guns_DS\M249\6 (53).wav","Guns_DS","test","indefinida","True","True","True","wav","2.0","48000","Stereo","16","1536000","375.04","2023-04-08 21:37:14"
"6 (54).wav","/C/gun_shot_2778111f","[""/C/gun_shot_2778111f""]","gun_shot","[""gun_shot""]","E:\Proyectos\proyecto4geeks\data\raw\Guns_DS\M249\6 (54).wav","Guns_DS","train","indefinida","True","True","True","wav","2.0","48000","Stereo","16","1536000","375.04","2023-04-08 21:37:14"
"6 (55).wav","/C/gun_shot_2778111f","[""/C/gun_shot_2778111f""]","gun_shot","[""gun_shot""]","E:\Proyectos\proyecto4geeks\data\raw\Guns_DS\M249\6 (55).wav","Guns_DS","train","indefinida","True","True","True","wav","2.0","48000","Stereo","16","1536000","375.04","2023-04-08 21:37:14"
"6 (56).wav","/C/gun_shot_2778111f","[""/C/gun_shot_2778111f""]","gun_shot","[""gun_shot""]","E:\Proyectos\proyecto4geeks\data\raw\Guns_DS\M249\6 (56).wav","Guns_DS","train","indefinida","True","True","True","wav","2.0","48000","Stereo","16","1536000","375.04","2023-04-08 21:37:14"
"6 (57).wav","/C/gun_shot_2778111f","[""/C/gun_shot_2778111f""]","gun_shot","[""gun_shot""]","E:\Proyectos\proyecto4geeks\data\raw\Guns_DS\M249\6 (57).wav","Guns_DS","train","indefinida","True","True","True","wav","2.0","48000","Stereo","16","1536000","375.04","2023-04-08 21:37:14"
"6 (58).wav","/C/gun_shot_2778111f","[""/C/gun_shot_2778111f""]","gun_shot","[""gun_shot""]","E:\Proyectos\proyecto4geeks\data\raw\Guns_DS\M249\6 (58).wav","Guns_DS","train","indefinida","True","True","True","wav","2.0","48000","Stereo","16","1536000","375.04","2023-04-08 21:37:14"
"6 (59).wav","/C/gun_shot_2778111f","[""/C/gun_shot_2778111f""]","gun_shot","[""gun_shot""]","E:\Proyectos\proyecto4geeks\data\raw\Guns_DS\M249\6 (59).wav","Guns_DS","train","indefinida","True","True","True","wav","2.0","48000","Stereo","16","1536000","375.04","2023-04-08 21:37:16"
"6 (6).wav","/C/gun_shot_2778111f","[""/C/gun_shot_2778111f""]","gun_shot","[""gun_shot""]","E:\Proyectos\proyecto4geeks\data\raw\Guns_DS\M249\6 (6).wav","Guns_DS","train","indefinida","True","True","True","wav","2.0","48000","Stereo","16","1536000","375.04","2023-04-08 21:37:16"
"6 (60).wav","/C/gun_shot_2778111f","[""/C/gun_shot_2778111f""]","gun_shot","[""gun_shot""]","E:\Proyectos\proyecto4geeks\data\raw\Guns_DS\M249\6 (60).wav","Guns_DS","train","indefinida","True","True","True","wav","2.0","48000","Stereo","16","1536000","375.04","2023-04-08 21:37:16"
"6 (61).wav","/C/gun_shot_2778111f","[""/C/gun_shot_2778111f""]","gun_shot","[""gun_shot""]","E:\Proyectos\proyecto4geeks\data\raw\Guns_DS\M249\6 (61).wav","Guns_DS","test","indefinida","True","True","True","wav","2.0","48000","Stereo","16","1536000","375.04","2023-04-08 21:37:16"
"6 (62).wav","/C/gun_shot_2778111f","[""/C/gun_shot_2778111f""]","gun_shot","[""gun_shot""]","E:\Proyectos\proyecto4geeks\data\raw\Guns_DS\M249\6 (62).wav","Guns_DS","train","indefinida","True","True","True","wav","2.0","48000","Stereo","16","1536000","375.04","2023-04-08 21:37:16"
"6 (63).wav","/C/gun_shot_2778111f","[""/C/gun_shot_2778111f""]","gun_shot","[""gun_shot""]","E:\Proyectos\proyecto4geeks\data\raw\Guns_DS\M249\6 (63).wav","Guns_DS","train","indefinida","True","True","True","wav","2.0","48000","Stereo","16","1536000","375.04","2023-04-08 21:37:16"
"6 (64).wav","/C/gun_shot_2778111f","[""/C/gun_shot_2778111f""]","gun_shot","[""gun_shot""]","E:\Proyectos\proyecto4geeks\data\raw\Guns_DS\M249\6 (64).wav","Guns_DS","train","indefinida","True","True","True","wav","2.0","48000","Stereo","16","1536000","375.04","2023-04-08 21:37:16"
"6 (65).wav","/C/gun_shot_2778111f","[""/C/gun_shot_2778111f""]","gun_shot","[""gun_shot""]","E:\Proyectos\proyecto4geeks\data\raw\Guns_DS\M249\6 (65).wav","Guns_DS","train","indefinida","True","True","True","wav","2.0","48000","Stereo","16","1536000","375.04","2023-04-08 21:37:16"
"6 (66).wav","/C/gun_shot_2778111f","[""/C/gun_shot_2778111f""]","gun_shot","[""gun_shot""]","E:\Proyectos\proyecto4geeks\data\raw\Guns_DS\M249\6 (66).wav","Guns_DS","train","indefinida","True","True","True","wav","2.0","48000","Stereo","16","1536000","375.04","2023-04-08 21:37:16"
"6 (67).wav","/C/gun_shot_2778111f","[""/C/gun_shot_2778111f""]","gun_shot","[""gun_shot""]","E:\Proyectos\proyecto4geeks\data\raw\Guns_DS\M249\6 (67).wav","Guns_DS","train","indefinida","True","True","True","wav","2.0","48000","Stereo","16","1536000","375.04","2023-04-08 21:37:16"
"6 (68).wav","/C/gun_shot_2778111f","[""/C/gun_shot_2778111f""]","gun_shot","[""gun_shot""]","E:\Proyectos\proyecto4geeks\data\raw\Guns_DS\M249\6 (68).wav","Guns_DS","train","indefinida","True","True","True","wav","2.0","48000","Stereo","16","1536000","375.04","2023-04-08 21:37:16"
"6 (69).wav","/C/gun_shot_2778111f","[""/C/gun_shot_2778111f""]","gun_shot","[""gun_shot""]","E:\Proyectos\proyecto4geeks\data\raw\Guns_DS\M249\6 (69).wav","Guns_DS","test","indefinida","True","True","True","wav","2.0","48000","Stereo","16","1536000","375.04","2023-04-08 21:37:16"
"6 (7).wav","/C/gun_shot_2778111f","[""/C/gun_shot_2778111f""]","gun_shot","[""gun_shot""]","E:\Proyectos\proyecto4geeks\data\raw\Guns_DS\M249\6 (7).wav","Guns_DS","train","indefinida","True","True","True","wav","2.0","48000","Stereo","16","1536000","375.04","2023-04-08 21:37:16"
"6 (70).wav","/C/gun_shot_2778111f","[""/C/gun_shot_2778111f""]","gun_shot","[""gun_shot""]","E:\Proyectos\proyecto4geeks\data\raw\Guns_DS\M249\6 (70).wav","Guns_DS","train","indefinida","True","True","True","wav","2.0","48000","Stereo","16","1536000","375.04","2023-04-08 21:37:16"
"6 (71).wav","/C/gun_shot_2778111f","[""/C/gun_shot_2778111f""]","gun_shot","[""gun_shot""]","E:\Proyectos\proyecto4geeks\data\raw\Guns_DS\M249\6 (71).wav","Guns_DS","train","indefinida","True","True","True","wav","2.0","48000","Stereo","16","1536000","375.04","2023-04-08 21:37:16"
"6 (72).wav","/C/gun_shot_2778111f","[""/C/gun_shot_2778111f""]","gun_shot","[""gun_shot""]","E:\Proyectos\proyecto4geeks\data\raw\Guns_DS\M249\6 (72).wav","Guns_DS","train","indefinida","True","True","True","wav","2.0","48000","Stereo","16","1536000","375.04","2023-04-08 21:37:16"
"6 (73).wav","/C/gun_shot_2778111f","[""/C/gun_shot_2778111f""]","gun_shot","[""gun_shot""]","E:\Proyectos\proyecto4geeks\data\raw\Guns_DS\M249\6 (73).wav","Guns_DS","train","indefinida","True","True","True","wav","2.0","48000","Stereo","16","1536000","375.04","2023-04-08 21:37:16"
"6 (74).wav","/C/gun_shot_2778111f","[""/C/gun_shot_2778111f""]","gun_shot","[""gun_shot""]","E:\Proyectos\proyecto4geeks\data\raw\Guns_DS\M249\6 (74).wav","Guns_DS","train","indefinida","True","True","True","wav","2.0","48000","Stereo","16","1536000","375.04","2023-04-08 21:37:16"
"6 (75).wav","/C/gun_shot_2778111f","[""/C/gun_shot_2778111f""]","gun_shot","[""gun_shot""]","E:\Proyectos\proyecto4geeks\data\raw\Guns_DS\M249\6 (75).wav","Guns_DS","train","indefinida","True","True","True","wav","2.0","48000","Stereo","16","1536000","375.04","2023-04-08 21:37:16"
"6 (76).wav","/C/gun_shot_2778111f","[""/C/gun_shot_2778111f""]","gun_shot","[""gun_shot""]","E:\Proyectos\proyecto4geeks\data\raw\Guns_DS\M249\6 (76).wav","Guns_DS","train","indefinida","True","True","True","wav","2.0","48000","Stereo","16","1536000","375.04","2023-04-08 21:37:16"
"6 (77).wav","/C/gun_shot_2778111f","[""/C/gun_shot_2778111f""]","gun_shot","[""gun_shot""]","E:\Proyectos\proyecto4geeks\data\raw\Guns_DS\M249\6 (77).wav","Guns_DS","train","indefinida","True","True","True","wav","2.0","48000","Stereo","16","1536000","375.04","2023-04-08 21:37:16"
"6 (78).wav","/C/gun_shot_2778111f","[""/C/gun_shot_2778111f""]","gun_shot","[""gun_shot""]","E:\Proyectos\proyecto4geeks\data\raw\Guns_DS\M249\6 (78).wav","Guns_DS","train","indefinida","True","True","True","wav","2.0","48000","Stereo","16","1536000","375.04","2023-04-08 21:37:16"
"6 (79).wav","/C/gun_shot_2778111f","[""/C/gun_shot_2778111f""]","gun_shot","[""gun_shot""]","E:\Proyectos\proyecto4geeks\data\raw\Guns_DS\M249\6 (79).wav","Guns_DS","train","indefinida","True","True","True","wav","2.0","48000","Stereo","16","1536000","375.04","2023-04-08 21:37:16"
"6 (8).wav","/C/gun_shot_2778111f","[""/C/gun_shot_2778111f""]","gun_shot","[""gun_shot""]","E:\Proyectos\proyecto4geeks\data\raw\Guns_DS\M249\6 (8).wav","Guns_DS","train","indefinida","True","True","True","wav","2.0","48000","Stereo","16","1536000","375.04","2023-04-08 21:37:16"
"6 (80).wav","/C/gun_shot_2778111f","[""/C/gun_shot_2778111f""]","gun_shot","[""gun_shot""]","E:\Proyectos\proyecto4geeks\data\raw\Guns_DS\M249\6 (80).wav","Guns_DS","train","indefinida","True","True","True","wav","2.0","48000","Stereo","16","1536000","375.04","2023-04-08 21:37:16"
"6 (81).wav","/C/gun_shot_2778111f","[""/C/gun_shot_2778111f""]","gun_shot","[""gun_shot""]","E:\Proyectos\proyecto4geeks\data\raw\Guns_DS\M249\6 (81).wav","Guns_DS","train","indefinida","True","True","True","wav","2.0","48000","Stereo","16","1536000","375.04","2023-04-08 21:37:16"
"6 (82).wav","/C/gun_shot_2778111f","[""/C/gun_shot_2778111f""]","gun_shot","[""gun_shot""]","E:\Proyectos\proyecto4geeks\data\raw\Guns_DS\M249\6 (82).wav","Guns_DS","train","indefinida","True","True","True","wav","2.0","48000","Stereo","16","1536000","375.04","2023-04-08 21:37:16"
"6 (83).wav","/C/gun_shot_2778111f","[""/C/gun_shot_2778111f""]","gun_shot","[""gun_shot""]","E:\Proyectos\proyecto4geeks\data\raw\Guns_DS\M249\6 (83).wav","Guns_DS","train","indefinida","True","True","True","wav","2.0","48000","Stereo","16","1536000","375.04","2023-04-08 21:37:16"
"6 (84).wav","/C/gun_shot_2778111f","[""/C/gun_shot_2778111f""]","gun_shot","[""gun_shot""]","E:\Proyectos\proyecto4geeks\data\raw\Guns_DS\M249\6 (84).wav","Guns_DS","train","indefinida","True","True","True","wav","2.0","48000","Stereo","16","1536000","375.04","2023-04-08 21:37:16"
"6 (85).wav","/C/gun_shot_2778111f","[""/C/gun_shot_2778111f""]","gun_shot","[""gun_shot""]","E:\Proyectos\proyecto4geeks\data\raw\Guns_DS\M249\6 (85).wav","Guns_DS","train","indefinida","True","True","True","wav","2.0","48000","Stereo","16","1536000","375.04","2023-04-08 21:37:16"
"6 (86).wav","/C/gun_shot_2778111f","[""/C/gun_shot_2778111f""]","gun_shot","[""gun_shot""]","E:\Proyectos\proyecto4geeks\data\raw\Guns_DS\M249\6 (86).wav","Guns_DS","test","indefinida","True","True","True","wav","2.0","48000","Stereo","16","1536000","375.04","2023-04-08 21:37:16"
"6 (87).wav","/C/gun_shot_2778111f","[""/C/gun_shot_2778111f""]","gun_shot","[""gun_shot""]","E:\Proyectos\proyecto4geeks\data\raw\Guns_DS\M249\6 (87).wav","Guns_DS","test","indefinida","True","True","True","wav","2.0","48000","Stereo","16","1536000","375.04","2023-04-08 21:37:16"
"6 (88).wav","/C/gun_shot_2778111f","[""/C/gun_shot_2778111f""]","gun_shot","[""gun_shot""]","E:\Proyectos\proyecto4geeks\data\raw\Guns_DS\M249\6 (88).wav","Guns_DS","train","indefinida","True","True","True","wav","2.0","48000","Stereo","16","1536000","375.04","2023-04-08 21:37:16"
"6 (89).wav","/C/gun_shot_2778111f","[""/C/gun_shot_2778111f""]","gun_shot","[""gun_shot""]","E:\Proyectos\proyecto4geeks\data\raw\Guns_DS\M249\6 (89).wav","Guns_DS","train","indefinida","True","True","True","wav","2.0","48000","Stereo","16","1536000","375.04","2023-04-08 21:37:16"
"6 (9).wav","/C/gun_shot_2778111f","[""/C/gun_shot_2778111f""]","gun_shot","[""gun_shot""]","E:\Proyectos\proyecto4geeks\data\raw\Guns_DS\M249\6 (9).wav","Guns_DS","test","indefinida","True","True","True","wav","2.0","48000","Stereo","16","1536000","375.04","2023-04-08 21:37:16"
"6 (90).wav","/C/gun_shot_2778111f","[""/C/gun_shot_2778111f""]","gun_shot","[""gun_shot""]","E:\Proyectos\proyecto4geeks\data\raw\Guns_DS\M249\6 (90).wav","Guns_DS","test","indefinida","True","True","True","wav","2.0","48000","Stereo","16","1536000","375.04","2023-04-08 21:37:16"
"6 (91).wav","/C/gun_shot_2778111f","[""/C/gun_shot_2778111f""]","gun_shot","[""gun_shot""]","E:\Proyectos\proyecto4geeks\data\raw\Guns_DS\M249\6 (91).wav","Guns_DS","test","indefinida","True","True","True","wav","2.0","48000","Stereo","16","1536000","375.04","2023-04-08 21:37:16"
"6 (92).wav","/C/gun_shot_2778111f","[""/C/gun_shot_2778111f""]","gun_shot","[""gun_shot""]","E:\Proyectos\proyecto4geeks\data\raw\Guns_DS\M249\6 (92).wav","Guns_DS","test","indefinida","True","True","True","wav","2.0","48000","Stereo","16","1536000","375.04","2023-04-08 21:37:16"
"6 (93).wav","/C/gun_shot_2778111f","[""/C/gun_shot_2778111f""]","gun_shot","[""gun_shot""]","E:\Proyectos\proyecto4geeks\data\raw\Guns_DS\M249\6 (93).wav","Guns_DS","train","indefinida","True","True","True","wav","2.0","48000","Stereo","16","1536000","375.04","2023-04-08 21:37:16"
"6 (94).wav","/C/gun_shot_2778111f","[""/C/gun_shot_2778111f""]","gun_shot","[""gun_shot""]","E:\Proyectos\proyecto4geeks\data\raw\Guns_DS\M249\6 (94).wav","Guns_DS","train","indefinida","True","True","True","wav","2.0","48000","Stereo","16","1536000","375.04","2023-04-08 21:37:16"
"6 (95).wav","/C/gun_shot_2778111f","[""/C/gun_shot_2778111f""]","gun_shot","[""gun_shot""]","E:\Proyectos\proyecto4geeks\data\raw\Guns_DS\M249\6 (95).wav","Guns_DS","train","indefinida","True","True","True","wav","2.0","48000","Stereo","16","1536000","375.04","2023-04-08 21:37:16"
"6 (96).wav","/C/gun_shot_2778111f","[""/C/gun_shot_2778111f""]","gun_shot","[""gun_shot""]","E:\Proyectos\proyecto4geeks\data\raw\Guns_DS\M249\6 (96).wav","Guns_DS","train","indefinida","True","True","True","wav","2.0","48000","Stereo","16","1536000","375.04","2023-04-08 21:37:16"
"6 (97).wav","/C/gun_shot_2778111f","[""/C/gun_shot_2778111f""]","gun_shot","[""gun_shot""]","E:\Proyectos\proyecto4geeks\data\raw\Guns_DS\M249\6 (97).wav","Guns_DS","test","indefinida","True","True","True","wav","2.0","48000","Stereo","16","1536000","375.04","2023-04-08 21:37:16"
"6 (98).wav","/C/gun_shot_2778111f","[""/C/gun_shot_2778111f""]","gun_shot","[""gun_shot""]","E:\Proyectos\proyecto4geeks\data\raw\Guns_DS\M249\6 (98).wav","Guns_DS","train","indefinida","True","True","True","wav","2.0","48000","Stereo","16","1536000","375.04","2023-04-08 21:37:16"
"6 (99).wav","/C/gun_shot_2778111f","[""/C/gun_shot_2778111f""]","gun_shot","[""gun_shot""]","E:\Proyectos\proyecto4geeks\data\raw\Guns_DS\M249\6 (99).wav","Guns_DS","train","indefinida","True","True","True","wav","2.0","48000","Stereo","16","1536000","375.04","2023-04-08 21:37:16"
"4 (1).wav","/C/gun_shot_2778111f","[""/C/gun_shot_2778111f""]","gun_shot","[""gun_shot""]","E:\Proyectos\proyecto4geeks\data\raw\Guns_DS\M4\4 (1).wav","Guns_DS","train","indefinida","True","True","True","wav","2.0","48000","Stereo","16","1536000","375.04","2023-04-08 21:37:16"
"4 (10).wav","/C/gun_shot_2778111f","[""/C/gun_shot_2778111f""]","gun_shot","[""gun_shot""]","E:\Proyectos\proyecto4geeks\data\raw\Guns_DS\M4\4 (10).wav","Guns_DS","train","indefinida","True","True","True","wav","2.0","48000","Stereo","16","1536000","375.04","2023-04-08 21:37:16"
"4 (100).wav","/C/gun_shot_2778111f","[""/C/gun_shot_2778111f""]","gun_shot","[""gun_shot""]","E:\Proyectos\proyecto4geeks\data\raw\Guns_DS\M4\4 (100).wav","Guns_DS","test","indefinida","True","True","True","wav","2.0","48000","Stereo","16","1536000","375.04","2023-04-08 21:37:16"
"4 (11).wav","/C/gun_shot_2778111f","[""/C/gun_shot_2778111f""]","gun_shot","[""gun_shot""]","E:\Proyectos\proyecto4geeks\data\raw\Guns_DS\M4\4 (11).wav","Guns_DS","train","indefinida","True","True","True","wav","2.0","48000","Stereo","16","1536000","375.04","2023-04-08 21:37:16"
"4 (12).wav","/C/gun_shot_2778111f","[""/C/gun_shot_2778111f""]","gun_shot","[""gun_shot""]","E:\Proyectos\proyecto4geeks\data\raw\Guns_DS\M4\4 (12).wav","Guns_DS","train","indefinida","True","True","True","wav","2.0","48000","Stereo","16","1536000","375.04","2023-04-08 21:37:16"
"4 (13).wav","/C/gun_shot_2778111f","[""/C/gun_shot_2778111f""]","gun_shot","[""gun_shot""]","E:\Proyectos\proyecto4geeks\data\raw\Guns_DS\M4\4 (13).wav","Guns_DS","test","indefinida","True","True","True","wav","2.0","48000","Stereo","16","1536000","375.04","2023-04-08 21:37:16"
"4 (14).wav","/C/gun_shot_2778111f","[""/C/gun_shot_2778111f""]","gun_shot","[""gun_shot""]","E:\Proyectos\proyecto4geeks\data\raw\Guns_DS\M4\4 (14).wav","Guns_DS","test","indefinida","True","True","True","wav","2.0","48000","Stereo","16","1536000","375.04","2023-04-08 21:37:16"
"4 (15).wav","/C/gun_shot_2778111f","[""/C/gun_shot_2778111f""]","gun_shot","[""gun_shot""]","E:\Proyectos\proyecto4geeks\data\raw\Guns_DS\M4\4 (15).wav","Guns_DS","test","indefinida","True","True","True","wav","2.0","48000","Stereo","16","1536000","375.04","2023-04-08 21:37:16"
"4 (16).wav","/C/gun_shot_2778111f","[""/C/gun_shot_2778111f""]","gun_shot","[""gun_shot""]","E:\Proyectos\proyecto4geeks\data\raw\Guns_DS\M4\4 (16).wav","Guns_DS","train","indefinida","True","True","True","wav","2.0","48000","Stereo","16","1536000","375.04","2023-04-08 21:37:16"
"4 (17).wav","/C/gun_shot_2778111f","[""/C/gun_shot_2778111f""]","gun_shot","[""gun_shot""]","E:\Proyectos\proyecto4geeks\data\raw\Guns_DS\M4\4 (17).wav","Guns_DS","train","indefinida","True","True","True","wav","2.0","48000","Stereo","16","1536000","375.04","2023-04-08 21:37:16"
"4 (18).wav","/C/gun_shot_2778111f","[""/C/gun_shot_2778111f""]","gun_shot","[""gun_shot""]","E:\Proyectos\proyecto4geeks\data\raw\Guns_DS\M4\4 (18).wav","Guns_DS","train","indefinida","True","True","True","wav","2.0","48000","Stereo","16","1536000","375.04","2023-04-08 21:37:16"
"4 (19).wav","/C/gun_shot_2778111f","[""/C/gun_shot_2778111f""]","gun_shot","[""gun_shot""]","E:\Proyectos\proyecto4geeks\data\raw\Guns_DS\M4\4 (19).wav","Guns_DS","train","indefinida","True","True","True","wav","2.0","48000","Stereo","16","1536000","375.04","2023-04-08 21:37:16"
"4 (2).wav","/C/gun_shot_2778111f","[""/C/gun_shot_2778111f""]","gun_shot","[""gun_shot""]","E:\Proyectos\proyecto4geeks\data\raw\Guns_DS\M4\4 (2).wav","Guns_DS","train","indefinida","True","True","True","wav","2.0","48000","Stereo","16","1536000","375.04","2023-04-08 21:37:16"
"4 (20).wav","/C/gun_shot_2778111f","[""/C/gun_shot_2778111f""]","gun_shot","[""gun_shot""]","E:\Proyectos\proyecto4geeks\data\raw\Guns_DS\M4\4 (20).wav","Guns_DS","train","indefinida","True","True","True","wav","2.0","48000","Stereo","16","1536000","375.04","2023-04-08 21:37:16"
"4 (21).wav","/C/gun_shot_2778111f","[""/C/gun_shot_2778111f""]","gun_shot","[""gun_shot""]","E:\Proyectos\proyecto4geeks\data\raw\Guns_DS\M4\4 (21).wav","Guns_DS","train","indefinida","True","True","True","wav","2.0","48000","Stereo","16","1536000","375.04","2023-04-08 21:37:16"
"4 (22).wav","/C/gun_shot_2778111f","[""/C/gun_shot_2778111f""]","gun_shot","[""gun_shot""]","E:\Proyectos\proyecto4geeks\data\raw\Guns_DS\M4\4 (22).wav","Guns_DS","test","indefinida","True","True","True","wav","2.0","48000","Stereo","16","1536000","375.04","2023-04-08 21:37:16"
"4 (23).wav","/C/gun_shot_2778111f","[""/C/gun_shot_2778111f""]","gun_shot","[""gun_shot""]","E:\Proyectos\proyecto4geeks\data\raw\Guns_DS\M4\4 (23).wav","Guns_DS","train","indefinida","True","True","True","wav","2.0","48000","Stereo","16","1536000","375.04","2023-04-08 21:37:16"
"4 (24).wav","/C/gun_shot_2778111f","[""/C/gun_shot_2778111f""]","gun_shot","[""gun_shot""]","E:\Proyectos\proyecto4geeks\data\raw\Guns_DS\M4\4 (24).wav","Guns_DS","train","indefinida","True","True","True","wav","2.0","48000","Stereo","16","1536000","375.04","2023-04-08 21:37:16"
"4 (25).wav","/C/gun_shot_2778111f","[""/C/gun_shot_2778111f""]","gun_shot","[""gun_shot""]","E:\Proyectos\proyecto4geeks\data\raw\Guns_DS\M4\4 (25).wav","Guns_DS","train","indefinida","True","True","True","wav","2.0","48000","Stereo","16","1536000","375.04","2023-04-08 21:37:16"
"4 (26).wav","/C/gun_shot_2778111f","[""/C/gun_shot_2778111f""]","gun_shot","[""gun_shot""]","E:\Proyectos\proyecto4geeks\data\raw\Guns_DS\M4\4 (26).wav","Guns_DS","train","indefinida","True","True","True","wav","2.0","48000","Stereo","16","1536000","375.04","2023-04-08 21:37:16"
"4 (27).wav","/C/gun_shot_2778111f","[""/C/gun_shot_2778111f""]","gun_shot","[""gun_shot""]","E:\Proyectos\proyecto4geeks\data\raw\Guns_DS\M4\4 (27).wav","Guns_DS","test","indefinida","True","True","True","wav","2.0","48000","Stereo","16","1536000","375.04","2023-04-08 21:37:16"
"4 (28).wav","/C/gun_shot_2778111f","[""/C/gun_shot_2778111f""]","gun_shot","[""gun_shot""]","E:\Proyectos\proyecto4geeks\data\raw\Guns_DS\M4\4 (28).wav","Guns_DS","train","indefinida","True","True","True","wav","2.0","48000","Stereo","16","1536000","375.04","2023-04-08 21:37:16"
"4 (29).wav","/C/gun_shot_2778111f","[""/C/gun_shot_2778111f""]","gun_shot","[""gun_shot""]","E:\Proyectos\proyecto4geeks\data\raw\Guns_DS\M4\4 (29).wav","Guns_DS","test","indefinida","True","True","True","wav","2.0","48000","Stereo","16","1536000","375.04","2023-04-08 21:37:16"
"4 (3).wav","/C/gun_shot_2778111f","[""/C/gun_shot_2778111f""]","gun_shot","[""gun_shot""]","E:\Proyectos\proyecto4geeks\data\raw\Guns_DS\M4\4 (3).wav","Guns_DS","test","indefinida","True","True","True","wav","2.0","48000","Stereo","16","1536000","375.04","2023-04-08 21:37:18"
"4 (30).wav","/C/gun_shot_2778111f","[""/C/gun_shot_2778111f""]","gun_shot","[""gun_shot""]","E:\Proyectos\proyecto4geeks\data\raw\Guns_DS\M4\4 (30).wav","Guns_DS","train","indefinida","True","True","True","wav","2.0","48000","Stereo","16","1536000","375.04","2023-04-08 21:37:18"
"4 (31).wav","/C/gun_shot_2778111f","[""/C/gun_shot_2778111f""]","gun_shot","[""gun_shot""]","E:\Proyectos\proyecto4geeks\data\raw\Guns_DS\M4\4 (31).wav","Guns_DS","train","indefinida","True","True","True","wav","2.0","48000","Stereo","16","1536000","375.04","2023-04-08 21:37:18"
"4 (32).wav","/C/gun_shot_2778111f","[""/C/gun_shot_2778111f""]","gun_shot","[""gun_shot""]","E:\Proyectos\proyecto4geeks\data\raw\Guns_DS\M4\4 (32).wav","Guns_DS","train","indefinida","True","True","True","wav","2.0","48000","Stereo","16","1536000","375.04","2023-04-08 21:37:18"
"4 (33).wav","/C/gun_shot_2778111f","[""/C/gun_shot_2778111f""]","gun_shot","[""gun_shot""]","E:\Proyectos\proyecto4geeks\data\raw\Guns_DS\M4\4 (33).wav","Guns_DS","train","indefinida","True","True","True","wav","2.0","48000","Stereo","16","1536000","375.04","2023-04-08 21:37:18"
"4 (34).wav","/C/gun_shot_2778111f","[""/C/gun_shot_2778111f""]","gun_shot","[""gun_shot""]","E:\Proyectos\proyecto4geeks\data\raw\Guns_DS\M4\4 (34).wav","Guns_DS","train","indefinida","True","True","True","wav","2.0","48000","Stereo","16","1536000","375.04","2023-04-08 21:37:18"
"4 (35).wav","/C/gun_shot_2778111f","[""/C/gun_shot_2778111f""]","gun_shot","[""gun_shot""]","E:\Proyectos\proyecto4geeks\data\raw\Guns_DS\M4\4 (35).wav","Guns_DS","test","indefinida","True","True","True","wav","2.0","48000","Stereo","16","1536000","375.04","2023-04-08 21:37:18"
"4 (36).wav","/C/gun_shot_2778111f","[""/C/gun_shot_2778111f""]","gun_shot","[""gun_shot""]","E:\Proyectos\proyecto4geeks\data\raw\Guns_DS\M4\4 (36).wav","Guns_DS","train","indefinida","True","True","True","wav","2.0","48000","Stereo","16","1536000","375.04","2023-04-08 21:37:18"
"4 (37).wav","/C/gun_shot_2778111f","[""/C/gun_shot_2778111f""]","gun_shot","[""gun_shot""]","E:\Proyectos\proyecto4geeks\data\raw\Guns_DS\M4\4 (37).wav","Guns_DS","train","indefinida","True","True","True","wav","2.0","48000","Stereo","16","1536000","375.04","2023-04-08 21:37:18"
"4 (38).wav","/C/gun_shot_2778111f","[""/C/gun_shot_2778111f""]","gun_shot","[""gun_shot""]","E:\Proyectos\proyecto4geeks\data\raw\Guns_DS\M4\4 (38).wav","Guns_DS","train","indefinida","True","True","True","wav","2.0","48000","Stereo","16","1536000","375.04","2023-04-08 21:37:18"
"4 (39).wav","/C/gun_shot_2778111f","[""/C/gun_shot_2778111f""]","gun_shot","[""gun_shot""]","E:\Proyectos\proyecto4geeks\data\raw\Guns_DS\M4\4 (39).wav","Guns_DS","test","indefinida","True","True","True","wav","2.0","48000","Stereo","16","1536000","375.04","2023-04-08 21:37:18"
"4 (4).wav","/C/gun_shot_2778111f","[""/C/gun_shot_2778111f""]","gun_shot","[""gun_shot""]","E:\Proyectos\proyecto4geeks\data\raw\Guns_DS\M4\4 (4).wav","Guns_DS","train","indefinida","True","True","True","wav","2.0","48000","Stereo","16","1536000","375.04","2023-04-08 21:37:18"
"4 (40).wav","/C/gun_shot_2778111f","[""/C/gun_shot_2778111f""]","gun_shot","[""gun_shot""]","E:\Proyectos\proyecto4geeks\data\raw\Guns_DS\M4\4 (40).wav","Guns_DS","test","indefinida","True","True","True","wav","2.0","48000","Stereo","16","1536000","375.04","2023-04-08 21:37:18"
"4 (41).wav","/C/gun_shot_2778111f","[""/C/gun_shot_2778111f""]","gun_shot","[""gun_shot""]","E:\Proyectos\proyecto4geeks\data\raw\Guns_DS\M4\4 (41).wav","Guns_DS","train","indefinida","True","True","True","wav","2.0","48000","Stereo","16","1536000","375.04","2023-04-08 21:37:18"
"4 (42).wav","/C/gun_shot_2778111f","[""/C/gun_shot_2778111f""]","gun_shot","[""gun_shot""]","E:\Proyectos\proyecto4geeks\data\raw\Guns_DS\M4\4 (42).wav","Guns_DS","train","indefinida","True","True","True","wav","2.0","48000","Stereo","16","1536000","375.04","2023-04-08 21:37:18"
"4 (43).wav","/C/gun_shot_2778111f","[""/C/gun_shot_2778111f""]","gun_shot","[""gun_shot""]","E:\Proyectos\proyecto4geeks\data\raw\Guns_DS\M4\4 (43).wav","Guns_DS","train","indefinida","True","True","True","wav","2.0","48000","Stereo","16","1536000","375.04","2023-04-08 21:37:18"
"4 (44).wav","/C/gun_shot_2778111f","[""/C/gun_shot_2778111f""]","gun_shot","[""gun_shot""]","E:\Proyectos\proyecto4geeks\data\raw\Guns_DS\M4\4 (44).wav","Guns_DS","test","indefinida","True","True","True","wav","2.0","48000","Stereo","16","1536000","375.04","2023-04-08 21:37:18"
"4 (45).wav","/C/gun_shot_2778111f","[""/C/gun_shot_2778111f""]","gun_shot","[""gun_shot""]","E:\Proyectos\proyecto4geeks\data\raw\Guns_DS\M4\4 (45).wav","Guns_DS","train","indefinida","True","True","True","wav","2.0","48000","Stereo","16","1536000","375.04","2023-04-08 21:37:18"
"4 (46).wav","/C/gun_shot_2778111f","[""/C/gun_shot_2778111f""]","gun_shot","[""gun_shot""]","E:\Proyectos\proyecto4geeks\data\raw\Guns_DS\M4\4 (46).wav","Guns_DS","test","indefinida","True","True","True","wav","2.0","48000","Stereo","16","1536000","375.04","2023-04-08 21:37:18"
"4 (47).wav","/C/gun_shot_2778111f","[""/C/gun_shot_2778111f""]","gun_shot","[""gun_shot""]","E:\Proyectos\proyecto4geeks\data\raw\Guns_DS\M4\4 (47).wav","Guns_DS","train","indefinida","True","True","True","wav","2.0","48000","Stereo","16","1536000","375.04","2023-04-08 21:37:18"
"4 (48).wav","/C/gun_shot_2778111f","[""/C/gun_shot_2778111f""]","gun_shot","[""gun_shot""]","E:\Proyectos\proyecto4geeks\data\raw\Guns_DS\M4\4 (48).wav","Guns_DS","train","indefinida","True","True","True","wav","2.0","48000","Stereo","16","1536000","375.04","2023-04-08 21:37:18"
"4 (49).wav","/C/gun_shot_2778111f","[""/C/gun_shot_2778111f""]","gun_shot","[""gun_shot""]","E:\Proyectos\proyecto4geeks\data\raw\Guns_DS\M4\4 (49).wav","Guns_DS","train","indefinida","True","True","True","wav","2.0","48000","Stereo","16","1536000","375.04","2023-04-08 21:37:18"
"4 (5).wav","/C/gun_shot_2778111f","[""/C/gun_shot_2778111f""]","gun_shot","[""gun_shot""]","E:\Proyectos\proyecto4geeks\data\raw\Guns_DS\M4\4 (5).wav","Guns_DS","train","indefinida","True","True","True","wav","2.0","48000","Stereo","16","1536000","375.04","2023-04-08 21:37:18"
"4 (50).wav","/C/gun_shot_2778111f","[""/C/gun_shot_2778111f""]","gun_shot","[""gun_shot""]","E:\Proyectos\proyecto4geeks\data\raw\Guns_DS\M4\4 (50).wav","Guns_DS","train","indefinida","True","True","True","wav","2.0","48000","Stereo","16","1536000","375.04","2023-04-08 21:37:18"
"4 (51).wav","/C/gun_shot_2778111f","[""/C/gun_shot_2778111f""]","gun_shot","[""gun_shot""]","E:\Proyectos\proyecto4geeks\data\raw\Guns_DS\M4\4 (51).wav","Guns_DS","train","indefinida","True","True","True","wav","2.0","48000","Stereo","16","1536000","375.04","2023-04-08 21:37:18"
"4 (52).wav","/C/gun_shot_2778111f","[""/C/gun_shot_2778111f""]","gun_shot","[""gun_shot""]","E:\Proyectos\proyecto4geeks\data\raw\Guns_DS\M4\4 (52).wav","Guns_DS","train","indefinida","True","True","True","wav","2.0","48000","Stereo","16","1536000","375.04","2023-04-08 21:37:18"
"4 (53).wav","/C/gun_shot_2778111f","[""/C/gun_shot_2778111f""]","gun_shot","[""gun_shot""]","E:\Proyectos\proyecto4geeks\data\raw\Guns_DS\M4\4 (53).wav","Guns_DS","train","indefinida","True","True","True","wav","2.0","48000","Stereo","16","1536000","375.04","2023-04-08 21:37:18"
"4 (54).wav","/C/gun_shot_2778111f","[""/C/gun_shot_2778111f""]","gun_shot","[""gun_shot""]","E:\Proyectos\proyecto4geeks\data\raw\Guns_DS\M4\4 (54).wav","Guns_DS","train","indefinida","True","True","True","wav","2.0","48000","Stereo","16","1536000","375.04","2023-04-08 21:37:18"
"4 (55).wav","/C/gun_shot_2778111f","[""/C/gun_shot_2778111f""]","gun_shot","[""gun_shot""]","E:\Proyectos\proyecto4geeks\data\raw\Guns_DS\M4\4 (55).wav","Guns_DS","test","indefinida","True","True","True","wav","2.0","48000","Stereo","16","1536000","375.04","2023-04-08 21:37:18"
"4 (56).wav","/C/gun_shot_2778111f","[""/C/gun_shot_2778111f""]","gun_shot","[""gun_shot""]","E:\Proyectos\proyecto4geeks\data\raw\Guns_DS\M4\4 (56).wav","Guns_DS","train","indefinida","True","True","True","wav","2.0","48000","Stereo","16","1536000","375.04","2023-04-08 21:37:18"
"4 (57).wav","/C/gun_shot_2778111f","[""/C/gun_shot_2778111f""]","gun_shot","[""gun_shot""]","E:\Proyectos\proyecto4geeks\data\raw\Guns_DS\M4\4 (57).wav","Guns_DS","train","indefinida","True","True","True","wav","2.0","48000","Stereo","16","1536000","375.04","2023-04-08 21:37:18"
"4 (58).wav","/C/gun_shot_2778111f","[""/C/gun_shot_2778111f""]","gun_shot","[""gun_shot""]","E:\Proyectos\proyecto4geeks\data\raw\Guns_DS\M4\4 (58).wav","Guns_DS","train","indefinida","True","True","True","wav","2.0","48000","Stereo","16","1536000","375.04","2023-04-08 21:37:18"
"4 (59).wav","/C/gun_shot_2778111f","[""/C/gun_shot_2778111f""]","gun_shot","[""gun_shot""]","E:\Proyectos\proyecto4geeks\data\raw\Guns_DS\M4\4 (59).wav","Guns_DS","test","indefinida","True","True","True","wav","2.0","48000","Stereo","16","1536000","375.04","2023-04-08 21:37:18"
"4 (6).wav","/C/gun_shot_2778111f","[""/C/gun_shot_2778111f""]","gun_shot","[""gun_shot""]","E:\Proyectos\proyecto4geeks\data\raw\Guns_DS\M4\4 (6).wav","Guns_DS","train","indefinida","True","True","True","wav","2.0","48000","Stereo","16","1536000","375.04","2023-04-08 21:37:18"
"4 (60).wav","/C/gun_shot_2778111f","[""/C/gun_shot_2778111f""]","gun_shot","[""gun_shot""]","E:\Proyectos\proyecto4geeks\data\raw\Guns_DS\M4\4 (60).wav","Guns_DS","train","indefinida","True","True","True","wav","2.0","48000","Stereo","16","1536000","375.04","2023-04-08 21:37:18"
"4 (61).wav","/C/gun_shot_2778111f","[""/C/gun_shot_2778111f""]","gun_shot","[""gun_shot""]","E:\Proyectos\proyecto4geeks\data\raw\Guns_DS\M4\4 (61).wav","Guns_DS","train","indefinida","True","True","True","wav","2.0","48000","Stereo","16","1536000","375.04","2023-04-08 21:37:18"
"4 (62).wav","/C/gun_shot_2778111f","[""/C/gun_shot_2778111f""]","gun_shot","[""gun_shot""]","E:\Proyectos\proyecto4geeks\data\raw\Guns_DS\M4\4 (62).wav","Guns_DS","train","indefinida","True","True","True","wav","2.0","48000","Stereo","16","1536000","375.04","2023-04-08 21:37:18"
"4 (63).wav","/C/gun_shot_2778111f","[""/C/gun_shot_2778111f""]","gun_shot","[""gun_shot""]","E:\Proyectos\proyecto4geeks\data\raw\Guns_DS\M4\4 (63).wav","Guns_DS","train","indefinida","True","True","True","wav","2.0","48000","Stereo","16","1536000","375.04","2023-04-08 21:37:18"
"4 (64).wav","/C/gun_shot_2778111f","[""/C/gun_shot_2778111f""]","gun_shot","[""gun_shot""]","E:\Proyectos\proyecto4geeks\data\raw\Guns_DS\M4\4 (64).wav","Guns_DS","train","indefinida","True","True","True","wav","2.0","48000","Stereo","16","1536000","375.04","2023-04-08 21:37:18"
"4 (65).wav","/C/gun_shot_2778111f","[""/C/gun_shot_2778111f""]","gun_shot","[""gun_shot""]","E:\Proyectos\proyecto4geeks\data\raw\Guns_DS\M4\4 (65).wav","Guns_DS","train","indefinida","True","True","True","wav","2.0","48000","Stereo","16","1536000","375.04","2023-04-08 21:37:18"
"4 (66).wav","/C/gun_shot_2778111f","[""/C/gun_shot_2778111f""]","gun_shot","[""gun_shot""]","E:\Proyectos\proyecto4geeks\data\raw\Guns_DS\M4\4 (66).wav","Guns_DS","train","indefinida","True","True","True","wav","2.0","48000","Stereo","16","1536000","375.04","2023-04-08 21:37:18"
"4 (67).wav","/C/gun_shot_2778111f","[""/C/gun_shot_2778111f""]","gun_shot","[""gun_shot""]","E:\Proyectos\proyecto4geeks\data\raw\Guns_DS\M4\4 (67).wav","Guns_DS","train","indefinida","True","True","True","wav","2.0","48000","Stereo","16","1536000","375.04","2023-04-08 21:37:18"
"4 (68).wav","/C/gun_shot_2778111f","[""/C/gun_shot_2778111f""]","gun_shot","[""gun_shot""]","E:\Proyectos\proyecto4geeks\data\raw\Guns_DS\M4\4 (68).wav","Guns_DS","train","indefinida","True","True","True","wav","2.0","48000","Stereo","16","1536000","375.04","2023-04-08 21:37:18"
"4 (69).wav","/C/gun_shot_2778111f","[""/C/gun_shot_2778111f""]","gun_shot","[""gun_shot""]","E:\Proyectos\proyecto4geeks\data\raw\Guns_DS\M4\4 (69).wav","Guns_DS","train","indefinida","True","True","True","wav","2.0","48000","Stereo","16","1536000","375.04","2023-04-08 21:37:18"
"4 (7).wav","/C/gun_shot_2778111f","[""/C/gun_shot_2778111f""]","gun_shot","[""gun_shot""]","E:\Proyectos\proyecto4geeks\data\raw\Guns_DS\M4\4 (7).wav","Guns_DS","train","indefinida","True","True","True","wav","2.0","48000","Stereo","16","1536000","375.04","2023-04-08 21:37:18"
"4 (70).wav","/C/gun_shot_2778111f","[""/C/gun_shot_2778111f""]","gun_shot","[""gun_shot""]","E:\Proyectos\proyecto4geeks\data\raw\Guns_DS\M4\4 (70).wav","Guns_DS","train","indefinida","True","True","True","wav","2.0","48000","Stereo","16","1536000","375.04","2023-04-08 21:37:18"
"4 (71).wav","/C/gun_shot_2778111f","[""/C/gun_shot_2778111f""]","gun_shot","[""gun_shot""]","E:\Proyectos\proyecto4geeks\data\raw\Guns_DS\M4\4 (71).wav","Guns_DS","train","indefinida","True","True","True","wav","2.0","48000","Stereo","16","1536000","375.04","2023-04-08 21:37:18"
"4 (72).wav","/C/gun_shot_2778111f","[""/C/gun_shot_2778111f""]","gun_shot","[""gun_shot""]","E:\Proyectos\proyecto4geeks\data\raw\Guns_DS\M4\4 (72).wav","Guns_DS","train","indefinida","True","True","True","wav","2.0","48000","Stereo","16","1536000","375.04","2023-04-08 21:37:18"
"4 (73).wav","/C/gun_shot_2778111f","[""/C/gun_shot_2778111f""]","gun_shot","[""gun_shot""]","E:\Proyectos\proyecto4geeks\data\raw\Guns_DS\M4\4 (73).wav","Guns_DS","test","indefinida","True","True","True","wav","2.0","48000","Stereo","16","1536000","375.04","2023-04-08 21:37:18"
"4 (74).wav","/C/gun_shot_2778111f","[""/C/gun_shot_2778111f""]","gun_shot","[""gun_shot""]","E:\Proyectos\proyecto4geeks\data\raw\Guns_DS\M4\4 (74).wav","Guns_DS","train","indefinida","True","True","True","wav","2.0","48000","Stereo","16","1536000","375.04","2023-04-08 21:37:18"
"4 (75).wav","/C/gun_shot_2778111f","[""/C/gun_shot_2778111f""]","gun_shot","[""gun_shot""]","E:\Proyectos\proyecto4geeks\data\raw\Guns_DS\M4\4 (75).wav","Guns_DS","train","indefinida","True","True","True","wav","2.0","48000","Stereo","16","1536000","375.04","2023-04-08 21:37:18"
"4 (76).wav","/C/gun_shot_2778111f","[""/C/gun_shot_2778111f""]","gun_shot","[""gun_shot""]","E:\Proyectos\proyecto4geeks\data\raw\Guns_DS\M4\4 (76).wav","Guns_DS","train","indefinida","True","True","True","wav","2.0","48000","Stereo","16","1536000","375.04","2023-04-08 21:37:18"
"4 (77).wav","/C/gun_shot_2778111f","[""/C/gun_shot_2778111f""]","gun_shot","[""gun_shot""]","E:\Proyectos\proyecto4geeks\data\raw\Guns_DS\M4\4 (77).wav","Guns_DS","train","indefinida","True","True","True","wav","2.0","48000","Stereo","16","1536000","375.04","2023-04-08 21:37:18"
"4 (78).wav","/C/gun_shot_2778111f","[""/C/gun_shot_2778111f""]","gun_shot","[""gun_shot""]","E:\Proyectos\proyecto4geeks\data\raw\Guns_DS\M4\4 (78).wav","Guns_DS","train","indefinida","True","True","True","wav","2.0","48000","Stereo","16","1536000","375.04","2023-04-08 21:37:18"
"4 (79).wav","/C/gun_shot_2778111f","[""/C/gun_shot_2778111f""]","gun_shot","[""gun_shot""]","E:\Proyectos\proyecto4geeks\data\raw\Guns_DS\M4\4 (79).wav","Guns_DS","test","indefinida","True","True","True","wav","2.0","48000","Stereo","16","1536000","375.04","2023-04-08 21:37:18"
"4 (8).wav","/C/gun_shot_2778111f","[""/C/gun_shot_2778111f""]","gun_shot","[""gun_shot""]","E:\Proyectos\proyecto4geeks\data\raw\Guns_DS\M4\4 (8).wav","Guns_DS","train","indefinida","True","True","True","wav","2.0","48000","Stereo","16","1536000","375.04","2023-04-08 21:37:18"
"4 (80).wav","/C/gun_shot_2778111f","[""/C/gun_shot_2778111f""]","gun_shot","[""gun_shot""]","E:\Proyectos\proyecto4geeks\data\raw\Guns_DS\M4\4 (80).wav","Guns_DS","train","indefinida","True","True","True","wav","2.0","48000","Stereo","16","1536000","375.04","2023-04-08 21:37:18"
"4 (81).wav","/C/gun_shot_2778111f","[""/C/gun_shot_2778111f""]","gun_shot","[""gun_shot""]","E:\Proyectos\proyecto4geeks\data\raw\Guns_DS\M4\4 (81).wav","Guns_DS","train","indefinida","True","True","True","wav","2.0","48000","Stereo","16","1536000","375.04","2023-04-08 21:37:18"
"4 (82).wav","/C/gun_shot_2778111f","[""/C/gun_shot_2778111f""]","gun_shot","[""gun_shot""]","E:\Proyectos\proyecto4geeks\data\raw\Guns_DS\M4\4 (82).wav","Guns_DS","train","indefinida","True","True","True","wav","2.0","48000","Stereo","16","1536000","375.04","2023-04-08 21:37:18"
"4 (83).wav","/C/gun_shot_2778111f","[""/C/gun_shot_2778111f""]","gun_shot","[""gun_shot""]","E:\Proyectos\proyecto4geeks\data\raw\Guns_DS\M4\4 (83).wav","Guns_DS","train","indefinida","True","True","True","wav","2.0","48000","Stereo","16","1536000","375.04","2023-04-08 21:37:18"
"4 (84).wav","/C/gun_shot_2778111f","[""/C/gun_shot_2778111f""]","gun_shot","[""gun_shot""]","E:\Proyectos\proyecto4geeks\data\raw\Guns_DS\M4\4 (84).wav","Guns_DS","train","indefinida","True","True","True","wav","2.0","48000","Stereo","16","1536000","375.04","2023-04-08 21:37:18"
"4 (85).wav","/C/gun_shot_2778111f","[""/C/gun_shot_2778111f""]","gun_shot","[""gun_shot""]","E:\Proyectos\proyecto4geeks\data\raw\Guns_DS\M4\4 (85).wav","Guns_DS","test","indefinida","True","True","True","wav","2.0","48000","Stereo","16","1536000","375.04","2023-04-08 21:37:18"
"4 (86).wav","/C/gun_shot_2778111f","[""/C/gun_shot_2778111f""]","gun_shot","[""gun_shot""]","E:\Proyectos\proyecto4geeks\data\raw\Guns_DS\M4\4 (86).wav","Guns_DS","train","indefinida","True","True","True","wav","2.0","48000","Stereo","16","1536000","375.04","2023-04-08 21:37:18"
"4 (87).wav","/C/gun_shot_2778111f","[""/C/gun_shot_2778111f""]","gun_shot","[""gun_shot""]","E:\Proyectos\proyecto4geeks\data\raw\Guns_DS\M4\4 (87).wav","Guns_DS","test","indefinida","True","True","True","wav","2.0","48000","Stereo","16","1536000","375.04","2023-04-08 21:37:18"
"4 (88).wav","/C/gun_shot_2778111f","[""/C/gun_shot_2778111f""]","gun_shot","[""gun_shot""]","E:\Proyectos\proyecto4geeks\data\raw\Guns_DS\M4\4 (88).wav","Guns_DS","test","indefinida","True","True","True","wav","2.0","48000","Stereo","16","1536000","375.04","2023-04-08 21:37:18"
"4 (89).wav","/C/gun_shot_2778111f","[""/C/gun_shot_2778111f""]","gun_shot","[""gun_shot""]","E:\Proyectos\proyecto4geeks\data\raw\Guns_DS\M4\4 (89).wav","Guns_DS","train","indefinida","True","True","True","wav","2.0","48000","Stereo","16","1536000","375.04","2023-04-08 21:37:18"
"4 (9).wav","/C/gun_shot_2778111f","[""/C/gun_shot_2778111f""]","gun_shot","[""gun_shot""]","E:\Proyectos\proyecto4geeks\data\raw\Guns_DS\M4\4 (9).wav","Guns_DS","train","indefinida","True","True","True","wav","2.0","48000","Stereo","16","1536000","375.04","2023-04-08 21:37:18"
"4 (90).wav","/C/gun_shot_2778111f","[""/C/gun_shot_2778111f""]","gun_shot","[""gun_shot""]","E:\Proyectos\proyecto4geeks\data\raw\Guns_DS\M4\4 (90).wav","Guns_DS","train","indefinida","True","True","True","wav","2.0","48000","Stereo","16","1536000","375.04","2023-04-08 21:37:20"
"4 (91).wav","/C/gun_shot_2778111f","[""/C/gun_shot_2778111f""]","gun_shot","[""gun_shot""]","E:\Proyectos\proyecto4geeks\data\raw\Guns_DS\M4\4 (91).wav","Guns_DS","test","indefinida","True","True","True","wav","2.0","48000","Stereo","16","1536000","375.04","2023-04-08 21:37:20"
"4 (92).wav","/C/gun_shot_2778111f","[""/C/gun_shot_2778111f""]","gun_shot","[""gun_shot""]","E:\Proyectos\proyecto4geeks\data\raw\Guns_DS\M4\4 (92).wav","Guns_DS","test","indefinida","True","True","True","wav","2.0","48000","Stereo","16","1536000","375.04","2023-04-08 21:37:20"
"4 (93).wav","/C/gun_shot_2778111f","[""/C/gun_shot_2778111f""]","gun_shot","[""gun_shot""]","E:\Proyectos\proyecto4geeks\data\raw\Guns_DS\M4\4 (93).wav","Guns_DS","test","indefinida","True","True","True","wav","2.0","48000","Stereo","16","1536000","375.04","2023-04-08 21:37:20"
"4 (94).wav","/C/gun_shot_2778111f","[""/C/gun_shot_2778111f""]","gun_shot","[""gun_shot""]","E:\Proyectos\proyecto4geeks\data\raw\Guns_DS\M4\4 (94).wav","Guns_DS","test","indefinida","True","True","True","wav","2.0","48000","Stereo","16","1536000","375.04","2023-04-08 21:37:20"
"4 (95).wav","/C/gun_shot_2778111f","[""/C/gun_shot_2778111f""]","gun_shot","[""gun_shot""]","E:\Proyectos\proyecto4geeks\data\raw\Guns_DS\M4\4 (95).wav","Guns_DS","test","indefinida","True","True","True","wav","2.0","48000","Stereo","16","1536000","375.04","2023-04-08 21:37:20"
"4 (96).wav","/C/gun_shot_2778111f","[""/C/gun_shot_2778111f""]","gun_shot","[""gun_shot""]","E:\Proyectos\proyecto4geeks\data\raw\Guns_DS\M4\4 (96).wav","Guns_DS","test","indefinida","True","True","True","wav","2.0","48000","Stereo","16","1536000","375.04","2023-04-08 21:37:20"
"4 (97).wav","/C/gun_shot_2778111f","[""/C/gun_shot_2778111f""]","gun_shot","[""gun_shot""]","E:\Proyectos\proyecto4geeks\data\raw\Guns_DS\M4\4 (97).wav","Guns_DS","test","indefinida","True","True","True","wav","2.0","48000","Stereo","16","1536000","375.04","2023-04-08 21:37:20"
"4 (98).wav","/C/gun_shot_2778111f","[""/C/gun_shot_2778111f""]","gun_shot","[""gun_shot""]","E:\Proyectos\proyecto4geeks\data\raw\Guns_DS\M4\4 (98).wav","Guns_DS","train","indefinida","True","True","True","wav","2.0","48000","Stereo","16","1536000","375.04","2023-04-08 21:37:20"
"4 (99).wav","/C/gun_shot_2778111f","[""/C/gun_shot_2778111f""]","gun_shot","[""gun_shot""]","E:\Proyectos\proyecto4geeks\data\raw\Guns_DS\M4\4 (99).wav","Guns_DS","train","indefinida","True","True","True","wav","2.0","48000","Stereo","16","1536000","375.04","2023-04-08 21:37:20"
"7 (1).wav","/C/gun_shot_2778111f","[""/C/gun_shot_2778111f""]","gun_shot","[""gun_shot""]","E:\Proyectos\proyecto4geeks\data\raw\Guns_DS\MG-42\7 (1).wav","Guns_DS","train","indefinida","True","True","True","wav","2.0","48000","Stereo","16","1536000","375.04","2023-04-08 21:37:20"
"7 (10).wav","/C/gun_shot_2778111f","[""/C/gun_shot_2778111f""]","gun_shot","[""gun_shot""]","E:\Proyectos\proyecto4geeks\data\raw\Guns_DS\MG-42\7 (10).wav","Guns_DS","train","indefinida","True","True","True","wav","2.0","48000","Stereo","16","1536000","375.04","2023-04-08 21:37:20"
"7 (100).wav","/C/gun_shot_2778111f","[""/C/gun_shot_2778111f""]","gun_shot","[""gun_shot""]","E:\Proyectos\proyecto4geeks\data\raw\Guns_DS\MG-42\7 (100).wav","Guns_DS","train","indefinida","True","True","True","wav","2.0","48000","Stereo","16","1536000","375.04","2023-04-08 21:37:20"
"7 (11).wav","/C/gun_shot_2778111f","[""/C/gun_shot_2778111f""]","gun_shot","[""gun_shot""]","E:\Proyectos\proyecto4geeks\data\raw\Guns_DS\MG-42\7 (11).wav","Guns_DS","train","indefinida","True","True","True","wav","2.0","48000","Stereo","16","1536000","375.04","2023-04-08 21:37:20"
"7 (12).wav","/C/gun_shot_2778111f","[""/C/gun_shot_2778111f""]","gun_shot","[""gun_shot""]","E:\Proyectos\proyecto4geeks\data\raw\Guns_DS\MG-42\7 (12).wav","Guns_DS","test","indefinida","True","True","True","wav","2.0","48000","Stereo","16","1536000","375.04","2023-04-08 21:37:20"
"7 (13).wav","/C/gun_shot_2778111f","[""/C/gun_shot_2778111f""]","gun_shot","[""gun_shot""]","E:\Proyectos\proyecto4geeks\data\raw\Guns_DS\MG-42\7 (13).wav","Guns_DS","test","indefinida","True","True","True","wav","2.0","48000","Stereo","16","1536000","375.04","2023-04-08 21:37:20"
"7 (14).wav","/C/gun_shot_2778111f","[""/C/gun_shot_2778111f""]","gun_shot","[""gun_shot""]","E:\Proyectos\proyecto4geeks\data\raw\Guns_DS\MG-42\7 (14).wav","Guns_DS","train","indefinida","True","True","True","wav","2.0","48000","Stereo","16","1536000","375.04","2023-04-08 21:37:20"
"7 (15).wav","/C/gun_shot_2778111f","[""/C/gun_shot_2778111f""]","gun_shot","[""gun_shot""]","E:\Proyectos\proyecto4geeks\data\raw\Guns_DS\MG-42\7 (15).wav","Guns_DS","train","indefinida","True","True","True","wav","2.0","48000","Stereo","16","1536000","375.04","2023-04-08 21:37:20"
"7 (16).wav","/C/gun_shot_2778111f","[""/C/gun_shot_2778111f""]","gun_shot","[""gun_shot""]","E:\Proyectos\proyecto4geeks\data\raw\Guns_DS\MG-42\7 (16).wav","Guns_DS","test","indefinida","True","True","True","wav","2.0","48000","Stereo","16","1536000","375.04","2023-04-08 21:37:20"
"7 (17).wav","/C/gun_shot_2778111f","[""/C/gun_shot_2778111f""]","gun_shot","[""gun_shot""]","E:\Proyectos\proyecto4geeks\data\raw\Guns_DS\MG-42\7 (17).wav","Guns_DS","train","indefinida","True","True","True","wav","2.0","48000","Stereo","16","1536000","375.04","2023-04-08 21:37:20"
"7 (18).wav","/C/gun_shot_2778111f","[""/C/gun_shot_2778111f""]","gun_shot","[""gun_shot""]","E:\Proyectos\proyecto4geeks\data\raw\Guns_DS\MG-42\7 (18).wav","Guns_DS","train","indefinida","True","True","True","wav","2.0","48000","Stereo","16","1536000","375.04","2023-04-08 21:37:20"
"7 (19).wav","/C/gun_shot_2778111f","[""/C/gun_shot_2778111f""]","gun_shot","[""gun_shot""]","E:\Proyectos\proyecto4geeks\data\raw\Guns_DS\MG-42\7 (19).wav","Guns_DS","train","indefinida","True","True","True","wav","2.0","48000","Stereo","16","1536000","375.04","2023-04-08 21:37:20"
"7 (2).wav","/C/gun_shot_2778111f","[""/C/gun_shot_2778111f""]","gun_shot","[""gun_shot""]","E:\Proyectos\proyecto4geeks\data\raw\Guns_DS\MG-42\7 (2).wav","Guns_DS","train","indefinida","True","True","True","wav","2.0","48000","Stereo","16","1536000","375.04","2023-04-08 21:37:20"
"7 (20).wav","/C/gun_shot_2778111f","[""/C/gun_shot_2778111f""]","gun_shot","[""gun_shot""]","E:\Proyectos\proyecto4geeks\data\raw\Guns_DS\MG-42\7 (20).wav","Guns_DS","train","indefinida","True","True","True","wav","2.0","48000","Stereo","16","1536000","375.04","2023-04-08 21:37:20"
"7 (21).wav","/C/gun_shot_2778111f","[""/C/gun_shot_2778111f""]","gun_shot","[""gun_shot""]","E:\Proyectos\proyecto4geeks\data\raw\Guns_DS\MG-42\7 (21).wav","Guns_DS","train","indefinida","True","True","True","wav","2.0","48000","Stereo","16","1536000","375.04","2023-04-08 21:37:20"
"7 (22).wav","/C/gun_shot_2778111f","[""/C/gun_shot_2778111f""]","gun_shot","[""gun_shot""]","E:\Proyectos\proyecto4geeks\data\raw\Guns_DS\MG-42\7 (22).wav","Guns_DS","train","indefinida","True","True","True","wav","2.0","48000","Stereo","16","1536000","375.04","2023-04-08 21:37:20"
"7 (23).wav","/C/gun_shot_2778111f","[""/C/gun_shot_2778111f""]","gun_shot","[""gun_shot""]","E:\Proyectos\proyecto4geeks\data\raw\Guns_DS\MG-42\7 (23).wav","Guns_DS","train","indefinida","True","True","True","wav","2.0","48000","Stereo","16","1536000","375.04","2023-04-08 21:37:20"
"7 (24).wav","/C/gun_shot_2778111f","[""/C/gun_shot_2778111f""]","gun_shot","[""gun_shot""]","E:\Proyectos\proyecto4geeks\data\raw\Guns_DS\MG-42\7 (24).wav","Guns_DS","train","indefinida","True","True","True","wav","2.0","48000","Stereo","16","1536000","375.04","2023-04-08 21:37:20"
"7 (25).wav","/C/gun_shot_2778111f","[""/C/gun_shot_2778111f""]","gun_shot","[""gun_shot""]","E:\Proyectos\proyecto4geeks\data\raw\Guns_DS\MG-42\7 (25).wav","Guns_DS","train","indefinida","True","True","True","wav","2.0","48000","Stereo","16","1536000","375.04","2023-04-08 21:37:20"
"7 (26).wav","/C/gun_shot_2778111f","[""/C/gun_shot_2778111f""]","gun_shot","[""gun_shot""]","E:\Proyectos\proyecto4geeks\data\raw\Guns_DS\MG-42\7 (26).wav","Guns_DS","train","indefinida","True","True","True","wav","2.0","48000","Stereo","16","1536000","375.04","2023-04-08 21:37:20"
"7 (27).wav","/C/gun_shot_2778111f","[""/C/gun_shot_2778111f""]","gun_shot","[""gun_shot""]","E:\Proyectos\proyecto4geeks\data\raw\Guns_DS\MG-42\7 (27).wav","Guns_DS","train","indefinida","True","True","True","wav","2.0","48000","Stereo","16","1536000","375.04","2023-04-08 21:37:20"
"7 (28).wav","/C/gun_shot_2778111f","[""/C/gun_shot_2778111f""]","gun_shot","[""gun_shot""]","E:\Proyectos\proyecto4geeks\data\raw\Guns_DS\MG-42\7 (28).wav","Guns_DS","train","indefinida","True","True","True","wav","2.0","48000","Stereo","16","1536000","375.04","2023-04-08 21:37:20"
"7 (29).wav","/C/gun_shot_2778111f","[""/C/gun_shot_2778111f""]","gun_shot","[""gun_shot""]","E:\Proyectos\proyecto4geeks\data\raw\Guns_DS\MG-42\7 (29).wav","Guns_DS","train","indefinida","True","True","True","wav","2.0","48000","Stereo","16","1536000","375.04","2023-04-08 21:37:20"
"7 (3).wav","/C/gun_shot_2778111f","[""/C/gun_shot_2778111f""]","gun_shot","[""gun_shot""]","E:\Proyectos\proyecto4geeks\data\raw\Guns_DS\MG-42\7 (3).wav","Guns_DS","test","indefinida","True","True","True","wav","2.0","48000","Stereo","16","1536000","375.04","2023-04-08 21:37:20"
"7 (30).wav","/C/gun_shot_2778111f","[""/C/gun_shot_2778111f""]","gun_shot","[""gun_shot""]","E:\Proyectos\proyecto4geeks\data\raw\Guns_DS\MG-42\7 (30).wav","Guns_DS","train","indefinida","True","True","True","wav","2.0","48000","Stereo","16","1536000","375.04","2023-04-08 21:37:20"
"7 (31).wav","/C/gun_shot_2778111f","[""/C/gun_shot_2778111f""]","gun_shot","[""gun_shot""]","E:\Proyectos\proyecto4geeks\data\raw\Guns_DS\MG-42\7 (31).wav","Guns_DS","train","indefinida","True","True","True","wav","2.0","48000","Stereo","16","1536000","375.04","2023-04-08 21:37:20"
"7 (32).wav","/C/gun_shot_2778111f","[""/C/gun_shot_2778111f""]","gun_shot","[""gun_shot""]","E:\Proyectos\proyecto4geeks\data\raw\Guns_DS\MG-42\7 (32).wav","Guns_DS","train","indefinida","True","True","True","wav","2.0","48000","Stereo","16","1536000","375.04","2023-04-08 21:37:20"
"7 (33).wav","/C/gun_shot_2778111f","[""/C/gun_shot_2778111f""]","gun_shot","[""gun_shot""]","E:\Proyectos\proyecto4geeks\data\raw\Guns_DS\MG-42\7 (33).wav","Guns_DS","train","indefinida","True","True","True","wav","2.0","48000","Stereo","16","1536000","375.04","2023-04-08 21:37:20"
"7 (34).wav","/C/gun_shot_2778111f","[""/C/gun_shot_2778111f""]","gun_shot","[""gun_shot""]","E:\Proyectos\proyecto4geeks\data\raw\Guns_DS\MG-42\7 (34).wav","Guns_DS","train","indefinida","True","True","True","wav","2.0","48000","Stereo","16","1536000","375.04","2023-04-08 21:37:20"
"7 (35).wav","/C/gun_shot_2778111f","[""/C/gun_shot_2778111f""]","gun_shot","[""gun_shot""]","E:\Proyectos\proyecto4geeks\data\raw\Guns_DS\MG-42\7 (35).wav","Guns_DS","train","indefinida","True","True","True","wav","2.0","48000","Stereo","16","1536000","375.04","2023-04-08 21:37:20"
"7 (36).wav","/C/gun_shot_2778111f","[""/C/gun_shot_2778111f""]","gun_shot","[""gun_shot""]","E:\Proyectos\proyecto4geeks\data\raw\Guns_DS\MG-42\7 (36).wav","Guns_DS","train","indefinida","True","True","True","wav","2.0","48000","Stereo","16","1536000","375.04","2023-04-08 21:37:20"
"7 (37).wav","/C/gun_shot_2778111f","[""/C/gun_shot_2778111f""]","gun_shot","[""gun_shot""]","E:\Proyectos\proyecto4geeks\data\raw\Guns_DS\MG-42\7 (37).wav","Guns_DS","test","indefinida","True","True","True","wav","2.0","48000","Stereo","16","1536000","375.04","2023-04-08 21:37:20"
"7 (38).wav","/C/gun_shot_2778111f","[""/C/gun_shot_2778111f""]","gun_shot","[""gun_shot""]","E:\Proyectos\proyecto4geeks\data\raw\Guns_DS\MG-42\7 (38).wav","Guns_DS","train","indefinida","True","True","True","wav","2.0","48000","Stereo","16","1536000","375.04","2023-04-08 21:37:20"
"7 (39).wav","/C/gun_shot_2778111f","[""/C/gun_shot_2778111f""]","gun_shot","[""gun_shot""]","E:\Proyectos\proyecto4geeks\data\raw\Guns_DS\MG-42\7 (39).wav","Guns_DS","train","indefinida","True","True","True","wav","2.0","48000","Stereo","16","1536000","375.04","2023-04-08 21:37:20"
"7 (4).wav","/C/gun_shot_2778111f","[""/C/gun_shot_2778111f""]","gun_shot","[""gun_shot""]","E:\Proyectos\proyecto4geeks\data\raw\Guns_DS\MG-42\7 (4).wav","Guns_DS","train","indefinida","True","True","True","wav","2.0","48000","Stereo","16","1536000","375.04","2023-04-08 21:37:20"
"7 (40).wav","/C/gun_shot_2778111f","[""/C/gun_shot_2778111f""]","gun_shot","[""gun_shot""]","E:\Proyectos\proyecto4geeks\data\raw\Guns_DS\MG-42\7 (40).wav","Guns_DS","train","indefinida","True","True","True","wav","2.0","48000","Stereo","16","1536000","375.04","2023-04-08 21:37:20"
"7 (41).wav","/C/gun_shot_2778111f","[""/C/gun_shot_2778111f""]","gun_shot","[""gun_shot""]","E:\Proyectos\proyecto4geeks\data\raw\Guns_DS\MG-42\7 (41).wav","Guns_DS","train","indefinida","True","True","True","wav","2.0","48000","Stereo","16","1536000","375.04","2023-04-08 21:37:20"
"7 (42).wav","/C/gun_shot_2778111f","[""/C/gun_shot_2778111f""]","gun_shot","[""gun_shot""]","E:\Proyectos\proyecto4geeks\data\raw\Guns_DS\MG-42\7 (42).wav","Guns_DS","train","indefinida","True","True","True","wav","2.0","48000","Stereo","16","1536000","375.04","2023-04-08 21:37:20"
"7 (43).wav","/C/gun_shot_2778111f","[""/C/gun_shot_2778111f""]","gun_shot","[""gun_shot""]","E:\Proyectos\proyecto4geeks\data\raw\Guns_DS\MG-42\7 (43).wav","Guns_DS","train","indefinida","True","True","True","wav","2.0","48000","Stereo","16","1536000","375.04","2023-04-08 21:37:20"
"7 (44).wav","/C/gun_shot_2778111f","[""/C/gun_shot_2778111f""]","gun_shot","[""gun_shot""]","E:\Proyectos\proyecto4geeks\data\raw\Guns_DS\MG-42\7 (44).wav","Guns_DS","train","indefinida","True","True","True","wav","2.0","48000","Stereo","16","1536000","375.04","2023-04-08 21:37:20"
"7 (45).wav","/C/gun_shot_2778111f","[""/C/gun_shot_2778111f""]","gun_shot","[""gun_shot""]","E:\Proyectos\proyecto4geeks\data\raw\Guns_DS\MG-42\7 (45).wav","Guns_DS","train","indefinida","True","True","True","wav","2.0","48000","Stereo","16","1536000","375.04","2023-04-08 21:37:20"
"7 (46).wav","/C/gun_shot_2778111f","[""/C/gun_shot_2778111f""]","gun_shot","[""gun_shot""]","E:\Proyectos\proyecto4geeks\data\raw\Guns_DS\MG-42\7 (46).wav","Guns_DS","train","indefinida","True","True","True","wav","2.0","48000","Stereo","16","1536000","375.04","2023-04-08 21:37:20"
"7 (47).wav","/C/gun_shot_2778111f","[""/C/gun_shot_2778111f""]","gun_shot","[""gun_shot""]","E:\Proyectos\proyecto4geeks\data\raw\Guns_DS\MG-42\7 (47).wav","Guns_DS","train","indefinida","True","True","True","wav","2.0","48000","Stereo","16","1536000","375.04","2023-04-08 21:37:20"
"7 (48).wav","/C/gun_shot_2778111f","[""/C/gun_shot_2778111f""]","gun_shot","[""gun_shot""]","E:\Proyectos\proyecto4geeks\data\raw\Guns_DS\MG-42\7 (48).wav","Guns_DS","test","indefinida","True","True","True","wav","2.0","48000","Stereo","16","1536000","375.04","2023-04-08 21:37:20"
"7 (49).wav","/C/gun_shot_2778111f","[""/C/gun_shot_2778111f""]","gun_shot","[""gun_shot""]","E:\Proyectos\proyecto4geeks\data\raw\Guns_DS\MG-42\7 (49).wav","Guns_DS","train","indefinida","True","True","True","wav","2.0","48000","Stereo","16","1536000","375.04","2023-04-08 21:37:20"
"7 (5).wav","/C/gun_shot_2778111f","[""/C/gun_shot_2778111f""]","gun_shot","[""gun_shot""]","E:\Proyectos\proyecto4geeks\data\raw\Guns_DS\MG-42\7 (5).wav","Guns_DS","test","indefinida","True","True","True","wav","2.0","48000","Stereo","16","1536000","375.04","2023-04-08 21:37:20"
"7 (50).wav","/C/gun_shot_2778111f","[""/C/gun_shot_2778111f""]","gun_shot","[""gun_shot""]","E:\Proyectos\proyecto4geeks\data\raw\Guns_DS\MG-42\7 (50).wav","Guns_DS","train","indefinida","True","True","True","wav","2.0","48000","Stereo","16","1536000","375.04","2023-04-08 21:37:20"
"7 (51).wav","/C/gun_shot_2778111f","[""/C/gun_shot_2778111f""]","gun_shot","[""gun_shot""]","E:\Proyectos\proyecto4geeks\data\raw\Guns_DS\MG-42\7 (51).wav","Guns_DS","train","indefinida","True","True","True","wav","2.0","48000","Stereo","16","1536000","375.04","2023-04-08 21:37:20"
"7 (52).wav","/C/gun_shot_2778111f","[""/C/gun_shot_2778111f""]","gun_shot","[""gun_shot""]","E:\Proyectos\proyecto4geeks\data\raw\Guns_DS\MG-42\7 (52).wav","Guns_DS","train","indefinida","True","True","True","wav","2.0","48000","Stereo","16","1536000","375.04","2023-04-08 21:37:20"
"7 (53).wav","/C/gun_shot_2778111f","[""/C/gun_shot_2778111f""]","gun_shot","[""gun_shot""]","E:\Proyectos\proyecto4geeks\data\raw\Guns_DS\MG-42\7 (53).wav","Guns_DS","train","indefinida","True","True","True","wav","2.0","48000","Stereo","16","1536000","375.04","2023-04-08 21:37:20"
"7 (54).wav","/C/gun_shot_2778111f","[""/C/gun_shot_2778111f""]","gun_shot","[""gun_shot""]","E:\Proyectos\proyecto4geeks\data\raw\Guns_DS\MG-42\7 (54).wav","Guns_DS","test","indefinida","True","True","True","wav","2.0","48000","Stereo","16","1536000","375.04","2023-04-08 21:37:20"
"7 (55).wav","/C/gun_shot_2778111f","[""/C/gun_shot_2778111f""]","gun_shot","[""gun_shot""]","E:\Proyectos\proyecto4geeks\data\raw\Guns_DS\MG-42\7 (55).wav","Guns_DS","train","indefinida","True","True","True","wav","2.0","48000","Stereo","16","1536000","375.04","2023-04-08 21:37:20"
"7 (56).wav","/C/gun_shot_2778111f","[""/C/gun_shot_2778111f""]","gun_shot","[""gun_shot""]","E:\Proyectos\proyecto4geeks\data\raw\Guns_DS\MG-42\7 (56).wav","Guns_DS","train","indefinida","True","True","True","wav","2.0","48000","Stereo","16","1536000","375.04","2023-04-08 21:37:20"
"7 (57).wav","/C/gun_shot_2778111f","[""/C/gun_shot_2778111f""]","gun_shot","[""gun_shot""]","E:\Proyectos\proyecto4geeks\data\raw\Guns_DS\MG-42\7 (57).wav","Guns_DS","train","indefinida","True","True","True","wav","2.0","48000","Stereo","16","1536000","375.04","2023-04-08 21:37:20"
"7 (58).wav","/C/gun_shot_2778111f","[""/C/gun_shot_2778111f""]","gun_shot","[""gun_shot""]","E:\Proyectos\proyecto4geeks\data\raw\Guns_DS\MG-42\7 (58).wav","Guns_DS","train","indefinida","True","True","True","wav","2.0","48000","Stereo","16","1536000","375.04","2023-04-08 21:37:20"
"7 (59).wav","/C/gun_shot_2778111f","[""/C/gun_shot_2778111f""]","gun_shot","[""gun_shot""]","E:\Proyectos\proyecto4geeks\data\raw\Guns_DS\MG-42\7 (59).wav","Guns_DS","train","indefinida","True","True","True","wav","2.0","48000","Stereo","16","1536000","375.04","2023-04-08 21:37:20"
"7 (6).wav","/C/gun_shot_2778111f","[""/C/gun_shot_2778111f""]","gun_shot","[""gun_shot""]","E:\Proyectos\proyecto4geeks\data\raw\Guns_DS\MG-42\7 (6).wav","Guns_DS","train","indefinida","True","True","True","wav","2.0","48000","Stereo","16","1536000","375.04","2023-04-08 21:37:20"
"7 (60).wav","/C/gun_shot_2778111f","[""/C/gun_shot_2778111f""]","gun_shot","[""gun_shot""]","E:\Proyectos\proyecto4geeks\data\raw\Guns_DS\MG-42\7 (60).wav","Guns_DS","train","indefinida","True","True","True","wav","2.0","48000","Stereo","16","1536000","375.04","2023-04-08 21:37:20"
"7 (61).wav","/C/gun_shot_2778111f","[""/C/gun_shot_2778111f""]","gun_shot","[""gun_shot""]","E:\Proyectos\proyecto4geeks\data\raw\Guns_DS\MG-42\7 (61).wav","Guns_DS","train","indefinida","True","True","True","wav","2.0","48000","Stereo","16","1536000","375.04","2023-04-08 21:37:20"
"7 (62).wav","/C/gun_shot_2778111f","[""/C/gun_shot_2778111f""]","gun_shot","[""gun_shot""]","E:\Proyectos\proyecto4geeks\data\raw\Guns_DS\MG-42\7 (62).wav","Guns_DS","train","indefinida","True","True","True","wav","2.0","48000","Stereo","16","1536000","375.04","2023-04-08 21:37:20"
"7 (63).wav","/C/gun_shot_2778111f","[""/C/gun_shot_2778111f""]","gun_shot","[""gun_shot""]","E:\Proyectos\proyecto4geeks\data\raw\Guns_DS\MG-42\7 (63).wav","Guns_DS","train","indefinida","True","True","True","wav","2.0","48000","Stereo","16","1536000","375.04","2023-04-08 21:37:20"
"7 (64).wav","/C/gun_shot_2778111f","[""/C/gun_shot_2778111f""]","gun_shot","[""gun_shot""]","E:\Proyectos\proyecto4geeks\data\raw\Guns_DS\MG-42\7 (64).wav","Guns_DS","train","indefinida","True","True","True","wav","2.0","48000","Stereo","16","1536000","375.04","2023-04-08 21:37:20"
"7 (65).wav","/C/gun_shot_2778111f","[""/C/gun_shot_2778111f""]","gun_shot","[""gun_shot""]","E:\Proyectos\proyecto4geeks\data\raw\Guns_DS\MG-42\7 (65).wav","Guns_DS","train","indefinida","True","True","True","wav","2.0","48000","Stereo","16","1536000","375.04","2023-04-08 21:37:20"
"7 (66).wav","/C/gun_shot_2778111f","[""/C/gun_shot_2778111f""]","gun_shot","[""gun_shot""]","E:\Proyectos\proyecto4geeks\data\raw\Guns_DS\MG-42\7 (66).wav","Guns_DS","train","indefinida","True","True","True","wav","2.0","48000","Stereo","16","1536000","375.04","2023-04-08 21:37:22"
"7 (67).wav","/C/gun_shot_2778111f","[""/C/gun_shot_2778111f""]","gun_shot","[""gun_shot""]","E:\Proyectos\proyecto4geeks\data\raw\Guns_DS\MG-42\7 (67).wav","Guns_DS","train","indefinida","True","True","True","wav","2.0","48000","Stereo","16","1536000","375.04","2023-04-08 21:37:22"
"7 (68).wav","/C/gun_shot_2778111f","[""/C/gun_shot_2778111f""]","gun_shot","[""gun_shot""]","E:\Proyectos\proyecto4geeks\data\raw\Guns_DS\MG-42\7 (68).wav","Guns_DS","train","indefinida","True","True","True","wav","2.0","48000","Stereo","16","1536000","375.04","2023-04-08 21:37:22"
"7 (69).wav","/C/gun_shot_2778111f","[""/C/gun_shot_2778111f""]","gun_shot","[""gun_shot""]","E:\Proyectos\proyecto4geeks\data\raw\Guns_DS\MG-42\7 (69).wav","Guns_DS","train","indefinida","True","True","True","wav","2.0","48000","Stereo","16","1536000","375.04","2023-04-08 21:37:22"
"7 (7).wav","/C/gun_shot_2778111f","[""/C/gun_shot_2778111f""]","gun_shot","[""gun_shot""]","E:\Proyectos\proyecto4geeks\data\raw\Guns_DS\MG-42\7 (7).wav","Guns_DS","train","indefinida","True","True","True","wav","2.0","48000","Stereo","16","1536000","375.04","2023-04-08 21:37:22"
"7 (70).wav","/C/gun_shot_2778111f","[""/C/gun_shot_2778111f""]","gun_shot","[""gun_shot""]","E:\Proyectos\proyecto4geeks\data\raw\Guns_DS\MG-42\7 (70).wav","Guns_DS","train","indefinida","True","True","True","wav","2.0","48000","Stereo","16","1536000","375.04","2023-04-08 21:37:22"
"7 (71).wav","/C/gun_shot_2778111f","[""/C/gun_shot_2778111f""]","gun_shot","[""gun_shot""]","E:\Proyectos\proyecto4geeks\data\raw\Guns_DS\MG-42\7 (71).wav","Guns_DS","train","indefinida","True","True","True","wav","2.0","48000","Stereo","16","1536000","375.04","2023-04-08 21:37:22"
"7 (72).wav","/C/gun_shot_2778111f","[""/C/gun_shot_2778111f""]","gun_shot","[""gun_shot""]","E:\Proyectos\proyecto4geeks\data\raw\Guns_DS\MG-42\7 (72).wav","Guns_DS","train","indefinida","True","True","True","wav","2.0","48000","Stereo","16","1536000","375.04","2023-04-08 21:37:22"
"7 (73).wav","/C/gun_shot_2778111f","[""/C/gun_shot_2778111f""]","gun_shot","[""gun_shot""]","E:\Proyectos\proyecto4geeks\data\raw\Guns_DS\MG-42\7 (73).wav","Guns_DS","train","indefinida","True","True","True","wav","2.0","48000","Stereo","16","1536000","375.04","2023-04-08 21:37:22"
"7 (74).wav","/C/gun_shot_2778111f","[""/C/gun_shot_2778111f""]","gun_shot","[""gun_shot""]","E:\Proyectos\proyecto4geeks\data\raw\Guns_DS\MG-42\7 (74).wav","Guns_DS","train","indefinida","True","True","True","wav","2.0","48000","Stereo","16","1536000","375.04","2023-04-08 21:37:22"
"7 (75).wav","/C/gun_shot_2778111f","[""/C/gun_shot_2778111f""]","gun_shot","[""gun_shot""]","E:\Proyectos\proyecto4geeks\data\raw\Guns_DS\MG-42\7 (75).wav","Guns_DS","test","indefinida","True","True","True","wav","2.0","48000","Stereo","16","1536000","375.04","2023-04-08 21:37:22"
"7 (76).wav","/C/gun_shot_2778111f","[""/C/gun_shot_2778111f""]","gun_shot","[""gun_shot""]","E:\Proyectos\proyecto4geeks\data\raw\Guns_DS\MG-42\7 (76).wav","Guns_DS","train","indefinida","True","True","True","wav","2.0","48000","Stereo","16","1536000","375.04","2023-04-08 21:37:22"
"7 (77).wav","/C/gun_shot_2778111f","[""/C/gun_shot_2778111f""]","gun_shot","[""gun_shot""]","E:\Proyectos\proyecto4geeks\data\raw\Guns_DS\MG-42\7 (77).wav","Guns_DS","train","indefinida","True","True","True","wav","2.0","48000","Stereo","16","1536000","375.04","2023-04-08 21:37:22"
"7 (78).wav","/C/gun_shot_2778111f","[""/C/gun_shot_2778111f""]","gun_shot","[""gun_shot""]","E:\Proyectos\proyecto4geeks\data\raw\Guns_DS\MG-42\7 (78).wav","Guns_DS","test","indefinida","True","True","True","wav","2.0","48000","Stereo","16","1536000","375.04","2023-04-08 21:37:22"
"7 (79).wav","/C/gun_shot_2778111f","[""/C/gun_shot_2778111f""]","gun_shot","[""gun_shot""]","E:\Proyectos\proyecto4geeks\data\raw\Guns_DS\MG-42\7 (79).wav","Guns_DS","test","indefinida","True","True","True","wav","2.0","48000","Stereo","16","1536000","375.04","2023-04-08 21:37:22"
"7 (8).wav","/C/gun_shot_2778111f","[""/C/gun_shot_2778111f""]","gun_shot","[""gun_shot""]","E:\Proyectos\proyecto4geeks\data\raw\Guns_DS\MG-42\7 (8).wav","Guns_DS","test","indefinida","True","True","True","wav","2.0","48000","Stereo","16","1536000","375.04","2023-04-08 21:37:22"
"7 (80).wav","/C/gun_shot_2778111f","[""/C/gun_shot_2778111f""]","gun_shot","[""gun_shot""]","E:\Proyectos\proyecto4geeks\data\raw\Guns_DS\MG-42\7 (80).wav","Guns_DS","train","indefinida","True","True","True","wav","2.0","48000","Stereo","16","1536000","375.04","2023-04-08 21:37:22"
"7 (81).wav","/C/gun_shot_2778111f","[""/C/gun_shot_2778111f""]","gun_shot","[""gun_shot""]","E:\Proyectos\proyecto4geeks\data\raw\Guns_DS\MG-42\7 (81).wav","Guns_DS","train","indefinida","True","True","True","wav","2.0","48000","Stereo","16","1536000","375.04","2023-04-08 21:37:22"
"7 (82).wav","/C/gun_shot_2778111f","[""/C/gun_shot_2778111f""]","gun_shot","[""gun_shot""]","E:\Proyectos\proyecto4geeks\data\raw\Guns_DS\MG-42\7 (82).wav","Guns_DS","train","indefinida","True","True","True","wav","2.0","48000","Stereo","16","1536000","375.04","2023-04-08 21:37:22"
"7 (83).wav","/C/gun_shot_2778111f","[""/C/gun_shot_2778111f""]","gun_shot","[""gun_shot""]","E:\Proyectos\proyecto4geeks\data\raw\Guns_DS\MG-42\7 (83).wav","Guns_DS","train","indefinida","True","True","True","wav","2.0","48000","Stereo","16","1536000","375.04","2023-04-08 21:37:22"
"7 (84).wav","/C/gun_shot_2778111f","[""/C/gun_shot_2778111f""]","gun_shot","[""gun_shot""]","E:\Proyectos\proyecto4geeks\data\raw\Guns_DS\MG-42\7 (84).wav","Guns_DS","train","indefinida","True","True","True","wav","2.0","48000","Stereo","16","1536000","375.04","2023-04-08 21:37:22"
"7 (85).wav","/C/gun_shot_2778111f","[""/C/gun_shot_2778111f""]","gun_shot","[""gun_shot""]","E:\Proyectos\proyecto4geeks\data\raw\Guns_DS\MG-42\7 (85).wav","Guns_DS","train","indefinida","True","True","True","wav","2.0","48000","Stereo","16","1536000","375.04","2023-04-08 21:37:22"
"7 (86).wav","/C/gun_shot_2778111f","[""/C/gun_shot_2778111f""]","gun_shot","[""gun_shot""]","E:\Proyectos\proyecto4geeks\data\raw\Guns_DS\MG-42\7 (86).wav","Guns_DS","test","indefinida","True","True","True","wav","2.0","48000","Stereo","16","1536000","375.04","2023-04-08 21:37:22"
"7 (87).wav","/C/gun_shot_2778111f","[""/C/gun_shot_2778111f""]","gun_shot","[""gun_shot""]","E:\Proyectos\proyecto4geeks\data\raw\Guns_DS\MG-42\7 (87).wav","Guns_DS","train","indefinida","True","True","True","wav","2.0","48000","Stereo","16","1536000","375.04","2023-04-08 21:37:22"
"7 (88).wav","/C/gun_shot_2778111f","[""/C/gun_shot_2778111f""]","gun_shot","[""gun_shot""]","E:\Proyectos\proyecto4geeks\data\raw\Guns_DS\MG-42\7 (88).wav","Guns_DS","train","indefinida","True","True","True","wav","2.0","48000","Stereo","16","1536000","375.04","2023-04-08 21:37:22"
"7 (89).wav","/C/gun_shot_2778111f","[""/C/gun_shot_2778111f""]","gun_shot","[""gun_shot""]","E:\Proyectos\proyecto4geeks\data\raw\Guns_DS\MG-42\7 (89).wav","Guns_DS","train","indefinida","True","True","True","wav","2.0","48000","Stereo","16","1536000","375.04","2023-04-08 21:37:22"
"7 (9).wav","/C/gun_shot_2778111f","[""/C/gun_shot_2778111f""]","gun_shot","[""gun_shot""]","E:\Proyectos\proyecto4geeks\data\raw\Guns_DS\MG-42\7 (9).wav","Guns_DS","train","indefinida","True","True","True","wav","2.0","48000","Stereo","16","1536000","375.04","2023-04-08 21:37:22"
"7 (90).wav","/C/gun_shot_2778111f","[""/C/gun_shot_2778111f""]","gun_shot","[""gun_shot""]","E:\Proyectos\proyecto4geeks\data\raw\Guns_DS\MG-42\7 (90).wav","Guns_DS","train","indefinida","True","True","True","wav","2.0","48000","Stereo","16","1536000","375.04","2023-04-08 21:37:22"
"7 (91).wav","/C/gun_shot_2778111f","[""/C/gun_shot_2778111f""]","gun_shot","[""gun_shot""]","E:\Proyectos\proyecto4geeks\data\raw\Guns_DS\MG-42\7 (91).wav","Guns_DS","train","indefinida","True","True","True","wav","2.0","48000","Stereo","16","1536000","375.04","2023-04-08 21:37:22"
"7 (92).wav","/C/gun_shot_2778111f","[""/C/gun_shot_2778111f""]","gun_shot","[""gun_shot""]","E:\Proyectos\proyecto4geeks\data\raw\Guns_DS\MG-42\7 (92).wav","Guns_DS","test","indefinida","True","True","True","wav","2.0","48000","Stereo","16","1536000","375.04","2023-04-08 21:37:22"
"7 (93).wav","/C/gun_shot_2778111f","[""/C/gun_shot_2778111f""]","gun_shot","[""gun_shot""]","E:\Proyectos\proyecto4geeks\data\raw\Guns_DS\MG-42\7 (93).wav","Guns_DS","train","indefinida","True","True","True","wav","2.0","48000","Stereo","16","1536000","375.04","2023-04-08 21:37:22"
"7 (94).wav","/C/gun_shot_2778111f","[""/C/gun_shot_2778111f""]","gun_shot","[""gun_shot""]","E:\Proyectos\proyecto4geeks\data\raw\Guns_DS\MG-42\7 (94).wav","Guns_DS","test","indefinida","True","True","True","wav","2.0","48000","Stereo","16","1536000","375.04","2023-04-08 21:37:22"
"7 (95).wav","/C/gun_shot_2778111f","[""/C/gun_shot_2778111f""]","gun_shot","[""gun_shot""]","E:\Proyectos\proyecto4geeks\data\raw\Guns_DS\MG-42\7 (95).wav","Guns_DS","train","indefinida","True","True","True","wav","2.0","48000","Stereo","16","1536000","375.04","2023-04-08 21:37:22"
"7 (96).wav","/C/gun_shot_2778111f","[""/C/gun_shot_2778111f""]","gun_shot","[""gun_shot""]","E:\Proyectos\proyecto4geeks\data\raw\Guns_DS\MG-42\7 (96).wav","Guns_DS","train","indefinida","True","True","True","wav","2.0","48000","Stereo","16","1536000","375.04","2023-04-08 21:37:22"
"7 (97).wav","/C/gun_shot_2778111f","[""/C/gun_shot_2778111f""]","gun_shot","[""gun_shot""]","E:\Proyectos\proyecto4geeks\data\raw\Guns_DS\MG-42\7 (97).wav","Guns_DS","train","indefinida","True","True","True","wav","2.0","48000","Stereo","16","1536000","375.04","2023-04-08 21:37:22"
"7 (98).wav","/C/gun_shot_2778111f","[""/C/gun_shot_2778111f""]","gun_shot","[""gun_shot""]","E:\Proyectos\proyecto4geeks\data\raw\Guns_DS\MG-42\7 (98).wav","Guns_DS","train","indefinida","True","True","True","wav","2.0","48000","Stereo","16","1536000","375.04","2023-04-08 21:37:22"
"7 (99).wav","/C/gun_shot_2778111f","[""/C/gun_shot_2778111f""]","gun_shot","[""gun_shot""]","E:\Proyectos\proyecto4geeks\data\raw\Guns_DS\MG-42\7 (99).wav","Guns_DS","train","indefinida","True","True","True","wav","2.0","48000","Stereo","16","1536000","375.04","2023-04-08 21:37:22"
"8 (1).wav","/C/gun_shot_2778111f","[""/C/gun_shot_2778111f""]","gun_shot","[""gun_shot""]","E:\Proyectos\proyecto4geeks\data\raw\Guns_DS\MP5\8 (1).wav","Guns_DS","train","indefinida","True","True","True","wav","2.0","48000","Stereo","16","1536000","375.04","2023-04-08 21:37:22"
"8 (10).wav","/C/gun_shot_2778111f","[""/C/gun_shot_2778111f""]","gun_shot","[""gun_shot""]","E:\Proyectos\proyecto4geeks\data\raw\Guns_DS\MP5\8 (10).wav","Guns_DS","train","indefinida","True","True","True","wav","2.0","48000","Stereo","16","1536000","375.04","2023-04-08 21:37:22"
"8 (100).wav","/C/gun_shot_2778111f","[""/C/gun_shot_2778111f""]","gun_shot","[""gun_shot""]","E:\Proyectos\proyecto4geeks\data\raw\Guns_DS\MP5\8 (100).wav","Guns_DS","train","indefinida","True","True","True","wav","2.0","48000","Stereo","16","1536000","375.04","2023-04-08 21:37:22"
"8 (11).wav","/C/gun_shot_2778111f","[""/C/gun_shot_2778111f""]","gun_shot","[""gun_shot""]","E:\Proyectos\proyecto4geeks\data\raw\Guns_DS\MP5\8 (11).wav","Guns_DS","train","indefinida","True","True","True","wav","2.0","48000","Stereo","16","1536000","375.04","2023-04-08 21:37:22"
"8 (12).wav","/C/gun_shot_2778111f","[""/C/gun_shot_2778111f""]","gun_shot","[""gun_shot""]","E:\Proyectos\proyecto4geeks\data\raw\Guns_DS\MP5\8 (12).wav","Guns_DS","train","indefinida","True","True","True","wav","2.0","48000","Stereo","16","1536000","375.04","2023-04-08 21:37:22"
"8 (13).wav","/C/gun_shot_2778111f","[""/C/gun_shot_2778111f""]","gun_shot","[""gun_shot""]","E:\Proyectos\proyecto4geeks\data\raw\Guns_DS\MP5\8 (13).wav","Guns_DS","test","indefinida","True","True","True","wav","2.0","48000","Stereo","16","1536000","375.04","2023-04-08 21:37:22"
"8 (14).wav","/C/gun_shot_2778111f","[""/C/gun_shot_2778111f""]","gun_shot","[""gun_shot""]","E:\Proyectos\proyecto4geeks\data\raw\Guns_DS\MP5\8 (14).wav","Guns_DS","train","indefinida","True","True","True","wav","2.0","48000","Stereo","16","1536000","375.04","2023-04-08 21:37:22"
"8 (15).wav","/C/gun_shot_2778111f","[""/C/gun_shot_2778111f""]","gun_shot","[""gun_shot""]","E:\Proyectos\proyecto4geeks\data\raw\Guns_DS\MP5\8 (15).wav","Guns_DS","train","indefinida","True","True","True","wav","2.0","48000","Stereo","16","1536000","375.04","2023-04-08 21:37:22"
"8 (16).wav","/C/gun_shot_2778111f","[""/C/gun_shot_2778111f""]","gun_shot","[""gun_shot""]","E:\Proyectos\proyecto4geeks\data\raw\Guns_DS\MP5\8 (16).wav","Guns_DS","train","indefinida","True","True","True","wav","2.0","48000","Stereo","16","1536000","375.04","2023-04-08 21:37:22"
"8 (17).wav","/C/gun_shot_2778111f","[""/C/gun_shot_2778111f""]","gun_shot","[""gun_shot""]","E:\Proyectos\proyecto4geeks\data\raw\Guns_DS\MP5\8 (17).wav","Guns_DS","train","indefinida","True","True","True","wav","2.0","48000","Stereo","16","1536000","375.04","2023-04-08 21:37:22"
"8 (18).wav","/C/gun_shot_2778111f","[""/C/gun_shot_2778111f""]","gun_shot","[""gun_shot""]","E:\Proyectos\proyecto4geeks\data\raw\Guns_DS\MP5\8 (18).wav","Guns_DS","train","indefinida","True","True","True","wav","2.0","48000","Stereo","16","1536000","375.04","2023-04-08 21:37:22"
"8 (19).wav","/C/gun_shot_2778111f","[""/C/gun_shot_2778111f""]","gun_shot","[""gun_shot""]","E:\Proyectos\proyecto4geeks\data\raw\Guns_DS\MP5\8 (19).wav","Guns_DS","train","indefinida","True","True","True","wav","2.0","48000","Stereo","16","1536000","375.04","2023-04-08 21:37:22"
"8 (2).wav","/C/gun_shot_2778111f","[""/C/gun_shot_2778111f""]","gun_shot","[""gun_shot""]","E:\Proyectos\proyecto4geeks\data\raw\Guns_DS\MP5\8 (2).wav","Guns_DS","test","indefinida","True","True","True","wav","2.0","48000","Stereo","16","1536000","375.04","2023-04-08 21:37:22"
"8 (20).wav","/C/gun_shot_2778111f","[""/C/gun_shot_2778111f""]","gun_shot","[""gun_shot""]","E:\Proyectos\proyecto4geeks\data\raw\Guns_DS\MP5\8 (20).wav","Guns_DS","train","indefinida","True","True","True","wav","2.0","48000","Stereo","16","1536000","375.04","2023-04-08 21:37:22"
"8 (21).wav","/C/gun_shot_2778111f","[""/C/gun_shot_2778111f""]","gun_shot","[""gun_shot""]","E:\Proyectos\proyecto4geeks\data\raw\Guns_DS\MP5\8 (21).wav","Guns_DS","test","indefinida","True","True","True","wav","2.0","48000","Stereo","16","1536000","375.04","2023-04-08 21:37:22"
"8 (22).wav","/C/gun_shot_2778111f","[""/C/gun_shot_2778111f""]","gun_shot","[""gun_shot""]","E:\Proyectos\proyecto4geeks\data\raw\Guns_DS\MP5\8 (22).wav","Guns_DS","train","indefinida","True","True","True","wav","2.0","48000","Stereo","16","1536000","375.04","2023-04-08 21:37:22"
"8 (23).wav","/C/gun_shot_2778111f","[""/C/gun_shot_2778111f""]","gun_shot","[""gun_shot""]","E:\Proyectos\proyecto4geeks\data\raw\Guns_DS\MP5\8 (23).wav","Guns_DS","train","indefinida","True","True","True","wav","2.0","48000","Stereo","16","1536000","375.04","2023-04-08 21:37:22"
"8 (24).wav","/C/gun_shot_2778111f","[""/C/gun_shot_2778111f""]","gun_shot","[""gun_shot""]","E:\Proyectos\proyecto4geeks\data\raw\Guns_DS\MP5\8 (24).wav","Guns_DS","test","indefinida","True","True","True","wav","2.0","48000","Stereo","16","1536000","375.04","2023-04-08 21:37:22"
"8 (25).wav","/C/gun_shot_2778111f","[""/C/gun_shot_2778111f""]","gun_shot","[""gun_shot""]","E:\Proyectos\proyecto4geeks\data\raw\Guns_DS\MP5\8 (25).wav","Guns_DS","train","indefinida","True","True","True","wav","2.0","48000","Stereo","16","1536000","375.04","2023-04-08 21:37:22"
"8 (26).wav","/C/gun_shot_2778111f","[""/C/gun_shot_2778111f""]","gun_shot","[""gun_shot""]","E:\Proyectos\proyecto4geeks\data\raw\Guns_DS\MP5\8 (26).wav","Guns_DS","train","indefinida","True","True","True","wav","2.0","48000","Stereo","16","1536000","375.04","2023-04-08 21:37:22"
"8 (27).wav","/C/gun_shot_2778111f","[""/C/gun_shot_2778111f""]","gun_shot","[""gun_shot""]","E:\Proyectos\proyecto4geeks\data\raw\Guns_DS\MP5\8 (27).wav","Guns_DS","train","indefinida","True","True","True","wav","2.0","48000","Stereo","16","1536000","375.04","2023-04-08 21:37:22"
"8 (28).wav","/C/gun_shot_2778111f","[""/C/gun_shot_2778111f""]","gun_shot","[""gun_shot""]","E:\Proyectos\proyecto4geeks\data\raw\Guns_DS\MP5\8 (28).wav","Guns_DS","test","indefinida","True","True","True","wav","2.0","48000","Stereo","16","1536000","375.04","2023-04-08 21:37:22"
"8 (29).wav","/C/gun_shot_2778111f","[""/C/gun_shot_2778111f""]","gun_shot","[""gun_shot""]","E:\Proyectos\proyecto4geeks\data\raw\Guns_DS\MP5\8 (29).wav","Guns_DS","train","indefinida","True","True","True","wav","2.0","48000","Stereo","16","1536000","375.04","2023-04-08 21:37:22"
"8 (3).wav","/C/gun_shot_2778111f","[""/C/gun_shot_2778111f""]","gun_shot","[""gun_shot""]","E:\Proyectos\proyecto4geeks\data\raw\Guns_DS\MP5\8 (3).wav","Guns_DS","train","indefinida","True","True","True","wav","2.0","48000","Stereo","16","1536000","375.04","2023-04-08 21:37:24"
"8 (30).wav","/C/gun_shot_2778111f","[""/C/gun_shot_2778111f""]","gun_shot","[""gun_shot""]","E:\Proyectos\proyecto4geeks\data\raw\Guns_DS\MP5\8 (30).wav","Guns_DS","train","indefinida","True","True","True","wav","2.0","48000","Stereo","16","1536000","375.04","2023-04-08 21:37:24"
"8 (31).wav","/C/gun_shot_2778111f","[""/C/gun_shot_2778111f""]","gun_shot","[""gun_shot""]","E:\Proyectos\proyecto4geeks\data\raw\Guns_DS\MP5\8 (31).wav","Guns_DS","train","indefinida","True","True","True","wav","2.0","48000","Stereo","16","1536000","375.04","2023-04-08 21:37:24"
"8 (32).wav","/C/gun_shot_2778111f","[""/C/gun_shot_2778111f""]","gun_shot","[""gun_shot""]","E:\Proyectos\proyecto4geeks\data\raw\Guns_DS\MP5\8 (32).wav","Guns_DS","train","indefinida","True","True","True","wav","2.0","48000","Stereo","16","1536000","375.04","2023-04-08 21:37:24"
"8 (33).wav","/C/gun_shot_2778111f","[""/C/gun_shot_2778111f""]","gun_shot","[""gun_shot""]","E:\Proyectos\proyecto4geeks\data\raw\Guns_DS\MP5\8 (33).wav","Guns_DS","train","indefinida","True","True","True","wav","2.0","48000","Stereo","16","1536000","375.04","2023-04-08 21:37:24"
"8 (34).wav","/C/gun_shot_2778111f","[""/C/gun_shot_2778111f""]","gun_shot","[""gun_shot""]","E:\Proyectos\proyecto4geeks\data\raw\Guns_DS\MP5\8 (34).wav","Guns_DS","train","indefinida","True","True","True","wav","2.0","48000","Stereo","16","1536000","375.04","2023-04-08 21:37:24"
"8 (35).wav","/C/gun_shot_2778111f","[""/C/gun_shot_2778111f""]","gun_shot","[""gun_shot""]","E:\Proyectos\proyecto4geeks\data\raw\Guns_DS\MP5\8 (35).wav","Guns_DS","train","indefinida","True","True","True","wav","2.0","48000","Stereo","16","1536000","375.04","2023-04-08 21:37:24"
"8 (36).wav","/C/gun_shot_2778111f","[""/C/gun_shot_2778111f""]","gun_shot","[""gun_shot""]","E:\Proyectos\proyecto4geeks\data\raw\Guns_DS\MP5\8 (36).wav","Guns_DS","test","indefinida","True","True","True","wav","2.0","48000","Stereo","16","1536000","375.04","2023-04-08 21:37:24"
"8 (37).wav","/C/gun_shot_2778111f","[""/C/gun_shot_2778111f""]","gun_shot","[""gun_shot""]","E:\Proyectos\proyecto4geeks\data\raw\Guns_DS\MP5\8 (37).wav","Guns_DS","test","indefinida","True","True","True","wav","2.0","48000","Stereo","16","1536000","375.04","2023-04-08 21:37:24"
"8 (38).wav","/C/gun_shot_2778111f","[""/C/gun_shot_2778111f""]","gun_shot","[""gun_shot""]","E:\Proyectos\proyecto4geeks\data\raw\Guns_DS\MP5\8 (38).wav","Guns_DS","test","indefinida","True","True","True","wav","2.0","48000","Stereo","16","1536000","375.04","2023-04-08 21:37:24"
"8 (39).wav","/C/gun_shot_2778111f","[""/C/gun_shot_2778111f""]","gun_shot","[""gun_shot""]","E:\Proyectos\proyecto4geeks\data\raw\Guns_DS\MP5\8 (39).wav","Guns_DS","test","indefinida","True","True","True","wav","2.0","48000","Stereo","16","1536000","375.04","2023-04-08 21:37:24"
"8 (4).wav","/C/gun_shot_2778111f","[""/C/gun_shot_2778111f""]","gun_shot","[""gun_shot""]","E:\Proyectos\proyecto4geeks\data\raw\Guns_DS\MP5\8 (4).wav","Guns_DS","train","indefinida","True","True","True","wav","2.0","48000","Stereo","16","1536000","375.04","2023-04-08 21:37:24"
"8 (40).wav","/C/gun_shot_2778111f","[""/C/gun_shot_2778111f""]","gun_shot","[""gun_shot""]","E:\Proyectos\proyecto4geeks\data\raw\Guns_DS\MP5\8 (40).wav","Guns_DS","train","indefinida","True","True","True","wav","2.0","48000","Stereo","16","1536000","375.04","2023-04-08 21:37:24"
"8 (41).wav","/C/gun_shot_2778111f","[""/C/gun_shot_2778111f""]","gun_shot","[""gun_shot""]","E:\Proyectos\proyecto4geeks\data\raw\Guns_DS\MP5\8 (41).wav","Guns_DS","train","indefinida","True","True","True","wav","2.0","48000","Stereo","16","1536000","375.04","2023-04-08 21:37:24"
"8 (42).wav","/C/gun_shot_2778111f","[""/C/gun_shot_2778111f""]","gun_shot","[""gun_shot""]","E:\Proyectos\proyecto4geeks\data\raw\Guns_DS\MP5\8 (42).wav","Guns_DS","train","indefinida","True","True","True","wav","2.0","48000","Stereo","16","1536000","375.04","2023-04-08 21:37:24"
"8 (43).wav","/C/gun_shot_2778111f","[""/C/gun_shot_2778111f""]","gun_shot","[""gun_shot""]","E:\Proyectos\proyecto4geeks\data\raw\Guns_DS\MP5\8 (43).wav","Guns_DS","train","indefinida","True","True","True","wav","2.0","48000","Stereo","16","1536000","375.04","2023-04-08 21:37:24"
"8 (44).wav","/C/gun_shot_2778111f","[""/C/gun_shot_2778111f""]","gun_shot","[""gun_shot""]","E:\Proyectos\proyecto4geeks\data\raw\Guns_DS\MP5\8 (44).wav","Guns_DS","train","indefinida","True","True","True","wav","2.0","48000","Stereo","16","1536000","375.04","2023-04-08 21:37:24"
"8 (45).wav","/C/gun_shot_2778111f","[""/C/gun_shot_2778111f""]","gun_shot","[""gun_shot""]","E:\Proyectos\proyecto4geeks\data\raw\Guns_DS\MP5\8 (45).wav","Guns_DS","train","indefinida","True","True","True","wav","2.0","48000","Stereo","16","1536000","375.04","2023-04-08 21:37:24"
"8 (46).wav","/C/gun_shot_2778111f","[""/C/gun_shot_2778111f""]","gun_shot","[""gun_shot""]","E:\Proyectos\proyecto4geeks\data\raw\Guns_DS\MP5\8 (46).wav","Guns_DS","train","indefinida","True","True","True","wav","2.0","48000","Stereo","16","1536000","375.04","2023-04-08 21:37:24"
"8 (47).wav","/C/gun_shot_2778111f","[""/C/gun_shot_2778111f""]","gun_shot","[""gun_shot""]","E:\Proyectos\proyecto4geeks\data\raw\Guns_DS\MP5\8 (47).wav","Guns_DS","train","indefinida","True","True","True","wav","2.0","48000","Stereo","16","1536000","375.04","2023-04-08 21:37:24"
"8 (48).wav","/C/gun_shot_2778111f","[""/C/gun_shot_2778111f""]","gun_shot","[""gun_shot""]","E:\Proyectos\proyecto4geeks\data\raw\Guns_DS\MP5\8 (48).wav","Guns_DS","train","indefinida","True","True","True","wav","2.0","48000","Stereo","16","1536000","375.04","2023-04-08 21:37:24"
"8 (49).wav","/C/gun_shot_2778111f","[""/C/gun_shot_2778111f""]","gun_shot","[""gun_shot""]","E:\Proyectos\proyecto4geeks\data\raw\Guns_DS\MP5\8 (49).wav","Guns_DS","train","indefinida","True","True","True","wav","2.0","48000","Stereo","16","1536000","375.04","2023-04-08 21:37:24"
"8 (5).wav","/C/gun_shot_2778111f","[""/C/gun_shot_2778111f""]","gun_shot","[""gun_shot""]","E:\Proyectos\proyecto4geeks\data\raw\Guns_DS\MP5\8 (5).wav","Guns_DS","train","indefinida","True","True","True","wav","2.0","48000","Stereo","16","1536000","375.04","2023-04-08 21:37:24"
"8 (50).wav","/C/gun_shot_2778111f","[""/C/gun_shot_2778111f""]","gun_shot","[""gun_shot""]","E:\Proyectos\proyecto4geeks\data\raw\Guns_DS\MP5\8 (50).wav","Guns_DS","train","indefinida","True","True","True","wav","2.0","48000","Stereo","16","1536000","375.04","2023-04-08 21:37:24"
"8 (51).wav","/C/gun_shot_2778111f","[""/C/gun_shot_2778111f""]","gun_shot","[""gun_shot""]","E:\Proyectos\proyecto4geeks\data\raw\Guns_DS\MP5\8 (51).wav","Guns_DS","train","indefinida","True","True","True","wav","2.0","48000","Stereo","16","1536000","375.04","2023-04-08 21:37:24"
"8 (52).wav","/C/gun_shot_2778111f","[""/C/gun_shot_2778111f""]","gun_shot","[""gun_shot""]","E:\Proyectos\proyecto4geeks\data\raw\Guns_DS\MP5\8 (52).wav","Guns_DS","train","indefinida","True","True","True","wav","2.0","48000","Stereo","16","1536000","375.04","2023-04-08 21:37:24"
"8 (53).wav","/C/gun_shot_2778111f","[""/C/gun_shot_2778111f""]","gun_shot","[""gun_shot""]","E:\Proyectos\proyecto4geeks\data\raw\Guns_DS\MP5\8 (53).wav","Guns_DS","train","indefinida","True","True","True","wav","2.0","48000","Stereo","16","1536000","375.04","2023-04-08 21:37:24"
"8 (54).wav","/C/gun_shot_2778111f","[""/C/gun_shot_2778111f""]","gun_shot","[""gun_shot""]","E:\Proyectos\proyecto4geeks\data\raw\Guns_DS\MP5\8 (54).wav","Guns_DS","test","indefinida","True","True","True","wav","2.0","48000","Stereo","16","1536000","375.04","2023-04-08 21:37:24"
"8 (55).wav","/C/gun_shot_2778111f","[""/C/gun_shot_2778111f""]","gun_shot","[""gun_shot""]","E:\Proyectos\proyecto4geeks\data\raw\Guns_DS\MP5\8 (55).wav","Guns_DS","test","indefinida","True","True","True","wav","2.0","48000","Stereo","16","1536000","375.04","2023-04-08 21:37:24"
"8 (56).wav","/C/gun_shot_2778111f","[""/C/gun_shot_2778111f""]","gun_shot","[""gun_shot""]","E:\Proyectos\proyecto4geeks\data\raw\Guns_DS\MP5\8 (56).wav","Guns_DS","test","indefinida","True","True","True","wav","2.0","48000","Stereo","16","1536000","375.04","2023-04-08 21:37:24"
"8 (57).wav","/C/gun_shot_2778111f","[""/C/gun_shot_2778111f""]","gun_shot","[""gun_shot""]","E:\Proyectos\proyecto4geeks\data\raw\Guns_DS\MP5\8 (57).wav","Guns_DS","train","indefinida","True","True","True","wav","2.0","48000","Stereo","16","1536000","375.04","2023-04-08 21:37:24"
"8 (58).wav","/C/gun_shot_2778111f","[""/C/gun_shot_2778111f""]","gun_shot","[""gun_shot""]","E:\Proyectos\proyecto4geeks\data\raw\Guns_DS\MP5\8 (58).wav","Guns_DS","train","indefinida","True","True","True","wav","2.0","48000","Stereo","16","1536000","375.04","2023-04-08 21:37:24"
"8 (59).wav","/C/gun_shot_2778111f","[""/C/gun_shot_2778111f""]","gun_shot","[""gun_shot""]","E:\Proyectos\proyecto4geeks\data\raw\Guns_DS\MP5\8 (59).wav","Guns_DS","test","indefinida","True","True","True","wav","2.0","48000","Stereo","16","1536000","375.04","2023-04-08 21:37:24"
"8 (6).wav","/C/gun_shot_2778111f","[""/C/gun_shot_2778111f""]","gun_shot","[""gun_shot""]","E:\Proyectos\proyecto4geeks\data\raw\Guns_DS\MP5\8 (6).wav","Guns_DS","train","indefinida","True","True","True","wav","2.0","48000","Stereo","16","1536000","375.04","2023-04-08 21:37:24"
"8 (60).wav","/C/gun_shot_2778111f","[""/C/gun_shot_2778111f""]","gun_shot","[""gun_shot""]","E:\Proyectos\proyecto4geeks\data\raw\Guns_DS\MP5\8 (60).wav","Guns_DS","test","indefinida","True","True","True","wav","2.0","48000","Stereo","16","1536000","375.04","2023-04-08 21:37:24"
"8 (61).wav","/C/gun_shot_2778111f","[""/C/gun_shot_2778111f""]","gun_shot","[""gun_shot""]","E:\Proyectos\proyecto4geeks\data\raw\Guns_DS\MP5\8 (61).wav","Guns_DS","train","indefinida","True","True","True","wav","2.0","48000","Stereo","16","1536000","375.04","2023-04-08 21:37:24"
"8 (62).wav","/C/gun_shot_2778111f","[""/C/gun_shot_2778111f""]","gun_shot","[""gun_shot""]","E:\Proyectos\proyecto4geeks\data\raw\Guns_DS\MP5\8 (62).wav","Guns_DS","test","indefinida","True","True","True","wav","2.0","48000","Stereo","16","1536000","375.04","2023-04-08 21:37:24"
"8 (63).wav","/C/gun_shot_2778111f","[""/C/gun_shot_2778111f""]","gun_shot","[""gun_shot""]","E:\Proyectos\proyecto4geeks\data\raw\Guns_DS\MP5\8 (63).wav","Guns_DS","test","indefinida","True","True","True","wav","2.0","48000","Stereo","16","1536000","375.04","2023-04-08 21:37:24"
"8 (64).wav","/C/gun_shot_2778111f","[""/C/gun_shot_2778111f""]","gun_shot","[""gun_shot""]","E:\Proyectos\proyecto4geeks\data\raw\Guns_DS\MP5\8 (64).wav","Guns_DS","train","indefinida","True","True","True","wav","2.0","48000","Stereo","16","1536000","375.04","2023-04-08 21:37:24"
"8 (65).wav","/C/gun_shot_2778111f","[""/C/gun_shot_2778111f""]","gun_shot","[""gun_shot""]","E:\Proyectos\proyecto4geeks\data\raw\Guns_DS\MP5\8 (65).wav","Guns_DS","train","indefinida","True","True","True","wav","2.0","48000","Stereo","16","1536000","375.04","2023-04-08 21:37:24"
"8 (66).wav","/C/gun_shot_2778111f","[""/C/gun_shot_2778111f""]","gun_shot","[""gun_shot""]","E:\Proyectos\proyecto4geeks\data\raw\Guns_DS\MP5\8 (66).wav","Guns_DS","train","indefinida","True","True","True","wav","2.0","48000","Stereo","16","1536000","375.04","2023-04-08 21:37:24"
"8 (67).wav","/C/gun_shot_2778111f","[""/C/gun_shot_2778111f""]","gun_shot","[""gun_shot""]","E:\Proyectos\proyecto4geeks\data\raw\Guns_DS\MP5\8 (67).wav","Guns_DS","train","indefinida","True","True","True","wav","2.0","48000","Stereo","16","1536000","375.04","2023-04-08 21:37:24"
"8 (68).wav","/C/gun_shot_2778111f","[""/C/gun_shot_2778111f""]","gun_shot","[""gun_shot""]","E:\Proyectos\proyecto4geeks\data\raw\Guns_DS\MP5\8 (68).wav","Guns_DS","train","indefinida","True","True","True","wav","2.0","48000","Stereo","16","1536000","375.04","2023-04-08 21:37:24"
"8 (69).wav","/C/gun_shot_2778111f","[""/C/gun_shot_2778111f""]","gun_shot","[""gun_shot""]","E:\Proyectos\proyecto4geeks\data\raw\Guns_DS\MP5\8 (69).wav","Guns_DS","train","indefinida","True","True","True","wav","2.0","48000","Stereo","16","1536000","375.04","2023-04-08 21:37:24"
"8 (7).wav","/C/gun_shot_2778111f","[""/C/gun_shot_2778111f""]","gun_shot","[""gun_shot""]","E:\Proyectos\proyecto4geeks\data\raw\Guns_DS\MP5\8 (7).wav","Guns_DS","train","indefinida","True","True","True","wav","2.0","48000","Stereo","16","1536000","375.04","2023-04-08 21:37:24"
"8 (70).wav","/C/gun_shot_2778111f","[""/C/gun_shot_2778111f""]","gun_shot","[""gun_shot""]","E:\Proyectos\proyecto4geeks\data\raw\Guns_DS\MP5\8 (70).wav","Guns_DS","train","indefinida","True","True","True","wav","2.0","48000","Stereo","16","1536000","375.04","2023-04-08 21:37:24"
"8 (71).wav","/C/gun_shot_2778111f","[""/C/gun_shot_2778111f""]","gun_shot","[""gun_shot""]","E:\Proyectos\proyecto4geeks\data\raw\Guns_DS\MP5\8 (71).wav","Guns_DS","train","indefinida","True","True","True","wav","2.0","48000","Stereo","16","1536000","375.04","2023-04-08 21:37:24"
"8 (72).wav","/C/gun_shot_2778111f","[""/C/gun_shot_2778111f""]","gun_shot","[""gun_shot""]","E:\Proyectos\proyecto4geeks\data\raw\Guns_DS\MP5\8 (72).wav","Guns_DS","train","indefinida","True","True","True","wav","2.0","48000","Stereo","16","1536000","375.04","2023-04-08 21:37:24"
"8 (73).wav","/C/gun_shot_2778111f","[""/C/gun_shot_2778111f""]","gun_shot","[""gun_shot""]","E:\Proyectos\proyecto4geeks\data\raw\Guns_DS\MP5\8 (73).wav","Guns_DS","train","indefinida","True","True","True","wav","2.0","48000","Stereo","16","1536000","375.04","2023-04-08 21:37:24"
"8 (74).wav","/C/gun_shot_2778111f","[""/C/gun_shot_2778111f""]","gun_shot","[""gun_shot""]","E:\Proyectos\proyecto4geeks\data\raw\Guns_DS\MP5\8 (74).wav","Guns_DS","train","indefinida","True","True","True","wav","2.0","48000","Stereo","16","1536000","375.04","2023-04-08 21:37:24"
"8 (75).wav","/C/gun_shot_2778111f","[""/C/gun_shot_2778111f""]","gun_shot","[""gun_shot""]","E:\Proyectos\proyecto4geeks\data\raw\Guns_DS\MP5\8 (75).wav","Guns_DS","train","indefinida","True","True","True","wav","2.0","48000","Stereo","16","1536000","375.04","2023-04-08 21:37:24"
"8 (76).wav","/C/gun_shot_2778111f","[""/C/gun_shot_2778111f""]","gun_shot","[""gun_shot""]","E:\Proyectos\proyecto4geeks\data\raw\Guns_DS\MP5\8 (76).wav","Guns_DS","train","indefinida","True","True","True","wav","2.0","48000","Stereo","16","1536000","375.04","2023-04-08 21:37:24"
"8 (77).wav","/C/gun_shot_2778111f","[""/C/gun_shot_2778111f""]","gun_shot","[""gun_shot""]","E:\Proyectos\proyecto4geeks\data\raw\Guns_DS\MP5\8 (77).wav","Guns_DS","train","indefinida","True","True","True","wav","2.0","48000","Stereo","16","1536000","375.04","2023-04-08 21:37:24"
"8 (78).wav","/C/gun_shot_2778111f","[""/C/gun_shot_2778111f""]","gun_shot","[""gun_shot""]","E:\Proyectos\proyecto4geeks\data\raw\Guns_DS\MP5\8 (78).wav","Guns_DS","test","indefinida","True","True","True","wav","2.0","48000","Stereo","16","1536000","375.04","2023-04-08 21:37:24"
"8 (79).wav","/C/gun_shot_2778111f","[""/C/gun_shot_2778111f""]","gun_shot","[""gun_shot""]","E:\Proyectos\proyecto4geeks\data\raw\Guns_DS\MP5\8 (79).wav","Guns_DS","train","indefinida","True","True","True","wav","2.0","48000","Stereo","16","1536000","375.04","2023-04-08 21:37:24"
"8 (8).wav","/C/gun_shot_2778111f","[""/C/gun_shot_2778111f""]","gun_shot","[""gun_shot""]","E:\Proyectos\proyecto4geeks\data\raw\Guns_DS\MP5\8 (8).wav","Guns_DS","test","indefinida","True","True","True","wav","2.0","48000","Stereo","16","1536000","375.04","2023-04-08 21:37:24"
"8 (80).wav","/C/gun_shot_2778111f","[""/C/gun_shot_2778111f""]","gun_shot","[""gun_shot""]","E:\Proyectos\proyecto4geeks\data\raw\Guns_DS\MP5\8 (80).wav","Guns_DS","test","indefinida","True","True","True","wav","2.0","48000","Stereo","16","1536000","375.04","2023-04-08 21:37:24"
"8 (81).wav","/C/gun_shot_2778111f","[""/C/gun_shot_2778111f""]","gun_shot","[""gun_shot""]","E:\Proyectos\proyecto4geeks\data\raw\Guns_DS\MP5\8 (81).wav","Guns_DS","train","indefinida","True","True","True","wav","2.0","48000","Stereo","16","1536000","375.04","2023-04-08 21:37:24"
"8 (82).wav","/C/gun_shot_2778111f","[""/C/gun_shot_2778111f""]","gun_shot","[""gun_shot""]","E:\Proyectos\proyecto4geeks\data\raw\Guns_DS\MP5\8 (82).wav","Guns_DS","train","indefinida","True","True","True","wav","2.0","48000","Stereo","16","1536000","375.04","2023-04-08 21:37:24"
"8 (83).wav","/C/gun_shot_2778111f","[""/C/gun_shot_2778111f""]","gun_shot","[""gun_shot""]","E:\Proyectos\proyecto4geeks\data\raw\Guns_DS\MP5\8 (83).wav","Guns_DS","train","indefinida","True","True","True","wav","2.0","48000","Stereo","16","1536000","375.04","2023-04-08 21:37:24"
"8 (84).wav","/C/gun_shot_2778111f","[""/C/gun_shot_2778111f""]","gun_shot","[""gun_shot""]","E:\Proyectos\proyecto4geeks\data\raw\Guns_DS\MP5\8 (84).wav","Guns_DS","train","indefinida","True","True","True","wav","2.0","48000","Stereo","16","1536000","375.04","2023-04-08 21:37:24"
"8 (85).wav","/C/gun_shot_2778111f","[""/C/gun_shot_2778111f""]","gun_shot","[""gun_shot""]","E:\Proyectos\proyecto4geeks\data\raw\Guns_DS\MP5\8 (85).wav","Guns_DS","train","indefinida","True","True","True","wav","2.0","48000","Stereo","16","1536000","375.04","2023-04-08 21:37:24"
"8 (86).wav","/C/gun_shot_2778111f","[""/C/gun_shot_2778111f""]","gun_shot","[""gun_shot""]","E:\Proyectos\proyecto4geeks\data\raw\Guns_DS\MP5\8 (86).wav","Guns_DS","train","indefinida","True","True","True","wav","2.0","48000","Stereo","16","1536000","375.04","2023-04-08 21:37:24"
"8 (87).wav","/C/gun_shot_2778111f","[""/C/gun_shot_2778111f""]","gun_shot","[""gun_shot""]","E:\Proyectos\proyecto4geeks\data\raw\Guns_DS\MP5\8 (87).wav","Guns_DS","test","indefinida","True","True","True","wav","2.0","48000","Stereo","16","1536000","375.04","2023-04-08 21:37:24"
"8 (88).wav","/C/gun_shot_2778111f","[""/C/gun_shot_2778111f""]","gun_shot","[""gun_shot""]","E:\Proyectos\proyecto4geeks\data\raw\Guns_DS\MP5\8 (88).wav","Guns_DS","train","indefinida","True","True","True","wav","2.0","48000","Stereo","16","1536000","375.04","2023-04-08 21:37:24"
"8 (89).wav","/C/gun_shot_2778111f","[""/C/gun_shot_2778111f""]","gun_shot","[""gun_shot""]","E:\Proyectos\proyecto4geeks\data\raw\Guns_DS\MP5\8 (89).wav","Guns_DS","train","indefinida","True","True","True","wav","2.0","48000","Stereo","16","1536000","375.04","2023-04-08 21:37:24"
"8 (9).wav","/C/gun_shot_2778111f","[""/C/gun_shot_2778111f""]","gun_shot","[""gun_shot""]","E:\Proyectos\proyecto4geeks\data\raw\Guns_DS\MP5\8 (9).wav","Guns_DS","train","indefinida","True","True","True","wav","2.0","48000","Stereo","16","1536000","375.04","2023-04-08 21:37:24"
"8 (90).wav","/C/gun_shot_2778111f","[""/C/gun_shot_2778111f""]","gun_shot","[""gun_shot""]","E:\Proyectos\proyecto4geeks\data\raw\Guns_DS\MP5\8 (90).wav","Guns_DS","train","indefinida","True","True","True","wav","2.0","48000","Stereo","16","1536000","375.04","2023-04-08 21:37:24"
"8 (91).wav","/C/gun_shot_2778111f","[""/C/gun_shot_2778111f""]","gun_shot","[""gun_shot""]","E:\Proyectos\proyecto4geeks\data\raw\Guns_DS\MP5\8 (91).wav","Guns_DS","test","indefinida","True","True","True","wav","2.0","48000","Stereo","16","1536000","375.04","2023-04-08 21:37:26"
"8 (92).wav","/C/gun_shot_2778111f","[""/C/gun_shot_2778111f""]","gun_shot","[""gun_shot""]","E:\Proyectos\proyecto4geeks\data\raw\Guns_DS\MP5\8 (92).wav","Guns_DS","test","indefinida","True","True","True","wav","2.0","48000","Stereo","16","1536000","375.04","2023-04-08 21:37:26"
"8 (93).wav","/C/gun_shot_2778111f","[""/C/gun_shot_2778111f""]","gun_shot","[""gun_shot""]","E:\Proyectos\proyecto4geeks\data\raw\Guns_DS\MP5\8 (93).wav","Guns_DS","train","indefinida","True","True","True","wav","2.0","48000","Stereo","16","1536000","375.04","2023-04-08 21:37:26"
"8 (94).wav","/C/gun_shot_2778111f","[""/C/gun_shot_2778111f""]","gun_shot","[""gun_shot""]","E:\Proyectos\proyecto4geeks\data\raw\Guns_DS\MP5\8 (94).wav","Guns_DS","train","indefinida","True","True","True","wav","2.0","48000","Stereo","16","1536000","375.04","2023-04-08 21:37:26"
"8 (95).wav","/C/gun_shot_2778111f","[""/C/gun_shot_2778111f""]","gun_shot","[""gun_shot""]","E:\Proyectos\proyecto4geeks\data\raw\Guns_DS\MP5\8 (95).wav","Guns_DS","train","indefinida","True","True","True","wav","2.0","48000","Stereo","16","1536000","375.04","2023-04-08 21:37:26"
"8 (96).wav","/C/gun_shot_2778111f","[""/C/gun_shot_2778111f""]","gun_shot","[""gun_shot""]","E:\Proyectos\proyecto4geeks\data\raw\Guns_DS\MP5\8 (96).wav","Guns_DS","train","indefinida","True","True","True","wav","2.0","48000","Stereo","16","1536000","375.04","2023-04-08 21:37:26"
"8 (97).wav","/C/gun_shot_2778111f","[""/C/gun_shot_2778111f""]","gun_shot","[""gun_shot""]","E:\Proyectos\proyecto4geeks\data\raw\Guns_DS\MP5\8 (97).wav","Guns_DS","train","indefinida","True","True","True","wav","2.0","48000","Stereo","16","1536000","375.04","2023-04-08 21:37:26"
"8 (98).wav","/C/gun_shot_2778111f","[""/C/gun_shot_2778111f""]","gun_shot","[""gun_shot""]","E:\Proyectos\proyecto4geeks\data\raw\Guns_DS\MP5\8 (98).wav","Guns_DS","train","indefinida","True","True","True","wav","2.0","48000","Stereo","16","1536000","375.04","2023-04-08 21:37:26"
"8 (99).wav","/C/gun_shot_2778111f","[""/C/gun_shot_2778111f""]","gun_shot","[""gun_shot""]","E:\Proyectos\proyecto4geeks\data\raw\Guns_DS\MP5\8 (99).wav","Guns_DS","train","indefinida","True","True","True","wav","2.0","48000","Stereo","16","1536000","375.04","2023-04-08 21:37:26"
"9 (1).wav","/C/gun_shot_2778111f","[""/C/gun_shot_2778111f""]","gun_shot","[""gun_shot""]","E:\Proyectos\proyecto4geeks\data\raw\Guns_DS\Zastava M92\9 (1).wav","Guns_DS","test","indefinida","True","True","True","wav","1.0","44100","Stereo","16","1411200","173.63","2023-04-08 21:37:26"
"9 (10).wav","/C/gun_shot_2778111f","[""/C/gun_shot_2778111f""]","gun_shot","[""gun_shot""]","E:\Proyectos\proyecto4geeks\data\raw\Guns_DS\Zastava M92\9 (10).wav","Guns_DS","train","indefinida","True","True","True","wav","1.0","44100","Stereo","16","1411200","173.63","2023-04-08 21:37:26"
"9 (11).wav","/C/gun_shot_2778111f","[""/C/gun_shot_2778111f""]","gun_shot","[""gun_shot""]","E:\Proyectos\proyecto4geeks\data\raw\Guns_DS\Zastava M92\9 (11).wav","Guns_DS","test","indefinida","True","True","True","wav","1.0","44100","Stereo","16","1411200","173.63","2023-04-08 21:37:26"
"9 (12).wav","/C/gun_shot_2778111f","[""/C/gun_shot_2778111f""]","gun_shot","[""gun_shot""]","E:\Proyectos\proyecto4geeks\data\raw\Guns_DS\Zastava M92\9 (12).wav","Guns_DS","train","indefinida","True","True","True","wav","1.0","44100","Stereo","16","1411200","173.63","2023-04-08 21:37:26"
"9 (13).wav","/C/gun_shot_2778111f","[""/C/gun_shot_2778111f""]","gun_shot","[""gun_shot""]","E:\Proyectos\proyecto4geeks\data\raw\Guns_DS\Zastava M92\9 (13).wav","Guns_DS","train","indefinida","True","True","True","wav","1.0","44100","Stereo","16","1411200","173.63","2023-04-08 21:37:26"
"9 (14).wav","/C/gun_shot_2778111f","[""/C/gun_shot_2778111f""]","gun_shot","[""gun_shot""]","E:\Proyectos\proyecto4geeks\data\raw\Guns_DS\Zastava M92\9 (14).wav","Guns_DS","train","indefinida","True","True","True","wav","1.0","44100","Stereo","16","1411200","173.63","2023-04-08 21:37:26"
"9 (15).wav","/C/gun_shot_2778111f","[""/C/gun_shot_2778111f""]","gun_shot","[""gun_shot""]","E:\Proyectos\proyecto4geeks\data\raw\Guns_DS\Zastava M92\9 (15).wav","Guns_DS","test","indefinida","True","True","True","wav","1.0","44100","Stereo","16","1411200","173.63","2023-04-08 21:37:26"
"9 (16).wav","/C/gun_shot_2778111f","[""/C/gun_shot_2778111f""]","gun_shot","[""gun_shot""]","E:\Proyectos\proyecto4geeks\data\raw\Guns_DS\Zastava M92\9 (16).wav","Guns_DS","test","indefinida","True","True","True","wav","1.0","44100","Stereo","16","1411200","173.63","2023-04-08 21:37:26"
"9 (17).wav","/C/gun_shot_2778111f","[""/C/gun_shot_2778111f""]","gun_shot","[""gun_shot""]","E:\Proyectos\proyecto4geeks\data\raw\Guns_DS\Zastava M92\9 (17).wav","Guns_DS","train","indefinida","True","True","True","wav","1.0","44100","Stereo","16","1411200","173.63","2023-04-08 21:37:26"
"9 (18).wav","/C/gun_shot_2778111f","[""/C/gun_shot_2778111f""]","gun_shot","[""gun_shot""]","E:\Proyectos\proyecto4geeks\data\raw\Guns_DS\Zastava M92\9 (18).wav","Guns_DS","train","indefinida","True","True","True","wav","1.0","44100","Stereo","16","1411200","173.63","2023-04-08 21:37:26"
"9 (19).wav","/C/gun_shot_2778111f","[""/C/gun_shot_2778111f""]","gun_shot","[""gun_shot""]","E:\Proyectos\proyecto4geeks\data\raw\Guns_DS\Zastava M92\9 (19).wav","Guns_DS","train","indefinida","True","True","True","wav","1.0","44100","Stereo","16","1411200","173.63","2023-04-08 21:37:26"
"9 (2).wav","/C/gun_shot_2778111f","[""/C/gun_shot_2778111f""]","gun_shot","[""gun_shot""]","E:\Proyectos\proyecto4geeks\data\raw\Guns_DS\Zastava M92\9 (2).wav","Guns_DS","train","indefinida","True","True","True","wav","1.0","44100","Stereo","16","1411200","173.63","2023-04-08 21:37:26"
"9 (20).wav","/C/gun_shot_2778111f","[""/C/gun_shot_2778111f""]","gun_shot","[""gun_shot""]","E:\Proyectos\proyecto4geeks\data\raw\Guns_DS\Zastava M92\9 (20).wav","Guns_DS","train","indefinida","True","True","True","wav","1.0","44100","Stereo","16","1411200","173.63","2023-04-08 21:37:26"
"9 (21).wav","/C/gun_shot_2778111f","[""/C/gun_shot_2778111f""]","gun_shot","[""gun_shot""]","E:\Proyectos\proyecto4geeks\data\raw\Guns_DS\Zastava M92\9 (21).wav","Guns_DS","test","indefinida","True","True","True","wav","1.0","44100","Stereo","16","1411200","173.63","2023-04-08 21:37:26"
"9 (22).wav","/C/gun_shot_2778111f","[""/C/gun_shot_2778111f""]","gun_shot","[""gun_shot""]","E:\Proyectos\proyecto4geeks\data\raw\Guns_DS\Zastava M92\9 (22).wav","Guns_DS","train","indefinida","True","True","True","wav","1.0","44100","Stereo","16","1411200","173.63","2023-04-08 21:37:26"
"9 (23).wav","/C/gun_shot_2778111f","[""/C/gun_shot_2778111f""]","gun_shot","[""gun_shot""]","E:\Proyectos\proyecto4geeks\data\raw\Guns_DS\Zastava M92\9 (23).wav","Guns_DS","train","indefinida","True","True","True","wav","1.0","44100","Stereo","16","1411200","173.63","2023-04-08 21:37:26"
"9 (24).wav","/C/gun_shot_2778111f","[""/C/gun_shot_2778111f""]","gun_shot","[""gun_shot""]","E:\Proyectos\proyecto4geeks\data\raw\Guns_DS\Zastava M92\9 (24).wav","Guns_DS","train","indefinida","True","True","True","wav","1.0","44100","Stereo","16","1411200","173.63","2023-04-08 21:37:26"
"9 (25).wav","/C/gun_shot_2778111f","[""/C/gun_shot_2778111f""]","gun_shot","[""gun_shot""]","E:\Proyectos\proyecto4geeks\data\raw\Guns_DS\Zastava M92\9 (25).wav","Guns_DS","train","indefinida","True","True","True","wav","1.0","44100","Stereo","16","1411200","173.63","2023-04-08 21:37:26"
"9 (26).wav","/C/gun_shot_2778111f","[""/C/gun_shot_2778111f""]","gun_shot","[""gun_shot""]","E:\Proyectos\proyecto4geeks\data\raw\Guns_DS\Zastava M92\9 (26).wav","Guns_DS","train","indefinida","True","True","True","wav","1.0","44100","Stereo","16","1411200","173.63","2023-04-08 21:37:26"
"9 (27).wav","/C/gun_shot_2778111f","[""/C/gun_shot_2778111f""]","gun_shot","[""gun_shot""]","E:\Proyectos\proyecto4geeks\data\raw\Guns_DS\Zastava M92\9 (27).wav","Guns_DS","train","indefinida","True","True","True","wav","1.0","44100","Stereo","16","1411200","173.63","2023-04-08 21:37:26"
"9 (28).wav","/C/gun_shot_2778111f","[""/C/gun_shot_2778111f""]","gun_shot","[""gun_shot""]","E:\Proyectos\proyecto4geeks\data\raw\Guns_DS\Zastava M92\9 (28).wav","Guns_DS","train","indefinida","True","True","True","wav","1.0","44100","Stereo","16","1411200","173.63","2023-04-08 21:37:26"
"9 (29).wav","/C/gun_shot_2778111f","[""/C/gun_shot_2778111f""]","gun_shot","[""gun_shot""]","E:\Proyectos\proyecto4geeks\data\raw\Guns_DS\Zastava M92\9 (29).wav","Guns_DS","train","indefinida","True","True","True","wav","1.0","44100","Stereo","16","1411200","173.63","2023-04-08 21:37:26"
"9 (3).wav","/C/gun_shot_2778111f","[""/C/gun_shot_2778111f""]","gun_shot","[""gun_shot""]","E:\Proyectos\proyecto4geeks\data\raw\Guns_DS\Zastava M92\9 (3).wav","Guns_DS","train","indefinida","True","True","True","wav","1.0","44100","Stereo","16","1411200","173.63","2023-04-08 21:37:26"
"9 (30).wav","/C/gun_shot_2778111f","[""/C/gun_shot_2778111f""]","gun_shot","[""gun_shot""]","E:\Proyectos\proyecto4geeks\data\raw\Guns_DS\Zastava M92\9 (30).wav","Guns_DS","train","indefinida","True","True","True","wav","1.0","44100","Stereo","16","1411200","173.63","2023-04-08 21:37:26"
"9 (31).wav","/C/gun_shot_2778111f","[""/C/gun_shot_2778111f""]","gun_shot","[""gun_shot""]","E:\Proyectos\proyecto4geeks\data\raw\Guns_DS\Zastava M92\9 (31).wav","Guns_DS","train","indefinida","True","True","True","wav","1.0","44100","Stereo","16","1411200","173.63","2023-04-08 21:37:26"
"9 (32).wav","/C/gun_shot_2778111f","[""/C/gun_shot_2778111f""]","gun_shot","[""gun_shot""]","E:\Proyectos\proyecto4geeks\data\raw\Guns_DS\Zastava M92\9 (32).wav","Guns_DS","train","indefinida","True","True","True","wav","1.0","44100","Stereo","16","1411200","173.63","2023-04-08 21:37:26"
"9 (33).wav","/C/gun_shot_2778111f","[""/C/gun_shot_2778111f""]","gun_shot","[""gun_shot""]","E:\Proyectos\proyecto4geeks\data\raw\Guns_DS\Zastava M92\9 (33).wav","Guns_DS","train","indefinida","True","True","True","wav","1.0","44100","Stereo","16","1411200","173.63","2023-04-08 21:37:26"
"9 (34).wav","/C/gun_shot_2778111f","[""/C/gun_shot_2778111f""]","gun_shot","[""gun_shot""]","E:\Proyectos\proyecto4geeks\data\raw\Guns_DS\Zastava M92\9 (34).wav","Guns_DS","test","indefinida","True","True","True","wav","1.0","44100","Stereo","16","1411200","173.63","2023-04-08 21:37:26"
"9 (35).wav","/C/gun_shot_2778111f","[""/C/gun_shot_2778111f""]","gun_shot","[""gun_shot""]","E:\Proyectos\proyecto4geeks\data\raw\Guns_DS\Zastava M92\9 (35).wav","Guns_DS","train","indefinida","True","True","True","wav","1.0","44100","Stereo","16","1411200","173.63","2023-04-08 21:37:26"
"9 (36).wav","/C/gun_shot_2778111f","[""/C/gun_shot_2778111f""]","gun_shot","[""gun_shot""]","E:\Proyectos\proyecto4geeks\data\raw\Guns_DS\Zastava M92\9 (36).wav","Guns_DS","train","indefinida","True","True","True","wav","1.0","44100","Stereo","16","1411200","173.63","2023-04-08 21:37:26"
"9 (37).wav","/C/gun_shot_2778111f","[""/C/gun_shot_2778111f""]","gun_shot","[""gun_shot""]","E:\Proyectos\proyecto4geeks\data\raw\Guns_DS\Zastava M92\9 (37).wav","Guns_DS","train","indefinida","True","True","True","wav","1.0","44100","Stereo","16","1411200","173.63","2023-04-08 21:37:26"
"9 (38).wav","/C/gun_shot_2778111f","[""/C/gun_shot_2778111f""]","gun_shot","[""gun_shot""]","E:\Proyectos\proyecto4geeks\data\raw\Guns_DS\Zastava M92\9 (38).wav","Guns_DS","train","indefinida","True","True","True","wav","1.0","44100","Stereo","16","1411200","173.63","2023-04-08 21:37:26"
"9 (39).wav","/C/gun_shot_2778111f","[""/C/gun_shot_2778111f""]","gun_shot","[""gun_shot""]","E:\Proyectos\proyecto4geeks\data\raw\Guns_DS\Zastava M92\9 (39).wav","Guns_DS","test","indefinida","True","True","True","wav","1.0","44100","Stereo","16","1411200","173.63","2023-04-08 21:37:26"
"9 (4).wav","/C/gun_shot_2778111f","[""/C/gun_shot_2778111f""]","gun_shot","[""gun_shot""]","E:\Proyectos\proyecto4geeks\data\raw\Guns_DS\Zastava M92\9 (4).wav","Guns_DS","train","indefinida","True","True","True","wav","1.0","44100","Stereo","16","1411200","173.63","2023-04-08 21:37:26"
"9 (40).wav","/C/gun_shot_2778111f","[""/C/gun_shot_2778111f""]","gun_shot","[""gun_shot""]","E:\Proyectos\proyecto4geeks\data\raw\Guns_DS\Zastava M92\9 (40).wav","Guns_DS","train","indefinida","True","True","True","wav","1.0","44100","Stereo","16","1411200","173.63","2023-04-08 21:37:26"
"9 (41).wav","/C/gun_shot_2778111f","[""/C/gun_shot_2778111f""]","gun_shot","[""gun_shot""]","E:\Proyectos\proyecto4geeks\data\raw\Guns_DS\Zastava M92\9 (41).wav","Guns_DS","train","indefinida","True","True","True","wav","1.0","44100","Stereo","16","1411200","173.63","2023-04-08 21:37:26"
"9 (42).wav","/C/gun_shot_2778111f","[""/C/gun_shot_2778111f""]","gun_shot","[""gun_shot""]","E:\Proyectos\proyecto4geeks\data\raw\Guns_DS\Zastava M92\9 (42).wav","Guns_DS","test","indefinida","True","True","True","wav","1.0","44100","Stereo","16","1411200","173.63","2023-04-08 21:37:26"
"9 (43).wav","/C/gun_shot_2778111f","[""/C/gun_shot_2778111f""]","gun_shot","[""gun_shot""]","E:\Proyectos\proyecto4geeks\data\raw\Guns_DS\Zastava M92\9 (43).wav","Guns_DS","train","indefinida","True","True","True","wav","1.0","44100","Stereo","16","1411200","173.63","2023-04-08 21:37:26"
"9 (44).wav","/C/gun_shot_2778111f","[""/C/gun_shot_2778111f""]","gun_shot","[""gun_shot""]","E:\Proyectos\proyecto4geeks\data\raw\Guns_DS\Zastava M92\9 (44).wav","Guns_DS","train","indefinida","True","True","True","wav","1.0","44100","Stereo","16","1411200","173.63","2023-04-08 21:37:26"
"9 (45).wav","/C/gun_shot_2778111f","[""/C/gun_shot_2778111f""]","gun_shot","[""gun_shot""]","E:\Proyectos\proyecto4geeks\data\raw\Guns_DS\Zastava M92\9 (45).wav","Guns_DS","train","indefinida","True","True","True","wav","1.0","44100","Stereo","16","1411200","173.63","2023-04-08 21:37:26"
"9 (46).wav","/C/gun_shot_2778111f","[""/C/gun_shot_2778111f""]","gun_shot","[""gun_shot""]","E:\Proyectos\proyecto4geeks\data\raw\Guns_DS\Zastava M92\9 (46).wav","Guns_DS","train","indefinida","True","True","True","wav","1.0","44100","Stereo","16","1411200","173.63","2023-04-08 21:37:26"
"9 (47).wav","/C/gun_shot_2778111f","[""/C/gun_shot_2778111f""]","gun_shot","[""gun_shot""]","E:\Proyectos\proyecto4geeks\data\raw\Guns_DS\Zastava M92\9 (47).wav","Guns_DS","train","indefinida","True","True","True","wav","1.0","44100","Stereo","16","1411200","173.63","2023-04-08 21:37:26"
"9 (48).wav","/C/gun_shot_2778111f","[""/C/gun_shot_2778111f""]","gun_shot","[""gun_shot""]","E:\Proyectos\proyecto4geeks\data\raw\Guns_DS\Zastava M92\9 (48).wav","Guns_DS","train","indefinida","True","True","True","wav","1.0","44100","Stereo","16","1411200","173.63","2023-04-08 21:37:26"
"9 (49).wav","/C/gun_shot_2778111f","[""/C/gun_shot_2778111f""]","gun_shot","[""gun_shot""]","E:\Proyectos\proyecto4geeks\data\raw\Guns_DS\Zastava M92\9 (49).wav","Guns_DS","test","indefinida","True","True","True","wav","1.0","44100","Stereo","16","1411200","173.63","2023-04-08 21:37:26"
"9 (5).wav","/C/gun_shot_2778111f","[""/C/gun_shot_2778111f""]","gun_shot","[""gun_shot""]","E:\Proyectos\proyecto4geeks\data\raw\Guns_DS\Zastava M92\9 (5).wav","Guns_DS","train","indefinida","True","True","True","wav","1.0","44100","Stereo","16","1411200","173.63","2023-04-08 21:37:26"
"9 (50).wav","/C/gun_shot_2778111f","[""/C/gun_shot_2778111f""]","gun_shot","[""gun_shot""]","E:\Proyectos\proyecto4geeks\data\raw\Guns_DS\Zastava M92\9 (50).wav","Guns_DS","train","indefinida","True","True","True","wav","1.0","44100","Stereo","16","1411200","173.63","2023-04-08 21:37:26"
"9 (51).wav","/C/gun_shot_2778111f","[""/C/gun_shot_2778111f""]","gun_shot","[""gun_shot""]","E:\Proyectos\proyecto4geeks\data\raw\Guns_DS\Zastava M92\9 (51).wav","Guns_DS","train","indefinida","True","True","True","wav","1.0","44100","Stereo","16","1411200","173.63","2023-04-08 21:37:26"
"9 (52).wav","/C/gun_shot_2778111f","[""/C/gun_shot_2778111f""]","gun_shot","[""gun_shot""]","E:\Proyectos\proyecto4geeks\data\raw\Guns_DS\Zastava M92\9 (52).wav","Guns_DS","train","indefinida","True","True","True","wav","2.0","44100","Stereo","16","1411200","345.9","2023-04-08 21:37:26"
"9 (53).wav","/C/gun_shot_2778111f","[""/C/gun_shot_2778111f""]","gun_shot","[""gun_shot""]","E:\Proyectos\proyecto4geeks\data\raw\Guns_DS\Zastava M92\9 (53).wav","Guns_DS","test","indefinida","True","True","True","wav","2.0","44100","Stereo","16","1411200","345.9","2023-04-08 21:37:26"
"9 (54).wav","/C/gun_shot_2778111f","[""/C/gun_shot_2778111f""]","gun_shot","[""gun_shot""]","E:\Proyectos\proyecto4geeks\data\raw\Guns_DS\Zastava M92\9 (54).wav","Guns_DS","train","indefinida","True","True","True","wav","1.0","44100","Stereo","16","1411200","173.63","2023-04-08 21:37:26"
"9 (55).wav","/C/gun_shot_2778111f","[""/C/gun_shot_2778111f""]","gun_shot","[""gun_shot""]","E:\Proyectos\proyecto4geeks\data\raw\Guns_DS\Zastava M92\9 (55).wav","Guns_DS","train","indefinida","True","True","True","wav","1.0","44100","Stereo","16","1411200","173.63","2023-04-08 21:37:26"
"9 (56).wav","/C/gun_shot_2778111f","[""/C/gun_shot_2778111f""]","gun_shot","[""gun_shot""]","E:\Proyectos\proyecto4geeks\data\raw\Guns_DS\Zastava M92\9 (56).wav","Guns_DS","train","indefinida","True","True","True","wav","1.0","44100","Stereo","16","1411200","173.63","2023-04-08 21:37:26"
"9 (57).wav","/C/gun_shot_2778111f","[""/C/gun_shot_2778111f""]","gun_shot","[""gun_shot""]","E:\Proyectos\proyecto4geeks\data\raw\Guns_DS\Zastava M92\9 (57).wav","Guns_DS","train","indefinida","True","True","True","wav","1.0","44100","Stereo","16","1411200","173.63","2023-04-08 21:37:26"
"9 (58).wav","/C/gun_shot_2778111f","[""/C/gun_shot_2778111f""]","gun_shot","[""gun_shot""]","E:\Proyectos\proyecto4geeks\data\raw\Guns_DS\Zastava M92\9 (58).wav","Guns_DS","train","indefinida","True","True","True","wav","1.0","44100","Stereo","16","1411200","173.63","2023-04-08 21:37:26"
"9 (59).wav","/C/gun_shot_2778111f","[""/C/gun_shot_2778111f""]","gun_shot","[""gun_shot""]","E:\Proyectos\proyecto4geeks\data\raw\Guns_DS\Zastava M92\9 (59).wav","Guns_DS","train","indefinida","True","True","True","wav","1.0","44100","Stereo","16","1411200","173.63","2023-04-08 21:37:26"
"9 (6).wav","/C/gun_shot_2778111f","[""/C/gun_shot_2778111f""]","gun_shot","[""gun_shot""]","E:\Proyectos\proyecto4geeks\data\raw\Guns_DS\Zastava M92\9 (6).wav","Guns_DS","train","indefinida","True","True","True","wav","1.0","44100","Stereo","16","1411200","173.63","2023-04-08 21:37:26"
"9 (60).wav","/C/gun_shot_2778111f","[""/C/gun_shot_2778111f""]","gun_shot","[""gun_shot""]","E:\Proyectos\proyecto4geeks\data\raw\Guns_DS\Zastava M92\9 (60).wav","Guns_DS","train","indefinida","True","True","True","wav","1.0","44100","Stereo","16","1411200","173.63","2023-04-08 21:37:26"
"9 (61).wav","/C/gun_shot_2778111f","[""/C/gun_shot_2778111f""]","gun_shot","[""gun_shot""]","E:\Proyectos\proyecto4geeks\data\raw\Guns_DS\Zastava M92\9 (61).wav","Guns_DS","train","indefinida","True","True","True","wav","1.0","44100","Stereo","16","1411200","173.63","2023-04-08 21:37:26"
"9 (62).wav","/C/gun_shot_2778111f","[""/C/gun_shot_2778111f""]","gun_shot","[""gun_shot""]","E:\Proyectos\proyecto4geeks\data\raw\Guns_DS\Zastava M92\9 (62).wav","Guns_DS","train","indefinida","True","True","True","wav","1.0","44100","Stereo","16","1411200","173.63","2023-04-08 21:37:26"
"9 (63).wav","/C/gun_shot_2778111f","[""/C/gun_shot_2778111f""]","gun_shot","[""gun_shot""]","E:\Proyectos\proyecto4geeks\data\raw\Guns_DS\Zastava M92\9 (63).wav","Guns_DS","train","indefinida","True","True","True","wav","2.0","44100","Stereo","16","1411200","345.9","2023-04-08 21:37:26"
"9 (64).wav","/C/gun_shot_2778111f","[""/C/gun_shot_2778111f""]","gun_shot","[""gun_shot""]","E:\Proyectos\proyecto4geeks\data\raw\Guns_DS\Zastava M92\9 (64).wav","Guns_DS","test","indefinida","True","True","True","wav","1.0","44100","Stereo","16","1411200","173.63","2023-04-08 21:37:26"
"9 (65).wav","/C/gun_shot_2778111f","[""/C/gun_shot_2778111f""]","gun_shot","[""gun_shot""]","E:\Proyectos\proyecto4geeks\data\raw\Guns_DS\Zastava M92\9 (65).wav","Guns_DS","train","indefinida","True","True","True","wav","1.0","44100","Stereo","16","1411200","173.63","2023-04-08 21:37:26"
"9 (66).wav","/C/gun_shot_2778111f","[""/C/gun_shot_2778111f""]","gun_shot","[""gun_shot""]","E:\Proyectos\proyecto4geeks\data\raw\Guns_DS\Zastava M92\9 (66).wav","Guns_DS","train","indefinida","True","True","True","wav","1.0","44100","Stereo","16","1411200","173.63","2023-04-08 21:37:26"
"9 (67).wav","/C/gun_shot_2778111f","[""/C/gun_shot_2778111f""]","gun_shot","[""gun_shot""]","E:\Proyectos\proyecto4geeks\data\raw\Guns_DS\Zastava M92\9 (67).wav","Guns_DS","train","indefinida","True","True","True","wav","1.0","44100","Stereo","16","1411200","173.63","2023-04-08 21:37:26"
"9 (68).wav","/C/gun_shot_2778111f","[""/C/gun_shot_2778111f""]","gun_shot","[""gun_shot""]","E:\Proyectos\proyecto4geeks\data\raw\Guns_DS\Zastava M92\9 (68).wav","Guns_DS","test","indefinida","True","True","True","wav","1.0","44100","Stereo","16","1411200","173.63","2023-04-08 21:37:26"
"9 (69).wav","/C/gun_shot_2778111f","[""/C/gun_shot_2778111f""]","gun_shot","[""gun_shot""]","E:\Proyectos\proyecto4geeks\data\raw\Guns_DS\Zastava M92\9 (69).wav","Guns_DS","train","indefinida","True","True","True","wav","1.0","44100","Stereo","16","1411200","173.63","2023-04-08 21:37:26"
"9 (7).wav","/C/gun_shot_2778111f","[""/C/gun_shot_2778111f""]","gun_shot","[""gun_shot""]","E:\Proyectos\proyecto4geeks\data\raw\Guns_DS\Zastava M92\9 (7).wav","Guns_DS","train","indefinida","True","True","True","wav","1.0","44100","Stereo","16","1411200","173.63","2023-04-08 21:37:26"
"9 (70).wav","/C/gun_shot_2778111f","[""/C/gun_shot_2778111f""]","gun_shot","[""gun_shot""]","E:\Proyectos\proyecto4geeks\data\raw\Guns_DS\Zastava M92\9 (70).wav","Guns_DS","train","indefinida","True","True","True","wav","1.0","44100","Stereo","16","1411200","173.63","2023-04-08 21:37:26"
"9 (71).wav","/C/gun_shot_2778111f","[""/C/gun_shot_2778111f""]","gun_shot","[""gun_shot""]","E:\Proyectos\proyecto4geeks\data\raw\Guns_DS\Zastava M92\9 (71).wav","Guns_DS","train","indefinida","True","True","True","wav","1.0","44100","Stereo","16","1411200","173.63","2023-04-08 21:37:26"
"9 (72).wav","/C/gun_shot_2778111f","[""/C/gun_shot_2778111f""]","gun_shot","[""gun_shot""]","E:\Proyectos\proyecto4geeks\data\raw\Guns_DS\Zastava M92\9 (72).wav","Guns_DS","train","indefinida","True","True","True","wav","1.0","44100","Stereo","16","1411200","173.63","2023-04-08 21:37:26"
"9 (73).wav","/C/gun_shot_2778111f","[""/C/gun_shot_2778111f""]","gun_shot","[""gun_shot""]","E:\Proyectos\proyecto4geeks\data\raw\Guns_DS\Zastava M92\9 (73).wav","Guns_DS","train","indefinida","True","True","True","wav","1.0","44100","Stereo","16","1411200","173.63","2023-04-08 21:37:26"
"9 (74).wav","/C/gun_shot_2778111f","[""/C/gun_shot_2778111f""]","gun_shot","[""gun_shot""]","E:\Proyectos\proyecto4geeks\data\raw\Guns_DS\Zastava M92\9 (74).wav","Guns_DS","train","indefinida","True","True","True","wav","1.0","44100","Stereo","16","1411200","173.63","2023-04-08 21:37:26"
"9 (75).wav","/C/gun_shot_2778111f","[""/C/gun_shot_2778111f""]","gun_shot","[""gun_shot""]","E:\Proyectos\proyecto4geeks\data\raw\Guns_DS\Zastava M92\9 (75).wav","Guns_DS","train","indefinida","True","True","True","wav","1.0","44100","Stereo","16","1411200","173.63","2023-04-08 21:37:26"
"9 (76).wav","/C/gun_shot_2778111f","[""/C/gun_shot_2778111f""]","gun_shot","[""gun_shot""]","E:\Proyectos\proyecto4geeks\data\raw\Guns_DS\Zastava M92\9 (76).wav","Guns_DS","train","indefinida","True","True","True","wav","2.0","44100","Stereo","16","1411200","345.9","2023-04-08 21:37:26"
"9 (77).wav","/C/gun_shot_2778111f","[""/C/gun_shot_2778111f""]","gun_shot","[""gun_shot""]","E:\Proyectos\proyecto4geeks\data\raw\Guns_DS\Zastava M92\9 (77).wav","Guns_DS","train","indefinida","True","True","True","wav","2.0","44100","Stereo","16","1411200","345.9","2023-04-08 21:37:26"
"9 (78).wav","/C/gun_shot_2778111f","[""/C/gun_shot_2778111f""]","gun_shot","[""gun_shot""]","E:\Proyectos\proyecto4geeks\data\raw\Guns_DS\Zastava M92\9 (78).wav","Guns_DS","test","indefinida","True","True","True","wav","2.0","44100","Stereo","16","1411200","345.75","2023-04-08 21:37:26"
"9 (79).wav","/C/gun_shot_2778111f","[""/C/gun_shot_2778111f""]","gun_shot","[""gun_shot""]","E:\Proyectos\proyecto4geeks\data\raw\Guns_DS\Zastava M92\9 (79).wav","Guns_DS","train","indefinida","True","True","True","wav","2.0","44100","Stereo","16","1411200","345.75","2023-04-08 21:37:26"
"9 (8).wav","/C/gun_shot_2778111f","[""/C/gun_shot_2778111f""]","gun_shot","[""gun_shot""]","E:\Proyectos\proyecto4geeks\data\raw\Guns_DS\Zastava M92\9 (8).wav","Guns_DS","train","indefinida","True","True","True","wav","1.0","44100","Stereo","16","1411200","173.63","2023-04-08 21:37:26"
"9 (80).wav","/C/gun_shot_2778111f","[""/C/gun_shot_2778111f""]","gun_shot","[""gun_shot""]","E:\Proyectos\proyecto4geeks\data\raw\Guns_DS\Zastava M92\9 (80).wav","Guns_DS","train","indefinida","True","True","True","wav","2.0","44100","Stereo","16","1411200","344.57","2023-04-08 21:37:26"
"9 (81).wav","/C/gun_shot_2778111f","[""/C/gun_shot_2778111f""]","gun_shot","[""gun_shot""]","E:\Proyectos\proyecto4geeks\data\raw\Guns_DS\Zastava M92\9 (81).wav","Guns_DS","test","indefinida","True","True","True","wav","2.0","44100","Stereo","16","1411200","344.57","2023-04-08 21:37:26"
"9 (82).wav","/C/gun_shot_2778111f","[""/C/gun_shot_2778111f""]","gun_shot","[""gun_shot""]","E:\Proyectos\proyecto4geeks\data\raw\Guns_DS\Zastava M92\9 (82).wav","Guns_DS","train","indefinida","True","True","True","wav","2.0","44100","Stereo","16","1411200","344.57","2023-04-08 21:37:26"
"9 (9).wav","/C/gun_shot_2778111f","[""/C/gun_shot_2778111f""]","gun_shot","[""gun_shot""]","E:\Proyectos\proyecto4geeks\data\raw\Guns_DS\Zastava M92\9 (9).wav","Guns_DS","train","indefinida","True","True","True","wav","1.0","44100","Stereo","16","1411200","173.63","2023-04-08 21:37:26"
