id_label,audio,folder,label,human_label,labels,human_labels,danger_level,split,dataset_source,duration,sample_rate,channels,bit_depth,bit_velocity,siz,date_modification,environment,emergency
0,03-01-05-01-01-01-01.wav,angry,yell,yell,yell,yell,2,train,RAVDESS,3.8705416666666665,48000,Mono,16,,421.431640625,1778097342.3132238,interior,True
1,03-01-05-01-01-01-02.wav,angry,yell,yell,yell,yell,2,train,RAVDESS,3.6703333333333332,48000,Mono,16,,403.634765625,1778097342.7060194,interior,True
2,03-01-05-01-01-01-03.wav,angry,yell,yell,yell,yell,2,train,RAVDESS,4.004,48000,Mono,16,,423.87109375,1778097343.1080058,interior,True
3,03-01-05-01-01-01-04.wav,angry,yell,yell,yell,yell,2,train,RAVDESS,3.703708333333333,48000,Mono,16,,403.30859375,1778097343.5959098,interior,True
4,03-01-05-01-01-01-05.wav,angry,yell,yell,yell,yell,2,train,RAVDESS,3.8705416666666665,48000,Mono,16,,411.115234375,1778097343.9958205,interior,True
5,03-01-05-01-01-01-06.wav,angry,yell,yell,yell,yell,2,train,RAVDESS,3.7704375,48000,Mono,16,,399.728515625,1778097344.408278,interior,True
6,03-01-05-01-01-01-07.wav,angry,yell,yell,yell,yell,2,train,RAVDESS,4.004,48000,Mono,16,,423.65234375,1778097344.901179,interior,True
7,03-01-05-01-01-01-08.wav,angry,yell,yell,yell,yell,2,train,RAVDESS,3.703708333333333,48000,Mono,16,,383.466796875,1778097345.3651433,interior,True
8,03-01-05-01-01-01-09.wav,angry,yell,yell,yell,yell,2,train,RAVDESS,3.5702291666666666,48000,Mono,16,,380.87109375,1778097345.8254027,interior,True
9,03-01-05-01-01-01-10.wav,angry,yell,yell,yell,yell,2,train,RAVDESS,3.9038958333333333,48000,Mono,16,,424.5625,1778097346.2847908,interior,True
10,03-01-05-01-01-01-11.wav,angry,yell,yell,yell,yell,2,train,RAVDESS,3.6036041666666665,48000,Mono,16,,383.962890625,1778097346.7438278,interior,True
11,03-01-05-01-01-01-12.wav,angry,yell,yell,yell,yell,2,train,RAVDESS,4.2709375,48000,Mono,16,,446.66796875,1778097347.2039826,interior,True
12,03-01-05-01-01-01-13.wav,angry,yell,yell,yell,yell,2,train,RAVDESS,3.4367708333333336,48000,Mono,16,,370.400390625,1778097347.6634443,interior,True
13,03-01-05-01-01-01-14.wav,angry,yell,yell,yell,yell,2,train,RAVDESS,3.6035833333333334,48000,Mono,16,,397.38671875,1778097348.1059108,interior,True
14,03-01-05-01-01-01-15.wav,angry,yell,yell,yell,yell,2,train,RAVDESS,3.636979166666667,48000,Mono,16,,390.17578125,1778097348.549541,interior,True
15,03-01-05-01-01-01-16.wav,angry,yell,yell,yell,yell,2,train,RAVDESS,3.970645833333333,48000,Mono,16,,430.8359375,1778097349.0125186,interior,True
16,03-01-05-01-01-01-17.wav,angry,yell,yell,yell,yell,2,train,RAVDESS,3.4701458333333335,48000,Mono,16,,373.998046875,1778097349.4831436,interior,True
17,03-01-05-01-01-01-18.wav,angry,yell,yell,yell,yell,2,train,RAVDESS,3.9038958333333333,48000,Mono,16,,424.328125,1778097349.9419808,interior,True
18,03-01-05-01-01-01-19.wav,angry,yell,yell,yell,yell,2,train,RAVDESS,3.7704375,48000,Mono,16,,399.908203125,1778097350.4166965,interior,True
19,03-01-05-01-01-01-20.wav,angry,yell,yell,yell,yell,2,train,RAVDESS,3.2365833333333334,48000,Mono,16,,361.96875,1778097350.891735,interior,True
20,03-01-05-01-01-01-21.wav,angry,yell,yell,yell,yell,2,train,RAVDESS,4.137479166666667,48000,Mono,16,,445.80859375,1778097351.3826556,interior,True
21,03-01-05-01-01-01-22.wav,angry,yell,yell,yell,yell,2,train,RAVDESS,3.703708333333333,48000,Mono,16,,404.32421875,1778097351.8585536,interior,True
22,03-01-05-01-01-01-23.wav,angry,yell,yell,yell,yell,2,train,RAVDESS,3.3033125,48000,Mono,16,,365.513671875,1778097352.3322568,interior,True
23,03-01-05-01-01-01-24.wav,angry,yell,yell,yell,yell,2,train,RAVDESS,4.104104166666667,48000,Mono,16,,439.931640625,1778097352.760514,interior,True
24,03-01-05-01-01-02-01.wav,angry,yell,yell,yell,yell,2,train,RAVDESS,3.9372708333333333,48000,Mono,16,,427.6875,1778097342.331141,interior,True
25,03-01-05-01-01-02-02.wav,angry,yell,yell,yell,yell,2,train,RAVDESS,3.6703333333333332,48000,Mono,16,,403.634765625,1778097342.7092764,interior,True
26,03-01-05-01-01-02-03.wav,angry,yell,yell,yell,yell,2,train,RAVDESS,4.070729166666666,48000,Mono,16,,430.119140625,1778097343.111688,interior,True
27,03-01-05-01-01-02-04.wav,angry,yell,yell,yell,yell,2,train,RAVDESS,3.6036041666666665,48000,Mono,16,,393.923828125,1778097343.6047897,interior,True
28,03-01-05-01-01-02-05.wav,angry,yell,yell,yell,yell,2,train,RAVDESS,3.8037916666666667,48000,Mono,16,,404.857421875,1778097344.0053372,interior,True
29,03-01-05-01-01-02-06.wav,angry,yell,yell,yell,yell,2,train,RAVDESS,3.970625,48000,Mono,16,,418.49609375,1778097344.416924,interior,True
30,03-01-05-01-01-02-07.wav,angry,yell,yell,yell,yell,2,train,RAVDESS,3.970645833333333,48000,Mono,16,,420.525390625,1778097344.908854,interior,True
31,03-01-05-01-01-02-08.wav,angry,yell,yell,yell,yell,2,train,RAVDESS,3.6036041666666665,48000,Mono,16,,374.08203125,1778097345.381007,interior,True
32,03-01-05-01-01-02-09.wav,angry,yell,yell,yell,yell,2,train,RAVDESS,3.57025,48000,Mono,16,,380.859375,1778097345.8314154,interior,True
33,03-01-05-01-01-02-10.wav,angry,yell,yell,yell,yell,2,train,RAVDESS,4.004,48000,Mono,16,,433.947265625,1778097346.2847908,interior,True
34,03-01-05-01-01-02-11.wav,angry,yell,yell,yell,yell,2,train,RAVDESS,3.4701458333333335,48000,Mono,16,,371.451171875,1778097346.7438278,interior,True
35,03-01-05-01-01-02-12.wav,angry,yell,yell,yell,yell,2,train,RAVDESS,3.970625,48000,Mono,16,,418.513671875,1778097347.219878,interior,True
36,03-01-05-01-01-02-13.wav,angry,yell,yell,yell,yell,2,train,RAVDESS,3.5368541666666666,48000,Mono,16,,379.783203125,1778097347.679225,interior,True
37,03-01-05-01-01-02-14.wav,angry,yell,yell,yell,yell,2,train,RAVDESS,3.703708333333333,48000,Mono,16,,406.763671875,1778097348.1059108,interior,True
38,03-01-05-01-01-02-15.wav,angry,yell,yell,yell,yell,2,train,RAVDESS,3.6036041666666665,48000,Mono,16,,387.044921875,1778097348.549541,interior,True
39,03-01-05-01-01-02-16.wav,angry,yell,yell,yell,yell,2,train,RAVDESS,4.004,48000,Mono,16,,433.962890625,1778097349.0247724,interior,True
40,03-01-05-01-01-02-17.wav,angry,yell,yell,yell,yell,2,train,RAVDESS,3.703708333333333,48000,Mono,16,,395.89453125,1778097349.4831436,interior,True
41,03-01-05-01-01-02-18.wav,angry,yell,yell,yell,yell,2,train,RAVDESS,4.170833333333333,48000,Mono,16,,449.353515625,1778097349.95801,interior,True
42,03-01-05-01-01-02-19.wav,angry,yell,yell,yell,yell,2,train,RAVDESS,3.703708333333333,48000,Mono,16,,394.2109375,1778097350.4166965,interior,True
43,03-01-05-01-01-02-20.wav,angry,yell,yell,yell,yell,2,train,RAVDESS,3.7370625,48000,Mono,16,,408.888671875,1778097350.90755,interior,True
44,03-01-05-01-01-02-21.wav,angry,yell,yell,yell,yell,2,train,RAVDESS,4.004,48000,Mono,16,,433.294921875,1778097351.3826556,interior,True
45,03-01-05-01-01-02-22.wav,angry,yell,yell,yell,yell,2,train,RAVDESS,3.7370625,48000,Mono,16,,407.451171875,1778097351.8585536,interior,True
46,03-01-05-01-01-02-23.wav,angry,yell,yell,yell,yell,2,train,RAVDESS,3.3033125,48000,Mono,16,,365.513671875,1778097352.3322568,interior,True
47,03-01-05-01-01-02-24.wav,angry,yell,yell,yell,yell,2,train,RAVDESS,3.7370625,48000,Mono,16,,405.521484375,1778097352.7812743,interior,True
48,03-01-05-01-02-01-01.wav,angry,yell,yell,yell,yell,2,train,RAVDESS,3.5035,48000,Mono,16,,387.021484375,1778097342.331141,interior,True
49,03-01-05-01-02-01-02.wav,angry,yell,yell,yell,yell,2,train,RAVDESS,3.7704166666666667,48000,Mono,16,,413.017578125,1778097342.7189772,interior,True
50,03-01-05-01-02-01-03.wav,angry,yell,yell,yell,yell,2,train,RAVDESS,3.8038125,48000,Mono,16,,405.103515625,1778097343.121853,interior,True
51,03-01-05-01-02-01-04.wav,angry,yell,yell,yell,yell,2,train,RAVDESS,3.470125,48000,Mono,16,,381.41015625,1778097343.611908,interior,True
52,03-01-05-01-02-01-05.wav,angry,yell,yell,yell,yell,2,train,RAVDESS,4.070729166666666,48000,Mono,16,,429.8828125,1778097344.0053372,interior,True
53,03-01-05-01-02-01-06.wav,angry,yell,yell,yell,yell,2,train,RAVDESS,4.2041875,48000,Mono,16,,440.40234375,1778097344.4269,interior,True
54,03-01-05-01-02-01-07.wav,angry,yell,yell,yell,yell,2,train,RAVDESS,4.004,48000,Mono,16,,423.65234375,1778097344.9169161,interior,True
55,03-01-05-01-02-01-08.wav,angry,yell,yell,yell,yell,2,train,RAVDESS,3.536875,48000,Mono,16,,367.826171875,1778097345.381007,interior,True
56,03-01-05-01-02-01-09.wav,angry,yell,yell,yell,yell,2,train,RAVDESS,3.7370625,48000,Mono,16,,396.5078125,1778097345.840163,interior,True
57,03-01-05-01-02-01-10.wav,angry,yell,yell,yell,yell,2,train,RAVDESS,4.104104166666667,48000,Mono,16,,443.33203125,1778097346.300857,interior,True
58,03-01-05-01-02-01-11.wav,angry,yell,yell,yell,yell,2,train,RAVDESS,3.470125,48000,Mono,16,,371.44921875,1778097346.759748,interior,True
59,03-01-05-01-02-01-12.wav,angry,yell,yell,yell,yell,2,train,RAVDESS,3.7370833333333335,48000,Mono,16,,396.619140625,1778097347.2320864,interior,True
60,03-01-05-01-02-01-13.wav,angry,yell,yell,yell,yell,2,train,RAVDESS,3.6036041666666665,48000,Mono,16,,386.041015625,1778097347.679225,interior,True
61,03-01-05-01-02-01-14.wav,angry,yell,yell,yell,yell,2,train,RAVDESS,3.7370625,48000,Mono,16,,409.900390625,1778097348.1215942,interior,True
62,03-01-05-01-02-01-15.wav,angry,yell,yell,yell,yell,2,train,RAVDESS,3.703708333333333,48000,Mono,16,,396.4296875,1778097348.5653763,interior,True
63,03-01-05-01-02-01-16.wav,angry,yell,yell,yell,yell,2,train,RAVDESS,3.9038958333333333,48000,Mono,16,,424.578125,1778097349.0247724,interior,True
64,03-01-05-01-02-01-17.wav,angry,yell,yell,yell,yell,2,train,RAVDESS,3.6036041666666665,48000,Mono,16,,386.509765625,1778097349.4988928,interior,True
65,03-01-05-01-02-01-18.wav,angry,yell,yell,yell,yell,2,train,RAVDESS,3.5702291666666666,48000,Mono,16,,393.01953125,1778097349.9662411,interior,True
66,03-01-05-01-02-01-19.wav,angry,yell,yell,yell,yell,2,train,RAVDESS,3.3033125,48000,Mono,16,,356.681640625,1778097350.4328232,interior,True
67,03-01-05-01-02-01-20.wav,angry,yell,yell,yell,yell,2,train,RAVDESS,3.6703333333333332,48000,Mono,16,,402.62109375,1778097350.90755,interior,True
68,03-01-05-01-02-01-21.wav,angry,yell,yell,yell,yell,2,train,RAVDESS,4.070729166666666,48000,Mono,16,,439.546875,1778097351.4006703,interior,True
69,03-01-05-01-02-01-22.wav,angry,yell,yell,yell,yell,2,train,RAVDESS,3.8705208333333334,48000,Mono,16,,419.958984375,1778097351.876495,interior,True
70,03-01-05-01-02-01-23.wav,angry,yell,yell,yell,yell,2,train,RAVDESS,3.2699375,48000,Mono,16,,362.384765625,1778097352.3322568,interior,True
71,03-01-05-01-02-01-24.wav,angry,yell,yell,yell,yell,2,train,RAVDESS,3.6703333333333332,48000,Mono,16,,399.265625,1778097352.7812743,interior,True
72,03-01-05-01-02-02-01.wav,angry,yell,yell,yell,yell,2,train,RAVDESS,3.7370625,48000,Mono,16,,408.91796875,1778097342.3448963,interior,True
73,03-01-05-01-02-02-02.wav,angry,yell,yell,yell,yell,2,train,RAVDESS,3.8037916666666667,48000,Mono,16,,416.13671875,1778097342.7251787,interior,True
74,03-01-05-01-02-02-03.wav,angry,yell,yell,yell,yell,2,train,RAVDESS,3.8371666666666666,48000,Mono,16,,408.23046875,1778097343.1354766,interior,True
75,03-01-05-01-02-02-04.wav,angry,yell,yell,yell,yell,2,train,RAVDESS,3.7370625,48000,Mono,16,,406.431640625,1778097343.6187959,interior,True
76,03-01-05-01-02-02-05.wav,angry,yell,yell,yell,yell,2,train,RAVDESS,4.404395833333333,48000,Mono,16,,461.158203125,1778097344.017367,interior,True
77,03-01-05-01-02-02-06.wav,angry,yell,yell,yell,yell,2,train,RAVDESS,3.9038958333333333,48000,Mono,16,,412.25,1778097344.4365487,interior,True
78,03-01-05-01-02-02-07.wav,angry,yell,yell,yell,yell,2,train,RAVDESS,4.004,48000,Mono,16,,423.646484375,1778097344.9228063,interior,True
79,03-01-05-01-02-02-08.wav,angry,yell,yell,yell,yell,2,train,RAVDESS,3.5702291666666666,48000,Mono,16,,370.953125,1778097345.3966386,interior,True
80,03-01-05-01-02-02-09.wav,angry,yell,yell,yell,yell,2,train,RAVDESS,3.536875,48000,Mono,16,,377.744140625,1778097345.8411684,interior,True
81,03-01-05-01-02-02-10.wav,angry,yell,yell,yell,yell,2,train,RAVDESS,4.137479166666667,48000,Mono,16,,446.4609375,1778097346.300857,interior,True
82,03-01-05-01-02-02-11.wav,angry,yell,yell,yell,yell,2,train,RAVDESS,3.7370833333333335,48000,Mono,16,,396.4765625,1778097346.759748,interior,True
83,03-01-05-01-02-02-12.wav,angry,yell,yell,yell,yell,2,train,RAVDESS,4.137458333333333,48000,Mono,16,,434.154296875,1778097347.235702,interior,True
84,03-01-05-01-02-02-13.wav,angry,yell,yell,yell,yell,2,train,RAVDESS,3.3700208333333332,48000,Mono,16,,364.142578125,1778097347.6949408,interior,True
85,03-01-05-01-02-02-14.wav,angry,yell,yell,yell,yell,2,train,RAVDESS,3.9039166666666665,48000,Mono,16,,425.541015625,1778097348.1312282,interior,True
86,03-01-05-01-02-02-15.wav,angry,yell,yell,yell,yell,2,train,RAVDESS,3.536875,48000,Mono,16,,380.7890625,1778097348.5653763,interior,True
87,03-01-05-01-02-02-16.wav,angry,yell,yell,yell,yell,2,train,RAVDESS,3.9038958333333333,48000,Mono,16,,424.578125,1778097349.039389,interior,True
88,03-01-05-01-02-02-17.wav,angry,yell,yell,yell,yell,2,train,RAVDESS,3.536875,48000,Mono,16,,380.232421875,1778097349.4988928,interior,True
89,03-01-05-01-02-02-18.wav,angry,yell,yell,yell,yell,2,train,RAVDESS,3.636979166666667,48000,Mono,16,,399.3046875,1778097349.9738393,interior,True
90,03-01-05-01-02-02-19.wav,angry,yell,yell,yell,yell,2,train,RAVDESS,3.5702291666666666,48000,Mono,16,,381.705078125,1778097350.4328232,interior,True
91,03-01-05-01-02-02-20.wav,angry,yell,yell,yell,yell,2,train,RAVDESS,3.8037916666666667,48000,Mono,16,,415.140625,1778097350.90755,interior,True
92,03-01-05-01-02-02-21.wav,angry,yell,yell,yell,yell,2,train,RAVDESS,3.9372708333333333,48000,Mono,16,,427.03515625,1778097351.4082675,interior,True
93,03-01-05-01-02-02-22.wav,angry,yell,yell,yell,yell,2,train,RAVDESS,4.037354166666667,48000,Mono,16,,435.6015625,1778097351.876495,interior,True
94,03-01-05-01-02-02-23.wav,angry,yell,yell,yell,yell,2,train,RAVDESS,3.3366666666666664,48000,Mono,16,,368.634765625,1778097352.3480957,interior,True
95,03-01-05-01-02-02-24.wav,angry,yell,yell,yell,yell,2,train,RAVDESS,4.2041875,48000,Mono,16,,449.314453125,1778097352.7919154,interior,True
96,03-01-05-02-01-01-01.wav,angry,yell,yell,yell,yell,2,train,RAVDESS,4.104104166666667,48000,Mono,16,,444.669921875,1778097342.3497977,interior,True
97,03-01-05-02-01-01-02.wav,angry,yell,yell,yell,yell,2,train,RAVDESS,3.9039166666666665,48000,Mono,16,,425.533203125,1778097342.7251787,interior,True
98,03-01-05-02-01-01-03.wav,angry,yell,yell,yell,yell,2,train,RAVDESS,4.404395833333333,48000,Mono,16,,461.4140625,1778097343.1450415,interior,True
99,03-01-05-02-01-01-04.wav,angry,yell,yell,yell,yell,2,train,RAVDESS,3.7704375,48000,Mono,16,,409.564453125,1778097343.6253233,interior,True
100,03-01-05-02-01-01-05.wav,angry,yell,yell,yell,yell,2,train,RAVDESS,3.403395833333333,48000,Mono,16,,367.322265625,1778097344.024724,interior,True
101,03-01-05-02-01-01-06.wav,angry,yell,yell,yell,yell,2,train,RAVDESS,4.104104166666667,48000,Mono,16,,431.01953125,1778097344.4365487,interior,True
102,03-01-05-02-01-01-07.wav,angry,yell,yell,yell,yell,2,train,RAVDESS,3.6036041666666665,48000,Mono,16,,386.111328125,1778097344.9365454,interior,True
103,03-01-05-02-01-01-08.wav,angry,yell,yell,yell,yell,2,train,RAVDESS,3.970625,48000,Mono,16,,408.490234375,1778097345.4010289,interior,True
104,03-01-05-02-01-01-09.wav,angry,yell,yell,yell,yell,2,train,RAVDESS,3.8038125,48000,Mono,16,,402.76953125,1778097345.8411684,interior,True
105,03-01-05-02-01-01-10.wav,angry,yell,yell,yell,yell,2,train,RAVDESS,4.170833333333333,48000,Mono,16,,449.5859375,1778097346.3166645,interior,True
106,03-01-05-02-01-01-11.wav,angry,yell,yell,yell,yell,2,train,RAVDESS,3.536875,48000,Mono,16,,377.70703125,1778097346.7755067,interior,True
107,03-01-05-02-01-01-12.wav,angry,yell,yell,yell,yell,2,train,RAVDESS,3.6369583333333333,48000,Mono,16,,387.232421875,1778097347.251357,interior,True
108,03-01-05-02-01-01-13.wav,angry,yell,yell,yell,yell,2,train,RAVDESS,3.6703333333333332,48000,Mono,16,,392.296875,1778097347.6949408,interior,True
109,03-01-05-02-01-01-14.wav,angry,yell,yell,yell,yell,2,train,RAVDESS,4.2709375,48000,Mono,16,,459.951171875,1778097348.137565,interior,True
110,03-01-05-02-01-01-15.wav,angry,yell,yell,yell,yell,2,train,RAVDESS,3.536875,48000,Mono,16,,380.7890625,1778097348.5810986,interior,True
111,03-01-05-02-01-01-16.wav,angry,yell,yell,yell,yell,2,train,RAVDESS,3.970645833333333,48000,Mono,16,,430.83203125,1778097349.039389,interior,True
112,03-01-05-02-01-01-17.wav,angry,yell,yell,yell,yell,2,train,RAVDESS,3.5035,48000,Mono,16,,377.134765625,1778097349.4988928,interior,True
113,03-01-05-02-01-01-18.wav,angry,yell,yell,yell,yell,2,train,RAVDESS,3.703708333333333,48000,Mono,16,,405.658203125,1778097349.9896185,interior,True
114,03-01-05-02-01-01-19.wav,angry,yell,yell,yell,yell,2,train,RAVDESS,3.970645833333333,48000,Mono,16,,419.244140625,1778097350.4487805,interior,True
115,03-01-05-02-01-01-20.wav,angry,yell,yell,yell,yell,2,train,RAVDESS,4.137479166666667,48000,Mono,16,,446.427734375,1778097350.923257,interior,True
116,03-01-05-02-01-01-21.wav,angry,yell,yell,yell,yell,2,train,RAVDESS,4.371041666666667,48000,Mono,16,,467.701171875,1778097351.4143257,interior,True
117,03-01-05-02-01-01-22.wav,angry,yell,yell,yell,yell,2,train,RAVDESS,3.8705416666666665,48000,Mono,16,,419.96484375,1778097351.8899775,interior,True
118,03-01-05-02-01-01-23.wav,angry,yell,yell,yell,yell,2,train,RAVDESS,3.403395833333333,48000,Mono,16,,374.896484375,1778097352.3480957,interior,True
119,03-01-05-02-01-01-24.wav,angry,yell,yell,yell,yell,2,train,RAVDESS,4.371041666666667,48000,Mono,16,,464.953125,1778097352.7919154,interior,True
120,03-01-05-02-01-02-01.wav,angry,yell,yell,yell,yell,2,train,RAVDESS,4.371041666666667,48000,Mono,16,,468.365234375,1778097342.3608873,interior,True
121,03-01-05-02-01-02-02.wav,angry,yell,yell,yell,yell,2,train,RAVDESS,4.004,48000,Mono,16,,434.916015625,1778097342.7251787,interior,True
122,03-01-05-02-01-02-03.wav,angry,yell,yell,yell,yell,2,train,RAVDESS,4.404416666666667,48000,Mono,16,,461.416015625,1778097343.1514914,interior,True
123,03-01-05-02-01-02-04.wav,angry,yell,yell,yell,yell,2,train,RAVDESS,3.8705208333333334,48000,Mono,16,,418.947265625,1778097343.6253233,interior,True
124,03-01-05-02-01-02-05.wav,angry,yell,yell,yell,yell,2,train,RAVDESS,3.5702291666666666,48000,Mono,16,,382.962890625,1778097344.0292778,interior,True
125,03-01-05-02-01-02-06.wav,angry,yell,yell,yell,yell,2,train,RAVDESS,4.2041875,48000,Mono,16,,440.40234375,1778097344.4502544,interior,True
126,03-01-05-02-01-02-07.wav,angry,yell,yell,yell,yell,2,train,RAVDESS,4.004,48000,Mono,16,,423.6484375,1778097344.950502,interior,True
127,03-01-05-02-01-02-08.wav,angry,yell,yell,yell,yell,2,train,RAVDESS,3.7704375,48000,Mono,16,,389.72265625,1778097345.4099264,interior,True
128,03-01-05-02-01-02-09.wav,angry,yell,yell,yell,yell,2,train,RAVDESS,3.7704375,48000,Mono,16,,400.970703125,1778097345.8569496,interior,True
129,03-01-05-02-01-02-10.wav,angry,yell,yell,yell,yell,2,train,RAVDESS,4.471125,48000,Mono,16,,477.744140625,1778097346.3275611,interior,True
130,03-01-05-02-01-02-11.wav,angry,yell,yell,yell,yell,2,train,RAVDESS,3.970625,48000,Mono,16,,418.37109375,1778097346.7755067,interior,True
131,03-01-05-02-01-02-12.wav,angry,yell,yell,yell,yell,2,train,RAVDESS,3.6703333333333332,48000,Mono,16,,390.361328125,1778097347.251357,interior,True
132,03-01-05-02-01-02-13.wav,angry,yell,yell,yell,yell,2,train,RAVDESS,4.2709375,48000,Mono,16,,448.603515625,1778097347.7139215,interior,True
133,03-01-05-02-01-02-14.wav,angry,yell,yell,yell,yell,2,train,RAVDESS,4.371020833333334,48000,Mono,16,,469.333984375,1778097348.146901,interior,True
134,03-01-05-02-01-02-15.wav,angry,yell,yell,yell,yell,2,train,RAVDESS,3.7370833333333335,48000,Mono,16,,399.556640625,1778097348.5810986,interior,True
135,03-01-05-02-01-02-16.wav,angry,yell,yell,yell,yell,2,train,RAVDESS,3.7370625,48000,Mono,16,,408.93359375,1778097349.0553854,interior,True
136,03-01-05-02-01-02-17.wav,angry,yell,yell,yell,yell,2,train,RAVDESS,3.7370625,48000,Mono,16,,399.03125,1778097349.5148635,interior,True
137,03-01-05-02-01-02-18.wav,angry,yell,yell,yell,yell,2,train,RAVDESS,3.7704375,48000,Mono,16,,411.91796875,1778097349.9896185,interior,True
138,03-01-05-02-01-02-19.wav,angry,yell,yell,yell,yell,2,train,RAVDESS,4.804791666666667,48000,Mono,16,,497.4453125,1778097350.4487805,interior,True
139,03-01-05-02-01-02-20.wav,angry,yell,yell,yell,yell,2,train,RAVDESS,4.070729166666666,48000,Mono,16,,440.169921875,1778097350.9389212,interior,True
140,03-01-05-02-01-02-21.wav,angry,yell,yell,yell,yell,2,train,RAVDESS,4.471125,48000,Mono,16,,477.087890625,1778097351.4240918,interior,True
141,03-01-05-02-01-02-22.wav,angry,yell,yell,yell,yell,2,train,RAVDESS,3.9038958333333333,48000,Mono,16,,423.091796875,1778097351.8899775,interior,True
142,03-01-05-02-01-02-23.wav,angry,yell,yell,yell,yell,2,train,RAVDESS,3.3366666666666664,48000,Mono,16,,368.638671875,1778097352.3640592,interior,True
143,03-01-05-02-01-02-24.wav,angry,yell,yell,yell,yell,2,train,RAVDESS,4.371041666666667,48000,Mono,16,,464.953125,1778097352.8079264,interior,True
144,03-01-05-02-02-01-01.wav,angry,yell,yell,yell,yell,2,train,RAVDESS,4.137458333333333,48000,Mono,16,,446.462890625,1778097342.3679645,interior,True
145,03-01-05-02-02-01-02.wav,angry,yell,yell,yell,yell,2,train,RAVDESS,4.004,48000,Mono,16,,434.93359375,1778097342.7411022,interior,True
146,03-01-05-02-02-01-03.wav,angry,yell,yell,yell,yell,2,train,RAVDESS,4.2375625,48000,Mono,16,,445.767578125,1778097343.1674056,interior,True
147,03-01-05-02-02-01-04.wav,angry,yell,yell,yell,yell,2,train,RAVDESS,3.7036875,48000,Mono,16,,403.302734375,1778097343.6253233,interior,True
148,03-01-05-02-02-01-05.wav,angry,yell,yell,yell,yell,2,train,RAVDESS,3.6369583333333333,48000,Mono,16,,389.216796875,1778097344.0372002,interior,True
149,03-01-05-02-02-01-06.wav,angry,yell,yell,yell,yell,2,train,RAVDESS,4.437770833333333,48000,Mono,16,,462.30078125,1778097344.4502544,interior,True
150,03-01-05-02-02-01-07.wav,angry,yell,yell,yell,yell,2,train,RAVDESS,3.8371666666666666,48000,Mono,16,,408.009765625,1778097344.9573236,interior,True
151,03-01-05-02-02-01-08.wav,angry,yell,yell,yell,yell,2,train,RAVDESS,3.6036041666666665,48000,Mono,16,,374.083984375,1778097345.4124835,interior,True
152,03-01-05-02-02-01-09.wav,angry,yell,yell,yell,yell,2,train,RAVDESS,4.371041666666667,48000,Mono,16,,455.947265625,1778097345.8727767,interior,True
153,03-01-05-02-02-01-10.wav,angry,yell,yell,yell,yell,2,train,RAVDESS,3.8705208333333334,48000,Mono,16,,421.4375,1778097346.3324122,interior,True
154,03-01-05-02-02-01-11.wav,angry,yell,yell,yell,yell,2,train,RAVDESS,3.9372708333333333,48000,Mono,16,,415.244140625,1778097346.7919197,interior,True
155,03-01-05-02-02-01-12.wav,angry,yell,yell,yell,yell,2,train,RAVDESS,3.8038125,48000,Mono,16,,402.875,1778097347.26737,interior,True
156,03-01-05-02-02-01-13.wav,angry,yell,yell,yell,yell,2,train,RAVDESS,3.5702291666666666,48000,Mono,16,,382.90625,1778097347.7139215,interior,True
157,03-01-05-02-02-01-14.wav,angry,yell,yell,yell,yell,2,train,RAVDESS,4.170833333333333,48000,Mono,16,,450.56640625,1778097348.1534061,interior,True
158,03-01-05-02-02-01-15.wav,angry,yell,yell,yell,yell,2,train,RAVDESS,3.4701458333333335,48000,Mono,16,,374.525390625,1778097348.596902,interior,True
159,03-01-05-02-02-01-16.wav,angry,yell,yell,yell,yell,2,train,RAVDESS,3.8037916666666667,48000,Mono,16,,415.087890625,1778097349.0553854,interior,True
160,03-01-05-02-02-01-17.wav,angry,yell,yell,yell,yell,2,train,RAVDESS,3.636979166666667,48000,Mono,16,,389.640625,1778097349.5148635,interior,True
161,03-01-05-02-02-01-18.wav,angry,yell,yell,yell,yell,2,train,RAVDESS,3.8371666666666666,48000,Mono,16,,418.169921875,1778097349.9896185,interior,True
162,03-01-05-02-02-01-19.wav,angry,yell,yell,yell,yell,2,train,RAVDESS,4.337666666666666,48000,Mono,16,,453.65234375,1778097350.4647167,interior,True
163,03-01-05-02-02-01-20.wav,angry,yell,yell,yell,yell,2,train,RAVDESS,4.404416666666667,48000,Mono,16,,471.453125,1778097350.9389212,interior,True
164,03-01-05-02-02-01-21.wav,angry,yell,yell,yell,yell,2,train,RAVDESS,4.1040833333333335,48000,Mono,16,,442.677734375,1778097351.434331,interior,True
165,03-01-05-02-02-01-22.wav,angry,yell,yell,yell,yell,2,train,RAVDESS,4.237583333333333,48000,Mono,16,,454.375,1778097351.9080627,interior,True
166,03-01-05-02-02-01-23.wav,angry,yell,yell,yell,yell,2,train,RAVDESS,3.2365625,48000,Mono,16,,359.255859375,1778097352.3686693,interior,True
167,03-01-05-02-02-01-24.wav,angry,yell,yell,yell,yell,2,train,RAVDESS,4.170833333333333,48000,Mono,16,,446.18359375,1778097352.8079264,interior,True
168,03-01-05-02-02-02-01.wav,angry,yell,yell,yell,yell,2,train,RAVDESS,4.437770833333333,48000,Mono,16,,474.62109375,1778097342.3679645,interior,True
169,03-01-05-02-02-02-02.wav,angry,yell,yell,yell,yell,2,train,RAVDESS,4.004,48000,Mono,16,,434.9296875,1778097342.7411022,interior,True
170,03-01-05-02-02-02-03.wav,angry,yell,yell,yell,yell,2,train,RAVDESS,4.5045,48000,Mono,16,,470.798828125,1778097343.1818502,interior,True
171,03-01-05-02-02-02-04.wav,angry,yell,yell,yell,yell,2,train,RAVDESS,3.8371666666666666,48000,Mono,16,,415.8203125,1778097343.6449807,interior,True
172,03-01-05-02-02-02-05.wav,angry,yell,yell,yell,yell,2,train,RAVDESS,3.636979166666667,48000,Mono,16,,389.21875,1778097344.0447073,interior,True
173,03-01-05-02-02-02-06.wav,angry,yell,yell,yell,yell,2,train,RAVDESS,4.471125,48000,Mono,16,,465.427734375,1778097344.4643862,interior,True
174,03-01-05-02-02-02-07.wav,angry,yell,yell,yell,yell,2,train,RAVDESS,4.337666666666666,48000,Mono,16,,454.931640625,1778097344.9643848,interior,True
175,03-01-05-02-02-02-08.wav,angry,yell,yell,yell,yell,2,train,RAVDESS,3.6369583333333333,48000,Mono,16,,377.2109375,1778097345.4220815,interior,True
176,03-01-05-02-02-02-09.wav,angry,yell,yell,yell,yell,2,train,RAVDESS,3.970645833333333,48000,Mono,16,,418.408203125,1778097345.8727767,interior,True
177,03-01-05-02-02-02-10.wav,angry,yell,yell,yell,yell,2,train,RAVDESS,4.137458333333333,48000,Mono,16,,445.650390625,1778097346.3481884,interior,True
178,03-01-05-02-02-02-11.wav,angry,yell,yell,yell,yell,2,train,RAVDESS,3.7704375,48000,Mono,16,,399.603515625,1778097346.7919197,interior,True
179,03-01-05-02-02-02-12.wav,angry,yell,yell,yell,yell,2,train,RAVDESS,3.8371666666666666,48000,Mono,16,,406.001953125,1778097347.26737,interior,True
180,03-01-05-02-02-02-13.wav,angry,yell,yell,yell,yell,2,train,RAVDESS,4.170833333333333,48000,Mono,16,,439.21875,1778097347.726815,interior,True
181,03-01-05-02-02-02-14.wav,angry,yell,yell,yell,yell,2,train,RAVDESS,4.404416666666667,48000,Mono,16,,472.439453125,1778097348.1534061,interior,True
182,03-01-05-02-02-02-15.wav,angry,yell,yell,yell,yell,2,train,RAVDESS,3.6036041666666665,48000,Mono,16,,387.0390625,1778097348.596902,interior,True
183,03-01-05-02-02-02-16.wav,angry,yell,yell,yell,yell,2,train,RAVDESS,4.07075,48000,Mono,16,,440.212890625,1778097349.0710773,interior,True
184,03-01-05-02-02-02-17.wav,angry,yell,yell,yell,yell,2,train,RAVDESS,3.8038125,48000,Mono,16,,405.2890625,1778097349.5304997,interior,True
185,03-01-05-02-02-02-18.wav,angry,yell,yell,yell,yell,2,train,RAVDESS,4.2375625,48000,Mono,16,,455.68359375,1778097350.0056565,interior,True
186,03-01-05-02-02-02-19.wav,angry,yell,yell,yell,yell,2,train,RAVDESS,4.104104166666667,48000,Mono,16,,431.755859375,1778097350.4647167,interior,True
187,03-01-05-02-02-02-20.wav,angry,yell,yell,yell,yell,2,train,RAVDESS,3.5368541666666666,48000,Mono,16,,390.119140625,1778097350.954667,interior,True
188,03-01-05-02-02-02-21.wav,angry,yell,yell,yell,yell,2,train,RAVDESS,4.2375625,48000,Mono,16,,455.1875,1778097351.4462934,interior,True
189,03-01-05-02-02-02-22.wav,angry,yell,yell,yell,yell,2,train,RAVDESS,4.204208333333334,48000,Mono,16,,451.24609375,1778097351.9080627,interior,True
190,03-01-05-02-02-02-23.wav,angry,yell,yell,yell,yell,2,train,RAVDESS,3.3032916666666665,48000,Mono,16,,365.51171875,1778097352.3799083,interior,True
191,03-01-05-02-02-02-24.wav,angry,yell,yell,yell,yell,2,train,RAVDESS,5.105104166666667,48000,Mono,16,,533.771484375,1778097352.8239257,interior,True
192,03-01-07-01-01-01-01.wav,disgust,crying,crying,crying,crying,2,train,RAVDESS,3.8705208333333334,48000,Mono,16,,421.439453125,1778097342.4273198,interior,True
193,03-01-07-01-01-01-02.wav,disgust,crying,crying,crying,crying,2,train,RAVDESS,3.6703333333333332,48000,Mono,16,,403.646484375,1778097342.8046584,interior,True
194,03-01-07-01-01-01-03.wav,disgust,crying,crying,crying,crying,2,train,RAVDESS,4.037375,48000,Mono,16,,427.009765625,1778097343.2578945,interior,True
195,03-01-07-01-01-01-04.wav,disgust,crying,crying,crying,crying,2,train,RAVDESS,3.9039166666666665,48000,Mono,16,,422.07421875,1778097343.7024343,interior,True
196,03-01-07-01-01-01-05.wav,disgust,crying,crying,crying,crying,2,train,RAVDESS,4.337666666666666,48000,Mono,16,,454.91015625,1778097344.1004708,interior,True
197,03-01-07-01-01-01-06.wav,disgust,crying,crying,crying,crying,2,train,RAVDESS,3.5035,48000,Mono,16,,374.708984375,1778097344.5276244,interior,True
198,03-01-07-01-01-01-07.wav,disgust,crying,crying,crying,crying,2,train,RAVDESS,3.5368541666666666,48000,Mono,16,,379.857421875,1778097345.0271688,interior,True
199,03-01-07-01-01-01-08.wav,disgust,crying,crying,crying,crying,2,train,RAVDESS,3.9038958333333333,48000,Mono,16,,402.228515625,1778097345.4916642,interior,True
200,03-01-07-01-01-01-09.wav,disgust,crying,crying,crying,crying,2,train,RAVDESS,3.403395833333333,48000,Mono,16,,365.2265625,1778097345.9366226,interior,True
201,03-01-07-01-01-01-10.wav,disgust,crying,crying,crying,crying,2,train,RAVDESS,3.703708333333333,48000,Mono,16,,405.7890625,1778097346.4115481,interior,True
202,03-01-07-01-01-01-11.wav,disgust,crying,crying,crying,crying,2,train,RAVDESS,3.6703333333333332,48000,Mono,16,,390.21875,1778097346.8589056,interior,True
203,03-01-07-01-01-01-12.wav,disgust,crying,crying,crying,crying,2,train,RAVDESS,3.7370625,48000,Mono,16,,396.61328125,1778097347.3463812,interior,True
204,03-01-07-01-01-01-13.wav,disgust,crying,crying,crying,crying,2,train,RAVDESS,3.136458333333333,48000,Mono,16,,342.244140625,1778097347.789989,interior,True
205,03-01-07-01-01-01-14.wav,disgust,crying,crying,crying,crying,2,train,RAVDESS,3.7704166666666667,48000,Mono,16,,413.037109375,1778097348.2322614,interior,True
206,03-01-07-01-01-01-15.wav,disgust,crying,crying,crying,crying,2,train,RAVDESS,3.7370625,48000,Mono,16,,399.556640625,1778097348.6598644,interior,True
207,03-01-07-01-01-01-16.wav,disgust,crying,crying,crying,crying,2,train,RAVDESS,3.7704375,48000,Mono,16,,412.060546875,1778097349.1360402,interior,True
208,03-01-07-01-01-01-17.wav,disgust,crying,crying,crying,crying,2,train,RAVDESS,3.8371666666666666,48000,Mono,16,,408.416015625,1778097349.6067817,interior,True
209,03-01-07-01-01-01-18.wav,disgust,crying,crying,crying,crying,2,train,RAVDESS,4.3043125,48000,Mono,16,,461.982421875,1778097350.069512,interior,True
210,03-01-07-01-01-01-19.wav,disgust,crying,crying,crying,crying,2,train,RAVDESS,4.3043125,48000,Mono,16,,450.521484375,1778097350.5468085,interior,True
211,03-01-07-01-01-01-20.wav,disgust,crying,crying,crying,crying,2,train,RAVDESS,3.8705208333333334,48000,Mono,16,,421.41796875,1778097351.0181503,interior,True
212,03-01-07-01-01-01-21.wav,disgust,crying,crying,crying,crying,2,train,RAVDESS,3.8037916666666667,48000,Mono,16,,414.53515625,1778097351.5098615,interior,True
213,03-01-07-01-01-01-22.wav,disgust,crying,crying,crying,crying,2,train,RAVDESS,3.7036875,48000,Mono,16,,404.318359375,1778097351.984521,interior,True
214,03-01-07-01-01-01-23.wav,disgust,crying,crying,crying,crying,2,train,RAVDESS,3.5702291666666666,48000,Mono,16,,390.533203125,1778097352.4436083,interior,True
215,03-01-07-01-01-01-24.wav,disgust,crying,crying,crying,crying,2,train,RAVDESS,4.304291666666667,48000,Mono,16,,439.939453125,1778097352.8951876,interior,True
216,03-01-07-01-01-02-01.wav,disgust,crying,crying,crying,crying,2,train,RAVDESS,3.9038958333333333,48000,Mono,16,,424.56640625,1778097342.4398146,interior,True
217,03-01-07-01-01-02-02.wav,disgust,crying,crying,crying,crying,2,train,RAVDESS,3.636979166666667,48000,Mono,16,,399.400390625,1778097342.8046584,interior,True
218,03-01-07-01-01-02-03.wav,disgust,crying,crying,crying,crying,2,train,RAVDESS,3.970645833333333,48000,Mono,16,,420.75390625,1778097343.262993,interior,True
219,03-01-07-01-01-02-04.wav,disgust,crying,crying,crying,crying,2,train,RAVDESS,3.9038958333333333,48000,Mono,16,,422.0703125,1778097343.7113605,interior,True
220,03-01-07-01-01-02-05.wav,disgust,crying,crying,crying,crying,2,train,RAVDESS,4.104104166666667,48000,Mono,16,,433.015625,1778097344.1004708,interior,True
221,03-01-07-01-01-02-06.wav,disgust,crying,crying,crying,crying,2,train,RAVDESS,4.2709375,48000,Mono,16,,446.658203125,1778097344.5276244,interior,True
222,03-01-07-01-01-02-07.wav,disgust,crying,crying,crying,crying,2,train,RAVDESS,3.5035,48000,Mono,16,,376.73046875,1778097345.0400102,interior,True
223,03-01-07-01-01-02-08.wav,disgust,crying,crying,crying,crying,2,train,RAVDESS,3.6703333333333332,48000,Mono,16,,380.333984375,1778097345.5076163,interior,True
224,03-01-07-01-01-02-09.wav,disgust,crying,crying,crying,crying,2,train,RAVDESS,3.5035,48000,Mono,16,,374.611328125,1778097345.9366226,interior,True
225,03-01-07-01-01-02-10.wav,disgust,crying,crying,crying,crying,2,train,RAVDESS,4.2041875,48000,Mono,16,,452.71875,1778097346.4115481,interior,True
226,03-01-07-01-01-02-11.wav,disgust,crying,crying,crying,crying,2,train,RAVDESS,3.6036041666666665,48000,Mono,16,,383.962890625,1778097346.8919013,interior,True
227,03-01-07-01-01-02-12.wav,disgust,crying,crying,crying,crying,2,train,RAVDESS,3.703708333333333,48000,Mono,16,,393.486328125,1778097347.3463812,interior,True
228,03-01-07-01-01-02-13.wav,disgust,crying,crying,crying,crying,2,train,RAVDESS,3.1698333333333335,48000,Mono,16,,345.373046875,1778097347.7961357,interior,True
229,03-01-07-01-01-02-14.wav,disgust,crying,crying,crying,crying,2,train,RAVDESS,3.6369583333333333,48000,Mono,16,,400.525390625,1778097348.2322614,interior,True
230,03-01-07-01-01-02-15.wav,disgust,crying,crying,crying,crying,2,train,RAVDESS,3.6369583333333333,48000,Mono,16,,390.171875,1778097348.6755345,interior,True
231,03-01-07-01-01-02-16.wav,disgust,crying,crying,crying,crying,2,train,RAVDESS,3.7370625,48000,Mono,16,,408.935546875,1778097349.1360402,interior,True
232,03-01-07-01-01-02-17.wav,disgust,crying,crying,crying,crying,2,train,RAVDESS,3.703708333333333,48000,Mono,16,,395.904296875,1778097349.609292,interior,True
233,03-01-07-01-01-02-18.wav,disgust,crying,crying,crying,crying,2,train,RAVDESS,4.07075,48000,Mono,16,,440.08984375,1778097350.0832121,interior,True
234,03-01-07-01-01-02-19.wav,disgust,crying,crying,crying,crying,2,train,RAVDESS,4.838166666666667,48000,Mono,16,,500.5703125,1778097350.5593824,interior,True
235,03-01-07-01-01-02-20.wav,disgust,crying,crying,crying,crying,2,train,RAVDESS,3.7370625,48000,Mono,16,,408.90625,1778097351.033813,interior,True
236,03-01-07-01-01-02-21.wav,disgust,crying,crying,crying,crying,2,train,RAVDESS,4.07075,48000,Mono,16,,439.56640625,1778097351.5197875,interior,True
237,03-01-07-01-01-02-22.wav,disgust,crying,crying,crying,crying,2,train,RAVDESS,3.9038958333333333,48000,Mono,16,,423.087890625,1778097352.0002332,interior,True
238,03-01-07-01-01-02-23.wav,disgust,crying,crying,crying,crying,2,train,RAVDESS,3.5702291666666666,48000,Mono,16,,390.533203125,1778097352.4463184,interior,True
239,03-01-07-01-01-02-24.wav,disgust,crying,crying,crying,crying,2,train,RAVDESS,4.104104166666667,48000,Mono,16,,439.927734375,1778097352.902822,interior,True
240,03-01-07-01-02-01-01.wav,disgust,crying,crying,crying,crying,2,train,RAVDESS,3.9038958333333333,48000,Mono,16,,424.5703125,1778097342.4455588,interior,True
241,03-01-07-01-02-01-02.wav,disgust,crying,crying,crying,crying,2,train,RAVDESS,3.8705416666666665,48000,Mono,16,,421.603515625,1778097342.8203318,interior,True
242,03-01-07-01-02-01-03.wav,disgust,crying,crying,crying,crying,2,train,RAVDESS,3.6036041666666665,48000,Mono,16,,386.34375,1778097343.2787,interior,True
243,03-01-07-01-02-01-04.wav,disgust,crying,crying,crying,crying,2,train,RAVDESS,3.7704375,48000,Mono,16,,409.55859375,1778097343.7113605,interior,True
244,03-01-07-01-02-01-05.wav,disgust,crying,crying,crying,crying,2,train,RAVDESS,3.9038958333333333,48000,Mono,16,,414.24609375,1778097344.1163561,interior,True
245,03-01-07-01-02-01-06.wav,disgust,crying,crying,crying,crying,2,train,RAVDESS,3.7370625,48000,Mono,16,,396.607421875,1778097344.5433939,interior,True
246,03-01-07-01-02-01-07.wav,disgust,crying,crying,crying,crying,2,train,RAVDESS,3.4367708333333336,48000,Mono,16,,370.474609375,1778097345.0469882,interior,True
247,03-01-07-01-02-01-08.wav,disgust,crying,crying,crying,crying,2,train,RAVDESS,3.9372708333333333,48000,Mono,16,,405.361328125,1778097345.5076163,interior,True
248,03-01-07-01-02-01-09.wav,disgust,crying,crying,crying,crying,2,train,RAVDESS,3.470125,48000,Mono,16,,371.4921875,1778097345.9522557,interior,True
249,03-01-07-01-02-01-10.wav,disgust,crying,crying,crying,crying,2,train,RAVDESS,3.8705416666666665,48000,Mono,16,,421.439453125,1778097346.4275393,interior,True
250,03-01-07-01-02-01-11.wav,disgust,crying,crying,crying,crying,2,train,RAVDESS,3.470125,48000,Mono,16,,371.44921875,1778097346.8919013,interior,True
251,03-01-07-01-02-01-12.wav,disgust,crying,crying,crying,crying,2,train,RAVDESS,3.6036041666666665,48000,Mono,16,,384.1015625,1778097347.3622158,interior,True
252,03-01-07-01-02-01-13.wav,disgust,crying,crying,crying,crying,2,train,RAVDESS,3.2699375,48000,Mono,16,,354.7578125,1778097347.8058245,interior,True
253,03-01-07-01-02-01-14.wav,disgust,crying,crying,crying,crying,2,train,RAVDESS,3.7370625,48000,Mono,16,,409.908203125,1778097348.2322614,interior,True
254,03-01-07-01-02-01-15.wav,disgust,crying,crying,crying,crying,2,train,RAVDESS,3.6703333333333332,48000,Mono,16,,393.30078125,1778097348.6755345,interior,True
255,03-01-07-01-02-01-16.wav,disgust,crying,crying,crying,crying,2,train,RAVDESS,3.470125,48000,Mono,16,,383.908203125,1778097349.150076,interior,True
256,03-01-07-01-02-01-17.wav,disgust,crying,crying,crying,crying,2,train,RAVDESS,3.5702291666666666,48000,Mono,16,,383.390625,1778097349.6207175,interior,True
257,03-01-07-01-02-01-18.wav,disgust,crying,crying,crying,crying,2,train,RAVDESS,3.6703333333333332,48000,Mono,16,,402.546875,1778097350.0852158,interior,True
258,03-01-07-01-02-01-19.wav,disgust,crying,crying,crying,crying,2,train,RAVDESS,4.170833333333333,48000,Mono,16,,438.0078125,1778097350.565638,interior,True
259,03-01-07-01-02-01-20.wav,disgust,crying,crying,crying,crying,2,train,RAVDESS,3.6369583333333333,48000,Mono,16,,399.521484375,1778097351.033813,interior,True
260,03-01-07-01-02-01-21.wav,disgust,crying,crying,crying,crying,2,train,RAVDESS,3.636979166666667,48000,Mono,16,,398.8984375,1778097351.525847,interior,True
261,03-01-07-01-02-01-22.wav,disgust,crying,crying,crying,crying,2,train,RAVDESS,3.8037916666666667,48000,Mono,16,,413.703125,1778097352.0002332,interior,True
262,03-01-07-01-02-01-23.wav,disgust,crying,crying,crying,crying,2,train,RAVDESS,3.470125,48000,Mono,16,,381.1484375,1778097352.459475,interior,True
263,03-01-07-01-02-01-24.wav,disgust,crying,crying,crying,crying,2,train,RAVDESS,4.004,48000,Mono,16,,430.546875,1778097352.902822,interior,True
264,03-01-07-01-02-02-01.wav,disgust,crying,crying,crying,crying,2,train,RAVDESS,3.8371666666666666,48000,Mono,16,,418.314453125,1778097342.4532933,interior,True
265,03-01-07-01-02-02-02.wav,disgust,crying,crying,crying,crying,2,train,RAVDESS,3.8371666666666666,48000,Mono,16,,419.287109375,1778097342.827844,interior,True
266,03-01-07-01-02-02-03.wav,disgust,crying,crying,crying,crying,2,train,RAVDESS,3.7704375,48000,Mono,16,,401.984375,1778097343.2787,interior,True
267,03-01-07-01-02-02-04.wav,disgust,crying,crying,crying,crying,2,train,RAVDESS,3.8038125,48000,Mono,16,,412.6875,1778097343.7230155,interior,True
268,03-01-07-01-02-02-05.wav,disgust,crying,crying,crying,crying,2,train,RAVDESS,3.7370625,48000,Mono,16,,398.60546875,1778097344.1214192,interior,True
269,03-01-07-01-02-02-06.wav,disgust,crying,crying,crying,crying,2,train,RAVDESS,3.9372708333333333,48000,Mono,16,,415.376953125,1778097344.551716,interior,True
270,03-01-07-01-02-02-07.wav,disgust,crying,crying,crying,crying,2,train,RAVDESS,3.5368541666666666,48000,Mono,16,,379.857421875,1778097345.0548766,interior,True
271,03-01-07-01-02-02-08.wav,disgust,crying,crying,crying,crying,2,train,RAVDESS,3.8371666666666666,48000,Mono,16,,395.9765625,1778097345.5236175,interior,True
272,03-01-07-01-02-02-09.wav,disgust,crying,crying,crying,crying,2,train,RAVDESS,3.403395833333333,48000,Mono,16,,365.2421875,1778097345.9522557,interior,True
273,03-01-07-01-02-02-10.wav,disgust,crying,crying,crying,crying,2,train,RAVDESS,4.2709375,48000,Mono,16,,458.9765625,1778097346.43264,interior,True
274,03-01-07-01-02-02-11.wav,disgust,crying,crying,crying,crying,2,train,RAVDESS,3.6703333333333332,48000,Mono,16,,390.21875,1778097346.903186,interior,True
275,03-01-07-01-02-02-12.wav,disgust,crying,crying,crying,crying,2,train,RAVDESS,3.703708333333333,48000,Mono,16,,393.486328125,1778097347.3622158,interior,True
276,03-01-07-01-02-02-13.wav,disgust,crying,crying,crying,crying,2,train,RAVDESS,3.2365625,48000,Mono,16,,351.62890625,1778097347.8058245,interior,True
277,03-01-07-01-02-02-14.wav,disgust,crying,crying,crying,crying,2,train,RAVDESS,3.7704375,48000,Mono,16,,413.0390625,1778097348.248373,interior,True
278,03-01-07-01-02-02-15.wav,disgust,crying,crying,crying,crying,2,train,RAVDESS,4.070729166666666,48000,Mono,16,,430.837890625,1778097348.6912665,interior,True
279,03-01-07-01-02-02-16.wav,disgust,crying,crying,crying,crying,2,train,RAVDESS,3.5702291666666666,48000,Mono,16,,393.29296875,1778097349.15803,interior,True
280,03-01-07-01-02-02-17.wav,disgust,crying,crying,crying,crying,2,train,RAVDESS,3.5035,48000,Mono,16,,377.134765625,1778097349.6292267,interior,True
281,03-01-07-01-02-02-18.wav,disgust,crying,crying,crying,crying,2,train,RAVDESS,4.371041666666667,48000,Mono,16,,468.23828125,1778097350.0982487,interior,True
282,03-01-07-01-02-02-19.wav,disgust,crying,crying,crying,crying,2,train,RAVDESS,3.9372708333333333,48000,Mono,16,,414.95703125,1778097350.5753284,interior,True
283,03-01-07-01-02-02-20.wav,disgust,crying,crying,crying,crying,2,train,RAVDESS,3.8371666666666666,48000,Mono,16,,418.291015625,1778097351.0515425,interior,True
284,03-01-07-01-02-02-21.wav,disgust,crying,crying,crying,crying,2,train,RAVDESS,3.6036041666666665,48000,Mono,16,,395.767578125,1778097351.525847,interior,True
285,03-01-07-01-02-02-22.wav,disgust,crying,crying,crying,crying,2,train,RAVDESS,3.8371666666666666,48000,Mono,16,,416.83203125,1778097352.01587,interior,True
286,03-01-07-01-02-02-23.wav,disgust,crying,crying,crying,crying,2,train,RAVDESS,3.3366666666666664,48000,Mono,16,,368.63671875,1778097352.459475,interior,True
287,03-01-07-01-02-02-24.wav,disgust,crying,crying,crying,crying,2,train,RAVDESS,4.070729166666666,48000,Mono,16,,436.802734375,1778097352.918905,interior,True
288,03-01-07-02-01-01-01.wav,disgust,crying,crying,crying,crying,2,train,RAVDESS,4.304291666666667,48000,Mono,16,,462.10546875,1778097342.4595098,interior,True
289,03-01-07-02-01-01-02.wav,disgust,crying,crying,crying,crying,2,train,RAVDESS,4.137458333333333,48000,Mono,16,,447.439453125,1778097342.832412,interior,True
290,03-01-07-02-01-01-03.wav,disgust,crying,crying,crying,crying,2,train,RAVDESS,4.104104166666667,48000,Mono,16,,433.265625,1778097343.294788,interior,True
291,03-01-07-02-01-01-04.wav,disgust,crying,crying,crying,crying,2,train,RAVDESS,4.004,48000,Mono,16,,431.455078125,1778097343.727615,interior,True
292,03-01-07-02-01-01-05.wav,disgust,crying,crying,crying,crying,2,train,RAVDESS,4.337666666666666,48000,Mono,16,,454.904296875,1778097344.1276982,interior,True
293,03-01-07-02-01-01-06.wav,disgust,crying,crying,crying,crying,2,train,RAVDESS,4.3043125,48000,Mono,16,,449.787109375,1778097344.5590577,interior,True
294,03-01-07-02-01-01-07.wav,disgust,crying,crying,crying,crying,2,train,RAVDESS,4.137479166666667,48000,Mono,16,,436.166015625,1778097345.0616353,interior,True
295,03-01-07-02-01-01-08.wav,disgust,crying,crying,crying,crying,2,train,RAVDESS,4.070729166666666,48000,Mono,16,,417.87109375,1778097345.5236175,interior,True
296,03-01-07-02-01-01-09.wav,disgust,crying,crying,crying,crying,2,train,RAVDESS,3.636979166666667,48000,Mono,16,,387.14453125,1778097345.9681137,interior,True
297,03-01-07-02-01-01-10.wav,disgust,crying,crying,crying,crying,2,train,RAVDESS,4.671333333333333,48000,Mono,16,,496.513671875,1778097346.4432757,interior,True
298,03-01-07-02-01-01-11.wav,disgust,crying,crying,crying,crying,2,train,RAVDESS,3.8038125,48000,Mono,16,,402.732421875,1778097346.918916,interior,True
299,03-01-07-02-01-01-12.wav,disgust,crying,crying,crying,crying,2,train,RAVDESS,3.970645833333333,48000,Mono,16,,418.51171875,1778097347.3781557,interior,True
300,03-01-07-02-01-01-13.wav,disgust,crying,crying,crying,crying,2,train,RAVDESS,3.403395833333333,48000,Mono,16,,367.2734375,1778097347.8178508,interior,True
301,03-01-07-02-01-01-14.wav,disgust,crying,crying,crying,crying,2,train,RAVDESS,3.93725,48000,Mono,16,,428.6796875,1778097348.27117,interior,True
302,03-01-07-02-01-01-15.wav,disgust,crying,crying,crying,crying,2,train,RAVDESS,3.7036875,48000,Mono,16,,396.427734375,1778097348.6912665,interior,True
303,03-01-07-02-01-01-16.wav,disgust,crying,crying,crying,crying,2,train,RAVDESS,4.2709166666666665,48000,Mono,16,,458.984375,1778097349.1660001,interior,True
304,03-01-07-02-01-01-17.wav,disgust,crying,crying,crying,crying,2,train,RAVDESS,4.204208333333334,48000,Mono,16,,442.826171875,1778097349.641011,interior,True
305,03-01-07-02-01-01-18.wav,disgust,crying,crying,crying,crying,2,train,RAVDESS,4.771416666666667,48000,Mono,16,,505.77734375,1778097350.1009233,interior,True
306,03-01-07-02-01-01-19.wav,disgust,crying,crying,crying,crying,2,train,RAVDESS,4.8048125,48000,Mono,16,,497.4453125,1778097350.5753284,interior,True
307,03-01-07-02-01-01-20.wav,disgust,crying,crying,crying,crying,2,train,RAVDESS,4.104104166666667,48000,Mono,16,,443.318359375,1778097351.0515425,interior,True
308,03-01-07-02-01-01-21.wav,disgust,crying,crying,crying,crying,2,train,RAVDESS,4.070729166666666,48000,Mono,16,,439.564453125,1778097351.541797,interior,True
309,03-01-07-02-01-01-22.wav,disgust,crying,crying,crying,crying,2,train,RAVDESS,4.2375625,48000,Mono,16,,454.369140625,1778097352.0205534,interior,True
310,03-01-07-02-01-01-23.wav,disgust,crying,crying,crying,crying,2,train,RAVDESS,4.070729166666666,48000,Mono,16,,437.455078125,1778097352.459475,interior,True
311,03-01-07-02-01-01-24.wav,disgust,crying,crying,crying,crying,2,train,RAVDESS,4.337666666666666,48000,Mono,16,,461.828125,1778097352.918905,interior,True
312,03-01-07-02-01-02-01.wav,disgust,crying,crying,crying,crying,2,train,RAVDESS,4.104104166666667,48000,Mono,16,,443.337890625,1778097342.4656918,interior,True
313,03-01-07-02-01-02-02.wav,disgust,crying,crying,crying,crying,2,train,RAVDESS,4.137458333333333,48000,Mono,16,,447.439453125,1778097342.836005,interior,True
314,03-01-07-02-01-02-03.wav,disgust,crying,crying,crying,crying,2,train,RAVDESS,4.104104166666667,48000,Mono,16,,433.265625,1778097343.294788,interior,True
315,03-01-07-02-01-02-04.wav,disgust,crying,crying,crying,crying,2,train,RAVDESS,4.037375,48000,Mono,16,,433.478515625,1778097343.7381654,interior,True
316,03-01-07-02-01-02-05.wav,disgust,crying,crying,crying,crying,2,train,RAVDESS,3.9038958333333333,48000,Mono,16,,414.2421875,1778097344.132148,interior,True
317,03-01-07-02-01-02-06.wav,disgust,crying,crying,crying,crying,2,train,RAVDESS,3.9372708333333333,48000,Mono,16,,415.380859375,1778097344.5590577,interior,True
318,03-01-07-02-01-02-07.wav,disgust,crying,crying,crying,crying,2,train,RAVDESS,4.404395833333333,48000,Mono,16,,461.18359375,1778097345.0688655,interior,True
319,03-01-07-02-01-02-08.wav,disgust,crying,crying,crying,crying,2,train,RAVDESS,3.7704375,48000,Mono,16,,389.720703125,1778097345.5397568,interior,True
320,03-01-07-02-01-02-09.wav,disgust,crying,crying,crying,crying,2,train,RAVDESS,3.5368541666666666,48000,Mono,16,,377.7578125,1778097345.9681137,interior,True
321,03-01-07-02-01-02-10.wav,disgust,crying,crying,crying,crying,2,train,RAVDESS,4.537875,48000,Mono,16,,483.998046875,1778097346.458966,interior,True
322,03-01-07-02-01-02-11.wav,disgust,crying,crying,crying,crying,2,train,RAVDESS,3.8038125,48000,Mono,16,,402.732421875,1778097346.918916,interior,True
323,03-01-07-02-01-02-12.wav,disgust,crying,crying,crying,crying,2,train,RAVDESS,4.5378541666666665,48000,Mono,16,,471.6875,1778097347.3781557,interior,True
324,03-01-07-02-01-02-13.wav,disgust,crying,crying,crying,crying,2,train,RAVDESS,3.703708333333333,48000,Mono,16,,395.42578125,1778097347.8214815,interior,True
325,03-01-07-02-01-02-14.wav,disgust,crying,crying,crying,crying,2,train,RAVDESS,3.7370625,48000,Mono,16,,409.912109375,1778097348.27117,interior,True
326,03-01-07-02-01-02-15.wav,disgust,crying,crying,crying,crying,2,train,RAVDESS,3.370041666666667,48000,Mono,16,,365.0703125,1778097348.7069137,interior,True
327,03-01-07-02-01-02-16.wav,disgust,crying,crying,crying,crying,2,train,RAVDESS,4.237583333333333,48000,Mono,16,,455.859375,1778097349.1660001,interior,True
328,03-01-07-02-01-02-17.wav,disgust,crying,crying,crying,crying,2,train,RAVDESS,4.170833333333333,48000,Mono,16,,439.697265625,1778097349.659906,interior,True
329,03-01-07-02-01-02-18.wav,disgust,crying,crying,crying,crying,2,train,RAVDESS,4.471145833333333,48000,Mono,16,,477.626953125,1778097350.1166759,interior,True
330,03-01-07-02-01-02-19.wav,disgust,crying,crying,crying,crying,2,train,RAVDESS,5.2719375,48000,Mono,16,,541.23828125,1778097350.5913675,interior,True
331,03-01-07-02-01-02-20.wav,disgust,crying,crying,crying,crying,2,train,RAVDESS,4.1040833333333335,48000,Mono,16,,443.31640625,1778097351.0655842,interior,True
332,03-01-07-02-01-02-21.wav,disgust,crying,crying,crying,crying,2,train,RAVDESS,4.037354166666667,48000,Mono,16,,436.43359375,1778097351.541797,interior,True
333,03-01-07-02-01-02-22.wav,disgust,crying,crying,crying,crying,2,train,RAVDESS,4.170833333333333,48000,Mono,16,,448.11328125,1778097352.0317318,interior,True
334,03-01-07-02-01-02-23.wav,disgust,crying,crying,crying,crying,2,train,RAVDESS,3.8705208333333334,48000,Mono,16,,418.685546875,1778097352.4754016,interior,True
335,03-01-07-02-01-02-24.wav,disgust,crying,crying,crying,crying,2,train,RAVDESS,4.637958333333334,48000,Mono,16,,489.98046875,1778097352.934961,interior,True
336,03-01-07-02-02-01-01.wav,disgust,crying,crying,crying,crying,2,train,RAVDESS,4.037375,48000,Mono,16,,437.08203125,1778097342.4712162,interior,True
337,03-01-07-02-02-01-02.wav,disgust,crying,crying,crying,crying,2,train,RAVDESS,4.004,48000,Mono,16,,434.08984375,1778097342.836005,interior,True
338,03-01-07-02-02-01-03.wav,disgust,crying,crying,crying,crying,2,train,RAVDESS,3.8371666666666666,48000,Mono,16,,408.240234375,1778097343.31081,interior,True
339,03-01-07-02-02-01-04.wav,disgust,crying,crying,crying,crying,2,train,RAVDESS,3.8705416666666665,48000,Mono,16,,418.947265625,1778097343.7450254,interior,True
340,03-01-07-02-02-01-05.wav,disgust,crying,crying,crying,crying,2,train,RAVDESS,4.2709375,48000,Mono,16,,448.65234375,1778097344.132148,interior,True
341,03-01-07-02-02-01-06.wav,disgust,crying,crying,crying,crying,2,train,RAVDESS,4.037354166666667,48000,Mono,16,,423.60546875,1778097344.5723424,interior,True
342,03-01-07-02-02-01-07.wav,disgust,crying,crying,crying,crying,2,train,RAVDESS,4.137458333333333,48000,Mono,16,,436.1640625,1778097345.0757856,interior,True
343,03-01-07-02-02-01-08.wav,disgust,crying,crying,crying,crying,2,train,RAVDESS,3.7370833333333335,48000,Mono,16,,386.59375,1778097345.5397568,interior,True
344,03-01-07-02-02-01-09.wav,disgust,crying,crying,crying,crying,2,train,RAVDESS,3.5702291666666666,48000,Mono,16,,380.88671875,1778097345.984002,interior,True
345,03-01-07-02-02-01-10.wav,disgust,crying,crying,crying,crying,2,train,RAVDESS,4.2041875,48000,Mono,16,,452.71484375,1778097346.458966,interior,True
346,03-01-07-02-02-01-11.wav,disgust,crying,crying,crying,crying,2,train,RAVDESS,3.7370625,48000,Mono,16,,396.474609375,1778097346.918916,interior,True
347,03-01-07-02-02-01-12.wav,disgust,crying,crying,crying,crying,2,train,RAVDESS,4.204208333333334,48000,Mono,16,,440.408203125,1778097347.3937967,interior,True
348,03-01-07-02-02-01-13.wav,disgust,crying,crying,crying,crying,2,train,RAVDESS,3.403395833333333,48000,Mono,16,,367.294921875,1778097347.831962,interior,True
349,03-01-07-02-02-01-14.wav,disgust,crying,crying,crying,crying,2,train,RAVDESS,3.6703333333333332,48000,Mono,16,,403.654296875,1778097348.2799206,interior,True
350,03-01-07-02-02-01-15.wav,disgust,crying,crying,crying,crying,2,train,RAVDESS,3.3033125,48000,Mono,16,,358.888671875,1778097348.7141836,interior,True
351,03-01-07-02-02-01-16.wav,disgust,crying,crying,crying,crying,2,train,RAVDESS,4.137458333333333,48000,Mono,16,,446.47265625,1778097349.182071,interior,True
352,03-01-07-02-02-01-17.wav,disgust,crying,crying,crying,crying,2,train,RAVDESS,4.471145833333333,48000,Mono,16,,467.8515625,1778097349.659906,interior,True
353,03-01-07-02-02-01-18.wav,disgust,crying,crying,crying,crying,2,train,RAVDESS,4.637958333333334,48000,Mono,16,,493.265625,1778097350.1220684,interior,True
354,03-01-07-02-02-01-19.wav,disgust,crying,crying,crying,crying,2,train,RAVDESS,4.904895833333334,48000,Mono,16,,506.828125,1778097350.6070218,interior,True
355,03-01-07-02-02-01-20.wav,disgust,crying,crying,crying,crying,2,train,RAVDESS,4.7380625,48000,Mono,16,,502.751953125,1778097351.0655842,interior,True
356,03-01-07-02-02-01-21.wav,disgust,crying,crying,crying,crying,2,train,RAVDESS,4.170833333333333,48000,Mono,16,,448.94921875,1778097351.5607913,interior,True
357,03-01-07-02-02-01-22.wav,disgust,crying,crying,crying,crying,2,train,RAVDESS,4.204208333333334,48000,Mono,16,,451.2421875,1778097352.0317318,interior,True
358,03-01-07-02-02-01-23.wav,disgust,crying,crying,crying,crying,2,train,RAVDESS,3.7370625,48000,Mono,16,,406.16796875,1778097352.4754016,interior,True
359,03-01-07-02-02-01-24.wav,disgust,crying,crying,crying,crying,2,train,RAVDESS,4.2375625,48000,Mono,16,,452.443359375,1778097352.934961,interior,True
360,03-01-07-02-02-02-01.wav,disgust,crying,crying,crying,crying,2,train,RAVDESS,4.371020833333334,48000,Mono,16,,468.361328125,1778097342.478171,interior,True
361,03-01-07-02-02-02-02.wav,disgust,crying,crying,crying,crying,2,train,RAVDESS,4.037375,48000,Mono,16,,438.056640625,1778097342.8518114,interior,True
362,03-01-07-02-02-02-03.wav,disgust,crying,crying,crying,crying,2,train,RAVDESS,3.9372708333333333,48000,Mono,16,,417.625,1778097343.321733,interior,True
363,03-01-07-02-02-02-04.wav,disgust,crying,crying,crying,crying,2,train,RAVDESS,3.9372708333333333,48000,Mono,16,,425.203125,1778097343.7519314,interior,True
364,03-01-07-02-02-02-05.wav,disgust,crying,crying,crying,crying,2,train,RAVDESS,4.537875,48000,Mono,16,,473.677734375,1778097344.1479049,interior,True
365,03-01-07-02-02-02-06.wav,disgust,crying,crying,crying,crying,2,train,RAVDESS,3.970625,48000,Mono,16,,418.50390625,1778097344.574819,interior,True
366,03-01-07-02-02-02-07.wav,disgust,crying,crying,crying,crying,2,train,RAVDESS,4.771416666666667,48000,Mono,16,,495.59765625,1778097345.0893514,interior,True
367,03-01-07-02-02-02-08.wav,disgust,crying,crying,crying,crying,2,train,RAVDESS,3.8705208333333334,48000,Mono,16,,399.103515625,1778097345.5555096,interior,True
368,03-01-07-02-02-02-09.wav,disgust,crying,crying,crying,crying,2,train,RAVDESS,3.6035833333333334,48000,Mono,16,,384.013671875,1778097345.984002,interior,True
369,03-01-07-02-02-02-10.wav,disgust,crying,crying,crying,crying,2,train,RAVDESS,4.871541666666666,48000,Mono,16,,515.27734375,1778097346.4757185,interior,True
370,03-01-07-02-02-02-11.wav,disgust,crying,crying,crying,crying,2,train,RAVDESS,3.7370625,48000,Mono,16,,397.13671875,1778097346.9349675,interior,True
371,03-01-07-02-02-02-12.wav,disgust,crying,crying,crying,crying,2,train,RAVDESS,3.970645833333333,48000,Mono,16,,418.51171875,1778097347.398683,interior,True
372,03-01-07-02-02-02-13.wav,disgust,crying,crying,crying,crying,2,train,RAVDESS,3.4367708333333336,48000,Mono,16,,370.41796875,1778097347.8375595,interior,True
373,03-01-07-02-02-02-14.wav,disgust,crying,crying,crying,crying,2,train,RAVDESS,3.8037916666666667,48000,Mono,16,,416.16796875,1778097348.2799206,interior,True
374,03-01-07-02-02-02-15.wav,disgust,crying,crying,crying,crying,2,train,RAVDESS,3.4701458333333335,48000,Mono,16,,374.529296875,1778097348.722858,interior,True
375,03-01-07-02-02-02-16.wav,disgust,crying,crying,crying,crying,2,train,RAVDESS,4.137479166666667,48000,Mono,16,,446.474609375,1778097349.182071,interior,True
376,03-01-07-02-02-02-17.wav,disgust,crying,crying,crying,crying,2,train,RAVDESS,4.604604166666666,48000,Mono,16,,480.36328125,1778097349.6723263,interior,True
377,03-01-07-02-02-02-18.wav,disgust,crying,crying,crying,crying,2,train,RAVDESS,4.571229166666667,48000,Mono,16,,487.009765625,1778097350.132496,interior,True
378,03-01-07-02-02-02-19.wav,disgust,crying,crying,crying,crying,2,train,RAVDESS,4.938270833333333,48000,Mono,16,,509.95703125,1778097350.613835,interior,True
379,03-01-07-02-02-02-20.wav,disgust,crying,crying,crying,crying,2,train,RAVDESS,3.8705208333333334,48000,Mono,16,,421.41015625,1778097351.080932,interior,True
380,03-01-07-02-02-02-21.wav,disgust,crying,crying,crying,crying,2,train,RAVDESS,3.970625,48000,Mono,16,,430.1796875,1778097351.5607913,interior,True
381,03-01-07-02-02-02-22.wav,disgust,crying,crying,crying,crying,2,train,RAVDESS,4.1040833333333335,48000,Mono,16,,441.85546875,1778097352.0474846,interior,True
382,03-01-07-02-02-02-23.wav,disgust,crying,crying,crying,crying,2,train,RAVDESS,3.8705208333333334,48000,Mono,16,,418.685546875,1778097352.4931955,interior,True
383,03-01-07-02-02-02-24.wav,disgust,crying,crying,crying,crying,2,train,RAVDESS,4.437770833333333,48000,Mono,16,,471.212890625,1778097352.9506533,interior,True
384,03-01-06-01-01-01-01.wav,fearful,yell,yell,yell,yell,2,train,RAVDESS,3.6703333333333332,48000,Mono,16,,402.677734375,1778097342.3769047,interior,True
385,03-01-06-01-01-01-02.wav,fearful,yell,yell,yell,yell,2,train,RAVDESS,3.636979166666667,48000,Mono,16,,400.521484375,1778097342.7571895,interior,True
386,03-01-06-01-01-01-03.wav,fearful,yell,yell,yell,yell,2,train,RAVDESS,3.7370833333333335,48000,Mono,16,,398.853515625,1778097343.1833577,interior,True
387,03-01-06-01-01-01-04.wav,fearful,yell,yell,yell,yell,2,train,RAVDESS,3.3032916666666665,48000,Mono,16,,368.439453125,1778097343.6500525,interior,True
388,03-01-06-01-01-01-05.wav,fearful,yell,yell,yell,yell,2,train,RAVDESS,3.1364791666666667,48000,Mono,16,,342.30078125,1778097344.0447073,interior,True
389,03-01-06-01-01-01-06.wav,fearful,yell,yell,yell,yell,2,train,RAVDESS,3.6369583333333333,48000,Mono,16,,387.224609375,1778097344.4643862,interior,True
390,03-01-06-01-01-01-07.wav,fearful,yell,yell,yell,yell,2,train,RAVDESS,3.4367708333333336,48000,Mono,16,,370.47265625,1778097344.9717155,interior,True
391,03-01-06-01-01-01-08.wav,fearful,yell,yell,yell,yell,2,train,RAVDESS,3.970645833333333,48000,Mono,16,,408.494140625,1778097345.4301305,interior,True
392,03-01-06-01-01-01-09.wav,fearful,yell,yell,yell,yell,2,train,RAVDESS,3.1698333333333335,48000,Mono,16,,343.25390625,1778097345.8727767,interior,True
393,03-01-06-01-01-01-10.wav,fearful,yell,yell,yell,yell,2,train,RAVDESS,3.4034166666666668,48000,Mono,16,,377.646484375,1778097346.3481884,interior,True
394,03-01-06-01-01-01-11.wav,fearful,yell,yell,yell,yell,2,train,RAVDESS,3.470125,48000,Mono,16,,371.4453125,1778097346.8074155,interior,True
395,03-01-06-01-01-01-12.wav,fearful,yell,yell,yell,yell,2,train,RAVDESS,3.4034166666666668,48000,Mono,16,,365.3359375,1778097347.288698,interior,True
396,03-01-06-01-01-01-13.wav,fearful,yell,yell,yell,yell,2,train,RAVDESS,3.1364791666666667,48000,Mono,16,,342.25,1778097347.7328165,interior,True
397,03-01-06-01-01-01-14.wav,fearful,yell,yell,yell,yell,2,train,RAVDESS,3.3700208333333332,48000,Mono,16,,375.494140625,1778097348.1732438,interior,True
398,03-01-06-01-01-01-15.wav,fearful,yell,yell,yell,yell,2,train,RAVDESS,3.3032916666666665,48000,Mono,16,,359.55078125,1778097348.6126778,interior,True
399,03-01-06-01-01-01-16.wav,fearful,yell,yell,yell,yell,2,train,RAVDESS,3.7036875,48000,Mono,16,,405.8046875,1778097349.0710773,interior,True
400,03-01-06-01-01-01-17.wav,fearful,yell,yell,yell,yell,2,train,RAVDESS,3.470125,48000,Mono,16,,374.005859375,1778097349.5304997,interior,True
401,03-01-06-01-01-01-18.wav,fearful,yell,yell,yell,yell,2,train,RAVDESS,3.4367708333333336,48000,Mono,16,,380.650390625,1778097350.0056565,interior,True
402,03-01-06-01-01-01-19.wav,fearful,yell,yell,yell,yell,2,train,RAVDESS,3.7036875,48000,Mono,16,,394.138671875,1778097350.480388,interior,True
403,03-01-06-01-01-01-20.wav,fearful,yell,yell,yell,yell,2,train,RAVDESS,3.8038125,48000,Mono,16,,415.1640625,1778097350.954667,interior,True
404,03-01-06-01-01-01-21.wav,fearful,yell,yell,yell,yell,2,train,RAVDESS,3.6703333333333332,48000,Mono,16,,402.025390625,1778097351.4462934,interior,True
405,03-01-06-01-01-01-22.wav,fearful,yell,yell,yell,yell,2,train,RAVDESS,3.57025,48000,Mono,16,,391.8125,1778097351.921427,interior,True
406,03-01-06-01-01-01-23.wav,fearful,yell,yell,yell,yell,2,train,RAVDESS,3.4367708333333336,48000,Mono,16,,378.025390625,1778097352.3799083,interior,True
407,03-01-06-01-01-01-24.wav,fearful,yell,yell,yell,yell,2,train,RAVDESS,4.104104166666667,48000,Mono,16,,439.927734375,1778097352.8239257,interior,True
408,03-01-06-01-01-02-01.wav,fearful,yell,yell,yell,yell,2,train,RAVDESS,3.636979166666667,48000,Mono,16,,399.55078125,1778097342.3769047,interior,True
409,03-01-06-01-01-02-02.wav,fearful,yell,yell,yell,yell,2,train,RAVDESS,3.7370625,48000,Mono,16,,409.904296875,1778097342.7571895,interior,True
410,03-01-06-01-01-02-03.wav,fearful,yell,yell,yell,yell,2,train,RAVDESS,3.8371666666666666,48000,Mono,16,,408.240234375,1778097343.1833577,interior,True
411,03-01-06-01-01-02-04.wav,fearful,yell,yell,yell,yell,2,train,RAVDESS,3.2365833333333334,48000,Mono,16,,359.5078125,1778097343.6567836,interior,True
412,03-01-06-01-01-02-05.wav,fearful,yell,yell,yell,yell,2,train,RAVDESS,3.3700208333333332,48000,Mono,16,,364.1953125,1778097344.0528831,interior,True
413,03-01-06-01-01-02-06.wav,fearful,yell,yell,yell,yell,2,train,RAVDESS,3.4367708333333336,48000,Mono,16,,370.427734375,1778097344.480158,interior,True
414,03-01-06-01-01-02-07.wav,fearful,yell,yell,yell,yell,2,train,RAVDESS,3.5035,48000,Mono,16,,376.728515625,1778097344.9799013,interior,True
415,03-01-06-01-01-02-08.wav,fearful,yell,yell,yell,yell,2,train,RAVDESS,3.6703333333333332,48000,Mono,16,,380.33984375,1778097345.4442205,interior,True
416,03-01-06-01-01-02-09.wav,fearful,yell,yell,yell,yell,2,train,RAVDESS,3.1698333333333335,48000,Mono,16,,343.330078125,1778097345.8885138,interior,True
417,03-01-06-01-01-02-10.wav,fearful,yell,yell,yell,yell,2,train,RAVDESS,3.3033125,48000,Mono,16,,368.26171875,1778097346.3481884,interior,True
418,03-01-06-01-01-02-11.wav,fearful,yell,yell,yell,yell,2,train,RAVDESS,3.5035,48000,Mono,16,,374.57421875,1778097346.8112645,interior,True
419,03-01-06-01-01-02-12.wav,fearful,yell,yell,yell,yell,2,train,RAVDESS,3.5035,48000,Mono,16,,374.71875,1778097347.288698,interior,True
420,03-01-06-01-01-02-13.wav,fearful,yell,yell,yell,yell,2,train,RAVDESS,3.1698333333333335,48000,Mono,16,,345.3671875,1778097347.742605,interior,True
421,03-01-06-01-01-02-14.wav,fearful,yell,yell,yell,yell,2,train,RAVDESS,3.5702291666666666,48000,Mono,16,,394.259765625,1778097348.1812532,interior,True
422,03-01-06-01-01-02-15.wav,fearful,yell,yell,yell,yell,2,train,RAVDESS,3.3033125,48000,Mono,16,,358.888671875,1778097348.6126778,interior,True
423,03-01-06-01-01-02-16.wav,fearful,yell,yell,yell,yell,2,train,RAVDESS,3.5035,48000,Mono,16,,387.037109375,1778097349.0710773,interior,True
424,03-01-06-01-01-02-17.wav,fearful,yell,yell,yell,yell,2,train,RAVDESS,3.5035,48000,Mono,16,,377.130859375,1778097349.5462804,interior,True
425,03-01-06-01-01-02-18.wav,fearful,yell,yell,yell,yell,2,train,RAVDESS,3.403395833333333,48000,Mono,16,,377.521484375,1778097350.021515,interior,True
426,03-01-06-01-01-02-19.wav,fearful,yell,yell,yell,yell,2,train,RAVDESS,3.5035,48000,Mono,16,,375.443359375,1778097350.480388,interior,True
427,03-01-06-01-01-02-20.wav,fearful,yell,yell,yell,yell,2,train,RAVDESS,4.371020833333334,48000,Stereo,16,,878.125,1778097350.9707694,interior,True
428,03-01-06-01-01-02-21.wav,fearful,yell,yell,yell,yell,2,train,RAVDESS,3.7704166666666667,48000,Mono,16,,411.408203125,1778097351.4594104,interior,True
429,03-01-06-01-01-02-22.wav,fearful,yell,yell,yell,yell,2,train,RAVDESS,3.6036041666666665,48000,Mono,16,,394.939453125,1778097351.921427,interior,True
430,03-01-06-01-01-02-23.wav,fearful,yell,yell,yell,yell,2,train,RAVDESS,3.2365625,48000,Mono,16,,359.255859375,1778097352.3799083,interior,True
431,03-01-06-01-01-02-24.wav,fearful,yell,yell,yell,yell,2,train,RAVDESS,4.070729166666666,48000,Mono,16,,436.79296875,1778097352.843539,interior,True
432,03-01-06-01-02-01-01.wav,fearful,yell,yell,yell,yell,2,train,RAVDESS,3.4367708333333336,48000,Mono,16,,380.77734375,1778097342.3925474,interior,True
433,03-01-06-01-02-01-02.wav,fearful,yell,yell,yell,yell,2,train,RAVDESS,3.6703333333333332,48000,Mono,16,,403.6484375,1778097342.7571895,interior,True
434,03-01-06-01-02-01-03.wav,fearful,yell,yell,yell,yell,2,train,RAVDESS,3.5035,48000,Mono,16,,376.955078125,1778097343.1990037,interior,True
435,03-01-06-01-02-01-04.wav,fearful,yell,yell,yell,yell,2,train,RAVDESS,3.470125,48000,Mono,16,,381.41015625,1778097343.6567836,interior,True
436,03-01-06-01-02-01-05.wav,fearful,yell,yell,yell,yell,2,train,RAVDESS,3.136458333333333,48000,Mono,16,,342.298828125,1778097344.0528831,interior,True
437,03-01-06-01-02-01-06.wav,fearful,yell,yell,yell,yell,2,train,RAVDESS,3.57025,48000,Mono,16,,380.97265625,1778097344.480158,interior,True
438,03-01-06-01-02-01-07.wav,fearful,yell,yell,yell,yell,2,train,RAVDESS,3.4367708333333336,48000,Mono,16,,370.47265625,1778097344.985519,interior,True
439,03-01-06-01-02-01-08.wav,fearful,yell,yell,yell,yell,2,train,RAVDESS,3.7704375,48000,Mono,16,,389.724609375,1778097345.4442205,interior,True
440,03-01-06-01-02-01-09.wav,fearful,yell,yell,yell,yell,2,train,RAVDESS,3.1364791666666667,48000,Mono,16,,340.203125,1778097345.8885138,interior,True
441,03-01-06-01-02-01-10.wav,fearful,yell,yell,yell,yell,2,train,RAVDESS,3.5368541666666666,48000,Mono,16,,390.15625,1778097346.3640318,interior,True
442,03-01-06-01-02-01-11.wav,fearful,yell,yell,yell,yell,2,train,RAVDESS,3.1698333333333335,48000,Mono,16,,343.291015625,1778097346.8112645,interior,True
443,03-01-06-01-02-01-12.wav,fearful,yell,yell,yell,yell,2,train,RAVDESS,3.3700208333333332,48000,Mono,16,,362.20703125,1778097347.298926,interior,True
444,03-01-06-01-02-01-13.wav,fearful,yell,yell,yell,yell,2,train,RAVDESS,3.2032083333333334,48000,Mono,16,,348.505859375,1778097347.742605,interior,True
445,03-01-06-01-02-01-14.wav,fearful,yell,yell,yell,yell,2,train,RAVDESS,3.370041666666667,48000,Mono,16,,375.4921875,1778097348.1848836,interior,True
446,03-01-06-01-02-01-15.wav,fearful,yell,yell,yell,yell,2,train,RAVDESS,3.2699375,48000,Mono,16,,355.759765625,1778097348.6285346,interior,True
447,03-01-06-01-02-01-16.wav,fearful,yell,yell,yell,yell,2,train,RAVDESS,3.6369583333333333,48000,Mono,16,,399.548828125,1778097349.0869694,interior,True
448,03-01-06-01-02-01-17.wav,fearful,yell,yell,yell,yell,2,train,RAVDESS,3.536875,48000,Mono,16,,380.263671875,1778097349.5462804,interior,True
449,03-01-06-01-02-01-18.wav,fearful,yell,yell,yell,yell,2,train,RAVDESS,3.470125,48000,Mono,16,,383.763671875,1778097350.021515,interior,True
450,03-01-06-01-02-01-19.wav,fearful,yell,yell,yell,yell,2,train,RAVDESS,3.7704375,48000,Mono,16,,400.474609375,1778097350.4960515,interior,True
451,03-01-06-01-02-01-20.wav,fearful,yell,yell,yell,yell,2,train,RAVDESS,3.9372708333333333,48000,Mono,16,,427.658203125,1778097350.9707694,interior,True
452,03-01-06-01-02-01-21.wav,fearful,yell,yell,yell,yell,2,train,RAVDESS,3.970625,48000,Mono,16,,430.177734375,1778097351.4623382,interior,True
453,03-01-06-01-02-01-22.wav,fearful,yell,yell,yell,yell,2,train,RAVDESS,3.6703333333333332,48000,Mono,16,,401.1953125,1778097351.9373782,interior,True
454,03-01-06-01-02-01-23.wav,fearful,yell,yell,yell,yell,2,train,RAVDESS,3.136458333333333,48000,Mono,16,,349.87109375,1778097352.395848,interior,True
455,03-01-06-01-02-01-24.wav,fearful,yell,yell,yell,yell,2,train,RAVDESS,3.93725,48000,Mono,16,,424.2890625,1778097352.843539,interior,True
456,03-01-06-01-02-02-01.wav,fearful,yell,yell,yell,yell,2,train,RAVDESS,3.7036875,48000,Mono,16,,405.8046875,1778097342.3925474,interior,True
457,03-01-06-01-02-02-02.wav,fearful,yell,yell,yell,yell,2,train,RAVDESS,3.7370625,48000,Mono,16,,409.89453125,1778097342.7728686,interior,True
458,03-01-06-01-02-02-03.wav,fearful,yell,yell,yell,yell,2,train,RAVDESS,3.2032083333333334,48000,Mono,16,,348.802734375,1778097343.2132123,interior,True
459,03-01-06-01-02-02-04.wav,fearful,yell,yell,yell,yell,2,train,RAVDESS,3.470125,48000,Mono,16,,381.41015625,1778097343.6684632,interior,True
460,03-01-06-01-02-02-05.wav,fearful,yell,yell,yell,yell,2,train,RAVDESS,3.069729166666667,48000,Mono,16,,336.04296875,1778097344.0688877,interior,True
461,03-01-06-01-02-02-06.wav,fearful,yell,yell,yell,yell,2,train,RAVDESS,3.5035,48000,Mono,16,,374.71484375,1778097344.496064,interior,True
462,03-01-06-01-02-02-07.wav,fearful,yell,yell,yell,yell,2,train,RAVDESS,3.370041666666667,48000,Mono,16,,364.216796875,1778097344.9923015,interior,True
463,03-01-06-01-02-02-08.wav,fearful,yell,yell,yell,yell,2,train,RAVDESS,3.6703333333333332,48000,Mono,16,,380.33984375,1778097345.4442205,interior,True
464,03-01-06-01-02-02-09.wav,fearful,yell,yell,yell,yell,2,train,RAVDESS,3.136458333333333,48000,Mono,16,,340.201171875,1778097345.904375,interior,True
465,03-01-06-01-02-02-10.wav,fearful,yell,yell,yell,yell,2,train,RAVDESS,3.4367708333333336,48000,Mono,16,,380.7734375,1778097346.3640318,interior,True
466,03-01-06-01-02-02-11.wav,fearful,yell,yell,yell,yell,2,train,RAVDESS,3.2032083333333334,48000,Mono,16,,346.419921875,1778097346.8235471,interior,True
467,03-01-06-01-02-02-12.wav,fearful,yell,yell,yell,yell,2,train,RAVDESS,3.2032083333333334,48000,Mono,16,,346.568359375,1778097347.298926,interior,True
468,03-01-06-01-02-02-13.wav,fearful,yell,yell,yell,yell,2,train,RAVDESS,3.2365625,48000,Mono,16,,351.62890625,1778097347.742605,interior,True
469,03-01-06-01-02-02-14.wav,fearful,yell,yell,yell,yell,2,train,RAVDESS,3.3700208333333332,48000,Mono,16,,375.484375,1778097348.1848836,interior,True
470,03-01-06-01-02-02-15.wav,fearful,yell,yell,yell,yell,2,train,RAVDESS,3.3032916666666665,48000,Mono,16,,358.888671875,1778097348.6285346,interior,True
471,03-01-06-01-02-02-16.wav,fearful,yell,yell,yell,yell,2,train,RAVDESS,3.5702291666666666,48000,Mono,16,,393.29296875,1778097349.0869694,interior,True
472,03-01-06-01-02-02-17.wav,fearful,yell,yell,yell,yell,2,train,RAVDESS,3.6369583333333333,48000,Mono,16,,389.642578125,1778097349.561969,interior,True
473,03-01-06-01-02-02-18.wav,fearful,yell,yell,yell,yell,2,train,RAVDESS,3.4701458333333335,48000,Mono,16,,383.771484375,1778097350.0376685,interior,True
474,03-01-06-01-02-02-19.wav,fearful,yell,yell,yell,yell,2,train,RAVDESS,3.536875,48000,Mono,16,,378.578125,1778097350.4960515,interior,True
475,03-01-06-01-02-02-20.wav,fearful,yell,yell,yell,yell,2,train,RAVDESS,3.3032916666666665,48000,Mono,16,,368.228515625,1778097350.9892511,interior,True
476,03-01-06-01-02-02-21.wav,fearful,yell,yell,yell,yell,2,train,RAVDESS,4.070729166666666,48000,Mono,16,,439.556640625,1778097351.4780645,interior,True
477,03-01-06-01-02-02-22.wav,fearful,yell,yell,yell,yell,2,train,RAVDESS,3.536875,48000,Mono,16,,388.68359375,1778097351.9373782,interior,True
478,03-01-06-01-02-02-23.wav,fearful,yell,yell,yell,yell,2,train,RAVDESS,3.1031041666666668,48000,Mono,16,,346.638671875,1778097352.405649,interior,True
479,03-01-06-01-02-02-24.wav,fearful,yell,yell,yell,yell,2,train,RAVDESS,4.004,48000,Mono,16,,430.546875,1778097352.8553503,interior,True
480,03-01-06-02-01-01-01.wav,fearful,yell,yell,yell,yell,2,train,RAVDESS,5.005,48000,Mono,16,,527.802734375,1778097342.3925474,interior,True
481,03-01-06-02-01-01-02.wav,fearful,yell,yell,yell,yell,2,train,RAVDESS,3.8037916666666667,48000,Mono,16,,416.0546875,1778097342.7728686,interior,True
482,03-01-06-02-01-01-03.wav,fearful,yell,yell,yell,yell,2,train,RAVDESS,3.3033125,48000,Mono,16,,358.19140625,1778097343.2229803,interior,True
483,03-01-06-02-01-01-04.wav,fearful,yell,yell,yell,yell,2,train,RAVDESS,3.9372708333333333,48000,Mono,16,,425.201171875,1778097343.6728377,interior,True
484,03-01-06-02-01-01-05.wav,fearful,yell,yell,yell,yell,2,train,RAVDESS,3.2365625,48000,Mono,16,,351.68359375,1778097344.0688877,interior,True
485,03-01-06-02-01-01-06.wav,fearful,yell,yell,yell,yell,2,train,RAVDESS,3.636979166666667,48000,Mono,16,,387.224609375,1778097344.496064,interior,True
486,03-01-06-02-01-01-07.wav,fearful,yell,yell,yell,yell,2,train,RAVDESS,3.636979166666667,48000,Mono,16,,389.244140625,1778097344.9993515,interior,True
487,03-01-06-02-01-01-08.wav,fearful,yell,yell,yell,yell,2,train,RAVDESS,3.970625,48000,Mono,16,,408.490234375,1778097345.45998,interior,True
488,03-01-06-02-01-01-09.wav,fearful,yell,yell,yell,yell,2,train,RAVDESS,3.2365625,48000,Mono,16,,349.5859375,1778097345.904375,interior,True
489,03-01-06-02-01-01-10.wav,fearful,yell,yell,yell,yell,2,train,RAVDESS,3.5035,48000,Mono,16,,387.029296875,1778097346.381673,interior,True
490,03-01-06-02-01-01-11.wav,fearful,yell,yell,yell,yell,2,train,RAVDESS,3.2032083333333334,48000,Mono,16,,346.421875,1778097346.8235471,interior,True
491,03-01-06-02-01-01-12.wav,fearful,yell,yell,yell,yell,2,train,RAVDESS,3.7370833333333335,48000,Mono,16,,396.615234375,1778097347.315017,interior,True
492,03-01-06-02-01-01-13.wav,fearful,yell,yell,yell,yell,2,train,RAVDESS,3.370041666666667,48000,Mono,16,,364.142578125,1778097347.7582884,interior,True
493,03-01-06-02-01-01-14.wav,fearful,yell,yell,yell,yell,2,train,RAVDESS,3.3700208333333332,48000,Mono,16,,375.5,1778097348.2006369,interior,True
494,03-01-06-02-01-01-15.wav,fearful,yell,yell,yell,yell,2,train,RAVDESS,3.3366666666666664,48000,Mono,16,,362.017578125,1778097348.644189,interior,True
495,03-01-06-02-01-01-16.wav,fearful,yell,yell,yell,yell,2,train,RAVDESS,3.7370625,48000,Mono,16,,408.93359375,1778097349.102664,interior,True
496,03-01-06-02-01-01-17.wav,fearful,yell,yell,yell,yell,2,train,RAVDESS,3.703708333333333,48000,Mono,16,,395.90234375,1778097349.561969,interior,True
497,03-01-06-02-01-01-18.wav,fearful,yell,yell,yell,yell,2,train,RAVDESS,3.7370833333333335,48000,Mono,16,,408.8046875,1778097350.0376685,interior,True
498,03-01-06-02-01-01-19.wav,fearful,yell,yell,yell,yell,2,train,RAVDESS,3.8371666666666666,48000,Mono,16,,406.728515625,1778097350.5121374,interior,True
499,03-01-06-02-01-01-20.wav,fearful,yell,yell,yell,yell,2,train,RAVDESS,4.2375625,48000,Mono,16,,455.828125,1778097350.9892511,interior,True
500,03-01-06-02-01-01-21.wav,fearful,yell,yell,yell,yell,2,train,RAVDESS,3.970625,48000,Mono,16,,430.173828125,1778097351.4780645,interior,True
501,03-01-06-02-01-01-22.wav,fearful,yell,yell,yell,yell,2,train,RAVDESS,3.5702291666666666,48000,Mono,16,,391.810546875,1778097351.9530246,interior,True
502,03-01-06-02-01-01-23.wav,fearful,yell,yell,yell,yell,2,train,RAVDESS,3.5702291666666666,48000,Mono,16,,390.5234375,1778097352.4119735,interior,True
503,03-01-06-02-01-01-24.wav,fearful,yell,yell,yell,yell,2,train,RAVDESS,3.8371666666666666,48000,Mono,16,,414.90625,1778097352.8553503,interior,True
504,03-01-06-02-01-02-01.wav,fearful,yell,yell,yell,yell,2,train,RAVDESS,4.2375625,48000,Mono,16,,455.845703125,1778097342.4122546,interior,True
505,03-01-06-02-01-02-02.wav,fearful,yell,yell,yell,yell,2,train,RAVDESS,3.636979166666667,48000,Mono,16,,400.513671875,1778097342.7885056,interior,True
506,03-01-06-02-01-02-03.wav,fearful,yell,yell,yell,yell,2,train,RAVDESS,3.9038958333333333,48000,Mono,16,,414.49609375,1778097343.2310011,interior,True
507,03-01-06-02-01-02-04.wav,fearful,yell,yell,yell,yell,2,train,RAVDESS,3.403395833333333,48000,Mono,16,,375.150390625,1778097343.6728377,interior,True
508,03-01-06-02-01-02-05.wav,fearful,yell,yell,yell,yell,2,train,RAVDESS,3.5702291666666666,48000,Mono,16,,382.96484375,1778097344.0847518,interior,True
509,03-01-06-02-01-02-06.wav,fearful,yell,yell,yell,yell,2,train,RAVDESS,3.6036041666666665,48000,Mono,16,,384.095703125,1778097344.511909,interior,True
510,03-01-06-02-01-02-07.wav,fearful,yell,yell,yell,yell,2,train,RAVDESS,3.470125,48000,Mono,16,,372.38671875,1778097345.0062547,interior,True
511,03-01-06-02-01-02-08.wav,fearful,yell,yell,yell,yell,2,train,RAVDESS,3.9038958333333333,48000,Mono,16,,401.67578125,1778097345.478568,interior,True
512,03-01-06-02-01-02-09.wav,fearful,yell,yell,yell,yell,2,train,RAVDESS,3.2699375,48000,Mono,16,,352.71484375,1778097345.904375,interior,True
513,03-01-06-02-01-02-10.wav,fearful,yell,yell,yell,yell,2,train,RAVDESS,3.703708333333333,48000,Mono,16,,405.798828125,1778097346.381673,interior,True
514,03-01-06-02-01-02-11.wav,fearful,yell,yell,yell,yell,2,train,RAVDESS,3.2032083333333334,48000,Mono,16,,346.421875,1778097346.8396382,interior,True
515,03-01-06-02-01-02-12.wav,fearful,yell,yell,yell,yell,2,train,RAVDESS,3.703708333333333,48000,Mono,16,,393.486328125,1778097347.315017,interior,True
516,03-01-06-02-01-02-13.wav,fearful,yell,yell,yell,yell,2,train,RAVDESS,3.2699375,48000,Mono,16,,354.7578125,1778097347.7582884,interior,True
517,03-01-06-02-01-02-14.wav,fearful,yell,yell,yell,yell,2,train,RAVDESS,3.403395833333333,48000,Mono,16,,378.603515625,1778097348.2006369,interior,True
518,03-01-06-02-01-02-15.wav,fearful,yell,yell,yell,yell,2,train,RAVDESS,3.4701458333333335,48000,Mono,16,,374.533203125,1778097348.644189,interior,True
519,03-01-06-02-01-02-16.wav,fearful,yell,yell,yell,yell,2,train,RAVDESS,3.7370625,48000,Mono,16,,408.93359375,1778097349.102664,interior,True
520,03-01-06-02-01-02-17.wav,fearful,yell,yell,yell,yell,2,train,RAVDESS,3.7370625,48000,Mono,16,,399.03125,1778097349.5838034,interior,True
521,03-01-06-02-01-02-18.wav,fearful,yell,yell,yell,yell,2,train,RAVDESS,4.170833333333333,48000,Mono,16,,449.46875,1778097350.0535712,interior,True
522,03-01-06-02-01-02-19.wav,fearful,yell,yell,yell,yell,2,train,RAVDESS,4.371020833333334,48000,Mono,16,,456.775390625,1778097350.5121374,interior,True
523,03-01-06-02-01-02-20.wav,fearful,yell,yell,yell,yell,2,train,RAVDESS,4.170833333333333,48000,Mono,16,,449.572265625,1778097351.002237,interior,True
524,03-01-06-02-01-02-21.wav,fearful,yell,yell,yell,yell,2,train,RAVDESS,3.8371666666666666,48000,Mono,16,,417.662109375,1778097351.4939415,interior,True
525,03-01-06-02-01-02-22.wav,fearful,yell,yell,yell,yell,2,train,RAVDESS,3.5702291666666666,48000,Mono,16,,391.798828125,1778097351.9692032,interior,True
526,03-01-06-02-01-02-23.wav,fearful,yell,yell,yell,yell,2,train,RAVDESS,3.4367708333333336,48000,Mono,16,,378.017578125,1778097352.418111,interior,True
527,03-01-06-02-01-02-24.wav,fearful,yell,yell,yell,yell,2,train,RAVDESS,4.070729166666666,48000,Mono,16,,436.802734375,1778097352.871145,interior,True
528,03-01-06-02-02-01-01.wav,fearful,yell,yell,yell,yell,2,train,RAVDESS,3.970625,48000,Mono,16,,430.830078125,1778097342.4181442,interior,True
529,03-01-06-02-02-01-02.wav,fearful,yell,yell,yell,yell,2,train,RAVDESS,3.6036041666666665,48000,Mono,16,,397.384765625,1778097342.795479,interior,True
530,03-01-06-02-02-01-03.wav,fearful,yell,yell,yell,yell,2,train,RAVDESS,3.3033125,48000,Mono,16,,358.19140625,1778097343.2351394,interior,True
531,03-01-06-02-02-01-04.wav,fearful,yell,yell,yell,yell,2,train,RAVDESS,3.6036041666666665,48000,Mono,16,,393.919921875,1778097343.6906142,interior,True
532,03-01-06-02-02-01-05.wav,fearful,yell,yell,yell,yell,2,train,RAVDESS,3.2365625,48000,Mono,16,,351.68359375,1778097344.0847518,interior,True
533,03-01-06-02-02-01-06.wav,fearful,yell,yell,yell,yell,2,train,RAVDESS,3.7370625,48000,Mono,16,,396.607421875,1778097344.5177686,interior,True
534,03-01-06-02-02-01-07.wav,fearful,yell,yell,yell,yell,2,train,RAVDESS,3.403395833333333,48000,Mono,16,,367.345703125,1778097345.0134575,interior,True
535,03-01-06-02-02-01-08.wav,fearful,yell,yell,yell,yell,2,train,RAVDESS,3.8705208333333334,48000,Mono,16,,399.10546875,1778097345.478568,interior,True
536,03-01-06-02-02-01-09.wav,fearful,yell,yell,yell,yell,2,train,RAVDESS,3.2365625,48000,Mono,16,,349.5859375,1778097345.9205184,interior,True
537,03-01-06-02-02-01-10.wav,fearful,yell,yell,yell,yell,2,train,RAVDESS,3.8037916666666667,48000,Mono,16,,415.181640625,1778097346.3957193,interior,True
538,03-01-06-02-02-01-11.wav,fearful,yell,yell,yell,yell,2,train,RAVDESS,3.06975,48000,Mono,16,,333.91015625,1778097346.8396382,interior,True
539,03-01-06-02-02-01-12.wav,fearful,yell,yell,yell,yell,2,train,RAVDESS,3.4701458333333335,48000,Mono,16,,371.591796875,1778097347.3306684,interior,True
540,03-01-06-02-02-01-13.wav,fearful,yell,yell,yell,yell,2,train,RAVDESS,3.5035,48000,Mono,16,,376.654296875,1778097347.7741234,interior,True
541,03-01-06-02-02-01-14.wav,fearful,yell,yell,yell,yell,2,train,RAVDESS,3.5035,48000,Mono,16,,388.013671875,1778097348.2164252,interior,True
542,03-01-06-02-02-01-15.wav,fearful,yell,yell,yell,yell,2,train,RAVDESS,3.3700208333333332,48000,Mono,16,,365.146484375,1778097348.644189,interior,True
543,03-01-06-02-02-01-16.wav,fearful,yell,yell,yell,yell,2,train,RAVDESS,3.5368541666666666,48000,Mono,16,,390.1640625,1778097349.118306,interior,True
544,03-01-06-02-02-01-17.wav,fearful,yell,yell,yell,yell,2,train,RAVDESS,3.6703333333333332,48000,Mono,16,,392.76953125,1778097349.593475,interior,True
545,03-01-06-02-02-01-18.wav,fearful,yell,yell,yell,yell,2,train,RAVDESS,3.8038125,48000,Mono,16,,415.060546875,1778097350.0612094,interior,True
546,03-01-06-02-02-01-19.wav,fearful,yell,yell,yell,yell,2,train,RAVDESS,3.5702291666666666,48000,Mono,16,,381.703125,1778097350.5337422,interior,True
547,03-01-06-02-02-01-20.wav,fearful,yell,yell,yell,yell,2,train,RAVDESS,3.8705416666666665,48000,Mono,16,,420.30078125,1778097351.002237,interior,True
548,03-01-06-02-02-01-21.wav,fearful,yell,yell,yell,yell,2,train,RAVDESS,3.7704375,48000,Mono,16,,411.40234375,1778097351.4939415,interior,True
549,03-01-06-02-02-01-22.wav,fearful,yell,yell,yell,yell,2,train,RAVDESS,3.6703333333333332,48000,Mono,16,,401.1953125,1778097351.9692032,interior,True
550,03-01-06-02-02-01-23.wav,fearful,yell,yell,yell,yell,2,train,RAVDESS,3.57025,48000,Mono,16,,390.53515625,1778097352.4279075,interior,True
551,03-01-06-02-02-01-24.wav,fearful,yell,yell,yell,yell,2,train,RAVDESS,3.6035833333333334,48000,Mono,16,,393.0078125,1778097352.871145,interior,True
552,03-01-06-02-02-02-01.wav,fearful,yell,yell,yell,yell,2,train,RAVDESS,3.9039166666666665,48000,Mono,16,,424.576171875,1778097342.4273198,interior,True
553,03-01-06-02-02-02-02.wav,fearful,yell,yell,yell,yell,2,train,RAVDESS,3.6036041666666665,48000,Mono,16,,397.390625,1778097342.8012156,interior,True
554,03-01-06-02-02-02-03.wav,fearful,yell,yell,yell,yell,2,train,RAVDESS,3.4367708333333336,48000,Mono,16,,370.703125,1778097343.2493715,interior,True
555,03-01-06-02-02-02-04.wav,fearful,yell,yell,yell,yell,2,train,RAVDESS,3.5702291666666666,48000,Mono,16,,390.791015625,1778097343.6954176,interior,True
556,03-01-06-02-02-02-05.wav,fearful,yell,yell,yell,yell,2,train,RAVDESS,3.1031041666666668,48000,Mono,16,,339.171875,1778097344.0847518,interior,True
557,03-01-06-02-02-02-06.wav,fearful,yell,yell,yell,yell,2,train,RAVDESS,3.7370625,48000,Mono,16,,396.607421875,1778097344.5276244,interior,True
558,03-01-06-02-02-02-07.wav,fearful,yell,yell,yell,yell,2,train,RAVDESS,3.5035,48000,Mono,16,,376.7265625,1778097345.0202625,interior,True
559,03-01-06-02-02-02-08.wav,fearful,yell,yell,yell,yell,2,train,RAVDESS,3.9372708333333333,48000,Mono,16,,405.36328125,1778097345.4916642,interior,True
560,03-01-06-02-02-02-09.wav,fearful,yell,yell,yell,yell,2,train,RAVDESS,3.2365625,48000,Mono,16,,349.5859375,1778097345.9205184,interior,True
561,03-01-06-02-02-02-10.wav,fearful,yell,yell,yell,yell,2,train,RAVDESS,3.8705416666666665,48000,Mono,16,,421.439453125,1778097346.3957193,interior,True
562,03-01-06-02-02-02-11.wav,fearful,yell,yell,yell,yell,2,train,RAVDESS,3.136458333333333,48000,Mono,16,,340.1640625,1778097346.855517,interior,True
563,03-01-06-02-02-02-12.wav,fearful,yell,yell,yell,yell,2,train,RAVDESS,3.6703333333333332,48000,Mono,16,,390.359375,1778097347.3306684,interior,True
564,03-01-06-02-02-02-13.wav,fearful,yell,yell,yell,yell,2,train,RAVDESS,3.2032083333333334,48000,Mono,16,,348.501953125,1778097347.7741234,interior,True
565,03-01-06-02-02-02-14.wav,fearful,yell,yell,yell,yell,2,train,RAVDESS,3.470125,48000,Mono,16,,384.884765625,1778097348.2206452,interior,True
566,03-01-06-02-02-02-15.wav,fearful,yell,yell,yell,yell,2,train,RAVDESS,3.5035,48000,Mono,16,,377.66015625,1778097348.6598644,interior,True
567,03-01-06-02-02-02-16.wav,fearful,yell,yell,yell,yell,2,train,RAVDESS,3.5035,48000,Mono,16,,387.037109375,1778097349.118306,interior,True
568,03-01-06-02-02-02-17.wav,fearful,yell,yell,yell,yell,2,train,RAVDESS,3.8371666666666666,48000,Mono,16,,408.412109375,1778097349.5984085,interior,True
569,03-01-06-02-02-02-18.wav,fearful,yell,yell,yell,yell,2,train,RAVDESS,3.8037916666666667,48000,Mono,16,,415.05859375,1778097350.069512,interior,True
570,03-01-06-02-02-02-19.wav,fearful,yell,yell,yell,yell,2,train,RAVDESS,4.037354166666667,48000,Mono,16,,425.49609375,1778097350.543553,interior,True
571,03-01-06-02-02-02-20.wav,fearful,yell,yell,yell,yell,2,train,RAVDESS,3.9039166666666665,48000,Mono,16,,424.548828125,1778097351.0181503,interior,True
572,03-01-06-02-02-02-21.wav,fearful,yell,yell,yell,yell,2,train,RAVDESS,3.6369583333333333,48000,Mono,16,,398.888671875,1778097351.4939415,interior,True
573,03-01-06-02-02-02-22.wav,fearful,yell,yell,yell,yell,2,train,RAVDESS,3.6036041666666665,48000,Mono,16,,394.939453125,1778097351.984521,interior,True
574,03-01-06-02-02-02-23.wav,fearful,yell,yell,yell,yell,2,train,RAVDESS,3.536875,48000,Mono,16,,387.40625,1778097352.4279075,interior,True
575,03-01-06-02-02-02-24.wav,fearful,yell,yell,yell,yell,2,train,RAVDESS,3.8371666666666666,48000,Mono,16,,414.90625,1778097352.8867772,interior,True
576,03-01-08-01-01-01-01.wav,surprised,voice,voice,voice,voice,0,train,RAVDESS,3.403395833333333,48000,Mono,16,,377.62890625,1778097342.484378,interior,False
577,03-01-08-01-01-01-02.wav,surprised,voice,voice,voice,voice,0,train,RAVDESS,3.5368541666666666,48000,Mono,16,,391.13671875,1778097342.8518114,interior,False
578,03-01-08-01-01-01-03.wav,surprised,voice,voice,voice,voice,0,train,RAVDESS,3.2365625,48000,Mono,16,,351.931640625,1778097343.3308437,interior,False
579,03-01-08-01-01-01-04.wav,surprised,voice,voice,voice,voice,0,train,RAVDESS,3.2365833333333334,48000,Mono,16,,359.49609375,1778097343.7559378,interior,False
580,03-01-08-01-01-01-05.wav,surprised,voice,voice,voice,voice,0,train,RAVDESS,3.7370625,48000,Mono,16,,398.607421875,1778097344.1560228,interior,False
581,03-01-08-01-01-01-06.wav,surprised,voice,voice,voice,voice,0,train,RAVDESS,3.2365625,48000,Mono,16,,349.740234375,1778097344.574819,interior,False
582,03-01-08-01-01-01-07.wav,surprised,voice,voice,voice,voice,0,train,RAVDESS,3.470125,48000,Mono,16,,373.59375,1778097345.096428,interior,False
583,03-01-08-01-01-01-08.wav,surprised,voice,voice,voice,voice,0,train,RAVDESS,3.703708333333333,48000,Mono,16,,383.462890625,1778097345.5555096,interior,False
584,03-01-08-01-01-01-09.wav,surprised,voice,voice,voice,voice,0,train,RAVDESS,3.069729166666667,48000,Mono,16,,333.94921875,1778097345.999783,interior,False
585,03-01-08-01-01-01-10.wav,surprised,voice,voice,voice,voice,0,train,RAVDESS,3.2365625,48000,Mono,16,,361.98828125,1778097346.4757185,interior,False
586,03-01-08-01-01-01-11.wav,surprised,voice,voice,voice,voice,0,train,RAVDESS,3.069729166666667,48000,Mono,16,,333.8984375,1778097346.9349675,interior,False
587,03-01-08-01-01-01-12.wav,surprised,voice,voice,voice,voice,0,train,RAVDESS,3.536875,48000,Mono,16,,377.849609375,1778097347.4096644,interior,False
588,03-01-08-01-01-01-13.wav,surprised,voice,voice,voice,voice,0,train,RAVDESS,3.403395833333333,48000,Mono,16,,367.26953125,1778097347.8375595,interior,False
589,03-01-08-01-01-01-14.wav,surprised,voice,voice,voice,voice,0,train,RAVDESS,3.636979166666667,48000,Mono,16,,400.533203125,1778097348.2955744,interior,False
590,03-01-08-01-01-01-15.wav,surprised,voice,voice,voice,voice,0,train,RAVDESS,3.636979166666667,48000,Mono,16,,390.16796875,1778097348.722858,interior,False
591,03-01-08-01-01-01-16.wav,surprised,voice,voice,voice,voice,0,train,RAVDESS,3.536875,48000,Mono,16,,390.1640625,1778097349.201815,interior,False
592,03-01-08-01-01-01-17.wav,surprised,voice,voice,voice,voice,0,train,RAVDESS,3.403395833333333,48000,Mono,16,,367.673828125,1778097349.6723263,interior,False
593,03-01-08-01-01-01-18.wav,surprised,voice,voice,voice,voice,0,train,RAVDESS,3.3700208333333332,48000,Mono,16,,374.396484375,1778097350.1390884,interior,False
594,03-01-08-01-01-01-19.wav,surprised,voice,voice,voice,voice,0,train,RAVDESS,3.7370625,48000,Mono,16,,397.345703125,1778097350.6227677,interior,False
595,03-01-08-01-01-01-20.wav,surprised,voice,voice,voice,voice,0,train,RAVDESS,3.2365833333333334,48000,Mono,16,,361.986328125,1778097351.080932,interior,False
596,03-01-08-01-01-01-21.wav,surprised,voice,voice,voice,voice,0,train,RAVDESS,3.5035,48000,Mono,16,,386.357421875,1778097351.5737178,interior,False
597,03-01-08-01-01-01-22.wav,surprised,voice,voice,voice,voice,0,train,RAVDESS,3.536875,48000,Mono,16,,388.6640625,1778097352.0532093,interior,False
598,03-01-08-01-01-01-23.wav,surprised,voice,voice,voice,voice,0,train,RAVDESS,3.2699375,48000,Mono,16,,362.380859375,1778097352.4931955,interior,False
599,03-01-08-01-01-01-24.wav,surprised,voice,voice,voice,voice,0,train,RAVDESS,3.3033125,48000,Mono,16,,364.84375,1778097352.9506533,interior,False
600,03-01-08-01-01-02-01.wav,surprised,voice,voice,voice,voice,0,train,RAVDESS,3.2699166666666666,48000,Mono,16,,365.119140625,1778097342.4892206,interior,False
601,03-01-08-01-01-02-02.wav,surprised,voice,voice,voice,voice,0,train,RAVDESS,3.5368541666666666,48000,Mono,16,,391.13671875,1778097342.8635697,interior,False
602,03-01-08-01-01-02-03.wav,surprised,voice,voice,voice,voice,0,train,RAVDESS,3.370041666666667,48000,Mono,16,,364.447265625,1778097343.3308437,interior,False
603,03-01-08-01-01-02-04.wav,surprised,voice,voice,voice,voice,0,train,RAVDESS,3.3366666666666664,48000,Mono,16,,368.8828125,1778097343.7559378,interior,False
604,03-01-08-01-01-02-05.wav,surprised,voice,voice,voice,voice,0,train,RAVDESS,3.6703333333333332,48000,Mono,16,,392.3515625,1778097344.165473,interior,False
605,03-01-08-01-01-02-06.wav,surprised,voice,voice,voice,voice,0,train,RAVDESS,3.2365625,48000,Mono,16,,349.740234375,1778097344.5909035,interior,False
606,03-01-08-01-01-02-07.wav,surprised,voice,voice,voice,voice,0,train,RAVDESS,3.536875,48000,Mono,16,,379.8515625,1778097345.103299,interior,False
607,03-01-08-01-01-02-08.wav,surprised,voice,voice,voice,voice,0,train,RAVDESS,3.8037916666666667,48000,Mono,16,,392.845703125,1778097345.571237,interior,False
608,03-01-08-01-01-02-09.wav,surprised,voice,voice,voice,voice,0,train,RAVDESS,3.3366666666666664,48000,Mono,16,,358.974609375,1778097345.999783,interior,False
609,03-01-08-01-01-02-10.wav,surprised,voice,voice,voice,voice,0,train,RAVDESS,3.4034166666666668,48000,Mono,16,,377.630859375,1778097346.4905477,interior,False
610,03-01-08-01-01-02-11.wav,surprised,voice,voice,voice,voice,0,train,RAVDESS,3.136458333333333,48000,Mono,16,,340.16796875,1778097346.950656,interior,False
611,03-01-08-01-01-02-12.wav,surprised,voice,voice,voice,voice,0,train,RAVDESS,3.6369583333333333,48000,Mono,16,,387.232421875,1778097347.4168699,interior,False
612,03-01-08-01-01-02-13.wav,surprised,voice,voice,voice,voice,0,train,RAVDESS,3.136458333333333,48000,Mono,16,,342.267578125,1778097347.8534732,interior,False
613,03-01-08-01-01-02-14.wav,surprised,voice,voice,voice,voice,0,train,RAVDESS,3.57025,48000,Mono,16,,394.171875,1778097348.2955744,interior,False
614,03-01-08-01-01-02-15.wav,surprised,voice,voice,voice,voice,0,train,RAVDESS,3.4367708333333336,48000,Mono,16,,371.404296875,1778097348.7389207,interior,False
615,03-01-08-01-01-02-16.wav,surprised,voice,voice,voice,voice,0,train,RAVDESS,3.43675,48000,Mono,16,,380.78515625,1778097349.2063704,interior,False
616,03-01-08-01-01-02-17.wav,surprised,voice,voice,voice,voice,0,train,RAVDESS,3.6369583333333333,48000,Mono,16,,389.640625,1778097349.6880293,interior,False
617,03-01-08-01-01-02-18.wav,surprised,voice,voice,voice,voice,0,train,RAVDESS,3.5035,48000,Mono,16,,386.91015625,1778097350.1483445,interior,False
618,03-01-08-01-01-02-19.wav,surprised,voice,voice,voice,voice,0,train,RAVDESS,3.5368541666666666,48000,Mono,16,,378.576171875,1778097350.6227677,interior,False
619,03-01-08-01-01-02-20.wav,surprised,voice,voice,voice,voice,0,train,RAVDESS,3.57025,48000,Mono,16,,393.267578125,1778097351.0970354,interior,False
620,03-01-08-01-01-02-21.wav,surprised,voice,voice,voice,voice,0,train,RAVDESS,3.470125,48000,Mono,16,,383.228515625,1778097351.5737178,interior,False
621,03-01-08-01-01-02-22.wav,surprised,voice,voice,voice,voice,0,train,RAVDESS,3.5702291666666666,48000,Mono,16,,391.791015625,1778097352.0633464,interior,False
622,03-01-08-01-01-02-23.wav,surprised,voice,voice,voice,voice,0,train,RAVDESS,3.2365625,48000,Mono,16,,359.251953125,1778097352.4931955,interior,False
623,03-01-08-01-01-02-24.wav,surprised,voice,voice,voice,voice,0,train,RAVDESS,3.4701458333333335,48000,Mono,16,,380.498046875,1778097352.9663332,interior,False
624,03-01-08-01-02-01-01.wav,surprised,voice,voice,voice,voice,0,train,RAVDESS,3.536875,48000,Mono,16,,390.03125,1778097342.4892206,interior,False
625,03-01-08-01-02-01-02.wav,surprised,voice,voice,voice,voice,0,train,RAVDESS,3.6036041666666665,48000,Mono,16,,397.392578125,1778097342.867591,interior,False
626,03-01-08-01-02-01-03.wav,surprised,voice,voice,voice,voice,0,train,RAVDESS,3.2032083333333334,48000,Mono,16,,348.8046875,1778097343.342567,interior,False
627,03-01-08-01-02-01-04.wav,surprised,voice,voice,voice,voice,0,train,RAVDESS,3.6369583333333333,48000,Mono,16,,397.03515625,1778097343.7675939,interior,False
628,03-01-08-01-02-01-05.wav,surprised,voice,voice,voice,voice,0,train,RAVDESS,3.069729166666667,48000,Mono,16,,336.044921875,1778097344.1706681,interior,False
629,03-01-08-01-02-01-06.wav,surprised,voice,voice,voice,voice,0,train,RAVDESS,3.2032083333333334,48000,Mono,16,,346.61328125,1778097344.5909035,interior,False
630,03-01-08-01-02-01-07.wav,surprised,voice,voice,voice,voice,0,train,RAVDESS,3.4367708333333336,48000,Mono,16,,370.466796875,1778097345.110303,interior,False
631,03-01-08-01-02-01-08.wav,surprised,voice,voice,voice,voice,0,train,RAVDESS,3.7704375,48000,Mono,16,,389.71875,1778097345.574783,interior,False
632,03-01-08-01-02-01-09.wav,surprised,voice,voice,voice,voice,0,train,RAVDESS,3.4367708333333336,48000,Mono,16,,368.35546875,1778097345.999783,interior,False
633,03-01-08-01-02-01-10.wav,surprised,voice,voice,voice,voice,0,train,RAVDESS,3.5035,48000,Mono,16,,387.00390625,1778097346.4905477,interior,False
634,03-01-08-01-02-01-11.wav,surprised,voice,voice,voice,voice,0,train,RAVDESS,3.1698333333333335,48000,Mono,16,,343.296875,1778097346.950656,interior,False
635,03-01-08-01-02-01-12.wav,surprised,voice,voice,voice,voice,0,train,RAVDESS,3.5035,48000,Mono,16,,374.720703125,1778097347.4255583,interior,False
636,03-01-08-01-02-01-13.wav,surprised,voice,voice,voice,voice,0,train,RAVDESS,3.1364791666666667,48000,Mono,16,,342.26953125,1778097347.8534732,interior,False
637,03-01-08-01-02-01-14.wav,surprised,voice,voice,voice,voice,0,train,RAVDESS,3.2032083333333334,48000,Mono,16,,359.861328125,1778097348.3114996,interior,False
638,03-01-08-01-02-01-15.wav,surprised,voice,voice,voice,voice,0,train,RAVDESS,3.703708333333333,48000,Mono,16,,396.4296875,1778097348.7389207,interior,False
639,03-01-08-01-02-01-16.wav,surprised,voice,voice,voice,voice,0,train,RAVDESS,3.5035,48000,Mono,16,,387.03515625,1778097349.2130704,interior,False
640,03-01-08-01-02-01-17.wav,surprised,voice,voice,voice,voice,0,train,RAVDESS,3.370041666666667,48000,Mono,16,,364.625,1778097349.6880293,interior,False
641,03-01-08-01-02-01-18.wav,surprised,voice,voice,voice,voice,0,train,RAVDESS,3.5035,48000,Mono,16,,386.91015625,1778097350.1516683,interior,False
642,03-01-08-01-02-01-19.wav,surprised,voice,voice,voice,voice,0,train,RAVDESS,4.1040833333333335,48000,Mono,16,,431.75390625,1778097350.6385393,interior,False
643,03-01-08-01-02-01-20.wav,surprised,voice,voice,voice,voice,0,train,RAVDESS,3.1364791666666667,48000,Mono,16,,352.6015625,1778097351.0970354,interior,False
644,03-01-08-01-02-01-21.wav,surprised,voice,voice,voice,voice,0,train,RAVDESS,3.4701458333333335,48000,Mono,16,,383.23046875,1778097351.5894017,interior,False
645,03-01-08-01-02-01-22.wav,surprised,voice,voice,voice,voice,0,train,RAVDESS,3.4367708333333336,48000,Mono,16,,379.275390625,1778097352.0633464,interior,False
646,03-01-08-01-02-01-23.wav,surprised,voice,voice,voice,voice,0,train,RAVDESS,3.3032916666666665,48000,Mono,16,,365.5078125,1778097352.5073066,interior,False
647,03-01-08-01-02-01-24.wav,surprised,voice,voice,voice,voice,0,train,RAVDESS,3.370041666666667,48000,Mono,16,,371.099609375,1778097352.982039,interior,False
648,03-01-08-01-02-02-01.wav,surprised,voice,voice,voice,voice,0,train,RAVDESS,3.2699166666666666,48000,Stereo,16,,671.66015625,1778097342.503199,interior,False
649,03-01-08-01-02-02-02.wav,surprised,voice,voice,voice,voice,0,train,RAVDESS,3.536875,48000,Mono,16,,391.13671875,1778097342.867591,interior,False
650,03-01-08-01-02-02-03.wav,surprised,voice,voice,voice,voice,0,train,RAVDESS,3.5702291666666666,48000,Mono,16,,383.212890625,1778097343.342567,interior,False
651,03-01-08-01-02-02-04.wav,surprised,voice,voice,voice,voice,0,train,RAVDESS,3.43675,48000,Mono,16,,378.263671875,1778097343.7749841,interior,False
652,03-01-08-01-02-02-05.wav,surprised,voice,voice,voice,voice,0,train,RAVDESS,3.7036875,48000,Mono,16,,395.478515625,1778097344.1706681,interior,False
653,03-01-08-01-02-02-06.wav,surprised,voice,voice,voice,voice,0,train,RAVDESS,3.136458333333333,48000,Mono,16,,340.35546875,1778097344.6066236,interior,False
654,03-01-08-01-02-02-07.wav,surprised,voice,voice,voice,voice,0,train,RAVDESS,3.4367708333333336,48000,Mono,16,,370.466796875,1778097345.1171706,interior,False
655,03-01-08-01-02-02-08.wav,surprised,voice,voice,voice,voice,0,train,RAVDESS,3.536875,48000,Mono,16,,368.48828125,1778097345.5823078,interior,False
656,03-01-08-01-02-02-09.wav,surprised,voice,voice,voice,voice,0,train,RAVDESS,3.43675,48000,Mono,16,,368.357421875,1778097346.0159404,interior,False
657,03-01-08-01-02-02-10.wav,surprised,voice,voice,voice,voice,0,train,RAVDESS,3.470125,48000,Mono,16,,383.884765625,1778097346.4905477,interior,False
658,03-01-08-01-02-02-11.wav,surprised,voice,voice,voice,voice,0,train,RAVDESS,2.969625,48000,Mono,16,,324.52734375,1778097346.9664223,interior,False
659,03-01-08-01-02-02-12.wav,surprised,voice,voice,voice,voice,0,train,RAVDESS,3.6036041666666665,48000,Mono,16,,384.10546875,1778097347.4255583,interior,False
660,03-01-08-01-02-02-13.wav,surprised,voice,voice,voice,voice,0,train,RAVDESS,3.036375,48000,Mono,16,,332.884765625,1778097347.8691652,interior,False
661,03-01-08-01-02-02-14.wav,surprised,voice,voice,voice,voice,0,train,RAVDESS,3.3032916666666665,48000,Mono,16,,369.25,1778097348.3114996,interior,False
662,03-01-08-01-02-02-15.wav,surprised,voice,voice,voice,voice,0,train,RAVDESS,3.370041666666667,48000,Mono,16,,365.1484375,1778097348.7549973,interior,False
663,03-01-08-01-02-02-16.wav,surprised,voice,voice,voice,voice,0,train,RAVDESS,3.4367708333333336,48000,Mono,16,,380.787109375,1778097349.2130704,interior,False
664,03-01-08-01-02-02-17.wav,surprised,voice,voice,voice,voice,0,train,RAVDESS,3.4367708333333336,48000,Mono,16,,370.880859375,1778097349.703799,interior,False
665,03-01-08-01-02-02-18.wav,surprised,voice,voice,voice,voice,0,train,RAVDESS,3.5035,48000,Mono,16,,386.91015625,1778097350.1516683,interior,False
666,03-01-08-01-02-02-19.wav,surprised,voice,voice,voice,voice,0,train,RAVDESS,3.06975,48000,Mono,16,,334.78515625,1778097350.6542802,interior,False
667,03-01-08-01-02-02-20.wav,surprised,voice,voice,voice,voice,0,train,RAVDESS,3.2031875,48000,Mono,16,,358.85546875,1778097351.1129265,interior,False
668,03-01-08-01-02-02-21.wav,surprised,voice,voice,voice,voice,0,train,RAVDESS,3.5702291666666666,48000,Mono,16,,392.61328125,1778097351.5894017,interior,False
669,03-01-08-01-02-02-22.wav,surprised,voice,voice,voice,voice,0,train,RAVDESS,3.6036041666666665,48000,Mono,16,,394.91015625,1778097352.074224,interior,False
670,03-01-08-01-02-02-23.wav,surprised,voice,voice,voice,voice,0,train,RAVDESS,3.3033125,48000,Mono,16,,365.509765625,1778097352.5073066,interior,False
671,03-01-08-01-02-02-24.wav,surprised,voice,voice,voice,voice,0,train,RAVDESS,3.403395833333333,48000,Mono,16,,374.2265625,1778097352.982039,interior,False
672,03-01-08-02-01-01-01.wav,surprised,voice,voice,voice,voice,0,train,RAVDESS,3.43675,48000,Mono,16,,380.759765625,1778097342.503199,interior,False
673,03-01-08-02-01-01-02.wav,surprised,voice,voice,voice,voice,0,train,RAVDESS,3.7370625,48000,Mono,16,,409.904296875,1778097342.883327,interior,False
674,03-01-08-02-01-01-03.wav,surprised,voice,voice,voice,voice,0,train,RAVDESS,3.2699375,48000,Mono,16,,355.0625,1778097343.3582835,interior,False
675,03-01-08-02-01-01-04.wav,surprised,voice,voice,voice,voice,0,train,RAVDESS,3.6703333333333332,48000,Mono,16,,400.173828125,1778097343.783262,interior,False
676,03-01-08-02-01-01-05.wav,surprised,voice,voice,voice,voice,0,train,RAVDESS,4.137479166666667,48000,Mono,16,,436.146484375,1778097344.179361,interior,False
677,03-01-08-02-01-01-06.wav,surprised,voice,voice,voice,voice,0,train,RAVDESS,3.2365625,48000,Mono,16,,349.740234375,1778097344.6066236,interior,False
678,03-01-08-02-01-01-07.wav,surprised,voice,voice,voice,voice,0,train,RAVDESS,3.8705416666666665,48000,Mono,16,,411.140625,1778097345.1240737,interior,False
679,03-01-08-02-01-01-08.wav,surprised,voice,voice,voice,voice,0,train,RAVDESS,3.8371666666666666,48000,Mono,16,,395.978515625,1778097345.5871735,interior,False
680,03-01-08-02-01-01-09.wav,surprised,voice,voice,voice,voice,0,train,RAVDESS,3.3032916666666665,48000,Mono,16,,355.845703125,1778097346.0159404,interior,False
681,03-01-08-02-01-01-10.wav,surprised,voice,voice,voice,voice,0,train,RAVDESS,3.5035,48000,Mono,16,,387.013671875,1778097346.5064094,interior,False
682,03-01-08-02-01-01-11.wav,surprised,voice,voice,voice,voice,0,train,RAVDESS,3.069729166666667,48000,Mono,16,,333.912109375,1778097346.9664223,interior,False
683,03-01-08-02-01-01-12.wav,surprised,voice,voice,voice,voice,0,train,RAVDESS,3.7036875,48000,Mono,16,,393.48828125,1778097347.4412901,interior,False
684,03-01-08-02-01-01-13.wav,surprised,voice,voice,voice,voice,0,train,RAVDESS,3.3366666666666664,48000,Mono,16,,361.015625,1778097347.8691652,interior,False
685,03-01-08-02-01-01-14.wav,surprised,voice,voice,voice,voice,0,train,RAVDESS,3.970625,48000,Mono,16,,431.806640625,1778097348.3114996,interior,False
686,03-01-08-02-01-01-15.wav,surprised,voice,voice,voice,voice,0,train,RAVDESS,3.3700208333333332,48000,Mono,16,,365.142578125,1778097348.7549973,interior,False
687,03-01-08-02-01-01-16.wav,surprised,voice,voice,voice,voice,0,train,RAVDESS,3.536875,48000,Mono,16,,390.16796875,1778097349.229123,interior,False
688,03-01-08-02-01-01-17.wav,surprised,voice,voice,voice,voice,0,train,RAVDESS,3.536875,48000,Mono,16,,380.244140625,1778097349.7142165,interior,False
689,03-01-08-02-01-01-18.wav,surprised,voice,voice,voice,voice,0,train,RAVDESS,3.636979166666667,48000,Mono,16,,399.416015625,1778097350.1640775,interior,False
690,03-01-08-02-01-01-19.wav,surprised,voice,voice,voice,voice,0,train,RAVDESS,4.104104166666667,48000,Mono,16,,431.751953125,1778097350.6542802,interior,False
691,03-01-08-02-01-01-20.wav,surprised,voice,voice,voice,voice,0,train,RAVDESS,3.7370625,48000,Mono,16,,408.90625,1778097351.1129265,interior,False
692,03-01-08-02-01-01-21.wav,surprised,voice,voice,voice,voice,0,train,RAVDESS,3.6369583333333333,48000,Mono,16,,398.8828125,1778097351.6060424,interior,False
693,03-01-08-02-01-01-22.wav,surprised,voice,voice,voice,voice,0,train,RAVDESS,3.5702291666666666,48000,Mono,16,,391.791015625,1778097352.085041,interior,False
694,03-01-08-02-01-01-23.wav,surprised,voice,voice,voice,voice,0,train,RAVDESS,3.5035,48000,Mono,16,,384.27734375,1778097352.5231576,interior,False
695,03-01-08-02-01-01-24.wav,surprised,voice,voice,voice,voice,0,train,RAVDESS,3.9372708333333333,48000,Mono,16,,424.01953125,1778097352.9977384,interior,False
696,03-01-08-02-01-02-01.wav,surprised,voice,voice,voice,voice,0,train,RAVDESS,3.5702291666666666,48000,Mono,16,,393.2734375,1778097342.503199,interior,False
697,03-01-08-02-01-02-02.wav,surprised,voice,voice,voice,voice,0,train,RAVDESS,3.7704375,48000,Mono,16,,413.033203125,1778097342.8914642,interior,False
698,03-01-08-02-01-02-03.wav,surprised,voice,voice,voice,voice,0,train,RAVDESS,3.6036041666666665,48000,Mono,16,,386.34375,1778097343.3652773,interior,False
699,03-01-08-02-01-02-04.wav,surprised,voice,voice,voice,voice,0,train,RAVDESS,3.5702291666666666,48000,Mono,16,,390.7890625,1778097343.783262,interior,False
700,03-01-08-02-01-02-05.wav,surprised,voice,voice,voice,voice,0,train,RAVDESS,4.104104166666667,48000,Mono,16,,433.017578125,1778097344.179361,interior,False
701,03-01-08-02-01-02-06.wav,surprised,voice,voice,voice,voice,0,train,RAVDESS,3.370041666666667,48000,Mono,16,,362.25390625,1778097344.6184545,interior,False
702,03-01-08-02-01-02-07.wav,surprised,voice,voice,voice,voice,0,train,RAVDESS,3.6369583333333333,48000,Mono,16,,389.2421875,1778097345.1318138,interior,False
703,03-01-08-02-01-02-08.wav,surprised,voice,voice,voice,voice,0,train,RAVDESS,3.7036875,48000,Mono,16,,383.46484375,1778097345.5871735,interior,False
704,03-01-08-02-01-02-09.wav,surprised,voice,voice,voice,voice,0,train,RAVDESS,3.2699375,48000,Mono,16,,352.71875,1778097346.0317862,interior,False
705,03-01-08-02-01-02-10.wav,surprised,voice,voice,voice,voice,0,train,RAVDESS,3.403395833333333,48000,Mono,16,,377.62890625,1778097346.5226645,interior,False
706,03-01-08-02-01-02-11.wav,surprised,voice,voice,voice,voice,0,train,RAVDESS,3.1031041666666668,48000,Mono,16,,337.041015625,1778097346.9823253,interior,False
707,03-01-08-02-01-02-12.wav,surprised,voice,voice,voice,voice,0,train,RAVDESS,3.7370625,48000,Mono,16,,396.6171875,1778097347.4432974,interior,False
708,03-01-08-02-01-02-13.wav,surprised,voice,voice,voice,voice,0,train,RAVDESS,3.3032916666666665,48000,Mono,16,,357.908203125,1778097347.8848403,interior,False
709,03-01-08-02-01-02-14.wav,surprised,voice,voice,voice,voice,0,train,RAVDESS,3.703708333333333,48000,Mono,16,,406.783203125,1778097348.3275623,interior,False
710,03-01-08-02-01-02-15.wav,surprised,voice,voice,voice,voice,0,train,RAVDESS,3.3032916666666665,48000,Mono,16,,358.888671875,1778097348.7549973,interior,False
711,03-01-08-02-01-02-16.wav,surprised,voice,voice,voice,voice,0,train,RAVDESS,3.5368541666666666,48000,Mono,16,,390.169921875,1778097349.2343185,interior,False
712,03-01-08-02-01-02-17.wav,surprised,voice,voice,voice,voice,0,train,RAVDESS,3.6703333333333332,48000,Mono,16,,392.775390625,1778097349.7198906,interior,False
713,03-01-08-02-01-02-18.wav,surprised,voice,voice,voice,voice,0,train,RAVDESS,3.536875,48000,Mono,16,,390.03125,1778097350.1731596,interior,False
714,03-01-08-02-01-02-19.wav,surprised,voice,voice,voice,voice,0,train,RAVDESS,4.637979166666667,48000,Mono,16,,481.802734375,1778097350.6701405,interior,False
715,03-01-08-02-01-02-20.wav,surprised,voice,voice,voice,voice,0,train,RAVDESS,3.2365833333333334,48000,Mono,16,,361.986328125,1778097351.1290073,interior,False
716,03-01-08-02-01-02-21.wav,surprised,voice,voice,voice,voice,0,train,RAVDESS,3.636979166666667,48000,Mono,16,,398.884765625,1778097351.6100123,interior,False
717,03-01-08-02-01-02-22.wav,surprised,voice,voice,voice,voice,0,train,RAVDESS,3.7370833333333335,48000,Mono,16,,407.439453125,1778097352.095024,interior,False
718,03-01-08-02-01-02-23.wav,surprised,voice,voice,voice,voice,0,train,RAVDESS,3.3700208333333332,48000,Mono,16,,371.763671875,1778097352.5231576,interior,False
719,03-01-08-02-01-02-24.wav,surprised,voice,voice,voice,voice,0,train,RAVDESS,3.970625,48000,Mono,16,,427.41796875,1778097352.9977384,interior,False
720,03-01-08-02-02-01-01.wav,surprised,voice,voice,voice,voice,0,train,RAVDESS,3.5035,48000,Mono,16,,387.017578125,1778097342.5208533,interior,False
721,03-01-08-02-02-01-02.wav,surprised,voice,voice,voice,voice,0,train,RAVDESS,3.7370833333333335,48000,Mono,16,,409.90625,1778097342.8988173,interior,False
722,03-01-08-02-02-01-03.wav,surprised,voice,voice,voice,voice,0,train,RAVDESS,3.5035,48000,Mono,16,,376.958984375,1778097343.3743057,interior,False
723,03-01-08-02-02-01-04.wav,surprised,voice,voice,voice,voice,0,train,RAVDESS,3.470125,48000,Mono,16,,381.392578125,1778097343.783262,interior,False
724,03-01-08-02-02-01-05.wav,surprised,voice,voice,voice,voice,0,train,RAVDESS,3.6703333333333332,48000,Mono,16,,392.3515625,1778097344.1973152,interior,False
725,03-01-08-02-02-01-06.wav,surprised,voice,voice,voice,voice,0,train,RAVDESS,3.3033125,48000,Mono,16,,355.99609375,1778097344.622365,interior,False
726,03-01-08-02-02-01-07.wav,surprised,voice,voice,voice,voice,0,train,RAVDESS,3.4367708333333336,48000,Mono,16,,369.2578125,1778097345.1383448,interior,False
727,03-01-08-02-02-01-08.wav,surprised,voice,voice,voice,voice,0,train,RAVDESS,3.8037916666666667,48000,Mono,16,,392.849609375,1778097345.6028109,interior,False
728,03-01-08-02-02-01-09.wav,surprised,voice,voice,voice,voice,0,train,RAVDESS,3.403395833333333,48000,Mono,16,,365.23046875,1778097346.0317862,interior,False
729,03-01-08-02-02-01-10.wav,surprised,voice,voice,voice,voice,0,train,RAVDESS,3.6369583333333333,48000,Mono,16,,399.53125,1778097346.5226645,interior,False
730,03-01-08-02-02-01-11.wav,surprised,voice,voice,voice,voice,0,train,RAVDESS,3.069729166666667,48000,Mono,16,,333.912109375,1778097346.9823253,interior,False
731,03-01-08-02-02-01-12.wav,surprised,voice,voice,voice,voice,0,train,RAVDESS,3.7370625,48000,Mono,16,,396.609375,1778097347.457249,interior,False
732,03-01-08-02-02-01-13.wav,surprised,voice,voice,voice,voice,0,train,RAVDESS,3.3366666666666664,48000,Mono,16,,361.037109375,1778097347.8848403,interior,False
733,03-01-08-02-02-01-14.wav,surprised,voice,voice,voice,voice,0,train,RAVDESS,3.703708333333333,48000,Mono,16,,406.78125,1778097348.3275623,interior,False
734,03-01-08-02-02-01-15.wav,surprised,voice,voice,voice,voice,0,train,RAVDESS,3.2032083333333334,48000,Mono,16,,349.505859375,1778097348.7707636,interior,False
735,03-01-08-02-02-01-16.wav,surprised,voice,voice,voice,voice,0,train,RAVDESS,3.57025,48000,Mono,16,,393.30078125,1778097349.2448654,interior,False
736,03-01-08-02-02-01-17.wav,surprised,voice,voice,voice,voice,0,train,RAVDESS,3.4367708333333336,48000,Mono,16,,370.87890625,1778097349.7198906,interior,False
737,03-01-08-02-02-01-18.wav,surprised,voice,voice,voice,voice,0,train,RAVDESS,3.8705416666666665,48000,Mono,16,,421.3203125,1778097350.181959,interior,False
738,03-01-08-02-02-01-19.wav,surprised,voice,voice,voice,voice,0,train,RAVDESS,3.2365833333333334,48000,Mono,16,,350.416015625,1778097350.6776245,interior,False
739,03-01-08-02-02-01-20.wav,surprised,voice,voice,voice,voice,0,train,RAVDESS,3.5368541666666666,48000,Mono,16,,390.13671875,1778097351.1290073,interior,False
740,03-01-08-02-02-01-21.wav,surprised,voice,voice,voice,voice,0,train,RAVDESS,3.4701458333333335,48000,Mono,16,,383.236328125,1778097351.6207857,interior,False
741,03-01-08-02-02-01-22.wav,surprised,voice,voice,voice,voice,0,train,RAVDESS,3.703708333333333,48000,Mono,16,,404.3046875,1778097352.0977914,interior,False
742,03-01-08-02-02-01-23.wav,surprised,voice,voice,voice,voice,0,train,RAVDESS,3.3366666666666664,48000,Mono,16,,368.615234375,1778097352.5387368,interior,False
743,03-01-08-02-02-01-24.wav,surprised,voice,voice,voice,voice,0,train,RAVDESS,3.6703333333333332,48000,Mono,16,,399.265625,1778097353.0134346,interior,False
744,03-01-08-02-02-02-01.wav,surprised,voice,voice,voice,voice,0,train,RAVDESS,3.2699375,48000,Mono,16,,365.12109375,1778097342.5208533,interior,False
745,03-01-08-02-02-02-02.wav,surprised,voice,voice,voice,voice,0,train,RAVDESS,3.8038125,48000,Mono,16,,416.162109375,1778097342.8988173,interior,False
746,03-01-08-02-02-02-03.wav,surprised,voice,voice,voice,voice,0,train,RAVDESS,3.2365625,48000,Mono,16,,351.93359375,1778097343.3743057,interior,False
747,03-01-08-02-02-02-04.wav,surprised,voice,voice,voice,voice,0,train,RAVDESS,3.5368541666666666,48000,Mono,16,,387.66015625,1778097343.7992969,interior,False
748,03-01-08-02-02-02-05.wav,surprised,voice,voice,voice,voice,0,train,RAVDESS,3.536875,48000,Mono,16,,379.83984375,1778097344.1973152,interior,False
749,03-01-08-02-02-02-06.wav,surprised,voice,voice,voice,voice,0,train,RAVDESS,3.2032083333333334,48000,Mono,16,,345.9453125,1778097344.622365,interior,False
750,03-01-08-02-02-02-07.wav,surprised,voice,voice,voice,voice,0,train,RAVDESS,3.470125,48000,Mono,16,,374.19140625,1778097345.1501055,interior,False
751,03-01-08-02-02-02-08.wav,surprised,voice,voice,voice,voice,0,train,RAVDESS,3.8705416666666665,48000,Mono,16,,399.107421875,1778097345.6028109,interior,False
752,03-01-08-02-02-02-09.wav,surprised,voice,voice,voice,voice,0,train,RAVDESS,3.43675,48000,Mono,16,,368.357421875,1778097346.0317862,interior,False
753,03-01-08-02-02-02-10.wav,surprised,voice,voice,voice,voice,0,train,RAVDESS,3.5035,48000,Mono,16,,387.02734375,1778097346.5378976,interior,False
754,03-01-08-02-02-02-11.wav,surprised,voice,voice,voice,voice,0,train,RAVDESS,3.069729166666667,48000,Mono,16,,335.880859375,1778097346.99827,interior,False
755,03-01-08-02-02-02-12.wav,surprised,voice,voice,voice,voice,0,train,RAVDESS,3.6703333333333332,48000,Mono,16,,390.361328125,1778097347.457249,interior,False
756,03-01-08-02-02-02-13.wav,surprised,voice,voice,voice,voice,0,train,RAVDESS,3.3032916666666665,48000,Mono,16,,356.74609375,1778097347.9005466,interior,False
757,03-01-08-02-02-02-14.wav,surprised,voice,voice,voice,voice,0,train,RAVDESS,3.7370625,48000,Mono,16,,409.91015625,1778097348.343326,interior,False
758,03-01-08-02-02-02-15.wav,surprised,voice,voice,voice,voice,0,train,RAVDESS,3.3366666666666664,48000,Mono,16,,362.017578125,1778097348.7707636,interior,False
759,03-01-08-02-02-02-16.wav,surprised,voice,voice,voice,voice,0,train,RAVDESS,3.5702291666666666,48000,Mono,16,,393.298828125,1778097349.2486289,interior,False
760,03-01-08-02-02-02-17.wav,surprised,voice,voice,voice,voice,0,train,RAVDESS,3.5368541666666666,48000,Mono,16,,380.26171875,1778097349.7379265,interior,False
761,03-01-08-02-02-02-18.wav,surprised,voice,voice,voice,voice,0,train,RAVDESS,3.6369583333333333,48000,Mono,16,,399.421875,1778097350.181959,interior,False
762,03-01-08-02-02-02-19.wav,surprised,voice,voice,voice,voice,0,train,RAVDESS,3.2699375,48000,Mono,16,,353.54296875,1778097350.6857922,interior,False
763,03-01-08-02-02-02-20.wav,surprised,voice,voice,voice,voice,0,train,RAVDESS,3.4367708333333336,48000,Mono,16,,380.75390625,1778097351.1447134,interior,False
764,03-01-08-02-02-02-21.wav,surprised,voice,voice,voice,voice,0,train,RAVDESS,3.536875,48000,Mono,16,,389.5,1778097351.6365533,interior,False
765,03-01-08-02-02-02-22.wav,surprised,voice,voice,voice,voice,0,train,RAVDESS,3.6369583333333333,48000,Mono,16,,398.046875,1778097352.0977914,interior,False
766,03-01-08-02-02-02-23.wav,surprised,voice,voice,voice,voice,0,train,RAVDESS,3.3032916666666665,48000,Mono,16,,365.5078125,1778097352.5387368,interior,False
767,03-01-08-02-02-02-24.wav,surprised,voice,voice,voice,voice,0,train,RAVDESS,3.6369583333333333,48000,Mono,16,,396.13671875,1778097353.0134346,interior,False
