"audio","label","labels","human_label","human_labels","path"
"255850.wav","/m/07pp_mv","[""/m/0242l"", ""/m/07pp_mv"", ""/t/dd00071""]","alarm","[""Coin_(dropping)"", ""Domestic_sounds_and_home_sounds"", ""alarm""]","audios/train\255850.wav"
"87315.wav","/m/02mk9","[""/m/0242l"", ""/m/07pbtc8"", ""/m/01s0vc"", ""/m/01h8n0"", ""/m/01bjv"", ""/m/07pp_mv"", ""/m/02mk9"", ""/t/dd00071"", ""/m/09x0r"", ""/m/09l8g"", ""/m/012f08"", ""/m/07yv9""]","engine","[""Walk_and_footsteps"", ""Zipper_(clothing)"", ""alarm"", ""Domestic_sounds_and_home_sounds"", ""Bus"", ""Coin_(dropping)"", ""Motor_vehicle_(road)"", ""Speech"", ""Human_voice"", ""engine"", ""Conversation"", ""Vehicle""]","audios/train\87315.wav"
"403457.wav","/m/0912c9","[""/m/0912c9"", ""/m/0k4j"", ""/m/012f08"", ""/m/07yv9"", ""/m/07pp_mv""]","car_horn","[""alarm"", ""Car"", ""Motor_vehicle_(road)"", ""Vehicle"", ""car_horn""]","audios/train\403457.wav"
"402958.wav","/m/0912c9","[""/m/0912c9"", ""/m/0k4j"", ""/m/012f08"", ""/m/07yv9"", ""/m/07pp_mv""]","car_horn","[""alarm"", ""Car"", ""Motor_vehicle_(road)"", ""Vehicle"", ""car_horn""]","audios/train\402958.wav"
"425496.wav","/m/0912c9","[""/m/0912c9"", ""/m/0k4j"", ""/m/012f08"", ""/m/07yv9"", ""/m/07pp_mv""]","car_horn","[""alarm"", ""Car"", ""Motor_vehicle_(road)"", ""Vehicle"", ""car_horn""]","audios/train\425496.wav"
"66585.wav","/m/0912c9","[""/m/0912c9"", ""/m/0k4j"", ""/m/012f08"", ""/m/07yv9"", ""/m/07pp_mv""]","car_horn","[""alarm"", ""Car"", ""Motor_vehicle_(road)"", ""Vehicle"", ""car_horn""]","audios/train\66585.wav"
"66586.wav","/m/0912c9","[""/m/0912c9"", ""/m/0k4j"", ""/m/012f08"", ""/m/07yv9"", ""/m/07pp_mv""]","car_horn","[""alarm"", ""Car"", ""Motor_vehicle_(road)"", ""Vehicle"", ""car_horn""]","audios/train\66586.wav"
"29724.wav","/m/0912c9","[""/m/0912c9"", ""/m/0k4j"", ""/m/012f08"", ""/m/07yv9"", ""/m/07pp_mv""]","car_horn","[""alarm"", ""Car"", ""Motor_vehicle_(road)"", ""Vehicle"", ""car_horn""]","audios/train\29724.wav"
"427039.wav","/m/0912c9","[""/m/0912c9"", ""/m/0k4j"", ""/m/012f08"", ""/m/07yv9"", ""/m/07pp_mv""]","car_horn","[""alarm"", ""Car"", ""Motor_vehicle_(road)"", ""Vehicle"", ""car_horn""]","audios/train\427039.wav"
"83488.wav","/m/0912c9","[""/m/0912c9"", ""/m/0k4j"", ""/m/012f08"", ""/m/07yv9"", ""/m/07pp_mv""]","car_horn","[""alarm"", ""Car"", ""Motor_vehicle_(road)"", ""Vehicle"", ""car_horn""]","audios/train\83488.wav"
"184355.wav","/m/0912c9","[""/m/0912c9"", ""/m/0k4j"", ""/m/012f08"", ""/m/07yv9"", ""/m/07pp_mv""]","car_horn","[""alarm"", ""Car"", ""Motor_vehicle_(road)"", ""Vehicle"", ""car_horn""]","audios/train\184355.wav"
"254507.wav","/m/0912c9","[""/m/0912c9"", ""/m/012f08"", ""/m/0k4j"", ""/m/07yv9"", ""/m/07pp_mv""]","car_horn","[""alarm"", ""Car"", ""Motor_vehicle_(road)"", ""Vehicle"", ""car_horn""]","audios/train\254507.wav"
"352305.wav","/m/0912c9","[""/m/0912c9"", ""/m/0k4j"", ""/m/012f08"", ""/m/07yv9"", ""/m/07pp_mv""]","car_horn","[""alarm"", ""Car"", ""Motor_vehicle_(road)"", ""Vehicle"", ""car_horn""]","audios/train\352305.wav"
"68657.wav","/m/0912c9","[""/m/0912c9"", ""/m/0k4j"", ""/m/012f08"", ""/m/07yv9"", ""/m/07pp_mv""]","car_horn","[""alarm"", ""Car"", ""Motor_vehicle_(road)"", ""Vehicle"", ""car_horn""]","audios/train\68657.wav"
"26176.wav","/m/0912c9","[""/m/0btp2"", ""/m/0912c9"", ""/m/0k4j"", ""/m/012f08"", ""/m/07yv9"", ""/m/07pp_mv""]","car_horn","[""alarm"", ""Vehicle"", ""Car"", ""traffic_noise"", ""Motor_vehicle_(road)"", ""car_horn""]","audios/train\26176.wav"
"26177.wav","/m/0912c9","[""/m/0btp2"", ""/m/0912c9"", ""/m/0k4j"", ""/m/012f08"", ""/m/07yv9"", ""/m/07pp_mv""]","car_horn","[""alarm"", ""Vehicle"", ""Car"", ""traffic_noise"", ""Motor_vehicle_(road)"", ""car_horn""]","audios/train\26177.wav"
"125520.wav","/m/0912c9","[""/m/0912c9"", ""/m/0k4j"", ""/m/012f08"", ""/m/07yv9"", ""/m/07pp_mv""]","car_horn","[""alarm"", ""Car"", ""Motor_vehicle_(road)"", ""Vehicle"", ""car_horn""]","audios/train\125520.wav"
"322129.wav","/m/0912c9","[""/m/0912c9"", ""/m/0k4j"", ""/m/012f08"", ""/m/07yv9"", ""/m/07pp_mv""]","car_horn","[""alarm"", ""Car"", ""Motor_vehicle_(road)"", ""Vehicle"", ""car_horn""]","audios/train\322129.wav"
"322130.wav","/m/0912c9","[""/m/0912c9"", ""/m/0k4j"", ""/m/012f08"", ""/m/07yv9"", ""/m/07pp_mv""]","car_horn","[""alarm"", ""Car"", ""Motor_vehicle_(road)"", ""Vehicle"", ""car_horn""]","audios/train\322130.wav"
"19026.wav","/m/0912c9","[""/m/0912c9"", ""/m/0k4j"", ""/m/012f08"", ""/m/07yv9"", ""/m/07pp_mv""]","car_horn","[""alarm"", ""Car"", ""Motor_vehicle_(road)"", ""Vehicle"", ""car_horn""]","audios/train\19026.wav"
"371833.wav","/m/0912c9","[""/m/0912c9"", ""/m/0k4j"", ""/m/012f08"", ""/m/07yv9"", ""/m/07pp_mv""]","car_horn","[""alarm"", ""Car"", ""Motor_vehicle_(road)"", ""Vehicle"", ""car_horn""]","audios/train\371833.wav"
"371853.wav","/m/0912c9","[""/m/0912c9"", ""/m/0k4j"", ""/m/012f08"", ""/m/07yv9"", ""/m/07pp_mv""]","car_horn","[""alarm"", ""Car"", ""Motor_vehicle_(road)"", ""Vehicle"", ""car_horn""]","audios/train\371853.wav"
"179858.wav","/m/0912c9","[""/m/0912c9"", ""/m/0k4j"", ""/m/012f08"", ""/m/07yv9"", ""/m/07pp_mv""]","car_horn","[""alarm"", ""Car"", ""Motor_vehicle_(road)"", ""Vehicle"", ""car_horn""]","audios/train\179858.wav"
"179860.wav","/m/0912c9","[""/m/0btp2"", ""/m/0912c9"", ""/m/0k4j"", ""/m/012f08"", ""/m/07yv9"", ""/m/07pp_mv""]","car_horn","[""alarm"", ""Vehicle"", ""Car"", ""traffic_noise"", ""Motor_vehicle_(road)"", ""car_horn""]","audios/train\179860.wav"
"179861.wav","/m/0912c9","[""/m/0btp2"", ""/m/0912c9"", ""/m/0k4j"", ""/m/012f08"", ""/m/07yv9"", ""/m/07pp_mv""]","car_horn","[""alarm"", ""Vehicle"", ""Car"", ""traffic_noise"", ""Motor_vehicle_(road)"", ""car_horn""]","audios/train\179861.wav"
"179862.wav","/m/0912c9","[""/m/0btp2"", ""/m/0912c9"", ""/m/0k4j"", ""/m/012f08"", ""/m/07yv9"", ""/m/07pp_mv""]","car_horn","[""alarm"", ""Vehicle"", ""Car"", ""traffic_noise"", ""Motor_vehicle_(road)"", ""car_horn""]","audios/train\179862.wav"
"179863.wav","/m/0912c9","[""/m/0btp2"", ""/m/0912c9"", ""/m/0k4j"", ""/m/012f08"", ""/m/07yv9"", ""/m/07pp_mv""]","car_horn","[""alarm"", ""Vehicle"", ""Car"", ""traffic_noise"", ""Motor_vehicle_(road)"", ""car_horn""]","audios/train\179863.wav"
"179864.wav","/m/0912c9","[""/m/0btp2"", ""/m/0912c9"", ""/m/0k4j"", ""/m/012f08"", ""/m/07yv9"", ""/m/07pp_mv""]","car_horn","[""alarm"", ""Vehicle"", ""Car"", ""traffic_noise"", ""Motor_vehicle_(road)"", ""car_horn""]","audios/train\179864.wav"
"179865.wav","/m/0912c9","[""/m/0btp2"", ""/m/0912c9"", ""/m/0k4j"", ""/m/012f08"", ""/m/07yv9"", ""/m/07pp_mv""]","car_horn","[""alarm"", ""Vehicle"", ""Car"", ""traffic_noise"", ""Motor_vehicle_(road)"", ""car_horn""]","audios/train\179865.wav"
"379034.wav","/m/0912c9","[""/m/0912c9"", ""/m/0k4j"", ""/m/012f08"", ""/m/07yv9"", ""/m/07pp_mv""]","car_horn","[""alarm"", ""Car"", ""Motor_vehicle_(road)"", ""Vehicle"", ""car_horn""]","audios/train\379034.wav"
"179867.wav","/m/0912c9","[""/m/0btp2"", ""/m/0912c9"", ""/m/0k4j"", ""/m/012f08"", ""/m/07yv9"", ""/m/07pp_mv""]","car_horn","[""alarm"", ""Vehicle"", ""Car"", ""traffic_noise"", ""Motor_vehicle_(road)"", ""car_horn""]","audios/train\179867.wav"
"424604.wav","/m/0912c9","[""/m/0912c9"", ""/m/0k4j"", ""/m/012f08"", ""/m/07yv9"", ""/m/07pp_mv""]","car_horn","[""alarm"", ""Car"", ""Motor_vehicle_(road)"", ""Vehicle"", ""car_horn""]","audios/train\424604.wav"
"424603.wav","/m/0912c9","[""/m/0912c9"", ""/m/0k4j"", ""/m/012f08"", ""/m/07yv9"", ""/m/07pp_mv""]","car_horn","[""alarm"", ""Car"", ""Motor_vehicle_(road)"", ""Vehicle"", ""car_horn""]","audios/train\424603.wav"
"179868.wav","/m/0912c9","[""/m/0912c9"", ""/m/0k4j"", ""/m/012f08"", ""/m/07yv9"", ""/m/07pp_mv""]","car_horn","[""alarm"", ""Car"", ""Motor_vehicle_(road)"", ""Vehicle"", ""car_horn""]","audios/train\179868.wav"
"179866.wav","/m/0912c9","[""/m/0btp2"", ""/m/0912c9"", ""/m/0k4j"", ""/m/012f08"", ""/m/07yv9"", ""/m/07pp_mv""]","car_horn","[""alarm"", ""Vehicle"", ""Car"", ""traffic_noise"", ""Motor_vehicle_(road)"", ""car_horn""]","audios/train\179866.wav"
"377496.wav","/m/0912c9","[""/m/0912c9"", ""/m/0k4j"", ""/m/012f08"", ""/m/07yv9"", ""/m/07pp_mv""]","car_horn","[""alarm"", ""Car"", ""Motor_vehicle_(road)"", ""Vehicle"", ""car_horn""]","audios/train\377496.wav"
"32417.wav","/m/0912c9","[""/m/0912c9"", ""/m/0k4j"", ""/m/012f08"", ""/m/07yv9"", ""/m/07pp_mv""]","car_horn","[""alarm"", ""Car"", ""Motor_vehicle_(road)"", ""Vehicle"", ""car_horn""]","audios/train\32417.wav"
"113319.wav","/m/0912c9","[""/m/01bjv"", ""/m/0912c9"", ""/m/07yv9"", ""/m/0k4j"", ""/m/012f08"", ""/m/07pp_mv""]","car_horn","[""alarm"", ""Car"", ""Bus"", ""Motor_vehicle_(road)"", ""Vehicle"", ""car_horn""]","audios/train\113319.wav"
"145577.wav","/m/0912c9","[""/m/0912c9"", ""/m/0k4j"", ""/m/012f08"", ""/m/07yv9"", ""/m/07pp_mv""]","car_horn","[""alarm"", ""Car"", ""Motor_vehicle_(road)"", ""Vehicle"", ""car_horn""]","audios/train\145577.wav"
"47275.wav","/m/0912c9","[""/m/0912c9"", ""/m/09l8g"", ""/m/0k4j"", ""/m/012f08"", ""/m/07yv9"", ""/m/07pp_mv""]","car_horn","[""alarm"", ""Car"", ""Motor_vehicle_(road)"", ""Human_voice"", ""Vehicle"", ""car_horn""]","audios/train\47275.wav"
"21687.wav","/m/0912c9","[""/m/0912c9"", ""/m/0k4j"", ""/m/012f08"", ""/m/07yv9"", ""/m/07pp_mv""]","car_horn","[""alarm"", ""Car"", ""Motor_vehicle_(road)"", ""Vehicle"", ""car_horn""]","audios/train\21687.wav"
"77509.wav","/m/0912c9","[""/m/0912c9"", ""/m/0k4j"", ""/m/012f08"", ""/m/07yv9"", ""/m/07pp_mv""]","car_horn","[""alarm"", ""Car"", ""Motor_vehicle_(road)"", ""Vehicle"", ""car_horn""]","audios/train\77509.wav"
"182474.wav","/m/0912c9","[""/m/0btp2"", ""/m/0912c9"", ""/m/0k4j"", ""/m/012f08"", ""/m/07yv9"", ""/m/07pp_mv""]","car_horn","[""alarm"", ""Vehicle"", ""Car"", ""traffic_noise"", ""Motor_vehicle_(road)"", ""car_horn""]","audios/train\182474.wav"
"255699.wav","/m/0912c9","[""/m/0912c9"", ""/m/012f08"", ""/m/0k4j"", ""/m/07yv9"", ""/m/07pp_mv""]","car_horn","[""alarm"", ""Car"", ""Motor_vehicle_(road)"", ""Vehicle"", ""car_horn""]","audios/train\255699.wav"
"255700.wav","/m/0912c9","[""/m/0912c9"", ""/m/012f08"", ""/m/0k4j"", ""/m/07yv9"", ""/m/07pp_mv""]","car_horn","[""alarm"", ""Car"", ""Motor_vehicle_(road)"", ""Vehicle"", ""car_horn""]","audios/train\255700.wav"
"254678.wav","/m/0912c9","[""/m/0912c9"", ""/m/0k4j"", ""/m/012f08"", ""/m/07yv9"", ""/m/07pp_mv""]","car_horn","[""alarm"", ""Car"", ""Motor_vehicle_(road)"", ""Vehicle"", ""car_horn""]","audios/train\254678.wav"
"212182.wav","/m/0912c9","[""/m/0btp2"", ""/m/0912c9"", ""/m/0k4j"", ""/m/012f08"", ""/m/07yv9"", ""/m/07pp_mv""]","car_horn","[""alarm"", ""Vehicle"", ""Car"", ""traffic_noise"", ""Motor_vehicle_(road)"", ""car_horn""]","audios/train\212182.wav"
"212186.wav","/m/0912c9","[""/m/0btp2"", ""/m/0912c9"", ""/m/0k4j"", ""/m/012f08"", ""/m/07yv9"", ""/m/07pp_mv""]","car_horn","[""alarm"", ""Vehicle"", ""Car"", ""traffic_noise"", ""Motor_vehicle_(road)"", ""car_horn""]","audios/train\212186.wav"
"212187.wav","/m/0912c9","[""/m/0btp2"", ""/m/0912c9"", ""/m/0k4j"", ""/m/012f08"", ""/m/07yv9"", ""/m/07pp_mv""]","car_horn","[""alarm"", ""Vehicle"", ""Car"", ""traffic_noise"", ""Motor_vehicle_(road)"", ""car_horn""]","audios/train\212187.wav"
"431841.wav","/m/0912c9","[""/m/0912c9"", ""/m/0k4j"", ""/m/012f08"", ""/m/07yv9"", ""/m/07pp_mv""]","car_horn","[""alarm"", ""Car"", ""Motor_vehicle_(road)"", ""Vehicle"", ""car_horn""]","audios/train\431841.wav"
"175842.wav","/m/0912c9","[""/m/0btp2"", ""/m/0912c9"", ""/m/0k4j"", ""/m/012f08"", ""/m/07yv9"", ""/m/07pp_mv""]","car_horn","[""alarm"", ""Vehicle"", ""Car"", ""traffic_noise"", ""Motor_vehicle_(road)"", ""car_horn""]","audios/train\175842.wav"
"178402.wav","/m/0912c9","[""/m/0912c9"", ""/m/0k4j"", ""/m/012f08"", ""/m/07yv9"", ""/m/07pp_mv""]","car_horn","[""alarm"", ""Car"", ""Motor_vehicle_(road)"", ""Vehicle"", ""car_horn""]","audios/train\178402.wav"
"175844.wav","/m/0912c9","[""/m/0btp2"", ""/m/0912c9"", ""/m/0k4j"", ""/m/012f08"", ""/m/07yv9"", ""/m/07pp_mv""]","car_horn","[""alarm"", ""Vehicle"", ""Car"", ""traffic_noise"", ""Motor_vehicle_(road)"", ""car_horn""]","audios/train\175844.wav"
"175843.wav","/m/0912c9","[""/m/0btp2"", ""/m/0912c9"", ""/m/0k4j"", ""/m/012f08"", ""/m/07yv9"", ""/m/07pp_mv""]","car_horn","[""alarm"", ""Vehicle"", ""Car"", ""traffic_noise"", ""Motor_vehicle_(road)"", ""car_horn""]","audios/train\175843.wav"
"175846.wav","/m/0912c9","[""/m/0btp2"", ""/m/0912c9"", ""/m/0k4j"", ""/m/012f08"", ""/m/07yv9"", ""/m/07pp_mv""]","car_horn","[""alarm"", ""Vehicle"", ""Car"", ""traffic_noise"", ""Motor_vehicle_(road)"", ""car_horn""]","audios/train\175846.wav"
"175847.wav","/m/0912c9","[""/m/0912c9"", ""/m/0k4j"", ""/m/012f08"", ""/m/07yv9"", ""/m/07pp_mv""]","car_horn","[""alarm"", ""Car"", ""Motor_vehicle_(road)"", ""Vehicle"", ""car_horn""]","audios/train\175847.wav"
"175848.wav","/m/0912c9","[""/m/0btp2"", ""/m/0912c9"", ""/m/0k4j"", ""/m/012f08"", ""/m/07yv9"", ""/m/07pp_mv""]","car_horn","[""alarm"", ""Vehicle"", ""Car"", ""traffic_noise"", ""Motor_vehicle_(road)"", ""car_horn""]","audios/train\175848.wav"
"175849.wav","/m/0912c9","[""/m/0btp2"", ""/m/0912c9"", ""/m/0k4j"", ""/m/012f08"", ""/m/07yv9"", ""/m/07pp_mv""]","car_horn","[""alarm"", ""Vehicle"", ""Car"", ""traffic_noise"", ""Motor_vehicle_(road)"", ""car_horn""]","audios/train\175849.wav"
"175850.wav","/m/0912c9","[""/m/0btp2"", ""/m/0912c9"", ""/m/0k4j"", ""/m/012f08"", ""/m/07yv9"", ""/m/07pp_mv""]","car_horn","[""alarm"", ""Vehicle"", ""Car"", ""traffic_noise"", ""Motor_vehicle_(road)"", ""car_horn""]","audios/train\175850.wav"
"175851.wav","/m/0912c9","[""/m/0btp2"", ""/m/0912c9"", ""/m/0k4j"", ""/m/012f08"", ""/m/07yv9"", ""/m/07pp_mv""]","car_horn","[""alarm"", ""Vehicle"", ""Car"", ""traffic_noise"", ""Motor_vehicle_(road)"", ""car_horn""]","audios/train\175851.wav"
"175852.wav","/m/0912c9","[""/m/0912c9"", ""/m/0k4j"", ""/m/012f08"", ""/m/07yv9"", ""/m/07pp_mv""]","car_horn","[""alarm"", ""Car"", ""Motor_vehicle_(road)"", ""Vehicle"", ""car_horn""]","audios/train\175852.wav"
"162541.wav","/m/0912c9","[""/m/0912c9"", ""/m/0k4j"", ""/m/012f08"", ""/m/07yv9"", ""/m/07pp_mv""]","car_horn","[""alarm"", ""Car"", ""Motor_vehicle_(road)"", ""Vehicle"", ""car_horn""]","audios/train\162541.wav"
"162540.wav","/m/0912c9","[""/m/0912c9"", ""/m/07yv9"", ""/m/0k4j"", ""/m/012f08"", ""/m/07pp_mv""]","car_horn","[""alarm"", ""Car"", ""Motor_vehicle_(road)"", ""Vehicle"", ""car_horn""]","audios/train\162540.wav"
"175855.wav","/m/0912c9","[""/m/0912c9"", ""/m/0k4j"", ""/m/012f08"", ""/m/07yv9"", ""/m/07pp_mv""]","car_horn","[""alarm"", ""Car"", ""Motor_vehicle_(road)"", ""Vehicle"", ""car_horn""]","audios/train\175855.wav"
"175856.wav","/m/0912c9","[""/m/0btp2"", ""/m/0912c9"", ""/m/0k4j"", ""/m/012f08"", ""/m/07yv9"", ""/m/07pp_mv""]","car_horn","[""alarm"", ""Vehicle"", ""Car"", ""traffic_noise"", ""Motor_vehicle_(road)"", ""car_horn""]","audios/train\175856.wav"
"175853.wav","/m/0912c9","[""/m/0btp2"", ""/m/0912c9"", ""/m/0k4j"", ""/m/012f08"", ""/m/07yv9"", ""/m/07pp_mv""]","car_horn","[""alarm"", ""Vehicle"", ""Car"", ""traffic_noise"", ""Motor_vehicle_(road)"", ""car_horn""]","audios/train\175853.wav"
"171249.wav","/m/0912c9","[""/m/0912c9"", ""/m/0k4j"", ""/m/012f08"", ""/m/07yv9"", ""/m/07pp_mv""]","car_horn","[""alarm"", ""Car"", ""Motor_vehicle_(road)"", ""Vehicle"", ""car_horn""]","audios/train\171249.wav"
"175854.wav","/m/0912c9","[""/m/0912c9"", ""/m/0k4j"", ""/m/012f08"", ""/m/07yv9"", ""/m/07pp_mv""]","car_horn","[""alarm"", ""Car"", ""Motor_vehicle_(road)"", ""Vehicle"", ""car_horn""]","audios/train\175854.wav"
"174840.wav","/m/0912c9","[""/m/0912c9"", ""/m/0k4j"", ""/m/012f08"", ""/m/07yv9"", ""/m/07pp_mv""]","car_horn","[""alarm"", ""Car"", ""Motor_vehicle_(road)"", ""Vehicle"", ""car_horn""]","audios/train\174840.wav"
"174841.wav","/m/0912c9","[""/m/0912c9"", ""/m/0k4j"", ""/m/012f08"", ""/m/07yv9"", ""/m/07pp_mv""]","car_horn","[""alarm"", ""Car"", ""Motor_vehicle_(road)"", ""Vehicle"", ""car_horn""]","audios/train\174841.wav"
"170243.wav","/m/0912c9","[""/m/0912c9"", ""/m/0k4j"", ""/m/012f08"", ""/m/07yv9"", ""/m/07pp_mv""]","car_horn","[""alarm"", ""Car"", ""Motor_vehicle_(road)"", ""Vehicle"", ""car_horn""]","audios/train\170243.wav"
"164625.wav","/m/0912c9","[""/m/0912c9"", ""/m/0k4j"", ""/m/012f08"", ""/m/07yv9"", ""/m/07pp_mv""]","car_horn","[""alarm"", ""Car"", ""Motor_vehicle_(road)"", ""Vehicle"", ""car_horn""]","audios/train\164625.wav"
"164626.wav","/m/0912c9","[""/m/0912c9"", ""/m/0k4j"", ""/m/012f08"", ""/m/07yv9"", ""/m/07pp_mv""]","car_horn","[""alarm"", ""Car"", ""Motor_vehicle_(road)"", ""Vehicle"", ""car_horn""]","audios/train\164626.wav"
"164627.wav","/m/0912c9","[""/m/0912c9"", ""/m/0k4j"", ""/m/012f08"", ""/m/07yv9"", ""/m/07pp_mv""]","car_horn","[""alarm"", ""Car"", ""Motor_vehicle_(road)"", ""Vehicle"", ""car_horn""]","audios/train\164627.wav"
"331540.wav","/m/0912c9","[""/m/0912c9"", ""/m/0k4j"", ""/m/012f08"", ""/m/07yv9"", ""/m/07pp_mv""]","car_horn","[""alarm"", ""Car"", ""Motor_vehicle_(road)"", ""Vehicle"", ""car_horn""]","audios/train\331540.wav"
"331542.wav","/m/0912c9","[""/m/0912c9"", ""/m/07yv9"", ""/m/0k4j"", ""/m/012f08"", ""/m/07pp_mv""]","car_horn","[""alarm"", ""Car"", ""Motor_vehicle_(road)"", ""Vehicle"", ""car_horn""]","audios/train\331542.wav"
"264993.wav","/m/0912c9","[""/m/0btp2"", ""/m/0912c9"", ""/m/0k4j"", ""/m/012f08"", ""/m/07yv9"", ""/m/07pp_mv""]","car_horn","[""alarm"", ""Vehicle"", ""Car"", ""traffic_noise"", ""Motor_vehicle_(road)"", ""car_horn""]","audios/train\264993.wav"
"364839.wav","/m/0912c9","[""/m/0912c9"", ""/m/0k4j"", ""/m/012f08"", ""/m/07yv9"", ""/m/07pp_mv""]","car_horn","[""alarm"", ""Car"", ""Motor_vehicle_(road)"", ""Vehicle"", ""car_horn""]","audios/train\364839.wav"
"49974.wav","/m/0912c9","[""/m/0912c9"", ""/m/0k4j"", ""/m/012f08"", ""/m/07yv9"", ""/m/07pp_mv""]","car_horn","[""alarm"", ""Car"", ""Motor_vehicle_(road)"", ""Vehicle"", ""car_horn""]","audios/train\49974.wav"
"6984.wav","/m/0912c9","[""/m/0912c9"", ""/m/0k4j"", ""/m/012f08"", ""/m/07yv9"", ""/m/07pp_mv""]","car_horn","[""alarm"", ""Car"", ""Motor_vehicle_(road)"", ""Vehicle"", ""car_horn""]","audios/train\6984.wav"
"381774.wav","/m/0912c9","[""/m/0912c9"", ""/m/012f08"", ""/m/0k4j"", ""/m/07yv9"", ""/m/07pp_mv""]","car_horn","[""alarm"", ""Car"", ""Motor_vehicle_(road)"", ""Vehicle"", ""car_horn""]","audios/train\381774.wav"
"381775.wav","/m/0912c9","[""/m/0912c9"", ""/m/0k4j"", ""/m/012f08"", ""/m/07yv9"", ""/m/07pp_mv""]","car_horn","[""alarm"", ""Car"", ""Motor_vehicle_(road)"", ""Vehicle"", ""car_horn""]","audios/train\381775.wav"
"419695.wav","/m/0912c9","[""/m/0912c9"", ""/m/0k4j"", ""/m/012f08"", ""/m/07yv9"", ""/m/07pp_mv""]","car_horn","[""alarm"", ""Car"", ""Motor_vehicle_(road)"", ""Vehicle"", ""car_horn""]","audios/train\419695.wav"
"419698.wav","/m/0912c9","[""/m/0912c9"", ""/m/0k4j"", ""/m/012f08"", ""/m/07yv9"", ""/m/07pp_mv""]","car_horn","[""alarm"", ""Car"", ""Motor_vehicle_(road)"", ""Vehicle"", ""car_horn""]","audios/train\419698.wav"
"425848.wav","/m/0912c9","[""/m/0912c9"", ""/m/07r04"", ""/m/0k4j"", ""/m/012f08"", ""/m/07yv9"", ""/m/07pp_mv""]","car_horn","[""alarm"", ""Car"", ""Motor_vehicle_(road)"", ""Vehicle"", ""car_horn"", ""Truck""]","audios/train\425848.wav"
"2937.wav","/m/0912c9","[""/m/0912c9"", ""/m/0k4j"", ""/m/012f08"", ""/m/07yv9"", ""/m/07pp_mv""]","car_horn","[""alarm"", ""Car"", ""Motor_vehicle_(road)"", ""Vehicle"", ""car_horn""]","audios/train\2937.wav"
"329612.wav","/m/0912c9","[""/m/0912c9"", ""/m/012f08"", ""/m/0k4j"", ""/m/07yv9"", ""/m/07pp_mv""]","car_horn","[""alarm"", ""Car"", ""Motor_vehicle_(road)"", ""Vehicle"", ""car_horn""]","audios/train\329612.wav"
"162702.wav","/m/0912c9","[""/m/0912c9"", ""/m/0k4j"", ""/m/012f08"", ""/m/07yv9"", ""/m/07pp_mv""]","car_horn","[""alarm"", ""Car"", ""Motor_vehicle_(road)"", ""Vehicle"", ""car_horn""]","audios/train\162702.wav"
"162703.wav","/m/0912c9","[""/m/0912c9"", ""/m/0k4j"", ""/m/012f08"", ""/m/07yv9"", ""/m/07pp_mv""]","car_horn","[""alarm"", ""Car"", ""Motor_vehicle_(road)"", ""Vehicle"", ""car_horn""]","audios/train\162703.wav"
"399254.wav","/m/0912c9","[""/m/0912c9"", ""/m/0k4j"", ""/m/012f08"", ""/m/07yv9"", ""/m/07pp_mv""]","car_horn","[""alarm"", ""Car"", ""Motor_vehicle_(road)"", ""Vehicle"", ""car_horn""]","audios/train\399254.wav"
"433578.wav","/m/0912c9","[""/m/0912c9"", ""/m/0k4j"", ""/m/012f08"", ""/m/07yv9"", ""/m/07pp_mv""]","car_horn","[""alarm"", ""Car"", ""Motor_vehicle_(road)"", ""Vehicle"", ""car_horn""]","audios/train\433578.wav"
"117165.wav","/m/0912c9","[""/m/0912c9"", ""/m/0k4j"", ""/m/012f08"", ""/m/07yv9"", ""/m/07pp_mv""]","car_horn","[""alarm"", ""Car"", ""Motor_vehicle_(road)"", ""Vehicle"", ""car_horn""]","audios/train\117165.wav"
"239030.wav","/m/0912c9","[""/m/0912c9"", ""/m/0k4j"", ""/m/012f08"", ""/m/07yv9"", ""/m/07pp_mv""]","car_horn","[""alarm"", ""Car"", ""Motor_vehicle_(road)"", ""Vehicle"", ""car_horn""]","audios/train\239030.wav"
"239031.wav","/m/0912c9","[""/m/0912c9"", ""/m/0k4j"", ""/m/012f08"", ""/m/07yv9"", ""/m/07pp_mv""]","car_horn","[""alarm"", ""Car"", ""Motor_vehicle_(road)"", ""Vehicle"", ""car_horn""]","audios/train\239031.wav"
"254907.wav","/m/0912c9","[""/m/0912c9"", ""/m/0k4j"", ""/m/012f08"", ""/m/07yv9"", ""/m/07pp_mv""]","car_horn","[""alarm"", ""Car"", ""Motor_vehicle_(road)"", ""Vehicle"", ""car_horn""]","audios/train\254907.wav"
"178115.wav","/m/0912c9","[""/m/0912c9"", ""/m/0k4j"", ""/m/012f08"", ""/m/07yv9"", ""/m/07pp_mv""]","car_horn","[""alarm"", ""Car"", ""Motor_vehicle_(road)"", ""Vehicle"", ""car_horn""]","audios/train\178115.wav"
"221644.wav","/m/0912c9","[""/m/0912c9"", ""/m/0k4j"", ""/m/012f08"", ""/m/07yv9"", ""/m/07pp_mv""]","car_horn","[""alarm"", ""Car"", ""Motor_vehicle_(road)"", ""Vehicle"", ""car_horn""]","audios/train\221644.wav"
"73168.wav","/m/0912c9","[""/m/0912c9"", ""/m/0k4j"", ""/m/012f08"", ""/m/07yv9"", ""/m/07pp_mv""]","car_horn","[""alarm"", ""Car"", ""Motor_vehicle_(road)"", ""Vehicle"", ""car_horn""]","audios/train\73168.wav"
"377300.wav","/m/0912c9","[""/m/0912c9"", ""/m/0k4j"", ""/m/012f08"", ""/m/07yv9"", ""/m/07pp_mv""]","car_horn","[""alarm"", ""Car"", ""Motor_vehicle_(road)"", ""Vehicle"", ""car_horn""]","audios/train\377300.wav"
"377302.wav","/m/0912c9","[""/m/0912c9"", ""/m/0k4j"", ""/m/012f08"", ""/m/07yv9"", ""/m/07pp_mv""]","car_horn","[""alarm"", ""Car"", ""Motor_vehicle_(road)"", ""Vehicle"", ""car_horn""]","audios/train\377302.wav"
"175845.wav","/m/0912c9","[""/m/0btp2"", ""/m/0912c9"", ""/m/0k4j"", ""/m/012f08"", ""/m/07yv9"", ""/m/07pp_mv""]","car_horn","[""alarm"", ""Vehicle"", ""Car"", ""traffic_noise"", ""Motor_vehicle_(road)"", ""car_horn""]","audios/train\175845.wav"
"27881.wav","/m/0912c9","[""/m/0912c9"", ""/m/0k4j"", ""/m/012f08"", ""/m/07yv9"", ""/m/07pp_mv""]","car_horn","[""alarm"", ""Car"", ""Motor_vehicle_(road)"", ""Vehicle"", ""car_horn""]","audios/train\27881.wav"
"27882.wav","/m/0912c9","[""/m/0912c9"", ""/m/0k4j"", ""/m/012f08"", ""/m/07yv9"", ""/m/07pp_mv""]","car_horn","[""alarm"", ""Car"", ""Motor_vehicle_(road)"", ""Vehicle"", ""car_horn""]","audios/train\27882.wav"
"176634.wav","/m/0912c9","[""/m/0912c9"", ""/m/0k4j"", ""/m/012f08"", ""/m/07yv9"", ""/m/07pp_mv""]","car_horn","[""alarm"", ""Car"", ""Motor_vehicle_(road)"", ""Vehicle"", ""car_horn""]","audios/train\176634.wav"
"176638.wav","/m/0912c9","[""/m/0912c9"", ""/m/0k4j"", ""/m/012f08"", ""/m/07yv9"", ""/m/07pp_mv""]","car_horn","[""alarm"", ""Car"", ""Motor_vehicle_(road)"", ""Vehicle"", ""car_horn""]","audios/train\176638.wav"
"403455.wav","/m/0912c9","[""/m/0912c9"", ""/m/0k4j"", ""/m/012f08"", ""/m/07yv9"", ""/m/07pp_mv""]","car_horn","[""alarm"", ""Car"", ""Motor_vehicle_(road)"", ""Vehicle"", ""car_horn""]","audios/train\403455.wav"
"379754.wav","/m/0912c9","[""/m/0912c9"", ""/m/06mb1"", ""/m/0k4j"", ""/m/012f08"", ""/m/07yv9"", ""/m/07pp_mv"", ""/m/0838f""]","car_horn","[""alarm"", ""Car"", ""Rain"", ""Motor_vehicle_(road)"", ""Water"", ""Vehicle"", ""car_horn""]","audios/train\379754.wav"
"379756.wav","/m/0912c9","[""/m/07r10fb"", ""/m/07pqc89"", ""/m/0912c9"", ""/m/06mb1"", ""/m/0k4j"", ""/m/012f08"", ""/m/07yv9"", ""/m/07pp_mv"", ""/m/0838f"", ""/m/07prgkl"", ""/m/04k94""]","car_horn","[""alarm"", ""Vehicle"", ""Car"", ""Raindrop"", ""Rain"", ""Trickle_and_dribble"", ""Motor_vehicle_(road)"", ""Pour"", ""Liquid"", ""Water"", ""car_horn""]","audios/train\379756.wav"
"162443.wav","/m/0912c9","[""/m/04_sv"", ""/m/0btp2"", ""/m/0912c9"", ""/m/02mk9"", ""/m/0k4j"", ""/m/012f08"", ""/m/07yv9"", ""/m/07pp_mv""]","car_horn","[""alarm"", ""Vehicle"", ""Car"", ""Motorcycle"", ""traffic_noise"", ""Motor_vehicle_(road)"", ""engine"", ""car_horn""]","audios/train\162443.wav"
"268015.wav","/m/0912c9","[""/m/05zppz"", ""/m/0btp2"", ""/m/0912c9"", ""/m/02mk9"", ""/m/0k4j"", ""/m/012f08"", ""/m/07yv9"", ""/m/07pp_mv"", ""/m/09x0r"", ""/m/09l8g""]","car_horn","[""alarm"", ""Vehicle"", ""Male_speech_and_man_speaking"", ""Car"", ""traffic_noise"", ""Motor_vehicle_(road)"", ""Speech"", ""Human_voice"", ""engine"", ""car_horn""]","audios/train\268015.wav"
"151359.wav","/m/0912c9","[""/m/0btp2"", ""/m/0912c9"", ""/m/0k4j"", ""/m/012f08"", ""/m/07yv9"", ""/m/07pp_mv""]","car_horn","[""alarm"", ""Vehicle"", ""Car"", ""traffic_noise"", ""Motor_vehicle_(road)"", ""car_horn""]","audios/train\151359.wav"
"275558.wav","/m/0912c9","[""/m/07rkbfh"", ""/m/0btp2"", ""/m/0912c9"", ""/m/02mk9"", ""/m/0k4j"", ""/m/012f08"", ""/m/07yv9"", ""/m/07pp_mv"", ""/t/dd00012""]","car_horn","[""Chatter"", ""Vehicle"", ""alarm"", ""Car"", ""traffic_noise"", ""Motor_vehicle_(road)"", ""Human_group_actions"", ""engine"", ""car_horn""]","audios/train\275558.wav"
"138465.wav","/m/0912c9","[""/m/0btp2"", ""/m/01bjv"", ""/m/0912c9"", ""/m/0k4j"", ""/m/012f08"", ""/m/07yv9"", ""/m/07pp_mv""]","car_horn","[""alarm"", ""Vehicle"", ""Car"", ""Bus"", ""traffic_noise"", ""Motor_vehicle_(road)"", ""car_horn""]","audios/train\138465.wav"
"138468.wav","/m/0912c9","[""/m/0btp2"", ""/m/0912c9"", ""/m/0k4j"", ""/m/012f08"", ""/m/07yv9"", ""/m/07pp_mv""]","car_horn","[""alarm"", ""Vehicle"", ""Car"", ""traffic_noise"", ""Motor_vehicle_(road)"", ""car_horn""]","audios/train\138468.wav"
"221639.wav","/m/0912c9","[""/m/05zppz"", ""/m/07rkbfh"", ""/t/dd00130"", ""/m/0btp2"", ""/m/0912c9"", ""/m/01j3sz"", ""/m/0k4j"", ""/m/012f08"", ""/m/07yv9"", ""/m/07pp_mv"", ""/m/09x0r"", ""/m/09l8g"", ""/t/dd00012"", ""/m/02mk9""]","car_horn","[""Chatter"", ""Engine_starting"", ""Vehicle"", ""Male_speech_and_man_speaking"", ""alarm"", ""Car"", ""traffic_noise"", ""Laughter"", ""Motor_vehicle_(road)"", ""Speech"", ""Human_group_actions"", ""Human_voice"", ""engine"", ""car_horn""]","audios/train\221639.wav"
"418706.wav","/m/0912c9","[""/t/dd00134"", ""/m/0912c9"", ""/m/0199g"", ""/m/0k4j"", ""/m/012f08"", ""/m/07yv9"", ""/m/07pp_mv""]","car_horn","[""alarm"", ""Vehicle"", ""Car"", ""Bicycle"", ""Car_passing_by"", ""Motor_vehicle_(road)"", ""car_horn""]","audios/train\418706.wav"
"138277.wav","/m/0912c9","[""/t/dd00134"", ""/m/0912c9"", ""/m/0k4j"", ""/m/012f08"", ""/m/07yv9"", ""/m/07pp_mv""]","car_horn","[""alarm"", ""Car"", ""Car_passing_by"", ""Motor_vehicle_(road)"", ""Vehicle"", ""car_horn""]","audios/train\138277.wav"
"159745.wav","/m/03kmc9","[""/m/012f08"", ""/m/03kmc9"", ""/m/07yv9"", ""/m/07pp_mv""]","siren","[""siren"", ""alarm"", ""Motor_vehicle_(road)"", ""Vehicle""]","audios/train\159745.wav"
"246275.wav","/m/02mk9","[""/m/02mk9"", ""/m/0k4j"", ""/m/012f08"", ""/m/07yv9""]","engine","[""Car"", ""engine"", ""Motor_vehicle_(road)"", ""Vehicle""]","audios/train\246275.wav"
"257030.wav","/m/0btp2","[""/t/dd00134"", ""/m/0btp2"", ""/m/012f08"", ""/m/07yv9"", ""/m/0k4j""]","traffic_noise","[""Car"", ""Car_passing_by"", ""traffic_noise"", ""Motor_vehicle_(road)"", ""Vehicle""]","audios/train\257030.wav"
"257034.wav","/m/02mk9","[""/t/dd00134"", ""/m/0btp2"", ""/m/012f08"", ""/m/07yv9"", ""/m/02mk9"", ""/m/0k4j""]","engine","[""Car"", ""Car_passing_by"", ""traffic_noise"", ""Motor_vehicle_(road)"", ""engine"", ""Vehicle""]","audios/train\257034.wav"
"257028.wav","/m/02mk9","[""/t/dd00134"", ""/m/012f08"", ""/m/02mk9"", ""/m/07yv9"", ""/m/0k4j""]","engine","[""Car"", ""Car_passing_by"", ""Motor_vehicle_(road)"", ""engine"", ""Vehicle""]","audios/train\257028.wav"
"159750.wav","/m/03kmc9","[""/m/012f08"", ""/m/03kmc9"", ""/m/07yv9"", ""/m/07pp_mv""]","siren","[""siren"", ""alarm"", ""Motor_vehicle_(road)"", ""Vehicle""]","audios/train\159750.wav"
"159753.wav","/m/03kmc9","[""/m/012f08"", ""/m/03kmc9"", ""/m/07yv9"", ""/m/07pp_mv""]","siren","[""siren"", ""alarm"", ""Motor_vehicle_(road)"", ""Vehicle""]","audios/train\159753.wav"
"268809.wav","/m/03kmc9","[""/m/012f08"", ""/m/03kmc9"", ""/m/07yv9"", ""/m/07pp_mv""]","siren","[""siren"", ""alarm"", ""Motor_vehicle_(road)"", ""Vehicle""]","audios/train\268809.wav"
"159754.wav","/m/03kmc9","[""/m/012f08"", ""/m/03kmc9"", ""/m/07yv9"", ""/m/07pp_mv""]","siren","[""siren"", ""alarm"", ""Motor_vehicle_(road)"", ""Vehicle""]","audios/train\159754.wav"
"159755.wav","/m/03kmc9","[""/m/012f08"", ""/m/03kmc9"", ""/m/07yv9"", ""/m/07pp_mv""]","siren","[""siren"", ""alarm"", ""Motor_vehicle_(road)"", ""Vehicle""]","audios/train\159755.wav"
"253973.wav","/m/02mk9","[""/m/07rjwbb"", ""/m/01bjv"", ""/m/012f08"", ""/m/02mk9"", ""/m/07yv9""]","engine","[""Bus"", ""Hiss"", ""Motor_vehicle_(road)"", ""engine"", ""Vehicle""]","audios/train\253973.wav"
"262679.wav","/m/02mk9","[""/t/dd00130"", ""/m/012f08"", ""/m/07yv9"", ""/m/02mk9""]","engine","[""engine"", ""Engine_starting"", ""Motor_vehicle_(road)"", ""Vehicle""]","audios/train\262679.wav"
"274460.wav","/m/02mk9","[""/t/dd00130"", ""/m/012f08"", ""/m/0k4j"", ""/m/07yv9"", ""/m/02mk9""]","engine","[""Engine_starting"", ""Car"", ""Motor_vehicle_(road)"", ""engine"", ""Vehicle""]","audios/train\274460.wav"
"338973.wav","/m/03kmc9","[""/m/012f08"", ""/m/03kmc9"", ""/m/07yv9"", ""/m/07pp_mv""]","siren","[""siren"", ""alarm"", ""Motor_vehicle_(road)"", ""Vehicle""]","audios/train\338973.wav"
"106014.wav","/m/07pb8fc","[""/m/07pb8fc"", ""/t/dd00130"", ""/m/012f08"", ""/m/07yv9"", ""/m/02mk9""]","engine","[""engine"", ""Engine_starting"", ""Motor_vehicle_(road)"", ""Vehicle""]","audios/train\106014.wav"
"156212.wav","/m/02mk9","[""/m/02mk9"", ""/m/0k4j"", ""/m/012f08"", ""/m/07yv9""]","engine","[""Car"", ""engine"", ""Motor_vehicle_(road)"", ""Vehicle""]","audios/train\156212.wav"
"88121.wav","/m/03kmc9","[""/m/012f08"", ""/m/03kmc9"", ""/m/07yv9"", ""/m/07pp_mv""]","siren","[""siren"", ""alarm"", ""Motor_vehicle_(road)"", ""Vehicle""]","audios/train\88121.wav"
"361532.wav","/m/02mk9","[""/m/02mk9"", ""/m/0k4j"", ""/m/012f08"", ""/m/07yv9""]","engine","[""Car"", ""engine"", ""Motor_vehicle_(road)"", ""Vehicle""]","audios/train\361532.wav"
"251969.wav","/m/02mk9","[""/m/04_sv"", ""/m/012f08"", ""/m/07yv9"", ""/m/02mk9""]","engine","[""engine"", ""Motorcycle"", ""Motor_vehicle_(road)"", ""Vehicle""]","audios/train\251969.wav"
"326208.wav","/m/02mk9","[""/t/dd00130"", ""/m/07q2z82"", ""/m/012f08"", ""/m/0k4j"", ""/m/07yv9"", ""/m/02mk9""]","engine","[""Engine_starting"", ""Car"", ""Accelerating_and_revving_and_vroom"", ""Motor_vehicle_(road)"", ""engine"", ""Vehicle""]","audios/train\326208.wav"
"223824.wav","/m/03kmc9","[""/m/012f08"", ""/m/03kmc9"", ""/m/07yv9"", ""/m/07pp_mv""]","siren","[""siren"", ""alarm"", ""Motor_vehicle_(road)"", ""Vehicle""]","audios/train\223824.wav"
"89682.wav","/m/03kmc9","[""/m/012f08"", ""/m/03kmc9"", ""/m/07yv9"", ""/m/07pp_mv""]","siren","[""siren"", ""alarm"", ""Motor_vehicle_(road)"", ""Vehicle""]","audios/train\89682.wav"
"89683.wav","/m/03kmc9","[""/m/012f08"", ""/m/03kmc9"", ""/m/07yv9"", ""/m/07pp_mv""]","siren","[""siren"", ""alarm"", ""Motor_vehicle_(road)"", ""Vehicle""]","audios/train\89683.wav"
"241756.wav","/m/02mk9","[""/t/dd00130"", ""/m/012f08"", ""/m/07yv9"", ""/m/02mk9""]","engine","[""engine"", ""Engine_starting"", ""Motor_vehicle_(road)"", ""Vehicle""]","audios/train\241756.wav"
"392801.wav","/m/03kmc9","[""/m/012f08"", ""/m/03kmc9"", ""/m/07yv9"", ""/m/07pp_mv""]","siren","[""siren"", ""alarm"", ""Motor_vehicle_(road)"", ""Vehicle""]","audios/train\392801.wav"
"421017.wav","/m/03kmc9","[""/m/012f08"", ""/m/03kmc9"", ""/m/07yv9"", ""/m/07pp_mv""]","siren","[""siren"", ""alarm"", ""Motor_vehicle_(road)"", ""Vehicle""]","audios/train\421017.wav"
"262759.wav","/m/02mk9","[""/t/dd00134"", ""/m/0btp2"", ""/m/012f08"", ""/m/07yv9"", ""/m/02mk9"", ""/m/0k4j""]","engine","[""Car"", ""Car_passing_by"", ""traffic_noise"", ""Motor_vehicle_(road)"", ""engine"", ""Vehicle""]","audios/train\262759.wav"
"133751.wav","/m/02mk9","[""/m/02mk9"", ""/m/0k4j"", ""/m/012f08"", ""/m/07yv9""]","engine","[""Car"", ""engine"", ""Motor_vehicle_(road)"", ""Vehicle""]","audios/train\133751.wav"
"65152.wav","/m/03kmc9","[""/m/012f08"", ""/m/03kmc9"", ""/m/07yv9"", ""/m/07pp_mv""]","siren","[""siren"", ""alarm"", ""Motor_vehicle_(road)"", ""Vehicle""]","audios/train\65152.wav"
"34952.wav","/m/03kmc9","[""/m/012f08"", ""/m/03kmc9"", ""/m/07yv9"", ""/m/07pp_mv""]","siren","[""siren"", ""alarm"", ""Motor_vehicle_(road)"", ""Vehicle""]","audios/train\34952.wav"
"370318.wav","/m/02mk9","[""/m/02mk9"", ""/m/0k4j"", ""/m/012f08"", ""/m/07yv9""]","engine","[""Car"", ""engine"", ""Motor_vehicle_(road)"", ""Vehicle""]","audios/train\370318.wav"
"370320.wav","/m/02mk9","[""/m/012f08"", ""/m/02mk9"", ""/m/07yv9""]","engine","[""engine"", ""Motor_vehicle_(road)"", ""Vehicle""]","audios/train\370320.wav"
"370323.wav","/m/02mk9","[""/m/012f08"", ""/m/02mk9"", ""/m/07yv9""]","engine","[""engine"", ""Motor_vehicle_(road)"", ""Vehicle""]","audios/train\370323.wav"
"251553.wav","/m/02mk9","[""/t/dd00130"", ""/m/012f08"", ""/m/0k4j"", ""/m/07yv9"", ""/m/02mk9""]","engine","[""Engine_starting"", ""Car"", ""Motor_vehicle_(road)"", ""engine"", ""Vehicle""]","audios/train\251553.wav"
"322205.wav","/m/03kmc9","[""/m/012f08"", ""/m/03kmc9"", ""/m/07yv9"", ""/m/07pp_mv""]","siren","[""siren"", ""alarm"", ""Motor_vehicle_(road)"", ""Vehicle""]","audios/train\322205.wav"
"108192.wav","/m/03kmc9","[""/m/012f08"", ""/m/03kmc9"", ""/m/07yv9"", ""/m/07pp_mv""]","siren","[""siren"", ""alarm"", ""Motor_vehicle_(road)"", ""Vehicle""]","audios/train\108192.wav"
"269480.wav","/m/02mk9","[""/t/dd00130"", ""/m/012f08"", ""/m/07yv9"", ""/m/02mk9""]","engine","[""engine"", ""Engine_starting"", ""Motor_vehicle_(road)"", ""Vehicle""]","audios/train\269480.wav"
"251562.wav","/m/02mk9","[""/t/dd00130"", ""/m/012f08"", ""/m/07yv9"", ""/m/02mk9""]","engine","[""engine"", ""Engine_starting"", ""Motor_vehicle_(road)"", ""Vehicle""]","audios/train\251562.wav"
"168621.wav","/m/03kmc9","[""/m/012f08"", ""/m/03kmc9"", ""/m/07yv9"", ""/m/07pp_mv""]","siren","[""siren"", ""alarm"", ""Motor_vehicle_(road)"", ""Vehicle""]","audios/train\168621.wav"
"253614.wav","/m/02mk9","[""/t/dd00130"", ""/m/012f08"", ""/m/0k4j"", ""/m/07yv9"", ""/m/02mk9""]","engine","[""Engine_starting"", ""Car"", ""Motor_vehicle_(road)"", ""engine"", ""Vehicle""]","audios/train\253614.wav"
"156868.wav","/m/03kmc9","[""/m/012f08"", ""/m/03kmc9"", ""/m/07yv9"", ""/m/07pp_mv""]","siren","[""siren"", ""alarm"", ""Motor_vehicle_(road)"", ""Vehicle""]","audios/train\156868.wav"
"23750.wav","/m/03kmc9","[""/m/05tny_"", ""/m/012f08"", ""/m/03kmc9"", ""/m/07yv9"", ""/m/0bt9lr"", ""/m/068hy"", ""/m/0jbk"", ""/m/07pp_mv""]","siren","[""alarm"", ""siren"", ""Bark"", ""Motor_vehicle_(road)"", ""Animal"", ""Domestic_animals_and_pets"", ""Vehicle"", ""dog_bark""]","audios/train\23750.wav"
"319691.wav","/m/02mk9","[""/t/dd00130"", ""/m/07q2z82"", ""/m/012f08"", ""/m/07yv9"", ""/m/02mk9""]","engine","[""Engine_starting"", ""Accelerating_and_revving_and_vroom"", ""Motor_vehicle_(road)"", ""engine"", ""Vehicle""]","audios/train\319691.wav"
"337635.wav","/m/0btp2","[""/t/dd00134"", ""/m/0btp2"", ""/m/012f08"", ""/m/07yv9"", ""/m/0k4j""]","traffic_noise","[""Car"", ""Car_passing_by"", ""traffic_noise"", ""Motor_vehicle_(road)"", ""Vehicle""]","audios/train\337635.wav"
"98536.wav","/m/03kmc9","[""/m/012f08"", ""/m/03kmc9"", ""/m/07yv9"", ""/m/07pp_mv""]","siren","[""siren"", ""alarm"", ""Motor_vehicle_(road)"", ""Vehicle""]","audios/train\98536.wav"
"326392.wav","/m/02mk9","[""/t/dd00130"", ""/m/012f08"", ""/m/0k4j"", ""/m/07yv9"", ""/m/02mk9""]","engine","[""Engine_starting"", ""Car"", ""Motor_vehicle_(road)"", ""engine"", ""Vehicle""]","audios/train\326392.wav"
"31482.wav","/m/03kmc9","[""/m/012f08"", ""/m/03kmc9"", ""/m/07yv9"", ""/m/07pp_mv""]","siren","[""siren"", ""alarm"", ""Motor_vehicle_(road)"", ""Vehicle""]","audios/train\31482.wav"
"55035.wav","/m/02mk9","[""/m/012f08"", ""/m/02mk9"", ""/m/07yv9""]","engine","[""engine"", ""Motor_vehicle_(road)"", ""Vehicle""]","audios/train\55035.wav"
"320767.wav","/m/03kmc9","[""/m/012f08"", ""/m/03kmc9"", ""/m/07yv9"", ""/m/07pp_mv""]","siren","[""siren"", ""alarm"", ""Motor_vehicle_(road)"", ""Vehicle""]","audios/train\320767.wav"
"244999.wav","/m/02mk9","[""/m/07q2z82"", ""/m/012f08"", ""/m/07yv9"", ""/m/02mk9""]","engine","[""engine"", ""Accelerating_and_revving_and_vroom"", ""Motor_vehicle_(road)"", ""Vehicle""]","audios/train\244999.wav"
"319751.wav","/m/03kmc9","[""/m/012f08"", ""/m/03kmc9"", ""/m/07yv9"", ""/m/07pp_mv""]","siren","[""siren"", ""alarm"", ""Motor_vehicle_(road)"", ""Vehicle""]","audios/train\319751.wav"
"148628.wav","/m/02mk9","[""/t/dd00130"", ""/m/07q2z82"", ""/m/012f08"", ""/m/07yv9"", ""/m/02mk9""]","engine","[""Engine_starting"", ""Accelerating_and_revving_and_vroom"", ""Motor_vehicle_(road)"", ""engine"", ""Vehicle""]","audios/train\148628.wav"
"107273.wav","/m/02mk9","[""/m/01bjv"", ""/m/012f08"", ""/m/02mk9"", ""/m/07yv9""]","engine","[""engine"", ""Vehicle"", ""Bus"", ""Motor_vehicle_(road)""]","audios/train\107273.wav"
"28426.wav","/m/03kmc9","[""/m/012f08"", ""/m/03kmc9"", ""/m/07yv9"", ""/m/07pp_mv""]","siren","[""siren"", ""alarm"", ""Motor_vehicle_(road)"", ""Vehicle""]","audios/train\28426.wav"
"364836.wav","/m/07pb8fc","[""/m/07pb8fc"", ""/m/012f08"", ""/m/07yv9"", ""/m/0k4j"", ""/m/02mk9""]","engine","[""Car"", ""engine"", ""Motor_vehicle_(road)"", ""Vehicle""]","audios/train\364836.wav"
"253732.wav","/m/07pb8fc","[""/m/07pb8fc"", ""/m/012f08"", ""/m/07yv9"", ""/m/02mk9""]","engine","[""engine"", ""Motor_vehicle_(road)"", ""Vehicle""]","audios/train\253732.wav"
"364838.wav","/m/02mk9","[""/m/02mk9"", ""/m/0k4j"", ""/m/012f08"", ""/m/07yv9""]","engine","[""Car"", ""engine"", ""Motor_vehicle_(road)"", ""Vehicle""]","audios/train\364838.wav"
"364837.wav","/m/02mk9","[""/m/02mk9"", ""/m/0k4j"", ""/m/012f08"", ""/m/07yv9""]","engine","[""Car"", ""engine"", ""Motor_vehicle_(road)"", ""Vehicle""]","audios/train\364837.wav"
"364840.wav","/m/02mk9","[""/m/07q2z82"", ""/m/012f08"", ""/m/07yv9"", ""/m/02mk9""]","engine","[""engine"", ""Accelerating_and_revving_and_vroom"", ""Motor_vehicle_(road)"", ""Vehicle""]","audios/train\364840.wav"
"143658.wav","/m/02mk9","[""/m/012f08"", ""/m/02mk9"", ""/m/07yv9""]","engine","[""engine"", ""Motor_vehicle_(road)"", ""Vehicle""]","audios/train\143658.wav"
"165166.wav","/m/03kmc9","[""/m/012f08"", ""/m/03kmc9"", ""/m/07yv9"", ""/m/07pp_mv""]","siren","[""siren"", ""alarm"", ""Motor_vehicle_(road)"", ""Vehicle""]","audios/train\165166.wav"
"184623.wav","/m/03kmc9","[""/m/012f08"", ""/m/03kmc9"", ""/m/07yv9"", ""/m/07pp_mv""]","siren","[""siren"", ""alarm"", ""Motor_vehicle_(road)"", ""Vehicle""]","audios/train\184623.wav"
"151876.wav","/m/02mk9","[""/m/07q2z82"", ""/m/012f08"", ""/m/07yv9"", ""/m/02mk9""]","engine","[""engine"", ""Accelerating_and_revving_and_vroom"", ""Motor_vehicle_(road)"", ""Vehicle""]","audios/train\151876.wav"
"151877.wav","/m/02mk9","[""/m/07q2z82"", ""/m/012f08"", ""/m/07yv9"", ""/m/02mk9""]","engine","[""engine"", ""Accelerating_and_revving_and_vroom"", ""Motor_vehicle_(road)"", ""Vehicle""]","audios/train\151877.wav"
"381776.wav","/m/02mk9","[""/m/02mk9"", ""/m/0k4j"", ""/m/012f08"", ""/m/07yv9""]","engine","[""Car"", ""engine"", ""Motor_vehicle_(road)"", ""Vehicle""]","audios/train\381776.wav"
"22877.wav","/m/07pp_mv","[""/m/07pp_mv"", ""/m/07r04"", ""/m/012f08"", ""/m/07yv9""]","alarm","[""alarm"", ""Motor_vehicle_(road)"", ""Vehicle"", ""Truck""]","audios/train\22877.wav"
"181601.wav","/m/03kmc9","[""/m/012f08"", ""/m/03kmc9"", ""/m/07yv9"", ""/m/07pp_mv""]","siren","[""siren"", ""alarm"", ""Motor_vehicle_(road)"", ""Vehicle""]","audios/train\181601.wav"
"370025.wav","/m/02mk9","[""/m/012f08"", ""/m/02mk9"", ""/m/07yv9""]","engine","[""engine"", ""Motor_vehicle_(road)"", ""Vehicle""]","audios/train\370025.wav"
"388972.wav","/m/03kmc9","[""/m/012f08"", ""/m/03kmc9"", ""/m/07yv9"", ""/m/07pp_mv""]","siren","[""siren"", ""alarm"", ""Motor_vehicle_(road)"", ""Vehicle""]","audios/train\388972.wav"
"315758.wav","/m/03kmc9","[""/m/012f08"", ""/m/03kmc9"", ""/m/07yv9"", ""/m/07pp_mv""]","siren","[""siren"", ""alarm"", ""Motor_vehicle_(road)"", ""Vehicle""]","audios/train\315758.wav"
"364911.wav","/m/03kmc9","[""/m/012f08"", ""/m/03kmc9"", ""/m/07yv9"", ""/m/07pp_mv""]","siren","[""siren"", ""alarm"", ""Motor_vehicle_(road)"", ""Vehicle""]","audios/train\364911.wav"
"159743.wav","/m/03kmc9","[""/m/012f08"", ""/m/03kmc9"", ""/m/07yv9"", ""/m/07pp_mv""]","siren","[""siren"", ""alarm"", ""Motor_vehicle_(road)"", ""Vehicle""]","audios/train\159743.wav"
"65929.wav","/m/03kmc9","[""/m/012f08"", ""/m/03kmc9"", ""/m/07yv9"", ""/m/07pp_mv""]","siren","[""siren"", ""alarm"", ""Motor_vehicle_(road)"", ""Vehicle""]","audios/train\65929.wav"
"329611.wav","/m/02mk9","[""/m/02mk9"", ""/m/0k4j"", ""/m/012f08"", ""/m/07yv9""]","engine","[""Car"", ""engine"", ""Motor_vehicle_(road)"", ""Vehicle""]","audios/train\329611.wav"
"162188.wav","/m/02mk9","[""/m/012f08"", ""/m/02mk9"", ""/m/07yv9""]","engine","[""engine"", ""Motor_vehicle_(road)"", ""Vehicle""]","audios/train\162188.wav"
"222607.wav","/m/02mk9","[""/t/dd00130"", ""/m/012f08"", ""/m/07yv9"", ""/m/02mk9""]","engine","[""engine"", ""Engine_starting"", ""Motor_vehicle_(road)"", ""Vehicle""]","audios/train\222607.wav"
"62878.wav","/m/03kmc9","[""/m/012f08"", ""/m/03kmc9"", ""/m/07yv9"", ""/m/07pp_mv""]","siren","[""siren"", ""alarm"", ""Motor_vehicle_(road)"", ""Vehicle""]","audios/train\62878.wav"
"162719.wav","/m/03kmc9","[""/m/012f08"", ""/m/03kmc9"", ""/m/07yv9"", ""/m/07pp_mv""]","siren","[""siren"", ""alarm"", ""Motor_vehicle_(road)"", ""Vehicle""]","audios/train\162719.wav"
"116664.wav","/m/03kmc9","[""/m/012f08"", ""/m/03kmc9"", ""/m/07yv9"", ""/m/07pp_mv""]","siren","[""siren"", ""alarm"", ""Motor_vehicle_(road)"", ""Vehicle""]","audios/train\116664.wav"
"268221.wav","/m/03kmc9","[""/m/012f08"", ""/m/03kmc9"", ""/m/07yv9"", ""/m/07pp_mv""]","siren","[""siren"", ""alarm"", ""Motor_vehicle_(road)"", ""Vehicle""]","audios/train\268221.wav"
"362942.wav","/m/07pb8fc","[""/m/07pb8fc"", ""/t/dd00130"", ""/m/012f08"", ""/m/07yv9"", ""/m/02mk9""]","engine","[""engine"", ""Engine_starting"", ""Motor_vehicle_(road)"", ""Vehicle""]","audios/train\362942.wav"
"362943.wav","/m/07pb8fc","[""/m/07pb8fc"", ""/t/dd00130"", ""/m/012f08"", ""/m/07yv9"", ""/m/02mk9""]","engine","[""engine"", ""Engine_starting"", ""Motor_vehicle_(road)"", ""Vehicle""]","audios/train\362943.wav"
"362944.wav","/m/07pb8fc","[""/m/07pb8fc"", ""/t/dd00130"", ""/m/012f08"", ""/m/07yv9"", ""/m/02mk9""]","engine","[""engine"", ""Engine_starting"", ""Motor_vehicle_(road)"", ""Vehicle""]","audios/train\362944.wav"
"393662.wav","/m/03kmc9","[""/m/012f08"", ""/m/03kmc9"", ""/m/07yv9"", ""/m/07pp_mv""]","siren","[""siren"", ""alarm"", ""Motor_vehicle_(road)"", ""Vehicle""]","audios/train\393662.wav"
"393665.wav","/m/03kmc9","[""/m/012f08"", ""/m/03kmc9"", ""/m/07yv9"", ""/m/07pp_mv""]","siren","[""siren"", ""alarm"", ""Motor_vehicle_(road)"", ""Vehicle""]","audios/train\393665.wav"
"393666.wav","/m/03kmc9","[""/m/012f08"", ""/m/03kmc9"", ""/m/07yv9"", ""/m/07pp_mv""]","siren","[""siren"", ""alarm"", ""Motor_vehicle_(road)"", ""Vehicle""]","audios/train\393666.wav"
"393667.wav","/m/03kmc9","[""/m/012f08"", ""/m/03kmc9"", ""/m/07yv9"", ""/m/07pp_mv""]","siren","[""siren"", ""alarm"", ""Motor_vehicle_(road)"", ""Vehicle""]","audios/train\393667.wav"
"203720.wav","/m/03kmc9","[""/m/012f08"", ""/m/03kmc9"", ""/m/07yv9"", ""/m/07pp_mv""]","siren","[""siren"", ""alarm"", ""Motor_vehicle_(road)"", ""Vehicle""]","audios/train\203720.wav"
"128459.wav","/m/03kmc9","[""/m/012f08"", ""/m/03kmc9"", ""/m/07yv9"", ""/m/07pp_mv""]","siren","[""siren"", ""alarm"", ""Motor_vehicle_(road)"", ""Vehicle""]","audios/train\128459.wav"
"256469.wav","/m/03kmc9","[""/m/012f08"", ""/m/03kmc9"", ""/m/07yv9"", ""/m/07pp_mv""]","siren","[""siren"", ""alarm"", ""Motor_vehicle_(road)"", ""Vehicle""]","audios/train\256469.wav"
"34280.wav","/m/03kmc9","[""/m/012f08"", ""/m/03kmc9"", ""/m/07yv9"", ""/m/07pp_mv""]","siren","[""siren"", ""alarm"", ""Motor_vehicle_(road)"", ""Vehicle""]","audios/train\34280.wav"
"93676.wav","/m/03kmc9","[""/m/012f08"", ""/m/03kmc9"", ""/m/07yv9"", ""/m/07pp_mv""]","siren","[""siren"", ""alarm"", ""Motor_vehicle_(road)"", ""Vehicle""]","audios/train\93676.wav"
"379376.wav","/m/02mk9","[""/t/dd00130"", ""/m/01bjv"", ""/m/012f08"", ""/m/07yv9"", ""/m/02mk9""]","engine","[""Engine_starting"", ""Bus"", ""Motor_vehicle_(road)"", ""engine"", ""Vehicle""]","audios/train\379376.wav"
"353265.wav","/m/03kmc9","[""/m/012f08"", ""/m/03kmc9"", ""/m/0k5j"", ""/m/07yv9"", ""/m/07pp_mv""]","siren","[""alarm"", ""siren"", ""Aircraft"", ""Motor_vehicle_(road)"", ""Vehicle""]","audios/train\353265.wav"
"368626.wav","/m/02mk9","[""/m/012f08"", ""/m/02mk9"", ""/m/07yv9""]","engine","[""engine"", ""Motor_vehicle_(road)"", ""Vehicle""]","audios/train\368626.wav"
"349171.wav","/m/02mk9","[""/m/012f08"", ""/m/02mk9"", ""/m/07yv9""]","engine","[""engine"", ""Motor_vehicle_(road)"", ""Vehicle""]","audios/train\349171.wav"
"379381.wav","/m/02mk9","[""/t/dd00130"", ""/m/01bjv"", ""/m/012f08"", ""/m/07yv9"", ""/m/02mk9""]","engine","[""Engine_starting"", ""Bus"", ""Motor_vehicle_(road)"", ""engine"", ""Vehicle""]","audios/train\379381.wav"
"379382.wav","/m/02mk9","[""/t/dd00130"", ""/m/01bjv"", ""/m/012f08"", ""/m/07yv9"", ""/m/02mk9""]","engine","[""Engine_starting"", ""Bus"", ""Motor_vehicle_(road)"", ""engine"", ""Vehicle""]","audios/train\379382.wav"
"379383.wav","/m/02mk9","[""/m/01bjv"", ""/m/012f08"", ""/m/02mk9"", ""/m/07yv9""]","engine","[""engine"", ""Vehicle"", ""Bus"", ""Motor_vehicle_(road)""]","audios/train\379383.wav"
"277508.wav","/m/03kmc9","[""/m/012f08"", ""/m/03kmc9"", ""/m/07yv9"", ""/m/07pp_mv""]","siren","[""siren"", ""alarm"", ""Motor_vehicle_(road)"", ""Vehicle""]","audios/train\277508.wav"
"379385.wav","/m/02mk9","[""/m/01bjv"", ""/m/012f08"", ""/m/02mk9"", ""/m/07yv9""]","engine","[""engine"", ""Vehicle"", ""Bus"", ""Motor_vehicle_(road)""]","audios/train\379385.wav"
"379386.wav","/m/02mk9","[""/t/dd00130"", ""/m/01bjv"", ""/m/012f08"", ""/m/07yv9"", ""/m/02mk9""]","engine","[""Engine_starting"", ""Bus"", ""Motor_vehicle_(road)"", ""engine"", ""Vehicle""]","audios/train\379386.wav"
"379389.wav","/m/02mk9","[""/m/01bjv"", ""/m/012f08"", ""/m/02mk9"", ""/m/07yv9""]","engine","[""engine"", ""Vehicle"", ""Bus"", ""Motor_vehicle_(road)""]","audios/train\379389.wav"
"115199.wav","/m/02mk9","[""/m/02mk9"", ""/m/0k4j"", ""/m/012f08"", ""/m/07yv9""]","engine","[""Car"", ""engine"", ""Motor_vehicle_(road)"", ""Vehicle""]","audios/train\115199.wav"
"386800.wav","/m/07pb8fc","[""/m/07pb8fc"", ""/t/dd00130"", ""/m/012f08"", ""/m/07yv9"", ""/m/02mk9""]","engine","[""engine"", ""Engine_starting"", ""Motor_vehicle_(road)"", ""Vehicle""]","audios/train\386800.wav"
"72113.wav","/m/02mk9","[""/m/039jq"", ""/m/02mk9"", ""/m/0k4j"", ""/m/012f08"", ""/m/07yv9""]","engine","[""Car"", ""Motor_vehicle_(road)"", ""engine"", ""Glass"", ""Vehicle""]","audios/train\72113.wav"
"186049.wav","/m/032s66","[""/m/039jq"", ""/m/032s66"", ""/m/014zdl""]","gun_shot","[""Glass"", ""gun_shot"", ""Explosion""]","audios/train\186049.wav"
"236064.wav","/m/0bt9lr","[""/m/05tny_"", ""/m/0jbk"", ""/m/0bt9lr"", ""/m/068hy""]","dog_bark","[""Bark"", ""Domestic_animals_and_pets"", ""Animal"", ""dog_bark""]","audios/train\236064.wav"
"236070.wav","/m/0bt9lr","[""/m/0bt9lr"", ""/m/0jbk"", ""/m/068hy""]","dog_bark","[""Domestic_animals_and_pets"", ""Animal"", ""dog_bark""]","audios/train\236070.wav"
"236082.wav","/m/0bt9lr","[""/m/0bt9lr"", ""/m/0jbk"", ""/m/068hy""]","dog_bark","[""Domestic_animals_and_pets"", ""Animal"", ""dog_bark""]","audios/train\236082.wav"
"236107.wav","/m/0bt9lr","[""/m/05tny_"", ""/m/0jbk"", ""/m/0bt9lr"", ""/m/068hy""]","dog_bark","[""Bark"", ""Domestic_animals_and_pets"", ""Animal"", ""dog_bark""]","audios/train\236107.wav"
"180300.wav","/m/03qc9zr","[""/m/03qc9zr"", ""/m/0jbk"", ""/m/09l8g""]","screaming","[""Human_voice"", ""screaming"", ""Animal""]","audios/train\180300.wav"
"236129.wav","/m/0bt9lr","[""/m/05tny_"", ""/m/0jbk"", ""/m/0bt9lr"", ""/m/068hy""]","dog_bark","[""Bark"", ""Domestic_animals_and_pets"", ""Animal"", ""dog_bark""]","audios/train\236129.wav"
"236130.wav","/m/0bt9lr","[""/m/05tny_"", ""/m/0jbk"", ""/m/0bt9lr"", ""/m/068hy""]","dog_bark","[""Bark"", ""Domestic_animals_and_pets"", ""Animal"", ""dog_bark""]","audios/train\236130.wav"
"236132.wav","/m/0bt9lr","[""/m/05tny_"", ""/m/0jbk"", ""/m/0bt9lr"", ""/m/068hy""]","dog_bark","[""Bark"", ""Domestic_animals_and_pets"", ""Animal"", ""dog_bark""]","audios/train\236132.wav"
"236164.wav","/m/0bt9lr","[""/m/05tny_"", ""/m/0jbk"", ""/m/0bt9lr"", ""/m/068hy""]","dog_bark","[""Bark"", ""Domestic_animals_and_pets"", ""Animal"", ""dog_bark""]","audios/train\236164.wav"
"236209.wav","/m/0bt9lr","[""/m/05tny_"", ""/m/0jbk"", ""/m/0bt9lr"", ""/m/068hy""]","dog_bark","[""Bark"", ""Domestic_animals_and_pets"", ""Animal"", ""dog_bark""]","audios/train\236209.wav"
"341178.wav","/m/0bt9lr","[""/m/0ghcn6"", ""/m/0jbk"", ""/m/0bt9lr"", ""/m/068hy""]","dog_bark","[""Domestic_animals_and_pets"", ""Animal"", ""dog_bark"", ""Growling""]","audios/train\341178.wav"
"236224.wav","/m/0bt9lr","[""/m/05tny_"", ""/m/0jbk"", ""/m/0bt9lr"", ""/m/068hy""]","dog_bark","[""Bark"", ""Domestic_animals_and_pets"", ""Animal"", ""dog_bark""]","audios/train\236224.wav"
"236231.wav","/m/0bt9lr","[""/m/05tny_"", ""/m/0jbk"", ""/m/0bt9lr"", ""/m/068hy""]","dog_bark","[""Bark"", ""Domestic_animals_and_pets"", ""Animal"", ""dog_bark""]","audios/train\236231.wav"
"236254.wav","/m/0bt9lr","[""/m/05tny_"", ""/m/0jbk"", ""/m/0bt9lr"", ""/m/068hy""]","dog_bark","[""Bark"", ""Domestic_animals_and_pets"", ""Animal"", ""dog_bark""]","audios/train\236254.wav"
"236268.wav","/m/0bt9lr","[""/m/05tny_"", ""/m/0jbk"", ""/m/0bt9lr"", ""/m/068hy""]","dog_bark","[""Bark"", ""Domestic_animals_and_pets"", ""Animal"", ""dog_bark""]","audios/train\236268.wav"
"236277.wav","/m/0bt9lr","[""/m/05tny_"", ""/m/0jbk"", ""/m/0bt9lr"", ""/m/068hy""]","dog_bark","[""Bark"", ""Domestic_animals_and_pets"", ""Animal"", ""dog_bark""]","audios/train\236277.wav"
"40964.wav","/m/07p6fty","[""/m/05zppz"", ""/m/07sr1lc"", ""/m/07p6fty"", ""/m/09x0r"", ""/m/09l8g""]","shout","[""shout"", ""Male_speech_and_man_speaking"", ""Yell"", ""Speech"", ""Human_voice""]","audios/train\40964.wav"
"402642.wav","/m/07p6fty","[""/m/05zppz"", ""/m/09x0r"", ""/m/07p6fty"", ""/m/09l8g""]","shout","[""Human_voice"", ""shout"", ""Male_speech_and_man_speaking"", ""Speech""]","audios/train\402642.wav"
"402643.wav","/m/07p6fty","[""/m/05zppz"", ""/m/09x0r"", ""/m/07p6fty"", ""/m/09l8g""]","shout","[""Human_voice"", ""shout"", ""Male_speech_and_man_speaking"", ""Speech""]","audios/train\402643.wav"
"402644.wav","/m/07p6fty","[""/m/05zppz"", ""/m/09x0r"", ""/m/07p6fty"", ""/m/09l8g""]","shout","[""Human_voice"", ""shout"", ""Male_speech_and_man_speaking"", ""Speech""]","audios/train\402644.wav"
"17643.wav","/m/07p6fty","[""/m/05zppz"", ""/m/07sr1lc"", ""/m/09x0r"", ""/m/09l8g"", ""/m/07p6fty""]","shout","[""shout"", ""Male_speech_and_man_speaking"", ""Yell"", ""Speech"", ""Human_voice""]","audios/train\17643.wav"
"223521.wav","/m/07p6fty","[""/m/05zppz"", ""/m/07sr1lc"", ""/m/01j3sz"", ""/m/09x0r"", ""/m/09l8g"", ""/m/07p6fty""]","shout","[""shout"", ""Male_speech_and_man_speaking"", ""Yell"", ""Laughter"", ""Speech"", ""Human_voice""]","audios/train\223521.wav"
"223527.wav","/m/07p6fty","[""/m/05zppz"", ""/m/07sr1lc"", ""/m/09x0r"", ""/m/09l8g"", ""/m/07p6fty""]","shout","[""shout"", ""Male_speech_and_man_speaking"", ""Yell"", ""Speech"", ""Human_voice""]","audios/train\223527.wav"
"261589.wav","/m/03kmc9","[""/m/05zppz"", ""/m/03kmc9"", ""/m/09x0r"", ""/m/09l8g"", ""/m/07pp_mv""]","siren","[""alarm"", ""Male_speech_and_man_speaking"", ""siren"", ""Speech"", ""Human_voice""]","audios/train\261589.wav"
"253611.wav","/m/07p6fty","[""/m/05zppz"", ""/m/07sr1lc"", ""/m/09x0r"", ""/m/09l8g"", ""/m/07p6fty""]","shout","[""shout"", ""Male_speech_and_man_speaking"", ""Yell"", ""Speech"", ""Human_voice""]","audios/train\253611.wav"
"422724.wav","/m/07p6fty","[""/m/05zppz"", ""/m/07p6fty"", ""/m/09x0r"", ""/m/09l8g""]","shout","[""Human_voice"", ""shout"", ""Male_speech_and_man_speaking"", ""Speech""]","audios/train\422724.wav"
"368525.wav","/m/07p6fty","[""/m/05zppz"", ""/m/07rkbfh"", ""/m/07sr1lc"", ""/m/01h8n0"", ""/t/dd00012"", ""/m/09x0r"", ""/m/09l8g"", ""/m/07p6fty""]","shout","[""Chatter"", ""shout"", ""Male_speech_and_man_speaking"", ""Yell"", ""Speech"", ""Human_group_actions"", ""Human_voice"", ""Conversation""]","audios/train\368525.wav"
"397299.wav","/m/07p6fty","[""/m/05zppz"", ""/m/09x0r"", ""/m/07p6fty"", ""/m/09l8g""]","shout","[""Human_voice"", ""shout"", ""Male_speech_and_man_speaking"", ""Speech""]","audios/train\397299.wav"
"184833.wav","/m/07p6fty","[""/m/05zppz"", ""/m/07rkbfh"", ""/m/03qtwd"", ""/m/053hz1"", ""/m/0l15bq"", ""/m/07p6fty"", ""/m/09x0r"", ""/m/09l8g"", ""/t/dd00012"", ""/m/0k65p""]","shout","[""Chatter"", ""shout"", ""Hands"", ""Male_speech_and_man_speaking"", ""Crowd"", ""Clapping"", ""Speech"", ""Human_group_actions"", ""Human_voice"", ""Cheering""]","audios/train\184833.wav"
"416732.wav","/m/03qc9zr","[""/m/05zppz"", ""/m/03qc9zr"", ""/m/07q7njn"", ""/m/09x0r"", ""/m/09l8g"", ""/m/039jq""]","screaming","[""Chink_and_clink"", ""Male_speech_and_man_speaking"", ""screaming"", ""Speech"", ""Human_voice"", ""Glass""]","audios/train\416732.wav"
"164057.wav","/m/07pb8fc","[""/m/05zppz"", ""/m/07pb8fc"", ""/t/dd00130"", ""/m/07q2z82"", ""/m/07yv9"", ""/m/09x0r"", ""/m/09l8g"", ""/m/02mk9""]","engine","[""Engine_starting"", ""Male_speech_and_man_speaking"", ""Accelerating_and_revving_and_vroom"", ""Speech"", ""Human_voice"", ""engine"", ""Vehicle""]","audios/train\164057.wav"
"369247.wav","/m/07pb8fc","[""/m/05zppz"", ""/m/07rjzl8"", ""/m/07pb8fc"", ""/t/dd00130"", ""/m/0k4j"", ""/m/09x0r"", ""/m/09l8g"", ""/m/012f08"", ""/m/07yv9"", ""/m/02dgv"", ""/t/dd00071"", ""/m/02mk9""]","engine","[""Engine_starting"", ""Male_speech_and_man_speaking"", ""Car"", ""Slam"", ""Domestic_sounds_and_home_sounds"", ""Motor_vehicle_(road)"", ""Speech"", ""Human_voice"", ""engine"", ""Door"", ""Vehicle""]","audios/train\369247.wav"
"420464.wav","/m/07pb8fc","[""/m/05zppz"", ""/m/07pb8fc"", ""/m/04_sv"", ""/m/07q2z82"", ""/m/09x0r"", ""/m/09l8g"", ""/m/02mk9"", ""/m/012f08"", ""/m/07yv9""]","engine","[""Male_speech_and_man_speaking"", ""Motorcycle"", ""Accelerating_and_revving_and_vroom"", ""Motor_vehicle_(road)"", ""Speech"", ""Human_voice"", ""engine"", ""Vehicle""]","audios/train\420464.wav"
"232274.wav","/m/07pb8fc","[""/m/05zppz"", ""/m/07pb8fc"", ""/m/0k4j"", ""/m/09x0r"", ""/m/09l8g"", ""/m/012f08"", ""/m/07yv9"", ""/m/02mk9""]","engine","[""Male_speech_and_man_speaking"", ""Car"", ""Motor_vehicle_(road)"", ""Speech"", ""Human_voice"", ""engine"", ""Vehicle""]","audios/train\232274.wav"
"324783.wav","/m/0btp2","[""/m/05zppz"", ""/m/02zsn"", ""/m/0btp2"", ""/m/01h8n0"", ""/m/09x0r"", ""/m/09l8g"", ""/m/012f08"", ""/m/07yv9""]","traffic_noise","[""Male_speech_and_man_speaking"", ""Female_speech_and_woman_speaking"", ""traffic_noise"", ""Motor_vehicle_(road)"", ""Speech"", ""Human_voice"", ""Conversation"", ""Vehicle""]","audios/train\324783.wav"
"349401.wav","/m/07p6fty","[""/m/05zppz"", ""/m/03qtwd"", ""/m/053hz1"", ""/t/dd00012"", ""/m/07p6fty"", ""/m/09x0r"", ""/m/09l8g""]","shout","[""shout"", ""Male_speech_and_man_speaking"", ""Crowd"", ""Speech"", ""Human_group_actions"", ""Human_voice"", ""Cheering""]","audios/train\349401.wav"
"69207.wav","/m/07pp_mv","[""/m/05zppz"", ""/m/07cx4"", ""/m/09x0r"", ""/m/09l8g"", ""/m/07pp_mv""]","alarm","[""telephone"", ""alarm"", ""Male_speech_and_man_speaking"", ""Speech"", ""Human_voice""]","audios/train\69207.wav"
"233766.wav","/m/02mk9","[""/m/05zppz"", ""/m/01h8n0"", ""/m/01bjv"", ""/m/02mk9"", ""/m/04rlf"", ""/m/09x0r"", ""/m/09l8g"", ""/m/012f08"", ""/m/07yv9""]","engine","[""Music"", ""Male_speech_and_man_speaking"", ""Bus"", ""Motor_vehicle_(road)"", ""Speech"", ""Human_voice"", ""engine"", ""Conversation"", ""Vehicle""]","audios/train\233766.wav"
"332914.wav","/m/07pp_mv","[""/m/07q6cd_"", ""/m/07rjzl8"", ""/m/07pp_mv"", ""/m/083vt"", ""/m/02dgv"", ""/t/dd00071""]","alarm","[""Squeak"", ""alarm"", ""Wood"", ""Slam"", ""Domestic_sounds_and_home_sounds"", ""Door""]","audios/train\332914.wav"
"22885.wav","/m/07pb8fc","[""/m/07q6cd_"", ""/m/07pb8fc"", ""/m/02mk9""]","engine","[""Squeak"", ""engine""]","audios/train\22885.wav"
"176641.wav","/m/02mk9","[""/m/07q6cd_"", ""/m/07q2z82"", ""/m/07yv9"", ""/m/02mk9""]","engine","[""Squeak"", ""Accelerating_and_revving_and_vroom"", ""engine"", ""Vehicle""]","audios/train\176641.wav"
"379916.wav","/m/07pp_mv","[""/m/07q6cd_"", ""/m/07rjzl8"", ""/m/07pp_mv"", ""/m/0k4j"", ""/m/012f08"", ""/m/07yv9"", ""/m/02dgv"", ""/t/dd00071""]","alarm","[""Squeak"", ""alarm"", ""Car"", ""Slam"", ""Domestic_sounds_and_home_sounds"", ""Motor_vehicle_(road)"", ""Door"", ""Vehicle""]","audios/train\379916.wav"
"72197.wav","/m/0btp2","[""/m/07q6cd_"", ""/m/07qn4z3"", ""/m/07rjzl8"", ""/m/0btp2"", ""/m/0395lw"", ""/m/02dgv"", ""/t/dd00071"", ""/m/012f08"", ""/m/07yv9""]","traffic_noise","[""Squeak"", ""Bell"", ""Slam"", ""Domestic_sounds_and_home_sounds"", ""traffic_noise"", ""Motor_vehicle_(road)"", ""Rattle"", ""Door"", ""Vehicle""]","audios/train\72197.wav"
"178849.wav","/m/07p6fty","[""/m/09x0r"", ""/m/07p6fty"", ""/m/09l8g""]","shout","[""Human_voice"", ""shout"", ""Speech""]","audios/train\178849.wav"
"187308.wav","/m/07p6fty","[""/m/0195fx"", ""/m/09x0r"", ""/m/07p6fty"", ""/m/09l8g"", ""/m/06d_3"", ""/m/07yv9""]","shout","[""shout"", ""Subway_and_metro_and_underground"", ""Speech"", ""Human_voice"", ""Rail_transport"", ""Vehicle""]","audios/train\187308.wav"
"181347.wav","/m/07p6fty","[""/m/09x0r"", ""/m/07p6fty"", ""/m/09l8g""]","shout","[""Human_voice"", ""shout"", ""Speech""]","audios/train\181347.wav"
"259609.wav","/m/0463cq4","[""/m/09x0r"", ""/m/0463cq4"", ""/m/09l8g""]","crying_and_sobbing","[""Human_voice"", ""crying_and_sobbing"", ""Speech""]","audios/train\259609.wav"
"100357.wav","/m/07pp_mv","[""/m/07pp_mv""]","alarm","[""alarm""]","audios/train\100357.wav"
"403471.wav","/m/07pp_mv","[""/m/07pp_mv""]","alarm","[""alarm""]","audios/train\403471.wav"
"403473.wav","/m/07pp_mv","[""/m/07pp_mv""]","alarm","[""alarm""]","audios/train\403473.wav"
"403474.wav","/m/07pp_mv","[""/m/07pp_mv""]","alarm","[""alarm""]","audios/train\403474.wav"
"104475.wav","/m/07pp_mv","[""/m/07pp_mv""]","alarm","[""alarm""]","audios/train\104475.wav"
"104476.wav","/m/07pp_mv","[""/m/07pp_mv""]","alarm","[""alarm""]","audios/train\104476.wav"
"327711.wav","/m/07pp_mv","[""/m/07pp_mv""]","alarm","[""alarm""]","audios/train\327711.wav"
"67616.wav","/m/07pp_mv","[""/m/07pp_mv""]","alarm","[""alarm""]","audios/train\67616.wav"
"69663.wav","/m/07pp_mv","[""/m/07pp_mv"", ""/m/019jd"", ""/m/07yv9""]","alarm","[""alarm"", ""Vehicle"", ""Boat_and_Water_vehicle""]","audios/train\69663.wav"
"102435.wav","/m/07pp_mv","[""/m/07pp_mv""]","alarm","[""alarm""]","audios/train\102435.wav"
"258089.wav","/m/07pp_mv","[""/m/07pp_mv""]","alarm","[""alarm""]","audios/train\258089.wav"
"249931.wav","/m/07pp_mv","[""/m/07pp_mv""]","alarm","[""alarm""]","audios/train\249931.wav"
"182351.wav","/m/07pp_mv","[""/m/07pp_mv""]","alarm","[""alarm""]","audios/train\182351.wav"
"223320.wav","/m/07pp_mv","[""/m/07pp_mv""]","alarm","[""alarm""]","audios/train\223320.wav"
"71778.wav","/m/07pp_mv","[""/m/07rjwbb"", ""/m/07pp_mv"", ""/m/07jdr"", ""/m/06d_3"", ""/m/07yv9""]","alarm","[""alarm"", ""Train"", ""Hiss"", ""Rail_transport"", ""Vehicle""]","audios/train\71778.wav"
"22627.wav","/m/07pp_mv","[""/m/07pp_mv""]","alarm","[""alarm""]","audios/train\22627.wav"
"110692.wav","/m/07pp_mv","[""/m/07pp_mv"", ""/m/07r04"", ""/m/012f08"", ""/m/07yv9""]","alarm","[""alarm"", ""Motor_vehicle_(road)"", ""Vehicle"", ""Truck""]","audios/train\110692.wav"
"100459.wav","/m/07pp_mv","[""/m/07pp_mv""]","alarm","[""alarm""]","audios/train\100459.wav"
"100460.wav","/m/07pp_mv","[""/m/07pp_mv""]","alarm","[""alarm""]","audios/train\100460.wav"
"100461.wav","/m/07pp_mv","[""/m/07pp_mv""]","alarm","[""alarm""]","audios/train\100461.wav"
"100462.wav","/m/07pp_mv","[""/m/07pp_mv""]","alarm","[""alarm""]","audios/train\100462.wav"
"219244.wav","/m/07pp_mv","[""/m/07pp_mv""]","alarm","[""alarm""]","audios/train\219244.wav"
"321676.wav","/m/07pp_mv","[""/m/07pp_mv""]","alarm","[""alarm""]","audios/train\321676.wav"
"321677.wav","/m/07pp_mv","[""/m/07pp_mv""]","alarm","[""alarm""]","audios/train\321677.wav"
"321678.wav","/m/07pp_mv","[""/m/07pp_mv""]","alarm","[""alarm""]","audios/train\321678.wav"
"258193.wav","/m/07pp_mv","[""/m/07pp_mv""]","alarm","[""alarm""]","audios/train\258193.wav"
"321684.wav","/m/07pp_mv","[""/m/07pp_mv""]","alarm","[""alarm""]","audios/train\321684.wav"
"264346.wav","/m/07pp_mv","[""/m/07cx4"", ""/m/07pp_mv""]","alarm","[""telephone"", ""alarm""]","audios/train\264346.wav"
"211103.wav","/m/07pp_mv","[""/m/07pp_mv"", ""/m/01x3z"", ""/t/dd00077""]","alarm","[""alarm"", ""Clock"", ""Mechanisms""]","audios/train\211103.wav"
"422051.wav","/m/07pp_mv","[""/m/07pp_mv"", ""/m/0k4j"", ""/m/012f08"", ""/m/07yv9""]","alarm","[""Car"", ""alarm"", ""Motor_vehicle_(road)"", ""Vehicle""]","audios/train\422051.wav"
"329893.wav","/m/07pp_mv","[""/m/07pp_mv"", ""/m/01x3z"", ""/t/dd00077""]","alarm","[""alarm"", ""Clock"", ""Mechanisms""]","audios/train\329893.wav"
"329894.wav","/m/07pp_mv","[""/m/07pp_mv""]","alarm","[""alarm""]","audios/train\329894.wav"
"329895.wav","/m/07pp_mv","[""/m/07pp_mv""]","alarm","[""alarm""]","audios/train\329895.wav"
"329896.wav","/m/07pp_mv","[""/m/07pp_mv""]","alarm","[""alarm""]","audios/train\329896.wav"
"333993.wav","/m/07pp_mv","[""/m/07pp_mv""]","alarm","[""alarm""]","audios/train\333993.wav"
"164006.wav","/m/07pp_mv","[""/m/07pp_mv""]","alarm","[""alarm""]","audios/train\164006.wav"
"233645.wav","/m/07pp_mv","[""/m/07pp_mv""]","alarm","[""alarm""]","audios/train\233645.wav"
"125102.wav","/m/07pp_mv","[""/m/07pp_mv""]","alarm","[""alarm""]","audios/train\125102.wav"
"270522.wav","/m/07pp_mv","[""/m/07pp_mv""]","alarm","[""alarm""]","audios/train\270522.wav"
"428221.wav","/m/07pp_mv","[""/m/07pp_mv""]","alarm","[""alarm""]","audios/train\428221.wav"
"18632.wav","/m/07pp_mv","[""/m/07pp_mv""]","alarm","[""alarm""]","audios/train\18632.wav"
"196838.wav","/m/07pp_mv","[""/m/07pp_mv""]","alarm","[""alarm""]","audios/train\196838.wav"
"164089.wav","/m/07pp_mv","[""/m/07pp_mv""]","alarm","[""alarm""]","audios/train\164089.wav"
"164090.wav","/m/07pp_mv","[""/m/07pp_mv""]","alarm","[""alarm""]","audios/train\164090.wav"
"325894.wav","/m/07pp_mv","[""/m/07pp_mv"", ""/m/0k4j"", ""/m/012f08"", ""/m/07yv9""]","alarm","[""Car"", ""alarm"", ""Motor_vehicle_(road)"", ""Vehicle""]","audios/train\325894.wav"
"327969.wav","/m/07pp_mv","[""/m/07pp_mv""]","alarm","[""alarm""]","audios/train\327969.wav"
"327970.wav","/m/07pp_mv","[""/m/07pp_mv""]","alarm","[""alarm""]","audios/train\327970.wav"
"270643.wav","/m/07pp_mv","[""/m/07pp_mv""]","alarm","[""alarm""]","audios/train\270643.wav"
"393524.wav","/m/07pp_mv","[""/m/07pp_mv""]","alarm","[""alarm""]","audios/train\393524.wav"
"106831.wav","/m/07pp_mv","[""/m/07pp_mv""]","alarm","[""alarm""]","audios/train\106831.wav"
"26960.wav","/m/07pp_mv","[""/m/07pp_mv""]","alarm","[""alarm""]","audios/train\26960.wav"
"26961.wav","/m/07pp_mv","[""/m/07pp_mv""]","alarm","[""alarm""]","audios/train\26961.wav"
"26962.wav","/m/07pp_mv","[""/m/07pp_mv""]","alarm","[""alarm""]","audios/train\26962.wav"
"26963.wav","/m/07pp_mv","[""/m/07pp_mv""]","alarm","[""alarm""]","audios/train\26963.wav"
"26964.wav","/m/07pp_mv","[""/m/07pp_mv""]","alarm","[""alarm""]","audios/train\26964.wav"
"26965.wav","/m/07pp_mv","[""/m/07pp_mv""]","alarm","[""alarm""]","audios/train\26965.wav"
"221522.wav","/m/07pp_mv","[""/m/07pp_mv""]","alarm","[""alarm""]","audios/train\221522.wav"
"22876.wav","/m/07pp_mv","[""/m/07pp_mv""]","alarm","[""alarm""]","audios/train\22876.wav"
"274806.wav","/m/07pp_mv","[""/m/07pp_mv""]","alarm","[""alarm""]","audios/train\274806.wav"
"389509.wav","/m/07pp_mv","[""/m/07pp_mv""]","alarm","[""alarm""]","audios/train\389509.wav"
"348551.wav","/m/07pp_mv","[""/m/07pp_mv""]","alarm","[""alarm""]","audios/train\348551.wav"
"250261.wav","/m/07pp_mv","[""/m/07pp_mv""]","alarm","[""alarm""]","audios/train\250261.wav"
"377249.wav","/m/07pp_mv","[""/m/07pp_mv"", ""/m/07r04"", ""/m/012f08"", ""/m/07yv9""]","alarm","[""alarm"", ""Motor_vehicle_(road)"", ""Vehicle"", ""Truck""]","audios/train\377249.wav"
"250285.wav","/m/07pp_mv","[""/m/07pp_mv""]","alarm","[""alarm""]","audios/train\250285.wav"
"129464.wav","/m/07pp_mv","[""/m/07pp_mv""]","alarm","[""alarm""]","audios/train\129464.wav"
"135613.wav","/m/07pp_mv","[""/m/07pp_mv""]","alarm","[""alarm""]","audios/train\135613.wav"
"72125.wav","/m/07pp_mv","[""/m/07pp_mv""]","alarm","[""alarm""]","audios/train\72125.wav"
"72126.wav","/m/07pp_mv","[""/m/07pp_mv""]","alarm","[""alarm""]","audios/train\72126.wav"
"72127.wav","/m/07pp_mv","[""/m/07pp_mv""]","alarm","[""alarm""]","audios/train\72127.wav"
"72128.wav","/m/07pp_mv","[""/m/07pp_mv""]","alarm","[""alarm""]","audios/train\72128.wav"
"72129.wav","/m/07pp_mv","[""/m/07pp_mv""]","alarm","[""alarm""]","audios/train\72129.wav"
"428484.wav","/m/07pp_mv","[""/m/07pp_mv"", ""/m/0k4j"", ""/m/012f08"", ""/m/07yv9""]","alarm","[""Car"", ""alarm"", ""Motor_vehicle_(road)"", ""Vehicle""]","audios/train\428484.wav"
"381382.wav","/m/07pp_mv","[""/m/07pp_mv""]","alarm","[""alarm""]","audios/train\381382.wav"
"25031.wav","/m/07pp_mv","[""/m/07pp_mv""]","alarm","[""alarm""]","audios/train\25031.wav"
"84423.wav","/m/07pp_mv","[""/m/07pp_mv""]","alarm","[""alarm""]","audios/train\84423.wav"
"25032.wav","/m/07pp_mv","[""/m/07pp_mv""]","alarm","[""alarm""]","audios/train\25032.wav"
"387532.wav","/m/07pp_mv","[""/m/07pp_mv""]","alarm","[""alarm""]","audios/train\387532.wav"
"344525.wav","/m/07pp_mv","[""/m/07pp_mv""]","alarm","[""alarm""]","audios/train\344525.wav"
"387534.wav","/m/07pp_mv","[""/m/07pp_mv""]","alarm","[""alarm""]","audios/train\387534.wav"
"211408.wav","/m/07pp_mv","[""/m/07pp_mv"", ""/m/0395lw""]","alarm","[""alarm"", ""Bell""]","audios/train\211408.wav"
"387537.wav","/m/07pp_mv","[""/m/07pp_mv""]","alarm","[""alarm""]","audios/train\387537.wav"
"166356.wav","/m/07pp_mv","[""/m/07pp_mv"", ""/m/09l8g""]","alarm","[""Human_voice"", ""alarm""]","audios/train\166356.wav"
"121306.wav","/m/07pp_mv","[""/m/07pp_mv""]","alarm","[""alarm""]","audios/train\121306.wav"
"147933.wav","/m/07pp_mv","[""/m/07pp_mv""]","alarm","[""alarm""]","audios/train\147933.wav"
"379373.wav","/m/07pp_mv","[""/m/01bjv"", ""/m/07pp_mv"", ""/m/012f08"", ""/m/07yv9""]","alarm","[""alarm"", ""Vehicle"", ""Bus"", ""Motor_vehicle_(road)""]","audios/train\379373.wav"
"428526.wav","/m/07pp_mv","[""/m/07pp_mv""]","alarm","[""alarm""]","audios/train\428526.wav"
"379375.wav","/m/07pp_mv","[""/m/01bjv"", ""/m/07pp_mv"", ""/m/012f08"", ""/m/07yv9""]","alarm","[""alarm"", ""Vehicle"", ""Bus"", ""Motor_vehicle_(road)""]","audios/train\379375.wav"
"238075.wav","/m/07pp_mv","[""/m/07pp_mv""]","alarm","[""alarm""]","audios/train\238075.wav"
"379387.wav","/m/07pp_mv","[""/m/01bjv"", ""/m/07pp_mv"", ""/m/012f08"", ""/m/07yv9""]","alarm","[""alarm"", ""Vehicle"", ""Bus"", ""Motor_vehicle_(road)""]","audios/train\379387.wav"
"379388.wav","/m/07pp_mv","[""/m/01bjv"", ""/m/07pp_mv"", ""/m/012f08"", ""/m/07yv9""]","alarm","[""alarm"", ""Vehicle"", ""Bus"", ""Motor_vehicle_(road)""]","audios/train\379388.wav"
"94735.wav","/m/07pp_mv","[""/m/07pp_mv""]","alarm","[""alarm""]","audios/train\94735.wav"
"203287.wav","/m/07pp_mv","[""/m/07pp_mv"", ""/m/0k4j"", ""/m/012f08"", ""/m/07yv9""]","alarm","[""Car"", ""alarm"", ""Motor_vehicle_(road)"", ""Vehicle""]","audios/train\203287.wav"
"268823.wav","/m/07pp_mv","[""/m/07pp_mv""]","alarm","[""alarm""]","audios/train\268823.wav"
"270883.wav","/m/07pp_mv","[""/m/07pp_mv""]","alarm","[""alarm""]","audios/train\270883.wav"
"150052.wav","/m/07pp_mv","[""/m/07pp_mv""]","alarm","[""alarm""]","audios/train\150052.wav"
"150053.wav","/m/07pp_mv","[""/m/07pp_mv""]","alarm","[""alarm""]","audios/train\150053.wav"
"51747.wav","/m/07pp_mv","[""/m/07pp_mv"", ""/m/0k4j"", ""/m/012f08"", ""/m/07yv9""]","alarm","[""Car"", ""alarm"", ""Motor_vehicle_(road)"", ""Vehicle""]","audios/train\51747.wav"
"350773.wav","/m/07pp_mv","[""/m/07pp_mv""]","alarm","[""alarm""]","audios/train\350773.wav"
"246328.wav","/m/07pp_mv","[""/m/07pp_mv""]","alarm","[""alarm""]","audios/train\246328.wav"
"426559.wav","/m/07pp_mv","[""/m/07pp_mv""]","alarm","[""alarm""]","audios/train\426559.wav"
"39514.wav","/m/07pp_mv","[""/m/07pp_mv""]","alarm","[""alarm""]","audios/train\39514.wav"
"371292.wav","/m/07pp_mv","[""/m/07pp_mv""]","alarm","[""alarm""]","audios/train\371292.wav"
"266848.wav","/m/07pp_mv","[""/m/07pp_mv""]","alarm","[""alarm""]","audios/train\266848.wav"
"35433.wav","/m/07pp_mv","[""/m/07pp_mv""]","alarm","[""alarm""]","audios/train\35433.wav"
"35436.wav","/m/07pp_mv","[""/m/07pp_mv""]","alarm","[""alarm""]","audios/train\35436.wav"
"35437.wav","/m/07pp_mv","[""/m/07pp_mv""]","alarm","[""alarm""]","audios/train\35437.wav"
"201325.wav","/m/07pp_mv","[""/m/07pp_mv""]","alarm","[""alarm""]","audios/train\201325.wav"
"35439.wav","/m/07pp_mv","[""/m/07pp_mv""]","alarm","[""alarm""]","audios/train\35439.wav"
"35441.wav","/m/07pp_mv","[""/m/07pp_mv""]","alarm","[""alarm""]","audios/train\35441.wav"
"96890.wav","/m/07pp_mv","[""/m/07pp_mv""]","alarm","[""alarm""]","audios/train\96890.wav"
"342663.wav","/m/07pp_mv","[""/m/07pp_mv""]","alarm","[""alarm""]","audios/train\342663.wav"
"342664.wav","/m/07pp_mv","[""/m/07pp_mv""]","alarm","[""alarm""]","audios/train\342664.wav"
"389775.wav","/m/07pp_mv","[""/m/07pp_mv""]","alarm","[""alarm""]","audios/train\389775.wav"
"70289.wav","/m/07pp_mv","[""/m/07pp_mv""]","alarm","[""alarm""]","audios/train\70289.wav"
"324248.wav","/m/07pp_mv","[""/m/07pp_mv""]","alarm","[""alarm""]","audios/train\324248.wav"
"98973.wav","/m/07pp_mv","[""/m/07pp_mv"", ""/m/0k4j"", ""/m/012f08"", ""/m/07yv9""]","alarm","[""Car"", ""alarm"", ""Motor_vehicle_(road)"", ""Vehicle""]","audios/train\98973.wav"
"414366.wav","/m/07pp_mv","[""/m/07pp_mv""]","alarm","[""alarm""]","audios/train\414366.wav"
"266924.wav","/m/07pp_mv","[""/m/0195fx"", ""/m/07pp_mv"", ""/m/06d_3"", ""/m/07yv9""]","alarm","[""alarm"", ""Rail_transport"", ""Vehicle"", ""Subway_and_metro_and_underground""]","audios/train\266924.wav"
"139958.wav","/m/07pp_mv","[""/m/07pp_mv""]","alarm","[""alarm""]","audios/train\139958.wav"
"404161.wav","/m/07pp_mv","[""/m/07pp_mv""]","alarm","[""alarm""]","audios/train\404161.wav"
"262853.wav","/m/07pp_mv","[""/m/07pp_mv""]","alarm","[""alarm""]","audios/train\262853.wav"
"96973.wav","/m/07pp_mv","[""/m/07pp_mv""]","alarm","[""alarm""]","audios/train\96973.wav"
"271063.wav","/m/02mk9","[""/m/07pp_mv"", ""/m/02mk9"", ""/m/07jdr"", ""/m/06d_3"", ""/m/07yv9""]","engine","[""alarm"", ""Train"", ""engine"", ""Rail_transport"", ""Vehicle""]","audios/train\271063.wav"
"33497.wav","/m/07pp_mv","[""/m/07pp_mv""]","alarm","[""alarm""]","audios/train\33497.wav"
"262878.wav","/m/07pp_mv","[""/m/07pp_mv""]","alarm","[""alarm""]","audios/train\262878.wav"
"92897.wav","/m/07pp_mv","[""/m/07pp_mv""]","alarm","[""alarm""]","audios/train\92897.wav"
"74471.wav","/m/07pp_mv","[""/m/07pp_mv"", ""/m/019jd"", ""/m/07yv9""]","alarm","[""alarm"", ""Vehicle"", ""Boat_and_Water_vehicle""]","audios/train\74471.wav"
"74474.wav","/m/07pp_mv","[""/m/07pp_mv""]","alarm","[""alarm""]","audios/train\74474.wav"
"262897.wav","/m/07pp_mv","[""/m/07pp_mv""]","alarm","[""alarm""]","audios/train\262897.wav"
"262900.wav","/m/07pp_mv","[""/m/07pp_mv""]","alarm","[""alarm""]","audios/train\262900.wav"
"250629.wav","/m/07pp_mv","[""/m/07pp_mv""]","alarm","[""alarm""]","audios/train\250629.wav"
"340750.wav","/m/07pp_mv","[""/m/07pp_mv""]","alarm","[""alarm""]","audios/train\340750.wav"
"203539.wav","/m/07pp_mv","[""/m/07pp_mv""]","alarm","[""alarm""]","audios/train\203539.wav"
"203540.wav","/m/07pp_mv","[""/m/07pp_mv""]","alarm","[""alarm""]","audios/train\203540.wav"
"250654.wav","/m/07pp_mv","[""/m/07pp_mv""]","alarm","[""alarm""]","audios/train\250654.wav"
"273187.wav","/m/07pp_mv","[""/m/07pp_mv""]","alarm","[""alarm""]","audios/train\273187.wav"
"52004.wav","/m/07pp_mv","[""/m/07pp_mv"", ""/m/02dgv"", ""/t/dd00071""]","alarm","[""alarm"", ""Door"", ""Domestic_sounds_and_home_sounds""]","audios/train\52004.wav"
"156453.wav","/m/07pp_mv","[""/m/07pp_mv""]","alarm","[""alarm""]","audios/train\156453.wav"
"148266.wav","/m/07pp_mv","[""/m/07pp_mv"", ""/m/02dgv"", ""/m/07jdr"", ""/m/07yv9"", ""/t/dd00071"", ""/m/06d_3""]","alarm","[""alarm"", ""Train"", ""Domestic_sounds_and_home_sounds"", ""Rail_transport"", ""Door"", ""Vehicle""]","audios/train\148266.wav"
"398123.wav","/m/07pp_mv","[""/m/07pp_mv""]","alarm","[""alarm""]","audios/train\398123.wav"
"238390.wav","/m/07pp_mv","[""/m/07pp_mv""]","alarm","[""alarm""]","audios/train\238390.wav"
"265017.wav","/m/07pp_mv","[""/m/0dv3j"", ""/m/07pp_mv"", ""/m/04k94""]","alarm","[""Boiling"", ""alarm"", ""Liquid""]","audios/train\265017.wav"
"324415.wav","/m/07pp_mv","[""/m/07pp_mv""]","alarm","[""alarm""]","audios/train\324415.wav"
"148297.wav","/m/07pp_mv","[""/m/07pp_mv""]","alarm","[""alarm""]","audios/train\148297.wav"
"93020.wav","/m/07pp_mv","[""/m/07pp_mv""]","alarm","[""alarm""]","audios/train\93020.wav"
"334684.wav","/m/07pp_mv","[""/m/07rjzl8"", ""/m/07pp_mv"", ""/m/02dgv"", ""/t/dd00071""]","alarm","[""Slam"", ""alarm"", ""Door"", ""Domestic_sounds_and_home_sounds""]","audios/train\334684.wav"
"396137.wav","/m/07pp_mv","[""/m/07pp_mv"", ""/m/0k4j"", ""/m/012f08"", ""/m/07yv9""]","alarm","[""Car"", ""alarm"", ""Motor_vehicle_(road)"", ""Vehicle""]","audios/train\396137.wav"
"324459.wav","/m/07pp_mv","[""/m/07pp_mv""]","alarm","[""alarm""]","audios/train\324459.wav"
"82797.wav","/m/07pp_mv","[""/m/07pp_mv""]","alarm","[""alarm""]","audios/train\82797.wav"
"185199.wav","/m/07pp_mv","[""/m/07pp_mv""]","alarm","[""alarm""]","audios/train\185199.wav"
"9077.wav","/m/07pp_mv","[""/m/07pp_mv""]","alarm","[""alarm""]","audios/train\9077.wav"
"213890.wav","/m/07pp_mv","[""/m/02zsn"", ""/m/07pbtc8"", ""/m/0195fx"", ""/m/02y_763"", ""/m/07pp_mv"", ""/m/09x0r"", ""/m/09l8g"", ""/m/06d_3"", ""/m/07yv9"", ""/m/02dgv"", ""/t/dd00071""]","alarm","[""Walk_and_footsteps"", ""alarm"", ""Sliding_door"", ""Domestic_sounds_and_home_sounds"", ""Subway_and_metro_and_underground"", ""Female_speech_and_woman_speaking"", ""Speech"", ""Human_voice"", ""Rail_transport"", ""Door"", ""Vehicle""]","audios/train\213890.wav"
"217989.wav","/m/07pp_mv","[""/m/07pp_mv"", ""/m/0k4j"", ""/m/012f08"", ""/m/07yv9""]","alarm","[""Car"", ""alarm"", ""Motor_vehicle_(road)"", ""Vehicle""]","audios/train\217989.wav"
"207751.wav","/m/07pp_mv","[""/m/07pp_mv""]","alarm","[""alarm""]","audios/train\207751.wav"
"367500.wav","/m/07pp_mv","[""/m/07pp_mv""]","alarm","[""alarm""]","audios/train\367500.wav"
"418705.wav","/m/07pp_mv","[""/m/07pp_mv""]","alarm","[""alarm""]","audios/train\418705.wav"
"423929.wav","/m/07pp_mv","[""/m/07pp_mv""]","alarm","[""alarm""]","audios/train\423929.wav"
"158622.wav","/m/07pp_mv","[""/m/07pp_mv""]","alarm","[""alarm""]","audios/train\158622.wav"
"338853.wav","/m/07pp_mv","[""/m/07pp_mv""]","alarm","[""alarm""]","audios/train\338853.wav"
"103335.wav","/m/07pp_mv","[""/m/07pp_mv""]","alarm","[""alarm""]","audios/train\103335.wav"
"273320.wav","/m/07pp_mv","[""/m/07pp_mv"", ""/m/0g6b5"", ""/m/014zdl""]","alarm","[""Explosion"", ""alarm"", ""Fireworks""]","audios/train\273320.wav"
"54193.wav","/m/07pp_mv","[""/m/07pp_mv""]","alarm","[""alarm""]","audios/train\54193.wav"
"33723.wav","/m/07pp_mv","[""/m/07pp_mv""]","alarm","[""alarm""]","audios/train\33723.wav"
"33724.wav","/m/07pp_mv","[""/m/07pp_mv""]","alarm","[""alarm""]","audios/train\33724.wav"
"33725.wav","/m/07pp_mv","[""/m/07pp_mv""]","alarm","[""alarm""]","audios/train\33725.wav"
"33726.wav","/m/07pp_mv","[""/m/07pp_mv""]","alarm","[""alarm""]","audios/train\33726.wav"
"33727.wav","/m/07pp_mv","[""/m/07pp_mv""]","alarm","[""alarm""]","audios/train\33727.wav"
"33728.wav","/m/07pp_mv","[""/m/07pp_mv""]","alarm","[""alarm""]","audios/train\33728.wav"
"33729.wav","/m/07pp_mv","[""/m/07pp_mv""]","alarm","[""alarm""]","audios/train\33729.wav"
"33730.wav","/m/07pp_mv","[""/m/07pp_mv""]","alarm","[""alarm""]","audios/train\33730.wav"
"33731.wav","/m/07pp_mv","[""/m/07pp_mv""]","alarm","[""alarm""]","audios/train\33731.wav"
"33732.wav","/m/07pp_mv","[""/m/07pp_mv""]","alarm","[""alarm""]","audios/train\33732.wav"
"33733.wav","/m/07pp_mv","[""/m/07pp_mv""]","alarm","[""alarm""]","audios/train\33733.wav"
"33734.wav","/m/07pp_mv","[""/m/07pp_mv""]","alarm","[""alarm""]","audios/train\33734.wav"
"33735.wav","/m/07pp_mv","[""/m/07pp_mv""]","alarm","[""alarm""]","audios/train\33735.wav"
"33736.wav","/m/07pp_mv","[""/m/07pp_mv""]","alarm","[""alarm""]","audios/train\33736.wav"
"33737.wav","/m/07pp_mv","[""/m/07pp_mv""]","alarm","[""alarm""]","audios/train\33737.wav"
"33738.wav","/m/07pp_mv","[""/m/07pp_mv""]","alarm","[""alarm""]","audios/train\33738.wav"
"216009.wav","/m/07pp_mv","[""/m/02zsn"", ""/m/07pbtc8"", ""/m/02y_763"", ""/m/07pp_mv"", ""/m/09x0r"", ""/m/09l8g"", ""/m/02dgv"", ""/t/dd00071""]","alarm","[""Walk_and_footsteps"", ""alarm"", ""Sliding_door"", ""Domestic_sounds_and_home_sounds"", ""Female_speech_and_woman_speaking"", ""Speech"", ""Human_voice"", ""Door""]","audios/train\216009.wav"
"33740.wav","/m/07pp_mv","[""/m/07pp_mv""]","alarm","[""alarm""]","audios/train\33740.wav"
"33741.wav","/m/07pp_mv","[""/m/07pp_mv""]","alarm","[""alarm""]","audios/train\33741.wav"
"33742.wav","/m/07pp_mv","[""/m/07pp_mv""]","alarm","[""alarm""]","audios/train\33742.wav"
"33739.wav","/m/07pp_mv","[""/m/07pp_mv""]","alarm","[""alarm""]","audios/train\33739.wav"
"340942.wav","/m/07pp_mv","[""/m/07pp_mv""]","alarm","[""alarm""]","audios/train\340942.wav"
"33744.wav","/m/07pp_mv","[""/m/07pp_mv""]","alarm","[""alarm""]","audios/train\33744.wav"
"33743.wav","/m/07pp_mv","[""/m/07pp_mv""]","alarm","[""alarm""]","audios/train\33743.wav"
"99282.wav","/m/07pp_mv","[""/m/07pp_mv""]","alarm","[""alarm""]","audios/train\99282.wav"
"33748.wav","/m/07pp_mv","[""/m/07pp_mv""]","alarm","[""alarm""]","audios/train\33748.wav"
"33749.wav","/m/07pp_mv","[""/m/07pp_mv""]","alarm","[""alarm""]","audios/train\33749.wav"
"33745.wav","/m/07pp_mv","[""/m/07pp_mv""]","alarm","[""alarm""]","audios/train\33745.wav"
"33746.wav","/m/07pp_mv","[""/m/07pp_mv""]","alarm","[""alarm""]","audios/train\33746.wav"
"33747.wav","/m/07pp_mv","[""/m/07pp_mv""]","alarm","[""alarm""]","audios/train\33747.wav"
"33751.wav","/m/07pp_mv","[""/m/07pp_mv""]","alarm","[""alarm""]","audios/train\33751.wav"
"33750.wav","/m/07pp_mv","[""/m/07pp_mv""]","alarm","[""alarm""]","audios/train\33750.wav"
"33752.wav","/m/07pp_mv","[""/m/07pp_mv""]","alarm","[""alarm""]","audios/train\33752.wav"
"404456.wav","/m/07pp_mv","[""/m/07pp_mv""]","alarm","[""alarm""]","audios/train\404456.wav"
"199657.wav","/m/07pp_mv","[""/m/07pp_mv"", ""/m/03vt0"", ""/m/01280g"", ""/m/0jbk""]","alarm","[""alarm"", ""Wild_animals"", ""Animal"", ""Insect""]","audios/train\199657.wav"
"324586.wav","/m/07pp_mv","[""/m/07pp_mv""]","alarm","[""alarm""]","audios/train\324586.wav"
"132074.wav","/m/07pp_mv","[""/m/07pp_mv""]","alarm","[""alarm""]","audios/train\132074.wav"
"156672.wav","/m/07pp_mv","[""/m/07pp_mv""]","alarm","[""alarm""]","audios/train\156672.wav"
"336897.wav","/m/07pp_mv","[""/m/07pp_mv""]","alarm","[""alarm""]","audios/train\336897.wav"
"336896.wav","/m/07pp_mv","[""/m/07pp_mv""]","alarm","[""alarm""]","audios/train\336896.wav"
"277510.wav","/m/07pp_mv","[""/m/03wwcy"", ""/m/07pp_mv"", ""/m/02dgv"", ""/t/dd00071""]","alarm","[""alarm"", ""Door"", ""doorbell"", ""Domestic_sounds_and_home_sounds""]","audios/train\277510.wav"
"58388.wav","/m/07pp_mv","[""/m/0ltv"", ""/m/07pp_mv"", ""/m/0k4j"", ""/m/012f08"", ""/m/07yv9""]","alarm","[""alarm"", ""Car"", ""Motor_vehicle_(road)"", ""Race_car_and_auto_racing"", ""Vehicle""]","audios/train\58388.wav"
"128021.wav","/m/07pp_mv","[""/m/07pp_mv""]","alarm","[""alarm""]","audios/train\128021.wav"
"322581.wav","/m/07pp_mv","[""/m/07pp_mv""]","alarm","[""alarm""]","audios/train\322581.wav"
"48151.wav","/m/07pp_mv","[""/m/07pp_mv""]","alarm","[""alarm""]","audios/train\48151.wav"
"322582.wav","/m/07pp_mv","[""/m/07pp_mv""]","alarm","[""alarm""]","audios/train\322582.wav"
"216090.wav","/m/07pp_mv","[""/m/07pp_mv""]","alarm","[""alarm""]","audios/train\216090.wav"
"37915.wav","/m/07pp_mv","[""/m/07pp_mv""]","alarm","[""alarm""]","audios/train\37915.wav"
"271389.wav","/m/07pp_mv","[""/m/07pp_mv""]","alarm","[""alarm""]","audios/train\271389.wav"
"117793.wav","/m/07pp_mv","[""/m/07pp_mv""]","alarm","[""alarm""]","audios/train\117793.wav"
"62502.wav","/m/07pp_mv","[""/m/07pp_mv""]","alarm","[""alarm""]","audios/train\62502.wav"
"121904.wav","/m/07pp_mv","[""/m/07rjwbb"", ""/m/07pp_mv""]","alarm","[""alarm"", ""Hiss""]","audios/train\121904.wav"
"121908.wav","/m/07pp_mv","[""/m/07pp_mv""]","alarm","[""alarm""]","audios/train\121908.wav"
"361537.wav","/m/07pp_mv","[""/m/03qtwd"", ""/m/07pp_mv"", ""/t/dd00012""]","alarm","[""alarm"", ""Crowd"", ""Human_group_actions""]","audios/train\361537.wav"
"76878.wav","/m/0bt9lr","[""/m/07pp_mv"", ""/m/0bt9lr"", ""/m/068hy"", ""/m/0jbk""]","dog_bark","[""alarm"", ""Domestic_animals_and_pets"", ""Animal"", ""dog_bark""]","audios/train\76878.wav"
"197713.wav","/m/07pp_mv","[""/m/07pp_mv""]","alarm","[""alarm""]","audios/train\197713.wav"
"418898.wav","/m/07pp_mv","[""/m/07pp_mv""]","alarm","[""alarm""]","audios/train\418898.wav"
"111707.wav","/m/07pp_mv","[""/m/07pp_mv""]","alarm","[""alarm""]","audios/train\111707.wav"
"365667.wav","/m/07pp_mv","[""/m/07pp_mv""]","alarm","[""alarm""]","audios/train\365667.wav"
"78948.wav","/m/07pp_mv","[""/m/07pp_mv""]","alarm","[""alarm""]","audios/train\78948.wav"
"371836.wav","/m/07pp_mv","[""/m/07pp_mv""]","alarm","[""alarm""]","audios/train\371836.wav"
"205951.wav","/m/07pp_mv","[""/m/07pp_mv""]","alarm","[""alarm""]","audios/train\205951.wav"
"201855.wav","/m/07pp_mv","[""/m/07pp_mv""]","alarm","[""alarm""]","audios/train\201855.wav"
"185474.wav","/m/07pp_mv","[""/m/07pp_mv"", ""/m/0k4j"", ""/m/07yv9"", ""/m/012f08""]","alarm","[""Car"", ""alarm"", ""Motor_vehicle_(road)"", ""Vehicle""]","audios/train\185474.wav"
"390278.wav","/m/07pp_mv","[""/m/07qjznl"", ""/m/07pp_mv"", ""/m/01x3z"", ""/t/dd00077""]","alarm","[""Mechanisms"", ""alarm"", ""Clock"", ""Tick-tock""]","audios/train\390278.wav"
"128138.wav","/m/07pp_mv","[""/m/07pp_mv""]","alarm","[""alarm""]","audios/train\128138.wav"
"156831.wav","/m/07pp_mv","[""/m/07pp_mv""]","alarm","[""alarm""]","audios/train\156831.wav"
"369847.wav","/m/07pp_mv","[""/m/07pp_mv""]","alarm","[""alarm""]","audios/train\369847.wav"
"201917.wav","/m/07pp_mv","[""/m/07pp_mv""]","alarm","[""alarm""]","audios/train\201917.wav"
"244927.wav","/m/07pp_mv","[""/m/07pp_mv""]","alarm","[""alarm""]","audios/train\244927.wav"
"244932.wav","/m/07pp_mv","[""/m/07pp_mv""]","alarm","[""alarm""]","audios/train\244932.wav"
"400583.wav","/m/07pp_mv","[""/m/07pp_mv""]","alarm","[""alarm""]","audios/train\400583.wav"
"419023.wav","/m/07pp_mv","[""/m/07pp_mv""]","alarm","[""alarm""]","audios/train\419023.wav"
"34005.wav","/m/07pp_mv","[""/m/07pp_mv""]","alarm","[""alarm""]","audios/train\34005.wav"
"369879.wav","/m/07pp_mv","[""/m/07pp_mv""]","alarm","[""alarm""]","audios/train\369879.wav"
"185560.wav","/m/07pp_mv","[""/m/07pp_mv"", ""/m/01x3z"", ""/t/dd00077""]","alarm","[""alarm"", ""Clock"", ""Mechanisms""]","audios/train\185560.wav"
"369880.wav","/m/07pp_mv","[""/m/07pp_mv""]","alarm","[""alarm""]","audios/train\369880.wav"
"255193.wav","/m/07pp_mv","[""/m/07pp_mv""]","alarm","[""alarm""]","audios/train\255193.wav"
"255194.wav","/m/07pp_mv","[""/m/07pp_mv""]","alarm","[""alarm""]","audios/train\255194.wav"
"255195.wav","/m/07pp_mv","[""/m/07pp_mv""]","alarm","[""alarm""]","audios/train\255195.wav"
"367839.wav","/m/07pp_mv","[""/m/07pp_mv""]","alarm","[""alarm""]","audios/train\367839.wav"
"410851.wav","/m/07pp_mv","[""/m/07pp_mv""]","alarm","[""alarm""]","audios/train\410851.wav"
"269541.wav","/m/07pp_mv","[""/m/07pp_mv""]","alarm","[""alarm""]","audios/train\269541.wav"
"423141.wav","/m/07pp_mv","[""/m/07pp_mv""]","alarm","[""alarm""]","audios/train\423141.wav"
"169209.wav","/m/07pp_mv","[""/m/07pp_mv"", ""/m/09l8g""]","alarm","[""Human_voice"", ""alarm""]","audios/train\169209.wav"
"154894.wav","/m/07pp_mv","[""/m/07pp_mv""]","alarm","[""alarm""]","audios/train\154894.wav"
"382236.wav","/m/07pp_mv","[""/m/07pp_mv""]","alarm","[""alarm""]","audios/train\382236.wav"
"245028.wav","/m/07pp_mv","[""/m/07pp_mv""]","alarm","[""alarm""]","audios/train\245028.wav"
"13613.wav","/m/07pp_mv","[""/m/07pp_mv""]","alarm","[""alarm""]","audios/train\13613.wav"
"99630.wav","/m/07pp_mv","[""/m/07pp_mv"", ""/m/05kq4"", ""/m/019jd"", ""/m/0838f"", ""/m/07yv9""]","alarm","[""alarm"", ""Boat_and_Water_vehicle"", ""Water"", ""Vehicle"", ""Ocean""]","audios/train\99630.wav"
"249150.wav","/m/07pp_mv","[""/m/07pp_mv""]","alarm","[""alarm""]","audios/train\249150.wav"
"36170.wav","/m/07pp_mv","[""/m/07pp_mv""]","alarm","[""alarm""]","audios/train\36170.wav"
"365903.wav","/m/07pp_mv","[""/m/07pp_mv"", ""/m/0k4j"", ""/m/012f08"", ""/m/07yv9""]","alarm","[""Car"", ""alarm"", ""Motor_vehicle_(road)"", ""Vehicle""]","audios/train\365903.wav"
"83280.wav","/m/07pp_mv","[""/m/07pp_mv""]","alarm","[""alarm""]","audios/train\83280.wav"
"56671.wav","/m/07pp_mv","[""/m/07pp_mv""]","alarm","[""alarm""]","audios/train\56671.wav"
"353635.wav","/m/07pp_mv","[""/m/07pp_mv""]","alarm","[""alarm""]","audios/train\353635.wav"
"337257.wav","/m/07pp_mv","[""/m/07pp_mv""]","alarm","[""alarm""]","audios/train\337257.wav"
"185708.wav","/m/07pp_mv","[""/m/07pp_mv""]","alarm","[""alarm""]","audios/train\185708.wav"
"21871.wav","/m/07pp_mv","[""/m/07pp_mv""]","alarm","[""alarm""]","audios/train\21871.wav"
"372087.wav","/m/07pp_mv","[""/m/07pp_mv""]","alarm","[""alarm""]","audios/train\372087.wav"
"361856.wav","/m/07pp_mv","[""/m/07pp_mv""]","alarm","[""alarm""]","audios/train\361856.wav"
"253313.wav","/m/07pp_mv","[""/m/07pp_mv""]","alarm","[""alarm""]","audios/train\253313.wav"
"253314.wav","/m/07pp_mv","[""/m/07pp_mv""]","alarm","[""alarm""]","audios/train\253314.wav"
"253315.wav","/m/07pp_mv","[""/m/07pp_mv""]","alarm","[""alarm""]","audios/train\253315.wav"
"253316.wav","/m/07pp_mv","[""/m/07pp_mv""]","alarm","[""alarm""]","audios/train\253316.wav"
"335248.wav","/m/07pp_mv","[""/m/07pp_mv""]","alarm","[""alarm""]","audios/train\335248.wav"
"341395.wav","/m/07pp_mv","[""/m/07pp_mv""]","alarm","[""alarm""]","audios/train\341395.wav"
"400792.wav","/m/07pp_mv","[""/m/07pp_mv""]","alarm","[""alarm""]","audios/train\400792.wav"
"345497.wav","/m/07pp_mv","[""/m/07pp_mv""]","alarm","[""alarm""]","audios/train\345497.wav"
"66973.wav","/m/07pp_mv","[""/m/07pp_mv""]","alarm","[""alarm""]","audios/train\66973.wav"
"167337.wav","/m/07pp_mv","[""/m/07pp_mv""]","alarm","[""alarm""]","audios/train\167337.wav"
"316843.wav","/m/07pp_mv","[""/m/07pp_mv""]","alarm","[""alarm""]","audios/train\316843.wav"
"318910.wav","/m/07pp_mv","[""/m/07pp_mv""]","alarm","[""alarm""]","audios/train\318910.wav"
"67010.wav","/m/07pp_mv","[""/m/07pp_mv"", ""/m/02dgv"", ""/t/dd00071""]","alarm","[""alarm"", ""Door"", ""Domestic_sounds_and_home_sounds""]","audios/train\67010.wav"
"347586.wav","/m/07pp_mv","[""/m/07pp_mv""]","alarm","[""alarm""]","audios/train\347586.wav"
"150981.wav","/m/07pp_mv","[""/m/07pp_mv"", ""/m/0k4j"", ""/m/012f08"", ""/m/07yv9""]","alarm","[""Car"", ""alarm"", ""Motor_vehicle_(road)"", ""Vehicle""]","audios/train\150981.wav"
"275910.wav","/m/07pp_mv","[""/m/07pp_mv""]","alarm","[""alarm""]","audios/train\275910.wav"
"15813.wav","/m/07pp_mv","[""/m/07pp_mv""]","alarm","[""alarm""]","audios/train\15813.wav"
"323016.wav","/m/07pp_mv","[""/m/07pp_mv""]","alarm","[""alarm""]","audios/train\323016.wav"
"9674.wav","/m/07pp_mv","[""/m/07pp_mv""]","alarm","[""alarm""]","audios/train\9674.wav"
"93643.wav","/m/03kmc9","[""/m/03kmc9"", ""/m/07pp_mv""]","siren","[""alarm"", ""siren""]","audios/train\93643.wav"
"323019.wav","/m/07pp_mv","[""/m/07pp_mv""]","alarm","[""alarm""]","audios/train\323019.wav"
"251341.wav","/m/07pp_mv","[""/m/07pp_mv""]","alarm","[""alarm""]","audios/train\251341.wav"
"249304.wav","/m/07pp_mv","[""/m/07pp_mv""]","alarm","[""alarm""]","audios/train\249304.wav"
"318945.wav","/m/07pp_mv","[""/m/07pp_mv""]","alarm","[""alarm""]","audios/train\318945.wav"
"171493.wav","/m/07pp_mv","[""/m/07pp_mv""]","alarm","[""alarm""]","audios/train\171493.wav"
"171496.wav","/m/07pp_mv","[""/m/07pp_mv""]","alarm","[""alarm""]","audios/train\171496.wav"
"67048.wav","/m/07pp_mv","[""/m/07pp_mv""]","alarm","[""alarm""]","audios/train\67048.wav"
"89589.wav","/m/07pp_mv","[""/m/07pp_mv""]","alarm","[""alarm""]","audios/train\89589.wav"
"171515.wav","/m/07pp_mv","[""/m/07pp_mv""]","alarm","[""alarm""]","audios/train\171515.wav"
"400894.wav","/m/07pp_mv","[""/m/07pp_mv""]","alarm","[""alarm""]","audios/train\400894.wav"
"5635.wav","/m/07pp_mv","[""/m/07pp_mv""]","alarm","[""alarm""]","audios/train\5635.wav"
"392721.wav","/m/07pp_mv","[""/m/07pp_mv""]","alarm","[""alarm""]","audios/train\392721.wav"
"202258.wav","/m/07pp_mv","[""/m/07pp_mv""]","alarm","[""alarm""]","audios/train\202258.wav"
"81432.wav","/m/07pp_mv","[""/m/0195fx"", ""/m/07pp_mv"", ""/m/06d_3"", ""/m/07yv9""]","alarm","[""alarm"", ""Rail_transport"", ""Vehicle"", ""Subway_and_metro_and_underground""]","audios/train\81432.wav"
"265769.wav","/m/07pp_mv","[""/m/07pp_mv""]","alarm","[""alarm""]","audios/train\265769.wav"
"110133.wav","/m/07pp_mv","[""/m/07pp_mv""]","alarm","[""alarm""]","audios/train\110133.wav"
"126519.wav","/m/07pp_mv","[""/m/07pp_mv""]","alarm","[""alarm""]","audios/train\126519.wav"
"126559.wav","/m/07pp_mv","[""/m/07pp_mv""]","alarm","[""alarm""]","audios/train\126559.wav"
"126560.wav","/m/07pp_mv","[""/m/07pp_mv""]","alarm","[""alarm""]","audios/train\126560.wav"
"126561.wav","/m/07pp_mv","[""/m/07pp_mv""]","alarm","[""alarm""]","audios/train\126561.wav"
"388709.wav","/m/07pp_mv","[""/m/07pp_mv""]","alarm","[""alarm""]","audios/train\388709.wav"
"188012.wav","/m/07pp_mv","[""/m/07pp_mv""]","alarm","[""alarm""]","audios/train\188012.wav"
"155251.wav","/m/07pp_mv","[""/m/07pp_mv""]","alarm","[""alarm""]","audios/train\155251.wav"
"341621.wav","/m/07pp_mv","[""/m/07pp_mv""]","alarm","[""alarm""]","audios/train\341621.wav"
"204423.wav","/m/07pp_mv","[""/m/07pp_mv""]","alarm","[""alarm""]","audios/train\204423.wav"
"204424.wav","/m/07pp_mv","[""/m/07pp_mv""]","alarm","[""alarm""]","audios/train\204424.wav"
"204425.wav","/m/07pp_mv","[""/m/07pp_mv""]","alarm","[""alarm""]","audios/train\204425.wav"
"204426.wav","/m/07pp_mv","[""/m/07pp_mv""]","alarm","[""alarm""]","audios/train\204426.wav"
"382614.wav","/m/07pp_mv","[""/m/07pp_mv""]","alarm","[""alarm""]","audios/train\382614.wav"
"251542.wav","/m/02mk9","[""/t/dd00130"", ""/m/07pp_mv"", ""/m/07r04"", ""/m/012f08"", ""/m/07yv9"", ""/m/02mk9""]","engine","[""alarm"", ""Engine_starting"", ""Motor_vehicle_(road)"", ""engine"", ""Vehicle"", ""Truck""]","audios/train\251542.wav"
"165542.wav","/m/07pp_mv","[""/m/07pp_mv""]","alarm","[""alarm""]","audios/train\165542.wav"
"24232.wav","/m/07pp_mv","[""/m/07pp_mv""]","alarm","[""alarm""]","audios/train\24232.wav"
"24233.wav","/m/07pp_mv","[""/m/07pp_mv""]","alarm","[""alarm""]","audios/train\24233.wav"
"24236.wav","/m/07pp_mv","[""/m/07pp_mv""]","alarm","[""alarm""]","audios/train\24236.wav"
"251564.wav","/m/07pp_mv","[""/m/07pp_mv""]","alarm","[""alarm""]","audios/train\251564.wav"
"202423.wav","/m/07pp_mv","[""/m/07pp_mv""]","alarm","[""alarm""]","audios/train\202423.wav"
"184000.wav","/m/07pp_mv","[""/m/07pp_mv"", ""/m/07r04"", ""/m/012f08"", ""/m/07yv9""]","alarm","[""alarm"", ""Motor_vehicle_(road)"", ""Vehicle"", ""Truck""]","audios/train\184000.wav"
"184001.wav","/m/07pp_mv","[""/m/07pp_mv"", ""/m/07r04"", ""/m/012f08"", ""/m/07yv9""]","alarm","[""alarm"", ""Motor_vehicle_(road)"", ""Vehicle"", ""Truck""]","audios/train\184001.wav"
"407240.wav","/m/07pp_mv","[""/m/07pp_mv""]","alarm","[""alarm""]","audios/train\407240.wav"
"413391.wav","/m/07pp_mv","[""/m/07pp_mv""]","alarm","[""alarm""]","audios/train\413391.wav"
"177874.wav","/m/07pp_mv","[""/m/07pp_mv""]","alarm","[""alarm""]","audios/train\177874.wav"
"42707.wav","/m/07pp_mv","[""/m/07pp_mv""]","alarm","[""alarm""]","audios/train\42707.wav"
"34524.wav","/m/07pp_mv","[""/m/07pp_mv""]","alarm","[""alarm""]","audios/train\34524.wav"
"34525.wav","/m/07pp_mv","[""/m/07pp_mv""]","alarm","[""alarm""]","audios/train\34525.wav"
"202474.wav","/m/07pp_mv","[""/m/07pp_mv""]","alarm","[""alarm""]","audios/train\202474.wav"
"401132.wav","/m/07pp_mv","[""/m/07pp_mv""]","alarm","[""alarm""]","audios/train\401132.wav"
"364270.wav","/m/07pp_mv","[""/m/07pp_mv""]","alarm","[""alarm""]","audios/train\364270.wav"
"364271.wav","/m/07pp_mv","[""/m/07pp_mv""]","alarm","[""alarm""]","audios/train\364271.wav"
"55031.wav","/m/07pp_mv","[""/m/07pp_mv""]","alarm","[""alarm""]","audios/train\55031.wav"
"265977.wav","/m/07pp_mv","[""/m/07pp_mv""]","alarm","[""alarm""]","audios/train\265977.wav"
"198408.wav","/m/07pp_mv","[""/m/07pp_mv""]","alarm","[""alarm""]","audios/train\198408.wav"
"198409.wav","/m/07pp_mv","[""/m/07pp_mv""]","alarm","[""alarm""]","audios/train\198409.wav"
"241419.wav","/m/07pp_mv","[""/m/07pp_mv""]","alarm","[""alarm""]","audios/train\241419.wav"
"202512.wav","/m/07pp_mv","[""/m/07pp_mv""]","alarm","[""alarm""]","audios/train\202512.wav"
"157468.wav","/m/07pp_mv","[""/m/07pp_mv""]","alarm","[""alarm""]","audios/train\157468.wav"
"134952.wav","/m/07pp_mv","[""/m/0fx9l"", ""/m/07pp_mv"", ""/t/dd00071""]","alarm","[""alarm"", ""Domestic_sounds_and_home_sounds"", ""Microwave_oven""]","audios/train\134952.wav"
"40751.wav","/m/07pp_mv","[""/m/07pp_mv""]","alarm","[""alarm""]","audios/train\40751.wav"
"124734.wav","/m/07pp_mv","[""/m/07pp_mv""]","alarm","[""alarm""]","audios/train\124734.wav"
"96063.wav","/m/07pp_mv","[""/m/07pp_mv""]","alarm","[""alarm""]","audios/train\96063.wav"
"368450.wav","/m/07pp_mv","[""/m/07rjzl8"", ""/m/07pp_mv"", ""/m/02dgv"", ""/t/dd00071""]","alarm","[""Slam"", ""alarm"", ""Door"", ""Domestic_sounds_and_home_sounds""]","audios/train\368450.wav"
"188240.wav","/m/07pp_mv","[""/m/07pp_mv""]","alarm","[""alarm""]","audios/train\188240.wav"
"192343.wav","/m/07pp_mv","[""/m/07pp_mv""]","alarm","[""alarm""]","audios/train\192343.wav"
"368471.wav","/m/07pp_mv","[""/m/07pp_mv"", ""/m/0k4j"", ""/m/012f08"", ""/m/07yv9""]","alarm","[""Car"", ""alarm"", ""Motor_vehicle_(road)"", ""Vehicle""]","audios/train\368471.wav"
"198496.wav","/m/07pp_mv","[""/m/0ngt1"", ""/m/07pp_mv"", ""/m/015p6"", ""/m/020bb7"", ""/m/0k4j"", ""/m/01280g"", ""/m/0jbk"", ""/m/0jb2l"", ""/m/012f08"", ""/m/07yv9""]","alarm","[""alarm"", ""Wild_animals"", ""Thunderstorm"", ""Bird"", ""Vehicle"", ""Car"", ""Bird_vocalization_and_bird_call_and_bird_song"", ""Thunder"", ""Motor_vehicle_(road)"", ""Animal""]","audios/train\198496.wav"
"407394.wav","/m/07pp_mv","[""/m/07rjwbb"", ""/m/07pp_mv"", ""/m/07jdr"", ""/m/06d_3"", ""/m/07yv9""]","alarm","[""alarm"", ""Train"", ""Hiss"", ""Rail_transport"", ""Vehicle""]","audios/train\407394.wav"
"178032.wav","/m/07pp_mv","[""/m/07pp_mv""]","alarm","[""alarm""]","audios/train\178032.wav"
"434055.wav","/m/07pp_mv","[""/m/07pp_mv""]","alarm","[""alarm""]","audios/train\434055.wav"
"204684.wav","/m/07pp_mv","[""/m/07pp_mv""]","alarm","[""alarm""]","audios/train\204684.wav"
"128910.wav","/m/07pp_mv","[""/m/07pp_mv""]","alarm","[""alarm""]","audios/train\128910.wav"
"173978.wav","/m/07pp_mv","[""/m/07pp_mv"", ""/m/019jd"", ""/m/07yv9""]","alarm","[""alarm"", ""Vehicle"", ""Boat_and_Water_vehicle""]","audios/train\173978.wav"
"221085.wav","/m/07pp_mv","[""/m/07pp_mv""]","alarm","[""alarm""]","audios/train\221085.wav"
"221086.wav","/m/07pp_mv","[""/m/07pp_mv""]","alarm","[""alarm""]","audios/train\221086.wav"
"221087.wav","/m/07pp_mv","[""/m/07pp_mv""]","alarm","[""alarm""]","audios/train\221087.wav"
"221088.wav","/m/07pp_mv","[""/m/07pp_mv""]","alarm","[""alarm""]","audios/train\221088.wav"
"55214.wav","/m/07pp_mv","[""/m/07pp_mv""]","alarm","[""alarm""]","audios/train\55214.wav"
"69552.wav","/m/07pp_mv","[""/m/07pp_mv""]","alarm","[""alarm""]","audios/train\69552.wav"
"368563.wav","/m/07pp_mv","[""/m/07pp_mv""]","alarm","[""alarm""]","audios/train\368563.wav"
"202676.wav","/m/07pp_mv","[""/m/07pp_mv""]","alarm","[""alarm""]","audios/train\202676.wav"
"14262.wav","/m/07pp_mv","[""/m/07pp_mv""]","alarm","[""alarm""]","audios/train\14262.wav"
"14263.wav","/m/07pp_mv","[""/m/07pp_mv"", ""/m/01x3z"", ""/t/dd00077""]","alarm","[""alarm"", ""Clock"", ""Mechanisms""]","audios/train\14263.wav"
"432063.wav","/m/07pp_mv","[""/m/07pp_mv""]","alarm","[""alarm""]","audios/train\432063.wav"
"223176.wav","/m/07pp_mv","[""/m/07pp_mv""]","alarm","[""alarm""]","audios/train\223176.wav"
"395213.wav","/m/07pp_mv","[""/m/07pp_mv""]","alarm","[""alarm""]","audios/train\395213.wav"
"403430.wav","/m/07pp_mv","[""/m/07pp_mv"", ""/m/0k4j"", ""/m/012f08"", ""/m/07yv9""]","alarm","[""Car"", ""alarm"", ""Motor_vehicle_(road)"", ""Vehicle""]","audios/train\403430.wav"
"417768.wav","/m/07pp_mv","[""/m/03w41f"", ""/m/07pp_mv"", ""/m/0k4j"", ""/m/012f08"", ""/m/07yv9"", ""/m/0395lw""]","alarm","[""alarm"", ""Bell"", ""Car"", ""Motor_vehicle_(road)"", ""Church_bell"", ""Vehicle""]","audios/train\417768.wav"
"403449.wav","/m/07pp_mv","[""/m/07pp_mv""]","alarm","[""alarm""]","audios/train\403449.wav"
"395415.wav","/m/07pp_mv","[""/m/07r10fb"", ""/m/07r5v4s"", ""/t/dd00134"", ""/m/07pp_mv"", ""/m/06mb1"", ""/m/0k4j"", ""/m/0838f"", ""/m/012f08"", ""/m/07yv9"", ""/m/04k94""]","alarm","[""alarm"", ""Vehicle"", ""Car"", ""Rain"", ""Raindrop"", ""Drip"", ""Car_passing_by"", ""Motor_vehicle_(road)"", ""Liquid"", ""Water""]","audios/train\395415.wav"
"132340.wav","/m/07pp_mv","[""/m/07qjznl"", ""/m/07pp_mv"", ""/m/01x3z"", ""/t/dd00077""]","alarm","[""Mechanisms"", ""alarm"", ""Clock"", ""Tick-tock""]","audios/train\132340.wav"
"87316.wav","/m/07pp_mv","[""/m/0btp2"", ""/m/07rjwbb"", ""/m/01bjv"", ""/m/07pp_mv"", ""/m/012f08"", ""/m/07yv9""]","alarm","[""alarm"", ""Bus"", ""Hiss"", ""traffic_noise"", ""Motor_vehicle_(road)"", ""Vehicle""]","audios/train\87316.wav"
"408855.wav","/m/07pp_mv","[""/m/07qjznl"", ""/m/07pp_mv"", ""/m/01x3z"", ""/t/dd00077""]","alarm","[""Mechanisms"", ""alarm"", ""Clock"", ""Tick-tock""]","audios/train\408855.wav"
"135509.wav","/m/07pp_mv","[""/m/07pp_mv"", ""/m/05148p4"", ""/m/04szw"", ""/m/04rlf""]","alarm","[""Music"", ""alarm"", ""Keyboard_(musical)"", ""Musical_instrument""]","audios/train\135509.wav"
"135511.wav","/m/07pp_mv","[""/m/07pp_mv"", ""/m/05148p4"", ""/m/04szw"", ""/m/04rlf""]","alarm","[""Music"", ""alarm"", ""Keyboard_(musical)"", ""Musical_instrument""]","audios/train\135511.wav"
"245888.wav","/m/07pp_mv","[""/m/03v3yw"", ""/t/dd00134"", ""/m/0btp2"", ""/m/07pp_mv"", ""/m/0k4j"", ""/m/012f08"", ""/m/07yv9"", ""/t/dd00071""]","alarm","[""Keys_jangling"", ""alarm"", ""Car"", ""Domestic_sounds_and_home_sounds"", ""Car_passing_by"", ""traffic_noise"", ""Motor_vehicle_(road)"", ""Vehicle""]","audios/train\245888.wav"
"154954.wav","/m/07pp_mv","[""/m/07pp_mv""]","alarm","[""alarm""]","audios/train\154954.wav"
"154956.wav","/m/07pp_mv","[""/m/07pp_mv""]","alarm","[""alarm""]","audios/train\154956.wav"
"347658.wav","/m/07pp_mv","[""/m/0195fx"", ""/m/02y_763"", ""/m/07rjzl8"", ""/m/07pp_mv"", ""/m/06d_3"", ""/m/07yv9"", ""/m/02dgv"", ""/t/dd00071""]","alarm","[""alarm"", ""Sliding_door"", ""Slam"", ""Domestic_sounds_and_home_sounds"", ""Subway_and_metro_and_underground"", ""Rail_transport"", ""Door"", ""Vehicle""]","audios/train\347658.wav"
"34853.wav","/m/07pp_mv","[""/m/07pjwq1"", ""/m/07pp_mv"", ""/m/03vt0"", ""/m/01280g"", ""/m/0jbk""]","alarm","[""alarm"", ""Wild_animals"", ""Insect"", ""Buzz"", ""Animal""]","audios/train\34853.wav"
"344224.wav","/m/07pp_mv","[""/m/07rjwbb"", ""/m/07pp_mv"", ""/m/02dgv"", ""/t/dd00071""]","alarm","[""alarm"", ""Door"", ""Hiss"", ""Domestic_sounds_and_home_sounds""]","audios/train\344224.wav"
"350642.wav","/m/07pp_mv","[""/m/0195fx"", ""/m/07rjzl8"", ""/m/07pp_mv"", ""/m/06d_3"", ""/m/07yv9"", ""/m/02dgv"", ""/t/dd00071""]","alarm","[""alarm"", ""Slam"", ""Domestic_sounds_and_home_sounds"", ""Subway_and_metro_and_underground"", ""Rail_transport"", ""Door"", ""Vehicle""]","audios/train\350642.wav"
"392742.wav","/m/07pp_mv","[""/m/07pp_mv""]","alarm","[""alarm""]","audios/train\392742.wav"
"392743.wav","/m/07pp_mv","[""/m/07pp_mv""]","alarm","[""alarm""]","audios/train\392743.wav"
"209698.wav","/m/07pp_mv","[""/m/07qjznl"", ""/m/07pp_mv"", ""/m/01x3z"", ""/t/dd00077""]","alarm","[""Mechanisms"", ""alarm"", ""Clock"", ""Tick-tock""]","audios/train\209698.wav"
"97758.wav","/m/02mk9","[""/m/01h8n0"", ""/m/01bjv"", ""/m/07pp_mv"", ""/m/02mk9"", ""/m/09x0r"", ""/m/09l8g"", ""/m/012f08"", ""/m/07yv9""]","engine","[""alarm"", ""Bus"", ""Motor_vehicle_(road)"", ""Speech"", ""Human_voice"", ""engine"", ""Conversation"", ""Vehicle""]","audios/train\97758.wav"
"75704.wav","/m/0bt9lr","[""/m/02dgv"", ""/m/0bt9lr"", ""/t/dd00071"", ""/m/068hy"", ""/m/0jbk""]","dog_bark","[""Domestic_sounds_and_home_sounds"", ""Door"", ""Domestic_animals_and_pets"", ""Animal"", ""dog_bark""]","audios/train\75704.wav"
"89948.wav","/m/07pb8fc","[""/m/07pb8fc"", ""/t/dd00130"", ""/m/02dgv"", ""/m/0k4j"", ""/t/dd00071"", ""/m/012f08"", ""/m/07yv9"", ""/m/02mk9""]","engine","[""Engine_starting"", ""Car"", ""Domestic_sounds_and_home_sounds"", ""Motor_vehicle_(road)"", ""engine"", ""Door"", ""Vehicle""]","audios/train\89948.wav"
"368841.wav","/m/07p6fty","[""/m/02zsn"", ""/m/07p6fty"", ""/m/09x0r"", ""/m/09l8g""]","shout","[""Female_speech_and_woman_speaking"", ""shout"", ""Human_voice"", ""Speech""]","audios/train\368841.wav"
"234034.wav","/m/07p6fty","[""/m/02zsn"", ""/m/07p6fty"", ""/m/09x0r"", ""/m/09l8g""]","shout","[""Female_speech_and_woman_speaking"", ""shout"", ""Human_voice"", ""Speech""]","audios/train\234034.wav"
"234041.wav","/m/07p6fty","[""/m/02zsn"", ""/m/07sr1lc"", ""/m/09x0r"", ""/m/09l8g"", ""/m/07p6fty""]","shout","[""shout"", ""Yell"", ""Female_speech_and_woman_speaking"", ""Speech"", ""Human_voice""]","audios/train\234041.wav"
"219766.wav","/m/07p6fty","[""/m/02zsn"", ""/m/07sr1lc"", ""/m/09x0r"", ""/m/09l8g"", ""/m/07p6fty""]","shout","[""shout"", ""Yell"", ""Female_speech_and_woman_speaking"", ""Speech"", ""Human_voice""]","audios/train\219766.wav"
"67330.wav","/m/07p6fty","[""/m/02zsn"", ""/m/07sr1lc"", ""/m/09x0r"", ""/m/09l8g"", ""/m/07p6fty""]","shout","[""shout"", ""Yell"", ""Female_speech_and_woman_speaking"", ""Speech"", ""Human_voice""]","audios/train\67330.wav"
"67333.wav","/m/07p6fty","[""/m/02zsn"", ""/m/07sr1lc"", ""/m/09x0r"", ""/m/09l8g"", ""/m/07p6fty""]","shout","[""shout"", ""Yell"", ""Female_speech_and_woman_speaking"", ""Speech"", ""Human_voice""]","audios/train\67333.wav"
"67334.wav","/m/07p6fty","[""/m/02zsn"", ""/m/07sr1lc"", ""/m/09x0r"", ""/m/09l8g"", ""/m/07p6fty""]","shout","[""shout"", ""Yell"", ""Female_speech_and_woman_speaking"", ""Speech"", ""Human_voice""]","audios/train\67334.wav"
"67335.wav","/m/07p6fty","[""/m/02zsn"", ""/m/07sr1lc"", ""/m/09x0r"", ""/m/09l8g"", ""/m/07p6fty""]","shout","[""shout"", ""Yell"", ""Female_speech_and_woman_speaking"", ""Speech"", ""Human_voice""]","audios/train\67335.wav"
"67336.wav","/m/07p6fty","[""/m/02zsn"", ""/m/07sr1lc"", ""/m/09x0r"", ""/m/09l8g"", ""/m/07p6fty""]","shout","[""shout"", ""Yell"", ""Female_speech_and_woman_speaking"", ""Speech"", ""Human_voice""]","audios/train\67336.wav"
"67337.wav","/m/07p6fty","[""/m/02zsn"", ""/m/07sr1lc"", ""/m/09x0r"", ""/m/09l8g"", ""/m/07p6fty""]","shout","[""shout"", ""Yell"", ""Female_speech_and_woman_speaking"", ""Speech"", ""Human_voice""]","audios/train\67337.wav"
"67339.wav","/m/07p6fty","[""/m/02zsn"", ""/m/07sr1lc"", ""/m/09x0r"", ""/m/09l8g"", ""/m/07p6fty""]","shout","[""shout"", ""Yell"", ""Female_speech_and_woman_speaking"", ""Speech"", ""Human_voice""]","audios/train\67339.wav"
"67340.wav","/m/07p6fty","[""/m/02zsn"", ""/m/07sr1lc"", ""/m/09x0r"", ""/m/09l8g"", ""/m/07p6fty""]","shout","[""shout"", ""Yell"", ""Female_speech_and_woman_speaking"", ""Speech"", ""Human_voice""]","audios/train\67340.wav"
"67341.wav","/m/07p6fty","[""/m/02zsn"", ""/m/07sr1lc"", ""/m/09x0r"", ""/m/09l8g"", ""/m/07p6fty""]","shout","[""shout"", ""Yell"", ""Female_speech_and_woman_speaking"", ""Speech"", ""Human_voice""]","audios/train\67341.wav"
"67345.wav","/m/07p6fty","[""/m/02zsn"", ""/m/07sr1lc"", ""/m/09x0r"", ""/m/09l8g"", ""/m/07p6fty""]","shout","[""shout"", ""Yell"", ""Female_speech_and_woman_speaking"", ""Speech"", ""Human_voice""]","audios/train\67345.wav"
"33649.wav","/m/07p6fty","[""/m/02zsn"", ""/m/07sr1lc"", ""/m/09x0r"", ""/m/09l8g"", ""/m/07p6fty""]","shout","[""shout"", ""Yell"", ""Female_speech_and_woman_speaking"", ""Speech"", ""Human_voice""]","audios/train\33649.wav"
"33651.wav","/m/07p6fty","[""/m/02zsn"", ""/m/07sr1lc"", ""/m/09x0r"", ""/m/09l8g"", ""/m/07p6fty""]","shout","[""shout"", ""Yell"", ""Female_speech_and_woman_speaking"", ""Speech"", ""Human_voice""]","audios/train\33651.wav"
"33652.wav","/m/07p6fty","[""/m/02zsn"", ""/m/07sr1lc"", ""/m/09x0r"", ""/m/09l8g"", ""/m/07p6fty""]","shout","[""shout"", ""Yell"", ""Female_speech_and_woman_speaking"", ""Speech"", ""Human_voice""]","audios/train\33652.wav"
"33654.wav","/m/07p6fty","[""/m/02zsn"", ""/m/07sr1lc"", ""/m/09x0r"", ""/m/09l8g"", ""/m/07p6fty""]","shout","[""shout"", ""Yell"", ""Female_speech_and_woman_speaking"", ""Speech"", ""Human_voice""]","audios/train\33654.wav"
"33655.wav","/m/07p6fty","[""/m/02zsn"", ""/m/07sr1lc"", ""/m/09x0r"", ""/m/09l8g"", ""/m/07p6fty""]","shout","[""shout"", ""Yell"", ""Female_speech_and_woman_speaking"", ""Speech"", ""Human_voice""]","audios/train\33655.wav"
"33656.wav","/m/07p6fty","[""/m/02zsn"", ""/m/07sr1lc"", ""/m/09x0r"", ""/m/09l8g"", ""/m/07p6fty""]","shout","[""shout"", ""Yell"", ""Female_speech_and_woman_speaking"", ""Speech"", ""Human_voice""]","audios/train\33656.wav"
"33686.wav","/m/07p6fty","[""/m/02zsn"", ""/m/07sr1lc"", ""/m/09x0r"", ""/m/09l8g"", ""/m/07p6fty""]","shout","[""shout"", ""Yell"", ""Female_speech_and_woman_speaking"", ""Speech"", ""Human_voice""]","audios/train\33686.wav"
"33687.wav","/m/07p6fty","[""/m/02zsn"", ""/m/07sr1lc"", ""/m/09x0r"", ""/m/09l8g"", ""/m/07p6fty""]","shout","[""shout"", ""Yell"", ""Female_speech_and_woman_speaking"", ""Speech"", ""Human_voice""]","audios/train\33687.wav"
"33689.wav","/m/07p6fty","[""/m/02zsn"", ""/m/07sr1lc"", ""/m/09x0r"", ""/m/09l8g"", ""/m/07p6fty""]","shout","[""shout"", ""Yell"", ""Female_speech_and_woman_speaking"", ""Speech"", ""Human_voice""]","audios/train\33689.wav"
"33694.wav","/m/07p6fty","[""/m/02zsn"", ""/m/07sr1lc"", ""/m/09x0r"", ""/m/09l8g"", ""/m/07p6fty""]","shout","[""shout"", ""Yell"", ""Female_speech_and_woman_speaking"", ""Speech"", ""Human_voice""]","audios/train\33694.wav"
"379757.wav","/m/02mk9","[""/m/02zsn"", ""/m/07r10fb"", ""/m/07r5v4s"", ""/m/07pqc89"", ""/m/02mk9"", ""/m/09x0r"", ""/m/09l8g"", ""/m/06mb1"", ""/m/0838f"", ""/m/04k94"", ""/m/07prgkl""]","engine","[""Raindrop"", ""Trickle_and_dribble"", ""Rain"", ""Drip"", ""Female_speech_and_woman_speaking"", ""Liquid"", ""Pour"", ""Speech"", ""Human_voice"", ""engine"", ""Water""]","audios/train\379757.wav"
"215999.wav","/m/0btp2","[""/m/02zsn"", ""/m/07r10fb"", ""/m/0btp2"", ""/m/01h8n0"", ""/m/09x0r"", ""/m/09l8g"", ""/m/06mb1"", ""/m/0838f"", ""/m/012f08"", ""/m/07yv9""]","traffic_noise","[""Vehicle"", ""Raindrop"", ""Rain"", ""Female_speech_and_woman_speaking"", ""traffic_noise"", ""Motor_vehicle_(road)"", ""Speech"", ""Human_voice"", ""Conversation"", ""Water""]","audios/train\215999.wav"
"408911.wav","/m/0bt9lr","[""/m/02zsn"", ""/m/05tny_"", ""/m/07qjznl"", ""/m/04szw"", ""/m/09x0r"", ""/m/09l8g"", ""/m/0bt9lr"", ""/m/068hy"", ""/m/0jbk"", ""/m/01x3z"", ""/t/dd00077"", ""/m/04rlf""]","dog_bark","[""Music"", ""Mechanisms"", ""Musical_instrument"", ""Female_speech_and_woman_speaking"", ""Bark"", ""Speech"", ""Human_voice"", ""Clock"", ""Domestic_animals_and_pets"", ""Animal"", ""dog_bark"", ""Tick-tock""]","audios/train\408911.wav"
"44182.wav","/m/07pp_mv","[""/m/02zsn"", ""/m/07cx4"", ""/m/09x0r"", ""/m/09l8g"", ""/m/07pp_mv""]","alarm","[""telephone"", ""alarm"", ""Female_speech_and_woman_speaking"", ""Speech"", ""Human_voice""]","audios/train\44182.wav"
"60457.wav","/m/03qc9zr","[""/m/028ght"", ""/m/03qc9zr"", ""/m/0342h"", ""/m/0fx80y"", ""/m/04szw"", ""/m/04rlf"", ""/t/dd00012"", ""/m/09l8g""]","screaming","[""Music"", ""Plucked_string_instrument"", ""Guitar"", ""Musical_instrument"", ""screaming"", ""Human_group_actions"", ""Human_voice"", ""Applause""]","audios/train\60457.wav"
"334903.wav","/m/02mk9","[""/t/dd00134"", ""/m/0btp2"", ""/m/03m9d0z"", ""/m/02mk9"", ""/m/0k4j"", ""/m/012f08"", ""/m/07yv9""]","engine","[""Wind"", ""Car"", ""Car_passing_by"", ""traffic_noise"", ""Motor_vehicle_(road)"", ""engine"", ""Vehicle""]","audios/train\334903.wav"
"353953.wav","/m/0btp2","[""/m/0btp2"", ""/m/03m9d0z"", ""/m/012f08"", ""/m/07yv9""]","traffic_noise","[""Wind"", ""traffic_noise"", ""Motor_vehicle_(road)"", ""Vehicle""]","audios/train\353953.wav"
"353954.wav","/m/0btp2","[""/m/0btp2"", ""/m/03m9d0z"", ""/m/012f08"", ""/m/07yv9""]","traffic_noise","[""Wind"", ""traffic_noise"", ""Motor_vehicle_(road)"", ""Vehicle""]","audios/train\353954.wav"
"75825.wav","/m/0btp2","[""/t/dd00134"", ""/m/0btp2"", ""/m/03m9d0z"", ""/m/0k4j"", ""/m/012f08"", ""/m/07yv9""]","traffic_noise","[""Wind"", ""Car"", ""Car_passing_by"", ""traffic_noise"", ""Motor_vehicle_(road)"", ""Vehicle""]","audios/train\75825.wav"
"72723.wav","/m/0bt9lr","[""/m/05tny_"", ""/m/0bt9lr"", ""/m/068hy"", ""/m/0jbk""]","dog_bark","[""Bark"", ""Domestic_animals_and_pets"", ""Animal"", ""dog_bark""]","audios/train\72723.wav"
"221207.wav","/m/0bt9lr","[""/m/05tny_"", ""/m/0bt9lr"", ""/m/068hy"", ""/m/0jbk""]","dog_bark","[""Bark"", ""Domestic_animals_and_pets"", ""Animal"", ""dog_bark""]","audios/train\221207.wav"
"328728.wav","/m/0bt9lr","[""/m/05tny_"", ""/m/0bt9lr"", ""/m/068hy"", ""/m/0jbk""]","dog_bark","[""Bark"", ""Domestic_animals_and_pets"", ""Animal"", ""dog_bark""]","audios/train\328728.wav"
"328729.wav","/m/0bt9lr","[""/m/05tny_"", ""/m/0bt9lr"", ""/m/068hy"", ""/m/0jbk""]","dog_bark","[""Bark"", ""Domestic_animals_and_pets"", ""Animal"", ""dog_bark""]","audios/train\328729.wav"
"370714.wav","/m/0bt9lr","[""/m/05tny_"", ""/m/0bt9lr"", ""/m/068hy"", ""/m/0jbk""]","dog_bark","[""Bark"", ""Domestic_animals_and_pets"", ""Animal"", ""dog_bark""]","audios/train\370714.wav"
"170015.wav","/m/0bt9lr","[""/m/05tny_"", ""/m/0bt9lr"", ""/m/068hy"", ""/m/0jbk""]","dog_bark","[""Bark"", ""Domestic_animals_and_pets"", ""Animal"", ""dog_bark""]","audios/train\170015.wav"
"121888.wav","/m/0bt9lr","[""/m/05tny_"", ""/m/0ghcn6"", ""/m/0bt9lr"", ""/m/068hy"", ""/m/0jbk""]","dog_bark","[""Growling"", ""Bark"", ""Domestic_animals_and_pets"", ""Animal"", ""dog_bark""]","audios/train\121888.wav"
"36902.wav","/m/0bt9lr","[""/m/05tny_"", ""/m/0bt9lr"", ""/m/068hy"", ""/m/0jbk""]","dog_bark","[""Bark"", ""Domestic_animals_and_pets"", ""Animal"", ""dog_bark""]","audios/train\36902.wav"
"128042.wav","/m/0bt9lr","[""/m/05tny_"", ""/m/0ghcn6"", ""/m/0bt9lr"", ""/m/068hy"", ""/m/0jbk""]","dog_bark","[""Growling"", ""Bark"", ""Domestic_animals_and_pets"", ""Animal"", ""dog_bark""]","audios/train\128042.wav"
"34872.wav","/m/0bt9lr","[""/m/05tny_"", ""/m/0bt9lr"", ""/m/068hy"", ""/m/0jbk""]","dog_bark","[""Bark"", ""Domestic_animals_and_pets"", ""Animal"", ""dog_bark""]","audios/train\34872.wav"
"33849.wav","/m/0bt9lr","[""/m/05tny_"", ""/m/0bt9lr"", ""/m/068hy"", ""/m/0jbk""]","dog_bark","[""Bark"", ""Domestic_animals_and_pets"", ""Animal"", ""dog_bark""]","audios/train\33849.wav"
"55365.wav","/m/0bt9lr","[""/m/05tny_"", ""/m/0ghcn6"", ""/m/0bt9lr"", ""/m/068hy"", ""/m/0jbk""]","dog_bark","[""Growling"", ""Bark"", ""Domestic_animals_and_pets"", ""Animal"", ""dog_bark""]","audios/train\55365.wav"
"348247.wav","/m/0bt9lr","[""/m/05tny_"", ""/m/0bt9lr"", ""/m/068hy"", ""/m/0jbk""]","dog_bark","[""Bark"", ""Domestic_animals_and_pets"", ""Animal"", ""dog_bark""]","audios/train\348247.wav"
"108631.wav","/m/0bt9lr","[""/m/05tny_"", ""/m/0bt9lr"", ""/m/068hy"", ""/m/0jbk""]","dog_bark","[""Bark"", ""Domestic_animals_and_pets"", ""Animal"", ""dog_bark""]","audios/train\108631.wav"
"333914.wav","/m/0bt9lr","[""/m/05tny_"", ""/m/0bt9lr"", ""/m/068hy"", ""/m/0jbk""]","dog_bark","[""Bark"", ""Domestic_animals_and_pets"", ""Animal"", ""dog_bark""]","audios/train\333914.wav"
"77930.wav","/m/0bt9lr","[""/m/05tny_"", ""/m/0bt9lr"", ""/m/068hy"", ""/m/0jbk""]","dog_bark","[""Bark"", ""Domestic_animals_and_pets"", ""Animal"", ""dog_bark""]","audios/train\77930.wav"
"364662.wav","/m/0bt9lr","[""/m/05tny_"", ""/m/0bt9lr"", ""/m/068hy"", ""/m/0jbk""]","dog_bark","[""Bark"", ""Domestic_animals_and_pets"", ""Animal"", ""dog_bark""]","audios/train\364662.wav"
"182395.wav","/m/0bt9lr","[""/m/05tny_"", ""/m/0bt9lr"", ""/m/068hy"", ""/m/0jbk""]","dog_bark","[""Bark"", ""Domestic_animals_and_pets"", ""Animal"", ""dog_bark""]","audios/train\182395.wav"
"72829.wav","/m/0bt9lr","[""/m/05tny_"", ""/m/0bt9lr"", ""/m/068hy"", ""/m/0jbk""]","dog_bark","[""Bark"", ""Domestic_animals_and_pets"", ""Animal"", ""dog_bark""]","audios/train\72829.wav"
"389254.wav","/m/0bt9lr","[""/m/05tny_"", ""/m/0bt9lr"", ""/m/068hy"", ""/m/0jbk""]","dog_bark","[""Bark"", ""Domestic_animals_and_pets"", ""Animal"", ""dog_bark""]","audios/train\389254.wav"
"264332.wav","/m/0bt9lr","[""/m/05tny_"", ""/m/0bt9lr"", ""/m/068hy"", ""/m/0jbk""]","dog_bark","[""Bark"", ""Domestic_animals_and_pets"", ""Animal"", ""dog_bark""]","audios/train\264332.wav"
"261286.wav","/m/0bt9lr","[""/m/05tny_"", ""/m/0bt9lr"", ""/m/068hy"", ""/m/0jbk""]","dog_bark","[""Bark"", ""Domestic_animals_and_pets"", ""Animal"", ""dog_bark""]","audios/train\261286.wav"
"348332.wav","/m/0bt9lr","[""/m/05tny_"", ""/m/0bt9lr"", ""/m/068hy"", ""/m/0jbk""]","dog_bark","[""Bark"", ""Domestic_animals_and_pets"", ""Animal"", ""dog_bark""]","audios/train\348332.wav"
"118961.wav","/m/0bt9lr","[""/m/05tny_"", ""/m/0bt9lr"", ""/m/068hy"", ""/m/0jbk""]","dog_bark","[""Bark"", ""Domestic_animals_and_pets"", ""Animal"", ""dog_bark""]","audios/train\118961.wav"
"118962.wav","/m/0bt9lr","[""/m/05tny_"", ""/m/0bt9lr"", ""/m/068hy"", ""/m/0jbk""]","dog_bark","[""Bark"", ""Domestic_animals_and_pets"", ""Animal"", ""dog_bark""]","audios/train\118962.wav"
"118963.wav","/m/0bt9lr","[""/m/05tny_"", ""/m/0bt9lr"", ""/m/068hy"", ""/m/0jbk""]","dog_bark","[""Bark"", ""Domestic_animals_and_pets"", ""Animal"", ""dog_bark""]","audios/train\118963.wav"
"118964.wav","/m/0bt9lr","[""/m/05tny_"", ""/m/0bt9lr"", ""/m/068hy"", ""/m/0jbk""]","dog_bark","[""Bark"", ""Domestic_animals_and_pets"", ""Animal"", ""dog_bark""]","audios/train\118964.wav"
"131258.wav","/m/0bt9lr","[""/m/05tny_"", ""/m/0bt9lr"", ""/m/068hy"", ""/m/0jbk""]","dog_bark","[""Bark"", ""Domestic_animals_and_pets"", ""Animal"", ""dog_bark""]","audios/train\131258.wav"
"400576.wav","/m/0bt9lr","[""/m/05tny_"", ""/m/0bt9lr"", ""/m/068hy"", ""/m/0jbk""]","dog_bark","[""Bark"", ""Domestic_animals_and_pets"", ""Animal"", ""dog_bark""]","audios/train\400576.wav"
"194753.wav","/m/0bt9lr","[""/m/05tny_"", ""/m/0bt9lr"", ""/m/068hy"", ""/m/0jbk""]","dog_bark","[""Bark"", ""Domestic_animals_and_pets"", ""Animal"", ""dog_bark""]","audios/train\194753.wav"
"194754.wav","/m/0bt9lr","[""/m/05tny_"", ""/m/0bt9lr"", ""/m/068hy"", ""/m/0jbk""]","dog_bark","[""Bark"", ""Domestic_animals_and_pets"", ""Animal"", ""dog_bark""]","audios/train\194754.wav"
"147672.wav","/m/0bt9lr","[""/m/05tny_"", ""/m/0bt9lr"", ""/m/068hy"", ""/m/0jbk""]","dog_bark","[""Bark"", ""Domestic_animals_and_pets"", ""Animal"", ""dog_bark""]","audios/train\147672.wav"
"342250.wav","/m/0bt9lr","[""/m/05tny_"", ""/m/0bt9lr"", ""/m/068hy"", ""/m/0jbk""]","dog_bark","[""Bark"", ""Domestic_animals_and_pets"", ""Animal"", ""dog_bark""]","audios/train\342250.wav"
"236139.wav","/m/0bt9lr","[""/m/05tny_"", ""/m/0bt9lr"", ""/m/068hy"", ""/m/0jbk""]","dog_bark","[""Bark"", ""Domestic_animals_and_pets"", ""Animal"", ""dog_bark""]","audios/train\236139.wav"
"254190.wav","/m/0bt9lr","[""/m/05tny_"", ""/m/0bt9lr"", ""/m/068hy"", ""/m/0jbk""]","dog_bark","[""Bark"", ""Domestic_animals_and_pets"", ""Animal"", ""dog_bark""]","audios/train\254190.wav"
"254191.wav","/m/0bt9lr","[""/m/05tny_"", ""/m/0bt9lr"", ""/m/068hy"", ""/m/0jbk""]","dog_bark","[""Bark"", ""Domestic_animals_and_pets"", ""Animal"", ""dog_bark""]","audios/train\254191.wav"
"254192.wav","/m/0bt9lr","[""/m/05tny_"", ""/m/0bt9lr"", ""/m/068hy"", ""/m/0jbk""]","dog_bark","[""Bark"", ""Domestic_animals_and_pets"", ""Animal"", ""dog_bark""]","audios/train\254192.wav"
"29936.wav","/m/0bt9lr","[""/m/05tny_"", ""/m/07pbtc8"", ""/m/0bt9lr"", ""/m/068hy"", ""/m/0jbk""]","dog_bark","[""Walk_and_footsteps"", ""Bark"", ""Domestic_animals_and_pets"", ""Animal"", ""dog_bark""]","audios/train\29936.wav"
"342264.wav","/m/0bt9lr","[""/m/05tny_"", ""/m/0bt9lr"", ""/m/068hy"", ""/m/0jbk""]","dog_bark","[""Bark"", ""Domestic_animals_and_pets"", ""Animal"", ""dog_bark""]","audios/train\342264.wav"
"270586.wav","/m/0bt9lr","[""/m/05tny_"", ""/m/0bt9lr"", ""/m/068hy"", ""/m/0jbk""]","dog_bark","[""Bark"", ""Domestic_animals_and_pets"", ""Animal"", ""dog_bark""]","audios/train\270586.wav"
"157950.wav","/m/0bt9lr","[""/m/05tny_"", ""/m/07pggtn"", ""/m/0bt9lr"", ""/m/068hy"", ""/m/0jbk"", ""/m/020bb7"", ""/m/015p6"", ""/m/01280g""]","dog_bark","[""Wild_animals"", ""Bird"", ""Bird_vocalization_and_bird_call_and_bird_song"", ""Bark"", ""Animal"", ""Domestic_animals_and_pets"", ""Chirp_and_tweet"", ""dog_bark""]","audios/train\157950.wav"
"270590.wav","/m/0bt9lr","[""/m/05tny_"", ""/m/0bt9lr"", ""/m/068hy"", ""/m/0jbk""]","dog_bark","[""Bark"", ""Domestic_animals_and_pets"", ""Animal"", ""dog_bark""]","audios/train\270590.wav"
"266511.wav","/m/0bt9lr","[""/m/05tny_"", ""/m/0bt9lr"", ""/m/068hy"", ""/m/0jbk""]","dog_bark","[""Bark"", ""Domestic_animals_and_pets"", ""Animal"", ""dog_bark""]","audios/train\266511.wav"
"95532.wav","/m/0bt9lr","[""/m/05tny_"", ""/m/0bt9lr"", ""/m/068hy"", ""/m/0jbk""]","dog_bark","[""Bark"", ""Domestic_animals_and_pets"", ""Animal"", ""dog_bark""]","audios/train\95532.wav"
"142641.wav","/m/0bt9lr","[""/m/05tny_"", ""/m/0ghcn6"", ""/m/0bt9lr"", ""/m/068hy"", ""/m/0jbk""]","dog_bark","[""Growling"", ""Bark"", ""Domestic_animals_and_pets"", ""Animal"", ""dog_bark""]","audios/train\142641.wav"
"418105.wav","/m/0bt9lr","[""/m/05tny_"", ""/m/0bt9lr"", ""/m/068hy"", ""/m/0jbk""]","dog_bark","[""Bark"", ""Domestic_animals_and_pets"", ""Animal"", ""dog_bark""]","audios/train\418105.wav"
"418106.wav","/m/0bt9lr","[""/m/05tny_"", ""/m/0bt9lr"", ""/m/068hy"", ""/m/0jbk""]","dog_bark","[""Bark"", ""Domestic_animals_and_pets"", ""Animal"", ""dog_bark""]","audios/train\418106.wav"
"418107.wav","/m/0bt9lr","[""/m/05tny_"", ""/m/0bt9lr"", ""/m/068hy"", ""/m/0jbk""]","dog_bark","[""Bark"", ""Domestic_animals_and_pets"", ""Animal"", ""dog_bark""]","audios/train\418107.wav"
"418108.wav","/m/0bt9lr","[""/m/05tny_"", ""/m/0bt9lr"", ""/m/068hy"", ""/m/0jbk""]","dog_bark","[""Bark"", ""Domestic_animals_and_pets"", ""Animal"", ""dog_bark""]","audios/train\418108.wav"
"6457.wav","/m/0bt9lr","[""/m/05tny_"", ""/m/020bb7"", ""/m/0bt9lr"", ""/m/068hy"", ""/m/0jbk"", ""/m/015p6"", ""/m/01280g""]","dog_bark","[""Wild_animals"", ""Bird"", ""Bird_vocalization_and_bird_call_and_bird_song"", ""Bark"", ""Domestic_animals_and_pets"", ""Animal"", ""dog_bark""]","audios/train\6457.wav"
"344.wav","/m/0bt9lr","[""/m/05tny_"", ""/m/0bt9lr"", ""/m/068hy"", ""/m/0jbk""]","dog_bark","[""Bark"", ""Domestic_animals_and_pets"", ""Animal"", ""dog_bark""]","audios/train\344.wav"
"235865.wav","/m/0bt9lr","[""/m/05tny_"", ""/m/0bt9lr"", ""/m/068hy"", ""/m/0jbk""]","dog_bark","[""Bark"", ""Domestic_animals_and_pets"", ""Animal"", ""dog_bark""]","audios/train\235865.wav"
"235864.wav","/m/0bt9lr","[""/m/05tny_"", ""/m/0bt9lr"", ""/m/068hy"", ""/m/0jbk""]","dog_bark","[""Bark"", ""Domestic_animals_and_pets"", ""Animal"", ""dog_bark""]","audios/train\235864.wav"
"235867.wav","/m/0bt9lr","[""/m/05tny_"", ""/m/0bt9lr"", ""/m/068hy"", ""/m/0jbk""]","dog_bark","[""Bark"", ""Domestic_animals_and_pets"", ""Animal"", ""dog_bark""]","audios/train\235867.wav"
"160092.wav","/m/0bt9lr","[""/m/05tny_"", ""/m/0bt9lr"", ""/m/068hy"", ""/m/0jbk""]","dog_bark","[""Bark"", ""Domestic_animals_and_pets"", ""Animal"", ""dog_bark""]","audios/train\160092.wav"
"84317.wav","/m/0bt9lr","[""/m/05tny_"", ""/m/0bt9lr"", ""/m/068hy"", ""/m/0jbk""]","dog_bark","[""Bark"", ""Domestic_animals_and_pets"", ""Animal"", ""dog_bark""]","audios/train\84317.wav"
"160094.wav","/m/0bt9lr","[""/m/05tny_"", ""/m/0bt9lr"", ""/m/068hy"", ""/m/0jbk""]","dog_bark","[""Bark"", ""Domestic_animals_and_pets"", ""Animal"", ""dog_bark""]","audios/train\160094.wav"
"235869.wav","/m/0bt9lr","[""/m/05tny_"", ""/m/0bt9lr"", ""/m/068hy"", ""/m/0jbk""]","dog_bark","[""Bark"", ""Domestic_animals_and_pets"", ""Animal"", ""dog_bark""]","audios/train\235869.wav"
"235872.wav","/m/0bt9lr","[""/m/05tny_"", ""/m/0bt9lr"", ""/m/068hy"", ""/m/0jbk""]","dog_bark","[""Bark"", ""Domestic_animals_and_pets"", ""Animal"", ""dog_bark""]","audios/train\235872.wav"
"160093.wav","/m/0bt9lr","[""/m/05tny_"", ""/m/0bt9lr"", ""/m/068hy"", ""/m/0jbk""]","dog_bark","[""Bark"", ""Domestic_animals_and_pets"", ""Animal"", ""dog_bark""]","audios/train\160093.wav"
"235871.wav","/m/0bt9lr","[""/m/05tny_"", ""/m/0bt9lr"", ""/m/068hy"", ""/m/0jbk""]","dog_bark","[""Bark"", ""Domestic_animals_and_pets"", ""Animal"", ""dog_bark""]","audios/train\235871.wav"
"162148.wav","/m/0bt9lr","[""/m/05tny_"", ""/m/0bt9lr"", ""/m/068hy"", ""/m/0jbk""]","dog_bark","[""Bark"", ""Domestic_animals_and_pets"", ""Animal"", ""dog_bark""]","audios/train\162148.wav"
"418154.wav","/m/0bt9lr","[""/m/05tny_"", ""/m/0bt9lr"", ""/m/068hy"", ""/m/0jbk""]","dog_bark","[""Bark"", ""Domestic_animals_and_pets"", ""Animal"", ""dog_bark""]","audios/train\418154.wav"
"418155.wav","/m/0bt9lr","[""/m/05tny_"", ""/m/0bt9lr"", ""/m/068hy"", ""/m/0jbk""]","dog_bark","[""Bark"", ""Domestic_animals_and_pets"", ""Animal"", ""dog_bark""]","audios/train\418155.wav"
"235884.wav","/m/0bt9lr","[""/m/05tny_"", ""/m/0bt9lr"", ""/m/068hy"", ""/m/0jbk""]","dog_bark","[""Bark"", ""Domestic_animals_and_pets"", ""Animal"", ""dog_bark""]","audios/train\235884.wav"
"235885.wav","/m/0bt9lr","[""/m/05tny_"", ""/m/0bt9lr"", ""/m/068hy"", ""/m/0jbk""]","dog_bark","[""Bark"", ""Domestic_animals_and_pets"", ""Animal"", ""dog_bark""]","audios/train\235885.wav"
"235886.wav","/m/0bt9lr","[""/m/05tny_"", ""/m/0bt9lr"", ""/m/068hy"", ""/m/0jbk""]","dog_bark","[""Bark"", ""Domestic_animals_and_pets"", ""Animal"", ""dog_bark""]","audios/train\235886.wav"
"418156.wav","/m/0bt9lr","[""/m/05tny_"", ""/m/0bt9lr"", ""/m/068hy"", ""/m/0jbk""]","dog_bark","[""Bark"", ""Domestic_animals_and_pets"", ""Animal"", ""dog_bark""]","audios/train\418156.wav"
"235890.wav","/m/0bt9lr","[""/m/05tny_"", ""/m/0bt9lr"", ""/m/068hy"", ""/m/0jbk""]","dog_bark","[""Bark"", ""Domestic_animals_and_pets"", ""Animal"", ""dog_bark""]","audios/train\235890.wav"
"85362.wav","/m/0bt9lr","[""/m/05tny_"", ""/m/0bt9lr"", ""/m/068hy"", ""/m/0jbk""]","dog_bark","[""Bark"", ""Domestic_animals_and_pets"", ""Animal"", ""dog_bark""]","audios/train\85362.wav"
"245114.wav","/m/0bt9lr","[""/m/05tny_"", ""/m/0bt9lr"", ""/m/068hy"", ""/m/0jbk""]","dog_bark","[""Bark"", ""Domestic_animals_and_pets"", ""Animal"", ""dog_bark""]","audios/train\245114.wav"
"398724.wav","/m/0bt9lr","[""/m/05tny_"", ""/m/0bt9lr"", ""/m/068hy"", ""/m/0jbk""]","dog_bark","[""Bark"", ""Domestic_animals_and_pets"", ""Animal"", ""dog_bark""]","audios/train\398724.wav"
"235913.wav","/m/0bt9lr","[""/m/05tny_"", ""/m/0bt9lr"", ""/m/068hy"", ""/m/0jbk""]","dog_bark","[""Bark"", ""Domestic_animals_and_pets"", ""Animal"", ""dog_bark""]","audios/train\235913.wav"
"332173.wav","/m/0bt9lr","[""/m/05tny_"", ""/m/0bt9lr"", ""/m/068hy"", ""/m/0jbk""]","dog_bark","[""Bark"", ""Domestic_animals_and_pets"", ""Animal"", ""dog_bark""]","audios/train\332173.wav"
"332175.wav","/m/0bt9lr","[""/m/05tny_"", ""/m/0bt9lr"", ""/m/068hy"", ""/m/0jbk""]","dog_bark","[""Bark"", ""Domestic_animals_and_pets"", ""Animal"", ""dog_bark""]","audios/train\332175.wav"
"332176.wav","/m/0bt9lr","[""/m/05tny_"", ""/m/0bt9lr"", ""/m/068hy"", ""/m/0jbk""]","dog_bark","[""Bark"", ""Domestic_animals_and_pets"", ""Animal"", ""dog_bark""]","audios/train\332176.wav"
"184725.wav","/m/0bt9lr","[""/m/05tny_"", ""/m/0bt9lr"", ""/m/068hy"", ""/m/0jbk""]","dog_bark","[""Bark"", ""Domestic_animals_and_pets"", ""Animal"", ""dog_bark""]","audios/train\184725.wav"
"236967.wav","/m/0bt9lr","[""/m/05tny_"", ""/m/0bt9lr"", ""/m/068hy"", ""/m/0jbk""]","dog_bark","[""Bark"", ""Domestic_animals_and_pets"", ""Animal"", ""dog_bark""]","audios/train\236967.wav"
"50612.wav","/m/0bt9lr","[""/m/05tny_"", ""/m/0bt9lr"", ""/m/068hy"", ""/m/0jbk""]","dog_bark","[""Bark"", ""Domestic_animals_and_pets"", ""Animal"", ""dog_bark""]","audios/train\50612.wav"
"50613.wav","/m/0bt9lr","[""/m/05tny_"", ""/m/0bt9lr"", ""/m/068hy"", ""/m/0jbk""]","dog_bark","[""Bark"", ""Domestic_animals_and_pets"", ""Animal"", ""dog_bark""]","audios/train\50613.wav"
"50614.wav","/m/0bt9lr","[""/m/05tny_"", ""/m/0bt9lr"", ""/m/068hy"", ""/m/0jbk""]","dog_bark","[""Bark"", ""Domestic_animals_and_pets"", ""Animal"", ""dog_bark""]","audios/train\50614.wav"
"380350.wav","/m/0bt9lr","[""/m/05tny_"", ""/m/0bt9lr"", ""/m/068hy"", ""/m/0jbk""]","dog_bark","[""Bark"", ""Domestic_animals_and_pets"", ""Animal"", ""dog_bark""]","audios/train\380350.wav"
"11722.wav","/m/0bt9lr","[""/m/05tny_"", ""/m/0bt9lr"", ""/m/068hy"", ""/m/0jbk""]","dog_bark","[""Bark"", ""Domestic_animals_and_pets"", ""Animal"", ""dog_bark""]","audios/train\11722.wav"
"70098.wav","/m/0bt9lr","[""/m/05tny_"", ""/m/0bt9lr"", ""/m/068hy"", ""/m/0jbk""]","dog_bark","[""Bark"", ""Domestic_animals_and_pets"", ""Animal"", ""dog_bark""]","audios/train\70098.wav"
"164311.wav","/m/0bt9lr","[""/m/05tny_"", ""/m/0bt9lr"", ""/m/068hy"", ""/m/0jbk""]","dog_bark","[""Bark"", ""Domestic_animals_and_pets"", ""Animal"", ""dog_bark""]","audios/train\164311.wav"
"35296.wav","/m/0bt9lr","[""/m/05tny_"", ""/m/0bt9lr"", ""/m/068hy"", ""/m/0jbk""]","dog_bark","[""Bark"", ""Domestic_animals_and_pets"", ""Animal"", ""dog_bark""]","audios/train\35296.wav"
"67049.wav","/m/0bt9lr","[""/m/05tny_"", ""/m/0bt9lr"", ""/m/068hy"", ""/m/0jbk""]","dog_bark","[""Bark"", ""Domestic_animals_and_pets"", ""Animal"", ""dog_bark""]","audios/train\67049.wav"
"236011.wav","/m/0bt9lr","[""/m/05tny_"", ""/m/0bt9lr"", ""/m/068hy"", ""/m/0jbk""]","dog_bark","[""Bark"", ""Domestic_animals_and_pets"", ""Animal"", ""dog_bark""]","audios/train\236011.wav"
"236013.wav","/m/0bt9lr","[""/m/05tny_"", ""/m/0bt9lr"", ""/m/068hy"", ""/m/0jbk""]","dog_bark","[""Bark"", ""Domestic_animals_and_pets"", ""Animal"", ""dog_bark""]","audios/train\236013.wav"
"236016.wav","/m/0bt9lr","[""/m/05tny_"", ""/m/0bt9lr"", ""/m/068hy"", ""/m/0jbk""]","dog_bark","[""Bark"", ""Domestic_animals_and_pets"", ""Animal"", ""dog_bark""]","audios/train\236016.wav"
"236017.wav","/m/0bt9lr","[""/m/05tny_"", ""/m/0bt9lr"", ""/m/068hy"", ""/m/0jbk""]","dog_bark","[""Bark"", ""Domestic_animals_and_pets"", ""Animal"", ""dog_bark""]","audios/train\236017.wav"
"236018.wav","/m/0bt9lr","[""/m/05tny_"", ""/m/0bt9lr"", ""/m/068hy"", ""/m/0jbk""]","dog_bark","[""Bark"", ""Domestic_animals_and_pets"", ""Animal"", ""dog_bark""]","audios/train\236018.wav"
"236019.wav","/m/0bt9lr","[""/m/05tny_"", ""/m/0bt9lr"", ""/m/068hy"", ""/m/0jbk""]","dog_bark","[""Bark"", ""Domestic_animals_and_pets"", ""Animal"", ""dog_bark""]","audios/train\236019.wav"
"236020.wav","/m/0bt9lr","[""/m/05tny_"", ""/m/0bt9lr"", ""/m/068hy"", ""/m/0jbk""]","dog_bark","[""Bark"", ""Domestic_animals_and_pets"", ""Animal"", ""dog_bark""]","audios/train\236020.wav"
"236021.wav","/m/0bt9lr","[""/m/05tny_"", ""/m/0bt9lr"", ""/m/068hy"", ""/m/0jbk""]","dog_bark","[""Bark"", ""Domestic_animals_and_pets"", ""Animal"", ""dog_bark""]","audios/train\236021.wav"
"236022.wav","/m/0bt9lr","[""/m/05tny_"", ""/m/0bt9lr"", ""/m/068hy"", ""/m/0jbk""]","dog_bark","[""Bark"", ""Domestic_animals_and_pets"", ""Animal"", ""dog_bark""]","audios/train\236022.wav"
"236025.wav","/m/0bt9lr","[""/m/05tny_"", ""/m/0bt9lr"", ""/m/068hy"", ""/m/0jbk""]","dog_bark","[""Bark"", ""Domestic_animals_and_pets"", ""Animal"", ""dog_bark""]","audios/train\236025.wav"
"381434.wav","/m/0bt9lr","[""/m/05tny_"", ""/m/0bt9lr"", ""/m/068hy"", ""/m/0jbk""]","dog_bark","[""Bark"", ""Domestic_animals_and_pets"", ""Animal"", ""dog_bark""]","audios/train\381434.wav"
"236027.wav","/m/0bt9lr","[""/m/05tny_"", ""/m/0bt9lr"", ""/m/068hy"", ""/m/0jbk""]","dog_bark","[""Bark"", ""Domestic_animals_and_pets"", ""Animal"", ""dog_bark""]","audios/train\236027.wav"
"236028.wav","/m/0bt9lr","[""/m/05tny_"", ""/m/0bt9lr"", ""/m/068hy"", ""/m/0jbk""]","dog_bark","[""Bark"", ""Domestic_animals_and_pets"", ""Animal"", ""dog_bark""]","audios/train\236028.wav"
"236029.wav","/m/0bt9lr","[""/m/05tny_"", ""/m/0bt9lr"", ""/m/068hy"", ""/m/0jbk""]","dog_bark","[""Bark"", ""Domestic_animals_and_pets"", ""Animal"", ""dog_bark""]","audios/train\236029.wav"
"236030.wav","/m/0bt9lr","[""/m/05tny_"", ""/m/0bt9lr"", ""/m/068hy"", ""/m/0jbk""]","dog_bark","[""Bark"", ""Domestic_animals_and_pets"", ""Animal"", ""dog_bark""]","audios/train\236030.wav"
"236031.wav","/m/0bt9lr","[""/m/05tny_"", ""/m/0bt9lr"", ""/m/068hy"", ""/m/0jbk""]","dog_bark","[""Bark"", ""Domestic_animals_and_pets"", ""Animal"", ""dog_bark""]","audios/train\236031.wav"
"236032.wav","/m/0bt9lr","[""/m/05tny_"", ""/m/0bt9lr"", ""/m/068hy"", ""/m/0jbk""]","dog_bark","[""Bark"", ""Domestic_animals_and_pets"", ""Animal"", ""dog_bark""]","audios/train\236032.wav"
"236026.wav","/m/0bt9lr","[""/m/05tny_"", ""/m/0bt9lr"", ""/m/068hy"", ""/m/0jbk""]","dog_bark","[""Bark"", ""Domestic_animals_and_pets"", ""Animal"", ""dog_bark""]","audios/train\236026.wav"
"236034.wav","/m/0bt9lr","[""/m/05tny_"", ""/m/0bt9lr"", ""/m/068hy"", ""/m/0jbk""]","dog_bark","[""Bark"", ""Domestic_animals_and_pets"", ""Animal"", ""dog_bark""]","audios/train\236034.wav"
"236035.wav","/m/0bt9lr","[""/m/05tny_"", ""/m/0bt9lr"", ""/m/068hy"", ""/m/0jbk""]","dog_bark","[""Bark"", ""Domestic_animals_and_pets"", ""Animal"", ""dog_bark""]","audios/train\236035.wav"
"236037.wav","/m/0bt9lr","[""/m/05tny_"", ""/m/0bt9lr"", ""/m/068hy"", ""/m/0jbk""]","dog_bark","[""Bark"", ""Domestic_animals_and_pets"", ""Animal"", ""dog_bark""]","audios/train\236037.wav"
"236038.wav","/m/0bt9lr","[""/m/05tny_"", ""/m/0bt9lr"", ""/m/068hy"", ""/m/0jbk""]","dog_bark","[""Bark"", ""Domestic_animals_and_pets"", ""Animal"", ""dog_bark""]","audios/train\236038.wav"
"236039.wav","/m/0bt9lr","[""/m/05tny_"", ""/m/0bt9lr"", ""/m/068hy"", ""/m/0jbk""]","dog_bark","[""Bark"", ""Domestic_animals_and_pets"", ""Animal"", ""dog_bark""]","audios/train\236039.wav"
"236040.wav","/m/0bt9lr","[""/m/05tny_"", ""/m/0bt9lr"", ""/m/068hy"", ""/m/0jbk""]","dog_bark","[""Bark"", ""Domestic_animals_and_pets"", ""Animal"", ""dog_bark""]","audios/train\236040.wav"
"236041.wav","/m/0bt9lr","[""/m/05tny_"", ""/m/0bt9lr"", ""/m/068hy"", ""/m/0jbk""]","dog_bark","[""Bark"", ""Domestic_animals_and_pets"", ""Animal"", ""dog_bark""]","audios/train\236041.wav"
"236042.wav","/m/0bt9lr","[""/m/05tny_"", ""/m/0bt9lr"", ""/m/068hy"", ""/m/0jbk""]","dog_bark","[""Bark"", ""Domestic_animals_and_pets"", ""Animal"", ""dog_bark""]","audios/train\236042.wav"
"236043.wav","/m/0bt9lr","[""/m/05tny_"", ""/m/0bt9lr"", ""/m/068hy"", ""/m/0jbk""]","dog_bark","[""Bark"", ""Domestic_animals_and_pets"", ""Animal"", ""dog_bark""]","audios/train\236043.wav"
"236044.wav","/m/0bt9lr","[""/m/05tny_"", ""/m/0bt9lr"", ""/m/068hy"", ""/m/0jbk""]","dog_bark","[""Bark"", ""Domestic_animals_and_pets"", ""Animal"", ""dog_bark""]","audios/train\236044.wav"
"236045.wav","/m/0bt9lr","[""/m/05tny_"", ""/m/0bt9lr"", ""/m/068hy"", ""/m/0jbk""]","dog_bark","[""Bark"", ""Domestic_animals_and_pets"", ""Animal"", ""dog_bark""]","audios/train\236045.wav"
"236046.wav","/m/0bt9lr","[""/m/05tny_"", ""/m/0bt9lr"", ""/m/068hy"", ""/m/0jbk""]","dog_bark","[""Bark"", ""Domestic_animals_and_pets"", ""Animal"", ""dog_bark""]","audios/train\236046.wav"
"236047.wav","/m/0bt9lr","[""/m/05tny_"", ""/m/0bt9lr"", ""/m/068hy"", ""/m/0jbk""]","dog_bark","[""Bark"", ""Domestic_animals_and_pets"", ""Animal"", ""dog_bark""]","audios/train\236047.wav"
"236048.wav","/m/0bt9lr","[""/m/05tny_"", ""/m/0bt9lr"", ""/m/068hy"", ""/m/0jbk""]","dog_bark","[""Bark"", ""Domestic_animals_and_pets"", ""Animal"", ""dog_bark""]","audios/train\236048.wav"
"236049.wav","/m/0bt9lr","[""/m/05tny_"", ""/m/0bt9lr"", ""/m/068hy"", ""/m/0jbk""]","dog_bark","[""Bark"", ""Domestic_animals_and_pets"", ""Animal"", ""dog_bark""]","audios/train\236049.wav"
"236050.wav","/m/0bt9lr","[""/m/05tny_"", ""/m/0bt9lr"", ""/m/068hy"", ""/m/0jbk""]","dog_bark","[""Bark"", ""Domestic_animals_and_pets"", ""Animal"", ""dog_bark""]","audios/train\236050.wav"
"236051.wav","/m/0bt9lr","[""/m/05tny_"", ""/m/0bt9lr"", ""/m/068hy"", ""/m/0jbk""]","dog_bark","[""Bark"", ""Domestic_animals_and_pets"", ""Animal"", ""dog_bark""]","audios/train\236051.wav"
"236052.wav","/m/0bt9lr","[""/m/05tny_"", ""/m/0bt9lr"", ""/m/068hy"", ""/m/0jbk""]","dog_bark","[""Bark"", ""Domestic_animals_and_pets"", ""Animal"", ""dog_bark""]","audios/train\236052.wav"
"236053.wav","/m/0bt9lr","[""/m/05tny_"", ""/m/0bt9lr"", ""/m/068hy"", ""/m/0jbk""]","dog_bark","[""Bark"", ""Domestic_animals_and_pets"", ""Animal"", ""dog_bark""]","audios/train\236053.wav"
"236054.wav","/m/0bt9lr","[""/m/05tny_"", ""/m/0bt9lr"", ""/m/068hy"", ""/m/0jbk""]","dog_bark","[""Bark"", ""Domestic_animals_and_pets"", ""Animal"", ""dog_bark""]","audios/train\236054.wav"
"117271.wav","/m/0bt9lr","[""/m/05tny_"", ""/m/0bt9lr"", ""/m/068hy"", ""/m/0jbk""]","dog_bark","[""Bark"", ""Domestic_animals_and_pets"", ""Animal"", ""dog_bark""]","audios/train\117271.wav"
"236056.wav","/m/0bt9lr","[""/m/05tny_"", ""/m/0bt9lr"", ""/m/068hy"", ""/m/0jbk""]","dog_bark","[""Bark"", ""Domestic_animals_and_pets"", ""Animal"", ""dog_bark""]","audios/train\236056.wav"
"236057.wav","/m/0bt9lr","[""/m/05tny_"", ""/m/0bt9lr"", ""/m/068hy"", ""/m/0jbk""]","dog_bark","[""Bark"", ""Domestic_animals_and_pets"", ""Animal"", ""dog_bark""]","audios/train\236057.wav"
"236058.wav","/m/0bt9lr","[""/m/05tny_"", ""/m/0bt9lr"", ""/m/068hy"", ""/m/0jbk""]","dog_bark","[""Bark"", ""Domestic_animals_and_pets"", ""Animal"", ""dog_bark""]","audios/train\236058.wav"
"236059.wav","/m/0bt9lr","[""/m/05tny_"", ""/m/0bt9lr"", ""/m/068hy"", ""/m/0jbk""]","dog_bark","[""Bark"", ""Domestic_animals_and_pets"", ""Animal"", ""dog_bark""]","audios/train\236059.wav"
"236060.wav","/m/0bt9lr","[""/m/05tny_"", ""/m/0bt9lr"", ""/m/068hy"", ""/m/0jbk""]","dog_bark","[""Bark"", ""Domestic_animals_and_pets"", ""Animal"", ""dog_bark""]","audios/train\236060.wav"
"236061.wav","/m/0bt9lr","[""/m/05tny_"", ""/m/0bt9lr"", ""/m/068hy"", ""/m/0jbk""]","dog_bark","[""Bark"", ""Domestic_animals_and_pets"", ""Animal"", ""dog_bark""]","audios/train\236061.wav"
"236062.wav","/m/0bt9lr","[""/m/05tny_"", ""/m/0bt9lr"", ""/m/068hy"", ""/m/0jbk""]","dog_bark","[""Bark"", ""Domestic_animals_and_pets"", ""Animal"", ""dog_bark""]","audios/train\236062.wav"
"236055.wav","/m/0bt9lr","[""/m/05tny_"", ""/m/0bt9lr"", ""/m/068hy"", ""/m/0jbk""]","dog_bark","[""Bark"", ""Domestic_animals_and_pets"", ""Animal"", ""dog_bark""]","audios/train\236055.wav"
"365089.wav","/m/0bt9lr","[""/m/05tny_"", ""/m/0bt9lr"", ""/m/068hy"", ""/m/0jbk""]","dog_bark","[""Bark"", ""Domestic_animals_and_pets"", ""Animal"", ""dog_bark""]","audios/train\365089.wav"
"236066.wav","/m/0bt9lr","[""/m/05tny_"", ""/m/0bt9lr"", ""/m/068hy"", ""/m/0jbk""]","dog_bark","[""Bark"", ""Domestic_animals_and_pets"", ""Animal"", ""dog_bark""]","audios/train\236066.wav"
"236067.wav","/m/0bt9lr","[""/m/05tny_"", ""/m/0bt9lr"", ""/m/068hy"", ""/m/0jbk""]","dog_bark","[""Bark"", ""Domestic_animals_and_pets"", ""Animal"", ""dog_bark""]","audios/train\236067.wav"
"236068.wav","/m/0bt9lr","[""/m/05tny_"", ""/m/0bt9lr"", ""/m/068hy"", ""/m/0jbk""]","dog_bark","[""Bark"", ""Domestic_animals_and_pets"", ""Animal"", ""dog_bark""]","audios/train\236068.wav"
"236065.wav","/m/0bt9lr","[""/m/05tny_"", ""/m/0bt9lr"", ""/m/068hy"", ""/m/0jbk""]","dog_bark","[""Bark"", ""Domestic_animals_and_pets"", ""Animal"", ""dog_bark""]","audios/train\236065.wav"
"196127.wav","/m/0bt9lr","[""/m/05tny_"", ""/m/0bt9lr"", ""/m/068hy"", ""/m/0jbk""]","dog_bark","[""Bark"", ""Domestic_animals_and_pets"", ""Animal"", ""dog_bark""]","audios/train\196127.wav"
"54823.wav","/m/0bt9lr","[""/m/05tny_"", ""/m/0bt9lr"", ""/m/068hy"", ""/m/0jbk""]","dog_bark","[""Bark"", ""Domestic_animals_and_pets"", ""Animal"", ""dog_bark""]","audios/train\54823.wav"
"236071.wav","/m/0bt9lr","[""/m/05tny_"", ""/m/0bt9lr"", ""/m/068hy"", ""/m/0jbk""]","dog_bark","[""Bark"", ""Domestic_animals_and_pets"", ""Animal"", ""dog_bark""]","audios/train\236071.wav"
"433697.wav","/m/0bt9lr","[""/m/05tny_"", ""/m/0bt9lr"", ""/m/068hy"", ""/m/0jbk""]","dog_bark","[""Bark"", ""Domestic_animals_and_pets"", ""Animal"", ""dog_bark""]","audios/train\433697.wav"
"433698.wav","/m/0bt9lr","[""/m/05tny_"", ""/m/0bt9lr"", ""/m/068hy"", ""/m/0jbk""]","dog_bark","[""Bark"", ""Domestic_animals_and_pets"", ""Animal"", ""dog_bark""]","audios/train\433698.wav"
"236074.wav","/m/0bt9lr","[""/m/05tny_"", ""/m/0bt9lr"", ""/m/068hy"", ""/m/0jbk""]","dog_bark","[""Bark"", ""Domestic_animals_and_pets"", ""Animal"", ""dog_bark""]","audios/train\236074.wav"
"236075.wav","/m/0bt9lr","[""/m/05tny_"", ""/m/0bt9lr"", ""/m/068hy"", ""/m/0jbk""]","dog_bark","[""Bark"", ""Domestic_animals_and_pets"", ""Animal"", ""dog_bark""]","audios/train\236075.wav"
"236076.wav","/m/0bt9lr","[""/m/05tny_"", ""/m/0bt9lr"", ""/m/068hy"", ""/m/0jbk""]","dog_bark","[""Bark"", ""Domestic_animals_and_pets"", ""Animal"", ""dog_bark""]","audios/train\236076.wav"
"236077.wav","/m/0bt9lr","[""/m/05tny_"", ""/m/0bt9lr"", ""/m/068hy"", ""/m/0jbk""]","dog_bark","[""Bark"", ""Domestic_animals_and_pets"", ""Animal"", ""dog_bark""]","audios/train\236077.wav"
"234030.wav","/m/0bt9lr","[""/m/05tny_"", ""/m/0bt9lr"", ""/m/068hy"", ""/m/0jbk""]","dog_bark","[""Bark"", ""Domestic_animals_and_pets"", ""Animal"", ""dog_bark""]","audios/train\234030.wav"
"236078.wav","/m/0bt9lr","[""/m/05tny_"", ""/m/0bt9lr"", ""/m/068hy"", ""/m/0jbk""]","dog_bark","[""Bark"", ""Domestic_animals_and_pets"", ""Animal"", ""dog_bark""]","audios/train\236078.wav"
"184880.wav","/m/0bt9lr","[""/m/05tny_"", ""/m/07pbtc8"", ""/m/0bt9lr"", ""/m/068hy"", ""/m/0jbk""]","dog_bark","[""Walk_and_footsteps"", ""Bark"", ""Domestic_animals_and_pets"", ""Animal"", ""dog_bark""]","audios/train\184880.wav"
"236084.wav","/m/0bt9lr","[""/m/05tny_"", ""/m/0bt9lr"", ""/m/068hy"", ""/m/0jbk""]","dog_bark","[""Bark"", ""Domestic_animals_and_pets"", ""Animal"", ""dog_bark""]","audios/train\236084.wav"
"236085.wav","/m/0bt9lr","[""/m/05tny_"", ""/m/0bt9lr"", ""/m/068hy"", ""/m/0jbk""]","dog_bark","[""Bark"", ""Domestic_animals_and_pets"", ""Animal"", ""dog_bark""]","audios/train\236085.wav"
"236086.wav","/m/0bt9lr","[""/m/05tny_"", ""/m/0bt9lr"", ""/m/068hy"", ""/m/0jbk""]","dog_bark","[""Bark"", ""Domestic_animals_and_pets"", ""Animal"", ""dog_bark""]","audios/train\236086.wav"
"236087.wav","/m/0bt9lr","[""/m/05tny_"", ""/m/0bt9lr"", ""/m/068hy"", ""/m/0jbk""]","dog_bark","[""Bark"", ""Domestic_animals_and_pets"", ""Animal"", ""dog_bark""]","audios/train\236087.wav"
"236088.wav","/m/0bt9lr","[""/m/05tny_"", ""/m/0bt9lr"", ""/m/068hy"", ""/m/0jbk""]","dog_bark","[""Bark"", ""Domestic_animals_and_pets"", ""Animal"", ""dog_bark""]","audios/train\236088.wav"
"236089.wav","/m/0bt9lr","[""/m/05tny_"", ""/m/0bt9lr"", ""/m/068hy"", ""/m/0jbk""]","dog_bark","[""Bark"", ""Domestic_animals_and_pets"", ""Animal"", ""dog_bark""]","audios/train\236089.wav"
"236090.wav","/m/0bt9lr","[""/m/05tny_"", ""/m/0bt9lr"", ""/m/068hy"", ""/m/0jbk""]","dog_bark","[""Bark"", ""Domestic_animals_and_pets"", ""Animal"", ""dog_bark""]","audios/train\236090.wav"
"236093.wav","/m/0bt9lr","[""/m/05tny_"", ""/m/0bt9lr"", ""/m/068hy"", ""/m/0jbk""]","dog_bark","[""Bark"", ""Domestic_animals_and_pets"", ""Animal"", ""dog_bark""]","audios/train\236093.wav"
"236094.wav","/m/0bt9lr","[""/m/05tny_"", ""/m/0bt9lr"", ""/m/068hy"", ""/m/0jbk""]","dog_bark","[""Bark"", ""Domestic_animals_and_pets"", ""Animal"", ""dog_bark""]","audios/train\236094.wav"
"236095.wav","/m/0bt9lr","[""/m/05tny_"", ""/m/0bt9lr"", ""/m/068hy"", ""/m/0jbk""]","dog_bark","[""Bark"", ""Domestic_animals_and_pets"", ""Animal"", ""dog_bark""]","audios/train\236095.wav"
"236096.wav","/m/0bt9lr","[""/m/05tny_"", ""/m/0bt9lr"", ""/m/068hy"", ""/m/0jbk""]","dog_bark","[""Bark"", ""Domestic_animals_and_pets"", ""Animal"", ""dog_bark""]","audios/train\236096.wav"
"236097.wav","/m/0bt9lr","[""/m/05tny_"", ""/m/0bt9lr"", ""/m/068hy"", ""/m/0jbk""]","dog_bark","[""Bark"", ""Domestic_animals_and_pets"", ""Animal"", ""dog_bark""]","audios/train\236097.wav"
"277058.wav","/m/0bt9lr","[""/m/05tny_"", ""/m/0bt9lr"", ""/m/068hy"", ""/m/0jbk""]","dog_bark","[""Bark"", ""Domestic_animals_and_pets"", ""Animal"", ""dog_bark""]","audios/train\277058.wav"
"236099.wav","/m/0bt9lr","[""/m/05tny_"", ""/m/0bt9lr"", ""/m/068hy"", ""/m/0jbk""]","dog_bark","[""Bark"", ""Domestic_animals_and_pets"", ""Animal"", ""dog_bark""]","audios/train\236099.wav"
"236098.wav","/m/0bt9lr","[""/m/05tny_"", ""/m/0bt9lr"", ""/m/068hy"", ""/m/0jbk""]","dog_bark","[""Bark"", ""Domestic_animals_and_pets"", ""Animal"", ""dog_bark""]","audios/train\236098.wav"
"236100.wav","/m/0bt9lr","[""/m/05tny_"", ""/m/0bt9lr"", ""/m/068hy"", ""/m/0jbk""]","dog_bark","[""Bark"", ""Domestic_animals_and_pets"", ""Animal"", ""dog_bark""]","audios/train\236100.wav"
"236101.wav","/m/0bt9lr","[""/m/05tny_"", ""/m/0bt9lr"", ""/m/068hy"", ""/m/0jbk""]","dog_bark","[""Bark"", ""Domestic_animals_and_pets"", ""Animal"", ""dog_bark""]","audios/train\236101.wav"
"236105.wav","/m/0bt9lr","[""/m/05tny_"", ""/m/0bt9lr"", ""/m/068hy"", ""/m/0jbk""]","dog_bark","[""Bark"", ""Domestic_animals_and_pets"", ""Animal"", ""dog_bark""]","audios/train\236105.wav"
"236106.wav","/m/0bt9lr","[""/m/05tny_"", ""/m/0bt9lr"", ""/m/068hy"", ""/m/0jbk""]","dog_bark","[""Bark"", ""Domestic_animals_and_pets"", ""Animal"", ""dog_bark""]","audios/train\236106.wav"
"137803.wav","/m/0bt9lr","[""/m/05tny_"", ""/m/0bt9lr"", ""/m/068hy"", ""/m/0jbk""]","dog_bark","[""Bark"", ""Domestic_animals_and_pets"", ""Animal"", ""dog_bark""]","audios/train\137803.wav"
"236109.wav","/m/0bt9lr","[""/m/05tny_"", ""/m/0bt9lr"", ""/m/068hy"", ""/m/0jbk""]","dog_bark","[""Bark"", ""Domestic_animals_and_pets"", ""Animal"", ""dog_bark""]","audios/train\236109.wav"
"236108.wav","/m/0bt9lr","[""/m/05tny_"", ""/m/0bt9lr"", ""/m/068hy"", ""/m/0jbk""]","dog_bark","[""Bark"", ""Domestic_animals_and_pets"", ""Animal"", ""dog_bark""]","audios/train\236108.wav"
"236111.wav","/m/0bt9lr","[""/m/05tny_"", ""/m/0bt9lr"", ""/m/068hy"", ""/m/0jbk""]","dog_bark","[""Bark"", ""Domestic_animals_and_pets"", ""Animal"", ""dog_bark""]","audios/train\236111.wav"
"236110.wav","/m/0bt9lr","[""/m/05tny_"", ""/m/0bt9lr"", ""/m/068hy"", ""/m/0jbk""]","dog_bark","[""Bark"", ""Domestic_animals_and_pets"", ""Animal"", ""dog_bark""]","audios/train\236110.wav"
"236113.wav","/m/0bt9lr","[""/m/05tny_"", ""/m/0bt9lr"", ""/m/068hy"", ""/m/0jbk""]","dog_bark","[""Bark"", ""Domestic_animals_and_pets"", ""Animal"", ""dog_bark""]","audios/train\236113.wav"
"236112.wav","/m/0bt9lr","[""/m/05tny_"", ""/m/0bt9lr"", ""/m/068hy"", ""/m/0jbk""]","dog_bark","[""Bark"", ""Domestic_animals_and_pets"", ""Animal"", ""dog_bark""]","audios/train\236112.wav"
"236116.wav","/m/0bt9lr","[""/m/05tny_"", ""/m/0bt9lr"", ""/m/068hy"", ""/m/0jbk""]","dog_bark","[""Bark"", ""Domestic_animals_and_pets"", ""Animal"", ""dog_bark""]","audios/train\236116.wav"
"236117.wav","/m/0bt9lr","[""/m/05tny_"", ""/m/0bt9lr"", ""/m/068hy"", ""/m/0jbk""]","dog_bark","[""Bark"", ""Domestic_animals_and_pets"", ""Animal"", ""dog_bark""]","audios/train\236117.wav"
"236118.wav","/m/0bt9lr","[""/m/05tny_"", ""/m/0bt9lr"", ""/m/068hy"", ""/m/0jbk""]","dog_bark","[""Bark"", ""Domestic_animals_and_pets"", ""Animal"", ""dog_bark""]","audios/train\236118.wav"
"236119.wav","/m/0bt9lr","[""/m/05tny_"", ""/m/0bt9lr"", ""/m/068hy"", ""/m/0jbk""]","dog_bark","[""Bark"", ""Domestic_animals_and_pets"", ""Animal"", ""dog_bark""]","audios/train\236119.wav"
"236120.wav","/m/0bt9lr","[""/m/05tny_"", ""/m/0bt9lr"", ""/m/068hy"", ""/m/0jbk""]","dog_bark","[""Bark"", ""Domestic_animals_and_pets"", ""Animal"", ""dog_bark""]","audios/train\236120.wav"
"236121.wav","/m/0bt9lr","[""/m/05tny_"", ""/m/0bt9lr"", ""/m/068hy"", ""/m/0jbk""]","dog_bark","[""Bark"", ""Domestic_animals_and_pets"", ""Animal"", ""dog_bark""]","audios/train\236121.wav"
"236123.wav","/m/0bt9lr","[""/m/05tny_"", ""/m/0bt9lr"", ""/m/068hy"", ""/m/0jbk""]","dog_bark","[""Bark"", ""Domestic_animals_and_pets"", ""Animal"", ""dog_bark""]","audios/train\236123.wav"
"211548.wav","/m/0bt9lr","[""/m/05tny_"", ""/m/0bt9lr"", ""/m/068hy"", ""/m/0jbk""]","dog_bark","[""Bark"", ""Domestic_animals_and_pets"", ""Animal"", ""dog_bark""]","audios/train\211548.wav"
"236125.wav","/m/0bt9lr","[""/m/05tny_"", ""/m/0bt9lr"", ""/m/068hy"", ""/m/0jbk""]","dog_bark","[""Bark"", ""Domestic_animals_and_pets"", ""Animal"", ""dog_bark""]","audios/train\236125.wav"
"236124.wav","/m/0bt9lr","[""/m/05tny_"", ""/m/0bt9lr"", ""/m/068hy"", ""/m/0jbk""]","dog_bark","[""Bark"", ""Domestic_animals_and_pets"", ""Animal"", ""dog_bark""]","audios/train\236124.wav"
"236127.wav","/m/0bt9lr","[""/m/05tny_"", ""/m/0bt9lr"", ""/m/068hy"", ""/m/0jbk""]","dog_bark","[""Bark"", ""Domestic_animals_and_pets"", ""Animal"", ""dog_bark""]","audios/train\236127.wav"
"236128.wav","/m/0bt9lr","[""/m/05tny_"", ""/m/0bt9lr"", ""/m/068hy"", ""/m/0jbk""]","dog_bark","[""Bark"", ""Domestic_animals_and_pets"", ""Animal"", ""dog_bark""]","audios/train\236128.wav"
"236126.wav","/m/0bt9lr","[""/m/05tny_"", ""/m/0bt9lr"", ""/m/068hy"", ""/m/0jbk""]","dog_bark","[""Bark"", ""Domestic_animals_and_pets"", ""Animal"", ""dog_bark""]","audios/train\236126.wav"
"420447.wav","/m/0bt9lr","[""/m/05tny_"", ""/m/0bt9lr"", ""/m/068hy"", ""/m/0jbk""]","dog_bark","[""Bark"", ""Domestic_animals_and_pets"", ""Animal"", ""dog_bark""]","audios/train\420447.wav"
"420448.wav","/m/0bt9lr","[""/m/05tny_"", ""/m/0bt9lr"", ""/m/068hy"", ""/m/0jbk""]","dog_bark","[""Bark"", ""Domestic_animals_and_pets"", ""Animal"", ""dog_bark""]","audios/train\420448.wav"
"236134.wav","/m/0bt9lr","[""/m/05tny_"", ""/m/0bt9lr"", ""/m/068hy"", ""/m/0jbk""]","dog_bark","[""Bark"", ""Domestic_animals_and_pets"", ""Animal"", ""dog_bark""]","audios/train\236134.wav"
"420450.wav","/m/0bt9lr","[""/m/05tny_"", ""/m/0bt9lr"", ""/m/068hy"", ""/m/0jbk""]","dog_bark","[""Bark"", ""Domestic_animals_and_pets"", ""Animal"", ""dog_bark""]","audios/train\420450.wav"
"236136.wav","/m/0bt9lr","[""/m/05tny_"", ""/m/0bt9lr"", ""/m/068hy"", ""/m/0jbk""]","dog_bark","[""Bark"", ""Domestic_animals_and_pets"", ""Animal"", ""dog_bark""]","audios/train\236136.wav"
"236137.wav","/m/0bt9lr","[""/m/05tny_"", ""/m/0bt9lr"", ""/m/068hy"", ""/m/0jbk""]","dog_bark","[""Bark"", ""Domestic_animals_and_pets"", ""Animal"", ""dog_bark""]","audios/train\236137.wav"
"114280.wav","/m/0bt9lr","[""/m/05tny_"", ""/m/0bt9lr"", ""/m/068hy"", ""/m/0jbk""]","dog_bark","[""Bark"", ""Domestic_animals_and_pets"", ""Animal"", ""dog_bark""]","audios/train\114280.wav"
"236135.wav","/m/0bt9lr","[""/m/05tny_"", ""/m/0bt9lr"", ""/m/068hy"", ""/m/0jbk""]","dog_bark","[""Bark"", ""Domestic_animals_and_pets"", ""Animal"", ""dog_bark""]","audios/train\236135.wav"
"236131.wav","/m/0bt9lr","[""/m/05tny_"", ""/m/0bt9lr"", ""/m/068hy"", ""/m/0jbk""]","dog_bark","[""Bark"", ""Domestic_animals_and_pets"", ""Animal"", ""dog_bark""]","audios/train\236131.wav"
"236138.wav","/m/0bt9lr","[""/m/05tny_"", ""/m/0bt9lr"", ""/m/068hy"", ""/m/0jbk""]","dog_bark","[""Bark"", ""Domestic_animals_and_pets"", ""Animal"", ""dog_bark""]","audios/train\236138.wav"
"387686.wav","/m/0bt9lr","[""/m/05tny_"", ""/m/0bt9lr"", ""/m/068hy"", ""/m/0jbk""]","dog_bark","[""Bark"", ""Domestic_animals_and_pets"", ""Animal"", ""dog_bark""]","audios/train\387686.wav"
"236142.wav","/m/0bt9lr","[""/m/05tny_"", ""/m/0bt9lr"", ""/m/068hy"", ""/m/0jbk""]","dog_bark","[""Bark"", ""Domestic_animals_and_pets"", ""Animal"", ""dog_bark""]","audios/train\236142.wav"
"387689.wav","/m/0bt9lr","[""/m/05tny_"", ""/m/0bt9lr"", ""/m/068hy"", ""/m/0jbk""]","dog_bark","[""Bark"", ""Domestic_animals_and_pets"", ""Animal"", ""dog_bark""]","audios/train\387689.wav"
"236144.wav","/m/0bt9lr","[""/m/05tny_"", ""/m/0bt9lr"", ""/m/068hy"", ""/m/0jbk""]","dog_bark","[""Bark"", ""Domestic_animals_and_pets"", ""Animal"", ""dog_bark""]","audios/train\236144.wav"
"236146.wav","/m/0bt9lr","[""/m/05tny_"", ""/m/0bt9lr"", ""/m/068hy"", ""/m/0jbk""]","dog_bark","[""Bark"", ""Domestic_animals_and_pets"", ""Animal"", ""dog_bark""]","audios/train\236146.wav"
"236145.wav","/m/0bt9lr","[""/m/05tny_"", ""/m/0bt9lr"", ""/m/068hy"", ""/m/0jbk""]","dog_bark","[""Bark"", ""Domestic_animals_and_pets"", ""Animal"", ""dog_bark""]","audios/train\236145.wav"
"236140.wav","/m/0bt9lr","[""/m/05tny_"", ""/m/0bt9lr"", ""/m/068hy"", ""/m/0jbk""]","dog_bark","[""Bark"", ""Domestic_animals_and_pets"", ""Animal"", ""dog_bark""]","audios/train\236140.wav"
"236141.wav","/m/0bt9lr","[""/m/05tny_"", ""/m/0bt9lr"", ""/m/068hy"", ""/m/0jbk""]","dog_bark","[""Bark"", ""Domestic_animals_and_pets"", ""Animal"", ""dog_bark""]","audios/train\236141.wav"
"125554.wav","/m/0bt9lr","[""/m/05tny_"", ""/m/0bt9lr"", ""/m/068hy"", ""/m/0jbk""]","dog_bark","[""Bark"", ""Domestic_animals_and_pets"", ""Animal"", ""dog_bark""]","audios/train\125554.wav"
"432755.wav","/m/0bt9lr","[""/m/05tny_"", ""/m/0bt9lr"", ""/m/068hy"", ""/m/0jbk""]","dog_bark","[""Bark"", ""Domestic_animals_and_pets"", ""Animal"", ""dog_bark""]","audios/train\432755.wav"
"236147.wav","/m/0bt9lr","[""/m/05tny_"", ""/m/0bt9lr"", ""/m/068hy"", ""/m/0jbk""]","dog_bark","[""Bark"", ""Domestic_animals_and_pets"", ""Animal"", ""dog_bark""]","audios/train\236147.wav"
"236148.wav","/m/0bt9lr","[""/m/05tny_"", ""/m/0bt9lr"", ""/m/068hy"", ""/m/0jbk""]","dog_bark","[""Bark"", ""Domestic_animals_and_pets"", ""Animal"", ""dog_bark""]","audios/train\236148.wav"
"236154.wav","/m/0bt9lr","[""/m/05tny_"", ""/m/0bt9lr"", ""/m/068hy"", ""/m/0jbk""]","dog_bark","[""Bark"", ""Domestic_animals_and_pets"", ""Animal"", ""dog_bark""]","audios/train\236154.wav"
"236150.wav","/m/0bt9lr","[""/m/05tny_"", ""/m/0bt9lr"", ""/m/068hy"", ""/m/0jbk""]","dog_bark","[""Bark"", ""Domestic_animals_and_pets"", ""Animal"", ""dog_bark""]","audios/train\236150.wav"
"236151.wav","/m/0bt9lr","[""/m/05tny_"", ""/m/0bt9lr"", ""/m/068hy"", ""/m/0jbk""]","dog_bark","[""Bark"", ""Domestic_animals_and_pets"", ""Animal"", ""dog_bark""]","audios/train\236151.wav"
"236153.wav","/m/0bt9lr","[""/m/05tny_"", ""/m/0bt9lr"", ""/m/068hy"", ""/m/0jbk""]","dog_bark","[""Bark"", ""Domestic_animals_and_pets"", ""Animal"", ""dog_bark""]","audios/train\236153.wav"
"236149.wav","/m/0bt9lr","[""/m/05tny_"", ""/m/0bt9lr"", ""/m/068hy"", ""/m/0jbk""]","dog_bark","[""Bark"", ""Domestic_animals_and_pets"", ""Animal"", ""dog_bark""]","audios/train\236149.wav"
"236155.wav","/m/0bt9lr","[""/m/05tny_"", ""/m/0bt9lr"", ""/m/068hy"", ""/m/0jbk""]","dog_bark","[""Bark"", ""Domestic_animals_and_pets"", ""Animal"", ""dog_bark""]","audios/train\236155.wav"
"119420.wav","/m/0bt9lr","[""/m/05tny_"", ""/m/0bt9lr"", ""/m/068hy"", ""/m/0jbk""]","dog_bark","[""Bark"", ""Domestic_animals_and_pets"", ""Animal"", ""dog_bark""]","audios/train\119420.wav"
"236157.wav","/m/0bt9lr","[""/m/05tny_"", ""/m/0bt9lr"", ""/m/068hy"", ""/m/0jbk""]","dog_bark","[""Bark"", ""Domestic_animals_and_pets"", ""Animal"", ""dog_bark""]","audios/train\236157.wav"
"236158.wav","/m/0bt9lr","[""/m/05tny_"", ""/m/0bt9lr"", ""/m/068hy"", ""/m/0jbk""]","dog_bark","[""Bark"", ""Domestic_animals_and_pets"", ""Animal"", ""dog_bark""]","audios/train\236158.wav"
"236159.wav","/m/0bt9lr","[""/m/05tny_"", ""/m/0bt9lr"", ""/m/068hy"", ""/m/0jbk""]","dog_bark","[""Bark"", ""Domestic_animals_and_pets"", ""Animal"", ""dog_bark""]","audios/train\236159.wav"
"236156.wav","/m/0bt9lr","[""/m/05tny_"", ""/m/0bt9lr"", ""/m/068hy"", ""/m/0jbk""]","dog_bark","[""Bark"", ""Domestic_animals_and_pets"", ""Animal"", ""dog_bark""]","audios/train\236156.wav"
"264833.wav","/m/0bt9lr","[""/m/05tny_"", ""/m/0bt9lr"", ""/m/068hy"", ""/m/0jbk""]","dog_bark","[""Bark"", ""Domestic_animals_and_pets"", ""Animal"", ""dog_bark""]","audios/train\264833.wav"
"236162.wav","/m/0bt9lr","[""/m/05tny_"", ""/m/0bt9lr"", ""/m/068hy"", ""/m/0jbk""]","dog_bark","[""Bark"", ""Domestic_animals_and_pets"", ""Animal"", ""dog_bark""]","audios/train\236162.wav"
"236167.wav","/m/0bt9lr","[""/m/05tny_"", ""/m/0bt9lr"", ""/m/068hy"", ""/m/0jbk""]","dog_bark","[""Bark"", ""Domestic_animals_and_pets"", ""Animal"", ""dog_bark""]","audios/train\236167.wav"
"236163.wav","/m/0bt9lr","[""/m/05tny_"", ""/m/0bt9lr"", ""/m/068hy"", ""/m/0jbk""]","dog_bark","[""Bark"", ""Domestic_animals_and_pets"", ""Animal"", ""dog_bark""]","audios/train\236163.wav"
"236165.wav","/m/0bt9lr","[""/m/05tny_"", ""/m/0bt9lr"", ""/m/068hy"", ""/m/0jbk""]","dog_bark","[""Bark"", ""Domestic_animals_and_pets"", ""Animal"", ""dog_bark""]","audios/train\236165.wav"
"236171.wav","/m/0bt9lr","[""/m/05tny_"", ""/m/0bt9lr"", ""/m/068hy"", ""/m/0jbk""]","dog_bark","[""Bark"", ""Domestic_animals_and_pets"", ""Animal"", ""dog_bark""]","audios/train\236171.wav"
"125574.wav","/m/0bt9lr","[""/m/05tny_"", ""/m/0bt9lr"", ""/m/068hy"", ""/m/0jbk""]","dog_bark","[""Bark"", ""Domestic_animals_and_pets"", ""Animal"", ""dog_bark""]","audios/train\125574.wav"
"236166.wav","/m/0bt9lr","[""/m/05tny_"", ""/m/0bt9lr"", ""/m/068hy"", ""/m/0jbk""]","dog_bark","[""Bark"", ""Domestic_animals_and_pets"", ""Animal"", ""dog_bark""]","audios/train\236166.wav"
"164488.wav","/m/0bt9lr","[""/m/05tny_"", ""/m/09xqv"", ""/m/07pjwq1"", ""/m/03vt0"", ""/m/0bt9lr"", ""/m/068hy"", ""/m/0jbk"", ""/m/01280g""]","dog_bark","[""Wild_animals"", ""Insect"", ""Bark"", ""Buzz"", ""Animal"", ""Domestic_animals_and_pets"", ""Cricket"", ""dog_bark""]","audios/train\164488.wav"
"236169.wav","/m/0bt9lr","[""/m/05tny_"", ""/m/0bt9lr"", ""/m/068hy"", ""/m/0jbk""]","dog_bark","[""Bark"", ""Domestic_animals_and_pets"", ""Animal"", ""dog_bark""]","audios/train\236169.wav"
"236170.wav","/m/0bt9lr","[""/m/05tny_"", ""/m/0bt9lr"", ""/m/068hy"", ""/m/0jbk""]","dog_bark","[""Bark"", ""Domestic_animals_and_pets"", ""Animal"", ""dog_bark""]","audios/train\236170.wav"
"379531.wav","/m/0bt9lr","[""/m/05tny_"", ""/m/0bt9lr"", ""/m/068hy"", ""/m/0jbk""]","dog_bark","[""Bark"", ""Domestic_animals_and_pets"", ""Animal"", ""dog_bark""]","audios/train\379531.wav"
"236172.wav","/m/0bt9lr","[""/m/05tny_"", ""/m/0bt9lr"", ""/m/068hy"", ""/m/0jbk""]","dog_bark","[""Bark"", ""Domestic_animals_and_pets"", ""Animal"", ""dog_bark""]","audios/train\236172.wav"
"236173.wav","/m/0bt9lr","[""/m/05tny_"", ""/m/0bt9lr"", ""/m/068hy"", ""/m/0jbk""]","dog_bark","[""Bark"", ""Domestic_animals_and_pets"", ""Animal"", ""dog_bark""]","audios/train\236173.wav"
"390804.wav","/m/0bt9lr","[""/m/05tny_"", ""/m/0bt9lr"", ""/m/068hy"", ""/m/0jbk""]","dog_bark","[""Bark"", ""Domestic_animals_and_pets"", ""Animal"", ""dog_bark""]","audios/train\390804.wav"
"390805.wav","/m/0bt9lr","[""/m/05tny_"", ""/m/0bt9lr"", ""/m/068hy"", ""/m/0jbk""]","dog_bark","[""Bark"", ""Domestic_animals_and_pets"", ""Animal"", ""dog_bark""]","audios/train\390805.wav"
"236174.wav","/m/0bt9lr","[""/m/05tny_"", ""/m/0bt9lr"", ""/m/068hy"", ""/m/0jbk""]","dog_bark","[""Bark"", ""Domestic_animals_and_pets"", ""Animal"", ""dog_bark""]","audios/train\236174.wav"
"236175.wav","/m/0bt9lr","[""/m/05tny_"", ""/m/0bt9lr"", ""/m/068hy"", ""/m/0jbk""]","dog_bark","[""Bark"", ""Domestic_animals_and_pets"", ""Animal"", ""dog_bark""]","audios/train\236175.wav"
"236176.wav","/m/0bt9lr","[""/m/05tny_"", ""/m/0bt9lr"", ""/m/068hy"", ""/m/0jbk""]","dog_bark","[""Bark"", ""Domestic_animals_and_pets"", ""Animal"", ""dog_bark""]","audios/train\236176.wav"
"236178.wav","/m/0bt9lr","[""/m/05tny_"", ""/m/0bt9lr"", ""/m/068hy"", ""/m/0jbk""]","dog_bark","[""Bark"", ""Domestic_animals_and_pets"", ""Animal"", ""dog_bark""]","audios/train\236178.wav"
"236179.wav","/m/0bt9lr","[""/m/05tny_"", ""/m/0bt9lr"", ""/m/068hy"", ""/m/0jbk""]","dog_bark","[""Bark"", ""Domestic_animals_and_pets"", ""Animal"", ""dog_bark""]","audios/train\236179.wav"
"236180.wav","/m/0bt9lr","[""/m/05tny_"", ""/m/0bt9lr"", ""/m/068hy"", ""/m/0jbk""]","dog_bark","[""Bark"", ""Domestic_animals_and_pets"", ""Animal"", ""dog_bark""]","audios/train\236180.wav"
"236182.wav","/m/0bt9lr","[""/m/05tny_"", ""/m/0bt9lr"", ""/m/068hy"", ""/m/0jbk""]","dog_bark","[""Bark"", ""Domestic_animals_and_pets"", ""Animal"", ""dog_bark""]","audios/train\236182.wav"
"236184.wav","/m/0bt9lr","[""/m/05tny_"", ""/m/0bt9lr"", ""/m/068hy"", ""/m/0jbk""]","dog_bark","[""Bark"", ""Domestic_animals_and_pets"", ""Animal"", ""dog_bark""]","audios/train\236184.wav"
"236185.wav","/m/0bt9lr","[""/m/05tny_"", ""/m/0bt9lr"", ""/m/068hy"", ""/m/0jbk""]","dog_bark","[""Bark"", ""Domestic_animals_and_pets"", ""Animal"", ""dog_bark""]","audios/train\236185.wav"
"236186.wav","/m/0bt9lr","[""/m/05tny_"", ""/m/0bt9lr"", ""/m/068hy"", ""/m/0jbk""]","dog_bark","[""Bark"", ""Domestic_animals_and_pets"", ""Animal"", ""dog_bark""]","audios/train\236186.wav"
"236188.wav","/m/0bt9lr","[""/m/05tny_"", ""/m/0bt9lr"", ""/m/068hy"", ""/m/0jbk""]","dog_bark","[""Bark"", ""Domestic_animals_and_pets"", ""Animal"", ""dog_bark""]","audios/train\236188.wav"
"236189.wav","/m/0bt9lr","[""/m/05tny_"", ""/m/0bt9lr"", ""/m/068hy"", ""/m/0jbk""]","dog_bark","[""Bark"", ""Domestic_animals_and_pets"", ""Animal"", ""dog_bark""]","audios/train\236189.wav"
"144028.wav","/m/0bt9lr","[""/m/05tny_"", ""/m/0bt9lr"", ""/m/068hy"", ""/m/0jbk""]","dog_bark","[""Bark"", ""Domestic_animals_and_pets"", ""Animal"", ""dog_bark""]","audios/train\144028.wav"
"236193.wav","/m/0bt9lr","[""/m/05tny_"", ""/m/0bt9lr"", ""/m/068hy"", ""/m/0jbk""]","dog_bark","[""Bark"", ""Domestic_animals_and_pets"", ""Animal"", ""dog_bark""]","audios/train\236193.wav"
"85661.wav","/m/0bt9lr","[""/m/05tny_"", ""/m/0bt9lr"", ""/m/068hy"", ""/m/0jbk""]","dog_bark","[""Bark"", ""Domestic_animals_and_pets"", ""Animal"", ""dog_bark""]","audios/train\85661.wav"
"236196.wav","/m/0bt9lr","[""/m/05tny_"", ""/m/0bt9lr"", ""/m/068hy"", ""/m/0jbk""]","dog_bark","[""Bark"", ""Domestic_animals_and_pets"", ""Animal"", ""dog_bark""]","audios/train\236196.wav"
"236197.wav","/m/0bt9lr","[""/m/05tny_"", ""/m/0bt9lr"", ""/m/068hy"", ""/m/0jbk""]","dog_bark","[""Bark"", ""Domestic_animals_and_pets"", ""Animal"", ""dog_bark""]","audios/train\236197.wav"
"85664.wav","/m/0bt9lr","[""/m/05tny_"", ""/m/0bt9lr"", ""/m/068hy"", ""/m/0jbk""]","dog_bark","[""Bark"", ""Domestic_animals_and_pets"", ""Animal"", ""dog_bark""]","audios/train\85664.wav"
"236200.wav","/m/0bt9lr","[""/m/05tny_"", ""/m/0bt9lr"", ""/m/068hy"", ""/m/0jbk""]","dog_bark","[""Bark"", ""Domestic_animals_and_pets"", ""Animal"", ""dog_bark""]","audios/train\236200.wav"
"236201.wav","/m/0bt9lr","[""/m/05tny_"", ""/m/0bt9lr"", ""/m/068hy"", ""/m/0jbk""]","dog_bark","[""Bark"", ""Domestic_animals_and_pets"", ""Animal"", ""dog_bark""]","audios/train\236201.wav"
"236202.wav","/m/0bt9lr","[""/m/05tny_"", ""/m/0bt9lr"", ""/m/068hy"", ""/m/0jbk""]","dog_bark","[""Bark"", ""Domestic_animals_and_pets"", ""Animal"", ""dog_bark""]","audios/train\236202.wav"
"236203.wav","/m/0bt9lr","[""/m/05tny_"", ""/m/0bt9lr"", ""/m/068hy"", ""/m/0jbk""]","dog_bark","[""Bark"", ""Domestic_animals_and_pets"", ""Animal"", ""dog_bark""]","audios/train\236203.wav"
"236204.wav","/m/0bt9lr","[""/m/05tny_"", ""/m/0bt9lr"", ""/m/068hy"", ""/m/0jbk""]","dog_bark","[""Bark"", ""Domestic_animals_and_pets"", ""Animal"", ""dog_bark""]","audios/train\236204.wav"
"155309.wav","/m/0bt9lr","[""/m/05tny_"", ""/m/0bt9lr"", ""/m/068hy"", ""/m/0jbk""]","dog_bark","[""Bark"", ""Domestic_animals_and_pets"", ""Animal"", ""dog_bark""]","audios/train\155309.wav"
"236205.wav","/m/0bt9lr","[""/m/05tny_"", ""/m/0bt9lr"", ""/m/068hy"", ""/m/0jbk""]","dog_bark","[""Bark"", ""Domestic_animals_and_pets"", ""Animal"", ""dog_bark""]","audios/train\236205.wav"
"155311.wav","/m/0bt9lr","[""/m/05tny_"", ""/m/0bt9lr"", ""/m/068hy"", ""/m/0jbk""]","dog_bark","[""Bark"", ""Domestic_animals_and_pets"", ""Animal"", ""dog_bark""]","audios/train\155311.wav"
"155312.wav","/m/0bt9lr","[""/m/05tny_"", ""/m/0bt9lr"", ""/m/068hy"", ""/m/0jbk""]","dog_bark","[""Bark"", ""Domestic_animals_and_pets"", ""Animal"", ""dog_bark""]","audios/train\155312.wav"
"236206.wav","/m/0bt9lr","[""/m/05tny_"", ""/m/0bt9lr"", ""/m/068hy"", ""/m/0jbk""]","dog_bark","[""Bark"", ""Domestic_animals_and_pets"", ""Animal"", ""dog_bark""]","audios/train\236206.wav"
"236207.wav","/m/0bt9lr","[""/m/05tny_"", ""/m/0bt9lr"", ""/m/068hy"", ""/m/0jbk""]","dog_bark","[""Bark"", ""Domestic_animals_and_pets"", ""Animal"", ""dog_bark""]","audios/train\236207.wav"
"236208.wav","/m/0bt9lr","[""/m/05tny_"", ""/m/0bt9lr"", ""/m/068hy"", ""/m/0jbk""]","dog_bark","[""Bark"", ""Domestic_animals_and_pets"", ""Animal"", ""dog_bark""]","audios/train\236208.wav"
"155317.wav","/m/0bt9lr","[""/m/05tny_"", ""/m/0bt9lr"", ""/m/068hy"", ""/m/0jbk""]","dog_bark","[""Bark"", ""Domestic_animals_and_pets"", ""Animal"", ""dog_bark""]","audios/train\155317.wav"
"236214.wav","/m/0bt9lr","[""/m/05tny_"", ""/m/0bt9lr"", ""/m/068hy"", ""/m/0jbk""]","dog_bark","[""Bark"", ""Domestic_animals_and_pets"", ""Animal"", ""dog_bark""]","audios/train\236214.wav"
"236210.wav","/m/0bt9lr","[""/m/05tny_"", ""/m/0bt9lr"", ""/m/068hy"", ""/m/0jbk""]","dog_bark","[""Bark"", ""Domestic_animals_and_pets"", ""Animal"", ""dog_bark""]","audios/train\236210.wav"
"183992.wav","/m/0bt9lr","[""/m/05tny_"", ""/m/0bt9lr"", ""/m/068hy"", ""/m/0jbk""]","dog_bark","[""Bark"", ""Domestic_animals_and_pets"", ""Animal"", ""dog_bark""]","audios/train\183992.wav"
"236211.wav","/m/0bt9lr","[""/m/05tny_"", ""/m/0bt9lr"", ""/m/068hy"", ""/m/0jbk""]","dog_bark","[""Bark"", ""Domestic_animals_and_pets"", ""Animal"", ""dog_bark""]","audios/train\236211.wav"
"236212.wav","/m/0bt9lr","[""/m/05tny_"", ""/m/0bt9lr"", ""/m/068hy"", ""/m/0jbk""]","dog_bark","[""Bark"", ""Domestic_animals_and_pets"", ""Animal"", ""dog_bark""]","audios/train\236212.wav"
"236213.wav","/m/0bt9lr","[""/m/05tny_"", ""/m/0bt9lr"", ""/m/068hy"", ""/m/0jbk""]","dog_bark","[""Bark"", ""Domestic_animals_and_pets"", ""Animal"", ""dog_bark""]","audios/train\236213.wav"
"107190.wav","/m/0bt9lr","[""/m/05tny_"", ""/m/0bt9lr"", ""/m/068hy"", ""/m/0jbk""]","dog_bark","[""Bark"", ""Domestic_animals_and_pets"", ""Animal"", ""dog_bark""]","audios/train\107190.wav"
"236215.wav","/m/0bt9lr","[""/m/05tny_"", ""/m/0bt9lr"", ""/m/068hy"", ""/m/0jbk""]","dog_bark","[""Bark"", ""Domestic_animals_and_pets"", ""Animal"", ""dog_bark""]","audios/train\236215.wav"
"236216.wav","/m/0bt9lr","[""/m/05tny_"", ""/m/0bt9lr"", ""/m/068hy"", ""/m/0jbk""]","dog_bark","[""Bark"", ""Domestic_animals_and_pets"", ""Animal"", ""dog_bark""]","audios/train\236216.wav"
"236217.wav","/m/0bt9lr","[""/m/05tny_"", ""/m/0bt9lr"", ""/m/068hy"", ""/m/0jbk""]","dog_bark","[""Bark"", ""Domestic_animals_and_pets"", ""Animal"", ""dog_bark""]","audios/train\236217.wav"
"236218.wav","/m/0bt9lr","[""/m/05tny_"", ""/m/0bt9lr"", ""/m/068hy"", ""/m/0jbk""]","dog_bark","[""Bark"", ""Domestic_animals_and_pets"", ""Animal"", ""dog_bark""]","audios/train\236218.wav"
"236219.wav","/m/0bt9lr","[""/m/05tny_"", ""/m/0bt9lr"", ""/m/068hy"", ""/m/0jbk""]","dog_bark","[""Bark"", ""Domestic_animals_and_pets"", ""Animal"", ""dog_bark""]","audios/train\236219.wav"
"236220.wav","/m/0bt9lr","[""/m/05tny_"", ""/m/0bt9lr"", ""/m/068hy"", ""/m/0jbk""]","dog_bark","[""Bark"", ""Domestic_animals_and_pets"", ""Animal"", ""dog_bark""]","audios/train\236220.wav"
"236221.wav","/m/0bt9lr","[""/m/05tny_"", ""/m/0bt9lr"", ""/m/068hy"", ""/m/0jbk""]","dog_bark","[""Bark"", ""Domestic_animals_and_pets"", ""Animal"", ""dog_bark""]","audios/train\236221.wav"
"236222.wav","/m/0bt9lr","[""/m/05tny_"", ""/m/0bt9lr"", ""/m/068hy"", ""/m/0jbk""]","dog_bark","[""Bark"", ""Domestic_animals_and_pets"", ""Animal"", ""dog_bark""]","audios/train\236222.wav"
"50885.wav","/m/0bt9lr","[""/m/05tny_"", ""/m/0bt9lr"", ""/m/068hy"", ""/m/0jbk""]","dog_bark","[""Bark"", ""Domestic_animals_and_pets"", ""Animal"", ""dog_bark""]","audios/train\50885.wav"
"236223.wav","/m/0bt9lr","[""/m/05tny_"", ""/m/0bt9lr"", ""/m/068hy"", ""/m/0jbk""]","dog_bark","[""Bark"", ""Domestic_animals_and_pets"", ""Animal"", ""dog_bark""]","audios/train\236223.wav"
"236225.wav","/m/0bt9lr","[""/m/05tny_"", ""/m/0bt9lr"", ""/m/068hy"", ""/m/0jbk""]","dog_bark","[""Bark"", ""Domestic_animals_and_pets"", ""Animal"", ""dog_bark""]","audios/train\236225.wav"
"236226.wav","/m/0bt9lr","[""/m/05tny_"", ""/m/0bt9lr"", ""/m/068hy"", ""/m/0jbk""]","dog_bark","[""Bark"", ""Domestic_animals_and_pets"", ""Animal"", ""dog_bark""]","audios/train\236226.wav"
"236227.wav","/m/0bt9lr","[""/m/05tny_"", ""/m/0bt9lr"", ""/m/068hy"", ""/m/0jbk""]","dog_bark","[""Bark"", ""Domestic_animals_and_pets"", ""Animal"", ""dog_bark""]","audios/train\236227.wav"
"236228.wav","/m/0bt9lr","[""/m/05tny_"", ""/m/0bt9lr"", ""/m/068hy"", ""/m/0jbk""]","dog_bark","[""Bark"", ""Domestic_animals_and_pets"", ""Animal"", ""dog_bark""]","audios/train\236228.wav"
"236229.wav","/m/0bt9lr","[""/m/05tny_"", ""/m/0bt9lr"", ""/m/068hy"", ""/m/0jbk""]","dog_bark","[""Bark"", ""Domestic_animals_and_pets"", ""Animal"", ""dog_bark""]","audios/train\236229.wav"
"236230.wav","/m/0bt9lr","[""/m/05tny_"", ""/m/0bt9lr"", ""/m/068hy"", ""/m/0jbk""]","dog_bark","[""Bark"", ""Domestic_animals_and_pets"", ""Animal"", ""dog_bark""]","audios/train\236230.wav"
"236232.wav","/m/0bt9lr","[""/m/05tny_"", ""/m/0bt9lr"", ""/m/068hy"", ""/m/0jbk""]","dog_bark","[""Bark"", ""Domestic_animals_and_pets"", ""Animal"", ""dog_bark""]","audios/train\236232.wav"
"236233.wav","/m/0bt9lr","[""/m/05tny_"", ""/m/0bt9lr"", ""/m/068hy"", ""/m/0jbk""]","dog_bark","[""Bark"", ""Domestic_animals_and_pets"", ""Animal"", ""dog_bark""]","audios/train\236233.wav"
"236234.wav","/m/0bt9lr","[""/m/05tny_"", ""/m/0bt9lr"", ""/m/068hy"", ""/m/0jbk""]","dog_bark","[""Bark"", ""Domestic_animals_and_pets"", ""Animal"", ""dog_bark""]","audios/train\236234.wav"
"236235.wav","/m/0bt9lr","[""/m/05tny_"", ""/m/0bt9lr"", ""/m/068hy"", ""/m/0jbk""]","dog_bark","[""Bark"", ""Domestic_animals_and_pets"", ""Animal"", ""dog_bark""]","audios/train\236235.wav"
"236236.wav","/m/0bt9lr","[""/m/05tny_"", ""/m/0bt9lr"", ""/m/068hy"", ""/m/0jbk""]","dog_bark","[""Bark"", ""Domestic_animals_and_pets"", ""Animal"", ""dog_bark""]","audios/train\236236.wav"
"236237.wav","/m/0bt9lr","[""/m/05tny_"", ""/m/0bt9lr"", ""/m/068hy"", ""/m/0jbk""]","dog_bark","[""Bark"", ""Domestic_animals_and_pets"", ""Animal"", ""dog_bark""]","audios/train\236237.wav"
"236238.wav","/m/0bt9lr","[""/m/05tny_"", ""/m/0bt9lr"", ""/m/068hy"", ""/m/0jbk""]","dog_bark","[""Bark"", ""Domestic_animals_and_pets"", ""Animal"", ""dog_bark""]","audios/train\236238.wav"
"236239.wav","/m/0bt9lr","[""/m/05tny_"", ""/m/0bt9lr"", ""/m/068hy"", ""/m/0jbk""]","dog_bark","[""Bark"", ""Domestic_animals_and_pets"", ""Animal"", ""dog_bark""]","audios/train\236239.wav"
"236240.wav","/m/0bt9lr","[""/m/05tny_"", ""/m/0bt9lr"", ""/m/068hy"", ""/m/0jbk""]","dog_bark","[""Bark"", ""Domestic_animals_and_pets"", ""Animal"", ""dog_bark""]","audios/train\236240.wav"
"236241.wav","/m/0bt9lr","[""/m/05tny_"", ""/m/0bt9lr"", ""/m/068hy"", ""/m/0jbk""]","dog_bark","[""Bark"", ""Domestic_animals_and_pets"", ""Animal"", ""dog_bark""]","audios/train\236241.wav"
"236243.wav","/m/0bt9lr","[""/m/05tny_"", ""/m/0bt9lr"", ""/m/068hy"", ""/m/0jbk""]","dog_bark","[""Bark"", ""Domestic_animals_and_pets"", ""Animal"", ""dog_bark""]","audios/train\236243.wav"
"236244.wav","/m/0bt9lr","[""/m/05tny_"", ""/m/0bt9lr"", ""/m/068hy"", ""/m/0jbk""]","dog_bark","[""Bark"", ""Domestic_animals_and_pets"", ""Animal"", ""dog_bark""]","audios/train\236244.wav"
"347763.wav","/m/0bt9lr","[""/m/05tny_"", ""/m/0bt9lr"", ""/m/068hy"", ""/m/0jbk""]","dog_bark","[""Bark"", ""Domestic_animals_and_pets"", ""Animal"", ""dog_bark""]","audios/train\347763.wav"
"236249.wav","/m/0bt9lr","[""/m/05tny_"", ""/m/0bt9lr"", ""/m/068hy"", ""/m/0jbk""]","dog_bark","[""Bark"", ""Domestic_animals_and_pets"", ""Animal"", ""dog_bark""]","audios/train\236249.wav"
"236250.wav","/m/0bt9lr","[""/m/05tny_"", ""/m/0bt9lr"", ""/m/068hy"", ""/m/0jbk""]","dog_bark","[""Bark"", ""Domestic_animals_and_pets"", ""Animal"", ""dog_bark""]","audios/train\236250.wav"
"236251.wav","/m/0bt9lr","[""/m/05tny_"", ""/m/0bt9lr"", ""/m/068hy"", ""/m/0jbk""]","dog_bark","[""Bark"", ""Domestic_animals_and_pets"", ""Animal"", ""dog_bark""]","audios/train\236251.wav"
"236253.wav","/m/0bt9lr","[""/m/05tny_"", ""/m/0bt9lr"", ""/m/068hy"", ""/m/0jbk""]","dog_bark","[""Bark"", ""Domestic_animals_and_pets"", ""Animal"", ""dog_bark""]","audios/train\236253.wav"
"236255.wav","/m/0bt9lr","[""/m/05tny_"", ""/m/0bt9lr"", ""/m/068hy"", ""/m/0jbk""]","dog_bark","[""Bark"", ""Domestic_animals_and_pets"", ""Animal"", ""dog_bark""]","audios/train\236255.wav"
"236256.wav","/m/0bt9lr","[""/m/05tny_"", ""/m/0bt9lr"", ""/m/068hy"", ""/m/0jbk""]","dog_bark","[""Bark"", ""Domestic_animals_and_pets"", ""Animal"", ""dog_bark""]","audios/train\236256.wav"
"242402.wav","/m/0bt9lr","[""/m/05tny_"", ""/m/0bt9lr"", ""/m/068hy"", ""/m/0jbk""]","dog_bark","[""Bark"", ""Domestic_animals_and_pets"", ""Animal"", ""dog_bark""]","audios/train\242402.wav"
"242403.wav","/m/0bt9lr","[""/m/05tny_"", ""/m/0bt9lr"", ""/m/068hy"", ""/m/0jbk""]","dog_bark","[""Bark"", ""Domestic_animals_and_pets"", ""Animal"", ""dog_bark""]","audios/train\242403.wav"
"55013.wav","/m/0bt9lr","[""/m/05tny_"", ""/m/0bt9lr"", ""/m/068hy"", ""/m/0jbk""]","dog_bark","[""Bark"", ""Domestic_animals_and_pets"", ""Animal"", ""dog_bark""]","audios/train\55013.wav"
"236262.wav","/m/0bt9lr","[""/m/05tny_"", ""/m/0bt9lr"", ""/m/068hy"", ""/m/0jbk""]","dog_bark","[""Bark"", ""Domestic_animals_and_pets"", ""Animal"", ""dog_bark""]","audios/train\236262.wav"
"236263.wav","/m/0bt9lr","[""/m/05tny_"", ""/m/0bt9lr"", ""/m/068hy"", ""/m/0jbk""]","dog_bark","[""Bark"", ""Domestic_animals_and_pets"", ""Animal"", ""dog_bark""]","audios/train\236263.wav"
"236264.wav","/m/0bt9lr","[""/m/05tny_"", ""/m/0bt9lr"", ""/m/068hy"", ""/m/0jbk""]","dog_bark","[""Bark"", ""Domestic_animals_and_pets"", ""Animal"", ""dog_bark""]","audios/train\236264.wav"
"220901.wav","/m/0bt9lr","[""/m/05tny_"", ""/m/0bt9lr"", ""/m/068hy"", ""/m/0jbk""]","dog_bark","[""Bark"", ""Domestic_animals_and_pets"", ""Animal"", ""dog_bark""]","audios/train\220901.wav"
"220904.wav","/m/0bt9lr","[""/m/05tny_"", ""/m/0bt9lr"", ""/m/068hy"", ""/m/0jbk""]","dog_bark","[""Bark"", ""Domestic_animals_and_pets"", ""Animal"", ""dog_bark""]","audios/train\220904.wav"
"236267.wav","/m/0bt9lr","[""/m/05tny_"", ""/m/0bt9lr"", ""/m/068hy"", ""/m/0jbk""]","dog_bark","[""Bark"", ""Domestic_animals_and_pets"", ""Animal"", ""dog_bark""]","audios/train\236267.wav"
"236269.wav","/m/0bt9lr","[""/m/05tny_"", ""/m/0bt9lr"", ""/m/068hy"", ""/m/0jbk""]","dog_bark","[""Bark"", ""Domestic_animals_and_pets"", ""Animal"", ""dog_bark""]","audios/train\236269.wav"
"236270.wav","/m/0bt9lr","[""/m/05tny_"", ""/m/0bt9lr"", ""/m/068hy"", ""/m/0jbk""]","dog_bark","[""Bark"", ""Domestic_animals_and_pets"", ""Animal"", ""dog_bark""]","audios/train\236270.wav"
"236271.wav","/m/0bt9lr","[""/m/05tny_"", ""/m/0bt9lr"", ""/m/068hy"", ""/m/0jbk""]","dog_bark","[""Bark"", ""Domestic_animals_and_pets"", ""Animal"", ""dog_bark""]","audios/train\236271.wav"
"236272.wav","/m/0bt9lr","[""/m/05tny_"", ""/m/0bt9lr"", ""/m/068hy"", ""/m/0jbk""]","dog_bark","[""Bark"", ""Domestic_animals_and_pets"", ""Animal"", ""dog_bark""]","audios/train\236272.wav"
"236273.wav","/m/0bt9lr","[""/m/05tny_"", ""/m/0bt9lr"", ""/m/068hy"", ""/m/0jbk""]","dog_bark","[""Bark"", ""Domestic_animals_and_pets"", ""Animal"", ""dog_bark""]","audios/train\236273.wav"
"236274.wav","/m/0bt9lr","[""/m/05tny_"", ""/m/0bt9lr"", ""/m/068hy"", ""/m/0jbk""]","dog_bark","[""Bark"", ""Domestic_animals_and_pets"", ""Animal"", ""dog_bark""]","audios/train\236274.wav"
"236275.wav","/m/0bt9lr","[""/m/05tny_"", ""/m/0bt9lr"", ""/m/068hy"", ""/m/0jbk""]","dog_bark","[""Bark"", ""Domestic_animals_and_pets"", ""Animal"", ""dog_bark""]","audios/train\236275.wav"
"236276.wav","/m/0bt9lr","[""/m/05tny_"", ""/m/0bt9lr"", ""/m/068hy"", ""/m/0jbk""]","dog_bark","[""Bark"", ""Domestic_animals_and_pets"", ""Animal"", ""dog_bark""]","audios/train\236276.wav"
"244469.wav","/m/0bt9lr","[""/m/05tny_"", ""/m/0bt9lr"", ""/m/068hy"", ""/m/0jbk""]","dog_bark","[""Bark"", ""Domestic_animals_and_pets"", ""Animal"", ""dog_bark""]","audios/train\244469.wav"
"86774.wav","/m/0bt9lr","[""/m/05tny_"", ""/m/0bt9lr"", ""/m/068hy"", ""/m/0jbk""]","dog_bark","[""Bark"", ""Domestic_animals_and_pets"", ""Animal"", ""dog_bark""]","audios/train\86774.wav"
"236278.wav","/m/0bt9lr","[""/m/05tny_"", ""/m/0bt9lr"", ""/m/068hy"", ""/m/0jbk""]","dog_bark","[""Bark"", ""Domestic_animals_and_pets"", ""Animal"", ""dog_bark""]","audios/train\236278.wav"
"236281.wav","/m/0bt9lr","[""/m/05tny_"", ""/m/0bt9lr"", ""/m/068hy"", ""/m/0jbk""]","dog_bark","[""Bark"", ""Domestic_animals_and_pets"", ""Animal"", ""dog_bark""]","audios/train\236281.wav"
"236282.wav","/m/0bt9lr","[""/m/05tny_"", ""/m/0bt9lr"", ""/m/068hy"", ""/m/0jbk""]","dog_bark","[""Bark"", ""Domestic_animals_and_pets"", ""Animal"", ""dog_bark""]","audios/train\236282.wav"
"236279.wav","/m/0bt9lr","[""/m/05tny_"", ""/m/0bt9lr"", ""/m/068hy"", ""/m/0jbk""]","dog_bark","[""Bark"", ""Domestic_animals_and_pets"", ""Animal"", ""dog_bark""]","audios/train\236279.wav"
"381692.wav","/m/0bt9lr","[""/m/05tny_"", ""/m/0bt9lr"", ""/m/068hy"", ""/m/0jbk""]","dog_bark","[""Bark"", ""Domestic_animals_and_pets"", ""Animal"", ""dog_bark""]","audios/train\381692.wav"
"236280.wav","/m/0bt9lr","[""/m/05tny_"", ""/m/0bt9lr"", ""/m/068hy"", ""/m/0jbk""]","dog_bark","[""Bark"", ""Domestic_animals_and_pets"", ""Animal"", ""dog_bark""]","audios/train\236280.wav"
"156418.wav","/m/0bt9lr","[""/m/05tny_"", ""/m/0bt9lr"", ""/m/068hy"", ""/m/0jbk""]","dog_bark","[""Bark"", ""Domestic_animals_and_pets"", ""Animal"", ""dog_bark""]","audios/train\156418.wav"
"404233.wav","/m/0bt9lr","[""/m/05tny_"", ""/m/0bt9lr"", ""/m/068hy"", ""/m/0jbk""]","dog_bark","[""Bark"", ""Domestic_animals_and_pets"", ""Animal"", ""dog_bark""]","audios/train\404233.wav"
"43787.wav","/m/0bt9lr","[""/m/05tny_"", ""/m/0bt9lr"", ""/m/068hy"", ""/m/0jbk""]","dog_bark","[""Bark"", ""Domestic_animals_and_pets"", ""Animal"", ""dog_bark""]","audios/train\43787.wav"
"74513.wav","/m/0bt9lr","[""/m/05tny_"", ""/m/0bt9lr"", ""/m/068hy"", ""/m/0jbk""]","dog_bark","[""Bark"", ""Domestic_animals_and_pets"", ""Animal"", ""dog_bark""]","audios/train\74513.wav"
"63261.wav","/m/0bt9lr","[""/m/05tny_"", ""/m/0bt9lr"", ""/m/068hy"", ""/m/0jbk""]","dog_bark","[""Bark"", ""Domestic_animals_and_pets"", ""Animal"", ""dog_bark""]","audios/train\63261.wav"
"372521.wav","/m/0bt9lr","[""/m/05tny_"", ""/m/0bt9lr"", ""/m/068hy"", ""/m/0jbk""]","dog_bark","[""Bark"", ""Domestic_animals_and_pets"", ""Animal"", ""dog_bark""]","audios/train\372521.wav"
"372523.wav","/m/0bt9lr","[""/m/05tny_"", ""/m/0bt9lr"", ""/m/068hy"", ""/m/0jbk""]","dog_bark","[""Bark"", ""Domestic_animals_and_pets"", ""Animal"", ""dog_bark""]","audios/train\372523.wav"
"35628.wav","/m/0bt9lr","[""/m/05tny_"", ""/m/0bt9lr"", ""/m/068hy"", ""/m/0jbk""]","dog_bark","[""Bark"", ""Domestic_animals_and_pets"", ""Animal"", ""dog_bark""]","audios/train\35628.wav"
"372525.wav","/m/0bt9lr","[""/m/05tny_"", ""/m/0bt9lr"", ""/m/068hy"", ""/m/0jbk""]","dog_bark","[""Bark"", ""Domestic_animals_and_pets"", ""Animal"", ""dog_bark""]","audios/train\372525.wav"
"4910.wav","/m/0bt9lr","[""/m/05tny_"", ""/m/0bt9lr"", ""/m/068hy"", ""/m/0jbk""]","dog_bark","[""Bark"", ""Domestic_animals_and_pets"", ""Animal"", ""dog_bark""]","audios/train\4910.wav"
"372526.wav","/m/0bt9lr","[""/m/05tny_"", ""/m/0bt9lr"", ""/m/068hy"", ""/m/0jbk""]","dog_bark","[""Bark"", ""Domestic_animals_and_pets"", ""Animal"", ""dog_bark""]","audios/train\372526.wav"
"4912.wav","/m/0bt9lr","[""/m/05tny_"", ""/m/0bt9lr"", ""/m/068hy"", ""/m/0jbk""]","dog_bark","[""Bark"", ""Domestic_animals_and_pets"", ""Animal"", ""dog_bark""]","audios/train\4912.wav"
"372527.wav","/m/0bt9lr","[""/m/05tny_"", ""/m/0bt9lr"", ""/m/068hy"", ""/m/0jbk""]","dog_bark","[""Bark"", ""Domestic_animals_and_pets"", ""Animal"", ""dog_bark""]","audios/train\372527.wav"
"372529.wav","/m/0bt9lr","[""/m/05tny_"", ""/m/0bt9lr"", ""/m/068hy"", ""/m/0jbk""]","dog_bark","[""Bark"", ""Domestic_animals_and_pets"", ""Animal"", ""dog_bark""]","audios/train\372529.wav"
"372530.wav","/m/0bt9lr","[""/m/05tny_"", ""/m/0bt9lr"", ""/m/068hy"", ""/m/0jbk""]","dog_bark","[""Bark"", ""Domestic_animals_and_pets"", ""Animal"", ""dog_bark""]","audios/train\372530.wav"
"47926.wav","/m/0bt9lr","[""/m/05tny_"", ""/m/0bt9lr"", ""/m/068hy"", ""/m/0jbk""]","dog_bark","[""Bark"", ""Domestic_animals_and_pets"", ""Animal"", ""dog_bark""]","audios/train\47926.wav"
"420449.wav","/m/0bt9lr","[""/m/05tny_"", ""/m/0bt9lr"", ""/m/068hy"", ""/m/0jbk""]","dog_bark","[""Bark"", ""Domestic_animals_and_pets"", ""Animal"", ""dog_bark""]","audios/train\420449.wav"
"387683.wav","/m/0bt9lr","[""/m/05tny_"", ""/m/0bt9lr"", ""/m/068hy"", ""/m/0jbk""]","dog_bark","[""Bark"", ""Domestic_animals_and_pets"", ""Animal"", ""dog_bark""]","audios/train\387683.wav"
"420451.wav","/m/0bt9lr","[""/m/05tny_"", ""/m/0bt9lr"", ""/m/068hy"", ""/m/0jbk""]","dog_bark","[""Bark"", ""Domestic_animals_and_pets"", ""Animal"", ""dog_bark""]","audios/train\420451.wav"
"387685.wav","/m/0bt9lr","[""/m/05tny_"", ""/m/0bt9lr"", ""/m/068hy"", ""/m/0jbk""]","dog_bark","[""Bark"", ""Domestic_animals_and_pets"", ""Animal"", ""dog_bark""]","audios/train\387685.wav"
"180052.wav","/m/0bt9lr","[""/m/05tny_"", ""/m/0bt9lr"", ""/m/068hy"", ""/m/0jbk""]","dog_bark","[""Bark"", ""Domestic_animals_and_pets"", ""Animal"", ""dog_bark""]","audios/train\180052.wav"
"72538.wav","/m/0bt9lr","[""/m/05tny_"", ""/m/0bt9lr"", ""/m/068hy"", ""/m/0jbk""]","dog_bark","[""Bark"", ""Domestic_animals_and_pets"", ""Animal"", ""dog_bark""]","audios/train\72538.wav"
"325466.wav","/m/0bt9lr","[""/m/05tny_"", ""/m/0bt9lr"", ""/m/068hy"", ""/m/0jbk""]","dog_bark","[""Bark"", ""Domestic_animals_and_pets"", ""Animal"", ""dog_bark""]","audios/train\325466.wav"
"387688.wav","/m/0bt9lr","[""/m/05tny_"", ""/m/0bt9lr"", ""/m/068hy"", ""/m/0jbk""]","dog_bark","[""Bark"", ""Domestic_animals_and_pets"", ""Animal"", ""dog_bark""]","audios/train\387688.wav"
"372571.wav","/m/0bt9lr","[""/m/05tny_"", ""/m/0bt9lr"", ""/m/068hy"", ""/m/0jbk""]","dog_bark","[""Bark"", ""Domestic_animals_and_pets"", ""Animal"", ""dog_bark""]","audios/train\372571.wav"
"325469.wav","/m/0bt9lr","[""/m/05tny_"", ""/m/0bt9lr"", ""/m/068hy"", ""/m/0jbk""]","dog_bark","[""Bark"", ""Domestic_animals_and_pets"", ""Animal"", ""dog_bark""]","audios/train\325469.wav"
"325470.wav","/m/0bt9lr","[""/m/05tny_"", ""/m/0bt9lr"", ""/m/068hy"", ""/m/0jbk""]","dog_bark","[""Bark"", ""Domestic_animals_and_pets"", ""Animal"", ""dog_bark""]","audios/train\325470.wav"
"239456.wav","/m/0bt9lr","[""/m/05tny_"", ""/m/0bt9lr"", ""/m/068hy"", ""/m/0jbk""]","dog_bark","[""Bark"", ""Domestic_animals_and_pets"", ""Animal"", ""dog_bark""]","audios/train\239456.wav"
"325473.wav","/m/0bt9lr","[""/m/05tny_"", ""/m/0bt9lr"", ""/m/068hy"", ""/m/0jbk""]","dog_bark","[""Bark"", ""Domestic_animals_and_pets"", ""Animal"", ""dog_bark""]","audios/train\325473.wav"
"325474.wav","/m/0bt9lr","[""/m/05tny_"", ""/m/0bt9lr"", ""/m/068hy"", ""/m/0jbk""]","dog_bark","[""Bark"", ""Domestic_animals_and_pets"", ""Animal"", ""dog_bark""]","audios/train\325474.wav"
"387690.wav","/m/0bt9lr","[""/m/05tny_"", ""/m/0bt9lr"", ""/m/068hy"", ""/m/0jbk""]","dog_bark","[""Bark"", ""Domestic_animals_and_pets"", ""Animal"", ""dog_bark""]","audios/train\387690.wav"
"381799.wav","/m/0bt9lr","[""/m/05tny_"", ""/m/0bt9lr"", ""/m/068hy"", ""/m/0jbk""]","dog_bark","[""Bark"", ""Domestic_animals_and_pets"", ""Animal"", ""dog_bark""]","audios/train\381799.wav"
"325479.wav","/m/0bt9lr","[""/m/05tny_"", ""/m/0bt9lr"", ""/m/068hy"", ""/m/0jbk""]","dog_bark","[""Bark"", ""Domestic_animals_and_pets"", ""Animal"", ""dog_bark""]","audios/train\325479.wav"
"33641.wav","/m/0bt9lr","[""/m/05tny_"", ""/m/0ch8v"", ""/m/0bt9lr"", ""/m/068hy"", ""/m/0jbk""]","dog_bark","[""Livestock_and_farm_animals_and_working_animals"", ""Bark"", ""Domestic_animals_and_pets"", ""Animal"", ""dog_bark""]","audios/train\33641.wav"
"413544.wav","/m/0bt9lr","[""/m/05tny_"", ""/m/0bt9lr"", ""/m/068hy"", ""/m/0jbk""]","dog_bark","[""Bark"", ""Domestic_animals_and_pets"", ""Animal"", ""dog_bark""]","audios/train\413544.wav"
"325481.wav","/m/0bt9lr","[""/m/05tny_"", ""/m/0bt9lr"", ""/m/068hy"", ""/m/0jbk""]","dog_bark","[""Bark"", ""Domestic_animals_and_pets"", ""Animal"", ""dog_bark""]","audios/train\325481.wav"
"77674.wav","/m/0bt9lr","[""/m/05tny_"", ""/m/0bt9lr"", ""/m/068hy"", ""/m/0jbk""]","dog_bark","[""Bark"", ""Domestic_animals_and_pets"", ""Animal"", ""dog_bark""]","audios/train\77674.wav"
"193394.wav","/m/0bt9lr","[""/m/05tny_"", ""/m/0bt9lr"", ""/m/068hy"", ""/m/0jbk""]","dog_bark","[""Bark"", ""Domestic_animals_and_pets"", ""Animal"", ""dog_bark""]","audios/train\193394.wav"
"62048.wav","/m/0bt9lr","[""/m/05tny_"", ""/m/0bt9lr"", ""/m/068hy"", ""/m/0jbk""]","dog_bark","[""Bark"", ""Domestic_animals_and_pets"", ""Animal"", ""dog_bark""]","audios/train\62048.wav"
"268019.wav","/m/0bt9lr","[""/m/05tny_"", ""/m/0ghcn6"", ""/m/04s8yn"", ""/m/0bt9lr"", ""/m/068hy"", ""/m/0jbk"", ""/m/015p6"", ""/m/01280g""]","dog_bark","[""Wild_animals"", ""Bird"", ""Growling"", ""Bark"", ""Crow"", ""Domestic_animals_and_pets"", ""Animal"", ""dog_bark""]","audios/train\268019.wav"
"128891.wav","/m/0bt9lr","[""/m/05tny_"", ""/m/0bt9lr"", ""/m/068hy"", ""/m/0jbk""]","dog_bark","[""Bark"", ""Domestic_animals_and_pets"", ""Animal"", ""dog_bark""]","audios/train\128891.wav"
"72579.wav","/m/0bt9lr","[""/m/05tny_"", ""/m/0bt9lr"", ""/m/068hy"", ""/m/0jbk""]","dog_bark","[""Bark"", ""Domestic_animals_and_pets"", ""Animal"", ""dog_bark""]","audios/train\72579.wav"
"7913.wav","/m/0bt9lr","[""/m/05tny_"", ""/m/0bt9lr"", ""/m/068hy"", ""/m/0jbk""]","dog_bark","[""Bark"", ""Domestic_animals_and_pets"", ""Animal"", ""dog_bark""]","audios/train\7913.wav"
"351876.wav","/m/0bt9lr","[""/m/05tny_"", ""/m/0bt9lr"", ""/m/068hy"", ""/m/0jbk""]","dog_bark","[""Bark"", ""Domestic_animals_and_pets"", ""Animal"", ""dog_bark""]","audios/train\351876.wav"
"179096.wav","/m/0bt9lr","[""/m/05tny_"", ""/m/0bt9lr"", ""/m/068hy"", ""/m/0jbk""]","dog_bark","[""Bark"", ""Domestic_animals_and_pets"", ""Animal"", ""dog_bark""]","audios/train\179096.wav"
"245666.wav","/m/0bt9lr","[""/m/05tny_"", ""/m/07rkbfh"", ""/m/07pggtn"", ""/m/0ch8v"", ""/m/0bt9lr"", ""/m/068hy"", ""/m/0jbk"", ""/t/dd00012"", ""/m/020bb7"", ""/m/015p6"", ""/m/01280g""]","dog_bark","[""Chatter"", ""Wild_animals"", ""Bird"", ""Livestock_and_farm_animals_and_working_animals"", ""Bird_vocalization_and_bird_call_and_bird_song"", ""Bark"", ""Animal"", ""Human_group_actions"", ""Domestic_animals_and_pets"", ""Chirp_and_tweet"", ""dog_bark""]","audios/train\245666.wav"
"116400.wav","/m/0bt9lr","[""/m/05tny_"", ""/m/0bt9lr"", ""/m/068hy"", ""/m/0jbk""]","dog_bark","[""Bark"", ""Domestic_animals_and_pets"", ""Animal"", ""dog_bark""]","audios/train\116400.wav"
"97193.wav","/m/0bt9lr","[""/m/05tny_"", ""/m/0ghcn6"", ""/m/0bt9lr"", ""/m/068hy"", ""/m/0jbk""]","dog_bark","[""Growling"", ""Bark"", ""Domestic_animals_and_pets"", ""Animal"", ""dog_bark""]","audios/train\97193.wav"
"410555.wav","/m/0bt9lr","[""/m/05tny_"", ""/m/0bt9lr"", ""/m/068hy"", ""/m/0jbk""]","dog_bark","[""Bark"", ""Domestic_animals_and_pets"", ""Animal"", ""dog_bark""]","audios/train\410555.wav"
"178118.wav","/m/0bt9lr","[""/m/05tny_"", ""/m/0bt9lr"", ""/m/068hy"", ""/m/0jbk""]","dog_bark","[""Bark"", ""Domestic_animals_and_pets"", ""Animal"", ""dog_bark""]","audios/train\178118.wav"
"351182.wav","/m/0bt9lr","[""/m/05tny_"", ""/m/09xqv"", ""/m/0bt9lr"", ""/m/068hy"", ""/m/0jbk"", ""/m/03vt0"", ""/m/01280g""]","dog_bark","[""Wild_animals"", ""Insect"", ""Bark"", ""Animal"", ""Domestic_animals_and_pets"", ""Cricket"", ""dog_bark""]","audios/train\351182.wav"
"98262.wav","/m/0bt9lr","[""/m/05tny_"", ""/m/0bt9lr"", ""/m/068hy"", ""/m/0jbk""]","dog_bark","[""Bark"", ""Domestic_animals_and_pets"", ""Animal"", ""dog_bark""]","audios/train\98262.wav"
"360411.wav","/m/0bt9lr","[""/m/05tny_"", ""/m/0bt9lr"", ""/m/068hy"", ""/m/0jbk""]","dog_bark","[""Bark"", ""Domestic_animals_and_pets"", ""Animal"", ""dog_bark""]","audios/train\360411.wav"
"28284.wav","/m/0bt9lr","[""/m/05tny_"", ""/m/0bt9lr"", ""/m/06mb1"", ""/m/068hy"", ""/m/0jbk"", ""/m/0838f""]","dog_bark","[""Rain"", ""Bark"", ""Water"", ""Domestic_animals_and_pets"", ""Animal"", ""dog_bark""]","audios/train\28284.wav"
"157322.wav","/m/0bt9lr","[""/m/05tny_"", ""/m/0bt9lr"", ""/m/068hy"", ""/m/0jbk""]","dog_bark","[""Bark"", ""Domestic_animals_and_pets"", ""Animal"", ""dog_bark""]","audios/train\157322.wav"
"130030.wav","/m/0bt9lr","[""/m/05tny_"", ""/m/0bt9lr"", ""/m/068hy"", ""/m/0jbk""]","dog_bark","[""Bark"", ""Domestic_animals_and_pets"", ""Animal"", ""dog_bark""]","audios/train\130030.wav"
"369648.wav","/m/0bt9lr","[""/m/05tny_"", ""/m/0bt9lr"", ""/m/068hy"", ""/m/0jbk""]","dog_bark","[""Bark"", ""Domestic_animals_and_pets"", ""Animal"", ""dog_bark""]","audios/train\369648.wav"
"257585.wav","/m/0bt9lr","[""/m/05tny_"", ""/m/07p7b8y"", ""/m/07pqc89"", ""/m/0bt9lr"", ""/m/068hy"", ""/m/0jbk"", ""/m/04k94"", ""/m/07prgkl""]","dog_bark","[""Trickle_and_dribble"", ""Bark"", ""Liquid"", ""Pour"", ""Fill_(with_liquid)"", ""Domestic_animals_and_pets"", ""Animal"", ""dog_bark""]","audios/train\257585.wav"
"146343.wav","/m/0bt9lr","[""/m/05tny_"", ""/m/0bt9lr"", ""/m/068hy"", ""/m/0jbk""]","dog_bark","[""Bark"", ""Domestic_animals_and_pets"", ""Animal"", ""dog_bark""]","audios/train\146343.wav"
"327138.wav","/m/0bt9lr","[""/m/05tny_"", ""/m/0bt9lr"", ""/m/068hy"", ""/m/0jbk""]","dog_bark","[""Bark"", ""Domestic_animals_and_pets"", ""Animal"", ""dog_bark""]","audios/train\327138.wav"
"266603.wav","/m/0bt9lr","[""/m/05tny_"", ""/m/0bt9lr"", ""/m/068hy"", ""/m/0jbk""]","dog_bark","[""Bark"", ""Domestic_animals_and_pets"", ""Animal"", ""dog_bark""]","audios/train\266603.wav"
"232271.wav","/m/0bt9lr","[""/m/05tny_"", ""/m/07q2z82"", ""/m/0k4j"", ""/m/0bt9lr"", ""/m/068hy"", ""/m/0jbk"", ""/m/012f08"", ""/m/07yv9"", ""/m/02mk9""]","dog_bark","[""Vehicle"", ""Car"", ""Bark"", ""Accelerating_and_revving_and_vroom"", ""Motor_vehicle_(road)"", ""engine"", ""Domestic_animals_and_pets"", ""Animal"", ""dog_bark""]","audios/train\232271.wav"
"167487.wav","/m/0bt9lr","[""/m/05tny_"", ""/m/07pbtc8"", ""/m/07pggtn"", ""/m/0bt9lr"", ""/m/068hy"", ""/m/0jbk"", ""/m/020bb7"", ""/m/015p6"", ""/m/01280g""]","dog_bark","[""Walk_and_footsteps"", ""Wild_animals"", ""Bird"", ""Bird_vocalization_and_bird_call_and_bird_song"", ""Bark"", ""Animal"", ""Domestic_animals_and_pets"", ""Chirp_and_tweet"", ""dog_bark""]","audios/train\167487.wav"
"4201.wav","/m/0bt9lr","[""/m/015p6"", ""/m/0bt9lr"", ""/m/01280g"", ""/m/0jbk"", ""/m/068hy""]","dog_bark","[""Wild_animals"", ""Bird"", ""Domestic_animals_and_pets"", ""Animal"", ""dog_bark""]","audios/train\4201.wav"
"46128.wav","/m/0bt9lr","[""/m/015p6"", ""/m/0bt9lr"", ""/m/01280g"", ""/m/0jbk"", ""/m/068hy""]","dog_bark","[""Wild_animals"", ""Bird"", ""Domestic_animals_and_pets"", ""Animal"", ""dog_bark""]","audios/train\46128.wav"
"99767.wav","/m/0bt9lr","[""/m/015p6"", ""/m/0bt9lr"", ""/m/01280g"", ""/m/0jbk"", ""/m/068hy""]","dog_bark","[""Wild_animals"", ""Bird"", ""Domestic_animals_and_pets"", ""Animal"", ""dog_bark""]","audios/train\99767.wav"
"116220.wav","/m/0btp2","[""/m/0btp2"", ""/m/015p6"", ""/m/01280g"", ""/m/0jbk"", ""/m/012f08"", ""/m/07yv9""]","traffic_noise","[""Wild_animals"", ""Vehicle"", ""Bird"", ""traffic_noise"", ""Motor_vehicle_(road)"", ""Animal""]","audios/train\116220.wav"
"159726.wav","/m/0bt9lr","[""/m/015p6"", ""/m/0bt9lr"", ""/m/01280g"", ""/m/0jbk"", ""/m/068hy""]","dog_bark","[""Wild_animals"", ""Bird"", ""Domestic_animals_and_pets"", ""Animal"", ""dog_bark""]","audios/train\159726.wav"
"264436.wav","/m/02mk9","[""/m/07pggtn"", ""/t/dd00134"", ""/m/0btp2"", ""/m/015p6"", ""/m/02mk9"", ""/m/01280g"", ""/m/0jbk"", ""/m/020bb7"", ""/m/0k4j"", ""/m/012f08"", ""/m/07yv9""]","engine","[""Wild_animals"", ""Vehicle"", ""Bird"", ""Car"", ""Bird_vocalization_and_bird_call_and_bird_song"", ""Car_passing_by"", ""traffic_noise"", ""Motor_vehicle_(road)"", ""Animal"", ""engine"", ""Chirp_and_tweet""]","audios/train\264436.wav"
"236322.wav","/m/01d380","[""/m/01d380"", ""/m/0_ksk"", ""/m/07k1x""]","drilling","[""Tools"", ""drilling"", ""Power_tool""]","audios/train\236322.wav"
"236324.wav","/m/01d380","[""/m/01d380"", ""/m/0_ksk"", ""/m/07k1x""]","drilling","[""Tools"", ""drilling"", ""Power_tool""]","audios/train\236324.wav"
"147019.wav","/m/01d380","[""/m/01d380"", ""/m/0_ksk"", ""/m/07k1x""]","drilling","[""Tools"", ""drilling"", ""Power_tool""]","audios/train\147019.wav"
"212396.wav","/m/01d380","[""/m/01d380"", ""/m/0_ksk"", ""/m/07k1x""]","drilling","[""Tools"", ""drilling"", ""Power_tool""]","audios/train\212396.wav"
"89099.wav","/m/01d380","[""/m/01d380"", ""/m/0_ksk"", ""/m/07k1x""]","drilling","[""Tools"", ""drilling"", ""Power_tool""]","audios/train\89099.wav"
"405504.wav","/m/032s66","[""/m/032s66"", ""/m/014zdl""]","gun_shot","[""gun_shot"", ""Explosion""]","audios/train\405504.wav"
"67585.wav","/m/032s66","[""/m/032s66"", ""/m/014zdl""]","gun_shot","[""gun_shot"", ""Explosion""]","audios/train\67585.wav"
"178180.wav","/m/032s66","[""/m/032s66"", ""/m/014zdl""]","gun_shot","[""gun_shot"", ""Explosion""]","audios/train\178180.wav"
"155654.wav","/m/032s66","[""/m/032s66"", ""/m/014zdl""]","gun_shot","[""gun_shot"", ""Explosion""]","audios/train\155654.wav"
"67593.wav","/m/032s66","[""/m/032s66"", ""/m/014zdl""]","gun_shot","[""gun_shot"", ""Explosion""]","audios/train\67593.wav"
"40971.wav","/m/032s66","[""/m/032s66"", ""/m/0g6b5"", ""/m/014zdl""]","gun_shot","[""Explosion"", ""gun_shot"", ""Fireworks""]","audios/train\40971.wav"
"391180.wav","/m/032s66","[""/m/032s66"", ""/m/014zdl""]","gun_shot","[""gun_shot"", ""Explosion""]","audios/train\391180.wav"
"67576.wav","/m/032s66","[""/m/032s66"", ""/m/014zdl""]","gun_shot","[""gun_shot"", ""Explosion""]","audios/train\67576.wav"
"32799.wav","/m/032s66","[""/m/032s66"", ""/m/014zdl""]","gun_shot","[""gun_shot"", ""Explosion""]","audios/train\32799.wav"
"350264.wav","/m/032s66","[""/m/032s66"", ""/m/014zdl""]","gun_shot","[""gun_shot"", ""Explosion""]","audios/train\350264.wav"
"32841.wav","/m/032s66","[""/m/032s66"", ""/m/014zdl""]","gun_shot","[""gun_shot"", ""Explosion""]","audios/train\32841.wav"
"32842.wav","/m/032s66","[""/m/032s66"", ""/m/014zdl""]","gun_shot","[""gun_shot"", ""Explosion""]","audios/train\32842.wav"
"368736.wav","/m/032s66","[""/m/032s66"", ""/m/014zdl""]","gun_shot","[""gun_shot"", ""Explosion""]","audios/train\368736.wav"
"184418.wav","/m/032s66","[""/m/032s66"", ""/m/014zdl""]","gun_shot","[""gun_shot"", ""Explosion""]","audios/train\184418.wav"
"157799.wav","/m/032s66","[""/m/032s66"", ""/m/014zdl""]","gun_shot","[""gun_shot"", ""Explosion""]","audios/train\157799.wav"
"157800.wav","/m/032s66","[""/m/032s66"", ""/m/014zdl""]","gun_shot","[""gun_shot"", ""Explosion""]","audios/train\157800.wav"
"157801.wav","/m/032s66","[""/m/032s66"", ""/m/014zdl""]","gun_shot","[""gun_shot"", ""Explosion""]","audios/train\157801.wav"
"100465.wav","/m/032s66","[""/m/032s66"", ""/m/014zdl""]","gun_shot","[""gun_shot"", ""Explosion""]","audios/train\100465.wav"
"96376.wav","/m/032s66","[""/m/032s66"", ""/m/07k1x"", ""/m/014zdl""]","gun_shot","[""Tools"", ""gun_shot"", ""Explosion""]","audios/train\96376.wav"
"155790.wav","/m/032s66","[""/m/032s66"", ""/m/014zdl""]","gun_shot","[""gun_shot"", ""Explosion""]","audios/train\155790.wav"
"182429.wav","/m/032s66","[""/m/032s66"", ""/m/07qqyl4"", ""/m/014zdl""]","gun_shot","[""gun_shot"", ""Boom"", ""Explosion""]","audios/train\182429.wav"
"182431.wav","/m/032s66","[""/m/032s66"", ""/m/014zdl""]","gun_shot","[""gun_shot"", ""Explosion""]","audios/train\182431.wav"
"391328.wav","/m/032s66","[""/m/032s66"", ""/m/014zdl""]","gun_shot","[""gun_shot"", ""Explosion""]","audios/train\391328.wav"
"182435.wav","/m/032s66","[""/m/032s66"", ""/m/014zdl""]","gun_shot","[""gun_shot"", ""Explosion""]","audios/train\182435.wav"
"368805.wav","/m/032s66","[""/m/032s66"", ""/m/014zdl""]","gun_shot","[""gun_shot"", ""Explosion""]","audios/train\368805.wav"
"145580.wav","/m/032s66","[""/m/032s66"", ""/m/014zdl""]","gun_shot","[""gun_shot"", ""Explosion""]","audios/train\145580.wav"
"161968.wav","/m/032s66","[""/m/032s66"", ""/m/014zdl""]","gun_shot","[""gun_shot"", ""Explosion""]","audios/train\161968.wav"
"161969.wav","/m/032s66","[""/m/032s66"", ""/m/014zdl""]","gun_shot","[""gun_shot"", ""Explosion""]","audios/train\161969.wav"
"161970.wav","/m/032s66","[""/m/032s66"", ""/m/014zdl""]","gun_shot","[""gun_shot"", ""Explosion""]","audios/train\161970.wav"
"164020.wav","/m/032s66","[""/m/032s66"", ""/m/014zdl""]","gun_shot","[""gun_shot"", ""Explosion""]","audios/train\164020.wav"
"166076.wav","/m/032s66","[""/m/032s66"", ""/m/014zdl""]","gun_shot","[""gun_shot"", ""Explosion""]","audios/train\166076.wav"
"145609.wav","/m/032s66","[""/m/032s66"", ""/m/014zdl""]","gun_shot","[""gun_shot"", ""Explosion""]","audios/train\145609.wav"
"205011.wav","/m/032s66","[""/m/032s66"", ""/m/014zdl""]","gun_shot","[""gun_shot"", ""Explosion""]","audios/train\205011.wav"
"65752.wav","/m/032s66","[""/m/032s66"", ""/m/014zdl""]","gun_shot","[""gun_shot"", ""Explosion""]","audios/train\65752.wav"
"432366.wav","/m/032s66","[""/m/032s66"", ""/m/014zdl""]","gun_shot","[""gun_shot"", ""Explosion""]","audios/train\432366.wav"
"387336.wav","/m/032s66","[""/m/032s66"", ""/m/014zdl""]","gun_shot","[""gun_shot"", ""Explosion""]","audios/train\387336.wav"
"387337.wav","/m/032s66","[""/m/032s66"", ""/m/014zdl""]","gun_shot","[""gun_shot"", ""Explosion""]","audios/train\387337.wav"
"221451.wav","/m/032s66","[""/m/032s66"", ""/m/014zdl""]","gun_shot","[""gun_shot"", ""Explosion""]","audios/train\221451.wav"
"51470.wav","/m/032s66","[""/m/032s66"", ""/m/014zdl""]","gun_shot","[""gun_shot"", ""Explosion""]","audios/train\51470.wav"
"221455.wav","/m/032s66","[""/m/032s66"", ""/m/014zdl""]","gun_shot","[""gun_shot"", ""Explosion""]","audios/train\221455.wav"
"221457.wav","/m/032s66","[""/m/032s66"", ""/m/014zdl""]","gun_shot","[""gun_shot"", ""Explosion""]","audios/train\221457.wav"
"198952.wav","/m/032s66","[""/m/032s66"", ""/m/014zdl""]","gun_shot","[""gun_shot"", ""Explosion""]","audios/train\198952.wav"
"166192.wav","/m/032s66","[""/m/032s66"", ""/m/014zdl""]","gun_shot","[""gun_shot"", ""Explosion""]","audios/train\166192.wav"
"219455.wav","/m/032s66","[""/m/032s66"", ""/m/014zdl""]","gun_shot","[""gun_shot"", ""Explosion""]","audios/train\219455.wav"
"219457.wav","/m/032s66","[""/m/032s66"", ""/m/014zdl""]","gun_shot","[""gun_shot"", ""Explosion""]","audios/train\219457.wav"
"184651.wav","/m/032s66","[""/m/032s66"", ""/m/014zdl""]","gun_shot","[""gun_shot"", ""Explosion""]","audios/train\184651.wav"
"231765.wav","/m/032s66","[""/m/032s66"", ""/m/07qqyl4"", ""/m/014zdl""]","gun_shot","[""gun_shot"", ""Boom"", ""Explosion""]","audios/train\231765.wav"
"397657.wav","/m/032s66","[""/m/032s66"", ""/m/014zdl""]","gun_shot","[""gun_shot"", ""Explosion""]","audios/train\397657.wav"
"371041.wav","/m/032s66","[""/m/032s66"", ""/m/014zdl""]","gun_shot","[""gun_shot"", ""Explosion""]","audios/train\371041.wav"
"49512.wav","/m/032s66","[""/m/032s66"", ""/m/014zdl""]","gun_shot","[""gun_shot"", ""Explosion""]","audios/train\49512.wav"
"49513.wav","/m/032s66","[""/m/032s66"", ""/m/014zdl""]","gun_shot","[""gun_shot"", ""Explosion""]","audios/train\49513.wav"
"96630.wav","/m/032s66","[""/m/032s66"", ""/m/014zdl""]","gun_shot","[""gun_shot"", ""Explosion""]","audios/train\96630.wav"
"96635.wav","/m/032s66","[""/m/032s66"", ""/m/014zdl""]","gun_shot","[""gun_shot"", ""Explosion""]","audios/train\96635.wav"
"96636.wav","/m/032s66","[""/m/032s66"", ""/m/014zdl""]","gun_shot","[""gun_shot"", ""Explosion""]","audios/train\96636.wav"
"387477.wav","/m/032s66","[""/m/032s66"", ""/m/014zdl""]","gun_shot","[""gun_shot"", ""Explosion""]","audios/train\387477.wav"
"346537.wav","/m/032s66","[""/m/032s66"", ""/m/014zdl""]","gun_shot","[""gun_shot"", ""Explosion""]","audios/train\346537.wav"
"364976.wav","/m/032s66","[""/m/032s66"", ""/m/014zdl""]","gun_shot","[""gun_shot"", ""Explosion""]","audios/train\364976.wav"
"98748.wav","/m/032s66","[""/m/032s66"", ""/m/014zdl""]","gun_shot","[""gun_shot"", ""Explosion""]","audios/train\98748.wav"
"147901.wav","/m/032s66","[""/m/032s66"", ""/m/014zdl""]","gun_shot","[""gun_shot"", ""Explosion""]","audios/train\147901.wav"
"221640.wav","/m/032s66","[""/m/032s66"", ""/m/014zdl""]","gun_shot","[""gun_shot"", ""Explosion""]","audios/train\221640.wav"
"25037.wav","/m/032s66","[""/m/032s66"", ""/m/014zdl""]","gun_shot","[""gun_shot"", ""Explosion""]","audios/train\25037.wav"
"25038.wav","/m/032s66","[""/m/032s66"", ""/m/014zdl""]","gun_shot","[""gun_shot"", ""Explosion""]","audios/train\25038.wav"
"162258.wav","/m/032s66","[""/m/032s66"", ""/m/014zdl""]","gun_shot","[""gun_shot"", ""Explosion""]","audios/train\162258.wav"
"315858.wav","/m/032s66","[""/m/032s66"", ""/m/014zdl""]","gun_shot","[""gun_shot"", ""Explosion""]","audios/train\315858.wav"
"371158.wav","/m/032s66","[""/m/032s66"", ""/m/014zdl""]","gun_shot","[""gun_shot"", ""Explosion""]","audios/train\371158.wav"
"162262.wav","/m/032s66","[""/m/032s66"", ""/m/014zdl""]","gun_shot","[""gun_shot"", ""Explosion""]","audios/train\162262.wav"
"162263.wav","/m/032s66","[""/m/032s66"", ""/m/014zdl""]","gun_shot","[""gun_shot"", ""Explosion""]","audios/train\162263.wav"
"369124.wav","/m/032s66","[""/m/032s66"", ""/m/014zdl""]","gun_shot","[""gun_shot"", ""Explosion""]","audios/train\369124.wav"
"369126.wav","/m/032s66","[""/m/032s66"", ""/m/014zdl""]","gun_shot","[""gun_shot"", ""Explosion""]","audios/train\369126.wav"
"348663.wav","/m/032s66","[""/m/032s66"", ""/m/014zdl""]","gun_shot","[""gun_shot"", ""Explosion""]","audios/train\348663.wav"
"348664.wav","/m/032s66","[""/m/032s66"", ""/m/014zdl""]","gun_shot","[""gun_shot"", ""Explosion""]","audios/train\348664.wav"
"348665.wav","/m/032s66","[""/m/032s66"", ""/m/014zdl""]","gun_shot","[""gun_shot"", ""Explosion""]","audios/train\348665.wav"
"348666.wav","/m/032s66","[""/m/032s66"", ""/m/014zdl""]","gun_shot","[""gun_shot"", ""Explosion""]","audios/train\348666.wav"
"348670.wav","/m/032s66","[""/m/032s66"", ""/m/014zdl""]","gun_shot","[""gun_shot"", ""Explosion""]","audios/train\348670.wav"
"348671.wav","/m/032s66","[""/m/032s66"", ""/m/014zdl""]","gun_shot","[""gun_shot"", ""Explosion""]","audios/train\348671.wav"
"182790.wav","/m/032s66","[""/m/032s66"", ""/m/014zdl""]","gun_shot","[""gun_shot"", ""Explosion""]","audios/train\182790.wav"
"348685.wav","/m/032s66","[""/m/032s66"", ""/m/014zdl""]","gun_shot","[""gun_shot"", ""Explosion""]","audios/train\348685.wav"
"395789.wav","/m/032s66","[""/m/032s66"", ""/m/014zdl""]","gun_shot","[""gun_shot"", ""Explosion""]","audios/train\395789.wav"
"182806.wav","/m/032s66","[""/m/032s66"", ""/m/0g6b5"", ""/m/014zdl""]","gun_shot","[""Explosion"", ""gun_shot"", ""Fireworks""]","audios/train\182806.wav"
"408099.wav","/m/032s66","[""/m/032s66"", ""/m/014zdl""]","gun_shot","[""gun_shot"", ""Explosion""]","audios/train\408099.wav"
"51749.wav","/m/032s66","[""/m/032s66"", ""/m/014zdl""]","gun_shot","[""gun_shot"", ""Explosion""]","audios/train\51749.wav"
"238159.wav","/m/032s66","[""/m/032s66"", ""/m/014zdl""]","gun_shot","[""gun_shot"", ""Explosion""]","audios/train\238159.wav"
"381526.wav","/m/032s66","[""/m/032s66"", ""/m/014zdl""]","gun_shot","[""gun_shot"", ""Explosion""]","audios/train\381526.wav"
"402010.wav","/m/032s66","[""/m/032s66"", ""/m/014zdl""]","gun_shot","[""gun_shot"", ""Explosion""]","audios/train\402010.wav"
"402012.wav","/m/032s66","[""/m/032s66"", ""/m/014zdl""]","gun_shot","[""gun_shot"", ""Explosion""]","audios/train\402012.wav"
"162397.wav","/m/032s66","[""/m/032s66"", ""/m/014zdl""]","gun_shot","[""gun_shot"", ""Explosion""]","audios/train\162397.wav"
"162398.wav","/m/032s66","[""/m/032s66"", ""/m/014zdl""]","gun_shot","[""gun_shot"", ""Explosion""]","audios/train\162398.wav"
"115295.wav","/m/032s66","[""/m/032s66"", ""/m/014zdl""]","gun_shot","[""gun_shot"", ""Explosion""]","audios/train\115295.wav"
"162403.wav","/m/032s66","[""/m/032s66"", ""/m/014zdl""]","gun_shot","[""gun_shot"", ""Explosion""]","audios/train\162403.wav"
"160355.wav","/m/032s66","[""/m/032s66"", ""/m/014zdl""]","gun_shot","[""gun_shot"", ""Explosion""]","audios/train\160355.wav"
"150139.wav","/m/032s66","[""/m/032s66"", ""/m/014zdl""]","gun_shot","[""gun_shot"", ""Explosion""]","audios/train\150139.wav"
"162431.wav","/m/032s66","[""/m/032s66"", ""/m/014zdl""]","gun_shot","[""gun_shot"", ""Explosion""]","audios/train\162431.wav"
"381569.wav","/m/032s66","[""/m/032s66"", ""/m/014zdl""]","gun_shot","[""gun_shot"", ""Explosion""]","audios/train\381569.wav"
"162434.wav","/m/032s66","[""/m/032s66"", ""/m/014zdl""]","gun_shot","[""gun_shot"", ""Explosion""]","audios/train\162434.wav"
"162436.wav","/m/032s66","[""/m/032s66"", ""/m/014zdl""]","gun_shot","[""gun_shot"", ""Explosion""]","audios/train\162436.wav"
"320135.wav","/m/032s66","[""/m/032s66"", ""/m/014zdl""]","gun_shot","[""gun_shot"", ""Explosion""]","audios/train\320135.wav"
"320136.wav","/m/032s66","[""/m/032s66"", ""/m/014zdl""]","gun_shot","[""gun_shot"", ""Explosion""]","audios/train\320136.wav"
"410260.wav","/m/032s66","[""/m/032s66"", ""/m/014zdl""]","gun_shot","[""gun_shot"", ""Explosion""]","audios/train\410260.wav"
"410261.wav","/m/032s66","[""/m/032s66"", ""/m/014zdl""]","gun_shot","[""gun_shot"", ""Explosion""]","audios/train\410261.wav"
"410262.wav","/m/032s66","[""/m/032s66"", ""/m/014zdl""]","gun_shot","[""gun_shot"", ""Explosion""]","audios/train\410262.wav"
"162455.wav","/m/032s66","[""/m/032s66"", ""/m/014zdl""]","gun_shot","[""gun_shot"", ""Explosion""]","audios/train\162455.wav"
"238241.wav","/m/032s66","[""/m/032s66"", ""/m/014zdl""]","gun_shot","[""gun_shot"", ""Explosion""]","audios/train\238241.wav"
"397986.wav","/m/032s66","[""/m/032s66"", ""/m/014zdl""]","gun_shot","[""gun_shot"", ""Explosion""]","audios/train\397986.wav"
"238243.wav","/m/032s66","[""/m/032s66"", ""/m/014zdl""]","gun_shot","[""gun_shot"", ""Explosion""]","audios/train\238243.wav"
"238242.wav","/m/032s66","[""/m/032s66"", ""/m/014zdl""]","gun_shot","[""gun_shot"", ""Explosion""]","audios/train\238242.wav"
"238244.wav","/m/032s66","[""/m/032s66"", ""/m/014zdl""]","gun_shot","[""gun_shot"", ""Explosion""]","audios/train\238244.wav"
"238245.wav","/m/032s66","[""/m/032s66"", ""/m/014zdl""]","gun_shot","[""gun_shot"", ""Explosion""]","audios/train\238245.wav"
"238247.wav","/m/032s66","[""/m/032s66"", ""/m/014zdl""]","gun_shot","[""gun_shot"", ""Explosion""]","audios/train\238247.wav"
"238246.wav","/m/032s66","[""/m/032s66"", ""/m/014zdl""]","gun_shot","[""gun_shot"", ""Explosion""]","audios/train\238246.wav"
"332479.wav","/m/032s66","[""/m/032s66"", ""/m/014zdl""]","gun_shot","[""gun_shot"", ""Explosion""]","audios/train\332479.wav"
"148166.wav","/m/032s66","[""/m/032s66"", ""/m/014zdl""]","gun_shot","[""gun_shot"", ""Explosion""]","audios/train\148166.wav"
"197322.wav","/m/032s66","[""/m/032s66"", ""/m/014zdl""]","gun_shot","[""gun_shot"", ""Explosion""]","audios/train\197322.wav"
"217805.wav","/m/032s66","[""/m/032s66"", ""/m/014zdl""]","gun_shot","[""gun_shot"", ""Explosion""]","audios/train\217805.wav"
"266977.wav","/m/032s66","[""/m/032s66"", ""/m/014zdl""]","gun_shot","[""gun_shot"", ""Explosion""]","audios/train\266977.wav"
"180961.wav","/m/032s66","[""/m/032s66"", ""/m/014zdl""]","gun_shot","[""gun_shot"", ""Explosion""]","audios/train\180961.wav"
"371440.wav","/m/032s66","[""/m/032s66"", ""/m/014zdl""]","gun_shot","[""gun_shot"", ""Explosion""]","audios/train\371440.wav"
"369395.wav","/m/032s66","[""/m/032s66"", ""/m/014zdl""]","gun_shot","[""gun_shot"", ""Explosion""]","audios/train\369395.wav"
"346904.wav","/m/032s66","[""/m/032s66"", ""/m/014zdl""]","gun_shot","[""gun_shot"", ""Explosion""]","audios/train\346904.wav"
"346905.wav","/m/032s66","[""/m/032s66"", ""/m/014zdl""]","gun_shot","[""gun_shot"", ""Explosion""]","audios/train\346905.wav"
"215842.wav","/m/032s66","[""/m/032s66"", ""/m/014zdl""]","gun_shot","[""gun_shot"", ""Explosion""]","audios/train\215842.wav"
"215843.wav","/m/032s66","[""/m/032s66"", ""/m/014zdl""]","gun_shot","[""gun_shot"", ""Explosion""]","audios/train\215843.wav"
"215845.wav","/m/032s66","[""/m/032s66"", ""/m/014zdl""]","gun_shot","[""gun_shot"", ""Explosion""]","audios/train\215845.wav"
"215846.wav","/m/032s66","[""/m/032s66"", ""/m/014zdl""]","gun_shot","[""gun_shot"", ""Explosion""]","audios/train\215846.wav"
"164646.wav","/m/032s66","[""/m/032s66"", ""/m/014zdl""]","gun_shot","[""gun_shot"", ""Explosion""]","audios/train\164646.wav"
"215847.wav","/m/032s66","[""/m/032s66"", ""/m/014zdl""]","gun_shot","[""gun_shot"", ""Explosion""]","audios/train\215847.wav"
"254772.wav","/m/032s66","[""/m/032s66"", ""/m/014zdl""]","gun_shot","[""gun_shot"", ""Explosion""]","audios/train\254772.wav"
"164666.wav","/m/032s66","[""/m/032s66"", ""/m/014zdl""]","gun_shot","[""gun_shot"", ""Explosion""]","audios/train\164666.wav"
"164667.wav","/m/032s66","[""/m/032s66"", ""/m/014zdl""]","gun_shot","[""gun_shot"", ""Explosion""]","audios/train\164667.wav"
"353093.wav","/m/032s66","[""/m/032s66"", ""/m/014zdl""]","gun_shot","[""gun_shot"", ""Explosion""]","audios/train\353093.wav"
"260939.wav","/m/032s66","[""/m/032s66"", ""/m/014zdl""]","gun_shot","[""gun_shot"", ""Explosion""]","audios/train\260939.wav"
"160590.wav","/m/032s66","[""/m/032s66"", ""/m/014zdl""]","gun_shot","[""gun_shot"", ""Explosion""]","audios/train\160590.wav"
"90966.wav","/m/032s66","[""/m/032s66"", ""/m/014zdl""]","gun_shot","[""gun_shot"", ""Explosion""]","audios/train\90966.wav"
"64346.wav","/m/032s66","[""/m/032s66"", ""/m/014zdl""]","gun_shot","[""gun_shot"", ""Explosion""]","audios/train\64346.wav"
"371548.wav","/m/032s66","[""/m/032s66"", ""/m/014zdl""]","gun_shot","[""gun_shot"", ""Explosion""]","audios/train\371548.wav"
"127846.wav","/m/032s66","[""/m/032s66"", ""/m/014zdl""]","gun_shot","[""gun_shot"", ""Explosion""]","audios/train\127846.wav"
"369525.wav","/m/032s66","[""/m/07qcpgn"", ""/m/0l15bq"", ""/m/032s66"", ""/m/014zdl"", ""/m/0k65p""]","gun_shot","[""gun_shot"", ""Tap"", ""Clapping"", ""Hands"", ""Explosion""]","audios/train\369525.wav"
"371575.wav","/m/032s66","[""/m/032s66"", ""/m/014zdl""]","gun_shot","[""gun_shot"", ""Explosion""]","audios/train\371575.wav"
"369530.wav","/m/032s66","[""/m/032s66"", ""/m/014zdl""]","gun_shot","[""gun_shot"", ""Explosion""]","audios/train\369530.wav"
"146323.wav","/m/032s66","[""/m/032s66"", ""/m/014zdl""]","gun_shot","[""gun_shot"", ""Explosion""]","audios/train\146323.wav"
"7062.wav","/m/032s66","[""/m/032s66"", ""/m/014zdl""]","gun_shot","[""gun_shot"", ""Explosion""]","audios/train\7062.wav"
"273303.wav","/m/032s66","[""/m/032s66"", ""/m/014zdl""]","gun_shot","[""gun_shot"", ""Explosion""]","audios/train\273303.wav"
"201667.wav","/m/032s66","[""/m/032s66"", ""/m/014zdl""]","gun_shot","[""gun_shot"", ""Explosion""]","audios/train\201667.wav"
"388054.wav","/m/032s66","[""/m/032s66"", ""/m/014zdl""]","gun_shot","[""gun_shot"", ""Explosion""]","audios/train\388054.wav"
"35799.wav","/m/032s66","[""/m/032s66"", ""/m/014zdl""]","gun_shot","[""gun_shot"", ""Explosion""]","audios/train\35799.wav"
"35800.wav","/m/032s66","[""/m/032s66"", ""/m/014zdl""]","gun_shot","[""gun_shot"", ""Explosion""]","audios/train\35800.wav"
"191449.wav","/m/032s66","[""/m/032s66"", ""/m/014zdl""]","gun_shot","[""gun_shot"", ""Explosion""]","audios/train\191449.wav"
"220130.wav","/m/032s66","[""/m/032s66"", ""/m/014zdl""]","gun_shot","[""gun_shot"", ""Explosion""]","audios/train\220130.wav"
"324585.wav","/m/032s66","[""/m/032s66"", ""/m/014zdl""]","gun_shot","[""gun_shot"", ""Explosion""]","audios/train\324585.wav"
"46063.wav","/m/032s66","[""/m/032s66"", ""/m/014zdl""]","gun_shot","[""gun_shot"", ""Explosion""]","audios/train\46063.wav"
"396271.wav","/m/032s66","[""/m/032s66"", ""/m/014zdl""]","gun_shot","[""gun_shot"", ""Explosion""]","audios/train\396271.wav"
"201713.wav","/m/032s66","[""/m/032s66"", ""/m/014zdl""]","gun_shot","[""gun_shot"", ""Explosion""]","audios/train\201713.wav"
"396274.wav","/m/032s66","[""/m/032s66"", ""/m/014zdl""]","gun_shot","[""gun_shot"", ""Explosion""]","audios/train\396274.wav"
"396276.wav","/m/032s66","[""/m/032s66"", ""/m/014zdl""]","gun_shot","[""gun_shot"", ""Explosion""]","audios/train\396276.wav"
"160772.wav","/m/032s66","[""/m/032s66"", ""/m/014zdl""]","gun_shot","[""gun_shot"", ""Explosion""]","audios/train\160772.wav"
"160773.wav","/m/032s66","[""/m/032s66"", ""/m/014zdl""]","gun_shot","[""gun_shot"", ""Explosion""]","audios/train\160773.wav"
"362487.wav","/m/032s66","[""/m/032s66"", ""/m/014zdl""]","gun_shot","[""gun_shot"", ""Explosion""]","audios/train\362487.wav"
"396316.wav","/m/032s66","[""/m/032s66"", ""/m/014zdl""]","gun_shot","[""gun_shot"", ""Explosion""]","audios/train\396316.wav"
"349217.wav","/m/032s66","[""/m/032s66"", ""/m/014zdl""]","gun_shot","[""gun_shot"", ""Explosion""]","audios/train\349217.wav"
"392226.wav","/m/032s66","[""/m/032s66"", ""/m/014zdl""]","gun_shot","[""gun_shot"", ""Explosion""]","audios/train\392226.wav"
"392229.wav","/m/032s66","[""/m/032s66"", ""/m/014zdl""]","gun_shot","[""gun_shot"", ""Explosion""]","audios/train\392229.wav"
"89147.wav","/m/032s66","[""/m/032s66"", ""/m/014zdl""]","gun_shot","[""gun_shot"", ""Explosion""]","audios/train\89147.wav"
"164937.wav","/m/032s66","[""/m/032s66"", ""/m/014zdl""]","gun_shot","[""gun_shot"", ""Explosion""]","audios/train\164937.wav"
"267341.wav","/m/032s66","[""/m/032s66"", ""/m/014zdl""]","gun_shot","[""gun_shot"", ""Explosion""]","audios/train\267341.wav"
"404561.wav","/m/032s66","[""/m/032s66"", ""/m/014zdl""]","gun_shot","[""gun_shot"", ""Explosion""]","audios/train\404561.wav"
"404562.wav","/m/032s66","[""/m/032s66"", ""/m/014zdl""]","gun_shot","[""gun_shot"", ""Explosion""]","audios/train\404562.wav"
"238675.wav","/m/032s66","[""/m/032s66"", ""/m/014zdl""]","gun_shot","[""gun_shot"", ""Explosion""]","audios/train\238675.wav"
"238676.wav","/m/032s66","[""/m/032s66"", ""/m/014zdl""]","gun_shot","[""gun_shot"", ""Explosion""]","audios/train\238676.wav"
"238677.wav","/m/032s66","[""/m/032s66"", ""/m/014zdl""]","gun_shot","[""gun_shot"", ""Explosion""]","audios/train\238677.wav"
"414827.wav","/m/032s66","[""/m/032s66"", ""/m/014zdl""]","gun_shot","[""gun_shot"", ""Explosion""]","audios/train\414827.wav"
"369781.wav","/m/032s66","[""/m/032s66"", ""/m/014zdl""]","gun_shot","[""gun_shot"", ""Explosion""]","audios/train\369781.wav"
"369782.wav","/m/032s66","[""/m/032s66"", ""/m/014zdl""]","gun_shot","[""gun_shot"", ""Explosion""]","audios/train\369782.wav"
"234615.wav","/m/032s66","[""/m/032s66"", ""/m/014zdl""]","gun_shot","[""gun_shot"", ""Explosion""]","audios/train\234615.wav"
"234616.wav","/m/032s66","[""/m/032s66"", ""/m/014zdl""]","gun_shot","[""gun_shot"", ""Explosion""]","audios/train\234616.wav"
"234617.wav","/m/032s66","[""/m/032s66"", ""/m/014zdl""]","gun_shot","[""gun_shot"", ""Explosion""]","audios/train\234617.wav"
"234618.wav","/m/032s66","[""/m/032s66"", ""/m/014zdl""]","gun_shot","[""gun_shot"", ""Explosion""]","audios/train\234618.wav"
"234619.wav","/m/032s66","[""/m/032s66"", ""/m/014zdl""]","gun_shot","[""gun_shot"", ""Explosion""]","audios/train\234619.wav"
"251004.wav","/m/032s66","[""/m/032s66"", ""/m/014zdl""]","gun_shot","[""gun_shot"", ""Explosion""]","audios/train\251004.wav"
"187534.wav","/m/032s66","[""/m/032s66"", ""/m/014zdl""]","gun_shot","[""gun_shot"", ""Explosion""]","audios/train\187534.wav"
"369818.wav","/m/032s66","[""/m/032s66"", ""/m/014zdl""]","gun_shot","[""gun_shot"", ""Explosion""]","audios/train\369818.wav"
"388273.wav","/m/032s66","[""/m/032s66"", ""/m/014zdl""]","gun_shot","[""gun_shot"", ""Explosion""]","audios/train\388273.wav"
"46263.wav","/m/032s66","[""/m/032s66"", ""/m/014zdl""]","gun_shot","[""gun_shot"", ""Explosion""]","audios/train\46263.wav"
"103626.wav","/m/032s66","[""/m/032s66"", ""/m/014zdl""]","gun_shot","[""gun_shot"", ""Explosion""]","audios/train\103626.wav"
"156904.wav","/m/032s66","[""/m/032s66"", ""/m/014zdl""]","gun_shot","[""gun_shot"", ""Explosion""]","audios/train\156904.wav"
"204009.wav","/m/032s66","[""/m/032s66"", ""/m/014zdl""]","gun_shot","[""gun_shot"", ""Explosion""]","audios/train\204009.wav"
"204010.wav","/m/032s66","[""/m/032s66"", ""/m/014zdl""]","gun_shot","[""gun_shot"", ""Explosion""]","audios/train\204010.wav"
"255216.wav","/m/032s66","[""/m/032s66"", ""/m/014zdl""]","gun_shot","[""gun_shot"", ""Explosion""]","audios/train\255216.wav"
"216312.wav","/m/032s66","[""/m/032s66"", ""/m/014zdl""]","gun_shot","[""gun_shot"", ""Explosion""]","audios/train\216312.wav"
"216315.wav","/m/032s66","[""/m/032s66"", ""/m/014zdl""]","gun_shot","[""gun_shot"", ""Explosion""]","audios/train\216315.wav"
"216317.wav","/m/032s66","[""/m/032s66"", ""/m/014zdl""]","gun_shot","[""gun_shot"", ""Explosion""]","audios/train\216317.wav"
"216318.wav","/m/032s66","[""/m/032s66"", ""/m/014zdl""]","gun_shot","[""gun_shot"", ""Explosion""]","audios/train\216318.wav"
"216319.wav","/m/032s66","[""/m/032s66"", ""/m/014zdl""]","gun_shot","[""gun_shot"", ""Explosion""]","audios/train\216319.wav"
"158977.wav","/m/032s66","[""/m/032s66"", ""/m/014zdl""]","gun_shot","[""gun_shot"", ""Explosion""]","audios/train\158977.wav"
"158978.wav","/m/032s66","[""/m/032s66"", ""/m/014zdl""]","gun_shot","[""gun_shot"", ""Explosion""]","audios/train\158978.wav"
"228611.wav","/m/032s66","[""/m/032s66"", ""/m/014zdl""]","gun_shot","[""gun_shot"", ""Explosion""]","audios/train\228611.wav"
"158979.wav","/m/032s66","[""/m/032s66"", ""/m/014zdl""]","gun_shot","[""gun_shot"", ""Explosion""]","audios/train\158979.wav"
"337166.wav","/m/032s66","[""/m/032s66"", ""/m/014zdl""]","gun_shot","[""gun_shot"", ""Explosion""]","audios/train\337166.wav"
"128293.wav","/m/032s66","[""/m/032s66"", ""/m/014zdl""]","gun_shot","[""gun_shot"", ""Explosion""]","audios/train\128293.wav"
"128294.wav","/m/032s66","[""/m/032s66"", ""/m/014zdl""]","gun_shot","[""gun_shot"", ""Explosion""]","audios/train\128294.wav"
"128296.wav","/m/032s66","[""/m/032s66"", ""/m/014zdl""]","gun_shot","[""gun_shot"", ""Explosion""]","audios/train\128296.wav"
"128297.wav","/m/032s66","[""/m/032s66"", ""/m/014zdl""]","gun_shot","[""gun_shot"", ""Explosion""]","audios/train\128297.wav"
"128298.wav","/m/032s66","[""/m/032s66"", ""/m/014zdl""]","gun_shot","[""gun_shot"", ""Explosion""]","audios/train\128298.wav"
"128299.wav","/m/032s66","[""/m/032s66"", ""/m/014zdl""]","gun_shot","[""gun_shot"", ""Explosion""]","audios/train\128299.wav"
"255272.wav","/m/032s66","[""/m/032s66"", ""/m/014zdl""]","gun_shot","[""gun_shot"", ""Explosion""]","audios/train\255272.wav"
"128301.wav","/m/032s66","[""/m/032s66"", ""/m/014zdl""]","gun_shot","[""gun_shot"", ""Explosion""]","audios/train\128301.wav"
"187702.wav","/m/032s66","[""/m/032s66"", ""/m/014zdl""]","gun_shot","[""gun_shot"", ""Explosion""]","audios/train\187702.wav"
"404816.wav","/m/032s66","[""/m/032s66"", ""/m/014zdl""]","gun_shot","[""gun_shot"", ""Explosion""]","audios/train\404816.wav"
"365905.wav","/m/032s66","[""/m/032s66"", ""/m/014zdl""]","gun_shot","[""gun_shot"", ""Explosion""]","audios/train\365905.wav"
"257364.wav","/m/032s66","[""/m/032s66"", ""/m/014zdl""]","gun_shot","[""gun_shot"", ""Explosion""]","audios/train\257364.wav"
"148828.wav","/m/032s66","[""/m/032s66"", ""/m/014zdl""]","gun_shot","[""gun_shot"", ""Explosion""]","audios/train\148828.wav"
"148831.wav","/m/032s66","[""/m/032s66"", ""/m/014zdl""]","gun_shot","[""gun_shot"", ""Explosion""]","audios/train\148831.wav"
"148832.wav","/m/032s66","[""/m/032s66"", ""/m/014zdl""]","gun_shot","[""gun_shot"", ""Explosion""]","audios/train\148832.wav"
"148836.wav","/m/032s66","[""/m/032s66"", ""/m/014zdl""]","gun_shot","[""gun_shot"", ""Explosion""]","audios/train\148836.wav"
"148837.wav","/m/032s66","[""/m/032s66"", ""/m/014zdl""]","gun_shot","[""gun_shot"", ""Explosion""]","audios/train\148837.wav"
"148838.wav","/m/032s66","[""/m/032s66"", ""/m/014zdl""]","gun_shot","[""gun_shot"", ""Explosion""]","audios/train\148838.wav"
"52593.wav","/m/032s66","[""/m/032s66"", ""/m/014zdl""]","gun_shot","[""gun_shot"", ""Explosion""]","audios/train\52593.wav"
"187767.wav","/m/032s66","[""/m/032s66"", ""/m/014zdl""]","gun_shot","[""gun_shot"", ""Explosion""]","audios/train\187767.wav"
"87457.wav","/m/032s66","[""/m/032s66"", ""/m/014zdl""]","gun_shot","[""gun_shot"", ""Explosion""]","audios/train\87457.wav"
"161195.wav","/m/032s66","[""/m/032s66"", ""/m/014zdl""]","gun_shot","[""gun_shot"", ""Explosion""]","audios/train\161195.wav"
"413105.wav","/m/032s66","[""/m/032s66"", ""/m/014zdl""]","gun_shot","[""gun_shot"", ""Explosion""]","audios/train\413105.wav"
"413106.wav","/m/032s66","[""/m/032s66"", ""/m/014zdl""]","gun_shot","[""gun_shot"", ""Explosion""]","audios/train\413106.wav"
"138679.wav","/m/032s66","[""/m/032s66"", ""/m/014zdl""]","gun_shot","[""gun_shot"", ""Explosion""]","audios/train\138679.wav"
"413113.wav","/m/032s66","[""/m/032s66"", ""/m/014zdl""]","gun_shot","[""gun_shot"", ""Explosion""]","audios/train\413113.wav"
"413117.wav","/m/032s66","[""/m/032s66"", ""/m/014zdl""]","gun_shot","[""gun_shot"", ""Explosion""]","audios/train\413117.wav"
"413120.wav","/m/032s66","[""/m/032s66"", ""/m/014zdl""]","gun_shot","[""gun_shot"", ""Explosion""]","audios/train\413120.wav"
"413122.wav","/m/032s66","[""/m/032s66"", ""/m/014zdl""]","gun_shot","[""gun_shot"", ""Explosion""]","audios/train\413122.wav"
"220612.wav","/m/032s66","[""/m/032s66"", ""/m/014zdl""]","gun_shot","[""gun_shot"", ""Explosion""]","audios/train\220612.wav"
"220613.wav","/m/032s66","[""/m/032s66"", ""/m/014zdl""]","gun_shot","[""gun_shot"", ""Explosion""]","audios/train\220613.wav"
"132551.wav","/m/032s66","[""/m/032s66"", ""/m/014zdl""]","gun_shot","[""gun_shot"", ""Explosion""]","audios/train\132551.wav"
"171475.wav","/m/032s66","[""/m/032s66"", ""/m/014zdl""]","gun_shot","[""gun_shot"", ""Explosion""]","audios/train\171475.wav"
"259539.wav","/m/032s66","[""/m/032s66"", ""/m/014zdl""]","gun_shot","[""gun_shot"", ""Explosion""]","audios/train\259539.wav"
"30185.wav","/m/032s66","[""/m/032s66"", ""/m/014zdl""]","gun_shot","[""gun_shot"", ""Explosion""]","audios/train\30185.wav"
"198121.wav","/m/032s66","[""/m/032s66"", ""/m/014zdl""]","gun_shot","[""gun_shot"", ""Explosion""]","audios/train\198121.wav"
"253438.wav","/m/032s66","[""/m/032s66"", ""/m/014zdl""]","gun_shot","[""gun_shot"", ""Explosion""]","audios/train\253438.wav"
"390663.wav","/m/032s66","[""/m/032s66"", ""/m/014zdl""]","gun_shot","[""gun_shot"", ""Explosion""]","audios/train\390663.wav"
"108043.wav","/m/032s66","[""/m/032s66"", ""/m/014zdl""]","gun_shot","[""gun_shot"", ""Explosion""]","audios/train\108043.wav"
"108044.wav","/m/032s66","[""/m/032s66"", ""/m/014zdl""]","gun_shot","[""gun_shot"", ""Explosion""]","audios/train\108044.wav"
"108045.wav","/m/032s66","[""/m/032s66"", ""/m/014zdl""]","gun_shot","[""gun_shot"", ""Explosion""]","audios/train\108045.wav"
"108046.wav","/m/032s66","[""/m/032s66"", ""/m/014zdl""]","gun_shot","[""gun_shot"", ""Explosion""]","audios/train\108046.wav"
"108047.wav","/m/032s66","[""/m/032s66"", ""/m/014zdl""]","gun_shot","[""gun_shot"", ""Explosion""]","audios/train\108047.wav"
"165391.wav","/m/032s66","[""/m/032s66"", ""/m/014zdl""]","gun_shot","[""gun_shot"", ""Explosion""]","audios/train\165391.wav"
"165393.wav","/m/032s66","[""/m/032s66"", ""/m/014zdl""]","gun_shot","[""gun_shot"", ""Explosion""]","audios/train\165393.wav"
"165394.wav","/m/032s66","[""/m/032s66"", ""/m/014zdl""]","gun_shot","[""gun_shot"", ""Explosion""]","audios/train\165394.wav"
"157206.wav","/m/032s66","[""/m/032s66"", ""/m/014zdl""]","gun_shot","[""gun_shot"", ""Explosion""]","audios/train\157206.wav"
"157207.wav","/m/032s66","[""/m/032s66"", ""/m/014zdl""]","gun_shot","[""gun_shot"", ""Explosion""]","audios/train\157207.wav"
"151065.wav","/m/032s66","[""/m/032s66"", ""/m/014zdl""]","gun_shot","[""gun_shot"", ""Explosion""]","audios/train\151065.wav"
"151066.wav","/m/032s66","[""/m/032s66"", ""/m/014zdl""]","gun_shot","[""gun_shot"", ""Explosion""]","audios/train\151066.wav"
"216604.wav","/m/032s66","[""/m/032s66"", ""/m/0g6b5"", ""/m/07qqyl4"", ""/m/014zdl""]","gun_shot","[""Explosion"", ""gun_shot"", ""Boom"", ""Fireworks""]","audios/train\216604.wav"
"151069.wav","/m/032s66","[""/m/032s66"", ""/m/014zdl""]","gun_shot","[""gun_shot"", ""Explosion""]","audios/train\151069.wav"
"26141.wav","/m/032s66","[""/m/032s66"", ""/m/014zdl""]","gun_shot","[""gun_shot"", ""Explosion""]","audios/train\26141.wav"
"319008.wav","/m/032s66","[""/m/032s66"", ""/m/014zdl""]","gun_shot","[""gun_shot"", ""Explosion""]","audios/train\319008.wav"
"319009.wav","/m/032s66","[""/m/032s66"", ""/m/014zdl""]","gun_shot","[""gun_shot"", ""Explosion""]","audios/train\319009.wav"
"239137.wav","/m/032s66","[""/m/032s66"", ""/m/014zdl""]","gun_shot","[""gun_shot"", ""Explosion""]","audios/train\239137.wav"
"151075.wav","/m/032s66","[""/m/032s66"", ""/m/014zdl""]","gun_shot","[""gun_shot"", ""Explosion""]","audios/train\151075.wav"
"151072.wav","/m/032s66","[""/m/032s66"", ""/m/014zdl""]","gun_shot","[""gun_shot"", ""Explosion""]","audios/train\151072.wav"
"319010.wav","/m/032s66","[""/m/032s66"", ""/m/014zdl""]","gun_shot","[""gun_shot"", ""Explosion""]","audios/train\319010.wav"
"239138.wav","/m/032s66","[""/m/032s66"", ""/m/014zdl""]","gun_shot","[""gun_shot"", ""Explosion""]","audios/train\239138.wav"
"136766.wav","/m/032s66","[""/m/032s66"", ""/m/014zdl""]","gun_shot","[""gun_shot"", ""Explosion""]","audios/train\136766.wav"
"56900.wav","/m/032s66","[""/m/03qc9zr"", ""/m/032s66"", ""/m/014zdl"", ""/m/09l8g""]","gun_shot","[""Human_voice"", ""screaming"", ""gun_shot"", ""Explosion""]","audios/train\56900.wav"
"427592.wav","/m/032s66","[""/m/032s66"", ""/m/014zdl""]","gun_shot","[""gun_shot"", ""Explosion""]","audios/train\427592.wav"
"101961.wav","/m/032s66","[""/m/032s66"", ""/m/014zdl""]","gun_shot","[""gun_shot"", ""Explosion""]","audios/train\101961.wav"
"101962.wav","/m/032s66","[""/m/032s66"", ""/m/014zdl""]","gun_shot","[""gun_shot"", ""Explosion""]","audios/train\101962.wav"
"427598.wav","/m/032s66","[""/m/032s66"", ""/m/014zdl""]","gun_shot","[""gun_shot"", ""Explosion""]","audios/train\427598.wav"
"165478.wav","/m/032s66","[""/m/032s66"", ""/m/014zdl""]","gun_shot","[""gun_shot"", ""Explosion""]","audios/train\165478.wav"
"212594.wav","/m/032s66","[""/m/032s66"", ""/m/07qqyl4"", ""/m/014zdl""]","gun_shot","[""gun_shot"", ""Boom"", ""Explosion""]","audios/train\212594.wav"
"267893.wav","/m/032s66","[""/m/032s66"", ""/m/014zdl""]","gun_shot","[""gun_shot"", ""Explosion""]","audios/train\267893.wav"
"163455.wav","/m/032s66","[""/m/032s66"", ""/m/014zdl""]","gun_shot","[""gun_shot"", ""Explosion""]","audios/train\163455.wav"
"163456.wav","/m/032s66","[""/m/032s66"", ""/m/014zdl""]","gun_shot","[""gun_shot"", ""Explosion""]","audios/train\163456.wav"
"370304.wav","/m/032s66","[""/m/032s66"", ""/m/014zdl""]","gun_shot","[""gun_shot"", ""Explosion""]","audios/train\370304.wav"
"163460.wav","/m/032s66","[""/m/032s66"", ""/m/014zdl""]","gun_shot","[""gun_shot"", ""Explosion""]","audios/train\163460.wav"
"165540.wav","/m/032s66","[""/m/032s66"", ""/m/014zdl""]","gun_shot","[""gun_shot"", ""Explosion""]","audios/train\165540.wav"
"118450.wav","/m/032s66","[""/m/032s66"", ""/m/014zdl""]","gun_shot","[""gun_shot"", ""Explosion""]","audios/train\118450.wav"
"149177.wav","/m/032s66","[""/m/032s66"", ""/m/014zdl""]","gun_shot","[""gun_shot"", ""Explosion""]","audios/train\149177.wav"
"161475.wav","/m/032s66","[""/m/032s66"", ""/m/014zdl""]","gun_shot","[""gun_shot"", ""Explosion""]","audios/train\161475.wav"
"378563.wav","/m/032s66","[""/m/032s66"", ""/m/014zdl""]","gun_shot","[""gun_shot"", ""Explosion""]","audios/train\378563.wav"
"431822.wav","/m/032s66","[""/m/032s66"", ""/m/014zdl""]","gun_shot","[""gun_shot"", ""Explosion""]","audios/train\431822.wav"
"431825.wav","/m/032s66","[""/m/032s66"", ""/m/014zdl""]","gun_shot","[""gun_shot"", ""Explosion""]","audios/train\431825.wav"
"431827.wav","/m/032s66","[""/m/032s66"", ""/m/014zdl""]","gun_shot","[""gun_shot"", ""Explosion""]","audios/train\431827.wav"
"431828.wav","/m/032s66","[""/m/032s66"", ""/m/014zdl""]","gun_shot","[""gun_shot"", ""Explosion""]","audios/train\431828.wav"
"431831.wav","/m/032s66","[""/m/032s66"", ""/m/014zdl""]","gun_shot","[""gun_shot"", ""Explosion""]","audios/train\431831.wav"
"237273.wav","/m/032s66","[""/m/032s66"", ""/m/014zdl""]","gun_shot","[""gun_shot"", ""Explosion""]","audios/train\237273.wav"
"431837.wav","/m/032s66","[""/m/032s66"", ""/m/014zdl""]","gun_shot","[""gun_shot"", ""Explosion""]","audios/train\431837.wav"
"345844.wav","/m/032s66","[""/m/032s66"", ""/m/014zdl""]","gun_shot","[""gun_shot"", ""Explosion""]","audios/train\345844.wav"
"139028.wav","/m/032s66","[""/m/032s66"", ""/m/014zdl""]","gun_shot","[""gun_shot"", ""Explosion""]","audios/train\139028.wav"
"386842.wav","/m/032s66","[""/m/032s66"", ""/m/014zdl""]","gun_shot","[""gun_shot"", ""Explosion""]","audios/train\386842.wav"
"386845.wav","/m/032s66","[""/m/032s66"", ""/m/014zdl""]","gun_shot","[""gun_shot"", ""Explosion""]","audios/train\386845.wav"
"182051.wav","/m/032s66","[""/m/032s66"", ""/m/014zdl""]","gun_shot","[""gun_shot"", ""Explosion""]","audios/train\182051.wav"
"253734.wav","/m/032s66","[""/m/032s66"", ""/m/014zdl""]","gun_shot","[""gun_shot"", ""Explosion""]","audios/train\253734.wav"
"100144.wav","/m/032s66","[""/m/032s66"", ""/m/0g6b5"", ""/m/014zdl""]","gun_shot","[""Explosion"", ""gun_shot"", ""Fireworks""]","audios/train\100144.wav"
"145206.wav","/m/032s66","[""/m/032s66"", ""/m/014zdl""]","gun_shot","[""gun_shot"", ""Explosion""]","audios/train\145206.wav"
"137034.wav","/m/032s66","[""/m/032s66"", ""/m/014zdl""]","gun_shot","[""gun_shot"", ""Explosion""]","audios/train\137034.wav"
"231245.wav","/m/032s66","[""/m/032s66"", ""/m/014zdl""]","gun_shot","[""gun_shot"", ""Explosion""]","audios/train\231245.wav"
"231247.wav","/m/032s66","[""/m/032s66"", ""/m/014zdl""]","gun_shot","[""gun_shot"", ""Explosion""]","audios/train\231247.wav"
"231248.wav","/m/032s66","[""/m/032s66"", ""/m/014zdl""]","gun_shot","[""gun_shot"", ""Explosion""]","audios/train\231248.wav"
"257873.wav","/m/032s66","[""/m/032s66"", ""/m/014zdl""]","gun_shot","[""gun_shot"", ""Explosion""]","audios/train\257873.wav"
"257874.wav","/m/032s66","[""/m/032s66"", ""/m/014zdl""]","gun_shot","[""gun_shot"", ""Explosion""]","audios/train\257874.wav"
"257875.wav","/m/032s66","[""/m/032s66"", ""/m/014zdl""]","gun_shot","[""gun_shot"", ""Explosion""]","audios/train\257875.wav"
"257876.wav","/m/032s66","[""/m/032s66"", ""/m/014zdl""]","gun_shot","[""gun_shot"", ""Explosion""]","audios/train\257876.wav"
"245602.wav","/m/032s66","[""/m/032s66"", ""/m/014zdl""]","gun_shot","[""gun_shot"", ""Explosion""]","audios/train\245602.wav"
"233318.wav","/m/032s66","[""/m/032s66"", ""/m/014zdl""]","gun_shot","[""gun_shot"", ""Explosion""]","audios/train\233318.wav"
"233321.wav","/m/032s66","[""/m/032s66"", ""/m/014zdl""]","gun_shot","[""gun_shot"", ""Explosion""]","audios/train\233321.wav"
"233322.wav","/m/032s66","[""/m/032s66"", ""/m/014zdl""]","gun_shot","[""gun_shot"", ""Explosion""]","audios/train\233322.wav"
"233323.wav","/m/032s66","[""/m/032s66"", ""/m/014zdl""]","gun_shot","[""gun_shot"", ""Explosion""]","audios/train\233323.wav"
"147317.wav","/m/032s66","[""/m/032s66"", ""/m/014zdl""]","gun_shot","[""gun_shot"", ""Explosion""]","audios/train\147317.wav"
"266105.wav","/m/032s66","[""/m/032s66"", ""/m/014zdl""]","gun_shot","[""gun_shot"", ""Explosion""]","audios/train\266105.wav"
"34708.wav","/m/032s66","[""/m/032s66"", ""/m/014zdl""]","gun_shot","[""gun_shot"", ""Explosion""]","audios/train\34708.wav"
"417686.wav","/m/032s66","[""/m/032s66"", ""/m/014zdl""]","gun_shot","[""gun_shot"", ""Explosion""]","audios/train\417686.wav"
"417688.wav","/m/032s66","[""/m/032s66"", ""/m/014zdl""]","gun_shot","[""gun_shot"", ""Explosion""]","audios/train\417688.wav"
"417689.wav","/m/032s66","[""/m/032s66"", ""/m/014zdl""]","gun_shot","[""gun_shot"", ""Explosion""]","audios/train\417689.wav"
"399266.wav","/m/032s66","[""/m/032s66"", ""/m/014zdl""]","gun_shot","[""gun_shot"", ""Explosion""]","audios/train\399266.wav"
"165795.wav","/m/032s66","[""/m/032s66"", ""/m/014zdl""]","gun_shot","[""gun_shot"", ""Explosion""]","audios/train\165795.wav"
"36815.wav","/m/032s66","[""/m/032s66"", ""/m/014zdl""]","gun_shot","[""gun_shot"", ""Explosion""]","audios/train\36815.wav"
"128979.wav","/m/032s66","[""/m/032s66"", ""/m/014zdl""]","gun_shot","[""gun_shot"", ""Explosion""]","audios/train\128979.wav"
"184275.wav","/m/032s66","[""/m/032s66"", ""/m/014zdl""]","gun_shot","[""gun_shot"", ""Explosion""]","audios/train\184275.wav"
"128981.wav","/m/032s66","[""/m/032s66"", ""/m/014zdl""]","gun_shot","[""gun_shot"", ""Explosion""]","audios/train\128981.wav"
"380886.wav","/m/032s66","[""/m/032s66"", ""/m/014zdl""]","gun_shot","[""gun_shot"", ""Explosion""]","audios/train\380886.wav"
"159703.wav","/m/032s66","[""/m/032s66"", ""/m/014zdl""]","gun_shot","[""gun_shot"", ""Explosion""]","audios/train\159703.wav"
"159704.wav","/m/032s66","[""/m/032s66"", ""/m/014zdl""]","gun_shot","[""gun_shot"", ""Explosion""]","audios/train\159704.wav"
"159705.wav","/m/032s66","[""/m/032s66"", ""/m/014zdl""]","gun_shot","[""gun_shot"", ""Explosion""]","audios/train\159705.wav"
"159706.wav","/m/032s66","[""/m/032s66"", ""/m/014zdl""]","gun_shot","[""gun_shot"", ""Explosion""]","audios/train\159706.wav"
"159708.wav","/m/032s66","[""/m/032s66"", ""/m/014zdl""]","gun_shot","[""gun_shot"", ""Explosion""]","audios/train\159708.wav"
"159710.wav","/m/032s66","[""/m/032s66"", ""/m/014zdl""]","gun_shot","[""gun_shot"", ""Explosion""]","audios/train\159710.wav"
"67556.wav","/m/032s66","[""/m/032s66"", ""/m/014zdl""]","gun_shot","[""gun_shot"", ""Explosion""]","audios/train\67556.wav"
"67557.wav","/m/032s66","[""/m/032s66"", ""/m/014zdl""]","gun_shot","[""gun_shot"", ""Explosion""]","audios/train\67557.wav"
"362471.wav","/m/032s66","[""/m/032s66"", ""/m/014zdl""]","gun_shot","[""gun_shot"", ""Explosion""]","audios/train\362471.wav"
"67560.wav","/m/032s66","[""/m/032s66"", ""/m/014zdl""]","gun_shot","[""gun_shot"", ""Explosion""]","audios/train\67560.wav"
"67561.wav","/m/032s66","[""/m/032s66"", ""/m/014zdl""]","gun_shot","[""gun_shot"", ""Explosion""]","audios/train\67561.wav"
"67562.wav","/m/032s66","[""/m/032s66"", ""/m/014zdl""]","gun_shot","[""gun_shot"", ""Explosion""]","audios/train\67562.wav"
"67563.wav","/m/032s66","[""/m/032s66"", ""/m/014zdl""]","gun_shot","[""gun_shot"", ""Explosion""]","audios/train\67563.wav"
"67564.wav","/m/032s66","[""/m/032s66"", ""/m/014zdl""]","gun_shot","[""gun_shot"", ""Explosion""]","audios/train\67564.wav"
"67566.wav","/m/032s66","[""/m/032s66"", ""/m/014zdl""]","gun_shot","[""gun_shot"", ""Explosion""]","audios/train\67566.wav"
"67567.wav","/m/032s66","[""/m/032s66"", ""/m/014zdl""]","gun_shot","[""gun_shot"", ""Explosion""]","audios/train\67567.wav"
"67571.wav","/m/032s66","[""/m/032s66"", ""/m/014zdl""]","gun_shot","[""gun_shot"", ""Explosion""]","audios/train\67571.wav"
"329716.wav","/m/032s66","[""/m/032s66"", ""/m/014zdl""]","gun_shot","[""gun_shot"", ""Explosion""]","audios/train\329716.wav"
"67573.wav","/m/032s66","[""/m/032s66"", ""/m/014zdl""]","gun_shot","[""gun_shot"", ""Explosion""]","audios/train\67573.wav"
"362486.wav","/m/032s66","[""/m/032s66"", ""/m/014zdl""]","gun_shot","[""gun_shot"", ""Explosion""]","audios/train\362486.wav"
"67575.wav","/m/032s66","[""/m/032s66"", ""/m/014zdl""]","gun_shot","[""gun_shot"", ""Explosion""]","audios/train\67575.wav"
"67574.wav","/m/032s66","[""/m/032s66"", ""/m/014zdl""]","gun_shot","[""gun_shot"", ""Explosion""]","audios/train\67574.wav"
"67577.wav","/m/032s66","[""/m/032s66"", ""/m/014zdl""]","gun_shot","[""gun_shot"", ""Explosion""]","audios/train\67577.wav"
"67578.wav","/m/032s66","[""/m/032s66"", ""/m/014zdl""]","gun_shot","[""gun_shot"", ""Explosion""]","audios/train\67578.wav"
"67572.wav","/m/032s66","[""/m/032s66"", ""/m/014zdl""]","gun_shot","[""gun_shot"", ""Explosion""]","audios/train\67572.wav"
"67580.wav","/m/032s66","[""/m/032s66"", ""/m/014zdl""]","gun_shot","[""gun_shot"", ""Explosion""]","audios/train\67580.wav"
"67581.wav","/m/032s66","[""/m/032s66"", ""/m/014zdl""]","gun_shot","[""gun_shot"", ""Explosion""]","audios/train\67581.wav"
"67582.wav","/m/032s66","[""/m/032s66"", ""/m/014zdl""]","gun_shot","[""gun_shot"", ""Explosion""]","audios/train\67582.wav"
"67583.wav","/m/032s66","[""/m/032s66"", ""/m/014zdl""]","gun_shot","[""gun_shot"", ""Explosion""]","audios/train\67583.wav"
"212600.wav","/m/032s66","[""/m/032s66"", ""/m/014zdl""]","gun_shot","[""gun_shot"", ""Explosion""]","audios/train\212600.wav"
"212602.wav","/m/032s66","[""/m/032s66"", ""/m/014zdl""]","gun_shot","[""gun_shot"", ""Explosion""]","audios/train\212602.wav"
"257963.wav","/m/032s66","[""/m/032s66"", ""/m/014zdl""]","gun_shot","[""gun_shot"", ""Explosion""]","audios/train\257963.wav"
"123022.wav","/m/02mk9","[""/m/07qn4z3"", ""/t/dd00130"", ""/m/0k4j"", ""/m/012f08"", ""/m/07yv9"", ""/m/02mk9""]","engine","[""Engine_starting"", ""Car"", ""Motor_vehicle_(road)"", ""engine"", ""Rattle"", ""Vehicle""]","audios/train\123022.wav"
"259582.wav","/m/0btp2","[""/m/07qn4z3"", ""/m/0btp2"", ""/m/0199g"", ""/m/07yv9"", ""/m/012f08""]","traffic_noise","[""Bicycle"", ""traffic_noise"", ""Motor_vehicle_(road)"", ""Rattle"", ""Vehicle""]","audios/train\259582.wav"
"164305.wav","/m/02mk9","[""/m/07qn4z3"", ""/m/07rkbfh"", ""/m/07rjwbb"", ""/m/02mk9"", ""/t/dd00077"", ""/t/dd00012""]","engine","[""Rattle"", ""Chatter"", ""Mechanisms"", ""Hiss"", ""Human_group_actions"", ""engine""]","audios/train\164305.wav"
"138272.wav","/m/07pp_mv","[""/m/01hnzm"", ""/m/05148p4"", ""/m/04szw"", ""/m/04rlf"", ""/m/07cx4"", ""/m/07pp_mv""]","alarm","[""Music"", ""telephone"", ""alarm"", ""Keyboard_(musical)"", ""Musical_instrument"", ""Ringtone""]","audios/train\138272.wav"
"92975.wav","/m/07pp_mv","[""/m/01hnzm"", ""/m/05148p4"", ""/m/04szw"", ""/m/04rlf"", ""/m/07cx4"", ""/m/07pp_mv""]","alarm","[""Music"", ""telephone"", ""alarm"", ""Keyboard_(musical)"", ""Musical_instrument"", ""Ringtone""]","audios/train\92975.wav"
"386782.wav","/m/07pp_mv","[""/m/01hnzm"", ""/m/05148p4"", ""/m/04szw"", ""/m/04rlf"", ""/m/07cx4"", ""/m/07pp_mv""]","alarm","[""Music"", ""telephone"", ""alarm"", ""Keyboard_(musical)"", ""Musical_instrument"", ""Ringtone""]","audios/train\386782.wav"
"168123.wav","/m/07pp_mv","[""/m/01hnzm"", ""/m/05148p4"", ""/m/04szw"", ""/m/04rlf"", ""/m/07cx4"", ""/m/07pp_mv""]","alarm","[""Music"", ""telephone"", ""alarm"", ""Keyboard_(musical)"", ""Musical_instrument"", ""Ringtone""]","audios/train\168123.wav"
"168588.wav","/m/07pp_mv","[""/m/01hnzm"", ""/m/05148p4"", ""/m/04szw"", ""/m/04rlf"", ""/m/07cx4"", ""/m/07pp_mv""]","alarm","[""Music"", ""telephone"", ""alarm"", ""Keyboard_(musical)"", ""Musical_instrument"", ""Ringtone""]","audios/train\168588.wav"
"168589.wav","/m/07pp_mv","[""/m/01hnzm"", ""/m/05148p4"", ""/m/04szw"", ""/m/04rlf"", ""/m/07cx4"", ""/m/07pp_mv""]","alarm","[""Music"", ""telephone"", ""alarm"", ""Keyboard_(musical)"", ""Musical_instrument"", ""Ringtone""]","audios/train\168589.wav"
"389526.wav","/m/07pp_mv","[""/m/01hnzm"", ""/m/05148p4"", ""/m/04szw"", ""/m/04rlf"", ""/m/07cx4"", ""/m/07pp_mv""]","alarm","[""Music"", ""telephone"", ""alarm"", ""Keyboard_(musical)"", ""Musical_instrument"", ""Ringtone""]","audios/train\389526.wav"
"423652.wav","/m/07pp_mv","[""/m/01hnzm"", ""/m/05148p4"", ""/m/04szw"", ""/m/04rlf"", ""/m/07cx4"", ""/m/07pp_mv""]","alarm","[""Music"", ""telephone"", ""alarm"", ""Keyboard_(musical)"", ""Musical_instrument"", ""Ringtone""]","audios/train\423652.wav"
"77928.wav","/m/07pp_mv","[""/m/01hnzm"", ""/m/05148p4"", ""/m/09l8g"", ""/m/04szw"", ""/m/04rlf"", ""/m/07cx4"", ""/m/07pp_mv""]","alarm","[""Music"", ""telephone"", ""alarm"", ""Keyboard_(musical)"", ""Human_voice"", ""Musical_instrument"", ""Ringtone""]","audios/train\77928.wav"
"77929.wav","/m/07pp_mv","[""/m/01hnzm"", ""/m/05148p4"", ""/m/09l8g"", ""/m/04szw"", ""/m/04rlf"", ""/m/07cx4"", ""/m/07pp_mv""]","alarm","[""Music"", ""telephone"", ""alarm"", ""Keyboard_(musical)"", ""Human_voice"", ""Musical_instrument"", ""Ringtone""]","audios/train\77929.wav"
"178884.wav","/m/07pp_mv","[""/m/01hnzm"", ""/m/05148p4"", ""/m/04szw"", ""/m/04rlf"", ""/m/07cx4"", ""/m/07pp_mv""]","alarm","[""Music"", ""telephone"", ""alarm"", ""Keyboard_(musical)"", ""Musical_instrument"", ""Ringtone""]","audios/train\178884.wav"
"273540.wav","/m/07pp_mv","[""/m/01hnzm"", ""/m/05148p4"", ""/m/04szw"", ""/m/04rlf"", ""/m/07cx4"", ""/m/07pp_mv""]","alarm","[""Music"", ""telephone"", ""alarm"", ""Keyboard_(musical)"", ""Musical_instrument"", ""Ringtone""]","audios/train\273540.wav"
"390534.wav","/m/07pp_mv","[""/m/01hnzm"", ""/m/05148p4"", ""/m/04szw"", ""/m/04rlf"", ""/m/07cx4"", ""/m/07pp_mv""]","alarm","[""Music"", ""telephone"", ""alarm"", ""Keyboard_(musical)"", ""Musical_instrument"", ""Ringtone""]","audios/train\390534.wav"
"250630.wav","/m/07pp_mv","[""/m/01hnzm"", ""/m/07cx4"", ""/m/07pp_mv""]","alarm","[""Ringtone"", ""telephone"", ""alarm""]","audios/train\250630.wav"
"250631.wav","/m/07pp_mv","[""/m/01hnzm"", ""/m/07cx4"", ""/m/07pp_mv""]","alarm","[""Ringtone"", ""telephone"", ""alarm""]","audios/train\250631.wav"
"250632.wav","/m/07pp_mv","[""/m/01hnzm"", ""/m/07cx4"", ""/m/07pp_mv""]","alarm","[""Ringtone"", ""telephone"", ""alarm""]","audios/train\250632.wav"
"404758.wav","/m/07pp_mv","[""/m/01hnzm"", ""/m/07cx4"", ""/m/07pp_mv""]","alarm","[""Ringtone"", ""telephone"", ""alarm""]","audios/train\404758.wav"
"234523.wav","/m/07pp_mv","[""/m/01hnzm"", ""/m/0dwsp"", ""/m/07cx4"", ""/m/07pp_mv"", ""/m/0j45pbj"", ""/m/0l14md"", ""/m/04szw"", ""/m/04rlf""]","alarm","[""Marimba_and_xylophone"", ""telephone"", ""alarm"", ""Music"", ""Percussion"", ""Mallet_percussion"", ""Musical_instrument"", ""Ringtone""]","audios/train\234523.wav"
"234524.wav","/m/07pp_mv","[""/m/01hnzm"", ""/m/0dwsp"", ""/m/07cx4"", ""/m/07pp_mv"", ""/m/0j45pbj"", ""/m/0l14md"", ""/m/04szw"", ""/m/04rlf""]","alarm","[""Marimba_and_xylophone"", ""telephone"", ""alarm"", ""Music"", ""Percussion"", ""Mallet_percussion"", ""Musical_instrument"", ""Ringtone""]","audios/train\234524.wav"
"351539.wav","/m/07pp_mv","[""/m/01hnzm"", ""/m/07cx4"", ""/m/07pp_mv""]","alarm","[""Ringtone"", ""telephone"", ""alarm""]","audios/train\351539.wav"
"117561.wav","/m/07pp_mv","[""/m/01hnzm"", ""/m/07cx4"", ""/m/07pp_mv""]","alarm","[""Ringtone"", ""telephone"", ""alarm""]","audios/train\117561.wav"
"117562.wav","/m/07pp_mv","[""/m/01hnzm"", ""/m/07cx4"", ""/m/07pp_mv""]","alarm","[""Ringtone"", ""telephone"", ""alarm""]","audios/train\117562.wav"
"117563.wav","/m/07pp_mv","[""/m/01hnzm"", ""/m/07cx4"", ""/m/07pp_mv""]","alarm","[""Ringtone"", ""telephone"", ""alarm""]","audios/train\117563.wav"
"117564.wav","/m/07pp_mv","[""/m/01hnzm"", ""/m/07cx4"", ""/m/07pp_mv""]","alarm","[""Ringtone"", ""telephone"", ""alarm""]","audios/train\117564.wav"
"117565.wav","/m/07pp_mv","[""/m/01hnzm"", ""/m/07cx4"", ""/m/07pp_mv""]","alarm","[""Ringtone"", ""telephone"", ""alarm""]","audios/train\117565.wav"
"117566.wav","/m/07pp_mv","[""/m/01hnzm"", ""/m/07cx4"", ""/m/07pp_mv""]","alarm","[""Ringtone"", ""telephone"", ""alarm""]","audios/train\117566.wav"
"117567.wav","/m/07pp_mv","[""/m/01hnzm"", ""/m/07cx4"", ""/m/07pp_mv""]","alarm","[""Ringtone"", ""telephone"", ""alarm""]","audios/train\117567.wav"
"117568.wav","/m/07pp_mv","[""/m/01hnzm"", ""/m/07cx4"", ""/m/07pp_mv""]","alarm","[""Ringtone"", ""telephone"", ""alarm""]","audios/train\117568.wav"
"117569.wav","/m/07pp_mv","[""/m/01hnzm"", ""/m/07cx4"", ""/m/07pp_mv""]","alarm","[""Ringtone"", ""telephone"", ""alarm""]","audios/train\117569.wav"
"117570.wav","/m/07pp_mv","[""/m/01hnzm"", ""/m/07cx4"", ""/m/07pp_mv""]","alarm","[""Ringtone"", ""telephone"", ""alarm""]","audios/train\117570.wav"
"234563.wav","/m/07pp_mv","[""/m/01hnzm"", ""/m/0l14md"", ""/m/07cx4"", ""/m/07pp_mv"", ""/m/04szw"", ""/m/04rlf""]","alarm","[""Music"", ""telephone"", ""alarm"", ""Percussion"", ""Musical_instrument"", ""Ringtone""]","audios/train\234563.wav"
"234564.wav","/m/07pp_mv","[""/m/01hnzm"", ""/m/07cx4"", ""/m/07pp_mv""]","alarm","[""Ringtone"", ""telephone"", ""alarm""]","audios/train\234564.wav"
"234565.wav","/m/07pp_mv","[""/m/01hnzm"", ""/m/07cx4"", ""/m/07pp_mv""]","alarm","[""Ringtone"", ""telephone"", ""alarm""]","audios/train\234565.wav"
"234566.wav","/m/07pp_mv","[""/m/01hnzm"", ""/m/07cx4"", ""/m/07pp_mv""]","alarm","[""Ringtone"", ""telephone"", ""alarm""]","audios/train\234566.wav"
"117571.wav","/m/07pp_mv","[""/m/01hnzm"", ""/m/07cx4"", ""/m/07pp_mv""]","alarm","[""Ringtone"", ""telephone"", ""alarm""]","audios/train\117571.wav"
"117572.wav","/m/07pp_mv","[""/m/01hnzm"", ""/m/07cx4"", ""/m/07pp_mv""]","alarm","[""Ringtone"", ""telephone"", ""alarm""]","audios/train\117572.wav"
"24928.wav","/m/07pp_mv","[""/m/01hnzm"", ""/m/07cx4"", ""/m/07pp_mv""]","alarm","[""Ringtone"", ""telephone"", ""alarm""]","audios/train\24928.wav"
"24929.wav","/m/07pp_mv","[""/m/01hnzm"", ""/m/07cx4"", ""/m/07pp_mv""]","alarm","[""Ringtone"", ""telephone"", ""alarm""]","audios/train\24929.wav"
"56164.wav","/m/07pp_mv","[""/m/01hnzm"", ""/m/07cx4"", ""/m/07pp_mv""]","alarm","[""Ringtone"", ""telephone"", ""alarm""]","audios/train\56164.wav"
"267881.wav","/m/07pp_mv","[""/m/01hnzm"", ""/m/07cx4"", ""/m/07pp_mv""]","alarm","[""Ringtone"", ""telephone"", ""alarm""]","audios/train\267881.wav"
"167532.wav","/m/07pp_mv","[""/m/01hnzm"", ""/m/07cx4"", ""/m/07pp_mv""]","alarm","[""Ringtone"", ""telephone"", ""alarm""]","audios/train\167532.wav"
"167533.wav","/m/07pp_mv","[""/m/01hnzm"", ""/m/07cx4"", ""/m/07pp_mv""]","alarm","[""Ringtone"", ""telephone"", ""alarm""]","audios/train\167533.wav"
"167535.wav","/m/07pp_mv","[""/m/01hnzm"", ""/m/07cx4"", ""/m/07pp_mv""]","alarm","[""Ringtone"", ""telephone"", ""alarm""]","audios/train\167535.wav"
"167536.wav","/m/07pp_mv","[""/m/01hnzm"", ""/m/07cx4"", ""/m/07pp_mv""]","alarm","[""Ringtone"", ""telephone"", ""alarm""]","audios/train\167536.wav"
"167538.wav","/m/07pp_mv","[""/m/01hnzm"", ""/m/07cx4"", ""/m/07pp_mv""]","alarm","[""Ringtone"", ""telephone"", ""alarm""]","audios/train\167538.wav"
"167539.wav","/m/07pp_mv","[""/m/01hnzm"", ""/m/07cx4"", ""/m/07pp_mv""]","alarm","[""Ringtone"", ""telephone"", ""alarm""]","audios/train\167539.wav"
"167540.wav","/m/07pp_mv","[""/m/01hnzm"", ""/m/07cx4"", ""/m/07pp_mv""]","alarm","[""Ringtone"", ""telephone"", ""alarm""]","audios/train\167540.wav"
"167541.wav","/m/07pp_mv","[""/m/01hnzm"", ""/m/07cx4"", ""/m/07pp_mv""]","alarm","[""Ringtone"", ""telephone"", ""alarm""]","audios/train\167541.wav"
"246390.wav","/m/07pp_mv","[""/m/01hnzm"", ""/m/07cx4"", ""/m/07pp_mv""]","alarm","[""Ringtone"", ""telephone"", ""alarm""]","audios/train\246390.wav"
"167544.wav","/m/07pp_mv","[""/m/01hnzm"", ""/m/07cx4"", ""/m/07pp_mv""]","alarm","[""Ringtone"", ""telephone"", ""alarm""]","audios/train\167544.wav"
"167545.wav","/m/07pp_mv","[""/m/01hnzm"", ""/m/07cx4"", ""/m/07pp_mv""]","alarm","[""Ringtone"", ""telephone"", ""alarm""]","audios/train\167545.wav"
"167546.wav","/m/07pp_mv","[""/m/01hnzm"", ""/m/07cx4"", ""/m/07pp_mv""]","alarm","[""Ringtone"", ""telephone"", ""alarm""]","audios/train\167546.wav"
"167547.wav","/m/07pp_mv","[""/m/01hnzm"", ""/m/07cx4"", ""/m/07pp_mv""]","alarm","[""Ringtone"", ""telephone"", ""alarm""]","audios/train\167547.wav"
"167548.wav","/m/07pp_mv","[""/m/01hnzm"", ""/m/07cx4"", ""/m/07pp_mv""]","alarm","[""Ringtone"", ""telephone"", ""alarm""]","audios/train\167548.wav"
"167549.wav","/m/07pp_mv","[""/m/01hnzm"", ""/m/07cx4"", ""/m/07pp_mv""]","alarm","[""Ringtone"", ""telephone"", ""alarm""]","audios/train\167549.wav"
"167550.wav","/m/07pp_mv","[""/m/01hnzm"", ""/m/07cx4"", ""/m/07pp_mv""]","alarm","[""Ringtone"", ""telephone"", ""alarm""]","audios/train\167550.wav"
"167551.wav","/m/07pp_mv","[""/m/01hnzm"", ""/m/07cx4"", ""/m/07pp_mv""]","alarm","[""Ringtone"", ""telephone"", ""alarm""]","audios/train\167551.wav"
"276608.wav","/m/07pp_mv","[""/m/01hnzm"", ""/m/07cx4"", ""/m/07pp_mv""]","alarm","[""Ringtone"", ""telephone"", ""alarm""]","audios/train\276608.wav"
"167553.wav","/m/07pp_mv","[""/m/01hnzm"", ""/m/07cx4"", ""/m/07pp_mv""]","alarm","[""Ringtone"", ""telephone"", ""alarm""]","audios/train\167553.wav"
"276607.wav","/m/07pp_mv","[""/m/01hnzm"", ""/m/07cx4"", ""/m/07pp_mv""]","alarm","[""Ringtone"", ""telephone"", ""alarm""]","audios/train\276607.wav"
"258179.wav","/m/07pp_mv","[""/m/01hnzm"", ""/m/0395lw"", ""/m/07cx4"", ""/m/07pp_mv""]","alarm","[""Ringtone"", ""telephone"", ""alarm"", ""Bell""]","audios/train\258179.wav"
"258180.wav","/m/07pp_mv","[""/m/01hnzm"", ""/m/0395lw"", ""/m/07cx4"", ""/m/07pp_mv""]","alarm","[""Ringtone"", ""telephone"", ""alarm"", ""Bell""]","audios/train\258180.wav"
"276612.wav","/m/07pp_mv","[""/m/01hnzm"", ""/m/07cx4"", ""/m/07pp_mv""]","alarm","[""Ringtone"", ""telephone"", ""alarm""]","audios/train\276612.wav"
"360831.wav","/m/07pp_mv","[""/m/01hnzm"", ""/m/07cx4"", ""/m/07pp_mv""]","alarm","[""Ringtone"", ""telephone"", ""alarm""]","audios/train\360831.wav"
"156547.wav","/m/07pp_mv","[""/m/01hnzm"", ""/m/07cx4"", ""/m/07pp_mv""]","alarm","[""Ringtone"", ""telephone"", ""alarm""]","audios/train\156547.wav"
"186255.wav","/m/07pp_mv","[""/m/01hnzm"", ""/m/07cx4"", ""/m/07pp_mv""]","alarm","[""Ringtone"", ""telephone"", ""alarm""]","audios/train\186255.wav"
"352656.wav","/m/07pp_mv","[""/m/01hnzm"", ""/m/07cx4"", ""/m/07pp_mv""]","alarm","[""Ringtone"", ""telephone"", ""alarm""]","audios/train\352656.wav"
"352657.wav","/m/07pp_mv","[""/m/01hnzm"", ""/m/07cx4"", ""/m/07pp_mv""]","alarm","[""Ringtone"", ""telephone"", ""alarm""]","audios/train\352657.wav"
"352658.wav","/m/07pp_mv","[""/m/01hnzm"", ""/m/07cx4"", ""/m/07pp_mv""]","alarm","[""Ringtone"", ""telephone"", ""alarm""]","audios/train\352658.wav"
"352659.wav","/m/07pp_mv","[""/m/01hnzm"", ""/m/07cx4"", ""/m/07pp_mv""]","alarm","[""Ringtone"", ""telephone"", ""alarm""]","audios/train\352659.wav"
"352661.wav","/m/07pp_mv","[""/m/01hnzm"", ""/m/0f8s22"", ""/m/07cx4"", ""/m/07pp_mv"", ""/m/0395lw""]","alarm","[""telephone"", ""alarm"", ""Bell"", ""Chime"", ""Ringtone""]","audios/train\352661.wav"
"352663.wav","/m/07pp_mv","[""/m/01hnzm"", ""/m/07cx4"", ""/m/07pp_mv""]","alarm","[""Ringtone"", ""telephone"", ""alarm""]","audios/train\352663.wav"
"352665.wav","/m/07pp_mv","[""/m/01hnzm"", ""/m/07cx4"", ""/m/07pp_mv""]","alarm","[""Ringtone"", ""telephone"", ""alarm""]","audios/train\352665.wav"
"122266.wav","/m/07pp_mv","[""/m/01hnzm"", ""/m/07cx4"", ""/m/07pp_mv""]","alarm","[""Ringtone"", ""telephone"", ""alarm""]","audios/train\122266.wav"
"122267.wav","/m/07pp_mv","[""/m/01hnzm"", ""/m/07cx4"", ""/m/07pp_mv""]","alarm","[""Ringtone"", ""telephone"", ""alarm""]","audios/train\122267.wav"
"352666.wav","/m/07pp_mv","[""/m/01hnzm"", ""/m/07cx4"", ""/m/07pp_mv""]","alarm","[""Ringtone"", ""telephone"", ""alarm""]","audios/train\352666.wav"
"352669.wav","/m/07pp_mv","[""/m/01hnzm"", ""/m/0f8s22"", ""/m/07cx4"", ""/m/07pp_mv"", ""/m/0395lw""]","alarm","[""telephone"", ""alarm"", ""Bell"", ""Chime"", ""Ringtone""]","audios/train\352669.wav"
"352667.wav","/m/07pp_mv","[""/m/01hnzm"", ""/m/07cx4"", ""/m/07pp_mv""]","alarm","[""Ringtone"", ""telephone"", ""alarm""]","audios/train\352667.wav"
"122272.wav","/m/07pp_mv","[""/m/01hnzm"", ""/m/07cx4"", ""/m/07pp_mv""]","alarm","[""Ringtone"", ""telephone"", ""alarm""]","audios/train\122272.wav"
"122274.wav","/m/07pp_mv","[""/m/01hnzm"", ""/m/07cx4"", ""/m/07pp_mv""]","alarm","[""Ringtone"", ""telephone"", ""alarm""]","audios/train\122274.wav"
"122275.wav","/m/07pp_mv","[""/m/01hnzm"", ""/m/07cx4"", ""/m/07pp_mv""]","alarm","[""Ringtone"", ""telephone"", ""alarm""]","audios/train\122275.wav"
"322469.wav","/m/07pp_mv","[""/m/01hnzm"", ""/m/07cx4"", ""/m/07pp_mv""]","alarm","[""Ringtone"", ""telephone"", ""alarm""]","audios/train\322469.wav"
"122277.wav","/m/07pp_mv","[""/m/01hnzm"", ""/m/07cx4"", ""/m/07pp_mv""]","alarm","[""Ringtone"", ""telephone"", ""alarm""]","audios/train\122277.wav"
"201946.wav","/m/07pp_mv","[""/m/01hnzm"", ""/m/07cx4"", ""/m/07pp_mv""]","alarm","[""Ringtone"", ""telephone"", ""alarm""]","audios/train\201946.wav"
"163558.wav","/m/07pp_mv","[""/m/01hnzm"", ""/m/07cx4"", ""/m/07pp_mv""]","alarm","[""Ringtone"", ""telephone"", ""alarm""]","audios/train\163558.wav"
"194279.wav","/m/07pp_mv","[""/m/01hnzm"", ""/m/07cx4"", ""/m/07pp_mv""]","alarm","[""Ringtone"", ""telephone"", ""alarm""]","audios/train\194279.wav"
"194280.wav","/m/07pp_mv","[""/m/01hnzm"", ""/m/07cx4"", ""/m/07pp_mv""]","alarm","[""Ringtone"", ""telephone"", ""alarm""]","audios/train\194280.wav"
"163561.wav","/m/07pp_mv","[""/m/01hnzm"", ""/m/07cx4"", ""/m/07pp_mv""]","alarm","[""Ringtone"", ""telephone"", ""alarm""]","audios/train\163561.wav"
"163562.wav","/m/07pp_mv","[""/m/01hnzm"", ""/m/07cx4"", ""/m/07pp_mv""]","alarm","[""Ringtone"", ""telephone"", ""alarm""]","audios/train\163562.wav"
"108797.wav","/m/07pp_mv","[""/m/01hnzm"", ""/m/07cx4"", ""/m/07pp_mv""]","alarm","[""Ringtone"", ""telephone"", ""alarm""]","audios/train\108797.wav"
"258016.wav","/m/07pp_mv","[""/m/01hnzm"", ""/m/07rkbfh"", ""/m/07cx4"", ""/m/07pp_mv"", ""/t/dd00012""]","alarm","[""telephone"", ""Chatter"", ""alarm"", ""Human_group_actions"", ""Ringtone""]","audios/train\258016.wav"
"134067.wav","/m/07pp_mv","[""/m/01hnzm"", ""/m/07cx4"", ""/m/07pp_mv""]","alarm","[""Ringtone"", ""telephone"", ""alarm""]","audios/train\134067.wav"
"351711.wav","/m/07pp_mv","[""/m/01hnzm"", ""/m/07cx4"", ""/m/07pp_mv""]","alarm","[""Ringtone"", ""telephone"", ""alarm""]","audios/train\351711.wav"
"102434.wav","/m/07pp_mv","[""/m/01hnzm"", ""/m/07cx4"", ""/m/07pp_mv""]","alarm","[""Ringtone"", ""telephone"", ""alarm""]","audios/train\102434.wav"
"112211.wav","/m/07pp_mv","[""/m/01hnzm"", ""/m/07cx4"", ""/m/07pp_mv""]","alarm","[""Ringtone"", ""telephone"", ""alarm""]","audios/train\112211.wav"
"178137.wav","/m/07pp_mv","[""/m/01hnzm"", ""/m/07cx4"", ""/m/07pp_mv""]","alarm","[""Ringtone"", ""telephone"", ""alarm""]","audios/train\178137.wav"
"221359.wav","/m/07pp_mv","[""/m/01hnzm"", ""/m/07cx4"", ""/m/07pp_mv""]","alarm","[""Ringtone"", ""telephone"", ""alarm""]","audios/train\221359.wav"
"315859.wav","/m/02mk9","[""/m/014zdl"", ""/m/02mk9"", ""/m/0k4j"", ""/m/012f08"", ""/m/07yv9""]","engine","[""Car"", ""Motor_vehicle_(road)"", ""engine"", ""Vehicle"", ""Explosion""]","audios/train\315859.wav"
"9218.wav","/m/07pp_mv","[""/m/0gy1t2s"", ""/m/0395lw"", ""/m/07pp_mv"", ""/m/0199g"", ""/m/07yv9""]","alarm","[""alarm"", ""Bell"", ""Bicycle"", ""Bicycle_bell"", ""Vehicle""]","audios/train\9218.wav"
"69181.wav","/m/07pp_mv","[""/m/0395lw"", ""/m/03wwcy"", ""/m/02dgv"", ""/t/dd00071"", ""/m/07pp_mv""]","alarm","[""alarm"", ""Bell"", ""Domestic_sounds_and_home_sounds"", ""Door"", ""doorbell""]","audios/train\69181.wav"
"69184.wav","/m/07pp_mv","[""/m/0395lw"", ""/m/03wwcy"", ""/m/02dgv"", ""/t/dd00071"", ""/m/07pp_mv""]","alarm","[""alarm"", ""Bell"", ""Domestic_sounds_and_home_sounds"", ""Door"", ""doorbell""]","audios/train\69184.wav"
"361564.wav","/m/07pp_mv","[""/m/0395lw"", ""/m/03wwcy"", ""/m/02dgv"", ""/t/dd00071"", ""/m/07pp_mv""]","alarm","[""alarm"", ""Bell"", ""Domestic_sounds_and_home_sounds"", ""Door"", ""doorbell""]","audios/train\361564.wav"
"383595.wav","/m/07pp_mv","[""/m/0gy1t2s"", ""/m/0395lw"", ""/m/07pp_mv"", ""/m/0199g"", ""/m/07yv9""]","alarm","[""alarm"", ""Bell"", ""Bicycle"", ""Bicycle_bell"", ""Vehicle""]","audios/train\383595.wav"
"78970.wav","/m/07pp_mv","[""/m/0gy1t2s"", ""/m/0395lw"", ""/m/07pp_mv"", ""/m/0199g"", ""/m/07yv9""]","alarm","[""alarm"", ""Bell"", ""Bicycle"", ""Bicycle_bell"", ""Vehicle""]","audios/train\78970.wav"
"434818.wav","/m/07pp_mv","[""/m/0gy1t2s"", ""/m/0395lw"", ""/m/0199g"", ""/m/07yv9"", ""/m/07pp_mv""]","alarm","[""alarm"", ""Bell"", ""Bicycle"", ""Bicycle_bell"", ""Vehicle""]","audios/train\434818.wav"
"78984.wav","/m/07pp_mv","[""/m/0gy1t2s"", ""/m/0395lw"", ""/m/07pp_mv"", ""/m/0199g"", ""/m/07yv9""]","alarm","[""alarm"", ""Bell"", ""Bicycle"", ""Bicycle_bell"", ""Vehicle""]","audios/train\78984.wav"
"383629.wav","/m/07pp_mv","[""/m/0gy1t2s"", ""/m/0395lw"", ""/m/07pp_mv"", ""/m/0199g"", ""/m/07yv9""]","alarm","[""alarm"", ""Bell"", ""Bicycle"", ""Bicycle_bell"", ""Vehicle""]","audios/train\383629.wav"
"203941.wav","/m/07pp_mv","[""/m/0395lw"", ""/m/03wwcy"", ""/m/02dgv"", ""/t/dd00071"", ""/m/07pp_mv""]","alarm","[""alarm"", ""Bell"", ""Domestic_sounds_and_home_sounds"", ""Door"", ""doorbell""]","audios/train\203941.wav"
"203942.wav","/m/07pp_mv","[""/m/0395lw"", ""/m/03wwcy"", ""/m/02dgv"", ""/t/dd00071"", ""/m/07pp_mv""]","alarm","[""alarm"", ""Bell"", ""Domestic_sounds_and_home_sounds"", ""Door"", ""doorbell""]","audios/train\203942.wav"
"203945.wav","/m/07pp_mv","[""/m/0395lw"", ""/m/03wwcy"", ""/m/02dgv"", ""/t/dd00071"", ""/m/07pp_mv""]","alarm","[""alarm"", ""Bell"", ""Domestic_sounds_and_home_sounds"", ""Door"", ""doorbell""]","audios/train\203945.wav"
"203947.wav","/m/07pp_mv","[""/m/0395lw"", ""/m/03wwcy"", ""/m/02dgv"", ""/t/dd00071"", ""/m/07pp_mv""]","alarm","[""alarm"", ""Bell"", ""Domestic_sounds_and_home_sounds"", ""Door"", ""doorbell""]","audios/train\203947.wav"
"275629.wav","/m/07pp_mv","[""/m/0395lw"", ""/m/03wwcy"", ""/m/02dgv"", ""/t/dd00071"", ""/m/07pp_mv""]","alarm","[""alarm"", ""Bell"", ""Domestic_sounds_and_home_sounds"", ""Door"", ""doorbell""]","audios/train\275629.wav"
"192761.wav","/m/07pp_mv","[""/m/0395lw"", ""/m/03wwcy"", ""/m/02dgv"", ""/t/dd00071"", ""/m/07pp_mv""]","alarm","[""alarm"", ""Bell"", ""Domestic_sounds_and_home_sounds"", ""Door"", ""doorbell""]","audios/train\192761.wav"
"235265.wav","/m/07pp_mv","[""/m/0395lw"", ""/m/07cx4"", ""/m/07pp_mv""]","alarm","[""telephone"", ""alarm"", ""Bell""]","audios/train\235265.wav"
"196378.wav","/m/07pp_mv","[""/m/0395lw"", ""/m/03wwcy"", ""/m/02dgv"", ""/t/dd00071"", ""/m/07pp_mv""]","alarm","[""alarm"", ""Bell"", ""Domestic_sounds_and_home_sounds"", ""Door"", ""doorbell""]","audios/train\196378.wav"
"196379.wav","/m/07pp_mv","[""/m/0395lw"", ""/m/03wwcy"", ""/m/02dgv"", ""/t/dd00071"", ""/m/07pp_mv""]","alarm","[""alarm"", ""Bell"", ""Domestic_sounds_and_home_sounds"", ""Door"", ""doorbell""]","audios/train\196379.wav"
"196380.wav","/m/07pp_mv","[""/m/0395lw"", ""/m/03wwcy"", ""/m/02dgv"", ""/t/dd00071"", ""/m/07pp_mv""]","alarm","[""alarm"", ""Bell"", ""Domestic_sounds_and_home_sounds"", ""Door"", ""doorbell""]","audios/train\196380.wav"
"223672.wav","/m/07pp_mv","[""/m/0395lw"", ""/m/03wwcy"", ""/m/02dgv"", ""/t/dd00071"", ""/m/07pp_mv""]","alarm","[""alarm"", ""Bell"", ""Domestic_sounds_and_home_sounds"", ""Door"", ""doorbell""]","audios/train\223672.wav"
"70102.wav","/m/07pp_mv","[""/m/0395lw"", ""/m/03wwcy"", ""/m/02dgv"", ""/t/dd00071"", ""/m/07pp_mv""]","alarm","[""alarm"", ""Bell"", ""Domestic_sounds_and_home_sounds"", ""Door"", ""doorbell""]","audios/train\70102.wav"
"21986.wav","/m/07pp_mv","[""/m/0395lw"", ""/m/03wwcy"", ""/m/02dgv"", ""/t/dd00071"", ""/m/07pp_mv""]","alarm","[""alarm"", ""Bell"", ""Domestic_sounds_and_home_sounds"", ""Door"", ""doorbell""]","audios/train\21986.wav"
"403458.wav","/m/02mk9","[""/m/02mk9""]","engine","[""engine""]","audios/train\403458.wav"
"258052.wav","/m/02mk9","[""/m/02mk9""]","engine","[""engine""]","audios/train\258052.wav"
"256037.wav","/m/02mk9","[""/m/02mk9"", ""/t/dd00077""]","engine","[""engine"", ""Mechanisms""]","audios/train\256037.wav"
"415791.wav","/m/02mk9","[""/m/02mk9""]","engine","[""engine""]","audios/train\415791.wav"
"182328.wav","/m/02mk9","[""/m/02mk9""]","engine","[""engine""]","audios/train\182328.wav"
"102459.wav","/m/02mk9","[""/m/02mk9""]","engine","[""engine""]","audios/train\102459.wav"
"249920.wav","/m/02mk9","[""/m/04_sv"", ""/m/02mk9"", ""/m/012f08"", ""/m/07yv9""]","engine","[""Motorcycle"", ""Vehicle"", ""Motor_vehicle_(road)"", ""engine""]","audios/train\249920.wav"
"256074.wav","/m/02mk9","[""/m/02mk9"", ""/t/dd00077""]","engine","[""engine"", ""Mechanisms""]","audios/train\256074.wav"
"47190.wav","/m/02mk9","[""/m/02mk9""]","engine","[""engine""]","audios/train\47190.wav"
"407647.wav","/m/02mk9","[""/m/02mk9""]","engine","[""engine""]","audios/train\407647.wav"
"407648.wav","/m/02mk9","[""/m/02mk9""]","engine","[""engine""]","audios/train\407648.wav"
"407649.wav","/m/02mk9","[""/m/02mk9""]","engine","[""engine""]","audios/train\407649.wav"
"190581.wav","/m/02mk9","[""/m/0fx9l"", ""/m/02mk9"", ""/t/dd00071""]","engine","[""engine"", ""Domestic_sounds_and_home_sounds"", ""Microwave_oven""]","audios/train\190581.wav"
"168060.wav","/m/02mk9","[""/m/02mk9""]","engine","[""engine""]","audios/train\168060.wav"
"69759.wav","/m/02mk9","[""/m/02mk9""]","engine","[""engine""]","audios/train\69759.wav"
"141450.wav","/m/02mk9","[""/m/02mk9""]","engine","[""engine""]","audios/train\141450.wav"
"401547.wav","/m/02mk9","[""/m/02mk9""]","engine","[""engine""]","audios/train\401547.wav"
"45198.wav","/m/02mk9","[""/m/02mk9""]","engine","[""engine""]","audios/train\45198.wav"
"401551.wav","/m/02mk9","[""/m/02mk9""]","engine","[""engine""]","audios/train\401551.wav"
"383122.wav","/m/02mk9","[""/m/02mk9""]","engine","[""engine""]","audios/train\383122.wav"
"401555.wav","/m/02mk9","[""/m/02mk9""]","engine","[""engine""]","audios/train\401555.wav"
"383124.wav","/m/02mk9","[""/m/02mk9""]","engine","[""engine""]","audios/train\383124.wav"
"250007.wav","/m/02mk9","[""/m/02mk9"", ""/m/0k4j"", ""/m/012f08"", ""/m/07yv9""]","engine","[""Car"", ""engine"", ""Motor_vehicle_(road)"", ""Vehicle""]","audios/train\250007.wav"
"270493.wav","/m/02mk9","[""/m/02mk9"", ""/m/0k4j"", ""/m/012f08"", ""/m/07yv9""]","engine","[""Car"", ""engine"", ""Motor_vehicle_(road)"", ""Vehicle""]","audios/train\270493.wav"
"34991.wav","/m/02mk9","[""/m/02mk9""]","engine","[""engine""]","audios/train\34991.wav"
"325808.wav","/m/02mk9","[""/m/02mk9""]","engine","[""engine""]","audios/train\325808.wav"
"325809.wav","/m/02mk9","[""/m/02mk9""]","engine","[""engine""]","audios/train\325809.wav"
"22706.wav","/m/02mk9","[""/m/02mk9"", ""/t/dd00071""]","engine","[""engine"", ""Domestic_sounds_and_home_sounds""]","audios/train\22706.wav"
"118971.wav","/m/02mk9","[""/m/02mk9""]","engine","[""engine""]","audios/train\118971.wav"
"118972.wav","/m/02mk9","[""/m/01b82r"", ""/m/02mk9"", ""/m/07k1x""]","engine","[""engine"", ""Sawing"", ""Tools""]","audios/train\118972.wav"
"250057.wav","/m/02mk9","[""/m/02mk9"", ""/m/01d380"", ""/m/0_ksk"", ""/m/07k1x""]","engine","[""engine"", ""drilling"", ""Power_tool"", ""Tools""]","audios/train\250057.wav"
"143562.wav","/m/02mk9","[""/m/02mk9"", ""/m/0k5j"", ""/m/07yv9""]","engine","[""engine"", ""Vehicle"", ""Aircraft""]","audios/train\143562.wav"
"250061.wav","/m/02mk9","[""/m/02mk9"", ""/m/01d380"", ""/m/0_ksk"", ""/m/07k1x""]","engine","[""engine"", ""drilling"", ""Power_tool"", ""Tools""]","audios/train\250061.wav"
"250062.wav","/m/02mk9","[""/m/02mk9"", ""/m/01d380"", ""/m/0_ksk"", ""/m/07k1x""]","engine","[""engine"", ""drilling"", ""Power_tool"", ""Tools""]","audios/train\250062.wav"
"250063.wav","/m/02mk9","[""/m/02mk9"", ""/m/01d380"", ""/m/0_ksk"", ""/m/07k1x""]","engine","[""engine"", ""drilling"", ""Power_tool"", ""Tools""]","audios/train\250063.wav"
"237.wav","/m/02mk9","[""/t/dd00134"", ""/m/02mk9"", ""/m/0k4j"", ""/m/012f08"", ""/m/07yv9""]","engine","[""Car"", ""Car_passing_by"", ""Motor_vehicle_(road)"", ""engine"", ""Vehicle""]","audios/train\237.wav"
"211187.wav","/m/02mk9","[""/m/02mk9"", ""/m/01d380"", ""/m/0_ksk"", ""/m/07k1x""]","engine","[""engine"", ""drilling"", ""Power_tool"", ""Tools""]","audios/train\211187.wav"
"20737.wav","/m/02mk9","[""/m/02mk9""]","engine","[""engine""]","audios/train\20737.wav"
"170248.wav","/m/02mk9","[""/m/02mk9""]","engine","[""engine""]","audios/train\170248.wav"
"45383.wav","/m/02mk9","[""/m/02mk9"", ""/m/01d380"", ""/m/0_ksk"", ""/m/07k1x""]","engine","[""engine"", ""drilling"", ""Power_tool"", ""Tools""]","audios/train\45383.wav"
"254296.wav","/m/02mk9","[""/m/02mk9"", ""/m/01d380"", ""/t/dd00077"", ""/m/0_ksk"", ""/m/07k1x""]","engine","[""Mechanisms"", ""Power_tool"", ""engine"", ""Tools"", ""drilling""]","audios/train\254296.wav"
"254298.wav","/m/02mk9","[""/m/02mk9"", ""/m/01d380"", ""/t/dd00077"", ""/m/0_ksk"", ""/m/07k1x""]","engine","[""Mechanisms"", ""Power_tool"", ""engine"", ""Tools"", ""drilling""]","audios/train\254298.wav"
"254299.wav","/m/02mk9","[""/m/02mk9"", ""/m/01d380"", ""/t/dd00077"", ""/m/0_ksk"", ""/m/07k1x""]","engine","[""Mechanisms"", ""Power_tool"", ""engine"", ""Tools"", ""drilling""]","audios/train\254299.wav"
"26972.wav","/m/02mk9","[""/m/02mk9"", ""/m/019jd"", ""/m/07yv9""]","engine","[""engine"", ""Vehicle"", ""Boat_and_Water_vehicle""]","audios/train\26972.wav"
"254302.wav","/m/02mk9","[""/m/02mk9"", ""/m/01d380"", ""/m/0_ksk"", ""/m/07k1x""]","engine","[""engine"", ""drilling"", ""Power_tool"", ""Tools""]","audios/train\254302.wav"
"254303.wav","/m/02mk9","[""/m/02mk9"", ""/m/01d380"", ""/m/0_ksk"", ""/m/07k1x""]","engine","[""engine"", ""drilling"", ""Power_tool"", ""Tools""]","audios/train\254303.wav"
"395652.wav","/m/02mk9","[""/m/02mk9""]","engine","[""engine""]","audios/train\395652.wav"
"190892.wav","/m/02mk9","[""/m/02mk9""]","engine","[""engine""]","audios/train\190892.wav"
"240075.wav","/m/02mk9","[""/m/02mk9""]","engine","[""engine""]","audios/train\240075.wav"
"156107.wav","/m/02mk9","[""/m/02mk9"", ""/t/dd00077""]","engine","[""engine"", ""Mechanisms""]","audios/train\156107.wav"
"377297.wav","/m/02mk9","[""/m/02mk9""]","engine","[""engine""]","audios/train\377297.wav"
"377301.wav","/m/02mk9","[""/m/02mk9"", ""/m/0k4j"", ""/m/012f08"", ""/m/07yv9""]","engine","[""Car"", ""engine"", ""Motor_vehicle_(road)"", ""Vehicle""]","audios/train\377301.wav"
"66011.wav","/m/02mk9","[""/m/02mk9""]","engine","[""engine""]","audios/train\66011.wav"
"70114.wav","/m/07pb8fc","[""/m/07pb8fc"", ""/m/02mk9""]","engine","[""engine""]","audios/train\70114.wav"
"70115.wav","/m/07pb8fc","[""/m/07pb8fc"", ""/m/02mk9""]","engine","[""engine""]","audios/train\70115.wav"
"70116.wav","/m/02mk9","[""/m/02mk9""]","engine","[""engine""]","audios/train\70116.wav"
"70117.wav","/m/02mk9","[""/m/02mk9""]","engine","[""engine""]","audios/train\70117.wav"
"70118.wav","/m/02mk9","[""/m/02mk9""]","engine","[""engine""]","audios/train\70118.wav"
"70119.wav","/m/02mk9","[""/m/02mk9""]","engine","[""engine""]","audios/train\70119.wav"
"70120.wav","/m/02mk9","[""/t/dd00130"", ""/m/02mk9""]","engine","[""engine"", ""Engine_starting""]","audios/train\70120.wav"
"70121.wav","/m/02mk9","[""/t/dd00130"", ""/m/02mk9""]","engine","[""engine"", ""Engine_starting""]","audios/train\70121.wav"
"70122.wav","/m/02mk9","[""/t/dd00130"", ""/m/02mk9""]","engine","[""engine"", ""Engine_starting""]","audios/train\70122.wav"
"70123.wav","/m/02mk9","[""/t/dd00130"", ""/m/02mk9""]","engine","[""engine"", ""Engine_starting""]","audios/train\70123.wav"
"70155.wav","/m/02mk9","[""/m/02mk9""]","engine","[""engine""]","audios/train\70155.wav"
"70156.wav","/m/02mk9","[""/m/02mk9""]","engine","[""engine""]","audios/train\70156.wav"
"70157.wav","/m/02mk9","[""/m/02mk9""]","engine","[""engine""]","audios/train\70157.wav"
"70158.wav","/m/02mk9","[""/m/02mk9""]","engine","[""engine""]","audios/train\70158.wav"
"70159.wav","/m/02mk9","[""/m/02mk9""]","engine","[""engine""]","audios/train\70159.wav"
"70160.wav","/m/02mk9","[""/m/02mk9""]","engine","[""engine""]","audios/train\70160.wav"
"256529.wav","/m/02mk9","[""/m/02mk9""]","engine","[""engine""]","audios/train\256529.wav"
"70162.wav","/m/02mk9","[""/m/02mk9""]","engine","[""engine""]","audios/train\70162.wav"
"70163.wav","/m/02mk9","[""/m/02mk9""]","engine","[""engine""]","audios/train\70163.wav"
"70164.wav","/m/02mk9","[""/m/02mk9""]","engine","[""engine""]","audios/train\70164.wav"
"70165.wav","/m/02mk9","[""/m/02mk9""]","engine","[""engine""]","audios/train\70165.wav"
"70161.wav","/m/02mk9","[""/m/02mk9""]","engine","[""engine""]","audios/train\70161.wav"
"70167.wav","/m/02mk9","[""/m/02mk9""]","engine","[""engine""]","audios/train\70167.wav"
"365080.wav","/m/02mk9","[""/m/02mk9"", ""/t/dd00077""]","engine","[""engine"", ""Mechanisms""]","audios/train\365080.wav"
"70166.wav","/m/02mk9","[""/m/02mk9""]","engine","[""engine""]","audios/train\70166.wav"
"113180.wav","/m/02mk9","[""/m/02mk9"", ""/m/0k4j"", ""/m/012f08"", ""/m/07yv9""]","engine","[""Car"", ""engine"", ""Motor_vehicle_(road)"", ""Vehicle""]","audios/train\113180.wav"
"113183.wav","/m/02mk9","[""/m/02mk9"", ""/m/0k4j"", ""/m/07yv9"", ""/m/012f08""]","engine","[""Car"", ""engine"", ""Motor_vehicle_(road)"", ""Vehicle""]","audios/train\113183.wav"
"113184.wav","/m/02mk9","[""/m/02mk9"", ""/m/0k4j"", ""/m/07yv9"", ""/m/012f08""]","engine","[""Car"", ""engine"", ""Motor_vehicle_(road)"", ""Vehicle""]","audios/train\113184.wav"
"168479.wav","/m/02mk9","[""/m/02mk9""]","engine","[""engine""]","audios/train\168479.wav"
"168480.wav","/m/02mk9","[""/m/02mk9""]","engine","[""engine""]","audios/train\168480.wav"
"168481.wav","/m/02mk9","[""/m/02mk9""]","engine","[""engine""]","audios/train\168481.wav"
"113190.wav","/m/02mk9","[""/m/02mk9"", ""/m/0k4j"", ""/m/012f08"", ""/m/07yv9""]","engine","[""Car"", ""engine"", ""Motor_vehicle_(road)"", ""Vehicle""]","audios/train\113190.wav"
"113192.wav","/m/02mk9","[""/m/02mk9"", ""/m/07yv9""]","engine","[""engine"", ""Vehicle""]","audios/train\113192.wav"
"113193.wav","/m/02mk9","[""/m/02mk9"", ""/m/0k4j"", ""/m/07yv9"", ""/m/012f08""]","engine","[""Car"", ""engine"", ""Motor_vehicle_(road)"", ""Vehicle""]","audios/train\113193.wav"
"113194.wav","/m/02mk9","[""/m/02mk9""]","engine","[""engine""]","audios/train\113194.wav"
"213548.wav","/m/02mk9","[""/m/02mk9""]","engine","[""engine""]","audios/train\213548.wav"
"113197.wav","/m/02mk9","[""/m/02mk9"", ""/m/0k4j"", ""/m/07yv9"", ""/m/012f08""]","engine","[""Car"", ""engine"", ""Motor_vehicle_(road)"", ""Vehicle""]","audios/train\113197.wav"
"113198.wav","/m/02mk9","[""/m/02mk9"", ""/m/0k4j"", ""/m/07yv9"", ""/m/012f08""]","engine","[""Car"", ""engine"", ""Motor_vehicle_(road)"", ""Vehicle""]","audios/train\113198.wav"
"113199.wav","/m/02mk9","[""/m/02mk9""]","engine","[""engine""]","audios/train\113199.wav"
"268848.wav","/m/02mk9","[""/m/01m4t"", ""/m/02mk9"", ""/t/dd00077""]","engine","[""engine"", ""Printer"", ""Mechanisms""]","audios/train\268848.wav"
"420402.wav","/m/02mk9","[""/m/02mk9""]","engine","[""engine""]","audios/train\420402.wav"
"420403.wav","/m/02mk9","[""/m/02mk9""]","engine","[""engine""]","audios/train\420403.wav"
"113209.wav","/m/02mk9","[""/m/02mk9""]","engine","[""engine""]","audios/train\113209.wav"
"113210.wav","/m/02mk9","[""/m/02mk9"", ""/m/0k4j"", ""/m/07yv9"", ""/m/012f08""]","engine","[""Car"", ""engine"", ""Motor_vehicle_(road)"", ""Vehicle""]","audios/train\113210.wav"
"113211.wav","/m/02mk9","[""/m/02mk9"", ""/m/07yv9""]","engine","[""engine"", ""Vehicle""]","audios/train\113211.wav"
"113215.wav","/m/02mk9","[""/m/02mk9"", ""/m/0k4j"", ""/m/012f08"", ""/m/07yv9""]","engine","[""Car"", ""engine"", ""Motor_vehicle_(road)"", ""Vehicle""]","audios/train\113215.wav"
"113216.wav","/m/02mk9","[""/m/02mk9""]","engine","[""engine""]","audios/train\113216.wav"
"113217.wav","/m/02mk9","[""/m/02mk9"", ""/m/0k4j"", ""/m/07yv9"", ""/m/012f08""]","engine","[""Car"", ""engine"", ""Motor_vehicle_(road)"", ""Vehicle""]","audios/train\113217.wav"
"156223.wav","/m/02mk9","[""/m/02mk9""]","engine","[""engine""]","audios/train\156223.wav"
"264773.wav","/m/02mk9","[""/m/04_sv"", ""/m/02mk9"", ""/m/012f08"", ""/m/07yv9""]","engine","[""Motorcycle"", ""Vehicle"", ""Motor_vehicle_(road)"", ""engine""]","audios/train\264773.wav"
"92741.wav","/m/02mk9","[""/m/02mk9""]","engine","[""engine""]","audios/train\92741.wav"
"137821.wav","/m/02mk9","[""/m/02mk9"", ""/t/dd00077""]","engine","[""engine"", ""Mechanisms""]","audios/train\137821.wav"
"162405.wav","/m/02mk9","[""/m/02mk9""]","engine","[""engine""]","audios/train\162405.wav"
"387694.wav","/m/02mk9","[""/m/02mk9"", ""/m/01d380"", ""/m/0_ksk"", ""/m/07k1x""]","engine","[""engine"", ""drilling"", ""Power_tool"", ""Tools""]","audios/train\387694.wav"
"387699.wav","/m/02mk9","[""/m/02mk9"", ""/m/01d380"", ""/m/0_ksk"", ""/m/07k1x""]","engine","[""engine"", ""drilling"", ""Power_tool"", ""Tools""]","audios/train\387699.wav"
"387701.wav","/m/02mk9","[""/m/02mk9"", ""/m/01d380"", ""/m/0_ksk"", ""/m/07k1x""]","engine","[""engine"", ""drilling"", ""Power_tool"", ""Tools""]","audios/train\387701.wav"
"387702.wav","/m/02mk9","[""/m/02mk9"", ""/m/01d380"", ""/m/0_ksk"", ""/m/07k1x""]","engine","[""engine"", ""drilling"", ""Power_tool"", ""Tools""]","audios/train\387702.wav"
"387703.wav","/m/02mk9","[""/m/02mk9"", ""/m/01d380"", ""/t/dd00077"", ""/m/0_ksk"", ""/m/07k1x""]","engine","[""Mechanisms"", ""Power_tool"", ""engine"", ""Tools"", ""drilling""]","audios/train\387703.wav"
"125560.wav","/m/02mk9","[""/m/02mk9"", ""/m/0k5j"", ""/m/07yv9""]","engine","[""engine"", ""Vehicle"", ""Aircraft""]","audios/train\125560.wav"
"340627.wav","/m/02mk9","[""/m/02mk9""]","engine","[""engine""]","audios/train\340627.wav"
"340630.wav","/m/02mk9","[""/m/02mk9""]","engine","[""engine""]","audios/train\340630.wav"
"340631.wav","/m/02mk9","[""/m/02mk9""]","engine","[""engine""]","audios/train\340631.wav"
"340632.wav","/m/02mk9","[""/m/02mk9"", ""/t/dd00077""]","engine","[""engine"", ""Mechanisms""]","audios/train\340632.wav"
"340635.wav","/m/02mk9","[""/m/07q2z82"", ""/m/02mk9""]","engine","[""Accelerating_and_revving_and_vroom"", ""engine""]","audios/train\340635.wav"
"340637.wav","/m/02mk9","[""/m/02mk9""]","engine","[""engine""]","audios/train\340637.wav"
"340638.wav","/m/02mk9","[""/m/02mk9""]","engine","[""engine""]","audios/train\340638.wav"
"340639.wav","/m/02mk9","[""/m/02mk9""]","engine","[""engine""]","audios/train\340639.wav"
"340640.wav","/m/02mk9","[""/m/02mk9""]","engine","[""engine""]","audios/train\340640.wav"
"365219.wav","/m/02mk9","[""/m/02mk9"", ""/m/0k4j"", ""/m/012f08"", ""/m/07yv9""]","engine","[""Car"", ""engine"", ""Motor_vehicle_(road)"", ""Vehicle""]","audios/train\365219.wav"
"336549.wav","/m/02mk9","[""/m/04_sv"", ""/m/02mk9"", ""/m/012f08"", ""/m/07yv9""]","engine","[""Motorcycle"", ""Vehicle"", ""Motor_vehicle_(road)"", ""engine""]","audios/train\336549.wav"
"266919.wav","/m/02mk9","[""/m/0195fx"", ""/m/02mk9"", ""/m/06d_3"", ""/m/07yv9""]","engine","[""engine"", ""Rail_transport"", ""Vehicle"", ""Subway_and_metro_and_underground""]","audios/train\266919.wav"
"328359.wav","/m/02mk9","[""/m/02mk9"", ""/t/dd00077""]","engine","[""engine"", ""Mechanisms""]","audios/train\328359.wav"
"340651.wav","/m/02mk9","[""/m/02mk9""]","engine","[""engine""]","audios/train\340651.wav"
"340652.wav","/m/02mk9","[""/m/07q2z82"", ""/m/02mk9""]","engine","[""Accelerating_and_revving_and_vroom"", ""engine""]","audios/train\340652.wav"
"340653.wav","/m/02mk9","[""/m/02mk9""]","engine","[""engine""]","audios/train\340653.wav"
"340654.wav","/m/02mk9","[""/m/02mk9""]","engine","[""engine""]","audios/train\340654.wav"
"82606.wav","/m/02mk9","[""/m/02mk9""]","engine","[""engine""]","audios/train\82606.wav"
"340658.wav","/m/02mk9","[""/m/02mk9""]","engine","[""engine""]","audios/train\340658.wav"
"213685.wav","/m/02mk9","[""/m/02mk9""]","engine","[""engine""]","audios/train\213685.wav"
"340668.wav","/m/02mk9","[""/m/02mk9""]","engine","[""engine""]","audios/train\340668.wav"
"340669.wav","/m/02mk9","[""/m/02mk9""]","engine","[""engine""]","audios/train\340669.wav"
"340670.wav","/m/02mk9","[""/m/02mk9""]","engine","[""engine""]","audios/train\340670.wav"
"340671.wav","/m/02mk9","[""/m/07q2z82"", ""/m/02mk9""]","engine","[""Accelerating_and_revving_and_vroom"", ""engine""]","audios/train\340671.wav"
"340675.wav","/m/02mk9","[""/m/07q2z82"", ""/m/02mk9""]","engine","[""Accelerating_and_revving_and_vroom"", ""engine""]","audios/train\340675.wav"
"340676.wav","/m/02mk9","[""/m/02mk9""]","engine","[""engine""]","audios/train\340676.wav"
"340677.wav","/m/02mk9","[""/m/02mk9""]","engine","[""engine""]","audios/train\340677.wav"
"191171.wav","/m/02mk9","[""/m/02mk9""]","engine","[""engine""]","audios/train\191171.wav"
"191172.wav","/m/02mk9","[""/m/02mk9""]","engine","[""engine""]","audios/train\191172.wav"
"340680.wav","/m/02mk9","[""/m/02mk9""]","engine","[""engine""]","audios/train\340680.wav"
"340681.wav","/m/02mk9","[""/m/07q2z82"", ""/m/02mk9""]","engine","[""Accelerating_and_revving_and_vroom"", ""engine""]","audios/train\340681.wav"
"340682.wav","/m/02mk9","[""/m/02mk9""]","engine","[""engine""]","audios/train\340682.wav"
"340683.wav","/m/02mk9","[""/m/07q2z82"", ""/m/02mk9""]","engine","[""Accelerating_and_revving_and_vroom"", ""engine""]","audios/train\340683.wav"
"340684.wav","/m/02mk9","[""/m/02mk9""]","engine","[""engine""]","audios/train\340684.wav"
"340685.wav","/m/02mk9","[""/m/07q2z82"", ""/m/02mk9""]","engine","[""Accelerating_and_revving_and_vroom"", ""engine""]","audios/train\340685.wav"
"340686.wav","/m/02mk9","[""/m/02mk9""]","engine","[""engine""]","audios/train\340686.wav"
"340687.wav","/m/02mk9","[""/m/02mk9""]","engine","[""engine""]","audios/train\340687.wav"
"191175.wav","/m/02mk9","[""/m/02mk9""]","engine","[""engine""]","audios/train\191175.wav"
"68301.wav","/m/02mk9","[""/m/02mk9""]","engine","[""engine""]","audios/train\68301.wav"
"162514.wav","/m/02mk9","[""/m/02mk9"", ""/m/0k4j"", ""/m/012f08"", ""/m/07yv9""]","engine","[""Car"", ""engine"", ""Motor_vehicle_(road)"", ""Vehicle""]","audios/train\162514.wav"
"340693.wav","/m/02mk9","[""/m/02mk9""]","engine","[""engine""]","audios/train\340693.wav"
"340696.wav","/m/02mk9","[""/m/02mk9"", ""/t/dd00077""]","engine","[""engine"", ""Mechanisms""]","audios/train\340696.wav"
"340699.wav","/m/02mk9","[""/m/02mk9""]","engine","[""engine""]","audios/train\340699.wav"
"340700.wav","/m/02mk9","[""/m/02mk9""]","engine","[""engine""]","audios/train\340700.wav"
"340701.wav","/m/02mk9","[""/m/02mk9""]","engine","[""engine""]","audios/train\340701.wav"
"387807.wav","/m/02mk9","[""/m/02mk9""]","engine","[""engine""]","audios/train\387807.wav"
"340704.wav","/m/02mk9","[""/m/02mk9"", ""/t/dd00077""]","engine","[""engine"", ""Mechanisms""]","audios/train\340704.wav"
"340705.wav","/m/02mk9","[""/m/02mk9""]","engine","[""engine""]","audios/train\340705.wav"
"340707.wav","/m/02mk9","[""/m/02mk9""]","engine","[""engine""]","audios/train\340707.wav"
"340708.wav","/m/02mk9","[""/m/02mk9"", ""/t/dd00077""]","engine","[""engine"", ""Mechanisms""]","audios/train\340708.wav"
"387812.wav","/m/02mk9","[""/m/02mk9""]","engine","[""engine""]","audios/train\387812.wav"
"387813.wav","/m/02mk9","[""/m/02mk9""]","engine","[""engine""]","audios/train\387813.wav"
"387814.wav","/m/02mk9","[""/m/02mk9""]","engine","[""engine""]","audios/train\387814.wav"
"340712.wav","/m/02mk9","[""/m/02mk9"", ""/t/dd00077""]","engine","[""engine"", ""Mechanisms""]","audios/train\340712.wav"
"340713.wav","/m/02mk9","[""/m/02mk9"", ""/t/dd00077""]","engine","[""engine"", ""Mechanisms""]","audios/train\340713.wav"
"340714.wav","/m/02mk9","[""/m/07q2z82"", ""/m/02mk9""]","engine","[""Accelerating_and_revving_and_vroom"", ""engine""]","audios/train\340714.wav"
"387817.wav","/m/02mk9","[""/m/02mk9""]","engine","[""engine""]","audios/train\387817.wav"
"340716.wav","/m/02mk9","[""/m/02mk9"", ""/t/dd00077""]","engine","[""engine"", ""Mechanisms""]","audios/train\340716.wav"
"340717.wav","/m/02mk9","[""/m/02mk9"", ""/t/dd00077""]","engine","[""engine"", ""Mechanisms""]","audios/train\340717.wav"
"146158.wav","/m/02mk9","[""/m/02mk9""]","engine","[""engine""]","audios/train\146158.wav"
"340720.wav","/m/02mk9","[""/m/02mk9""]","engine","[""engine""]","audios/train\340720.wav"
"393969.wav","/m/02mk9","[""/m/02mk9"", ""/t/dd00077""]","engine","[""engine"", ""Mechanisms""]","audios/train\393969.wav"
"340722.wav","/m/02mk9","[""/m/07q2z82"", ""/m/02mk9"", ""/t/dd00077""]","engine","[""Accelerating_and_revving_and_vroom"", ""Mechanisms"", ""engine""]","audios/train\340722.wav"
"340724.wav","/m/02mk9","[""/m/07q2z82"", ""/m/02mk9""]","engine","[""Accelerating_and_revving_and_vroom"", ""engine""]","audios/train\340724.wav"
"340725.wav","/m/02mk9","[""/m/02mk9""]","engine","[""engine""]","audios/train\340725.wav"
"340726.wav","/m/02mk9","[""/m/02mk9""]","engine","[""engine""]","audios/train\340726.wav"
"340727.wav","/m/02mk9","[""/m/02mk9""]","engine","[""engine""]","audios/train\340727.wav"
"340728.wav","/m/02mk9","[""/m/02mk9""]","engine","[""engine""]","audios/train\340728.wav"
"340729.wav","/m/02mk9","[""/m/02mk9"", ""/t/dd00077""]","engine","[""engine"", ""Mechanisms""]","audios/train\340729.wav"
"340730.wav","/m/02mk9","[""/m/02mk9""]","engine","[""engine""]","audios/train\340730.wav"
"340731.wav","/m/02mk9","[""/m/02mk9"", ""/t/dd00077""]","engine","[""engine"", ""Mechanisms""]","audios/train\340731.wav"
"340732.wav","/m/02mk9","[""/m/02mk9"", ""/t/dd00077""]","engine","[""engine"", ""Mechanisms""]","audios/train\340732.wav"
"340733.wav","/m/02mk9","[""/m/02mk9"", ""/t/dd00077""]","engine","[""engine"", ""Mechanisms""]","audios/train\340733.wav"
"254714.wav","/m/02mk9","[""/m/02mk9""]","engine","[""engine""]","audios/train\254714.wav"
"17158.wav","/m/02mk9","[""/m/04_sv"", ""/m/02mk9"", ""/m/012f08"", ""/m/07yv9""]","engine","[""Motorcycle"", ""Vehicle"", ""Motor_vehicle_(road)"", ""engine""]","audios/train\17158.wav"
"176904.wav","/m/02mk9","[""/m/02mk9""]","engine","[""engine""]","audios/train\176904.wav"
"107272.wav","/m/02mk9","[""/m/01bjv"", ""/m/02mk9"", ""/m/012f08"", ""/m/07yv9""]","engine","[""engine"", ""Vehicle"", ""Bus"", ""Motor_vehicle_(road)""]","audios/train\107272.wav"
"168719.wav","/m/02mk9","[""/m/01b82r"", ""/m/02mk9"", ""/m/07k1x""]","engine","[""engine"", ""Sawing"", ""Tools""]","audios/train\168719.wav"
"166717.wav","/m/02mk9","[""/m/02mk9""]","engine","[""engine""]","audios/train\166717.wav"
"168768.wav","/m/02mk9","[""/m/02mk9""]","engine","[""engine""]","audios/train\168768.wav"
"6989.wav","/m/02mk9","[""/m/02mk9""]","engine","[""engine""]","audios/train\6989.wav"
"6990.wav","/m/02mk9","[""/m/02mk9""]","engine","[""engine""]","audios/train\6990.wav"
"267087.wav","/m/02mk9","[""/m/02mk9"", ""/t/dd00071""]","engine","[""engine"", ""Domestic_sounds_and_home_sounds""]","audios/train\267087.wav"
"95056.wav","/m/02mk9","[""/m/02mk9"", ""/m/07yv9""]","engine","[""engine"", ""Vehicle""]","audios/train\95056.wav"
"2931.wav","/m/02mk9","[""/m/02mk9""]","engine","[""engine""]","audios/train\2931.wav"
"217977.wav","/m/02mk9","[""/m/02mk9""]","engine","[""engine""]","audios/train\217977.wav"
"217978.wav","/m/02mk9","[""/m/02mk9""]","engine","[""engine""]","audios/train\217978.wav"
"2939.wav","/m/02mk9","[""/m/02mk9""]","engine","[""engine""]","audios/train\2939.wav"
"217981.wav","/m/02mk9","[""/m/02mk9"", ""/m/0k4j"", ""/m/012f08"", ""/m/07yv9""]","engine","[""Car"", ""engine"", ""Motor_vehicle_(road)"", ""Vehicle""]","audios/train\217981.wav"
"205694.wav","/m/02mk9","[""/m/02mk9""]","engine","[""engine""]","audios/train\205694.wav"
"58245.wav","/m/02mk9","[""/m/01bjv"", ""/m/02mk9"", ""/m/012f08"", ""/m/07yv9""]","engine","[""engine"", ""Vehicle"", ""Bus"", ""Motor_vehicle_(road)""]","audios/train\58245.wav"
"103301.wav","/m/02mk9","[""/m/02mk9""]","engine","[""engine""]","audios/train\103301.wav"
"385929.wav","/m/02mk9","[""/m/02mk9"", ""/m/07yv9""]","engine","[""engine"", ""Vehicle""]","audios/train\385929.wav"
"385930.wav","/m/02mk9","[""/m/02mk9"", ""/m/07yv9""]","engine","[""engine"", ""Vehicle""]","audios/train\385930.wav"
"385931.wav","/m/02mk9","[""/m/02mk9"", ""/m/07yv9""]","engine","[""engine"", ""Vehicle""]","audios/train\385931.wav"
"385932.wav","/m/02mk9","[""/m/02mk9"", ""/m/07yv9""]","engine","[""engine"", ""Vehicle""]","audios/train\385932.wav"
"158631.wav","/m/02mk9","[""/m/02mk9""]","engine","[""engine""]","audios/train\158631.wav"
"29609.wav","/m/02mk9","[""/m/01bjv"", ""/m/02mk9"", ""/m/012f08"", ""/m/07yv9""]","engine","[""engine"", ""Vehicle"", ""Bus"", ""Motor_vehicle_(road)""]","audios/train\29609.wav"
"107451.wav","/m/02mk9","[""/m/02mk9""]","engine","[""engine""]","audios/train\107451.wav"
"320474.wav","/m/02mk9","[""/m/02mk9""]","engine","[""engine""]","audios/train\320474.wav"
"66522.wav","/m/02mk9","[""/m/02mk9""]","engine","[""engine""]","audios/train\66522.wav"
"160737.wav","/m/02mk9","[""/m/02mk9""]","engine","[""engine""]","audios/train\160737.wav"
"72674.wav","/m/02mk9","[""/m/02mk9"", ""/t/dd00077""]","engine","[""engine"", ""Mechanisms""]","audios/train\72674.wav"
"70637.wav","/m/02mk9","[""/m/02mk9"", ""/t/dd00077""]","engine","[""engine"", ""Mechanisms""]","audios/train\70637.wav"
"349170.wav","/m/02mk9","[""/m/02mk9""]","engine","[""engine""]","audios/train\349170.wav"
"410616.wav","/m/02mk9","[""/m/02mk9"", ""/t/dd00077""]","engine","[""engine"", ""Mechanisms""]","audios/train\410616.wav"
"257021.wav","/m/02mk9","[""/m/02mk9"", ""/t/dd00077""]","engine","[""engine"", ""Mechanisms""]","audios/train\257021.wav"
"257024.wav","/m/02mk9","[""/m/02mk9""]","engine","[""engine""]","audios/train\257024.wav"
"257026.wav","/m/02mk9","[""/m/02mk9""]","engine","[""engine""]","audios/train\257026.wav"
"103429.wav","/m/02mk9","[""/m/04_sv"", ""/m/02mk9"", ""/m/012f08"", ""/m/07yv9""]","engine","[""Motorcycle"", ""Vehicle"", ""Motor_vehicle_(road)"", ""engine""]","audios/train\103429.wav"
"103431.wav","/m/02mk9","[""/m/04_sv"", ""/m/02mk9"", ""/m/012f08"", ""/m/07yv9""]","engine","[""Motorcycle"", ""Vehicle"", ""Motor_vehicle_(road)"", ""engine""]","audios/train\103431.wav"
"103432.wav","/m/02mk9","[""/m/04_sv"", ""/m/02mk9"", ""/m/012f08"", ""/m/07yv9""]","engine","[""Motorcycle"", ""Vehicle"", ""Motor_vehicle_(road)"", ""engine""]","audios/train\103432.wav"
"103434.wav","/m/02mk9","[""/m/02mk9""]","engine","[""engine""]","audios/train\103434.wav"
"384021.wav","/m/02mk9","[""/m/02x984l"", ""/m/02mk9"", ""/t/dd00077""]","engine","[""Mechanical_fan"", ""Mechanisms"", ""engine""]","audios/train\384021.wav"
"44066.wav","/m/02mk9","[""/m/02mk9""]","engine","[""engine""]","audios/train\44066.wav"
"52259.wav","/m/02mk9","[""/m/07swgks"", ""/m/02mk9"", ""/m/0838f""]","engine","[""Gurgling"", ""engine"", ""Water""]","audios/train\52259.wav"
"52260.wav","/m/02mk9","[""/m/02mk9""]","engine","[""engine""]","audios/train\52260.wav"
"265255.wav","/m/02mk9","[""/m/02mk9""]","engine","[""engine""]","audios/train\265255.wav"
"394287.wav","/m/02mk9","[""/m/02mk9"", ""/m/019jd"", ""/m/07yv9""]","engine","[""engine"", ""Vehicle"", ""Boat_and_Water_vehicle""]","audios/train\394287.wav"
"242738.wav","/m/02mk9","[""/m/02mk9"", ""/m/07r04"", ""/m/012f08"", ""/m/07yv9""]","engine","[""engine"", ""Motor_vehicle_(road)"", ""Vehicle"", ""Truck""]","audios/train\242738.wav"
"242739.wav","/m/02mk9","[""/m/02mk9"", ""/m/07r04"", ""/m/0k4j"", ""/m/012f08"", ""/m/07yv9""]","engine","[""Car"", ""Motor_vehicle_(road)"", ""engine"", ""Vehicle"", ""Truck""]","audios/train\242739.wav"
"242740.wav","/m/02mk9","[""/m/02mk9"", ""/m/07r04"", ""/m/0k4j"", ""/m/012f08"", ""/m/07yv9""]","engine","[""Car"", ""Motor_vehicle_(road)"", ""engine"", ""Vehicle"", ""Truck""]","audios/train\242740.wav"
"242741.wav","/m/02mk9","[""/m/02mk9"", ""/m/07r04"", ""/m/0k4j"", ""/m/012f08"", ""/m/07yv9""]","engine","[""Car"", ""Motor_vehicle_(road)"", ""engine"", ""Vehicle"", ""Truck""]","audios/train\242741.wav"
"44086.wav","/m/02mk9","[""/m/0ltv"", ""/t/dd00130"", ""/m/02mk9"", ""/m/0k4j"", ""/m/012f08"", ""/m/07yv9""]","engine","[""Engine_starting"", ""Car"", ""Motor_vehicle_(road)"", ""Race_car_and_auto_racing"", ""engine"", ""Vehicle""]","audios/train\44086.wav"
"46138.wav","/m/02mk9","[""/m/02mk9""]","engine","[""engine""]","audios/train\46138.wav"
"250942.wav","/m/02mk9","[""/m/02mk9"", ""/m/0k4j"", ""/m/012f08"", ""/m/07yv9""]","engine","[""Car"", ""engine"", ""Motor_vehicle_(road)"", ""Vehicle""]","audios/train\250942.wav"
"130117.wav","/m/02mk9","[""/m/02mk9""]","engine","[""engine""]","audios/train\130117.wav"
"119891.wav","/m/02mk9","[""/m/02mk9""]","engine","[""engine""]","audios/train\119891.wav"
"212068.wav","/m/02mk9","[""/m/02mk9""]","engine","[""engine""]","audios/train\212068.wav"
"371816.wav","/m/02mk9","[""/m/02mk9""]","engine","[""engine""]","audios/train\371816.wav"
"3185.wav","/m/02mk9","[""/m/02mk9""]","engine","[""engine""]","audios/train\3185.wav"
"384116.wav","/m/02mk9","[""/m/02mk9""]","engine","[""engine""]","audios/train\384116.wav"
"371829.wav","/m/02mk9","[""/m/02mk9""]","engine","[""engine""]","audios/train\371829.wav"
"384119.wav","/m/02mk9","[""/m/02mk9""]","engine","[""engine""]","audios/train\384119.wav"
"238712.wav","/m/02mk9","[""/m/02mk9""]","engine","[""engine""]","audios/train\238712.wav"
"384121.wav","/m/02mk9","[""/m/02mk9""]","engine","[""engine""]","audios/train\384121.wav"
"72828.wav","/m/02mk9","[""/m/02mk9""]","engine","[""engine""]","audios/train\72828.wav"
"54404.wav","/m/02mk9","[""/m/02mk9"", ""/m/07jdr"", ""/m/06d_3"", ""/m/07yv9""]","engine","[""engine"", ""Rail_transport"", ""Vehicle"", ""Train""]","audios/train\54404.wav"
"421001.wav","/m/02mk9","[""/m/02mk9""]","engine","[""engine""]","audios/train\421001.wav"
"212107.wav","/m/02mk9","[""/m/02mk9""]","engine","[""engine""]","audios/train\212107.wav"
"17560.wav","/m/02mk9","[""/m/02mk9""]","engine","[""engine""]","audios/train\17560.wav"
"19622.wav","/m/02mk9","[""/m/02mk9""]","engine","[""engine""]","audios/train\19622.wav"
"44199.wav","/m/02mk9","[""/m/02mk9""]","engine","[""engine""]","audios/train\44199.wav"
"169136.wav","/m/02mk9","[""/m/01b82r"", ""/m/02mk9"", ""/m/07k1x""]","engine","[""engine"", ""Sawing"", ""Tools""]","audios/train\169136.wav"
"169137.wav","/m/02mk9","[""/m/01b82r"", ""/m/02mk9"", ""/m/07k1x""]","engine","[""engine"", ""Sawing"", ""Tools""]","audios/train\169137.wav"
"44223.wav","/m/02mk9","[""/m/0ltv"", ""/m/07q2z82"", ""/m/02mk9"", ""/t/dd00077"", ""/m/0k4j"", ""/m/012f08"", ""/m/07yv9""]","engine","[""Car"", ""Mechanisms"", ""Accelerating_and_revving_and_vroom"", ""Motor_vehicle_(road)"", ""Race_car_and_auto_racing"", ""engine"", ""Vehicle""]","audios/train\44223.wav"
"183489.wav","/m/02mk9","[""/m/02mk9""]","engine","[""engine""]","audios/train\183489.wav"
"332997.wav","/m/02mk9","[""/m/02mk9""]","engine","[""engine""]","audios/train\332997.wav"
"87246.wav","/m/02mk9","[""/m/02mk9""]","engine","[""engine""]","audios/train\87246.wav"
"87247.wav","/m/02mk9","[""/m/02mk9""]","engine","[""engine""]","audios/train\87247.wav"
"87248.wav","/m/02mk9","[""/m/02mk9""]","engine","[""engine""]","audios/train\87248.wav"
"195791.wav","/m/02mk9","[""/m/02mk9""]","engine","[""engine""]","audios/train\195791.wav"
"87250.wav","/m/02mk9","[""/m/02mk9""]","engine","[""engine""]","audios/train\87250.wav"
"60640.wav","/m/02mk9","[""/m/02mk9"", ""/t/dd00077""]","engine","[""engine"", ""Mechanisms""]","audios/train\60640.wav"
"204001.wav","/m/02mk9","[""/m/02mk9""]","engine","[""engine""]","audios/train\204001.wav"
"56558.wav","/m/02mk9","[""/m/02mk9""]","engine","[""engine""]","audios/train\56558.wav"
"345337.wav","/m/02mk9","[""/m/02mk9""]","engine","[""engine""]","audios/train\345337.wav"
"259328.wav","/m/02mk9","[""/m/02mk9""]","engine","[""engine""]","audios/train\259328.wav"
"351505.wav","/m/02mk9","[""/m/02mk9""]","engine","[""engine""]","audios/train\351505.wav"
"132385.wav","/m/02mk9","[""/m/02mk9""]","engine","[""engine""]","audios/train\132385.wav"
"191173.wav","/m/02mk9","[""/m/02mk9""]","engine","[""engine""]","audios/train\191173.wav"
"425268.wav","/m/02mk9","[""/m/02mk9"", ""/m/0k5j"", ""/m/07yv9""]","engine","[""engine"", ""Vehicle"", ""Aircraft""]","audios/train\425268.wav"
"216373.wav","/m/02mk9","[""/m/02mk9""]","engine","[""engine""]","audios/train\216373.wav"
"191174.wav","/m/02mk9","[""/m/02mk9""]","engine","[""engine""]","audios/train\191174.wav"
"216375.wav","/m/02mk9","[""/m/02mk9""]","engine","[""engine""]","audios/train\216375.wav"
"54586.wav","/m/02mk9","[""/m/02mk9""]","engine","[""engine""]","audios/train\54586.wav"
"216378.wav","/m/02mk9","[""/m/02mk9""]","engine","[""engine""]","audios/train\216378.wav"
"97595.wav","/m/02mk9","[""/m/02mk9""]","engine","[""engine""]","audios/train\97595.wav"
"181565.wav","/m/02mk9","[""/m/02mk9""]","engine","[""engine""]","audios/train\181565.wav"
"97596.wav","/m/02mk9","[""/m/02mk9""]","engine","[""engine""]","audios/train\97596.wav"
"216381.wav","/m/02mk9","[""/m/02mk9""]","engine","[""engine""]","audios/train\216381.wav"
"216382.wav","/m/02mk9","[""/m/02mk9""]","engine","[""engine""]","audios/train\216382.wav"
"181569.wav","/m/02mk9","[""/m/07rjzl8"", ""/t/dd00130"", ""/m/02mk9"", ""/m/02dgv"", ""/t/dd00071""]","engine","[""Engine_starting"", ""Slam"", ""Domestic_sounds_and_home_sounds"", ""engine"", ""Door""]","audios/train\181569.wav"
"326986.wav","/m/02mk9","[""/m/02mk9"", ""/t/dd00077""]","engine","[""engine"", ""Mechanisms""]","audios/train\326986.wav"
"111948.wav","/m/02mk9","[""/m/02mk9"", ""/m/07yv9""]","engine","[""engine"", ""Vehicle""]","audios/train\111948.wav"
"111949.wav","/m/02mk9","[""/m/02mk9"", ""/m/07yv9""]","engine","[""engine"", ""Vehicle""]","audios/train\111949.wav"
"128334.wav","/m/02mk9","[""/m/04_sv"", ""/m/02mk9"", ""/m/012f08"", ""/m/07yv9""]","engine","[""Motorcycle"", ""Vehicle"", ""Motor_vehicle_(road)"", ""engine""]","audios/train\128334.wav"
"161103.wav","/m/02mk9","[""/m/02mk9""]","engine","[""engine""]","audios/train\161103.wav"
"28014.wav","/m/02mk9","[""/m/02mk9""]","engine","[""engine""]","audios/train\28014.wav"
"56688.wav","/m/02mk9","[""/m/02mk9""]","engine","[""engine""]","audios/train\56688.wav"
"431478.wav","/m/07pb8fc","[""/m/07pb8fc"", ""/t/dd00130"", ""/m/02mk9""]","engine","[""engine"", ""Engine_starting""]","audios/train\431478.wav"
"56703.wav","/m/02mk9","[""/m/02mk9""]","engine","[""engine""]","audios/train\56703.wav"
"56704.wav","/m/02mk9","[""/m/02mk9""]","engine","[""engine""]","audios/train\56704.wav"
"56706.wav","/m/02mk9","[""/m/02mk9""]","engine","[""engine""]","audios/train\56706.wav"
"56707.wav","/m/02mk9","[""/m/02mk9""]","engine","[""engine""]","audios/train\56707.wav"
"56708.wav","/m/02mk9","[""/m/02mk9""]","engine","[""engine""]","audios/train\56708.wav"
"56709.wav","/m/02mk9","[""/m/02mk9""]","engine","[""engine""]","audios/train\56709.wav"
"56710.wav","/m/02mk9","[""/m/02mk9""]","engine","[""engine""]","audios/train\56710.wav"
"339335.wav","/m/02mk9","[""/m/02mk9""]","engine","[""engine""]","audios/train\339335.wav"
"327048.wav","/m/02mk9","[""/m/02mk9"", ""/m/01d380"", ""/m/0_ksk"", ""/m/07k1x""]","engine","[""engine"", ""drilling"", ""Power_tool"", ""Tools""]","audios/train\327048.wav"
"185744.wav","/m/02mk9","[""/m/02mk9"", ""/m/0k4j"", ""/m/012f08"", ""/m/07yv9""]","engine","[""Car"", ""engine"", ""Motor_vehicle_(road)"", ""Vehicle""]","audios/train\185744.wav"
"189877.wav","/m/02mk9","[""/m/02mk9""]","engine","[""engine""]","audios/train\189877.wav"
"58808.wav","/m/02mk9","[""/m/02mk9""]","engine","[""engine""]","audios/train\58808.wav"
"13764.wav","/m/02mk9","[""/m/02mk9"", ""/t/dd00077""]","engine","[""engine"", ""Mechanisms""]","audios/train\13764.wav"
"345557.wav","/m/02mk9","[""/m/02mk9"", ""/m/0k4j"", ""/m/012f08"", ""/m/07yv9""]","engine","[""Car"", ""engine"", ""Motor_vehicle_(road)"", ""Vehicle""]","audios/train\345557.wav"
"345559.wav","/m/02mk9","[""/m/02mk9"", ""/m/0k4j"", ""/m/07yv9"", ""/m/012f08""]","engine","[""Car"", ""engine"", ""Motor_vehicle_(road)"", ""Vehicle""]","audios/train\345559.wav"
"148957.wav","/m/02mk9","[""/m/02mk9"", ""/t/dd00077""]","engine","[""engine"", ""Mechanisms""]","audios/train\148957.wav"
"378338.wav","/m/02mk9","[""/m/04_sv"", ""/m/02mk9"", ""/m/012f08"", ""/m/07yv9""]","engine","[""Motorcycle"", ""Vehicle"", ""Motor_vehicle_(road)"", ""engine""]","audios/train\378338.wav"
"378339.wav","/m/02mk9","[""/m/04_sv"", ""/m/02mk9"", ""/m/012f08"", ""/m/07yv9""]","engine","[""Motorcycle"", ""Vehicle"", ""Motor_vehicle_(road)"", ""engine""]","audios/train\378339.wav"
"378341.wav","/m/02mk9","[""/m/04_sv"", ""/m/02mk9"", ""/m/012f08"", ""/m/07yv9""]","engine","[""Motorcycle"", ""Vehicle"", ""Motor_vehicle_(road)"", ""engine""]","audios/train\378341.wav"
"378342.wav","/m/02mk9","[""/m/02mk9""]","engine","[""engine""]","audios/train\378342.wav"
"232935.wav","/m/02mk9","[""/m/02mk9""]","engine","[""engine""]","audios/train\232935.wav"
"378347.wav","/m/02mk9","[""/m/04_sv"", ""/m/02mk9"", ""/m/012f08"", ""/m/07yv9""]","engine","[""Motorcycle"", ""Vehicle"", ""Motor_vehicle_(road)"", ""engine""]","audios/train\378347.wav"
"378349.wav","/m/02mk9","[""/m/02mk9""]","engine","[""engine""]","audios/train\378349.wav"
"17911.wav","/m/02mk9","[""/m/02mk9""]","engine","[""engine""]","audios/train\17911.wav"
"433662.wav","/m/02mk9","[""/m/02mk9"", ""/t/dd00077""]","engine","[""engine"", ""Mechanisms""]","audios/train\433662.wav"
"433666.wav","/m/02mk9","[""/m/02mk9""]","engine","[""engine""]","audios/train\433666.wav"
"257541.wav","/m/02mk9","[""/m/02mk9""]","engine","[""engine""]","audios/train\257541.wav"
"257542.wav","/m/02mk9","[""/m/02mk9""]","engine","[""engine""]","audios/train\257542.wav"
"370189.wav","/m/02mk9","[""/m/02mk9"", ""/t/dd00077""]","engine","[""engine"", ""Mechanisms""]","audios/train\370189.wav"
"423448.wav","/m/02mk9","[""/m/02mk9"", ""/t/dd00077""]","engine","[""engine"", ""Mechanisms""]","audios/train\423448.wav"
"106013.wav","/m/02mk9","[""/t/dd00130"", ""/m/02mk9""]","engine","[""engine"", ""Engine_starting""]","audios/train\106013.wav"
"351775.wav","/m/02mk9","[""/m/01b82r"", ""/m/02mk9"", ""/m/07k1x""]","engine","[""engine"", ""Sawing"", ""Tools""]","audios/train\351775.wav"
"425525.wav","/m/02mk9","[""/t/dd00134"", ""/m/02mk9"", ""/m/07r04"", ""/m/012f08"", ""/m/07yv9"", ""/m/0k4j""]","engine","[""Car"", ""Car_passing_by"", ""Motor_vehicle_(road)"", ""engine"", ""Vehicle"", ""Truck""]","audios/train\425525.wav"
"425526.wav","/m/02mk9","[""/t/dd00134"", ""/m/02mk9"", ""/m/07r04"", ""/m/012f08"", ""/m/07yv9"", ""/m/0k4j""]","engine","[""Car"", ""Car_passing_by"", ""Motor_vehicle_(road)"", ""engine"", ""Vehicle"", ""Truck""]","audios/train\425526.wav"
"48695.wav","/m/02mk9","[""/m/02mk9""]","engine","[""engine""]","audios/train\48695.wav"
"48696.wav","/m/02mk9","[""/m/02mk9""]","engine","[""engine""]","audios/train\48696.wav"
"48702.wav","/m/02mk9","[""/m/02mk9""]","engine","[""engine""]","audios/train\48702.wav"
"177738.wav","/m/02mk9","[""/m/02mk9""]","engine","[""engine""]","audios/train\177738.wav"
"46668.wav","/m/02mk9","[""/m/02mk9"", ""/m/01d380"", ""/m/0_ksk"", ""/m/07k1x""]","engine","[""engine"", ""drilling"", ""Power_tool"", ""Tools""]","audios/train\46668.wav"
"89680.wav","/m/02mk9","[""/m/04_sv"", ""/m/02mk9"", ""/m/012f08"", ""/m/07yv9""]","engine","[""Motorcycle"", ""Vehicle"", ""Motor_vehicle_(road)"", ""engine""]","audios/train\89680.wav"
"368209.wav","/m/02mk9","[""/m/04_sv"", ""/m/02mk9"", ""/m/012f08"", ""/m/07yv9""]","engine","[""Motorcycle"", ""Vehicle"", ""Motor_vehicle_(road)"", ""engine""]","audios/train\368209.wav"
"368210.wav","/m/02mk9","[""/m/04_sv"", ""/m/02mk9"", ""/m/012f08"", ""/m/07yv9""]","engine","[""Motorcycle"", ""Vehicle"", ""Motor_vehicle_(road)"", ""engine""]","audios/train\368210.wav"
"368212.wav","/m/02mk9","[""/m/04_sv"", ""/m/02mk9"", ""/m/012f08"", ""/m/07yv9""]","engine","[""Motorcycle"", ""Vehicle"", ""Motor_vehicle_(road)"", ""engine""]","audios/train\368212.wav"
"368213.wav","/m/02mk9","[""/m/04_sv"", ""/m/02mk9"", ""/m/012f08"", ""/m/07yv9""]","engine","[""Motorcycle"", ""Vehicle"", ""Motor_vehicle_(road)"", ""engine""]","audios/train\368213.wav"
"368214.wav","/m/02mk9","[""/m/04_sv"", ""/m/02mk9"", ""/m/012f08"", ""/m/07yv9""]","engine","[""Motorcycle"", ""Vehicle"", ""Motor_vehicle_(road)"", ""engine""]","audios/train\368214.wav"
"368215.wav","/m/02mk9","[""/m/04_sv"", ""/m/02mk9"", ""/m/012f08"", ""/m/07yv9""]","engine","[""Motorcycle"", ""Vehicle"", ""Motor_vehicle_(road)"", ""engine""]","audios/train\368215.wav"
"222804.wav","/m/02mk9","[""/m/02mk9""]","engine","[""engine""]","audios/train\222804.wav"
"222805.wav","/m/02mk9","[""/m/02mk9""]","engine","[""engine""]","audios/train\222805.wav"
"222807.wav","/m/02mk9","[""/t/dd00130"", ""/m/02mk9""]","engine","[""engine"", ""Engine_starting""]","audios/train\222807.wav"
"222808.wav","/m/02mk9","[""/t/dd00130"", ""/m/02mk9""]","engine","[""engine"", ""Engine_starting""]","audios/train\222808.wav"
"251485.wav","/m/02mk9","[""/m/02mk9"", ""/t/dd00077""]","engine","[""engine"", ""Mechanisms""]","audios/train\251485.wav"
"128614.wav","/m/02mk9","[""/m/02mk9"", ""/m/0k5j"", ""/m/07yv9""]","engine","[""engine"", ""Vehicle"", ""Aircraft""]","audios/train\128614.wav"
"114283.wav","/m/02mk9","[""/m/02mk9""]","engine","[""engine""]","audios/train\114283.wav"
"114284.wav","/m/02mk9","[""/m/02mk9""]","engine","[""engine""]","audios/train\114284.wav"
"114285.wav","/m/02mk9","[""/m/02mk9""]","engine","[""engine""]","audios/train\114285.wav"
"114286.wav","/m/02mk9","[""/m/02mk9""]","engine","[""engine""]","audios/train\114286.wav"
"200303.wav","/m/02mk9","[""/m/02mk9""]","engine","[""engine""]","audios/train\200303.wav"
"114287.wav","/m/02mk9","[""/m/02mk9""]","engine","[""engine""]","audios/train\114287.wav"
"237170.wav","/m/02mk9","[""/m/02mk9""]","engine","[""engine""]","audios/train\237170.wav"
"425588.wav","/m/02mk9","[""/t/dd00130"", ""/m/01b82r"", ""/m/02mk9"", ""/m/07k1x""]","engine","[""engine"", ""Engine_starting"", ""Sawing"", ""Tools""]","audios/train\425588.wav"
"366201.wav","/m/02mk9","[""/m/02mk9""]","engine","[""engine""]","audios/train\366201.wav"
"431739.wav","/m/02mk9","[""/m/01b82r"", ""/m/02mk9"", ""/m/07k1x""]","engine","[""engine"", ""Sawing"", ""Tools""]","audios/train\431739.wav"
"431740.wav","/m/02mk9","[""/m/01b82r"", ""/m/02mk9"", ""/m/07k1x""]","engine","[""engine"", ""Sawing"", ""Tools""]","audios/train\431740.wav"
"431742.wav","/m/02mk9","[""/m/01b82r"", ""/m/02mk9"", ""/m/07k1x""]","engine","[""engine"", ""Sawing"", ""Tools""]","audios/train\431742.wav"
"362120.wav","/m/02mk9","[""/m/02mk9"", ""/m/07r04"", ""/m/012f08"", ""/m/07yv9""]","engine","[""engine"", ""Motor_vehicle_(road)"", ""Vehicle"", ""Truck""]","audios/train\362120.wav"
"343688.wav","/m/02mk9","[""/m/02mk9""]","engine","[""engine""]","audios/train\343688.wav"
"245392.wav","/m/02mk9","[""/m/02mk9""]","engine","[""engine""]","audios/train\245392.wav"
"157335.wav","/m/02mk9","[""/m/02mk9""]","engine","[""engine""]","audios/train\157335.wav"
"237212.wav","/m/02mk9","[""/m/07rjzl8"", ""/m/02mk9"", ""/m/02dgv"", ""/t/dd00071""]","engine","[""Slam"", ""Domestic_sounds_and_home_sounds"", ""Door"", ""engine""]","audios/train\237212.wav"
"16031.wav","/m/02mk9","[""/m/02mk9""]","engine","[""engine""]","audios/train\16031.wav"
"245413.wav","/m/02mk9","[""/m/02mk9""]","engine","[""engine""]","audios/train\245413.wav"
"394932.wav","/m/02mk9","[""/m/02mk9"", ""/m/019jd"", ""/m/07yv9""]","engine","[""engine"", ""Vehicle"", ""Boat_and_Water_vehicle""]","audios/train\394932.wav"
"124597.wav","/m/02mk9","[""/m/02mk9""]","engine","[""engine""]","audios/train\124597.wav"
"145084.wav","/m/02mk9","[""/m/02mk9""]","engine","[""engine""]","audios/train\145084.wav"
"145086.wav","/m/02mk9","[""/m/02mk9""]","engine","[""engine""]","audios/train\145086.wav"
"44735.wav","/m/02mk9","[""/m/02mk9""]","engine","[""engine""]","audios/train\44735.wav"
"267973.wav","/m/02mk9","[""/m/02mk9""]","engine","[""engine""]","audios/train\267973.wav"
"343765.wav","/m/02mk9","[""/m/02mk9""]","engine","[""engine""]","audios/train\343765.wav"
"261846.wav","/m/02mk9","[""/m/02mk9"", ""/m/019jd"", ""/m/07yv9""]","engine","[""engine"", ""Vehicle"", ""Boat_and_Water_vehicle""]","audios/train\261846.wav"
"55025.wav","/m/02mk9","[""/m/02mk9"", ""/m/019jd"", ""/m/07yv9""]","engine","[""engine"", ""Vehicle"", ""Boat_and_Water_vehicle""]","audios/train\55025.wav"
"155396.wav","/m/02mk9","[""/m/02mk9""]","engine","[""engine""]","audios/train\155396.wav"
"165640.wav","/m/02mk9","[""/m/02mk9"", ""/m/07k1x""]","engine","[""engine"", ""Tools""]","audios/train\165640.wav"
"165641.wav","/m/02mk9","[""/m/02mk9"", ""/m/07k1x""]","engine","[""engine"", ""Tools""]","audios/train\165641.wav"
"55050.wav","/m/02mk9","[""/m/02mk9"", ""/m/019jd"", ""/m/07yv9""]","engine","[""engine"", ""Vehicle"", ""Boat_and_Water_vehicle""]","audios/train\55050.wav"
"165642.wav","/m/02mk9","[""/m/02mk9"", ""/m/07k1x""]","engine","[""engine"", ""Tools""]","audios/train\165642.wav"
"165644.wav","/m/02mk9","[""/m/02mk9"", ""/m/07k1x""]","engine","[""engine"", ""Tools""]","audios/train\165644.wav"
"55053.wav","/m/02mk9","[""/m/02mk9"", ""/m/019jd"", ""/m/07yv9""]","engine","[""engine"", ""Vehicle"", ""Boat_and_Water_vehicle""]","audios/train\55053.wav"
"24332.wav","/m/02mk9","[""/m/04_sv"", ""/m/02mk9"", ""/m/012f08"", ""/m/07yv9""]","engine","[""Motorcycle"", ""Vehicle"", ""Motor_vehicle_(road)"", ""engine""]","audios/train\24332.wav"
"55055.wav","/m/02mk9","[""/m/02mk9""]","engine","[""engine""]","audios/train\55055.wav"
"165648.wav","/m/02mk9","[""/m/02mk9"", ""/m/07k1x""]","engine","[""engine"", ""Tools""]","audios/train\165648.wav"
"93965.wav","/m/02mk9","[""/m/02mk9""]","engine","[""engine""]","audios/train\93965.wav"
"14104.wav","/m/02mk9","[""/m/02mk9""]","engine","[""engine""]","audios/train\14104.wav"
"392987.wav","/m/02mk9","[""/m/02mk9""]","engine","[""engine""]","audios/train\392987.wav"
"388899.wav","/m/02mk9","[""/m/02mk9""]","engine","[""engine""]","audios/train\388899.wav"
"14117.wav","/m/02mk9","[""/m/02mk9""]","engine","[""engine""]","audios/train\14117.wav"
"14118.wav","/m/02mk9","[""/m/02mk9""]","engine","[""engine""]","audios/train\14118.wav"
"380716.wav","/m/02mk9","[""/m/02mk9"", ""/m/0k4j"", ""/m/012f08"", ""/m/07yv9""]","engine","[""Car"", ""engine"", ""Motor_vehicle_(road)"", ""Vehicle""]","audios/train\380716.wav"
"380717.wav","/m/02mk9","[""/m/02mk9""]","engine","[""engine""]","audios/train\380717.wav"
"386889.wav","/m/02mk9","[""/m/02mk9""]","engine","[""engine""]","audios/train\386889.wav"
"433998.wav","/m/02mk9","[""/m/02mk9""]","engine","[""engine""]","audios/train\433998.wav"
"91986.wav","/m/02mk9","[""/m/02mk9""]","engine","[""engine""]","audios/train\91986.wav"
"327513.wav","/m/02mk9","[""/m/02mk9""]","engine","[""engine""]","audios/train\327513.wav"
"61281.wav","/m/02mk9","[""/m/02mk9""]","engine","[""engine""]","audios/train\61281.wav"
"51051.wav","/m/02mk9","[""/m/02mk9"", ""/t/dd00077""]","engine","[""engine"", ""Mechanisms""]","audios/train\51051.wav"
"71531.wav","/m/02mk9","[""/m/02mk9""]","engine","[""engine""]","audios/train\71531.wav"
"71537.wav","/m/02mk9","[""/m/02mk9""]","engine","[""engine""]","audios/train\71537.wav"
"366456.wav","/m/02mk9","[""/m/02mk9""]","engine","[""engine""]","audios/train\366456.wav"
"413566.wav","/m/02mk9","[""/m/02mk9""]","engine","[""engine""]","audios/train\413566.wav"
"118659.wav","/m/02mk9","[""/m/02mk9""]","engine","[""engine""]","audios/train\118659.wav"
"380805.wav","/m/02mk9","[""/m/02mk9"", ""/m/0k4j"", ""/m/012f08"", ""/m/07yv9""]","engine","[""Car"", ""engine"", ""Motor_vehicle_(road)"", ""Vehicle""]","audios/train\380805.wav"
"425861.wav","/m/02mk9","[""/m/02mk9"", ""/m/0k4j"", ""/m/012f08"", ""/m/07yv9""]","engine","[""Car"", ""engine"", ""Motor_vehicle_(road)"", ""Vehicle""]","audios/train\425861.wav"
"345994.wav","/m/02mk9","[""/m/01b82r"", ""/m/02mk9"", ""/m/07k1x""]","engine","[""engine"", ""Sawing"", ""Tools""]","audios/train\345994.wav"
"180129.wav","/m/02mk9","[""/m/02mk9"", ""/m/01d380"", ""/m/0_ksk"", ""/m/07k1x""]","engine","[""engine"", ""drilling"", ""Power_tool"", ""Tools""]","audios/train\180129.wav"
"157610.wav","/m/02mk9","[""/m/02mk9""]","engine","[""engine""]","audios/train\157610.wav"
"157611.wav","/m/02mk9","[""/m/01b82r"", ""/m/02mk9"", ""/m/07k1x""]","engine","[""engine"", ""Sawing"", ""Tools""]","audios/train\157611.wav"
"133044.wav","/m/02mk9","[""/m/02mk9"", ""/t/dd00077""]","engine","[""engine"", ""Mechanisms""]","audios/train\133044.wav"
"133048.wav","/m/02mk9","[""/m/02mk9"", ""/t/dd00077""]","engine","[""engine"", ""Mechanisms""]","audios/train\133048.wav"
"51128.wav","/m/02mk9","[""/m/02mk9""]","engine","[""engine""]","audios/train\51128.wav"
"167874.wav","/m/02mk9","[""/m/02mk9"", ""/t/dd00071""]","engine","[""engine"", ""Domestic_sounds_and_home_sounds""]","audios/train\167874.wav"
"49095.wav","/m/02mk9","[""/m/02mk9""]","engine","[""engine""]","audios/train\49095.wav"
"118727.wav","/m/02mk9","[""/m/02mk9""]","engine","[""engine""]","audios/train\118727.wav"
"118728.wav","/m/02mk9","[""/m/02mk9""]","engine","[""engine""]","audios/train\118728.wav"
"49098.wav","/m/02mk9","[""/m/02mk9""]","engine","[""engine""]","audios/train\49098.wav"
"49099.wav","/m/02mk9","[""/m/02mk9""]","engine","[""engine""]","audios/train\49099.wav"
"49100.wav","/m/02mk9","[""/m/02mk9""]","engine","[""engine""]","audios/train\49100.wav"
"55245.wav","/m/02mk9","[""/m/04_sv"", ""/m/02mk9"", ""/m/012f08"", ""/m/07yv9""]","engine","[""Motorcycle"", ""Vehicle"", ""Motor_vehicle_(road)"", ""engine""]","audios/train\55245.wav"
"118729.wav","/m/02mk9","[""/m/02mk9""]","engine","[""engine""]","audios/train\118729.wav"
"118744.wav","/m/02mk9","[""/m/02mk9""]","engine","[""engine""]","audios/train\118744.wav"
"382953.wav","/m/02mk9","[""/m/02mk9"", ""/m/01d380"", ""/t/dd00077"", ""/m/0_ksk"", ""/m/07k1x""]","engine","[""Mechanisms"", ""Power_tool"", ""engine"", ""Tools"", ""drilling""]","audios/train\382953.wav"
"403454.wav","/m/02mk9","[""/m/02mk9"", ""/m/0k4j"", ""/m/012f08"", ""/m/07yv9""]","engine","[""Car"", ""engine"", ""Motor_vehicle_(road)"", ""Vehicle""]","audios/train\403454.wav"
"432775.wav","/m/02mk9","[""/m/07p7b8y"", ""/m/07pqc89"", ""/m/02mk9"", ""/m/04k94"", ""/m/07prgkl""]","engine","[""Trickle_and_dribble"", ""Liquid"", ""Pour"", ""engine"", ""Fill_(with_liquid)""]","audios/train\432775.wav"
"200978.wav","/m/02mk9","[""/m/02mk9""]","engine","[""engine""]","audios/train\200978.wav"
"200979.wav","/m/02mk9","[""/m/02mk9""]","engine","[""engine""]","audios/train\200979.wav"
"420938.wav","/m/02mk9","[""/m/02mk9""]","engine","[""engine""]","audios/train\420938.wav"
"420940.wav","/m/02mk9","[""/m/02mk9""]","engine","[""engine""]","audios/train\420940.wav"
"347918.wav","/m/02mk9","[""/m/07qcpgn"", ""/m/07p7b8y"", ""/m/07pqc89"", ""/m/07pggtn"", ""/m/02mk9"", ""/m/04k94"", ""/m/07prgkl"", ""/m/020bb7"", ""/m/015p6"", ""/m/01280g"", ""/m/0jbk""]","engine","[""Wild_animals"", ""Bird"", ""Trickle_and_dribble"", ""Bird_vocalization_and_bird_call_and_bird_song"", ""Tap"", ""Liquid"", ""Pour"", ""Animal"", ""engine"", ""Fill_(with_liquid)"", ""Chirp_and_tweet""]","audios/train\347918.wav"
"336847.wav","/m/02mk9","[""/t/dd00134"", ""/m/02mk9"", ""/m/0k4j"", ""/m/012f08"", ""/m/07yv9""]","engine","[""Car"", ""Car_passing_by"", ""Motor_vehicle_(road)"", ""engine"", ""Vehicle""]","audios/train\336847.wav"
"425170.wav","/m/02mk9","[""/m/07pggtn"", ""/m/04_sv"", ""/m/02mk9"", ""/m/020bb7"", ""/m/015p6"", ""/m/01280g"", ""/m/0jbk"", ""/m/012f08"", ""/m/07yv9""]","engine","[""Wild_animals"", ""Vehicle"", ""Bird"", ""Motorcycle"", ""Bird_vocalization_and_bird_call_and_bird_song"", ""Motor_vehicle_(road)"", ""Animal"", ""engine"", ""Chirp_and_tweet""]","audios/train\425170.wav"
"316686.wav","/m/02mk9","[""/m/07p7b8y"", ""/m/07pqc89"", ""/m/02mk9"", ""/m/04k94"", ""/m/07prgkl""]","engine","[""Trickle_and_dribble"", ""Liquid"", ""Pour"", ""engine"", ""Fill_(with_liquid)""]","audios/train\316686.wav"
"316687.wav","/m/02mk9","[""/m/07p7b8y"", ""/m/07pqc89"", ""/m/02mk9"", ""/m/04k94"", ""/m/07prgkl""]","engine","[""Trickle_and_dribble"", ""Liquid"", ""Pour"", ""engine"", ""Fill_(with_liquid)""]","audios/train\316687.wav"
"97159.wav","/m/02mk9","[""/t/dd00130"", ""/m/07q2z82"", ""/m/02mk9""]","engine","[""Accelerating_and_revving_and_vroom"", ""Engine_starting"", ""engine""]","audios/train\97159.wav"
"215992.wav","/m/02mk9","[""/m/02mk9""]","engine","[""engine""]","audios/train\215992.wav"
"164309.wav","/m/02mk9","[""/m/02x984l"", ""/m/02mk9"", ""/t/dd00077""]","engine","[""Mechanical_fan"", ""Mechanisms"", ""engine""]","audios/train\164309.wav"
"434344.wav","/m/02mk9","[""/m/07pjwq1"", ""/m/02mk9"", ""/m/03vt0"", ""/m/01280g"", ""/m/0jbk""]","engine","[""Wild_animals"", ""Insect"", ""Buzz"", ""engine"", ""Animal""]","audios/train\434344.wav"
"402752.wav","/m/07pb8fc","[""/m/07pb8fc"", ""/m/01b82r"", ""/m/07q2z82"", ""/m/02mk9"", ""/m/07k1x""]","engine","[""engine"", ""Accelerating_and_revving_and_vroom"", ""Sawing"", ""Tools""]","audios/train\402752.wav"
"161399.wav","/m/07pb8fc","[""/m/07pb8fc"", ""/m/02mk9""]","engine","[""engine""]","audios/train\161399.wav"
"51839.wav","/m/02mk9","[""/m/02mk9""]","engine","[""engine""]","audios/train\51839.wav"
"326049.wav","/m/02mk9","[""/m/02mk9""]","engine","[""engine""]","audios/train\326049.wav"
"83675.wav","/m/02mk9","[""/t/dd00134"", ""/m/0btp2"", ""/m/02mk9"", ""/m/0k4j"", ""/m/012f08"", ""/m/07yv9""]","engine","[""Car"", ""Car_passing_by"", ""traffic_noise"", ""Motor_vehicle_(road)"", ""engine"", ""Vehicle""]","audios/train\83675.wav"
"350674.wav","/m/02mk9","[""/t/dd00134"", ""/m/0ltv"", ""/m/02mk9"", ""/m/0k4j"", ""/m/012f08"", ""/m/07yv9""]","engine","[""Car"", ""Car_passing_by"", ""Motor_vehicle_(road)"", ""Race_car_and_auto_racing"", ""engine"", ""Vehicle""]","audios/train\350674.wav"
"433860.wav","/m/02mk9","[""/m/02mk9""]","engine","[""engine""]","audios/train\433860.wav"
"22354.wav","/m/02mk9","[""/m/0btp2"", ""/m/02mk9"", ""/m/0k4j"", ""/m/0199g"", ""/m/012f08"", ""/m/07yv9""]","engine","[""Car"", ""Bicycle"", ""traffic_noise"", ""Motor_vehicle_(road)"", ""engine"", ""Vehicle""]","audios/train\22354.wav"
"241721.wav","/m/02mk9","[""/m/07pbtc8"", ""/t/dd00134"", ""/m/02mk9"", ""/m/0k4j"", ""/m/012f08"", ""/m/07yv9""]","engine","[""Walk_and_footsteps"", ""Car"", ""Car_passing_by"", ""Motor_vehicle_(road)"", ""engine"", ""Vehicle""]","audios/train\241721.wav"
"241724.wav","/m/02mk9","[""/t/dd00134"", ""/m/0btp2"", ""/m/02mk9"", ""/m/0k4j"", ""/m/012f08"", ""/m/07yv9""]","engine","[""Car"", ""Car_passing_by"", ""traffic_noise"", ""Motor_vehicle_(road)"", ""engine"", ""Vehicle""]","audios/train\241724.wav"
"164948.wav","/m/02mk9","[""/t/dd00134"", ""/m/0btp2"", ""/m/02mk9"", ""/m/0k4j"", ""/m/012f08"", ""/m/07yv9""]","engine","[""Car"", ""Car_passing_by"", ""traffic_noise"", ""Motor_vehicle_(road)"", ""engine"", ""Vehicle""]","audios/train\164948.wav"
"387991.wav","/m/02mk9","[""/m/07pggtn"", ""/t/dd00134"", ""/m/0btp2"", ""/m/02mk9"", ""/m/020bb7"", ""/m/015p6"", ""/m/01280g"", ""/m/0jbk"", ""/m/0k4j"", ""/m/012f08"", ""/m/07yv9""]","engine","[""Wild_animals"", ""Vehicle"", ""Bird"", ""Car"", ""Bird_vocalization_and_bird_call_and_bird_song"", ""Car_passing_by"", ""traffic_noise"", ""Motor_vehicle_(road)"", ""Animal"", ""engine"", ""Chirp_and_tweet""]","audios/train\387991.wav"
"280204.wav","/m/02mk9","[""/t/dd00134"", ""/m/0btp2"", ""/m/02mk9"", ""/m/0k4j"", ""/m/012f08"", ""/m/07yv9""]","engine","[""Car"", ""Car_passing_by"", ""traffic_noise"", ""Motor_vehicle_(road)"", ""engine"", ""Vehicle""]","audios/train\280204.wav"
"353178.wav","/m/02mk9","[""/m/0btp2"", ""/m/01bjv"", ""/m/02mk9"", ""/m/012f08"", ""/m/07yv9""]","engine","[""Bus"", ""traffic_noise"", ""Motor_vehicle_(road)"", ""engine"", ""Vehicle""]","audios/train\353178.wav"
"244807.wav","/m/02mk9","[""/m/0btp2"", ""/m/02mk9"", ""/m/012f08"", ""/m/07yv9""]","engine","[""engine"", ""traffic_noise"", ""Motor_vehicle_(road)"", ""Vehicle""]","audios/train\244807.wav"
"380029.wav","/m/02mk9","[""/t/dd00134"", ""/m/0btp2"", ""/m/02mk9"", ""/m/0k4j"", ""/m/012f08"", ""/m/07yv9""]","engine","[""Car"", ""Car_passing_by"", ""traffic_noise"", ""Motor_vehicle_(road)"", ""engine"", ""Vehicle""]","audios/train\380029.wav"
"29558.wav","/m/02mk9","[""/m/0btp2"", ""/m/02mk9"", ""/m/0k4j"", ""/m/012f08"", ""/m/07yv9""]","engine","[""Car"", ""traffic_noise"", ""Motor_vehicle_(road)"", ""engine"", ""Vehicle""]","audios/train\29558.wav"
"360843.wav","/m/02mk9","[""/m/07rkbfh"", ""/t/dd00134"", ""/m/0btp2"", ""/m/02mk9"", ""/t/dd00012"", ""/m/0k4j"", ""/m/012f08"", ""/m/07yv9""]","engine","[""Chatter"", ""Car"", ""Car_passing_by"", ""traffic_noise"", ""Motor_vehicle_(road)"", ""Human_group_actions"", ""engine"", ""Vehicle""]","audios/train\360843.wav"
"394913.wav","/m/02mk9","[""/m/07q8k13"", ""/m/07pggtn"", ""/m/0btp2"", ""/m/02mk9"", ""/m/020bb7"", ""/m/015p6"", ""/m/01280g"", ""/m/0jbk"", ""/m/012f08"", ""/m/07yv9""]","engine","[""Wild_animals"", ""Vehicle"", ""Bird"", ""Bird_vocalization_and_bird_call_and_bird_song"", ""traffic_noise"", ""Screech"", ""Motor_vehicle_(road)"", ""Animal"", ""engine"", ""Chirp_and_tweet""]","audios/train\394913.wav"
"160679.wav","/m/02mk9","[""/m/03l9g"", ""/m/02mk9"", ""/m/07k1x""]","engine","[""engine"", ""Hammer"", ""Tools""]","audios/train\160679.wav"
"160684.wav","/m/02mk9","[""/m/0btp2"", ""/m/02mk9"", ""/m/0k4j"", ""/m/012f08"", ""/m/07yv9""]","engine","[""Car"", ""traffic_noise"", ""Motor_vehicle_(road)"", ""engine"", ""Vehicle""]","audios/train\160684.wav"
"176215.wav","/m/02mk9","[""/t/dd00134"", ""/m/02mk9"", ""/m/0k4j"", ""/m/012f08"", ""/m/07yv9""]","engine","[""Car"", ""Car_passing_by"", ""Motor_vehicle_(road)"", ""engine"", ""Vehicle""]","audios/train\176215.wav"
"254788.wav","/m/02mk9","[""/t/dd00134"", ""/m/02mk9"", ""/m/0k4j"", ""/m/012f08"", ""/m/07yv9""]","engine","[""Car"", ""Car_passing_by"", ""Motor_vehicle_(road)"", ""engine"", ""Vehicle""]","audios/train\254788.wav"
"39120.wav","/m/02mk9","[""/t/dd00134"", ""/m/02mk9"", ""/m/0k4j"", ""/m/012f08"", ""/m/07yv9""]","engine","[""Car"", ""Car_passing_by"", ""Motor_vehicle_(road)"", ""engine"", ""Vehicle""]","audios/train\39120.wav"
"265992.wav","/m/02mk9","[""/t/dd00134"", ""/m/0ltv"", ""/m/02mk9"", ""/m/0k4j"", ""/m/012f08"", ""/m/07yv9""]","engine","[""Car"", ""Car_passing_by"", ""Motor_vehicle_(road)"", ""Race_car_and_auto_racing"", ""engine"", ""Vehicle""]","audios/train\265992.wav"
"342114.wav","/m/02mk9","[""/t/dd00134"", ""/m/02mk9"", ""/m/0k4j"", ""/m/012f08"", ""/m/07yv9""]","engine","[""Car"", ""Car_passing_by"", ""Motor_vehicle_(road)"", ""engine"", ""Vehicle""]","audios/train\342114.wav"
"275164.wav","/m/02mk9","[""/t/dd00134"", ""/m/02mk9"", ""/m/0k4j"", ""/m/012f08"", ""/m/07yv9""]","engine","[""Car"", ""Car_passing_by"", ""Motor_vehicle_(road)"", ""engine"", ""Vehicle""]","audios/train\275164.wav"
"223476.wav","/m/02mk9","[""/t/dd00134"", ""/m/02mk9"", ""/m/0k4j"", ""/m/012f08"", ""/m/07yv9""]","engine","[""Car"", ""Car_passing_by"", ""Motor_vehicle_(road)"", ""engine"", ""Vehicle""]","audios/train\223476.wav"
"13590.wav","/m/02mk9","[""/t/dd00134"", ""/m/02mk9"", ""/m/0k4j"", ""/m/012f08"", ""/m/07yv9""]","engine","[""Car"", ""Car_passing_by"", ""Motor_vehicle_(road)"", ""engine"", ""Vehicle""]","audios/train\13590.wav"
"53807.wav","/m/02mk9","[""/m/0ltv"", ""/m/02mk9"", ""/m/0k4j"", ""/m/012f08"", ""/m/07yv9""]","engine","[""Car"", ""Motor_vehicle_(road)"", ""Race_car_and_auto_racing"", ""engine"", ""Vehicle""]","audios/train\53807.wav"
"53810.wav","/m/02mk9","[""/t/dd00134"", ""/m/0ltv"", ""/m/02mk9"", ""/m/0k4j"", ""/m/012f08"", ""/m/07yv9""]","engine","[""Car"", ""Car_passing_by"", ""Motor_vehicle_(road)"", ""Race_car_and_auto_racing"", ""engine"", ""Vehicle""]","audios/train\53810.wav"
"167485.wav","/m/02mk9","[""/t/dd00134"", ""/m/02mk9"", ""/m/0k4j"", ""/m/012f08"", ""/m/07yv9""]","engine","[""Car"", ""Car_passing_by"", ""Motor_vehicle_(road)"", ""engine"", ""Vehicle""]","audios/train\167485.wav"
"253763.wav","/m/02mk9","[""/m/0ngt1"", ""/t/dd00134"", ""/m/02mk9"", ""/m/06mb1"", ""/m/0838f"", ""/m/0jb2l"", ""/m/0k4j"", ""/m/012f08"", ""/m/07yv9""]","engine","[""Vehicle"", ""Thunderstorm"", ""Car"", ""Rain"", ""Car_passing_by"", ""Thunder"", ""Motor_vehicle_(road)"", ""engine"", ""Water""]","audios/train\253763.wav"
"345761.wav","/m/02mk9","[""/m/07pggtn"", ""/t/dd00134"", ""/m/02mk9"", ""/m/020bb7"", ""/m/015p6"", ""/m/01280g"", ""/m/0jbk"", ""/m/0k4j"", ""/m/012f08"", ""/m/07yv9""]","engine","[""Wild_animals"", ""Vehicle"", ""Bird"", ""Car"", ""Bird_vocalization_and_bird_call_and_bird_song"", ""Car_passing_by"", ""Motor_vehicle_(road)"", ""Animal"", ""engine"", ""Chirp_and_tweet""]","audios/train\345761.wav"
"138247.wav","/m/02mk9","[""/m/01bjv"", ""/m/02mk9"", ""/m/012f08"", ""/m/07yv9""]","engine","[""engine"", ""Vehicle"", ""Bus"", ""Motor_vehicle_(road)""]","audios/train\138247.wav"
"2835.wav","/m/02mk9","[""/t/dd00134"", ""/m/02mk9"", ""/m/0k4j"", ""/m/012f08"", ""/m/07yv9""]","engine","[""Car"", ""Car_passing_by"", ""Motor_vehicle_(road)"", ""engine"", ""Vehicle""]","audios/train\2835.wav"
"331520.wav","/m/02mk9","[""/t/dd00134"", ""/m/0btp2"", ""/m/01bjv"", ""/m/02mk9"", ""/m/0k4j"", ""/m/012f08"", ""/m/07yv9""]","engine","[""Car"", ""Bus"", ""Car_passing_by"", ""traffic_noise"", ""Motor_vehicle_(road)"", ""engine"", ""Vehicle""]","audios/train\331520.wav"
"380801.wav","/m/02mk9","[""/t/dd00134"", ""/m/0btp2"", ""/m/02mk9"", ""/m/0k4j"", ""/m/012f08"", ""/m/07yv9""]","engine","[""Car"", ""Car_passing_by"", ""traffic_noise"", ""Motor_vehicle_(road)"", ""engine"", ""Vehicle""]","audios/train\380801.wav"
"322946.wav","/m/02mk9","[""/m/02mk9""]","engine","[""engine""]","audios/train\322946.wav"
"34856.wav","/m/02mk9","[""/m/07pjwq1"", ""/m/02mk9"", ""/t/dd00071"", ""/m/03vt0"", ""/m/01280g"", ""/m/0jbk""]","engine","[""Wild_animals"", ""Insect"", ""Domestic_sounds_and_home_sounds"", ""Buzz"", ""engine"", ""Animal""]","audios/train\34856.wav"
"215447.wav","/m/02mk9","[""/m/07rkbfh"", ""/m/02mk9"", ""/m/0k5j"", ""/t/dd00012"", ""/m/07yv9""]","engine","[""Chatter"", ""Aircraft"", ""Human_group_actions"", ""engine"", ""Vehicle""]","audios/train\215447.wav"
"203175.wav","/m/02mk9","[""/m/07rjwbb"", ""/m/02mk9"", ""/m/07jdr"", ""/m/06d_3"", ""/m/07yv9""]","engine","[""Train"", ""Hiss"", ""engine"", ""Rail_transport"", ""Vehicle""]","audios/train\203175.wav"
"263116.wav","/m/02mk9","[""/m/07rjwbb"", ""/m/01bjv"", ""/m/02mk9"", ""/m/012f08"", ""/m/07yv9""]","engine","[""Bus"", ""Hiss"", ""Motor_vehicle_(road)"", ""engine"", ""Vehicle""]","audios/train\263116.wav"
"327525.wav","/m/02mk9","[""/m/02mk9"", ""/t/dd00077""]","engine","[""engine"", ""Mechanisms""]","audios/train\327525.wav"
"327113.wav","/m/02mk9","[""/m/02x984l"", ""/m/02mk9"", ""/t/dd00077""]","engine","[""Mechanical_fan"", ""Mechanisms"", ""engine""]","audios/train\327113.wav"
"251008.wav","/m/02mk9","[""/m/04_sv"", ""/m/02mk9"", ""/m/012f08"", ""/m/07yv9""]","engine","[""Motorcycle"", ""Vehicle"", ""Motor_vehicle_(road)"", ""engine""]","audios/train\251008.wav"
"353769.wav","/m/02mk9","[""/m/0ytgt"", ""/m/01h8n0"", ""/m/01bjv"", ""/m/02mk9"", ""/m/09x0r"", ""/m/09l8g"", ""/m/012f08"", ""/m/07yv9""]","engine","[""Child_speech_and_kid_speaking"", ""Bus"", ""Motor_vehicle_(road)"", ""Speech"", ""Human_voice"", ""engine"", ""Conversation"", ""Vehicle""]","audios/train\353769.wav"
"353770.wav","/m/02mk9","[""/m/0ytgt"", ""/m/01h8n0"", ""/m/01bjv"", ""/m/02mk9"", ""/m/015lz1"", ""/m/09l8g"", ""/m/09x0r"", ""/m/012f08"", ""/m/07yv9""]","engine","[""Child_speech_and_kid_speaking"", ""Bus"", ""Singing"", ""Motor_vehicle_(road)"", ""Speech"", ""Human_voice"", ""engine"", ""Conversation"", ""Vehicle""]","audios/train\353770.wav"
"170992.wav","/m/02mk9","[""/m/0ltv"", ""/m/02mk9"", ""/m/0k4j"", ""/m/012f08"", ""/m/07yv9""]","engine","[""Car"", ""Motor_vehicle_(road)"", ""Race_car_and_auto_racing"", ""engine"", ""Vehicle""]","audios/train\170992.wav"
"397317.wav","/m/07p6fty","[""/t/dd00012"", ""/m/07p6fty"", ""/m/09l8g""]","shout","[""Human_voice"", ""shout"", ""Human_group_actions""]","audios/train\397317.wav"
"341509.wav","/m/07p6fty","[""/t/dd00012"", ""/m/07p6fty"", ""/m/09l8g""]","shout","[""Human_voice"", ""shout"", ""Human_group_actions""]","audios/train\341509.wav"
"165898.wav","/m/07p6fty","[""/t/dd00012"", ""/m/07p6fty"", ""/m/09l8g""]","shout","[""Human_voice"", ""shout"", ""Human_group_actions""]","audios/train\165898.wav"
"41008.wav","/m/07p6fty","[""/t/dd00012"", ""/m/07p6fty"", ""/m/09l8g""]","shout","[""Human_voice"", ""shout"", ""Human_group_actions""]","audios/train\41008.wav"
"346814.wav","/m/07p6fty","[""/t/dd00012"", ""/m/07p6fty"", ""/m/09l8g""]","shout","[""Human_voice"", ""shout"", ""Human_group_actions""]","audios/train\346814.wav"
"17602.wav","/m/07p6fty","[""/t/dd00012"", ""/m/07p6fty"", ""/m/09l8g""]","shout","[""Human_voice"", ""shout"", ""Human_group_actions""]","audios/train\17602.wav"
"17603.wav","/m/07p6fty","[""/m/07sr1lc"", ""/t/dd00012"", ""/m/07p6fty"", ""/m/09l8g""]","shout","[""Human_voice"", ""Yell"", ""shout"", ""Human_group_actions""]","audios/train\17603.wav"
"68038.wav","/m/03qc9zr","[""/m/03qc9zr"", ""/m/0ytgt"", ""/t/dd00012"", ""/m/07p6fty"", ""/m/09l8g"", ""/m/09x0r""]","screaming","[""shout"", ""Child_speech_and_kid_speaking"", ""screaming"", ""Speech"", ""Human_group_actions"", ""Human_voice""]","audios/train\68038.wav"
"243406.wav","/m/07p6fty","[""/m/053hz1"", ""/t/dd00012"", ""/m/07p6fty"", ""/m/09l8g""]","shout","[""Human_voice"", ""shout"", ""Cheering"", ""Human_group_actions""]","audios/train\243406.wav"
"68058.wav","/m/03qc9zr","[""/m/03qc9zr"", ""/m/03qtwd"", ""/t/dd00012"", ""/m/07p6fty"", ""/m/09l8g""]","screaming","[""shout"", ""Crowd"", ""screaming"", ""Human_group_actions"", ""Human_voice""]","audios/train\68058.wav"
"350438.wav","/m/07p6fty","[""/t/dd00012"", ""/m/07p6fty"", ""/m/09l8g""]","shout","[""Human_voice"", ""shout"", ""Human_group_actions""]","audios/train\350438.wav"
"350439.wav","/m/07p6fty","[""/m/07sr1lc"", ""/t/dd00012"", ""/m/07p6fty"", ""/m/09l8g""]","shout","[""Human_voice"", ""Yell"", ""shout"", ""Human_group_actions""]","audios/train\350439.wav"
"350446.wav","/m/07p6fty","[""/m/07sr1lc"", ""/t/dd00012"", ""/m/07p6fty"", ""/m/09l8g""]","shout","[""Human_voice"", ""Yell"", ""shout"", ""Human_group_actions""]","audios/train\350446.wav"
"350451.wav","/m/07p6fty","[""/m/07sr1lc"", ""/t/dd00012"", ""/m/07p6fty"", ""/m/09l8g""]","shout","[""Human_voice"", ""Yell"", ""shout"", ""Human_group_actions""]","audios/train\350451.wav"
"350452.wav","/m/07p6fty","[""/m/07sr1lc"", ""/t/dd00012"", ""/m/07p6fty"", ""/m/09l8g""]","shout","[""Human_voice"", ""Yell"", ""shout"", ""Human_group_actions""]","audios/train\350452.wav"
"361400.wav","/m/07p6fty","[""/m/07sr1lc"", ""/m/0ytgt"", ""/t/dd00012"", ""/m/01j3sz"", ""/m/07p6fty"", ""/m/09l8g"", ""/m/09x0r""]","shout","[""shout"", ""Child_speech_and_kid_speaking"", ""Yell"", ""Laughter"", ""Speech"", ""Human_group_actions"", ""Human_voice""]","audios/train\361400.wav"
"390658.wav","/m/0463cq4","[""/m/0463cq4"", ""/m/09l8g""]","crying_and_sobbing","[""Human_voice"", ""crying_and_sobbing""]","audios/train\390658.wav"
"254473.wav","/m/0463cq4","[""/m/0463cq4"", ""/m/09l8g""]","crying_and_sobbing","[""Human_voice"", ""crying_and_sobbing""]","audios/train\254473.wav"
"254474.wav","/m/0463cq4","[""/m/0463cq4"", ""/m/09l8g""]","crying_and_sobbing","[""Human_voice"", ""crying_and_sobbing""]","audios/train\254474.wav"
"254475.wav","/m/0463cq4","[""/m/0463cq4"", ""/m/09l8g""]","crying_and_sobbing","[""Human_voice"", ""crying_and_sobbing""]","audios/train\254475.wav"
"254476.wav","/m/0463cq4","[""/m/07q8k13"", ""/m/0463cq4"", ""/m/09l8g""]","crying_and_sobbing","[""Human_voice"", ""crying_and_sobbing"", ""Screech""]","audios/train\254476.wav"
"391181.wav","/m/0463cq4","[""/m/0463cq4"", ""/m/09l8g""]","crying_and_sobbing","[""Human_voice"", ""crying_and_sobbing""]","audios/train\391181.wav"
"254477.wav","/m/0463cq4","[""/m/03qc9zr"", ""/m/0463cq4"", ""/m/09l8g""]","crying_and_sobbing","[""Human_voice"", ""crying_and_sobbing"", ""screaming""]","audios/train\254477.wav"
"254478.wav","/m/0463cq4","[""/m/07q8k13"", ""/m/0463cq4"", ""/m/09l8g""]","crying_and_sobbing","[""Human_voice"", ""crying_and_sobbing"", ""Screech""]","audios/train\254478.wav"
"390156.wav","/m/0463cq4","[""/m/0463cq4"", ""/m/09l8g""]","crying_and_sobbing","[""Human_voice"", ""crying_and_sobbing""]","audios/train\390156.wav"
"259606.wav","/m/0463cq4","[""/m/0463cq4"", ""/m/09l8g""]","crying_and_sobbing","[""Human_voice"", ""crying_and_sobbing""]","audios/train\259606.wav"
"259608.wav","/m/0463cq4","[""/m/0463cq4"", ""/m/09l8g""]","crying_and_sobbing","[""Human_voice"", ""crying_and_sobbing""]","audios/train\259608.wav"
"71193.wav","/m/0463cq4","[""/m/0463cq4"", ""/m/09l8g""]","crying_and_sobbing","[""Human_voice"", ""crying_and_sobbing""]","audios/train\71193.wav"
"259610.wav","/m/0463cq4","[""/m/0463cq4"", ""/m/09l8g""]","crying_and_sobbing","[""Human_voice"", ""crying_and_sobbing""]","audios/train\259610.wav"
"102431.wav","/m/0463cq4","[""/m/0463cq4"", ""/m/09l8g""]","crying_and_sobbing","[""Human_voice"", ""crying_and_sobbing""]","audios/train\102431.wav"
"26147.wav","/m/0463cq4","[""/m/0463cq4"", ""/m/09l8g""]","crying_and_sobbing","[""Human_voice"", ""crying_and_sobbing""]","audios/train\26147.wav"
"246309.wav","/m/0463cq4","[""/m/0463cq4"", ""/m/09l8g""]","crying_and_sobbing","[""Human_voice"", ""crying_and_sobbing""]","audios/train\246309.wav"
"346663.wav","/m/0463cq4","[""/m/0463cq4"", ""/m/09l8g""]","crying_and_sobbing","[""Human_voice"", ""crying_and_sobbing""]","audios/train\346663.wav"
"151081.wav","/m/0463cq4","[""/m/0463cq4"", ""/m/09l8g""]","crying_and_sobbing","[""Human_voice"", ""crying_and_sobbing""]","audios/train\151081.wav"
"393769.wav","/m/0463cq4","[""/m/0463cq4"", ""/m/09l8g""]","crying_and_sobbing","[""Human_voice"", ""crying_and_sobbing""]","audios/train\393769.wav"
"319019.wav","/m/0463cq4","[""/m/0463cq4"", ""/m/09l8g""]","crying_and_sobbing","[""Human_voice"", ""crying_and_sobbing""]","audios/train\319019.wav"
"425002.wav","/m/0463cq4","[""/m/0463cq4"", ""/m/09l8g""]","crying_and_sobbing","[""Human_voice"", ""crying_and_sobbing""]","audios/train\425002.wav"
"151085.wav","/m/0463cq4","[""/m/0463cq4"", ""/m/09l8g""]","crying_and_sobbing","[""Human_voice"", ""crying_and_sobbing""]","audios/train\151085.wav"
"143919.wav","/m/0463cq4","[""/m/0463cq4"", ""/m/09l8g""]","crying_and_sobbing","[""Human_voice"", ""crying_and_sobbing""]","audios/train\143919.wav"
"319537.wav","/m/0463cq4","[""/m/0463cq4"", ""/m/09l8g""]","crying_and_sobbing","[""Human_voice"", ""crying_and_sobbing""]","audios/train\319537.wav"
"245300.wav","/m/0463cq4","[""/m/0463cq4"", ""/m/09l8g""]","crying_and_sobbing","[""Human_voice"", ""crying_and_sobbing""]","audios/train\245300.wav"
"34874.wav","/m/0463cq4","[""/m/0463cq4"", ""/m/09l8g""]","crying_and_sobbing","[""Human_voice"", ""crying_and_sobbing""]","audios/train\34874.wav"
"196156.wav","/m/0463cq4","[""/m/0463cq4"", ""/m/09l8g""]","crying_and_sobbing","[""Human_voice"", ""crying_and_sobbing""]","audios/train\196156.wav"
"179773.wav","/m/0463cq4","[""/m/0463cq4"", ""/m/09l8g""]","crying_and_sobbing","[""Human_voice"", ""crying_and_sobbing""]","audios/train\179773.wav"
"162880.wav","/m/0463cq4","[""/m/0463cq4"", ""/m/09l8g""]","crying_and_sobbing","[""Human_voice"", ""crying_and_sobbing""]","audios/train\162880.wav"
"197718.wav","/m/0463cq4","[""/m/0463cq4"", ""/m/09l8g""]","crying_and_sobbing","[""Human_voice"", ""crying_and_sobbing""]","audios/train\197718.wav"
"180314.wav","/m/0463cq4","[""/m/0463cq4"", ""/m/09l8g""]","crying_and_sobbing","[""Human_voice"", ""crying_and_sobbing""]","audios/train\180314.wav"
"180315.wav","/m/0463cq4","[""/m/03qc9zr"", ""/m/0463cq4"", ""/m/09l8g""]","crying_and_sobbing","[""Human_voice"", ""crying_and_sobbing"", ""screaming""]","audios/train\180315.wav"
"80477.wav","/m/0463cq4","[""/m/0463cq4"", ""/m/09l8g""]","crying_and_sobbing","[""Human_voice"", ""crying_and_sobbing""]","audios/train\80477.wav"
"80478.wav","/m/0463cq4","[""/m/0463cq4"", ""/m/09l8g""]","crying_and_sobbing","[""Human_voice"", ""crying_and_sobbing""]","audios/train\80478.wav"
"80479.wav","/m/0463cq4","[""/m/0463cq4"", ""/m/09l8g""]","crying_and_sobbing","[""Human_voice"", ""crying_and_sobbing""]","audios/train\80479.wav"
"80480.wav","/m/0463cq4","[""/m/0463cq4"", ""/m/09l8g""]","crying_and_sobbing","[""Human_voice"", ""crying_and_sobbing""]","audios/train\80480.wav"
"80481.wav","/m/0463cq4","[""/m/0463cq4"", ""/m/09l8g""]","crying_and_sobbing","[""Human_voice"", ""crying_and_sobbing""]","audios/train\80481.wav"
"80482.wav","/m/0463cq4","[""/m/0463cq4"", ""/m/09l8g""]","crying_and_sobbing","[""Human_voice"", ""crying_and_sobbing""]","audios/train\80482.wav"
"371303.wav","/m/0463cq4","[""/m/0463cq4"", ""/m/09l8g""]","crying_and_sobbing","[""Human_voice"", ""crying_and_sobbing""]","audios/train\371303.wav"
"390256.wav","/m/0463cq4","[""/m/0463cq4"", ""/m/09l8g""]","crying_and_sobbing","[""Human_voice"", ""crying_and_sobbing""]","audios/train\390256.wav"
"389774.wav","/m/0463cq4","[""/m/0463cq4"", ""/m/09l8g""]","crying_and_sobbing","[""Human_voice"", ""crying_and_sobbing""]","audios/train\389774.wav"
"336538.wav","/m/0463cq4","[""/m/0463cq4"", ""/m/09l8g""]","crying_and_sobbing","[""Human_voice"", ""crying_and_sobbing""]","audios/train\336538.wav"
"238250.wav","/m/0463cq4","[""/m/0463cq4"", ""/m/09l8g""]","crying_and_sobbing","[""Human_voice"", ""crying_and_sobbing""]","audios/train\238250.wav"
"99499.wav","/m/0463cq4","[""/m/0463cq4"", ""/m/09l8g""]","crying_and_sobbing","[""Human_voice"", ""crying_and_sobbing""]","audios/train\99499.wav"
"179392.wav","/m/0463cq4","[""/m/0463cq4"", ""/m/09l8g""]","crying_and_sobbing","[""Human_voice"", ""crying_and_sobbing""]","audios/train\179392.wav"
"179393.wav","/m/0463cq4","[""/m/0463cq4"", ""/m/09l8g""]","crying_and_sobbing","[""Human_voice"", ""crying_and_sobbing""]","audios/train\179393.wav"
"179403.wav","/m/0463cq4","[""/m/0463cq4"", ""/m/09l8g""]","crying_and_sobbing","[""Human_voice"", ""crying_and_sobbing""]","audios/train\179403.wav"
"179411.wav","/m/0463cq4","[""/m/0463cq4"", ""/m/09l8g""]","crying_and_sobbing","[""Human_voice"", ""crying_and_sobbing""]","audios/train\179411.wav"
"9428.wav","/m/0463cq4","[""/m/0463cq4"", ""/m/09l8g""]","crying_and_sobbing","[""Human_voice"", ""crying_and_sobbing""]","audios/train\9428.wav"
"9429.wav","/m/0463cq4","[""/m/03qc9zr"", ""/m/0463cq4"", ""/m/09l8g""]","crying_and_sobbing","[""Human_voice"", ""crying_and_sobbing"", ""screaming""]","audios/train\9429.wav"
"113364.wav","/m/0463cq4","[""/m/0463cq4"", ""/m/09l8g""]","crying_and_sobbing","[""Human_voice"", ""crying_and_sobbing""]","audios/train\113364.wav"
"398548.wav","/m/0463cq4","[""/m/0463cq4"", ""/m/09l8g""]","crying_and_sobbing","[""Human_voice"", ""crying_and_sobbing""]","audios/train\398548.wav"
"242911.wav","/m/0463cq4","[""/m/0463cq4"", ""/m/09l8g""]","crying_and_sobbing","[""Human_voice"", ""crying_and_sobbing""]","audios/train\242911.wav"
"86240.wav","/m/0463cq4","[""/m/0463cq4"", ""/m/09l8g""]","crying_and_sobbing","[""Human_voice"", ""crying_and_sobbing""]","audios/train\86240.wav"
"326882.wav","/m/0463cq4","[""/m/0463cq4"", ""/m/09l8g""]","crying_and_sobbing","[""Human_voice"", ""crying_and_sobbing""]","audios/train\326882.wav"
"326883.wav","/m/0463cq4","[""/m/07sr1lc"", ""/m/0463cq4"", ""/m/09l8g"", ""/m/07p6fty""]","crying_and_sobbing","[""crying_and_sobbing"", ""Yell"", ""shout"", ""Human_voice""]","audios/train\326883.wav"
"240372.wav","/m/0463cq4","[""/m/0463cq4"", ""/m/09l8g""]","crying_and_sobbing","[""Human_voice"", ""crying_and_sobbing""]","audios/train\240372.wav"
"368388.wav","/m/0463cq4","[""/m/0463cq4"", ""/m/09l8g""]","crying_and_sobbing","[""Human_voice"", ""crying_and_sobbing""]","audios/train\368388.wav"
"263.wav","/m/0463cq4","[""/m/0463cq4"", ""/m/09l8g""]","crying_and_sobbing","[""Human_voice"", ""crying_and_sobbing""]","audios/train\263.wav"
"168723.wav","/m/0463cq4","[""/m/0463cq4"", ""/m/09l8g""]","crying_and_sobbing","[""Human_voice"", ""crying_and_sobbing""]","audios/train\168723.wav"
"168729.wav","/m/0463cq4","[""/m/0463cq4"", ""/m/09l8g""]","crying_and_sobbing","[""Human_voice"", ""crying_and_sobbing""]","audios/train\168729.wav"
"136480.wav","/m/0463cq4","[""/m/0463cq4"", ""/m/09l8g""]","crying_and_sobbing","[""Human_voice"", ""crying_and_sobbing""]","audios/train\136480.wav"
"393010.wav","/m/0463cq4","[""/m/0463cq4"", ""/m/01j3sz"", ""/m/09l8g""]","crying_and_sobbing","[""Human_voice"", ""crying_and_sobbing"", ""Laughter""]","audios/train\393010.wav"
"250679.wav","/m/0463cq4","[""/m/0463cq4"", ""/m/0lyf6"", ""/m/09l8g"", ""/m/09hlz4""]","crying_and_sobbing","[""Human_voice"", ""crying_and_sobbing"", ""Breathing"", ""Respiratory_sounds""]","audios/train\250679.wav"
"154427.wav","/m/0463cq4","[""/m/0463cq4"", ""/m/09l8g""]","crying_and_sobbing","[""Human_voice"", ""crying_and_sobbing""]","audios/train\154427.wav"
"154428.wav","/m/0463cq4","[""/m/0463cq4"", ""/m/09l8g""]","crying_and_sobbing","[""Human_voice"", ""crying_and_sobbing""]","audios/train\154428.wav"
"27451.wav","/m/0463cq4","[""/m/0463cq4"", ""/m/09l8g""]","crying_and_sobbing","[""Human_voice"", ""crying_and_sobbing""]","audios/train\27451.wav"
"58178.wav","/m/0463cq4","[""/m/0463cq4"", ""/m/09l8g""]","crying_and_sobbing","[""Human_voice"", ""crying_and_sobbing""]","audios/train\58178.wav"
"23880.wav","/m/0463cq4","[""/m/0463cq4"", ""/m/09l8g""]","crying_and_sobbing","[""Human_voice"", ""crying_and_sobbing""]","audios/train\23880.wav"
"387403.wav","/m/0463cq4","[""/m/0463cq4"", ""/m/09l8g""]","crying_and_sobbing","[""Human_voice"", ""crying_and_sobbing""]","audios/train\387403.wav"
"387405.wav","/m/0463cq4","[""/m/0463cq4"", ""/m/09l8g""]","crying_and_sobbing","[""Human_voice"", ""crying_and_sobbing""]","audios/train\387405.wav"
"107351.wav","/m/0463cq4","[""/m/0463cq4"", ""/m/09l8g""]","crying_and_sobbing","[""Human_voice"", ""crying_and_sobbing""]","audios/train\107351.wav"
"18276.wav","/m/0463cq4","[""/m/0463cq4"", ""/m/09l8g""]","crying_and_sobbing","[""Human_voice"", ""crying_and_sobbing""]","audios/train\18276.wav"
"386923.wav","/m/0463cq4","[""/m/0463cq4"", ""/m/09l8g""]","crying_and_sobbing","[""Human_voice"", ""crying_and_sobbing""]","audios/train\386923.wav"
"386924.wav","/m/0463cq4","[""/m/0463cq4"", ""/m/09l8g""]","crying_and_sobbing","[""Human_voice"", ""crying_and_sobbing""]","audios/train\386924.wav"
"237419.wav","/m/0463cq4","[""/m/0463cq4"", ""/m/09l8g""]","crying_and_sobbing","[""Human_voice"", ""crying_and_sobbing""]","audios/train\237419.wav"
"18284.wav","/m/0463cq4","[""/m/0463cq4"", ""/m/09l8g""]","crying_and_sobbing","[""Human_voice"", ""crying_and_sobbing""]","audios/train\18284.wav"
"343411.wav","/m/0463cq4","[""/m/0463cq4"", ""/m/09l8g""]","crying_and_sobbing","[""Human_voice"", ""crying_and_sobbing""]","audios/train\343411.wav"
"46963.wav","/m/0463cq4","[""/m/0463cq4"", ""/m/09l8g""]","crying_and_sobbing","[""Human_voice"", ""crying_and_sobbing""]","audios/train\46963.wav"
"18291.wav","/m/0463cq4","[""/m/0ytgt"", ""/m/0463cq4"", ""/m/09l8g"", ""/m/09x0r""]","crying_and_sobbing","[""Human_voice"", ""crying_and_sobbing"", ""Child_speech_and_kid_speaking"", ""Speech""]","audios/train\18291.wav"
"46964.wav","/m/0463cq4","[""/m/0463cq4"", ""/m/09l8g""]","crying_and_sobbing","[""Human_voice"", ""crying_and_sobbing""]","audios/train\46964.wav"
"402814.wav","/m/0463cq4","[""/m/0463cq4"", ""/m/09l8g""]","crying_and_sobbing","[""Human_voice"", ""crying_and_sobbing""]","audios/train\402814.wav"
"335233.wav","/m/0463cq4","[""/m/0195fx"", ""/m/0463cq4"", ""/m/09l8g"", ""/m/06d_3"", ""/m/07yv9""]","crying_and_sobbing","[""Subway_and_metro_and_underground"", ""Human_voice"", ""crying_and_sobbing"", ""Rail_transport"", ""Vehicle""]","audios/train\335233.wav"
"33670.wav","/m/0463cq4","[""/m/0463cq4"", ""/m/09l8g""]","crying_and_sobbing","[""Human_voice"", ""crying_and_sobbing""]","audios/train\33670.wav"
"33671.wav","/m/0463cq4","[""/m/0463cq4"", ""/m/09l8g""]","crying_and_sobbing","[""Human_voice"", ""crying_and_sobbing""]","audios/train\33671.wav"
"33672.wav","/m/0463cq4","[""/m/0463cq4"", ""/m/09l8g""]","crying_and_sobbing","[""Human_voice"", ""crying_and_sobbing""]","audios/train\33672.wav"
"33673.wav","/m/0463cq4","[""/m/0463cq4"", ""/m/09l8g""]","crying_and_sobbing","[""Human_voice"", ""crying_and_sobbing""]","audios/train\33673.wav"
"351629.wav","/m/0463cq4","[""/m/03qc9zr"", ""/m/0463cq4"", ""/m/09l8g""]","crying_and_sobbing","[""Human_voice"", ""crying_and_sobbing"", ""screaming""]","audios/train\351629.wav"
"351631.wav","/m/0463cq4","[""/m/03qc9zr"", ""/m/0463cq4"", ""/m/09l8g""]","crying_and_sobbing","[""Human_voice"", ""crying_and_sobbing"", ""screaming""]","audios/train\351631.wav"
"351634.wav","/m/0463cq4","[""/m/03qc9zr"", ""/m/0463cq4"", ""/m/09l8g""]","crying_and_sobbing","[""Human_voice"", ""crying_and_sobbing"", ""screaming""]","audios/train\351634.wav"
"402835.wav","/m/0463cq4","[""/m/0463cq4"", ""/m/09l8g""]","crying_and_sobbing","[""Human_voice"", ""crying_and_sobbing""]","audios/train\402835.wav"
"254869.wav","/m/0463cq4","[""/m/0463cq4"", ""/m/09l8g""]","crying_and_sobbing","[""Human_voice"", ""crying_and_sobbing""]","audios/train\254869.wav"
"343976.wav","/m/0463cq4","[""/m/0463cq4"", ""/m/09l8g""]","crying_and_sobbing","[""Human_voice"", ""crying_and_sobbing""]","audios/train\343976.wav"
"14265.wav","/m/0463cq4","[""/m/0463cq4"", ""/m/09l8g""]","crying_and_sobbing","[""Human_voice"", ""crying_and_sobbing""]","audios/train\14265.wav"
"14268.wav","/m/0463cq4","[""/m/0463cq4"", ""/m/09l8g""]","crying_and_sobbing","[""Human_voice"", ""crying_and_sobbing""]","audios/train\14268.wav"
"14269.wav","/m/0463cq4","[""/m/0463cq4"", ""/m/09l8g""]","crying_and_sobbing","[""Human_voice"", ""crying_and_sobbing""]","audios/train\14269.wav"
"364481.wav","/m/0463cq4","[""/m/0463cq4"", ""/m/09l8g""]","crying_and_sobbing","[""Human_voice"", ""crying_and_sobbing""]","audios/train\364481.wav"
"243661.wav","/m/0463cq4","[""/m/0463cq4"", ""/m/09l8g""]","crying_and_sobbing","[""Human_voice"", ""crying_and_sobbing""]","audios/train\243661.wav"
"45523.wav","/m/0463cq4","[""/m/0463cq4"", ""/m/09l8g""]","crying_and_sobbing","[""Human_voice"", ""crying_and_sobbing""]","audios/train\45523.wav"
"344030.wav","/m/0463cq4","[""/m/0463cq4"", ""/m/09l8g""]","crying_and_sobbing","[""Human_voice"", ""crying_and_sobbing""]","audios/train\344030.wav"
"344039.wav","/m/0463cq4","[""/m/0463cq4"", ""/m/09l8g""]","crying_and_sobbing","[""Human_voice"", ""crying_and_sobbing""]","audios/train\344039.wav"
"13800.wav","/m/0463cq4","[""/m/0463cq4"", ""/m/09l8g""]","crying_and_sobbing","[""Human_voice"", ""crying_and_sobbing""]","audios/train\13800.wav"
"202730.wav","/m/0463cq4","[""/m/0463cq4"", ""/m/09l8g""]","crying_and_sobbing","[""Human_voice"", ""crying_and_sobbing""]","audios/train\202730.wav"
"157163.wav","/m/0463cq4","[""/m/0463cq4"", ""/m/09l8g""]","crying_and_sobbing","[""Human_voice"", ""crying_and_sobbing""]","audios/train\157163.wav"
"13803.wav","/m/0463cq4","[""/m/0463cq4"", ""/m/09l8g""]","crying_and_sobbing","[""Human_voice"", ""crying_and_sobbing""]","audios/train\13803.wav"
"13802.wav","/m/0463cq4","[""/m/0463cq4"", ""/m/09l8g""]","crying_and_sobbing","[""Human_voice"", ""crying_and_sobbing""]","audios/train\13802.wav"
"39920.wav","/m/0463cq4","[""/m/0463cq4"", ""/m/09l8g""]","crying_and_sobbing","[""Human_voice"", ""crying_and_sobbing""]","audios/train\39920.wav"
"207860.wav","/m/0463cq4","[""/m/07sr1lc"", ""/m/0463cq4"", ""/m/09l8g"", ""/m/07p6fty""]","crying_and_sobbing","[""crying_and_sobbing"", ""Yell"", ""shout"", ""Human_voice""]","audios/train\207860.wav"
"60446.wav","/m/03qc9zr","[""/m/028ght"", ""/m/03qc9zr"", ""/m/03qtwd"", ""/t/dd00012"", ""/m/09l8g""]","screaming","[""Crowd"", ""screaming"", ""Human_group_actions"", ""Human_voice"", ""Applause""]","audios/train\60446.wav"
"99966.wav","/m/07p6fty","[""/m/028ght"", ""/m/053hz1"", ""/m/07p6fty"", ""/t/dd00012"", ""/m/09l8g""]","shout","[""shout"", ""Human_group_actions"", ""Human_voice"", ""Cheering"", ""Applause""]","audios/train\99966.wav"
"78490.wav","/m/03qc9zr","[""/m/028ght"", ""/m/03qc9zr"", ""/m/03qtwd"", ""/t/dd00012"", ""/m/09l8g""]","screaming","[""Crowd"", ""screaming"", ""Human_group_actions"", ""Human_voice"", ""Applause""]","audios/train\78490.wav"
"139972.wav","/m/07p6fty","[""/m/028ght"", ""/m/053hz1"", ""/m/0l15bq"", ""/m/07p6fty"", ""/t/dd00012"", ""/m/09l8g"", ""/m/0k65p""]","shout","[""shout"", ""Hands"", ""Clapping"", ""Human_group_actions"", ""Human_voice"", ""Cheering"", ""Applause""]","audios/train\139972.wav"
"403057.wav","/m/03qc9zr","[""/m/028ght"", ""/m/03qc9zr"", ""/m/03qtwd"", ""/m/053hz1"", ""/m/0l15bq"", ""/m/07p6fty"", ""/t/dd00012"", ""/m/09l8g"", ""/m/0k65p""]","screaming","[""shout"", ""Hands"", ""Crowd"", ""screaming"", ""Clapping"", ""Human_group_actions"", ""Human_voice"", ""Cheering"", ""Applause""]","audios/train\403057.wav"
"180301.wav","/m/03qc9zr","[""/m/07q8k13"", ""/m/03qc9zr"", ""/m/09l8g""]","screaming","[""Human_voice"", ""screaming"", ""Screech""]","audios/train\180301.wav"
"180302.wav","/m/03qc9zr","[""/m/07q8k13"", ""/m/03qc9zr"", ""/m/09l8g""]","screaming","[""Human_voice"", ""screaming"", ""Screech""]","audios/train\180302.wav"
"316409.wav","/m/03qc9zr","[""/m/07q8k13"", ""/m/03qc9zr"", ""/m/09l8g""]","screaming","[""Human_voice"", ""screaming"", ""Screech""]","audios/train\316409.wav"
"316411.wav","/m/03qc9zr","[""/m/07q8k13"", ""/m/03qc9zr"", ""/m/09l8g""]","screaming","[""Human_voice"", ""screaming"", ""Screech""]","audios/train\316411.wav"
"54510.wav","/m/07pb8fc","[""/m/07q8k13"", ""/m/07pb8fc"", ""/m/01bjv"", ""/m/02mk9"", ""/m/012f08"", ""/m/07yv9""]","engine","[""Bus"", ""Screech"", ""Motor_vehicle_(road)"", ""engine"", ""Vehicle""]","audios/train\54510.wav"
"256494.wav","/m/03qc9zr","[""/m/07q8k13"", ""/m/03qc9zr"", ""/m/0ytgt"", ""/m/09l8g"", ""/m/09x0r""]","screaming","[""Child_speech_and_kid_speaking"", ""screaming"", ""Screech"", ""Speech"", ""Human_voice""]","audios/train\256494.wav"
"168258.wav","/m/03kmc9","[""/m/07pbtc8"", ""/m/03kmc9"", ""/m/07pp_mv""]","siren","[""Walk_and_footsteps"", ""alarm"", ""siren""]","audios/train\168258.wav"
"340454.wav","/m/0btp2","[""/m/07pbtc8"", ""/m/0btp2"", ""/m/012f08"", ""/m/07yv9""]","traffic_noise","[""Walk_and_footsteps"", ""traffic_noise"", ""Motor_vehicle_(road)"", ""Vehicle""]","audios/train\340454.wav"
"410483.wav","/m/0btp2","[""/m/07pbtc8"", ""/m/07pggtn"", ""/t/dd00134"", ""/m/0btp2"", ""/m/020bb7"", ""/m/015p6"", ""/m/01280g"", ""/m/0jbk"", ""/m/0k4j"", ""/m/012f08"", ""/m/07yv9""]","traffic_noise","[""Walk_and_footsteps"", ""Wild_animals"", ""Vehicle"", ""Bird"", ""Car"", ""Bird_vocalization_and_bird_call_and_bird_song"", ""Car_passing_by"", ""traffic_noise"", ""Motor_vehicle_(road)"", ""Animal"", ""Chirp_and_tweet""]","audios/train\410483.wav"
"242184.wav","/m/0btp2","[""/m/07r4wb8"", ""/m/0j6m2"", ""/m/07pqc89"", ""/m/0btp2"", ""/m/0ytgt"", ""/m/020bb7"", ""/m/0838f"", ""/m/015p6"", ""/m/01280g"", ""/m/0jbk"", ""/m/07prgkl"", ""/m/04k94"", ""/m/012f08"", ""/m/07yv9"", ""/m/09x0r"", ""/m/09l8g"", ""/m/02dgv"", ""/t/dd00071""]","traffic_noise","[""Wild_animals"", ""Vehicle"", ""Child_speech_and_kid_speaking"", ""Bird"", ""Trickle_and_dribble"", ""Bird_vocalization_and_bird_call_and_bird_song"", ""Domestic_sounds_and_home_sounds"", ""Knock"", ""Human_voice"", ""Stream"", ""traffic_noise"", ""Liquid"", ""Pour"", ""Animal"", ""Motor_vehicle_(road)"", ""Speech"", ""Door"", ""Water""]","audios/train\242184.wav"
"186935.wav","/m/07pb8fc","[""/m/07pb8fc"", ""/m/07r04"", ""/m/012f08"", ""/m/07yv9"", ""/m/02mk9""]","engine","[""engine"", ""Motor_vehicle_(road)"", ""Vehicle"", ""Truck""]","audios/train\186935.wav"
"254555.wav","/m/02mk9","[""/t/dd00130"", ""/m/07r04"", ""/m/012f08"", ""/m/07yv9"", ""/m/02mk9""]","engine","[""Engine_starting"", ""Motor_vehicle_(road)"", ""engine"", ""Vehicle"", ""Truck""]","audios/train\254555.wav"
"251547.wav","/m/07pb8fc","[""/m/07pb8fc"", ""/m/07r04"", ""/m/012f08"", ""/m/07yv9"", ""/m/02mk9""]","engine","[""engine"", ""Motor_vehicle_(road)"", ""Vehicle"", ""Truck""]","audios/train\251547.wav"
"63219.wav","/m/0btp2","[""/m/0btp2"", ""/m/07r04"", ""/m/012f08"", ""/m/07yv9""]","traffic_noise","[""traffic_noise"", ""Motor_vehicle_(road)"", ""Vehicle"", ""Truck""]","audios/train\63219.wav"
"22882.wav","/m/07pb8fc","[""/m/07pb8fc"", ""/m/07r04"", ""/m/012f08"", ""/m/07yv9"", ""/m/02mk9""]","engine","[""engine"", ""Motor_vehicle_(road)"", ""Vehicle"", ""Truck""]","audios/train\22882.wav"
"406889.wav","/m/02mk9","[""/m/07q2z82"", ""/m/07r04"", ""/m/012f08"", ""/m/07yv9"", ""/m/02mk9""]","engine","[""Accelerating_and_revving_and_vroom"", ""Motor_vehicle_(road)"", ""engine"", ""Vehicle"", ""Truck""]","audios/train\406889.wav"
"425842.wav","/m/07pb8fc","[""/m/07pb8fc"", ""/m/07r04"", ""/m/012f08"", ""/m/07yv9"", ""/m/02mk9""]","engine","[""engine"", ""Motor_vehicle_(road)"", ""Vehicle"", ""Truck""]","audios/train\425842.wav"
"425849.wav","/m/02mk9","[""/m/07q2z82"", ""/m/07r04"", ""/m/012f08"", ""/m/07yv9"", ""/m/02mk9""]","engine","[""Accelerating_and_revving_and_vroom"", ""Motor_vehicle_(road)"", ""engine"", ""Vehicle"", ""Truck""]","audios/train\425849.wav"
"270291.wav","/m/0btp2","[""/m/0btp2"", ""/m/07r04"", ""/m/012f08"", ""/m/07yv9""]","traffic_noise","[""traffic_noise"", ""Motor_vehicle_(road)"", ""Vehicle"", ""Truck""]","audios/train\270291.wav"
"58497.wav","/m/01d380","[""/m/07qjznt"", ""/m/02bm9n"", ""/t/dd00077"", ""/m/01d380"", ""/m/0_ksk"", ""/m/07k1x""]","drilling","[""Ratchet_and_pawl"", ""Tick"", ""Mechanisms"", ""Power_tool"", ""Tools"", ""drilling""]","audios/train\58497.wav"
"381957.wav","/m/03kmc9","[""/m/03kmc9"", ""/m/07pp_mv""]","siren","[""alarm"", ""siren""]","audios/train\381957.wav"
"46092.wav","/m/03kmc9","[""/m/03kmc9"", ""/m/07pp_mv""]","siren","[""alarm"", ""siren""]","audios/train\46092.wav"
"372251.wav","/m/03kmc9","[""/m/03kmc9"", ""/m/07pp_mv""]","siren","[""alarm"", ""siren""]","audios/train\372251.wav"
"332918.wav","/m/03kmc9","[""/m/03kmc9"", ""/m/07pp_mv""]","siren","[""alarm"", ""siren""]","audios/train\332918.wav"
"258169.wav","/m/03kmc9","[""/m/03kmc9"", ""/m/07pp_mv""]","siren","[""alarm"", ""siren""]","audios/train\258169.wav"
"262278.wav","/m/03kmc9","[""/m/03kmc9"", ""/m/07pp_mv""]","siren","[""alarm"", ""siren""]","audios/train\262278.wav"
"382620.wav","/m/03kmc9","[""/m/03kmc9"", ""/m/07pp_mv""]","siren","[""alarm"", ""siren""]","audios/train\382620.wav"
"353956.wav","/m/03kmc9","[""/m/03kmc9"", ""/m/07pp_mv""]","siren","[""alarm"", ""siren""]","audios/train\353956.wav"
"202418.wav","/m/03kmc9","[""/m/03kmc9"", ""/m/07pp_mv""]","siren","[""alarm"", ""siren""]","audios/train\202418.wav"
"324275.wav","/m/03kmc9","[""/m/03kmc9"", ""/m/07pp_mv""]","siren","[""alarm"", ""siren""]","audios/train\324275.wav"
"410825.wav","/m/03kmc9","[""/m/01dwxx"", ""/m/034srq"", ""/m/03kmc9"", ""/m/07pp_mv"", ""/m/015p6"", ""/m/01280g"", ""/m/0jbk"", ""/m/05kq4"", ""/m/0838f""]","siren","[""alarm"", ""Wild_animals"", ""Bird"", ""siren"", ""Water"", ""Waves_and_surf"", ""Gull_and_seagull"", ""Animal"", ""Ocean""]","audios/train\410825.wav"
"201945.wav","/m/03kmc9","[""/m/03kmc9"", ""/m/07pp_mv""]","siren","[""alarm"", ""siren""]","audios/train\201945.wav"
"208652.wav","/m/03kmc9","[""/m/03kmc9"", ""/m/0bt9lr"", ""/m/07pp_mv"", ""/m/068hy"", ""/m/0jbk""]","siren","[""alarm"", ""siren"", ""Domestic_animals_and_pets"", ""Animal"", ""dog_bark""]","audios/train\208652.wav"
"67358.wav","/m/03kmc9","[""/m/03kmc9"", ""/m/07pp_mv""]","siren","[""alarm"", ""siren""]","audios/train\67358.wav"
"67359.wav","/m/03kmc9","[""/m/03kmc9"", ""/m/07pp_mv""]","siren","[""alarm"", ""siren""]","audios/train\67359.wav"
"377125.wav","/m/03kmc9","[""/m/03kmc9"", ""/m/07pp_mv""]","siren","[""alarm"", ""siren""]","audios/train\377125.wav"
"377126.wav","/m/03kmc9","[""/m/03kmc9"", ""/m/07pp_mv""]","siren","[""alarm"", ""siren""]","audios/train\377126.wav"
"273750.wav","/m/03kmc9","[""/m/03kmc9"", ""/m/07pp_mv""]","siren","[""alarm"", ""siren""]","audios/train\273750.wav"
"87393.wav","/m/03kmc9","[""/m/03kmc9"", ""/m/07pp_mv""]","siren","[""alarm"", ""siren""]","audios/train\87393.wav"
"201611.wav","/m/03kmc9","[""/m/03kmc9"", ""/m/07pp_mv""]","siren","[""alarm"", ""siren""]","audios/train\201611.wav"
"34733.wav","/m/03kmc9","[""/m/03kmc9"", ""/m/07pp_mv""]","siren","[""alarm"", ""siren""]","audios/train\34733.wav"
"326074.wav","/m/03kmc9","[""/m/03kmc9"", ""/m/07pp_mv""]","siren","[""alarm"", ""siren""]","audios/train\326074.wav"
"93639.wav","/m/03kmc9","[""/m/03kmc9"", ""/m/07pp_mv""]","siren","[""alarm"", ""siren""]","audios/train\93639.wav"
"261593.wav","/m/03kmc9","[""/m/03kmc9"", ""/m/07pp_mv""]","siren","[""alarm"", ""siren""]","audios/train\261593.wav"
"324579.wav","/m/03kmc9","[""/m/03kmc9"", ""/m/07pp_mv""]","siren","[""alarm"", ""siren""]","audios/train\324579.wav"
"336894.wav","/m/03kmc9","[""/m/03kmc9"", ""/m/07pp_mv""]","siren","[""alarm"", ""siren""]","audios/train\336894.wav"
"66350.wav","/m/0bt9lr","[""/m/01yrx"", ""/m/0bt9lr"", ""/m/068hy"", ""/m/0jbk""]","dog_bark","[""Cat"", ""Domestic_animals_and_pets"", ""Animal"", ""dog_bark""]","audios/train\66350.wav"
"23086.wav","/m/0bt9lr","[""/m/06mb1"", ""/m/0bt9lr"", ""/m/0838f"", ""/m/068hy"", ""/m/0jbk""]","dog_bark","[""Rain"", ""Animal"", ""Domestic_animals_and_pets"", ""Water"", ""dog_bark""]","audios/train\23086.wav"
"195985.wav","/m/0btp2","[""/m/0ngt1"", ""/m/0btp2"", ""/m/06mb1"", ""/m/03vt0"", ""/m/0838f"", ""/m/0jb2l"", ""/m/01280g"", ""/m/0jbk"", ""/m/012f08"", ""/m/07yv9""]","traffic_noise","[""Wild_animals"", ""Vehicle"", ""Thunderstorm"", ""Insect"", ""Rain"", ""traffic_noise"", ""Thunder"", ""Motor_vehicle_(road)"", ""Animal"", ""Water""]","audios/train\195985.wav"
"202752.wav","/m/01d380","[""/m/01d380"", ""/m/0_ksk"", ""/m/07k1x""]","drilling","[""Tools"", ""drilling"", ""Power_tool""]","audios/train\202752.wav"
"425995.wav","/m/01d380","[""/m/01d380"", ""/m/0_ksk"", ""/m/07k1x""]","drilling","[""Tools"", ""drilling"", ""Power_tool""]","audios/train\425995.wav"
"179725.wav","/m/01d380","[""/m/01d380"", ""/m/0_ksk"", ""/m/07k1x""]","drilling","[""Tools"", ""drilling"", ""Power_tool""]","audios/train\179725.wav"
"244242.wav","/m/01d380","[""/m/01d380"", ""/m/0_ksk"", ""/m/07k1x""]","drilling","[""Tools"", ""drilling"", ""Power_tool""]","audios/train\244242.wav"
"29722.wav","/m/01d380","[""/m/01d380"", ""/m/0_ksk"", ""/m/07k1x""]","drilling","[""Tools"", ""drilling"", ""Power_tool""]","audios/train\29722.wav"
"188444.wav","/m/01d380","[""/m/01d380"", ""/m/0_ksk"", ""/m/07k1x""]","drilling","[""Tools"", ""drilling"", ""Power_tool""]","audios/train\188444.wav"
"73247.wav","/m/01d380","[""/m/01d380"", ""/m/0_ksk"", ""/m/07k1x""]","drilling","[""Tools"", ""drilling"", ""Power_tool""]","audios/train\73247.wav"
"69159.wav","/m/01d380","[""/m/01d380"", ""/t/dd00077"", ""/m/0_ksk"", ""/m/07k1x""]","drilling","[""Tools"", ""drilling"", ""Power_tool"", ""Mechanisms""]","audios/train\69159.wav"
"69160.wav","/m/01d380","[""/m/01d380"", ""/t/dd00077"", ""/m/0_ksk"", ""/m/07k1x""]","drilling","[""Tools"", ""drilling"", ""Power_tool"", ""Mechanisms""]","audios/train\69160.wav"
"157737.wav","/m/01d380","[""/m/01d380"", ""/m/0_ksk"", ""/m/07k1x""]","drilling","[""Tools"", ""drilling"", ""Power_tool""]","audios/train\157737.wav"
"127538.wav","/m/01d380","[""/m/01d380"", ""/m/0_ksk"", ""/m/07k1x""]","drilling","[""Tools"", ""drilling"", ""Power_tool""]","audios/train\127538.wav"
"66622.wav","/m/01d380","[""/m/01d380"", ""/m/0_ksk"", ""/m/07k1x""]","drilling","[""Tools"", ""drilling"", ""Power_tool""]","audios/train\66622.wav"
"66623.wav","/m/01d380","[""/m/01d380"", ""/m/0_ksk"", ""/m/07k1x""]","drilling","[""Tools"", ""drilling"", ""Power_tool""]","audios/train\66623.wav"
"69187.wav","/m/01d380","[""/m/01d380"", ""/m/0_ksk"", ""/m/07k1x""]","drilling","[""Tools"", ""drilling"", ""Power_tool""]","audios/train\69187.wav"
"262213.wav","/m/01d380","[""/m/01d380"", ""/m/0_ksk"", ""/m/07k1x""]","drilling","[""Tools"", ""drilling"", ""Power_tool""]","audios/train\262213.wav"
"137815.wav","/m/01d380","[""/m/01d380"", ""/m/0_ksk"", ""/m/07k1x""]","drilling","[""Tools"", ""drilling"", ""Power_tool""]","audios/train\137815.wav"
"387693.wav","/m/01d380","[""/m/01d380"", ""/m/0_ksk"", ""/m/07k1x""]","drilling","[""Tools"", ""drilling"", ""Power_tool""]","audios/train\387693.wav"
"387698.wav","/m/01d380","[""/m/01d380"", ""/m/0_ksk"", ""/m/07k1x""]","drilling","[""Tools"", ""drilling"", ""Power_tool""]","audios/train\387698.wav"
"387700.wav","/m/01d380","[""/m/01d380"", ""/m/0_ksk"", ""/m/07k1x""]","drilling","[""Tools"", ""drilling"", ""Power_tool""]","audios/train\387700.wav"
"386178.wav","/m/01d380","[""/m/01d380"", ""/m/0_ksk"", ""/m/07k1x""]","drilling","[""Tools"", ""drilling"", ""Power_tool""]","audios/train\386178.wav"
"386179.wav","/m/01d380","[""/m/01d380"", ""/m/0_ksk"", ""/m/07k1x""]","drilling","[""Tools"", ""drilling"", ""Power_tool""]","audios/train\386179.wav"
"211615.wav","/m/01d380","[""/m/01d380"", ""/m/0_ksk"", ""/m/07k1x""]","drilling","[""Tools"", ""drilling"", ""Power_tool""]","audios/train\211615.wav"
"59051.wav","/m/01d380","[""/m/01d380"", ""/m/0_ksk"", ""/m/07k1x""]","drilling","[""Tools"", ""drilling"", ""Power_tool""]","audios/train\59051.wav"
"377521.wav","/m/01d380","[""/m/01d380"", ""/m/0_ksk"", ""/m/07k1x""]","drilling","[""Tools"", ""drilling"", ""Power_tool""]","audios/train\377521.wav"
"377525.wav","/m/01d380","[""/m/01d380"", ""/m/0_ksk"", ""/m/07k1x""]","drilling","[""Tools"", ""drilling"", ""Power_tool""]","audios/train\377525.wav"
"417983.wav","/m/01d380","[""/m/01d380"", ""/m/0_ksk"", ""/m/07k1x""]","drilling","[""Tools"", ""drilling"", ""Power_tool""]","audios/train\417983.wav"
"386248.wav","/m/01d380","[""/m/01d380"", ""/m/0_ksk"", ""/m/07k1x""]","drilling","[""Tools"", ""drilling"", ""Power_tool""]","audios/train\386248.wav"
"386249.wav","/m/01d380","[""/m/01d380"", ""/m/0_ksk"", ""/m/07k1x""]","drilling","[""Tools"", ""drilling"", ""Power_tool""]","audios/train\386249.wav"
"386251.wav","/m/01d380","[""/m/01d380"", ""/m/0_ksk"", ""/m/07k1x""]","drilling","[""Tools"", ""drilling"", ""Power_tool""]","audios/train\386251.wav"
"386252.wav","/m/01d380","[""/m/01d380"", ""/m/0_ksk"", ""/m/07k1x""]","drilling","[""Tools"", ""drilling"", ""Power_tool""]","audios/train\386252.wav"
"386253.wav","/m/01d380","[""/m/01d380"", ""/m/0_ksk"", ""/m/07k1x""]","drilling","[""Tools"", ""drilling"", ""Power_tool""]","audios/train\386253.wav"
"386255.wav","/m/01d380","[""/m/01d380"", ""/m/0_ksk"", ""/m/07k1x""]","drilling","[""Tools"", ""drilling"", ""Power_tool""]","audios/train\386255.wav"
"386254.wav","/m/01d380","[""/m/01d380"", ""/m/0_ksk"", ""/m/07k1x""]","drilling","[""Tools"", ""drilling"", ""Power_tool""]","audios/train\386254.wav"
"386256.wav","/m/01d380","[""/m/01d380"", ""/m/0_ksk"", ""/m/07k1x""]","drilling","[""Tools"", ""drilling"", ""Power_tool""]","audios/train\386256.wav"
"386258.wav","/m/01d380","[""/m/01d380"", ""/m/0_ksk"", ""/m/07k1x""]","drilling","[""Tools"", ""drilling"", ""Power_tool""]","audios/train\386258.wav"
"386259.wav","/m/01d380","[""/m/01d380"", ""/m/0_ksk"", ""/m/07k1x""]","drilling","[""Tools"", ""drilling"", ""Power_tool""]","audios/train\386259.wav"
"386262.wav","/m/01d380","[""/m/01d380"", ""/m/0_ksk"", ""/m/07k1x""]","drilling","[""Tools"", ""drilling"", ""Power_tool""]","audios/train\386262.wav"
"386261.wav","/m/01d380","[""/m/01d380"", ""/m/0_ksk"", ""/m/07k1x""]","drilling","[""Tools"", ""drilling"", ""Power_tool""]","audios/train\386261.wav"
"74965.wav","/m/01d380","[""/m/01d380"", ""/m/0_ksk"", ""/m/07k1x""]","drilling","[""Tools"", ""drilling"", ""Power_tool""]","audios/train\74965.wav"
"386263.wav","/m/01d380","[""/m/01d380"", ""/m/0_ksk"", ""/m/07k1x""]","drilling","[""Tools"", ""drilling"", ""Power_tool""]","audios/train\386263.wav"
"386264.wav","/m/01d380","[""/m/01d380"", ""/m/0_ksk"", ""/m/07k1x""]","drilling","[""Tools"", ""drilling"", ""Power_tool""]","audios/train\386264.wav"
"434393.wav","/m/01d380","[""/m/01d380"", ""/m/0_ksk"", ""/m/07k1x""]","drilling","[""Tools"", ""drilling"", ""Power_tool""]","audios/train\434393.wav"
"420056.wav","/m/01d380","[""/m/01d380"", ""/m/0_ksk"", ""/m/07k1x""]","drilling","[""Tools"", ""drilling"", ""Power_tool""]","audios/train\420056.wav"
"386266.wav","/m/01d380","[""/m/01d380"", ""/m/0_ksk"", ""/m/07k1x""]","drilling","[""Tools"", ""drilling"", ""Power_tool""]","audios/train\386266.wav"
"386265.wav","/m/01d380","[""/m/01d380"", ""/m/0_ksk"", ""/m/07k1x""]","drilling","[""Tools"", ""drilling"", ""Power_tool""]","audios/train\386265.wav"
"386269.wav","/m/01d380","[""/m/01d380"", ""/m/0_ksk"", ""/m/07k1x""]","drilling","[""Tools"", ""drilling"", ""Power_tool""]","audios/train\386269.wav"
"386271.wav","/m/01d380","[""/m/01d380"", ""/m/0_ksk"", ""/m/07k1x""]","drilling","[""Tools"", ""drilling"", ""Power_tool""]","audios/train\386271.wav"
"386272.wav","/m/01d380","[""/m/01d380"", ""/m/0_ksk"", ""/m/07k1x""]","drilling","[""Tools"", ""drilling"", ""Power_tool""]","audios/train\386272.wav"
"386273.wav","/m/01d380","[""/m/01d380"", ""/m/0_ksk"", ""/m/07k1x""]","drilling","[""Tools"", ""drilling"", ""Power_tool""]","audios/train\386273.wav"
"386274.wav","/m/01d380","[""/m/01d380"", ""/m/0_ksk"", ""/m/07k1x""]","drilling","[""Tools"", ""drilling"", ""Power_tool""]","audios/train\386274.wav"
"386276.wav","/m/01d380","[""/m/01d380"", ""/m/0_ksk"", ""/m/07k1x""]","drilling","[""Tools"", ""drilling"", ""Power_tool""]","audios/train\386276.wav"
"386277.wav","/m/01d380","[""/m/01d380"", ""/m/0_ksk"", ""/m/07k1x""]","drilling","[""Tools"", ""drilling"", ""Power_tool""]","audios/train\386277.wav"
"386278.wav","/m/01d380","[""/m/01d380"", ""/m/0_ksk"", ""/m/07k1x""]","drilling","[""Tools"", ""drilling"", ""Power_tool""]","audios/train\386278.wav"
"386275.wav","/m/01d380","[""/m/01d380"", ""/m/0_ksk"", ""/m/07k1x""]","drilling","[""Tools"", ""drilling"", ""Power_tool""]","audios/train\386275.wav"
"386280.wav","/m/01d380","[""/m/01d380"", ""/m/0_ksk"", ""/m/07k1x""]","drilling","[""Tools"", ""drilling"", ""Power_tool""]","audios/train\386280.wav"
"66281.wav","/m/01d380","[""/m/01d380"", ""/m/0_ksk"", ""/m/07k1x""]","drilling","[""Tools"", ""drilling"", ""Power_tool""]","audios/train\66281.wav"
"386282.wav","/m/01d380","[""/m/01d380"", ""/m/0_ksk"", ""/m/07k1x""]","drilling","[""Tools"", ""drilling"", ""Power_tool""]","audios/train\386282.wav"
"386283.wav","/m/01d380","[""/m/01d380"", ""/m/0_ksk"", ""/m/07k1x""]","drilling","[""Tools"", ""drilling"", ""Power_tool""]","audios/train\386283.wav"
"386284.wav","/m/01d380","[""/m/01d380"", ""/m/0_ksk"", ""/m/07k1x""]","drilling","[""Tools"", ""drilling"", ""Power_tool""]","audios/train\386284.wav"
"50413.wav","/m/01d380","[""/m/01d380"", ""/m/0_ksk"", ""/m/07k1x""]","drilling","[""Tools"", ""drilling"", ""Power_tool""]","audios/train\50413.wav"
"386279.wav","/m/01d380","[""/m/01d380"", ""/m/0_ksk"", ""/m/07k1x""]","drilling","[""Tools"", ""drilling"", ""Power_tool""]","audios/train\386279.wav"
"50415.wav","/m/01d380","[""/m/01d380"", ""/m/0_ksk"", ""/m/07k1x""]","drilling","[""Tools"", ""drilling"", ""Power_tool""]","audios/train\50415.wav"
"50414.wav","/m/01d380","[""/m/01d380"", ""/m/0_ksk"", ""/m/07k1x""]","drilling","[""Tools"", ""drilling"", ""Power_tool""]","audios/train\50414.wav"
"386288.wav","/m/01d380","[""/m/01d380"", ""/m/0_ksk"", ""/m/07k1x""]","drilling","[""Tools"", ""drilling"", ""Power_tool""]","audios/train\386288.wav"
"50416.wav","/m/01d380","[""/m/01d380"", ""/m/0_ksk"", ""/m/07k1x""]","drilling","[""Tools"", ""drilling"", ""Power_tool""]","audios/train\50416.wav"
"386290.wav","/m/01d380","[""/m/01d380"", ""/m/0_ksk"", ""/m/07k1x""]","drilling","[""Tools"", ""drilling"", ""Power_tool""]","audios/train\386290.wav"
"386289.wav","/m/01d380","[""/m/01d380"", ""/m/0_ksk"", ""/m/07k1x""]","drilling","[""Tools"", ""drilling"", ""Power_tool""]","audios/train\386289.wav"
"386292.wav","/m/01d380","[""/m/01d380"", ""/m/0_ksk"", ""/m/07k1x""]","drilling","[""Tools"", ""drilling"", ""Power_tool""]","audios/train\386292.wav"
"386293.wav","/m/01d380","[""/m/01d380"", ""/m/0_ksk"", ""/m/07k1x""]","drilling","[""Tools"", ""drilling"", ""Power_tool""]","audios/train\386293.wav"
"386295.wav","/m/01d380","[""/m/01d380"", ""/m/0_ksk"", ""/m/07k1x""]","drilling","[""Tools"", ""drilling"", ""Power_tool""]","audios/train\386295.wav"
"386294.wav","/m/01d380","[""/m/01d380"", ""/m/0_ksk"", ""/m/07k1x""]","drilling","[""Tools"", ""drilling"", ""Power_tool""]","audios/train\386294.wav"
"139000.wav","/m/01d380","[""/m/01d380"", ""/m/0_ksk"", ""/m/07k1x""]","drilling","[""Tools"", ""drilling"", ""Power_tool""]","audios/train\139000.wav"
"353531.wav","/m/01d380","[""/m/01d380"", ""/m/0_ksk"", ""/m/07k1x""]","drilling","[""Tools"", ""drilling"", ""Power_tool""]","audios/train\353531.wav"
"353532.wav","/m/01d380","[""/m/01d380"", ""/m/07k1x"", ""/m/0_ksk""]","drilling","[""Tools"", ""drilling"", ""Power_tool""]","audios/train\353532.wav"
"386296.wav","/m/01d380","[""/m/01d380"", ""/m/0_ksk"", ""/m/07k1x""]","drilling","[""Tools"", ""drilling"", ""Power_tool""]","audios/train\386296.wav"
"340241.wav","/m/01d380","[""/m/01d380"", ""/m/0_ksk"", ""/m/07k1x""]","drilling","[""Tools"", ""drilling"", ""Power_tool""]","audios/train\340241.wav"
"333080.wav","/m/01d380","[""/m/01d380"", ""/m/0_ksk"", ""/m/07k1x""]","drilling","[""Tools"", ""drilling"", ""Power_tool""]","audios/train\333080.wav"
"386250.wav","/m/01d380","[""/m/01d380"", ""/m/0_ksk"", ""/m/07k1x""]","drilling","[""Tools"", ""drilling"", ""Power_tool""]","audios/train\386250.wav"
"236321.wav","/m/01d380","[""/m/01d380"", ""/m/0_ksk"", ""/m/07k1x""]","drilling","[""Tools"", ""drilling"", ""Power_tool""]","audios/train\236321.wav"
"236325.wav","/m/01d380","[""/m/01d380"", ""/m/0_ksk"", ""/m/07k1x""]","drilling","[""Tools"", ""drilling"", ""Power_tool""]","audios/train\236325.wav"
"236326.wav","/m/01d380","[""/m/01d380"", ""/m/0_ksk"", ""/m/07k1x""]","drilling","[""Tools"", ""drilling"", ""Power_tool""]","audios/train\236326.wav"
"236327.wav","/m/01d380","[""/m/01d380"", ""/m/0_ksk"", ""/m/07k1x""]","drilling","[""Tools"", ""drilling"", ""Power_tool""]","audios/train\236327.wav"
"236328.wav","/m/01d380","[""/m/01d380"", ""/m/0_ksk"", ""/m/07k1x""]","drilling","[""Tools"", ""drilling"", ""Power_tool""]","audios/train\236328.wav"
"216816.wav","/m/01d380","[""/m/01d380"", ""/m/0_ksk"", ""/m/07k1x""]","drilling","[""Tools"", ""drilling"", ""Power_tool""]","audios/train\216816.wav"
"205610.wav","/m/01d380","[""/m/01d380"", ""/m/0_ksk"", ""/m/07k1x""]","drilling","[""Tools"", ""drilling"", ""Power_tool""]","audios/train\205610.wav"
"71905.wav","/m/01d380","[""/m/01d380"", ""/m/0_ksk"", ""/m/07k1x""]","drilling","[""Tools"", ""drilling"", ""Power_tool""]","audios/train\71905.wav"
"386257.wav","/m/01d380","[""/m/01d380"", ""/m/0_ksk"", ""/m/07k1x""]","drilling","[""Tools"", ""drilling"", ""Power_tool""]","audios/train\386257.wav"
"34621.wav","/m/01d380","[""/m/01d380"", ""/m/0_ksk"", ""/m/07k1x""]","drilling","[""Tools"", ""drilling"", ""Power_tool""]","audios/train\34621.wav"
"146249.wav","/m/01d380","[""/m/01d380"", ""/m/0_ksk"", ""/m/07k1x""]","drilling","[""Tools"", ""drilling"", ""Power_tool""]","audios/train\146249.wav"
"95562.wav","/m/01d380","[""/m/01d380"", ""/m/0_ksk"", ""/m/07k1x""]","drilling","[""Tools"", ""drilling"", ""Power_tool""]","audios/train\95562.wav"
"386260.wav","/m/01d380","[""/m/01d380"", ""/m/0_ksk"", ""/m/07k1x""]","drilling","[""Tools"", ""drilling"", ""Power_tool""]","audios/train\386260.wav"
"185170.wav","/m/01d380","[""/m/01d380"", ""/m/0_ksk"", ""/m/07k1x""]","drilling","[""Tools"", ""drilling"", ""Power_tool""]","audios/train\185170.wav"
"254297.wav","/m/01d380","[""/m/01d380"", ""/m/0_ksk"", ""/m/07k1x""]","drilling","[""Tools"", ""drilling"", ""Power_tool""]","audios/train\254297.wav"
"220507.wav","/m/01d380","[""/m/01d380"", ""/m/0_ksk"", ""/m/07k1x""]","drilling","[""Tools"", ""drilling"", ""Power_tool""]","audios/train\220507.wav"
"71529.wav","/m/01d380","[""/m/01d380"", ""/m/0_ksk"", ""/m/07k1x""]","drilling","[""Tools"", ""drilling"", ""Power_tool""]","audios/train\71529.wav"
"212845.wav","/m/01d380","[""/m/01d380"", ""/m/0_ksk"", ""/m/07k1x""]","drilling","[""Tools"", ""drilling"", ""Power_tool""]","audios/train\212845.wav"
"386267.wav","/m/01d380","[""/m/01d380"", ""/m/0_ksk"", ""/m/07k1x""]","drilling","[""Tools"", ""drilling"", ""Power_tool""]","audios/train\386267.wav"
"254319.wav","/m/01d380","[""/m/01d380"", ""/m/0_ksk"", ""/m/07k1x""]","drilling","[""Tools"", ""drilling"", ""Power_tool""]","audios/train\254319.wav"
"104817.wav","/m/01d380","[""/m/01d380"", ""/m/0_ksk"", ""/m/07k1x""]","drilling","[""Tools"", ""drilling"", ""Power_tool""]","audios/train\104817.wav"
"262002.wav","/m/01d380","[""/m/01d380"", ""/m/0_ksk"", ""/m/07k1x""]","drilling","[""Tools"", ""drilling"", ""Power_tool""]","audios/train\262002.wav"
"386268.wav","/m/01d380","[""/m/01d380"", ""/m/0_ksk"", ""/m/07k1x""]","drilling","[""Tools"", ""drilling"", ""Power_tool""]","audios/train\386268.wav"
"254324.wav","/m/01d380","[""/m/01d380"", ""/m/0_ksk"", ""/m/07k1x""]","drilling","[""Tools"", ""drilling"", ""Power_tool""]","audios/train\254324.wav"
"254325.wav","/m/01d380","[""/m/01d380"", ""/t/dd00077"", ""/m/0_ksk"", ""/m/07k1x""]","drilling","[""Tools"", ""drilling"", ""Power_tool"", ""Mechanisms""]","audios/train\254325.wav"
"212849.wav","/m/01d380","[""/m/01d380"", ""/m/0_ksk"", ""/m/07k1x""]","drilling","[""Tools"", ""drilling"", ""Power_tool""]","audios/train\212849.wav"
"386270.wav","/m/01d380","[""/m/01d380"", ""/m/0_ksk"", ""/m/07k1x""]","drilling","[""Tools"", ""drilling"", ""Power_tool""]","audios/train\386270.wav"
"362908.wav","/m/01d380","[""/m/01d380"", ""/m/0_ksk"", ""/m/07k1x""]","drilling","[""Tools"", ""drilling"", ""Power_tool""]","audios/train\362908.wav"
"96157.wav","/m/01d380","[""/m/01d380"", ""/m/0_ksk"", ""/m/07k1x""]","drilling","[""Tools"", ""drilling"", ""Power_tool""]","audios/train\96157.wav"
"96158.wav","/m/01d380","[""/m/01d380"", ""/m/0_ksk"", ""/m/07k1x""]","drilling","[""Tools"", ""drilling"", ""Power_tool""]","audios/train\96158.wav"
"215967.wav","/m/01d380","[""/m/01d380"", ""/m/0_ksk"", ""/m/07k1x""]","drilling","[""Tools"", ""drilling"", ""Power_tool""]","audios/train\215967.wav"
"96159.wav","/m/01d380","[""/m/01d380"", ""/m/0_ksk"", ""/m/07k1x""]","drilling","[""Tools"", ""drilling"", ""Power_tool""]","audios/train\96159.wav"
"362909.wav","/m/01d380","[""/m/01d380"", ""/m/0_ksk"", ""/m/07k1x""]","drilling","[""Tools"", ""drilling"", ""Power_tool""]","audios/train\362909.wav"
"180131.wav","/m/01d380","[""/m/01d380"", ""/m/0_ksk"", ""/m/07k1x""]","drilling","[""Tools"", ""drilling"", ""Power_tool""]","audios/train\180131.wav"
"274853.wav","/m/01d380","[""/m/01d380"", ""/m/0_ksk"", ""/m/07k1x""]","drilling","[""Tools"", ""drilling"", ""Power_tool""]","audios/train\274853.wav"
"274854.wav","/m/01d380","[""/m/01d380"", ""/m/0_ksk"", ""/m/07k1x""]","drilling","[""Tools"", ""drilling"", ""Power_tool""]","audios/train\274854.wav"
"274855.wav","/m/01d380","[""/m/01d380"", ""/m/0_ksk"", ""/m/07k1x""]","drilling","[""Tools"", ""drilling"", ""Power_tool""]","audios/train\274855.wav"
"71080.wav","/m/01d380","[""/m/01d380"", ""/m/0_ksk"", ""/m/07k1x""]","drilling","[""Tools"", ""drilling"", ""Power_tool""]","audios/train\71080.wav"
"274856.wav","/m/01d380","[""/m/01d380"", ""/m/0_ksk"", ""/m/07k1x""]","drilling","[""Tools"", ""drilling"", ""Power_tool""]","audios/train\274856.wav"
"71079.wav","/m/01d380","[""/m/01d380"", ""/m/0_ksk"", ""/m/07k1x""]","drilling","[""Tools"", ""drilling"", ""Power_tool""]","audios/train\71079.wav"
"71082.wav","/m/01d380","[""/m/01d380"", ""/m/0_ksk"", ""/m/07k1x""]","drilling","[""Tools"", ""drilling"", ""Power_tool""]","audios/train\71082.wav"
"322475.wav","/m/01d380","[""/m/01d380"", ""/m/0_ksk"", ""/m/07k1x""]","drilling","[""Tools"", ""drilling"", ""Power_tool""]","audios/train\322475.wav"
"212397.wav","/m/01d380","[""/m/01d380"", ""/m/0_ksk"", ""/m/07k1x""]","drilling","[""Tools"", ""drilling"", ""Power_tool""]","audios/train\212397.wav"
"71086.wav","/m/01d380","[""/m/01d380"", ""/m/0_ksk"", ""/m/07k1x""]","drilling","[""Tools"", ""drilling"", ""Power_tool""]","audios/train\71086.wav"
"71088.wav","/m/01d380","[""/m/01d380"", ""/m/0_ksk"", ""/m/07k1x""]","drilling","[""Tools"", ""drilling"", ""Power_tool""]","audios/train\71088.wav"
"71081.wav","/m/01d380","[""/m/01d380"", ""/m/0_ksk"", ""/m/07k1x""]","drilling","[""Tools"", ""drilling"", ""Power_tool""]","audios/train\71081.wav"
"22962.wav","/m/01d380","[""/m/01d380"", ""/m/0_ksk"", ""/m/07k1x""]","drilling","[""Tools"", ""drilling"", ""Power_tool""]","audios/train\22962.wav"
"71087.wav","/m/01d380","[""/m/01d380"", ""/m/0_ksk"", ""/m/07k1x""]","drilling","[""Tools"", ""drilling"", ""Power_tool""]","audios/train\71087.wav"
"386281.wav","/m/01d380","[""/m/01d380"", ""/m/0_ksk"", ""/m/07k1x""]","drilling","[""Tools"", ""drilling"", ""Power_tool""]","audios/train\386281.wav"
"42937.wav","/m/01d380","[""/m/01d380"", ""/m/0_ksk"", ""/m/07k1x""]","drilling","[""Tools"", ""drilling"", ""Power_tool""]","audios/train\42937.wav"
"26344.wav","/m/01d380","[""/m/01d380"", ""/m/0_ksk"", ""/m/07k1x""]","drilling","[""Tools"", ""drilling"", ""Power_tool""]","audios/train\26344.wav"
"77774.wav","/m/01d380","[""/m/01d380"", ""/m/0_ksk"", ""/m/07k1x""]","drilling","[""Tools"", ""drilling"", ""Power_tool""]","audios/train\77774.wav"
"386287.wav","/m/01d380","[""/m/01d380"", ""/m/0_ksk"", ""/m/07k1x""]","drilling","[""Tools"", ""drilling"", ""Power_tool""]","audios/train\386287.wav"
"187863.wav","/m/01d380","[""/m/01d380"", ""/m/0_ksk"", ""/m/07k1x""]","drilling","[""Tools"", ""drilling"", ""Power_tool""]","audios/train\187863.wav"
"97993.wav","/m/01d380","[""/m/03l9g"", ""/m/01d380"", ""/m/0_ksk"", ""/m/07k1x""]","drilling","[""Tools"", ""drilling"", ""Power_tool"", ""Hammer""]","audios/train\97993.wav"
"382950.wav","/m/01d380","[""/m/01d380"", ""/t/dd00077"", ""/m/0_ksk"", ""/m/07k1x""]","drilling","[""Tools"", ""drilling"", ""Power_tool"", ""Mechanisms""]","audios/train\382950.wav"
"386291.wav","/m/01d380","[""/m/01d380"", ""/m/0_ksk"", ""/m/07k1x""]","drilling","[""Tools"", ""drilling"", ""Power_tool""]","audios/train\386291.wav"
"382952.wav","/m/01d380","[""/m/01d380"", ""/m/0_ksk"", ""/m/07k1x""]","drilling","[""Tools"", ""drilling"", ""Power_tool""]","audios/train\382952.wav"
"382954.wav","/m/01d380","[""/m/01d380"", ""/t/dd00077"", ""/m/0_ksk"", ""/m/07k1x""]","drilling","[""Tools"", ""drilling"", ""Power_tool"", ""Mechanisms""]","audios/train\382954.wav"
"84971.wav","/m/01d380","[""/m/01d380"", ""/m/0_ksk"", ""/m/07k1x""]","drilling","[""Tools"", ""drilling"", ""Power_tool""]","audios/train\84971.wav"
"187377.wav","/m/01d380","[""/m/01d380"", ""/m/0_ksk"", ""/m/07k1x""]","drilling","[""Tools"", ""drilling"", ""Power_tool""]","audios/train\187377.wav"
"195063.wav","/m/01d380","[""/m/01d380"", ""/m/0_ksk"", ""/m/07k1x""]","drilling","[""Tools"", ""drilling"", ""Power_tool""]","audios/train\195063.wav"
"258043.wav","/m/01d380","[""/m/01d380"", ""/m/0_ksk"", ""/m/07k1x""]","drilling","[""Tools"", ""drilling"", ""Power_tool""]","audios/train\258043.wav"
"258044.wav","/m/01d380","[""/m/01d380"", ""/m/0_ksk"", ""/m/07k1x""]","drilling","[""Tools"", ""drilling"", ""Power_tool""]","audios/train\258044.wav"
"220159.wav","/m/01d380","[""/m/01d380"", ""/m/0_ksk"", ""/m/07k1x""]","drilling","[""Tools"", ""drilling"", ""Power_tool""]","audios/train\220159.wav"
"316416.wav","/m/03qc9zr","[""/m/03qc9zr"", ""/m/09l8g""]","screaming","[""Human_voice"", ""screaming""]","audios/train\316416.wav"
"223745.wav","/m/03qc9zr","[""/m/03qc9zr"", ""/m/03qtwd"", ""/m/053hz1"", ""/m/09l8g"", ""/t/dd00012""]","screaming","[""Crowd"", ""screaming"", ""Human_group_actions"", ""Human_voice"", ""Cheering""]","audios/train\223745.wav"
"219653.wav","/m/03qc9zr","[""/m/03qc9zr"", ""/m/09l8g""]","screaming","[""Human_voice"", ""screaming""]","audios/train\219653.wav"
"353285.wav","/m/03qc9zr","[""/m/03qc9zr"", ""/m/09l8g""]","screaming","[""Human_voice"", ""screaming""]","audios/train\353285.wav"
"353286.wav","/m/03qc9zr","[""/m/03qc9zr"", ""/m/09l8g""]","screaming","[""Human_voice"", ""screaming""]","audios/train\353286.wav"
"353287.wav","/m/03qc9zr","[""/m/03qc9zr"", ""/m/09l8g""]","screaming","[""Human_voice"", ""screaming""]","audios/train\353287.wav"
"219657.wav","/m/03qc9zr","[""/m/03qc9zr"", ""/m/09l8g""]","screaming","[""Human_voice"", ""screaming""]","audios/train\219657.wav"
"219658.wav","/m/03qc9zr","[""/m/03qc9zr"", ""/m/09l8g""]","screaming","[""Human_voice"", ""screaming""]","audios/train\219658.wav"
"353288.wav","/m/03qc9zr","[""/m/03qc9zr"", ""/m/09l8g""]","screaming","[""Human_voice"", ""screaming""]","audios/train\353288.wav"
"219660.wav","/m/03qc9zr","[""/m/03qc9zr"", ""/m/09l8g""]","screaming","[""Human_voice"", ""screaming""]","audios/train\219660.wav"
"219661.wav","/m/03qc9zr","[""/m/03qc9zr"", ""/m/09l8g""]","screaming","[""Human_voice"", ""screaming""]","audios/train\219661.wav"
"219663.wav","/m/03qc9zr","[""/m/03qc9zr"", ""/m/09l8g""]","screaming","[""Human_voice"", ""screaming""]","audios/train\219663.wav"
"353291.wav","/m/03qc9zr","[""/m/03qc9zr"", ""/m/09l8g""]","screaming","[""Human_voice"", ""screaming""]","audios/train\353291.wav"
"219665.wav","/m/03qc9zr","[""/m/03qc9zr"", ""/m/09l8g""]","screaming","[""Human_voice"", ""screaming""]","audios/train\219665.wav"
"219666.wav","/m/03qc9zr","[""/m/03qc9zr"", ""/m/09l8g""]","screaming","[""Human_voice"", ""screaming""]","audios/train\219666.wav"
"173070.wav","/m/03qc9zr","[""/m/03qc9zr"", ""/m/09l8g""]","screaming","[""Human_voice"", ""screaming""]","audios/train\173070.wav"
"353295.wav","/m/03qc9zr","[""/m/03qc9zr"", ""/m/09l8g""]","screaming","[""Human_voice"", ""screaming""]","audios/train\353295.wav"
"353296.wav","/m/03qc9zr","[""/m/03qc9zr"", ""/m/09l8g""]","screaming","[""Human_voice"", ""screaming""]","audios/train\353296.wav"
"353294.wav","/m/03qc9zr","[""/m/03qc9zr"", ""/m/09l8g""]","screaming","[""Human_voice"", ""screaming""]","audios/train\353294.wav"
"166943.wav","/m/03qc9zr","[""/m/03qc9zr"", ""/m/09l8g""]","screaming","[""Human_voice"", ""screaming""]","audios/train\166943.wav"
"85538.wav","/m/03qc9zr","[""/m/03qc9zr"", ""/m/09l8g""]","screaming","[""Human_voice"", ""screaming""]","audios/train\85538.wav"
"68136.wav","/m/03qc9zr","[""/m/03qc9zr"", ""/m/09l8g""]","screaming","[""Human_voice"", ""screaming""]","audios/train\68136.wav"
"394282.wav","/m/03qc9zr","[""/m/03qc9zr"", ""/m/09l8g""]","screaming","[""Human_voice"", ""screaming""]","audios/train\394282.wav"
"85554.wav","/m/03qc9zr","[""/m/03qc9zr"", ""/m/09l8g""]","screaming","[""Human_voice"", ""screaming""]","audios/train\85554.wav"
"144435.wav","/m/03qc9zr","[""/m/03qc9zr"", ""/m/09l8g""]","screaming","[""Human_voice"", ""screaming""]","audios/train\144435.wav"
"184373.wav","/m/03qc9zr","[""/m/03qc9zr"", ""/m/09l8g""]","screaming","[""Human_voice"", ""screaming""]","audios/train\184373.wav"
"110139.wav","/m/03qc9zr","[""/m/03qc9zr"", ""/m/09l8g""]","screaming","[""Human_voice"", ""screaming""]","audios/train\110139.wav"
"110140.wav","/m/03qc9zr","[""/m/03qc9zr"", ""/m/09l8g""]","screaming","[""Human_voice"", ""screaming""]","audios/train\110140.wav"
"110141.wav","/m/03qc9zr","[""/m/03qc9zr"", ""/m/09l8g""]","screaming","[""Human_voice"", ""screaming""]","audios/train\110141.wav"
"110142.wav","/m/03qc9zr","[""/m/03qc9zr"", ""/m/09l8g""]","screaming","[""Human_voice"", ""screaming""]","audios/train\110142.wav"
"56899.wav","/m/03qc9zr","[""/m/03qc9zr"", ""/m/09l8g""]","screaming","[""Human_voice"", ""screaming""]","audios/train\56899.wav"
"30276.wav","/m/03qc9zr","[""/m/03qc9zr"", ""/m/09l8g""]","screaming","[""Human_voice"", ""screaming""]","audios/train\30276.wav"
"30277.wav","/m/03qc9zr","[""/m/03qc9zr"", ""/m/09l8g""]","screaming","[""Human_voice"", ""screaming""]","audios/train\30277.wav"
"56901.wav","/m/03qc9zr","[""/m/03qc9zr"", ""/m/09l8g""]","screaming","[""Human_voice"", ""screaming""]","audios/train\56901.wav"
"30279.wav","/m/03qc9zr","[""/m/03qc9zr"", ""/m/09l8g""]","screaming","[""Human_voice"", ""screaming""]","audios/train\30279.wav"
"180299.wav","/m/03qc9zr","[""/m/03qc9zr"", ""/m/09l8g""]","screaming","[""Human_voice"", ""screaming""]","audios/train\180299.wav"
"161360.wav","/m/03qc9zr","[""/m/03qc9zr"", ""/m/09l8g""]","screaming","[""Human_voice"", ""screaming""]","audios/train\161360.wav"
"180305.wav","/m/03qc9zr","[""/m/03qc9zr"", ""/m/07sr1lc"", ""/m/09l8g"", ""/m/07p6fty""]","screaming","[""Human_voice"", ""Yell"", ""screaming"", ""shout""]","audios/train\180305.wav"
"180307.wav","/m/03qc9zr","[""/m/03qc9zr"", ""/m/09l8g""]","screaming","[""Human_voice"", ""screaming""]","audios/train\180307.wav"
"180309.wav","/m/03qc9zr","[""/m/03qc9zr"", ""/m/09l8g""]","screaming","[""Human_voice"", ""screaming""]","audios/train\180309.wav"
"180310.wav","/m/03qc9zr","[""/m/03qc9zr"", ""/m/09l8g""]","screaming","[""Human_voice"", ""screaming""]","audios/train\180310.wav"
"50776.wav","/m/03qc9zr","[""/m/03qc9zr"", ""/m/09l8g""]","screaming","[""Human_voice"", ""screaming""]","audios/train\50776.wav"
"180313.wav","/m/03qc9zr","[""/m/03qc9zr"", ""/m/09l8g""]","screaming","[""Human_voice"", ""screaming""]","audios/train\180313.wav"
"27225.wav","/m/03qc9zr","[""/m/03qc9zr"", ""/m/09l8g""]","screaming","[""Human_voice"", ""screaming""]","audios/train\27225.wav"
"104028.wav","/m/03qc9zr","[""/m/03qc9zr"", ""/m/09l8g""]","screaming","[""Human_voice"", ""screaming""]","audios/train\104028.wav"
"104029.wav","/m/03qc9zr","[""/m/03qc9zr"", ""/m/07sr1lc"", ""/m/09l8g"", ""/m/07p6fty""]","screaming","[""Human_voice"", ""Yell"", ""screaming"", ""shout""]","audios/train\104029.wav"
"104030.wav","/m/03qc9zr","[""/m/03qc9zr"", ""/m/09l8g""]","screaming","[""Human_voice"", ""screaming""]","audios/train\104030.wav"
"104031.wav","/m/03qc9zr","[""/m/03qc9zr"", ""/m/09l8g""]","screaming","[""Human_voice"", ""screaming""]","audios/train\104031.wav"
"104032.wav","/m/03qc9zr","[""/m/03qc9zr"", ""/m/09l8g""]","screaming","[""Human_voice"", ""screaming""]","audios/train\104032.wav"
"104033.wav","/m/03qc9zr","[""/m/03qc9zr"", ""/m/09l8g""]","screaming","[""Human_voice"", ""screaming""]","audios/train\104033.wav"
"104035.wav","/m/03qc9zr","[""/m/03qc9zr"", ""/m/09l8g""]","screaming","[""Human_voice"", ""screaming""]","audios/train\104035.wav"
"351334.wav","/m/03qc9zr","[""/m/03qc9zr"", ""/m/09l8g""]","screaming","[""Human_voice"", ""screaming""]","audios/train\351334.wav"
"351335.wav","/m/03qc9zr","[""/m/03qc9zr"", ""/m/09l8g""]","screaming","[""Human_voice"", ""screaming""]","audios/train\351335.wav"
"104038.wav","/m/03qc9zr","[""/m/03qc9zr"", ""/m/07sr1lc"", ""/m/09l8g"", ""/m/07p6fty""]","screaming","[""Human_voice"", ""Yell"", ""screaming"", ""shout""]","audios/train\104038.wav"
"351337.wav","/m/03qc9zr","[""/m/03qc9zr"", ""/m/09l8g""]","screaming","[""Human_voice"", ""screaming""]","audios/train\351337.wav"
"351339.wav","/m/03qc9zr","[""/m/03qc9zr"", ""/m/09l8g""]","screaming","[""Human_voice"", ""screaming""]","audios/train\351339.wav"
"270446.wav","/m/03qc9zr","[""/m/03qc9zr"", ""/m/09l8g""]","screaming","[""Human_voice"", ""screaming""]","audios/train\270446.wav"
"179313.wav","/m/03qc9zr","[""/m/03qc9zr"", ""/m/09l8g""]","screaming","[""Human_voice"", ""screaming""]","audios/train\179313.wav"
"179315.wav","/m/03qc9zr","[""/m/03qc9zr"", ""/m/07sr1lc"", ""/m/09l8g"", ""/m/07p6fty""]","screaming","[""Human_voice"", ""Yell"", ""screaming"", ""shout""]","audios/train\179315.wav"
"180341.wav","/m/03qc9zr","[""/m/03qc9zr"", ""/m/07sr1lc"", ""/m/09l8g"", ""/m/07p6fty""]","screaming","[""Human_voice"", ""Yell"", ""screaming"", ""shout""]","audios/train\180341.wav"
"179317.wav","/m/03qc9zr","[""/m/03qc9zr"", ""/m/09l8g""]","screaming","[""Human_voice"", ""screaming""]","audios/train\179317.wav"
"135799.wav","/m/03qc9zr","[""/m/03qc9zr"", ""/m/09l8g""]","screaming","[""Human_voice"", ""screaming""]","audios/train\135799.wav"
"180344.wav","/m/03qc9zr","[""/m/03qc9zr"", ""/m/07sr1lc"", ""/m/09l8g"", ""/m/07p6fty""]","screaming","[""Human_voice"", ""Yell"", ""screaming"", ""shout""]","audios/train\180344.wav"
"179319.wav","/m/03qc9zr","[""/m/03qc9zr"", ""/m/09l8g""]","screaming","[""Human_voice"", ""screaming""]","audios/train\179319.wav"
"179321.wav","/m/03qc9zr","[""/m/03qc9zr"", ""/m/09l8g""]","screaming","[""Human_voice"", ""screaming""]","audios/train\179321.wav"
"180348.wav","/m/03qc9zr","[""/m/03qc9zr"", ""/m/09l8g""]","screaming","[""Human_voice"", ""screaming""]","audios/train\180348.wav"
"131709.wav","/m/03qc9zr","[""/m/03qc9zr"", ""/m/09l8g""]","screaming","[""Human_voice"", ""screaming""]","audios/train\131709.wav"
"180350.wav","/m/03qc9zr","[""/m/03qc9zr"", ""/m/09l8g""]","screaming","[""Human_voice"", ""screaming""]","audios/train\180350.wav"
"338049.wav","/m/03qc9zr","[""/m/03qc9zr"", ""/m/09l8g""]","screaming","[""Human_voice"", ""screaming""]","audios/train\338049.wav"
"220289.wav","/m/03qc9zr","[""/m/03qc9zr"", ""/m/09l8g""]","screaming","[""Human_voice"", ""screaming""]","audios/train\220289.wav"
"220291.wav","/m/03qc9zr","[""/m/03qc9zr"", ""/m/09l8g""]","screaming","[""Human_voice"", ""screaming""]","audios/train\220291.wav"
"220292.wav","/m/03qc9zr","[""/m/03qc9zr"", ""/m/09l8g""]","screaming","[""Human_voice"", ""screaming""]","audios/train\220292.wav"
"220293.wav","/m/03qc9zr","[""/m/03qc9zr"", ""/m/09l8g""]","screaming","[""Human_voice"", ""screaming""]","audios/train\220293.wav"
"132738.wav","/m/03qc9zr","[""/m/03qc9zr"", ""/m/07sr1lc"", ""/m/01j3sz"", ""/m/09l8g"", ""/m/07p6fty""]","screaming","[""shout"", ""Yell"", ""screaming"", ""Laughter"", ""Human_voice""]","audios/train\132738.wav"
"220295.wav","/m/03qc9zr","[""/m/03qc9zr"", ""/m/09l8g""]","screaming","[""Human_voice"", ""screaming""]","audios/train\220295.wav"
"270474.wav","/m/03qc9zr","[""/m/03qc9zr"", ""/m/09l8g""]","screaming","[""Human_voice"", ""screaming""]","audios/train\270474.wav"
"182924.wav","/m/03qc9zr","[""/m/03qc9zr"", ""/m/09l8g""]","screaming","[""Human_voice"", ""screaming""]","audios/train\182924.wav"
"220302.wav","/m/03qc9zr","[""/m/03qc9zr"", ""/m/09l8g""]","screaming","[""Human_voice"", ""screaming""]","audios/train\220302.wav"
"220814.wav","/m/03qc9zr","[""/m/03qc9zr"", ""/m/09l8g""]","screaming","[""Human_voice"", ""screaming""]","audios/train\220814.wav"
"63632.wav","/m/03qc9zr","[""/m/03qc9zr"", ""/m/09l8g""]","screaming","[""Human_voice"", ""screaming""]","audios/train\63632.wav"
"220815.wav","/m/03qc9zr","[""/m/03qc9zr"", ""/m/09l8g""]","screaming","[""Human_voice"", ""screaming""]","audios/train\220815.wav"
"220817.wav","/m/03qc9zr","[""/m/03qc9zr"", ""/m/07sr1lc"", ""/m/09l8g"", ""/m/07p6fty""]","screaming","[""Human_voice"", ""Yell"", ""screaming"", ""shout""]","audios/train\220817.wav"
"220818.wav","/m/03qc9zr","[""/m/03qc9zr"", ""/m/07sr1lc"", ""/m/09l8g"", ""/m/07p6fty""]","screaming","[""Human_voice"", ""Yell"", ""screaming"", ""shout""]","audios/train\220818.wav"
"63637.wav","/m/03qc9zr","[""/m/03qc9zr"", ""/m/09l8g""]","screaming","[""Human_voice"", ""screaming""]","audios/train\63637.wav"
"220822.wav","/m/03qc9zr","[""/m/03qc9zr"", ""/m/07sr1lc"", ""/m/09l8g"", ""/m/07p6fty""]","screaming","[""Human_voice"", ""Yell"", ""screaming"", ""shout""]","audios/train\220822.wav"
"220823.wav","/m/03qc9zr","[""/m/03qc9zr"", ""/m/07sr1lc"", ""/m/09l8g"", ""/m/07p6fty""]","screaming","[""Human_voice"", ""Yell"", ""screaming"", ""shout""]","audios/train\220823.wav"
"63641.wav","/m/03qc9zr","[""/m/03qc9zr"", ""/m/09l8g""]","screaming","[""Human_voice"", ""screaming""]","audios/train\63641.wav"
"336537.wav","/m/03qc9zr","[""/m/03qc9zr"", ""/m/09l8g""]","screaming","[""Human_voice"", ""screaming""]","audios/train\336537.wav"
"29849.wav","/m/03qc9zr","[""/m/03qc9zr"", ""/m/09l8g""]","screaming","[""Human_voice"", ""screaming""]","audios/train\29849.wav"
"91294.wav","/m/03qc9zr","[""/m/03qc9zr"", ""/m/09l8g""]","screaming","[""Human_voice"", ""screaming""]","audios/train\91294.wav"
"208034.wav","/m/03qc9zr","[""/m/03qc9zr"", ""/m/09l8g""]","screaming","[""Human_voice"", ""screaming""]","audios/train\208034.wav"
"33443.wav","/m/03qc9zr","[""/m/03qc9zr"", ""/m/09l8g""]","screaming","[""Human_voice"", ""screaming""]","audios/train\33443.wav"
"219815.wav","/m/03qc9zr","[""/m/03qc9zr"", ""/m/09l8g""]","screaming","[""Human_voice"", ""screaming""]","audios/train\219815.wav"
"250550.wav","/m/03qc9zr","[""/m/03qc9zr"", ""/m/07sr1lc"", ""/m/09l8g"", ""/m/07p6fty""]","screaming","[""Human_voice"", ""Yell"", ""screaming"", ""shout""]","audios/train\250550.wav"
"368824.wav","/m/03qc9zr","[""/m/03qc9zr"", ""/m/09l8g""]","screaming","[""Human_voice"", ""screaming""]","audios/train\368824.wav"
"391358.wav","/m/03qc9zr","[""/m/03qc9zr"", ""/m/09l8g""]","screaming","[""Human_voice"", ""screaming""]","audios/train\391358.wav"
"393918.wav","/m/03qc9zr","[""/m/03qc9zr"", ""/m/09l8g""]","screaming","[""Human_voice"", ""screaming""]","audios/train\393918.wav"
"391362.wav","/m/03qc9zr","[""/m/03qc9zr"", ""/m/09l8g""]","screaming","[""Human_voice"", ""screaming""]","audios/train\391362.wav"
"125130.wav","/m/03qc9zr","[""/m/03qc9zr"", ""/m/09l8g""]","screaming","[""Human_voice"", ""screaming""]","audios/train\125130.wav"
"125131.wav","/m/03qc9zr","[""/m/03qc9zr"", ""/m/09l8g""]","screaming","[""Human_voice"", ""screaming""]","audios/train\125131.wav"
"220365.wav","/m/03qc9zr","[""/m/03qc9zr"", ""/m/09l8g""]","screaming","[""Human_voice"", ""screaming""]","audios/train\220365.wav"
"220665.wav","/m/03qc9zr","[""/m/03qc9zr"", ""/m/09l8g""]","screaming","[""Human_voice"", ""screaming""]","audios/train\220665.wav"
"220368.wav","/m/03qc9zr","[""/m/03qc9zr"", ""/m/09l8g""]","screaming","[""Human_voice"", ""screaming""]","audios/train\220368.wav"
"219858.wav","/m/03qc9zr","[""/m/03qc9zr"", ""/m/09l8g""]","screaming","[""Human_voice"", ""screaming""]","audios/train\219858.wav"
"384213.wav","/m/03qc9zr","[""/m/03qc9zr"", ""/m/09l8g""]","screaming","[""Human_voice"", ""screaming""]","audios/train\384213.wav"
"402645.wav","/m/03qc9zr","[""/m/03qc9zr"", ""/m/07p6fty"", ""/m/09l8g""]","screaming","[""Human_voice"", ""screaming"", ""shout""]","audios/train\402645.wav"
"9432.wav","/m/03qc9zr","[""/m/03qc9zr"", ""/m/09l8g""]","screaming","[""Human_voice"", ""screaming""]","audios/train\9432.wav"
"9433.wav","/m/03qc9zr","[""/m/03qc9zr"", ""/m/09l8g""]","screaming","[""Human_voice"", ""screaming""]","audios/train\9433.wav"
"9434.wav","/m/03qc9zr","[""/m/03qc9zr"", ""/m/09l8g""]","screaming","[""Human_voice"", ""screaming""]","audios/train\9434.wav"
"166619.wav","/m/03qc9zr","[""/m/03qc9zr"", ""/m/09l8g""]","screaming","[""Human_voice"", ""screaming""]","audios/train\166619.wav"
"63708.wav","/m/03qc9zr","[""/m/03qc9zr"", ""/m/09l8g""]","screaming","[""Human_voice"", ""screaming""]","audios/train\63708.wav"
"219868.wav","/m/03qc9zr","[""/m/03qc9zr"", ""/m/09l8g""]","screaming","[""Human_voice"", ""screaming""]","audios/train\219868.wav"
"166621.wav","/m/03qc9zr","[""/m/03qc9zr"", ""/m/09l8g""]","screaming","[""Human_voice"", ""screaming""]","audios/train\166621.wav"
"219871.wav","/m/03qc9zr","[""/m/03qc9zr"", ""/m/09l8g""]","screaming","[""Human_voice"", ""screaming""]","audios/train\219871.wav"
"166623.wav","/m/03qc9zr","[""/m/03qc9zr"", ""/m/09l8g""]","screaming","[""Human_voice"", ""screaming""]","audios/train\166623.wav"
"9435.wav","/m/03qc9zr","[""/m/03qc9zr"", ""/m/09l8g""]","screaming","[""Human_voice"", ""screaming""]","audios/train\9435.wav"
"261853.wav","/m/03qc9zr","[""/m/03qc9zr"", ""/m/09l8g""]","screaming","[""Human_voice"", ""screaming""]","audios/train\261853.wav"
"178410.wav","/m/03qc9zr","[""/m/03qc9zr"", ""/m/09l8g""]","screaming","[""Human_voice"", ""screaming""]","audios/train\178410.wav"
"76522.wav","/m/03qc9zr","[""/m/03qc9zr"", ""/m/09l8g""]","screaming","[""Human_voice"", ""screaming""]","audios/train\76522.wav"
"432875.wav","/m/03qc9zr","[""/m/03qc9zr"", ""/m/07p6fty"", ""/m/09l8g""]","screaming","[""Human_voice"", ""screaming"", ""shout""]","audios/train\432875.wav"
"219883.wav","/m/03qc9zr","[""/m/03qc9zr"", ""/m/09l8g""]","screaming","[""Human_voice"", ""screaming""]","audios/train\219883.wav"
"219882.wav","/m/03qc9zr","[""/m/03qc9zr"", ""/m/09l8g""]","screaming","[""Human_voice"", ""screaming""]","audios/train\219882.wav"
"320247.wav","/m/03qc9zr","[""/m/03qc9zr"", ""/m/09l8g""]","screaming","[""Human_voice"", ""screaming""]","audios/train\320247.wav"
"67324.wav","/m/03qc9zr","[""/m/03qc9zr"", ""/m/09l8g""]","screaming","[""Human_voice"", ""screaming""]","audios/train\67324.wav"
"427774.wav","/m/03qc9zr","[""/m/03qc9zr"", ""/m/09l8g""]","screaming","[""Human_voice"", ""screaming""]","audios/train\427774.wav"
"273151.wav","/m/03qc9zr","[""/m/03qc9zr"", ""/m/09l8g""]","screaming","[""Human_voice"", ""screaming""]","audios/train\273151.wav"
"273153.wav","/m/03qc9zr","[""/m/03qc9zr"", ""/m/09l8g""]","screaming","[""Human_voice"", ""screaming""]","audios/train\273153.wav"
"166154.wav","/m/03qc9zr","[""/m/03qc9zr"", ""/m/09l8g""]","screaming","[""Human_voice"", ""screaming""]","audios/train\166154.wav"
"209164.wav","/m/03qc9zr","[""/m/03qc9zr"", ""/m/09l8g""]","screaming","[""Human_voice"", ""screaming""]","audios/train\209164.wav"
"166157.wav","/m/03qc9zr","[""/m/03qc9zr"", ""/m/09l8g""]","screaming","[""Human_voice"", ""screaming""]","audios/train\166157.wav"
"89362.wav","/m/03qc9zr","[""/m/03qc9zr"", ""/m/09l8g""]","screaming","[""Human_voice"", ""screaming""]","audios/train\89362.wav"
"168725.wav","/m/03qc9zr","[""/m/03qc9zr"", ""/m/07sr1lc"", ""/m/09l8g"", ""/m/07p6fty""]","screaming","[""Human_voice"", ""Yell"", ""screaming"", ""shout""]","audios/train\168725.wav"
"175385.wav","/m/03qc9zr","[""/m/03qc9zr"", ""/m/09l8g""]","screaming","[""Human_voice"", ""screaming""]","audios/train\175385.wav"
"59163.wav","/m/03qc9zr","[""/m/03qc9zr"", ""/m/09l8g""]","screaming","[""Human_voice"", ""screaming""]","audios/train\59163.wav"
"175389.wav","/m/03qc9zr","[""/m/03qc9zr"", ""/m/09l8g""]","screaming","[""Human_voice"", ""screaming""]","audios/train\175389.wav"
"239902.wav","/m/03qc9zr","[""/m/03qc9zr"", ""/m/09l8g""]","screaming","[""Human_voice"", ""screaming""]","audios/train\239902.wav"
"61219.wav","/m/03qc9zr","[""/m/03qc9zr"", ""/m/09l8g""]","screaming","[""Human_voice"", ""screaming""]","audios/train\61219.wav"
"399675.wav","/m/03qc9zr","[""/m/03qc9zr"", ""/m/09l8g""]","screaming","[""Human_voice"", ""screaming""]","audios/train\399675.wav"
"219453.wav","/m/03qc9zr","[""/m/03qc9zr"", ""/m/09l8g""]","screaming","[""Human_voice"", ""screaming""]","audios/train\219453.wav"
"241472.wav","/m/03qc9zr","[""/m/03qc9zr"", ""/m/09l8g""]","screaming","[""Human_voice"", ""screaming""]","audios/train\241472.wav"
"149825.wav","/m/03qc9zr","[""/m/03qc9zr"", ""/m/09l8g""]","screaming","[""Human_voice"", ""screaming""]","audios/train\149825.wav"
"222530.wav","/m/03qc9zr","[""/m/03qc9zr"", ""/m/09l8g""]","screaming","[""Human_voice"", ""screaming""]","audios/train\222530.wav"
"222534.wav","/m/03qc9zr","[""/m/03qc9zr"", ""/m/09l8g""]","screaming","[""Human_voice"", ""screaming""]","audios/train\222534.wav"
"222535.wav","/m/03qc9zr","[""/m/03qc9zr"", ""/m/09l8g""]","screaming","[""Human_voice"", ""screaming""]","audios/train\222535.wav"
"343879.wav","/m/03qc9zr","[""/m/03qc9zr"", ""/m/09l8g""]","screaming","[""Human_voice"", ""screaming""]","audios/train\343879.wav"
"168777.wav","/m/03qc9zr","[""/m/03qc9zr"", ""/m/09l8g""]","screaming","[""Human_voice"", ""screaming""]","audios/train\168777.wav"
"222537.wav","/m/03qc9zr","[""/m/03qc9zr"", ""/m/09l8g""]","screaming","[""Human_voice"", ""screaming""]","audios/train\222537.wav"
"21323.wav","/m/03qc9zr","[""/m/03qc9zr"", ""/m/09l8g""]","screaming","[""Human_voice"", ""screaming""]","audios/train\21323.wav"
"21324.wav","/m/03qc9zr","[""/m/03qc9zr"", ""/m/09l8g""]","screaming","[""Human_voice"", ""screaming""]","audios/train\21324.wav"
"253771.wav","/m/03qc9zr","[""/m/03qc9zr"", ""/m/09l8g""]","screaming","[""Human_voice"", ""screaming""]","audios/train\253771.wav"
"139086.wav","/m/03qc9zr","[""/m/03qc9zr"", ""/m/09l8g""]","screaming","[""Human_voice"", ""screaming""]","audios/train\139086.wav"
"139087.wav","/m/03qc9zr","[""/m/03qc9zr"", ""/m/09l8g""]","screaming","[""Human_voice"", ""screaming""]","audios/train\139087.wav"
"387409.wav","/m/03qc9zr","[""/m/03qc9zr"", ""/m/09l8g""]","screaming","[""Human_voice"", ""screaming""]","audios/train\387409.wav"
"222545.wav","/m/03qc9zr","[""/m/03qc9zr"", ""/m/09l8g""]","screaming","[""Human_voice"", ""screaming""]","audios/train\222545.wav"
"169810.wav","/m/03qc9zr","[""/m/03qc9zr"", ""/m/07sr1lc"", ""/m/09l8g"", ""/m/07p6fty""]","screaming","[""Human_voice"", ""Yell"", ""screaming"", ""shout""]","audios/train\169810.wav"
"252244.wav","/m/03qc9zr","[""/m/03qc9zr"", ""/m/09l8g""]","screaming","[""Human_voice"", ""screaming""]","audios/train\252244.wav"
"169811.wav","/m/03qc9zr","[""/m/03qc9zr"", ""/m/07sr1lc"", ""/m/09l8g"", ""/m/07p6fty""]","screaming","[""Human_voice"", ""Yell"", ""screaming"", ""shout""]","audios/train\169811.wav"
"343897.wav","/m/03qc9zr","[""/m/03qc9zr"", ""/m/09l8g""]","screaming","[""Human_voice"", ""screaming""]","audios/train\343897.wav"
"42849.wav","/m/03qc9zr","[""/m/03qc9zr"", ""/m/09l8g""]","screaming","[""Human_voice"", ""screaming""]","audios/train\42849.wav"
"76644.wav","/m/03qc9zr","[""/m/03qc9zr"", ""/m/09l8g""]","screaming","[""Human_voice"", ""screaming""]","audios/train\76644.wav"
"381801.wav","/m/03qc9zr","[""/m/03qc9zr"", ""/m/09l8g""]","screaming","[""Human_voice"", ""screaming""]","audios/train\381801.wav"
"381802.wav","/m/03qc9zr","[""/m/03qc9zr"", ""/m/09l8g""]","screaming","[""Human_voice"", ""screaming""]","audios/train\381802.wav"
"381803.wav","/m/03qc9zr","[""/m/03qc9zr"", ""/m/09l8g""]","screaming","[""Human_voice"", ""screaming""]","audios/train\381803.wav"
"345450.wav","/m/03qc9zr","[""/m/03qc9zr"", ""/m/09l8g""]","screaming","[""Human_voice"", ""screaming""]","audios/train\345450.wav"
"381805.wav","/m/03qc9zr","[""/m/03qc9zr"", ""/m/09l8g""]","screaming","[""Human_voice"", ""screaming""]","audios/train\381805.wav"
"241515.wav","/m/03qc9zr","[""/m/03qc9zr"", ""/m/09l8g""]","screaming","[""Human_voice"", ""screaming""]","audios/train\241515.wav"
"343915.wav","/m/03qc9zr","[""/m/03qc9zr"", ""/m/09l8g""]","screaming","[""Human_voice"", ""screaming""]","audios/train\343915.wav"
"343918.wav","/m/03qc9zr","[""/m/03qc9zr"", ""/m/07sr1lc"", ""/m/09l8g"", ""/m/07p6fty""]","screaming","[""Human_voice"", ""Yell"", ""screaming"", ""shout""]","audios/train\343918.wav"
"222583.wav","/m/03qc9zr","[""/m/03qc9zr"", ""/m/09l8g""]","screaming","[""Human_voice"", ""screaming""]","audios/train\222583.wav"
"222584.wav","/m/03qc9zr","[""/m/03qc9zr"", ""/m/09l8g""]","screaming","[""Human_voice"", ""screaming""]","audios/train\222584.wav"
"222586.wav","/m/03qc9zr","[""/m/03qc9zr"", ""/m/09l8g""]","screaming","[""Human_voice"", ""screaming""]","audios/train\222586.wav"
"343930.wav","/m/03qc9zr","[""/m/03qc9zr"", ""/m/07sr1lc"", ""/m/09l8g"", ""/m/07p6fty""]","screaming","[""Human_voice"", ""Yell"", ""screaming"", ""shout""]","audios/train\343930.wav"
"222589.wav","/m/03qc9zr","[""/m/03qc9zr"", ""/m/09l8g""]","screaming","[""Human_voice"", ""screaming""]","audios/train\222589.wav"
"124800.wav","/m/03qc9zr","[""/m/03qc9zr"", ""/m/09l8g""]","screaming","[""Human_voice"", ""screaming""]","audios/train\124800.wav"
"134021.wav","/m/03qc9zr","[""/m/03qc9zr"", ""/m/09l8g""]","screaming","[""Human_voice"", ""screaming""]","audios/train\134021.wav"
"66949.wav","/m/03qc9zr","[""/m/03qc9zr"", ""/m/09l8g""]","screaming","[""Human_voice"", ""screaming""]","audios/train\66949.wav"
"124805.wav","/m/03qc9zr","[""/m/03qc9zr"", ""/m/09l8g""]","screaming","[""Human_voice"", ""screaming""]","audios/train\124805.wav"
"351627.wav","/m/03qc9zr","[""/m/03qc9zr"", ""/m/09l8g""]","screaming","[""Human_voice"", ""screaming""]","audios/train\351627.wav"
"351628.wav","/m/03qc9zr","[""/m/03qc9zr"", ""/m/09l8g""]","screaming","[""Human_voice"", ""screaming""]","audios/train\351628.wav"
"351630.wav","/m/03qc9zr","[""/m/03qc9zr"", ""/m/09l8g""]","screaming","[""Human_voice"", ""screaming""]","audios/train\351630.wav"
"343948.wav","/m/03qc9zr","[""/m/03qc9zr"", ""/m/09l8g""]","screaming","[""Human_voice"", ""screaming""]","audios/train\343948.wav"
"187793.wav","/m/03qc9zr","[""/m/03qc9zr"", ""/m/09l8g""]","screaming","[""Human_voice"", ""screaming""]","audios/train\187793.wav"
"163728.wav","/m/03qc9zr","[""/m/03qc9zr"", ""/m/07p6fty"", ""/m/09l8g""]","screaming","[""Human_voice"", ""screaming"", ""shout""]","audios/train\163728.wav"
"163729.wav","/m/03qc9zr","[""/m/03qc9zr"", ""/m/09l8g""]","screaming","[""Human_voice"", ""screaming""]","audios/train\163729.wav"
"343954.wav","/m/03qc9zr","[""/m/03qc9zr"", ""/m/07sr1lc"", ""/m/09l8g"", ""/m/07p6fty""]","screaming","[""Human_voice"", ""Yell"", ""screaming"", ""shout""]","audios/train\343954.wav"
"323080.wav","/m/03qc9zr","[""/m/03qc9zr"", ""/m/07p6fty"", ""/m/09l8g""]","screaming","[""Human_voice"", ""screaming"", ""shout""]","audios/train\323080.wav"
"149919.wav","/m/03qc9zr","[""/m/03qc9zr"", ""/m/09l8g""]","screaming","[""Human_voice"", ""screaming""]","audios/train\149919.wav"
"343974.wav","/m/03qc9zr","[""/m/03qc9zr"", ""/m/09l8g""]","screaming","[""Human_voice"", ""screaming""]","audios/train\343974.wav"
"323083.wav","/m/03qc9zr","[""/m/03qc9zr"", ""/m/07p6fty"", ""/m/09l8g""]","screaming","[""Human_voice"", ""screaming"", ""shout""]","audios/train\323083.wav"
"58794.wav","/m/03qc9zr","[""/m/03qc9zr"", ""/m/09l8g""]","screaming","[""Human_voice"", ""screaming""]","audios/train\58794.wav"
"64940.wav","/m/03qc9zr","[""/m/03qc9zr"", ""/m/09l8g""]","screaming","[""Human_voice"", ""screaming""]","audios/train\64940.wav"
"58797.wav","/m/03qc9zr","[""/m/03qc9zr"", ""/m/09l8g""]","screaming","[""Human_voice"", ""screaming""]","audios/train\58797.wav"
"323084.wav","/m/03qc9zr","[""/m/03qc9zr"", ""/m/07p6fty"", ""/m/09l8g""]","screaming","[""Human_voice"", ""screaming"", ""shout""]","audios/train\323084.wav"
"321971.wav","/m/03qc9zr","[""/m/03qc9zr"", ""/m/07sr1lc"", ""/m/09l8g"", ""/m/07p6fty""]","screaming","[""Human_voice"", ""Yell"", ""screaming"", ""shout""]","audios/train\321971.wav"
"315828.wav","/m/03qc9zr","[""/m/03qc9zr"", ""/m/09l8g""]","screaming","[""Human_voice"", ""screaming""]","audios/train\315828.wav"
"58803.wav","/m/03qc9zr","[""/m/03qc9zr"", ""/m/09l8g""]","screaming","[""Human_voice"", ""screaming""]","audios/train\58803.wav"
"241591.wav","/m/03qc9zr","[""/m/03qc9zr"", ""/m/09l8g""]","screaming","[""Human_voice"", ""screaming""]","audios/train\241591.wav"
"241592.wav","/m/03qc9zr","[""/m/03qc9zr"", ""/m/09l8g""]","screaming","[""Human_voice"", ""screaming""]","audios/train\241592.wav"
"315833.wav","/m/03qc9zr","[""/m/03qc9zr"", ""/m/09l8g""]","screaming","[""Human_voice"", ""screaming""]","audios/train\315833.wav"
"178105.wav","/m/03qc9zr","[""/m/03qc9zr"", ""/m/09l8g""]","screaming","[""Human_voice"", ""screaming""]","audios/train\178105.wav"
"344000.wav","/m/03qc9zr","[""/m/03qc9zr"", ""/m/09l8g""]","screaming","[""Human_voice"", ""screaming""]","audios/train\344000.wav"
"381893.wav","/m/03qc9zr","[""/m/03qc9zr"", ""/m/09l8g""]","screaming","[""Human_voice"", ""screaming""]","audios/train\381893.wav"
"381894.wav","/m/03qc9zr","[""/m/03qc9zr"", ""/m/09l8g""]","screaming","[""Human_voice"", ""screaming""]","audios/train\381894.wav"
"381895.wav","/m/03qc9zr","[""/m/03qc9zr"", ""/m/09l8g""]","screaming","[""Human_voice"", ""screaming""]","audios/train\381895.wav"
"220617.wav","/m/03qc9zr","[""/m/03qc9zr"", ""/m/09l8g""]","screaming","[""Human_voice"", ""screaming""]","audios/train\220617.wav"
"220619.wav","/m/03qc9zr","[""/m/03qc9zr"", ""/m/09l8g""]","screaming","[""Human_voice"", ""screaming""]","audios/train\220619.wav"
"144337.wav","/m/03qc9zr","[""/m/03qc9zr"", ""/m/09l8g""]","screaming","[""Human_voice"", ""screaming""]","audios/train\144337.wav"
"144338.wav","/m/03qc9zr","[""/m/03qc9zr"", ""/m/09l8g""]","screaming","[""Human_voice"", ""screaming""]","audios/train\144338.wav"
"395736.wav","/m/03qc9zr","[""/m/03qc9zr"", ""/m/09l8g""]","screaming","[""Human_voice"", ""screaming""]","audios/train\395736.wav"
"344028.wav","/m/03qc9zr","[""/m/03qc9zr"", ""/m/07sr1lc"", ""/m/09l8g"", ""/m/07p6fty""]","screaming","[""Human_voice"", ""Yell"", ""screaming"", ""shout""]","audios/train\344028.wav"
"344029.wav","/m/03qc9zr","[""/m/03qc9zr"", ""/m/09l8g""]","screaming","[""Human_voice"", ""screaming""]","audios/train\344029.wav"
"221150.wav","/m/03qc9zr","[""/m/03qc9zr"", ""/m/09l8g""]","screaming","[""Human_voice"", ""screaming""]","audios/train\221150.wav"
"221151.wav","/m/03qc9zr","[""/m/03qc9zr"", ""/m/09l8g""]","screaming","[""Human_voice"", ""screaming""]","audios/train\221151.wav"
"221152.wav","/m/03qc9zr","[""/m/03qc9zr"", ""/m/09l8g""]","screaming","[""Human_voice"", ""screaming""]","audios/train\221152.wav"
"221153.wav","/m/03qc9zr","[""/m/03qc9zr"", ""/m/09l8g""]","screaming","[""Human_voice"", ""screaming""]","audios/train\221153.wav"
"344037.wav","/m/03qc9zr","[""/m/03qc9zr"", ""/m/09l8g""]","screaming","[""Human_voice"", ""screaming""]","audios/train\344037.wav"
"9704.wav","/m/03qc9zr","[""/m/03qc9zr"", ""/m/09l8g""]","screaming","[""Human_voice"", ""screaming""]","audios/train\9704.wav"
"220649.wav","/m/03qc9zr","[""/m/03qc9zr"", ""/m/09l8g""]","screaming","[""Human_voice"", ""screaming""]","audios/train\220649.wav"
"34281.wav","/m/03qc9zr","[""/m/03qc9zr"", ""/m/09l8g""]","screaming","[""Human_voice"", ""screaming""]","audios/train\34281.wav"
"9706.wav","/m/03qc9zr","[""/m/03qc9zr"", ""/m/09l8g""]","screaming","[""Human_voice"", ""screaming""]","audios/train\9706.wav"
"34283.wav","/m/03qc9zr","[""/m/03qc9zr"", ""/m/09l8g""]","screaming","[""Human_voice"", ""screaming""]","audios/train\34283.wav"
"239592.wav","/m/03qc9zr","[""/m/03qc9zr"", ""/m/09l8g""]","screaming","[""Human_voice"", ""screaming""]","audios/train\239592.wav"
"316398.wav","/m/03qc9zr","[""/m/03qc9zr"", ""/m/09l8g""]","screaming","[""Human_voice"", ""screaming""]","audios/train\316398.wav"
"220655.wav","/m/03qc9zr","[""/m/03qc9zr"", ""/m/09l8g""]","screaming","[""Human_voice"", ""screaming""]","audios/train\220655.wav"
"220657.wav","/m/03qc9zr","[""/m/03qc9zr"", ""/m/09l8g""]","screaming","[""Human_voice"", ""screaming""]","audios/train\220657.wav"
"220658.wav","/m/03qc9zr","[""/m/03qc9zr"", ""/m/09l8g""]","screaming","[""Human_voice"", ""screaming""]","audios/train\220658.wav"
"220660.wav","/m/03qc9zr","[""/m/03qc9zr"", ""/m/09l8g""]","screaming","[""Human_voice"", ""screaming""]","audios/train\220660.wav"
"220663.wav","/m/03qc9zr","[""/m/03qc9zr"", ""/m/09l8g""]","screaming","[""Human_voice"", ""screaming""]","audios/train\220663.wav"
"344056.wav","/m/03qc9zr","[""/m/03qc9zr"", ""/m/09l8g""]","screaming","[""Human_voice"", ""screaming""]","audios/train\344056.wav"
"208893.wav","/m/03qc9zr","[""/m/03qc9zr"", ""/m/09l8g""]","screaming","[""Human_voice"", ""screaming""]","audios/train\208893.wav"
"396799.wav","/m/03qc9zr","[""/m/03qc9zr"", ""/m/09l8g""]","screaming","[""Human_voice"", ""screaming""]","audios/train\396799.wav"
"145801.wav","/m/03qc9zr","[""/m/03qc9zr"", ""/m/09l8g""]","screaming","[""Human_voice"", ""screaming""]","audios/train\145801.wav"
"169628.wav","/m/03qc9zr","[""/m/03qc9zr"", ""/m/09l8g""]","screaming","[""Human_voice"", ""screaming""]","audios/train\169628.wav"
"350605.wav","/m/03qc9zr","[""/m/03qc9zr"", ""/m/0ytgt"", ""/m/09l8g"", ""/m/09x0r""]","screaming","[""Human_voice"", ""screaming"", ""Child_speech_and_kid_speaking"", ""Speech""]","audios/train\350605.wav"
"170955.wav","/m/0btp2","[""/m/0btp2"", ""/m/07jdr"", ""/m/06d_3"", ""/m/07yv9"", ""/m/012f08""]","traffic_noise","[""Train"", ""traffic_noise"", ""Motor_vehicle_(road)"", ""Rail_transport"", ""Vehicle""]","audios/train\170955.wav"
"351483.wav","/m/0bt9lr","[""/m/07jdr"", ""/m/0bt9lr"", ""/m/06d_3"", ""/m/07yv9"", ""/m/068hy"", ""/m/0jbk""]","dog_bark","[""Train"", ""Animal"", ""Rail_transport"", ""Domestic_animals_and_pets"", ""Vehicle"", ""dog_bark""]","audios/train\351483.wav"
"398683.wav","/m/0btp2","[""/m/07rkbfh"", ""/m/0btp2"", ""/m/07jdr"", ""/m/06d_3"", ""/m/07yv9"", ""/t/dd00012"", ""/m/012f08""]","traffic_noise","[""Chatter"", ""Train"", ""traffic_noise"", ""Motor_vehicle_(road)"", ""Human_group_actions"", ""Rail_transport"", ""Vehicle""]","audios/train\398683.wav"
"327127.wav","/m/0btp2","[""/m/07rkbfh"", ""/m/07qjznl"", ""/m/0btp2"", ""/t/dd00012"", ""/m/01x3z"", ""/t/dd00077"", ""/m/012f08"", ""/m/07yv9""]","traffic_noise","[""Chatter"", ""Vehicle"", ""Mechanisms"", ""traffic_noise"", ""Motor_vehicle_(road)"", ""Human_group_actions"", ""Clock"", ""Tick-tock""]","audios/train\327127.wav"
"233042.wav","/m/02mk9","[""/m/07rkbfh"", ""/t/dd00134"", ""/m/04_sv"", ""/m/0btp2"", ""/m/07q2z82"", ""/t/dd00012"", ""/m/0k4j"", ""/m/012f08"", ""/m/07yv9"", ""/m/02mk9""]","engine","[""Chatter"", ""Car"", ""Motorcycle"", ""Accelerating_and_revving_and_vroom"", ""Car_passing_by"", ""traffic_noise"", ""Motor_vehicle_(road)"", ""Human_group_actions"", ""engine"", ""Vehicle""]","audios/train\233042.wav"
"381197.wav","/m/0btp2","[""/m/0j6m2"", ""/m/07pqc89"", ""/m/0btp2"", ""/m/0838f"", ""/m/07prgkl"", ""/m/04k94"", ""/m/012f08"", ""/m/07yv9""]","traffic_noise","[""Vehicle"", ""Trickle_and_dribble"", ""Stream"", ""traffic_noise"", ""Liquid"", ""Pour"", ""Motor_vehicle_(road)"", ""Water""]","audios/train\381197.wav"
"420482.wav","/m/0btp2","[""/m/0j6m2"", ""/m/0btp2"", ""/m/07swgks"", ""/m/0838f"", ""/m/012f08"", ""/m/07yv9""]","traffic_noise","[""Gurgling"", ""Vehicle"", ""Stream"", ""traffic_noise"", ""Motor_vehicle_(road)"", ""Water""]","audios/train\420482.wav"
"243607.wav","/m/07pp_mv","[""/m/01x3z"", ""/m/03wwcy"", ""/t/dd00077"", ""/m/02dgv"", ""/t/dd00071"", ""/m/07pp_mv""]","alarm","[""alarm"", ""Mechanisms"", ""Domestic_sounds_and_home_sounds"", ""Door"", ""doorbell"", ""Clock""]","audios/train\243607.wav"
"59444.wav","/m/02mk9","[""/m/03qtwd"", ""/m/0ltv"", ""/m/07q2z82"", ""/t/dd00012"", ""/m/0k4j"", ""/m/012f08"", ""/m/07yv9"", ""/m/02mk9""]","engine","[""Car"", ""Crowd"", ""Accelerating_and_revving_and_vroom"", ""Motor_vehicle_(road)"", ""Human_group_actions"", ""Race_car_and_auto_racing"", ""engine"", ""Vehicle""]","audios/train\59444.wav"
"59446.wav","/m/02mk9","[""/m/03qtwd"", ""/m/0ltv"", ""/m/07q2z82"", ""/t/dd00012"", ""/m/0k4j"", ""/m/012f08"", ""/m/07yv9"", ""/m/02mk9""]","engine","[""Car"", ""Crowd"", ""Accelerating_and_revving_and_vroom"", ""Motor_vehicle_(road)"", ""Human_group_actions"", ""Race_car_and_auto_racing"", ""engine"", ""Vehicle""]","audios/train\59446.wav"
"316640.wav","/m/07p6fty","[""/m/03qtwd"", ""/m/07sr1lc"", ""/t/dd00012"", ""/m/07p6fty"", ""/m/09l8g""]","shout","[""shout"", ""Yell"", ""Crowd"", ""Human_group_actions"", ""Human_voice""]","audios/train\316640.wav"
"253587.wav","/m/07p6fty","[""/m/03qtwd"", ""/m/053hz1"", ""/m/07sr1lc"", ""/t/dd00012"", ""/m/07p6fty"", ""/m/09l8g""]","shout","[""shout"", ""Yell"", ""Crowd"", ""Human_group_actions"", ""Human_voice"", ""Cheering""]","audios/train\253587.wav"
"346933.wav","/m/0bt9lr","[""/m/020bb7"", ""/m/0bt9lr"", ""/m/015p6"", ""/m/01280g"", ""/m/0jbk"", ""/m/068hy""]","dog_bark","[""Wild_animals"", ""Bird"", ""Bird_vocalization_and_bird_call_and_bird_song"", ""Domestic_animals_and_pets"", ""Animal"", ""dog_bark""]","audios/train\346933.wav"
"250096.wav","/m/07pp_mv","[""/m/020bb7"", ""/m/07cx4"", ""/m/015p6"", ""/m/01280g"", ""/m/0jbk"", ""/m/07pp_mv""]","alarm","[""telephone"", ""Wild_animals"", ""alarm"", ""Bird"", ""Bird_vocalization_and_bird_call_and_bird_song"", ""Animal""]","audios/train\250096.wav"
"368083.wav","/m/02mk9","[""/m/07q2z82"", ""/m/020bb7"", ""/m/0k4j"", ""/m/015p6"", ""/m/01280g"", ""/m/0jbk"", ""/m/012f08"", ""/m/07yv9"", ""/m/02mk9""]","engine","[""Wild_animals"", ""Vehicle"", ""Bird"", ""Car"", ""Bird_vocalization_and_bird_call_and_bird_song"", ""Accelerating_and_revving_and_vroom"", ""Motor_vehicle_(road)"", ""engine"", ""Animal""]","audios/train\368083.wav"
"244767.wav","/m/0btp2","[""/m/0btp2"", ""/m/0g6b5"", ""/m/014zdl"", ""/m/012f08"", ""/m/07yv9""]","traffic_noise","[""Fireworks"", ""traffic_noise"", ""Motor_vehicle_(road)"", ""Vehicle"", ""Explosion""]","audios/train\244767.wav"
"274759.wav","/m/07pp_mv","[""/m/09l8g"", ""/m/07cx4"", ""/m/07pp_mv""]","alarm","[""Human_voice"", ""telephone"", ""alarm""]","audios/train\274759.wav"
"101313.wav","/m/07p6fty","[""/m/053hz1"", ""/m/09l8g"", ""/m/07p6fty"", ""/t/dd00012""]","shout","[""Human_voice"", ""shout"", ""Cheering"", ""Human_group_actions""]","audios/train\101313.wav"
"108049.wav","/m/07p6fty","[""/m/07sr1lc"", ""/m/09l8g"", ""/m/07p6fty""]","shout","[""Human_voice"", ""Yell"", ""shout""]","audios/train\108049.wav"
"421872.wav","/m/07p6fty","[""/m/07p6fty"", ""/m/09l8g""]","shout","[""Human_voice"", ""shout""]","audios/train\421872.wav"
"249791.wav","/m/07p6fty","[""/m/07p6fty"", ""/m/09l8g""]","shout","[""Human_voice"", ""shout""]","audios/train\249791.wav"
"253603.wav","/m/07p6fty","[""/m/053hz1"", ""/m/07sr1lc"", ""/t/dd00012"", ""/m/07p6fty"", ""/m/09l8g""]","shout","[""shout"", ""Yell"", ""Human_group_actions"", ""Human_voice"", ""Cheering""]","audios/train\253603.wav"
"235191.wav","/m/07p6fty","[""/m/053hz1"", ""/m/07sr1lc"", ""/t/dd00012"", ""/m/07p6fty"", ""/m/09l8g""]","shout","[""shout"", ""Yell"", ""Human_group_actions"", ""Human_voice"", ""Cheering""]","audios/train\235191.wav"
"221958.wav","/m/07p6fty","[""/m/053hz1"", ""/m/07p6fty"", ""/t/dd00012"", ""/m/09l8g""]","shout","[""Human_voice"", ""shout"", ""Cheering"", ""Human_group_actions""]","audios/train\221958.wav"
"101309.wav","/m/07p6fty","[""/m/053hz1"", ""/m/07p6fty"", ""/t/dd00012"", ""/m/09l8g""]","shout","[""Human_voice"", ""shout"", ""Cheering"", ""Human_group_actions""]","audios/train\101309.wav"
"101310.wav","/m/07p6fty","[""/m/053hz1"", ""/m/07p6fty"", ""/t/dd00012"", ""/m/09l8g""]","shout","[""Human_voice"", ""shout"", ""Cheering"", ""Human_group_actions""]","audios/train\101310.wav"
"101311.wav","/m/07p6fty","[""/m/053hz1"", ""/m/07p6fty"", ""/t/dd00012"", ""/m/09l8g""]","shout","[""Human_voice"", ""shout"", ""Cheering"", ""Human_group_actions""]","audios/train\101311.wav"
"101312.wav","/m/07p6fty","[""/m/053hz1"", ""/m/07p6fty"", ""/t/dd00012"", ""/m/09l8g""]","shout","[""Human_voice"", ""shout"", ""Cheering"", ""Human_group_actions""]","audios/train\101312.wav"
"101314.wav","/m/07p6fty","[""/m/053hz1"", ""/m/07p6fty"", ""/t/dd00012"", ""/m/09l8g""]","shout","[""Human_voice"", ""shout"", ""Cheering"", ""Human_group_actions""]","audios/train\101314.wav"
"101315.wav","/m/07p6fty","[""/m/053hz1"", ""/m/07p6fty"", ""/t/dd00012"", ""/m/09l8g""]","shout","[""Human_voice"", ""shout"", ""Cheering"", ""Human_group_actions""]","audios/train\101315.wav"
"101318.wav","/m/07p6fty","[""/m/053hz1"", ""/m/07p6fty"", ""/t/dd00012"", ""/m/09l8g""]","shout","[""Human_voice"", ""shout"", ""Cheering"", ""Human_group_actions""]","audios/train\101318.wav"
"63342.wav","/m/07p6fty","[""/m/053hz1"", ""/m/0l15bq"", ""/m/0ytgt"", ""/m/07p6fty"", ""/t/dd00012"", ""/m/09l8g"", ""/m/0k65p"", ""/m/09x0r""]","shout","[""shout"", ""Hands"", ""Child_speech_and_kid_speaking"", ""Clapping"", ""Speech"", ""Human_group_actions"", ""Human_voice"", ""Cheering""]","audios/train\63342.wav"
"75778.wav","/m/0bt9lr","[""/m/0bt9lr"", ""/m/068hy"", ""/m/0jbk""]","dog_bark","[""Domestic_animals_and_pets"", ""Animal"", ""dog_bark""]","audios/train\75778.wav"
"18453.wav","/m/0bt9lr","[""/m/0bt9lr"", ""/m/068hy"", ""/m/0jbk""]","dog_bark","[""Domestic_animals_and_pets"", ""Animal"", ""dog_bark""]","audios/train\18453.wav"
"221206.wav","/m/0bt9lr","[""/m/0bt9lr"", ""/m/068hy"", ""/m/0jbk""]","dog_bark","[""Domestic_animals_and_pets"", ""Animal"", ""dog_bark""]","audios/train\221206.wav"
"32794.wav","/m/0bt9lr","[""/m/0bt9lr"", ""/m/068hy"", ""/m/0jbk""]","dog_bark","[""Domestic_animals_and_pets"", ""Animal"", ""dog_bark""]","audios/train\32794.wav"
"32795.wav","/m/0bt9lr","[""/m/0bt9lr"", ""/m/068hy"", ""/m/0jbk""]","dog_bark","[""Domestic_animals_and_pets"", ""Animal"", ""dog_bark""]","audios/train\32795.wav"
"106582.wav","/m/0bt9lr","[""/m/0bt9lr"", ""/m/068hy"", ""/m/0jbk""]","dog_bark","[""Domestic_animals_and_pets"", ""Animal"", ""dog_bark""]","audios/train\106582.wav"
"391262.wav","/m/0bt9lr","[""/m/0bt9lr"", ""/m/068hy"", ""/m/0jbk""]","dog_bark","[""Domestic_animals_and_pets"", ""Animal"", ""dog_bark""]","audios/train\391262.wav"
"317538.wav","/m/0bt9lr","[""/m/0bt9lr"", ""/m/068hy"", ""/m/0jbk""]","dog_bark","[""Domestic_animals_and_pets"", ""Animal"", ""dog_bark""]","audios/train\317538.wav"
"391273.wav","/m/0bt9lr","[""/m/0bt9lr"", ""/m/068hy"", ""/m/0jbk""]","dog_bark","[""Domestic_animals_and_pets"", ""Animal"", ""dog_bark""]","audios/train\391273.wav"
"352366.wav","/m/0bt9lr","[""/m/0bt9lr"", ""/m/068hy"", ""/m/0jbk""]","dog_bark","[""Domestic_animals_and_pets"", ""Animal"", ""dog_bark""]","audios/train\352366.wav"
"120960.wav","/m/0bt9lr","[""/m/0bt9lr"", ""/m/068hy"", ""/m/0jbk""]","dog_bark","[""Domestic_animals_and_pets"", ""Animal"", ""dog_bark""]","audios/train\120960.wav"
"262275.wav","/m/0bt9lr","[""/m/0bt9lr"", ""/m/068hy"", ""/m/0jbk""]","dog_bark","[""Domestic_animals_and_pets"", ""Animal"", ""dog_bark""]","audios/train\262275.wav"
"327813.wav","/m/0bt9lr","[""/m/0bt9lr"", ""/m/068hy"", ""/m/0jbk""]","dog_bark","[""Domestic_animals_and_pets"", ""Animal"", ""dog_bark""]","audios/train\327813.wav"
"127111.wav","/m/0bt9lr","[""/m/0bt9lr"", ""/m/068hy"", ""/m/0jbk""]","dog_bark","[""Domestic_animals_and_pets"", ""Animal"", ""dog_bark""]","audios/train\127111.wav"
"213140.wav","/m/0bt9lr","[""/m/0bt9lr"", ""/m/068hy"", ""/m/0jbk""]","dog_bark","[""Domestic_animals_and_pets"", ""Animal"", ""dog_bark""]","audios/train\213140.wav"
"260248.wav","/m/0bt9lr","[""/m/0bt9lr"", ""/m/068hy"", ""/m/0jbk""]","dog_bark","[""Domestic_animals_and_pets"", ""Animal"", ""dog_bark""]","audios/train\260248.wav"
"34973.wav","/m/0bt9lr","[""/m/0bt9lr"", ""/m/068hy"", ""/m/0jbk""]","dog_bark","[""Domestic_animals_and_pets"", ""Animal"", ""dog_bark""]","audios/train\34973.wav"
"389291.wav","/m/0bt9lr","[""/m/0bt9lr"", ""/m/068hy"", ""/m/0jbk""]","dog_bark","[""Domestic_animals_and_pets"", ""Animal"", ""dog_bark""]","audios/train\389291.wav"
"389298.wav","/m/0bt9lr","[""/m/0bt9lr"", ""/m/068hy"", ""/m/0jbk""]","dog_bark","[""Domestic_animals_and_pets"", ""Animal"", ""dog_bark""]","audios/train\389298.wav"
"118965.wav","/m/0bt9lr","[""/m/0bt9lr"", ""/m/068hy"", ""/m/0jbk""]","dog_bark","[""Domestic_animals_and_pets"", ""Animal"", ""dog_bark""]","audios/train\118965.wav"
"118966.wav","/m/0bt9lr","[""/m/0bt9lr"", ""/m/068hy"", ""/m/0jbk""]","dog_bark","[""Domestic_animals_and_pets"", ""Animal"", ""dog_bark""]","audios/train\118966.wav"
"118967.wav","/m/0bt9lr","[""/m/0bt9lr"", ""/m/068hy"", ""/m/0jbk""]","dog_bark","[""Domestic_animals_and_pets"", ""Animal"", ""dog_bark""]","audios/train\118967.wav"
"118968.wav","/m/0bt9lr","[""/m/0bt9lr"", ""/m/068hy"", ""/m/0jbk""]","dog_bark","[""Domestic_animals_and_pets"", ""Animal"", ""dog_bark""]","audios/train\118968.wav"
"118969.wav","/m/0bt9lr","[""/m/0bt9lr"", ""/m/068hy"", ""/m/0jbk""]","dog_bark","[""Domestic_animals_and_pets"", ""Animal"", ""dog_bark""]","audios/train\118969.wav"
"118970.wav","/m/0bt9lr","[""/m/0bt9lr"", ""/m/068hy"", ""/m/0jbk""]","dog_bark","[""Domestic_animals_and_pets"", ""Animal"", ""dog_bark""]","audios/train\118970.wav"
"61702.wav","/m/0bt9lr","[""/m/0bt9lr"", ""/m/068hy"", ""/m/0jbk""]","dog_bark","[""Domestic_animals_and_pets"", ""Animal"", ""dog_bark""]","audios/train\61702.wav"
"432758.wav","/m/0bt9lr","[""/m/0bt9lr"", ""/m/068hy"", ""/m/0jbk""]","dog_bark","[""Domestic_animals_and_pets"", ""Animal"", ""dog_bark""]","audios/train\432758.wav"
"221496.wav","/m/0bt9lr","[""/m/0bt9lr"", ""/m/068hy"", ""/m/0jbk""]","dog_bark","[""Domestic_animals_and_pets"", ""Animal"", ""dog_bark""]","audios/train\221496.wav"
"379205.wav","/m/0bt9lr","[""/m/0bt9lr"", ""/m/068hy"", ""/m/0jbk""]","dog_bark","[""Domestic_animals_and_pets"", ""Animal"", ""dog_bark""]","audios/train\379205.wav"
"45390.wav","/m/0bt9lr","[""/m/0bt9lr"", ""/m/068hy"", ""/m/0jbk""]","dog_bark","[""Domestic_animals_and_pets"", ""Animal"", ""dog_bark""]","audios/train\45390.wav"
"45391.wav","/m/0bt9lr","[""/m/0bt9lr"", ""/m/0lyf6"", ""/m/068hy"", ""/m/0jbk"", ""/m/09hlz4""]","dog_bark","[""Respiratory_sounds"", ""Breathing"", ""Domestic_animals_and_pets"", ""Animal"", ""dog_bark""]","audios/train\45391.wav"
"45392.wav","/m/0bt9lr","[""/m/0bt9lr"", ""/m/068hy"", ""/m/0jbk""]","dog_bark","[""Domestic_animals_and_pets"", ""Animal"", ""dog_bark""]","audios/train\45392.wav"
"336217.wav","/m/0bt9lr","[""/m/0bt9lr"", ""/m/068hy"", ""/m/0jbk""]","dog_bark","[""Domestic_animals_and_pets"", ""Animal"", ""dog_bark""]","audios/train\336217.wav"
"393569.wav","/m/0bt9lr","[""/m/0bt9lr"", ""/m/068hy"", ""/m/0jbk""]","dog_bark","[""Domestic_animals_and_pets"", ""Animal"", ""dog_bark""]","audios/train\393569.wav"
"393570.wav","/m/0bt9lr","[""/m/0bt9lr"", ""/m/068hy"", ""/m/0jbk""]","dog_bark","[""Domestic_animals_and_pets"", ""Animal"", ""dog_bark""]","audios/train\393570.wav"
"393568.wav","/m/0bt9lr","[""/m/0bt9lr"", ""/m/068hy"", ""/m/0jbk""]","dog_bark","[""Domestic_animals_and_pets"", ""Animal"", ""dog_bark""]","audios/train\393568.wav"
"235876.wav","/m/0bt9lr","[""/m/0bt9lr"", ""/m/068hy"", ""/m/0jbk""]","dog_bark","[""Domestic_animals_and_pets"", ""Animal"", ""dog_bark""]","audios/train\235876.wav"
"393573.wav","/m/0bt9lr","[""/m/0ghcn6"", ""/m/0bt9lr"", ""/m/068hy"", ""/m/0jbk""]","dog_bark","[""Domestic_animals_and_pets"", ""Animal"", ""dog_bark"", ""Growling""]","audios/train\393573.wav"
"235877.wav","/m/0bt9lr","[""/m/0bt9lr"", ""/m/068hy"", ""/m/0jbk""]","dog_bark","[""Domestic_animals_and_pets"", ""Animal"", ""dog_bark""]","audios/train\235877.wav"
"235878.wav","/m/0bt9lr","[""/m/0bt9lr"", ""/m/068hy"", ""/m/0jbk""]","dog_bark","[""Domestic_animals_and_pets"", ""Animal"", ""dog_bark""]","audios/train\235878.wav"
"235879.wav","/m/0bt9lr","[""/m/0bt9lr"", ""/m/068hy"", ""/m/0jbk""]","dog_bark","[""Domestic_animals_and_pets"", ""Animal"", ""dog_bark""]","audios/train\235879.wav"
"235875.wav","/m/0bt9lr","[""/m/0bt9lr"", ""/m/068hy"", ""/m/0jbk""]","dog_bark","[""Domestic_animals_and_pets"", ""Animal"", ""dog_bark""]","audios/train\235875.wav"
"12647.wav","/m/0bt9lr","[""/m/0bt9lr"", ""/m/068hy"", ""/m/0jbk""]","dog_bark","[""Domestic_animals_and_pets"", ""Animal"", ""dog_bark""]","audios/train\12647.wav"
"235883.wav","/m/0bt9lr","[""/m/0bt9lr"", ""/m/068hy"", ""/m/0jbk""]","dog_bark","[""Domestic_animals_and_pets"", ""Animal"", ""dog_bark""]","audios/train\235883.wav"
"235881.wav","/m/0bt9lr","[""/m/0bt9lr"", ""/m/068hy"", ""/m/0jbk""]","dog_bark","[""Domestic_animals_and_pets"", ""Animal"", ""dog_bark""]","audios/train\235881.wav"
"235887.wav","/m/0bt9lr","[""/m/0bt9lr"", ""/m/068hy"", ""/m/0jbk""]","dog_bark","[""Domestic_animals_and_pets"", ""Animal"", ""dog_bark""]","audios/train\235887.wav"
"235888.wav","/m/0bt9lr","[""/m/0bt9lr"", ""/m/068hy"", ""/m/0jbk""]","dog_bark","[""Domestic_animals_and_pets"", ""Animal"", ""dog_bark""]","audios/train\235888.wav"
"235889.wav","/m/0bt9lr","[""/m/0bt9lr"", ""/m/068hy"", ""/m/0jbk""]","dog_bark","[""Domestic_animals_and_pets"", ""Animal"", ""dog_bark""]","audios/train\235889.wav"
"235891.wav","/m/0bt9lr","[""/m/0bt9lr"", ""/m/068hy"", ""/m/0jbk""]","dog_bark","[""Domestic_animals_and_pets"", ""Animal"", ""dog_bark""]","audios/train\235891.wav"
"235892.wav","/m/0bt9lr","[""/m/0bt9lr"", ""/m/068hy"", ""/m/0jbk""]","dog_bark","[""Domestic_animals_and_pets"", ""Animal"", ""dog_bark""]","audios/train\235892.wav"
"350592.wav","/m/0bt9lr","[""/m/0ghcn6"", ""/m/0bt9lr"", ""/m/068hy"", ""/m/0jbk""]","dog_bark","[""Domestic_animals_and_pets"", ""Animal"", ""dog_bark"", ""Growling""]","audios/train\350592.wav"
"235915.wav","/m/0bt9lr","[""/m/0bt9lr"", ""/m/068hy"", ""/m/0jbk""]","dog_bark","[""Domestic_animals_and_pets"", ""Animal"", ""dog_bark""]","audios/train\235915.wav"
"321934.wav","/m/0bt9lr","[""/m/0bt9lr"", ""/m/068hy"", ""/m/0jbk""]","dog_bark","[""Domestic_animals_and_pets"", ""Animal"", ""dog_bark""]","audios/train\321934.wav"
"321935.wav","/m/0bt9lr","[""/m/0bt9lr"", ""/m/068hy"", ""/m/0jbk""]","dog_bark","[""Domestic_animals_and_pets"", ""Animal"", ""dog_bark""]","audios/train\321935.wav"
"235926.wav","/m/0bt9lr","[""/m/0bt9lr"", ""/m/068hy"", ""/m/0jbk""]","dog_bark","[""Domestic_animals_and_pets"", ""Animal"", ""dog_bark""]","audios/train\235926.wav"
"274841.wav","/m/0bt9lr","[""/m/0bt9lr"", ""/m/068hy"", ""/m/0jbk""]","dog_bark","[""Domestic_animals_and_pets"", ""Animal"", ""dog_bark""]","audios/train\274841.wav"
"100795.wav","/m/0bt9lr","[""/m/0bt9lr"", ""/m/068hy"", ""/m/0jbk""]","dog_bark","[""Domestic_animals_and_pets"", ""Animal"", ""dog_bark""]","audios/train\100795.wav"
"236012.wav","/m/0bt9lr","[""/m/0bt9lr"", ""/m/068hy"", ""/m/0jbk""]","dog_bark","[""Domestic_animals_and_pets"", ""Animal"", ""dog_bark""]","audios/train\236012.wav"
"236014.wav","/m/0bt9lr","[""/m/0bt9lr"", ""/m/068hy"", ""/m/0jbk""]","dog_bark","[""Domestic_animals_and_pets"", ""Animal"", ""dog_bark""]","audios/train\236014.wav"
"236015.wav","/m/0bt9lr","[""/m/0bt9lr"", ""/m/068hy"", ""/m/0jbk""]","dog_bark","[""Domestic_animals_and_pets"", ""Animal"", ""dog_bark""]","audios/train\236015.wav"
"78324.wav","/m/0bt9lr","[""/m/0ghcn6"", ""/m/0bt9lr"", ""/m/068hy"", ""/m/0jbk""]","dog_bark","[""Domestic_animals_and_pets"", ""Animal"", ""dog_bark"", ""Growling""]","audios/train\78324.wav"
"236023.wav","/m/0bt9lr","[""/m/0bt9lr"", ""/m/068hy"", ""/m/0jbk""]","dog_bark","[""Domestic_animals_and_pets"", ""Animal"", ""dog_bark""]","audios/train\236023.wav"
"236024.wav","/m/0bt9lr","[""/m/0bt9lr"", ""/m/068hy"", ""/m/0jbk""]","dog_bark","[""Domestic_animals_and_pets"", ""Animal"", ""dog_bark""]","audios/train\236024.wav"
"248315.wav","/m/0bt9lr","[""/m/0bt9lr"", ""/m/068hy"", ""/m/0jbk""]","dog_bark","[""Domestic_animals_and_pets"", ""Animal"", ""dog_bark""]","audios/train\248315.wav"
"236033.wav","/m/0bt9lr","[""/m/0bt9lr"", ""/m/068hy"", ""/m/0jbk""]","dog_bark","[""Domestic_animals_and_pets"", ""Animal"", ""dog_bark""]","audios/train\236033.wav"
"236036.wav","/m/0bt9lr","[""/m/0bt9lr"", ""/m/068hy"", ""/m/0jbk""]","dog_bark","[""Domestic_animals_and_pets"", ""Animal"", ""dog_bark""]","audios/train\236036.wav"
"57877.wav","/m/0bt9lr","[""/m/0bt9lr"", ""/m/068hy"", ""/m/0jbk""]","dog_bark","[""Domestic_animals_and_pets"", ""Animal"", ""dog_bark""]","audios/train\57877.wav"
"367127.wav","/m/0bt9lr","[""/m/03cczk"", ""/m/0bt9lr"", ""/m/068hy"", ""/m/0jbk""]","dog_bark","[""Animal"", ""Domestic_animals_and_pets"", ""Chewing_and_mastication"", ""dog_bark""]","audios/train\367127.wav"
"365081.wav","/m/0bt9lr","[""/m/0bt9lr"", ""/m/04k94"", ""/m/068hy"", ""/m/0jbk""]","dog_bark","[""Domestic_animals_and_pets"", ""Liquid"", ""Animal"", ""dog_bark""]","audios/train\365081.wav"
"236063.wav","/m/0bt9lr","[""/m/0bt9lr"", ""/m/068hy"", ""/m/0jbk""]","dog_bark","[""Domestic_animals_and_pets"", ""Animal"", ""dog_bark""]","audios/train\236063.wav"
"236069.wav","/m/0bt9lr","[""/m/0bt9lr"", ""/m/068hy"", ""/m/0jbk""]","dog_bark","[""Domestic_animals_and_pets"", ""Animal"", ""dog_bark""]","audios/train\236069.wav"
"236072.wav","/m/0bt9lr","[""/m/0bt9lr"", ""/m/068hy"", ""/m/0jbk""]","dog_bark","[""Domestic_animals_and_pets"", ""Animal"", ""dog_bark""]","audios/train\236072.wav"
"236073.wav","/m/0bt9lr","[""/m/0bt9lr"", ""/m/068hy"", ""/m/0jbk""]","dog_bark","[""Domestic_animals_and_pets"", ""Animal"", ""dog_bark""]","audios/train\236073.wav"
"236081.wav","/m/0bt9lr","[""/m/0bt9lr"", ""/m/068hy"", ""/m/0jbk""]","dog_bark","[""Domestic_animals_and_pets"", ""Animal"", ""dog_bark""]","audios/train\236081.wav"
"236079.wav","/m/0bt9lr","[""/m/0bt9lr"", ""/m/068hy"", ""/m/0jbk""]","dog_bark","[""Domestic_animals_and_pets"", ""Animal"", ""dog_bark""]","audios/train\236079.wav"
"236080.wav","/m/0bt9lr","[""/m/0bt9lr"", ""/m/068hy"", ""/m/0jbk""]","dog_bark","[""Domestic_animals_and_pets"", ""Animal"", ""dog_bark""]","audios/train\236080.wav"
"236083.wav","/m/0bt9lr","[""/m/0bt9lr"", ""/m/068hy"", ""/m/0jbk""]","dog_bark","[""Domestic_animals_and_pets"", ""Animal"", ""dog_bark""]","audios/train\236083.wav"
"397882.wav","/m/0bt9lr","[""/m/0bt9lr"", ""/m/068hy"", ""/m/0jbk""]","dog_bark","[""Domestic_animals_and_pets"", ""Animal"", ""dog_bark""]","audios/train\397882.wav"
"236091.wav","/m/0bt9lr","[""/m/0bt9lr"", ""/m/068hy"", ""/m/0jbk""]","dog_bark","[""Domestic_animals_and_pets"", ""Animal"", ""dog_bark""]","audios/train\236091.wav"
"236092.wav","/m/0bt9lr","[""/m/0bt9lr"", ""/m/068hy"", ""/m/0jbk""]","dog_bark","[""Domestic_animals_and_pets"", ""Animal"", ""dog_bark""]","audios/train\236092.wav"
"326212.wav","/m/0bt9lr","[""/m/0bt9lr"", ""/m/068hy"", ""/m/0jbk""]","dog_bark","[""Domestic_animals_and_pets"", ""Animal"", ""dog_bark""]","audios/train\326212.wav"
"236102.wav","/m/0bt9lr","[""/m/0bt9lr"", ""/m/068hy"", ""/m/0jbk""]","dog_bark","[""Domestic_animals_and_pets"", ""Animal"", ""dog_bark""]","audios/train\236102.wav"
"125514.wav","/m/0bt9lr","[""/m/0bt9lr"", ""/m/068hy"", ""/m/0jbk""]","dog_bark","[""Domestic_animals_and_pets"", ""Animal"", ""dog_bark""]","audios/train\125514.wav"
"236103.wav","/m/0bt9lr","[""/m/0bt9lr"", ""/m/068hy"", ""/m/0jbk""]","dog_bark","[""Domestic_animals_and_pets"", ""Animal"", ""dog_bark""]","audios/train\236103.wav"
"236104.wav","/m/0bt9lr","[""/m/0bt9lr"", ""/m/068hy"", ""/m/0jbk""]","dog_bark","[""Domestic_animals_and_pets"", ""Animal"", ""dog_bark""]","audios/train\236104.wav"
"371279.wav","/m/0bt9lr","[""/m/0ghcn6"", ""/m/0bt9lr"", ""/m/068hy"", ""/m/0jbk""]","dog_bark","[""Domestic_animals_and_pets"", ""Animal"", ""dog_bark"", ""Growling""]","audios/train\371279.wav"
"236114.wav","/m/0bt9lr","[""/m/0bt9lr"", ""/m/068hy"", ""/m/0jbk""]","dog_bark","[""Domestic_animals_and_pets"", ""Animal"", ""dog_bark""]","audios/train\236114.wav"
"236115.wav","/m/0bt9lr","[""/m/0bt9lr"", ""/m/068hy"", ""/m/0jbk""]","dog_bark","[""Domestic_animals_and_pets"", ""Animal"", ""dog_bark""]","audios/train\236115.wav"
"404066.wav","/m/0bt9lr","[""/m/0bt9lr"", ""/m/068hy"", ""/m/0jbk""]","dog_bark","[""Domestic_animals_and_pets"", ""Animal"", ""dog_bark""]","audios/train\404066.wav"
"420452.wav","/m/0bt9lr","[""/m/0bt9lr"", ""/m/068hy"", ""/m/0jbk""]","dog_bark","[""Domestic_animals_and_pets"", ""Animal"", ""dog_bark""]","audios/train\420452.wav"
"57963.wav","/m/0bt9lr","[""/m/0bt9lr"", ""/m/068hy"", ""/m/0jbk""]","dog_bark","[""Domestic_animals_and_pets"", ""Animal"", ""dog_bark""]","audios/train\57963.wav"
"236133.wav","/m/0bt9lr","[""/m/0bt9lr"", ""/m/068hy"", ""/m/0jbk""]","dog_bark","[""Domestic_animals_and_pets"", ""Animal"", ""dog_bark""]","audios/train\236133.wav"
"236143.wav","/m/0bt9lr","[""/m/0bt9lr"", ""/m/068hy"", ""/m/0jbk""]","dog_bark","[""Domestic_animals_and_pets"", ""Animal"", ""dog_bark""]","audios/train\236143.wav"
"172652.wav","/m/0bt9lr","[""/m/0bt9lr"", ""/m/068hy"", ""/m/0jbk""]","dog_bark","[""Domestic_animals_and_pets"", ""Animal"", ""dog_bark""]","audios/train\172652.wav"
"197243.wav","/m/0bt9lr","[""/m/0bt9lr"", ""/m/068hy"", ""/m/0jbk""]","dog_bark","[""Domestic_animals_and_pets"", ""Animal"", ""dog_bark""]","audios/train\197243.wav"
"432757.wav","/m/0bt9lr","[""/m/0bt9lr"", ""/m/068hy"", ""/m/0jbk""]","dog_bark","[""Domestic_animals_and_pets"", ""Animal"", ""dog_bark""]","audios/train\432757.wav"
"236152.wav","/m/0bt9lr","[""/m/0bt9lr"", ""/m/068hy"", ""/m/0jbk""]","dog_bark","[""Domestic_animals_and_pets"", ""Animal"", ""dog_bark""]","audios/train\236152.wav"
"236160.wav","/m/0bt9lr","[""/m/0bt9lr"", ""/m/068hy"", ""/m/0jbk""]","dog_bark","[""Domestic_animals_and_pets"", ""Animal"", ""dog_bark""]","audios/train\236160.wav"
"236161.wav","/m/0bt9lr","[""/m/0bt9lr"", ""/m/068hy"", ""/m/0jbk""]","dog_bark","[""Domestic_animals_and_pets"", ""Animal"", ""dog_bark""]","audios/train\236161.wav"
"408200.wav","/m/0bt9lr","[""/m/0bt9lr"", ""/m/068hy"", ""/m/0jbk""]","dog_bark","[""Domestic_animals_and_pets"", ""Animal"", ""dog_bark""]","audios/train\408200.wav"
"125577.wav","/m/0bt9lr","[""/m/0bt9lr"", ""/m/068hy"", ""/m/0jbk""]","dog_bark","[""Domestic_animals_and_pets"", ""Animal"", ""dog_bark""]","audios/train\125577.wav"
"414350.wav","/m/0bt9lr","[""/m/0bt9lr"", ""/m/068hy"", ""/m/0jbk""]","dog_bark","[""Domestic_animals_and_pets"", ""Animal"", ""dog_bark""]","audios/train\414350.wav"
"236168.wav","/m/0bt9lr","[""/m/0bt9lr"", ""/m/068hy"", ""/m/0jbk""]","dog_bark","[""Domestic_animals_and_pets"", ""Animal"", ""dog_bark""]","audios/train\236168.wav"
"395921.wav","/m/0bt9lr","[""/m/0ghcn6"", ""/m/0bt9lr"", ""/m/068hy"", ""/m/0jbk""]","dog_bark","[""Domestic_animals_and_pets"", ""Animal"", ""dog_bark"", ""Growling""]","audios/train\395921.wav"
"236181.wav","/m/0bt9lr","[""/m/0bt9lr"", ""/m/068hy"", ""/m/0jbk""]","dog_bark","[""Domestic_animals_and_pets"", ""Animal"", ""dog_bark""]","audios/train\236181.wav"
"236177.wav","/m/0bt9lr","[""/m/0bt9lr"", ""/m/068hy"", ""/m/0jbk""]","dog_bark","[""Domestic_animals_and_pets"", ""Animal"", ""dog_bark""]","audios/train\236177.wav"
"244379.wav","/m/0bt9lr","[""/m/0bt9lr"", ""/m/068hy"", ""/m/0jbk""]","dog_bark","[""Domestic_animals_and_pets"", ""Animal"", ""dog_bark""]","audios/train\244379.wav"
"236183.wav","/m/0bt9lr","[""/m/0bt9lr"", ""/m/068hy"", ""/m/0jbk""]","dog_bark","[""Domestic_animals_and_pets"", ""Animal"", ""dog_bark""]","audios/train\236183.wav"
"236187.wav","/m/0bt9lr","[""/m/0bt9lr"", ""/m/068hy"", ""/m/0jbk""]","dog_bark","[""Domestic_animals_and_pets"", ""Animal"", ""dog_bark""]","audios/train\236187.wav"
"115357.wav","/m/0bt9lr","[""/m/0bt9lr"", ""/m/068hy"", ""/m/0jbk""]","dog_bark","[""Domestic_animals_and_pets"", ""Animal"", ""dog_bark""]","audios/train\115357.wav"
"236190.wav","/m/0bt9lr","[""/m/0bt9lr"", ""/m/068hy"", ""/m/0jbk""]","dog_bark","[""Domestic_animals_and_pets"", ""Animal"", ""dog_bark""]","audios/train\236190.wav"
"236192.wav","/m/0bt9lr","[""/m/0bt9lr"", ""/m/068hy"", ""/m/0jbk""]","dog_bark","[""Domestic_animals_and_pets"", ""Animal"", ""dog_bark""]","audios/train\236192.wav"
"236194.wav","/m/0bt9lr","[""/m/0bt9lr"", ""/m/068hy"", ""/m/0jbk""]","dog_bark","[""Domestic_animals_and_pets"", ""Animal"", ""dog_bark""]","audios/train\236194.wav"
"236195.wav","/m/0bt9lr","[""/m/0bt9lr"", ""/m/068hy"", ""/m/0jbk""]","dog_bark","[""Domestic_animals_and_pets"", ""Animal"", ""dog_bark""]","audios/train\236195.wav"
"84649.wav","/m/0bt9lr","[""/m/0ghcn6"", ""/m/0bt9lr"", ""/m/068hy"", ""/m/0jbk""]","dog_bark","[""Domestic_animals_and_pets"", ""Animal"", ""dog_bark"", ""Growling""]","audios/train\84649.wav"
"84650.wav","/m/0bt9lr","[""/m/0ghcn6"", ""/m/0bt9lr"", ""/m/068hy"", ""/m/0jbk""]","dog_bark","[""Domestic_animals_and_pets"", ""Animal"", ""dog_bark"", ""Growling""]","audios/train\84650.wav"
"84652.wav","/m/0bt9lr","[""/m/0bt9lr"", ""/m/068hy"", ""/m/0jbk""]","dog_bark","[""Domestic_animals_and_pets"", ""Animal"", ""dog_bark""]","audios/train\84652.wav"
"84653.wav","/m/0bt9lr","[""/m/0bt9lr"", ""/m/068hy"", ""/m/0jbk""]","dog_bark","[""Domestic_animals_and_pets"", ""Animal"", ""dog_bark""]","audios/train\84653.wav"
"84655.wav","/m/0bt9lr","[""/m/0ghcn6"", ""/m/0bt9lr"", ""/m/068hy"", ""/m/0jbk""]","dog_bark","[""Domestic_animals_and_pets"", ""Animal"", ""dog_bark"", ""Growling""]","audios/train\84655.wav"
"84654.wav","/m/0bt9lr","[""/m/0ghcn6"", ""/m/0bt9lr"", ""/m/068hy"", ""/m/0jbk""]","dog_bark","[""Domestic_animals_and_pets"", ""Animal"", ""dog_bark"", ""Growling""]","audios/train\84654.wav"
"84651.wav","/m/0bt9lr","[""/m/0ghcn6"", ""/m/0bt9lr"", ""/m/068hy"", ""/m/0jbk""]","dog_bark","[""Domestic_animals_and_pets"", ""Animal"", ""dog_bark"", ""Growling""]","audios/train\84651.wav"
"84656.wav","/m/0bt9lr","[""/m/0ghcn6"", ""/m/0bt9lr"", ""/m/068hy"", ""/m/0jbk""]","dog_bark","[""Domestic_animals_and_pets"", ""Animal"", ""dog_bark"", ""Growling""]","audios/train\84656.wav"
"84657.wav","/m/0bt9lr","[""/m/0bt9lr"", ""/m/068hy"", ""/m/0jbk""]","dog_bark","[""Domestic_animals_and_pets"", ""Animal"", ""dog_bark""]","audios/train\84657.wav"
"84658.wav","/m/0bt9lr","[""/m/0bt9lr"", ""/m/068hy"", ""/m/0jbk""]","dog_bark","[""Domestic_animals_and_pets"", ""Animal"", ""dog_bark""]","audios/train\84658.wav"
"84659.wav","/m/0bt9lr","[""/m/0bt9lr"", ""/m/068hy"", ""/m/0jbk""]","dog_bark","[""Domestic_animals_and_pets"", ""Animal"", ""dog_bark""]","audios/train\84659.wav"
"84663.wav","/m/0bt9lr","[""/m/0ghcn6"", ""/m/0bt9lr"", ""/m/068hy"", ""/m/0jbk""]","dog_bark","[""Domestic_animals_and_pets"", ""Animal"", ""dog_bark"", ""Growling""]","audios/train\84663.wav"
"84664.wav","/m/0bt9lr","[""/m/0bt9lr"", ""/m/068hy"", ""/m/0jbk""]","dog_bark","[""Domestic_animals_and_pets"", ""Animal"", ""dog_bark""]","audios/train\84664.wav"
"84666.wav","/m/0bt9lr","[""/m/0ghcn6"", ""/m/0bt9lr"", ""/m/068hy"", ""/m/0jbk""]","dog_bark","[""Domestic_animals_and_pets"", ""Animal"", ""dog_bark"", ""Growling""]","audios/train\84666.wav"
"84667.wav","/m/0bt9lr","[""/m/0ghcn6"", ""/m/0bt9lr"", ""/m/068hy"", ""/m/0jbk""]","dog_bark","[""Domestic_animals_and_pets"", ""Animal"", ""dog_bark"", ""Growling""]","audios/train\84667.wav"
"84660.wav","/m/0bt9lr","[""/m/0bt9lr"", ""/m/068hy"", ""/m/0jbk""]","dog_bark","[""Domestic_animals_and_pets"", ""Animal"", ""dog_bark""]","audios/train\84660.wav"
"84661.wav","/m/0bt9lr","[""/m/0bt9lr"", ""/m/068hy"", ""/m/0jbk""]","dog_bark","[""Domestic_animals_and_pets"", ""Animal"", ""dog_bark""]","audios/train\84661.wav"
"84662.wav","/m/0bt9lr","[""/m/0bt9lr"", ""/m/068hy"", ""/m/0jbk""]","dog_bark","[""Domestic_animals_and_pets"", ""Animal"", ""dog_bark""]","audios/train\84662.wav"
"84665.wav","/m/0bt9lr","[""/m/0ghcn6"", ""/m/0bt9lr"", ""/m/068hy"", ""/m/0jbk""]","dog_bark","[""Domestic_animals_and_pets"", ""Animal"", ""dog_bark"", ""Growling""]","audios/train\84665.wav"
"254662.wav","/m/0bt9lr","[""/m/0bt9lr"", ""/m/068hy"", ""/m/0jbk""]","dog_bark","[""Domestic_animals_and_pets"", ""Animal"", ""dog_bark""]","audios/train\254662.wav"
"277195.wav","/m/0bt9lr","[""/m/0bt9lr"", ""/m/068hy"", ""/m/0jbk""]","dog_bark","[""Domestic_animals_and_pets"", ""Animal"", ""dog_bark""]","audios/train\277195.wav"
"180941.wav","/m/0bt9lr","[""/m/0bt9lr"", ""/m/068hy"", ""/m/0jbk""]","dog_bark","[""Domestic_animals_and_pets"", ""Animal"", ""dog_bark""]","audios/train\180941.wav"
"236242.wav","/m/0bt9lr","[""/m/0bt9lr"", ""/m/068hy"", ""/m/0jbk""]","dog_bark","[""Domestic_animals_and_pets"", ""Animal"", ""dog_bark""]","audios/train\236242.wav"
"236247.wav","/m/0bt9lr","[""/m/0bt9lr"", ""/m/068hy"", ""/m/0jbk""]","dog_bark","[""Domestic_animals_and_pets"", ""Animal"", ""dog_bark""]","audios/train\236247.wav"
"352984.wav","/m/0bt9lr","[""/m/0bt9lr"", ""/m/068hy"", ""/m/0jbk""]","dog_bark","[""Domestic_animals_and_pets"", ""Animal"", ""dog_bark""]","audios/train\352984.wav"
"160474.wav","/m/0bt9lr","[""/m/0bt9lr"", ""/m/068hy"", ""/m/0jbk""]","dog_bark","[""Domestic_animals_and_pets"", ""Animal"", ""dog_bark""]","audios/train\160474.wav"
"352983.wav","/m/0bt9lr","[""/m/0bt9lr"", ""/m/068hy"", ""/m/0jbk""]","dog_bark","[""Domestic_animals_and_pets"", ""Animal"", ""dog_bark""]","audios/train\352983.wav"
"160476.wav","/m/0bt9lr","[""/m/0bt9lr"", ""/m/068hy"", ""/m/0jbk""]","dog_bark","[""Domestic_animals_and_pets"", ""Animal"", ""dog_bark""]","audios/train\160476.wav"
"160477.wav","/m/0bt9lr","[""/m/0bt9lr"", ""/m/068hy"", ""/m/0jbk""]","dog_bark","[""Domestic_animals_and_pets"", ""Animal"", ""dog_bark""]","audios/train\160477.wav"
"160478.wav","/m/0bt9lr","[""/m/0bt9lr"", ""/m/068hy"", ""/m/0jbk""]","dog_bark","[""Domestic_animals_and_pets"", ""Animal"", ""dog_bark""]","audios/train\160478.wav"
"393949.wav","/m/0bt9lr","[""/m/0bt9lr"", ""/m/068hy"", ""/m/0jbk""]","dog_bark","[""Domestic_animals_and_pets"", ""Animal"", ""dog_bark""]","audios/train\393949.wav"
"236248.wav","/m/0bt9lr","[""/m/0bt9lr"", ""/m/068hy"", ""/m/0jbk""]","dog_bark","[""Domestic_animals_and_pets"", ""Animal"", ""dog_bark""]","audios/train\236248.wav"
"236252.wav","/m/0bt9lr","[""/m/0bt9lr"", ""/m/068hy"", ""/m/0jbk""]","dog_bark","[""Domestic_animals_and_pets"", ""Animal"", ""dog_bark""]","audios/train\236252.wav"
"115423.wav","/m/0bt9lr","[""/m/0bt9lr"", ""/m/068hy"", ""/m/0jbk""]","dog_bark","[""Domestic_animals_and_pets"", ""Animal"", ""dog_bark""]","audios/train\115423.wav"
"236257.wav","/m/0bt9lr","[""/m/0bt9lr"", ""/m/068hy"", ""/m/0jbk""]","dog_bark","[""Domestic_animals_and_pets"", ""Animal"", ""dog_bark""]","audios/train\236257.wav"
"236258.wav","/m/0bt9lr","[""/m/0bt9lr"", ""/m/068hy"", ""/m/0jbk""]","dog_bark","[""Domestic_animals_and_pets"", ""Animal"", ""dog_bark""]","audios/train\236258.wav"
"236259.wav","/m/0bt9lr","[""/m/0bt9lr"", ""/m/068hy"", ""/m/0jbk""]","dog_bark","[""Domestic_animals_and_pets"", ""Animal"", ""dog_bark""]","audios/train\236259.wav"
"236260.wav","/m/0bt9lr","[""/m/0bt9lr"", ""/m/068hy"", ""/m/0jbk""]","dog_bark","[""Domestic_animals_and_pets"", ""Animal"", ""dog_bark""]","audios/train\236260.wav"
"236261.wav","/m/0bt9lr","[""/m/0bt9lr"", ""/m/068hy"", ""/m/0jbk""]","dog_bark","[""Domestic_animals_and_pets"", ""Animal"", ""dog_bark""]","audios/train\236261.wav"
"242414.wav","/m/0bt9lr","[""/m/0bt9lr"", ""/m/068hy"", ""/m/0jbk""]","dog_bark","[""Domestic_animals_and_pets"", ""Animal"", ""dog_bark""]","audios/train\242414.wav"
"21233.wav","/m/0bt9lr","[""/m/0ghcn6"", ""/m/0bt9lr"", ""/m/068hy"", ""/m/0jbk""]","dog_bark","[""Domestic_animals_and_pets"", ""Animal"", ""dog_bark"", ""Growling""]","audios/train\21233.wav"
"236265.wav","/m/0bt9lr","[""/m/0bt9lr"", ""/m/068hy"", ""/m/0jbk""]","dog_bark","[""Domestic_animals_and_pets"", ""Animal"", ""dog_bark""]","audios/train\236265.wav"
"236266.wav","/m/0bt9lr","[""/m/0bt9lr"", ""/m/068hy"", ""/m/0jbk""]","dog_bark","[""Domestic_animals_and_pets"", ""Animal"", ""dog_bark""]","audios/train\236266.wav"
"244470.wav","/m/0bt9lr","[""/m/0bt9lr"", ""/m/068hy"", ""/m/0jbk""]","dog_bark","[""Domestic_animals_and_pets"", ""Animal"", ""dog_bark""]","audios/train\244470.wav"
"236246.wav","/m/0bt9lr","[""/m/0bt9lr"", ""/m/068hy"", ""/m/0jbk""]","dog_bark","[""Domestic_animals_and_pets"", ""Animal"", ""dog_bark""]","audios/train\236246.wav"
"252678.wav","/m/0bt9lr","[""/m/0bt9lr"", ""/m/068hy"", ""/m/0jbk""]","dog_bark","[""Domestic_animals_and_pets"", ""Animal"", ""dog_bark""]","audios/train\252678.wav"
"43784.wav","/m/0bt9lr","[""/m/0bt9lr"", ""/m/068hy"", ""/m/0jbk""]","dog_bark","[""Domestic_animals_and_pets"", ""Animal"", ""dog_bark""]","audios/train\43784.wav"
"43786.wav","/m/0bt9lr","[""/m/0bt9lr"", ""/m/068hy"", ""/m/0jbk""]","dog_bark","[""Domestic_animals_and_pets"", ""Animal"", ""dog_bark""]","audios/train\43786.wav"
"234259.wav","/m/0bt9lr","[""/m/0bt9lr"", ""/m/068hy"", ""/m/0jbk""]","dog_bark","[""Domestic_animals_and_pets"", ""Animal"", ""dog_bark""]","audios/train\234259.wav"
"74518.wav","/m/0bt9lr","[""/m/0bt9lr"", ""/m/068hy"", ""/m/0jbk""]","dog_bark","[""Domestic_animals_and_pets"", ""Animal"", ""dog_bark""]","audios/train\74518.wav"
"138015.wav","/m/0bt9lr","[""/m/0bt9lr"", ""/m/068hy"", ""/m/0jbk""]","dog_bark","[""Domestic_animals_and_pets"", ""Animal"", ""dog_bark""]","audios/train\138015.wav"
"4916.wav","/m/0bt9lr","[""/m/0bt9lr"", ""/m/068hy"", ""/m/0jbk""]","dog_bark","[""Domestic_animals_and_pets"", ""Animal"", ""dog_bark""]","audios/train\4916.wav"
"4917.wav","/m/0bt9lr","[""/m/0bt9lr"", ""/m/068hy"", ""/m/0jbk""]","dog_bark","[""Domestic_animals_and_pets"", ""Animal"", ""dog_bark""]","audios/train\4917.wav"
"4918.wav","/m/0bt9lr","[""/m/0bt9lr"", ""/m/068hy"", ""/m/0jbk""]","dog_bark","[""Domestic_animals_and_pets"", ""Animal"", ""dog_bark""]","audios/train\4918.wav"
"72511.wav","/m/0bt9lr","[""/m/0bt9lr"", ""/m/068hy"", ""/m/0jbk""]","dog_bark","[""Domestic_animals_and_pets"", ""Animal"", ""dog_bark""]","audios/train\72511.wav"
"150341.wav","/m/0bt9lr","[""/m/0bt9lr"", ""/m/068hy"", ""/m/0jbk""]","dog_bark","[""Domestic_animals_and_pets"", ""Animal"", ""dog_bark""]","audios/train\150341.wav"
"236198.wav","/m/0bt9lr","[""/m/0bt9lr"", ""/m/068hy"", ""/m/0jbk""]","dog_bark","[""Domestic_animals_and_pets"", ""Animal"", ""dog_bark""]","audios/train\236198.wav"
"353107.wav","/m/0bt9lr","[""/m/0bt9lr"", ""/m/068hy"", ""/m/0jbk""]","dog_bark","[""Domestic_animals_and_pets"", ""Animal"", ""dog_bark""]","audios/train\353107.wav"
"66398.wav","/m/0bt9lr","[""/m/0bt9lr"", ""/m/068hy"", ""/m/0jbk""]","dog_bark","[""Domestic_animals_and_pets"", ""Animal"", ""dog_bark""]","audios/train\66398.wav"
"236199.wav","/m/0bt9lr","[""/m/0bt9lr"", ""/m/068hy"", ""/m/0jbk""]","dog_bark","[""Domestic_animals_and_pets"", ""Animal"", ""dog_bark""]","audios/train\236199.wav"
"25451.wav","/m/0bt9lr","[""/m/0bt9lr"", ""/m/068hy"", ""/m/0jbk""]","dog_bark","[""Domestic_animals_and_pets"", ""Animal"", ""dog_bark""]","audios/train\25451.wav"
"103300.wav","/m/0bt9lr","[""/m/0bt9lr"", ""/m/04s8yn"", ""/m/068hy"", ""/m/0jbk"", ""/m/015p6"", ""/m/01280g""]","dog_bark","[""Wild_animals"", ""Bird"", ""Crow"", ""Domestic_animals_and_pets"", ""Animal"", ""dog_bark""]","audios/train\103300.wav"
"103303.wav","/m/0bt9lr","[""/m/0bt9lr"", ""/m/09ld4"", ""/m/068hy"", ""/m/0jbk"", ""/m/01280g""]","dog_bark","[""Wild_animals"", ""Frog"", ""Domestic_animals_and_pets"", ""Animal"", ""dog_bark""]","audios/train\103303.wav"
"158607.wav","/m/0bt9lr","[""/m/0bt9lr"", ""/m/068hy"", ""/m/0jbk""]","dog_bark","[""Domestic_animals_and_pets"", ""Animal"", ""dog_bark""]","audios/train\158607.wav"
"369577.wav","/m/0bt9lr","[""/m/0bt9lr"", ""/m/068hy"", ""/m/0jbk""]","dog_bark","[""Domestic_animals_and_pets"", ""Animal"", ""dog_bark""]","audios/train\369577.wav"
"369589.wav","/m/0bt9lr","[""/m/0bt9lr"", ""/m/068hy"", ""/m/0jbk""]","dog_bark","[""Domestic_animals_and_pets"", ""Animal"", ""dog_bark""]","audios/train\369589.wav"
"74707.wav","/m/0bt9lr","[""/m/0bt9lr"", ""/m/068hy"", ""/m/0jbk""]","dog_bark","[""Domestic_animals_and_pets"", ""Animal"", ""dog_bark""]","audios/train\74707.wav"
"238565.wav","/m/0bt9lr","[""/m/0bt9lr"", ""/m/068hy"", ""/m/0jbk""]","dog_bark","[""Domestic_animals_and_pets"", ""Animal"", ""dog_bark""]","audios/train\238565.wav"
"130025.wav","/m/0bt9lr","[""/m/0bt9lr"", ""/m/068hy"", ""/m/0jbk""]","dog_bark","[""Domestic_animals_and_pets"", ""Animal"", ""dog_bark""]","audios/train\130025.wav"
"400380.wav","/m/0bt9lr","[""/m/0bt9lr"", ""/m/068hy"", ""/m/0jbk""]","dog_bark","[""Domestic_animals_and_pets"", ""Animal"", ""dog_bark""]","audios/train\400380.wav"
"369666.wav","/m/0bt9lr","[""/m/0bt9lr"", ""/m/068hy"", ""/m/0jbk""]","dog_bark","[""Domestic_animals_and_pets"", ""Animal"", ""dog_bark""]","audios/train\369666.wav"
"72712.wav","/m/0bt9lr","[""/m/0bt9lr"", ""/m/068hy"", ""/m/0jbk""]","dog_bark","[""Domestic_animals_and_pets"", ""Animal"", ""dog_bark""]","audios/train\72712.wav"
"128023.wav","/m/0bt9lr","[""/m/0bt9lr"", ""/m/068hy"", ""/m/0jbk""]","dog_bark","[""Domestic_animals_and_pets"", ""Animal"", ""dog_bark""]","audios/train\128023.wav"
"128026.wav","/m/0bt9lr","[""/m/0bt9lr"", ""/m/068hy"", ""/m/0jbk""]","dog_bark","[""Domestic_animals_and_pets"", ""Animal"", ""dog_bark""]","audios/train\128026.wav"
"341018.wav","/m/0bt9lr","[""/m/0bt9lr"", ""/m/068hy"", ""/m/0jbk""]","dog_bark","[""Domestic_animals_and_pets"", ""Animal"", ""dog_bark""]","audios/train\341018.wav"
"365596.wav","/m/0bt9lr","[""/m/0bt9lr"", ""/m/068hy"", ""/m/0jbk""]","dog_bark","[""Domestic_animals_and_pets"", ""Animal"", ""dog_bark""]","audios/train\365596.wav"
"128028.wav","/m/0bt9lr","[""/m/0bt9lr"", ""/m/068hy"", ""/m/0jbk""]","dog_bark","[""Domestic_animals_and_pets"", ""Animal"", ""dog_bark""]","audios/train\128028.wav"
"128031.wav","/m/0bt9lr","[""/m/03cczk"", ""/m/0bt9lr"", ""/m/068hy"", ""/m/0jbk""]","dog_bark","[""Animal"", ""Domestic_animals_and_pets"", ""Chewing_and_mastication"", ""dog_bark""]","audios/train\128031.wav"
"320544.wav","/m/0bt9lr","[""/m/0bt9lr"", ""/m/068hy"", ""/m/0jbk""]","dog_bark","[""Domestic_animals_and_pets"", ""Animal"", ""dog_bark""]","audios/train\320544.wav"
"121889.wav","/m/0bt9lr","[""/m/0ghcn6"", ""/m/0bt9lr"", ""/m/068hy"", ""/m/0jbk""]","dog_bark","[""Domestic_animals_and_pets"", ""Animal"", ""dog_bark"", ""Growling""]","audios/train\121889.wav"
"121890.wav","/m/0bt9lr","[""/m/0bt9lr"", ""/m/068hy"", ""/m/0jbk""]","dog_bark","[""Domestic_animals_and_pets"", ""Animal"", ""dog_bark""]","audios/train\121890.wav"
"121891.wav","/m/0bt9lr","[""/m/0bt9lr"", ""/m/068hy"", ""/m/0jbk""]","dog_bark","[""Domestic_animals_and_pets"", ""Animal"", ""dog_bark""]","audios/train\121891.wav"
"128033.wav","/m/0bt9lr","[""/m/0bt9lr"", ""/m/068hy"", ""/m/0jbk""]","dog_bark","[""Domestic_animals_and_pets"", ""Animal"", ""dog_bark""]","audios/train\128033.wav"
"128034.wav","/m/0bt9lr","[""/m/0bt9lr"", ""/m/068hy"", ""/m/0jbk""]","dog_bark","[""Domestic_animals_and_pets"", ""Animal"", ""dog_bark""]","audios/train\128034.wav"
"128038.wav","/m/0bt9lr","[""/m/0bt9lr"", ""/m/068hy"", ""/m/0jbk""]","dog_bark","[""Domestic_animals_and_pets"", ""Animal"", ""dog_bark""]","audios/train\128038.wav"
"128035.wav","/m/0bt9lr","[""/m/0bt9lr"", ""/m/068hy"", ""/m/0jbk""]","dog_bark","[""Domestic_animals_and_pets"", ""Animal"", ""dog_bark""]","audios/train\128035.wav"
"128040.wav","/m/0bt9lr","[""/m/0bt9lr"", ""/m/068hy"", ""/m/0jbk""]","dog_bark","[""Domestic_animals_and_pets"", ""Animal"", ""dog_bark""]","audios/train\128040.wav"
"128036.wav","/m/0bt9lr","[""/m/0bt9lr"", ""/m/068hy"", ""/m/0jbk""]","dog_bark","[""Domestic_animals_and_pets"", ""Animal"", ""dog_bark""]","audios/train\128036.wav"
"39980.wav","/m/0bt9lr","[""/m/0bt9lr"", ""/m/068hy"", ""/m/0jbk""]","dog_bark","[""Domestic_animals_and_pets"", ""Animal"", ""dog_bark""]","audios/train\39980.wav"
"46129.wav","/m/0bt9lr","[""/m/0bt9lr"", ""/m/068hy"", ""/m/0jbk""]","dog_bark","[""Domestic_animals_and_pets"", ""Animal"", ""dog_bark""]","audios/train\46129.wav"
"341041.wav","/m/0bt9lr","[""/m/0bt9lr"", ""/m/068hy"", ""/m/0jbk""]","dog_bark","[""Domestic_animals_and_pets"", ""Animal"", ""dog_bark""]","audios/train\341041.wav"
"273480.wav","/m/0bt9lr","[""/m/0bt9lr"", ""/m/068hy"", ""/m/0jbk""]","dog_bark","[""Domestic_animals_and_pets"", ""Animal"", ""dog_bark""]","audios/train\273480.wav"
"128073.wav","/m/0bt9lr","[""/m/0bt9lr"", ""/m/068hy"", ""/m/0jbk""]","dog_bark","[""Domestic_animals_and_pets"", ""Animal"", ""dog_bark""]","audios/train\128073.wav"
"398430.wav","/m/0bt9lr","[""/m/0bt9lr"", ""/m/068hy"", ""/m/0jbk""]","dog_bark","[""Domestic_animals_and_pets"", ""Animal"", ""dog_bark""]","audios/train\398430.wav"
"341090.wav","/m/0bt9lr","[""/m/0ghcn6"", ""/m/0bt9lr"", ""/m/068hy"", ""/m/0jbk""]","dog_bark","[""Domestic_animals_and_pets"", ""Animal"", ""dog_bark"", ""Growling""]","audios/train\341090.wav"
"128130.wav","/m/0bt9lr","[""/m/0bt9lr"", ""/m/068hy"", ""/m/0jbk""]","dog_bark","[""Domestic_animals_and_pets"", ""Animal"", ""dog_bark""]","audios/train\128130.wav"
"128131.wav","/m/0bt9lr","[""/m/0bt9lr"", ""/m/068hy"", ""/m/0jbk""]","dog_bark","[""Domestic_animals_and_pets"", ""Animal"", ""dog_bark""]","audios/train\128131.wav"
"128132.wav","/m/0bt9lr","[""/m/0bt9lr"", ""/m/068hy"", ""/m/0jbk""]","dog_bark","[""Domestic_animals_and_pets"", ""Animal"", ""dog_bark""]","audios/train\128132.wav"
"128134.wav","/m/0bt9lr","[""/m/0bt9lr"", ""/m/068hy"", ""/m/0jbk""]","dog_bark","[""Domestic_animals_and_pets"", ""Animal"", ""dog_bark""]","audios/train\128134.wav"
"128136.wav","/m/0bt9lr","[""/m/0bt9lr"", ""/m/068hy"", ""/m/0jbk""]","dog_bark","[""Domestic_animals_and_pets"", ""Animal"", ""dog_bark""]","audios/train\128136.wav"
"128137.wav","/m/0bt9lr","[""/m/0bt9lr"", ""/m/068hy"", ""/m/0jbk""]","dog_bark","[""Domestic_animals_and_pets"", ""Animal"", ""dog_bark""]","audios/train\128137.wav"
"208031.wav","/m/0bt9lr","[""/m/0bt9lr"", ""/m/068hy"", ""/m/0jbk""]","dog_bark","[""Domestic_animals_and_pets"", ""Animal"", ""dog_bark""]","audios/train\208031.wav"
"208033.wav","/m/0bt9lr","[""/m/0bt9lr"", ""/m/068hy"", ""/m/0jbk""]","dog_bark","[""Domestic_animals_and_pets"", ""Animal"", ""dog_bark""]","audios/train\208033.wav"
"396459.wav","/m/0bt9lr","[""/m/0bt9lr"", ""/m/068hy"", ""/m/0jbk""]","dog_bark","[""Domestic_animals_and_pets"", ""Animal"", ""dog_bark""]","audios/train\396459.wav"
"169142.wav","/m/0bt9lr","[""/m/0bt9lr"", ""/m/068hy"", ""/m/0jbk""]","dog_bark","[""Domestic_animals_and_pets"", ""Animal"", ""dog_bark""]","audios/train\169142.wav"
"169143.wav","/m/0bt9lr","[""/m/0ghcn6"", ""/m/0bt9lr"", ""/m/068hy"", ""/m/0jbk""]","dog_bark","[""Domestic_animals_and_pets"", ""Animal"", ""dog_bark"", ""Growling""]","audios/train\169143.wav"
"152815.wav","/m/0bt9lr","[""/m/0bt9lr"", ""/m/068hy"", ""/m/0jbk""]","dog_bark","[""Domestic_animals_and_pets"", ""Animal"", ""dog_bark""]","audios/train\152815.wav"
"152816.wav","/m/0bt9lr","[""/m/0bt9lr"", ""/m/068hy"", ""/m/0jbk""]","dog_bark","[""Domestic_animals_and_pets"", ""Animal"", ""dog_bark""]","audios/train\152816.wav"
"152817.wav","/m/0bt9lr","[""/m/0bt9lr"", ""/m/0lyf6"", ""/m/068hy"", ""/m/0jbk"", ""/m/09hlz4""]","dog_bark","[""Respiratory_sounds"", ""Breathing"", ""Domestic_animals_and_pets"", ""Animal"", ""dog_bark""]","audios/train\152817.wav"
"152819.wav","/m/0bt9lr","[""/m/0bt9lr"", ""/m/068hy"", ""/m/0jbk""]","dog_bark","[""Domestic_animals_and_pets"", ""Animal"", ""dog_bark""]","audios/train\152819.wav"
"380156.wav","/m/0bt9lr","[""/m/0bt9lr"", ""/m/068hy"", ""/m/0jbk""]","dog_bark","[""Domestic_animals_and_pets"", ""Animal"", ""dog_bark""]","audios/train\380156.wav"
"79101.wav","/m/0bt9lr","[""/m/0bt9lr"", ""/m/068hy"", ""/m/0jbk""]","dog_bark","[""Domestic_animals_and_pets"", ""Animal"", ""dog_bark""]","audios/train\79101.wav"
"158974.wav","/m/0bt9lr","[""/m/0bt9lr"", ""/m/068hy"", ""/m/0jbk""]","dog_bark","[""Domestic_animals_and_pets"", ""Animal"", ""dog_bark""]","audios/train\158974.wav"
"158975.wav","/m/0bt9lr","[""/m/0bt9lr"", ""/m/068hy"", ""/m/0jbk""]","dog_bark","[""Domestic_animals_and_pets"", ""Animal"", ""dog_bark""]","audios/train\158975.wav"
"158976.wav","/m/0bt9lr","[""/m/0bt9lr"", ""/m/068hy"", ""/m/0jbk""]","dog_bark","[""Domestic_animals_and_pets"", ""Animal"", ""dog_bark""]","audios/train\158976.wav"
"337167.wav","/m/0bt9lr","[""/m/0ghcn6"", ""/m/0bt9lr"", ""/m/068hy"", ""/m/0jbk""]","dog_bark","[""Domestic_animals_and_pets"", ""Animal"", ""dog_bark"", ""Growling""]","audios/train\337167.wav"
"406814.wav","/m/0bt9lr","[""/m/0bt9lr"", ""/m/068hy"", ""/m/0jbk""]","dog_bark","[""Domestic_animals_and_pets"", ""Animal"", ""dog_bark""]","audios/train\406814.wav"
"245024.wav","/m/0bt9lr","[""/m/0bt9lr"", ""/m/068hy"", ""/m/0jbk""]","dog_bark","[""Domestic_animals_and_pets"", ""Animal"", ""dog_bark""]","audios/train\245024.wav"
"142642.wav","/m/0bt9lr","[""/m/0bt9lr"", ""/m/068hy"", ""/m/0jbk""]","dog_bark","[""Domestic_animals_and_pets"", ""Animal"", ""dog_bark""]","audios/train\142642.wav"
"142643.wav","/m/0bt9lr","[""/m/0bt9lr"", ""/m/068hy"", ""/m/0jbk""]","dog_bark","[""Domestic_animals_and_pets"", ""Animal"", ""dog_bark""]","audios/train\142643.wav"
"142644.wav","/m/0bt9lr","[""/m/0bt9lr"", ""/m/068hy"", ""/m/0jbk""]","dog_bark","[""Domestic_animals_and_pets"", ""Animal"", ""dog_bark""]","audios/train\142644.wav"
"52546.wav","/m/0bt9lr","[""/m/0bt9lr"", ""/m/068hy"", ""/m/0jbk""]","dog_bark","[""Domestic_animals_and_pets"", ""Animal"", ""dog_bark""]","audios/train\52546.wav"
"71012.wav","/m/0bt9lr","[""/m/0bt9lr"", ""/m/068hy"", ""/m/0jbk""]","dog_bark","[""Domestic_animals_and_pets"", ""Animal"", ""dog_bark""]","audios/train\71012.wav"
"34153.wav","/m/0bt9lr","[""/m/0bt9lr"", ""/m/068hy"", ""/m/0jbk""]","dog_bark","[""Domestic_animals_and_pets"", ""Animal"", ""dog_bark""]","audios/train\34153.wav"
"398731.wav","/m/0bt9lr","[""/m/0bt9lr"", ""/m/068hy"", ""/m/0jbk""]","dog_bark","[""Domestic_animals_and_pets"", ""Animal"", ""dog_bark""]","audios/train\398731.wav"
"67009.wav","/m/0bt9lr","[""/m/0bt9lr"", ""/m/07yv9"", ""/m/068hy"", ""/m/0jbk""]","dog_bark","[""Animal"", ""Domestic_animals_and_pets"", ""Vehicle"", ""dog_bark""]","audios/train\67009.wav"
"163276.wav","/m/0bt9lr","[""/m/0ghcn6"", ""/m/0bt9lr"", ""/m/068hy"", ""/m/0jbk""]","dog_bark","[""Domestic_animals_and_pets"", ""Animal"", ""dog_bark"", ""Growling""]","audios/train\163276.wav"
"163277.wav","/m/0bt9lr","[""/m/0ghcn6"", ""/m/0bt9lr"", ""/m/068hy"", ""/m/0jbk""]","dog_bark","[""Domestic_animals_and_pets"", ""Animal"", ""dog_bark"", ""Growling""]","audios/train\163277.wav"
"163278.wav","/m/0bt9lr","[""/m/0ghcn6"", ""/m/0bt9lr"", ""/m/068hy"", ""/m/0jbk""]","dog_bark","[""Domestic_animals_and_pets"", ""Animal"", ""dog_bark"", ""Growling""]","audios/train\163278.wav"
"163279.wav","/m/0bt9lr","[""/m/0ghcn6"", ""/m/0bt9lr"", ""/m/068hy"", ""/m/0jbk""]","dog_bark","[""Domestic_animals_and_pets"", ""Animal"", ""dog_bark"", ""Growling""]","audios/train\163279.wav"
"163280.wav","/m/0bt9lr","[""/m/0bt9lr"", ""/m/068hy"", ""/m/0jbk""]","dog_bark","[""Domestic_animals_and_pets"", ""Animal"", ""dog_bark""]","audios/train\163280.wav"
"163281.wav","/m/0bt9lr","[""/m/0bt9lr"", ""/m/068hy"", ""/m/0jbk""]","dog_bark","[""Domestic_animals_and_pets"", ""Animal"", ""dog_bark""]","audios/train\163281.wav"
"163282.wav","/m/0bt9lr","[""/m/0bt9lr"", ""/m/068hy"", ""/m/0jbk""]","dog_bark","[""Domestic_animals_and_pets"", ""Animal"", ""dog_bark""]","audios/train\163282.wav"
"394704.wav","/m/0bt9lr","[""/m/0bt9lr"", ""/m/068hy"", ""/m/0jbk""]","dog_bark","[""Domestic_animals_and_pets"", ""Animal"", ""dog_bark""]","audios/train\394704.wav"
"128468.wav","/m/0bt9lr","[""/m/0bt9lr"", ""/m/068hy"", ""/m/0jbk""]","dog_bark","[""Domestic_animals_and_pets"", ""Animal"", ""dog_bark""]","audios/train\128468.wav"
"220629.wav","/m/0bt9lr","[""/m/0bt9lr"", ""/m/068hy"", ""/m/0jbk""]","dog_bark","[""Domestic_animals_and_pets"", ""Animal"", ""dog_bark""]","audios/train\220629.wav"
"128469.wav","/m/0bt9lr","[""/m/0bt9lr"", ""/m/068hy"", ""/m/0jbk""]","dog_bark","[""Domestic_animals_and_pets"", ""Animal"", ""dog_bark""]","audios/train\128469.wav"
"128470.wav","/m/0bt9lr","[""/m/0bt9lr"", ""/m/068hy"", ""/m/0jbk""]","dog_bark","[""Domestic_animals_and_pets"", ""Animal"", ""dog_bark""]","audios/train\128470.wav"
"13789.wav","/m/0bt9lr","[""/m/0bt9lr"", ""/m/068hy"", ""/m/0jbk""]","dog_bark","[""Domestic_animals_and_pets"", ""Animal"", ""dog_bark""]","audios/train\13789.wav"
"378334.wav","/m/0bt9lr","[""/m/0bt9lr"", ""/m/068hy"", ""/m/0jbk""]","dog_bark","[""Domestic_animals_and_pets"", ""Animal"", ""dog_bark""]","audios/train\378334.wav"
"38367.wav","/m/0bt9lr","[""/m/0bt9lr"", ""/m/068hy"", ""/m/0jbk""]","dog_bark","[""Domestic_animals_and_pets"", ""Animal"", ""dog_bark""]","audios/train\38367.wav"
"273896.wav","/m/0bt9lr","[""/m/0bt9lr"", ""/m/068hy"", ""/m/0jbk""]","dog_bark","[""Domestic_animals_and_pets"", ""Animal"", ""dog_bark""]","audios/train\273896.wav"
"140776.wav","/m/0bt9lr","[""/m/0bt9lr"", ""/m/068hy"", ""/m/0jbk""]","dog_bark","[""Domestic_animals_and_pets"", ""Animal"", ""dog_bark""]","audios/train\140776.wav"
"181767.wav","/m/0bt9lr","[""/m/0bt9lr"", ""/m/068hy"", ""/m/0jbk""]","dog_bark","[""Domestic_animals_and_pets"", ""Animal"", ""dog_bark""]","audios/train\181767.wav"
"239120.wav","/m/0bt9lr","[""/m/0bt9lr"", ""/m/04szw"", ""/m/068hy"", ""/m/0jbk"", ""/m/04rlf""]","dog_bark","[""Music"", ""Musical_instrument"", ""Domestic_animals_and_pets"", ""Animal"", ""dog_bark""]","audios/train\239120.wav"
"216614.wav","/m/0bt9lr","[""/m/0bt9lr"", ""/m/068hy"", ""/m/0jbk""]","dog_bark","[""Domestic_animals_and_pets"", ""Animal"", ""dog_bark""]","audios/train\216614.wav"
"433709.wav","/m/0bt9lr","[""/m/0bt9lr"", ""/m/068hy"", ""/m/0jbk""]","dog_bark","[""Domestic_animals_and_pets"", ""Animal"", ""dog_bark""]","audios/train\433709.wav"
"110134.wav","/m/0bt9lr","[""/m/0bt9lr"", ""/m/068hy"", ""/m/0jbk""]","dog_bark","[""Domestic_animals_and_pets"", ""Animal"", ""dog_bark""]","audios/train\110134.wav"
"368186.wav","/m/0bt9lr","[""/m/0bt9lr"", ""/m/068hy"", ""/m/0jbk""]","dog_bark","[""Domestic_animals_and_pets"", ""Animal"", ""dog_bark""]","audios/train\368186.wav"
"60992.wav","/m/0bt9lr","[""/m/0bt9lr"", ""/m/068hy"", ""/m/0jbk""]","dog_bark","[""Domestic_animals_and_pets"", ""Animal"", ""dog_bark""]","audios/train\60992.wav"
"407131.wav","/m/0bt9lr","[""/m/0bt9lr"", ""/m/068hy"", ""/m/0jbk""]","dog_bark","[""Domestic_animals_and_pets"", ""Animal"", ""dog_bark""]","audios/train\407131.wav"
"409187.wav","/m/0bt9lr","[""/m/0bt9lr"", ""/m/068hy"", ""/m/0jbk""]","dog_bark","[""Domestic_animals_and_pets"", ""Animal"", ""dog_bark""]","audios/train\409187.wav"
"321127.wav","/m/0bt9lr","[""/m/0bt9lr"", ""/m/068hy"", ""/m/0jbk""]","dog_bark","[""Domestic_animals_and_pets"", ""Animal"", ""dog_bark""]","audios/train\321127.wav"
"276085.wav","/m/0bt9lr","[""/m/0bt9lr"", ""/m/068hy"", ""/m/0jbk""]","dog_bark","[""Domestic_animals_and_pets"", ""Animal"", ""dog_bark""]","audios/train\276085.wav"
"163459.wav","/m/0bt9lr","[""/m/0bt9lr"", ""/m/068hy"", ""/m/0jbk""]","dog_bark","[""Domestic_animals_and_pets"", ""Animal"", ""dog_bark""]","audios/train\163459.wav"
"155294.wav","/m/0bt9lr","[""/m/0bt9lr"", ""/m/068hy"", ""/m/0jbk""]","dog_bark","[""Domestic_animals_and_pets"", ""Animal"", ""dog_bark""]","audios/train\155294.wav"
"85665.wav","/m/0bt9lr","[""/m/0bt9lr"", ""/m/068hy"", ""/m/0jbk""]","dog_bark","[""Domestic_animals_and_pets"", ""Animal"", ""dog_bark""]","audios/train\85665.wav"
"155299.wav","/m/0bt9lr","[""/m/04_sv"", ""/m/0bt9lr"", ""/m/068hy"", ""/m/0jbk"", ""/m/012f08"", ""/m/07yv9""]","dog_bark","[""Vehicle"", ""Motorcycle"", ""Motor_vehicle_(road)"", ""Domestic_animals_and_pets"", ""Animal"", ""dog_bark""]","audios/train\155299.wav"
"155310.wav","/m/0bt9lr","[""/m/0bt9lr"", ""/m/068hy"", ""/m/0jbk""]","dog_bark","[""Domestic_animals_and_pets"", ""Animal"", ""dog_bark""]","audios/train\155310.wav"
"155313.wav","/m/0bt9lr","[""/m/0bt9lr"", ""/m/068hy"", ""/m/0jbk""]","dog_bark","[""Domestic_animals_and_pets"", ""Animal"", ""dog_bark""]","audios/train\155313.wav"
"77491.wav","/m/0bt9lr","[""/m/0bt9lr"", ""/m/068hy"", ""/m/0jbk""]","dog_bark","[""Domestic_animals_and_pets"", ""Animal"", ""dog_bark""]","audios/train\77491.wav"
"155315.wav","/m/0bt9lr","[""/m/0bt9lr"", ""/m/068hy"", ""/m/0jbk""]","dog_bark","[""Domestic_animals_and_pets"", ""Animal"", ""dog_bark""]","audios/train\155315.wav"
"331449.wav","/m/0bt9lr","[""/m/0bt9lr"", ""/m/068hy"", ""/m/0jbk""]","dog_bark","[""Domestic_animals_and_pets"", ""Animal"", ""dog_bark""]","audios/train\331449.wav"
"155322.wav","/m/0bt9lr","[""/m/0bt9lr"", ""/m/068hy"", ""/m/0jbk""]","dog_bark","[""Domestic_animals_and_pets"", ""Animal"", ""dog_bark""]","audios/train\155322.wav"
"77500.wav","/m/0bt9lr","[""/m/0bt9lr"", ""/m/068hy"", ""/m/0jbk""]","dog_bark","[""Domestic_animals_and_pets"", ""Animal"", ""dog_bark""]","audios/train\77500.wav"
"390852.wav","/m/0bt9lr","[""/m/0bt9lr"", ""/m/068hy"", ""/m/0jbk""]","dog_bark","[""Domestic_animals_and_pets"", ""Animal"", ""dog_bark""]","audios/train\390852.wav"
"192235.wav","/m/0bt9lr","[""/m/0bt9lr"", ""/m/068hy"", ""/m/0jbk""]","dog_bark","[""Domestic_animals_and_pets"", ""Animal"", ""dog_bark""]","audios/train\192235.wav"
"429805.wav","/m/0bt9lr","[""/m/0bt9lr"", ""/m/068hy"", ""/m/0jbk""]","dog_bark","[""Domestic_animals_and_pets"", ""Animal"", ""dog_bark""]","audios/train\429805.wav"
"192239.wav","/m/0bt9lr","[""/m/0bt9lr"", ""/m/068hy"", ""/m/0jbk""]","dog_bark","[""Domestic_animals_and_pets"", ""Animal"", ""dog_bark""]","audios/train\192239.wav"
"155382.wav","/m/0bt9lr","[""/m/0bt9lr"", ""/m/068hy"", ""/m/0jbk""]","dog_bark","[""Domestic_animals_and_pets"", ""Animal"", ""dog_bark""]","audios/train\155382.wav"
"208650.wav","/m/0bt9lr","[""/m/0bt9lr"", ""/m/068hy"", ""/m/0jbk""]","dog_bark","[""Domestic_animals_and_pets"", ""Animal"", ""dog_bark""]","audios/train\208650.wav"
"208651.wav","/m/0bt9lr","[""/m/0bt9lr"", ""/m/068hy"", ""/m/0jbk""]","dog_bark","[""Domestic_animals_and_pets"", ""Animal"", ""dog_bark""]","audios/train\208651.wav"
"55065.wav","/m/0bt9lr","[""/m/0bt9lr"", ""/m/068hy"", ""/m/0jbk""]","dog_bark","[""Domestic_animals_and_pets"", ""Animal"", ""dog_bark""]","audios/train\55065.wav"
"100124.wav","/m/0bt9lr","[""/m/0bt9lr"", ""/m/068hy"", ""/m/0jbk""]","dog_bark","[""Domestic_animals_and_pets"", ""Animal"", ""dog_bark""]","audios/train\100124.wav"
"257824.wav","/m/0bt9lr","[""/m/0bt9lr"", ""/m/068hy"", ""/m/0jbk""]","dog_bark","[""Domestic_animals_and_pets"", ""Animal"", ""dog_bark""]","audios/train\257824.wav"
"341792.wav","/m/0bt9lr","[""/m/0bt9lr"", ""/m/068hy"", ""/m/0jbk""]","dog_bark","[""Domestic_animals_and_pets"", ""Animal"", ""dog_bark""]","audios/train\341792.wav"
"110371.wav","/m/0bt9lr","[""/m/0bt9lr"", ""/m/068hy"", ""/m/0jbk""]","dog_bark","[""Domestic_animals_and_pets"", ""Animal"", ""dog_bark""]","audios/train\110371.wav"
"71461.wav","/m/0bt9lr","[""/m/0bt9lr"", ""/m/068hy"", ""/m/0jbk""]","dog_bark","[""Domestic_animals_and_pets"", ""Animal"", ""dog_bark""]","audios/train\71461.wav"
"71463.wav","/m/0bt9lr","[""/m/0bt9lr"", ""/m/068hy"", ""/m/0jbk""]","dog_bark","[""Domestic_animals_and_pets"", ""Animal"", ""dog_bark""]","audios/train\71463.wav"
"372531.wav","/m/0bt9lr","[""/m/0ghcn6"", ""/m/0bt9lr"", ""/m/068hy"", ""/m/0jbk""]","dog_bark","[""Domestic_animals_and_pets"", ""Animal"", ""dog_bark"", ""Growling""]","audios/train\372531.wav"
"372533.wav","/m/0bt9lr","[""/m/0ghcn6"", ""/m/0bt9lr"", ""/m/068hy"", ""/m/0jbk""]","dog_bark","[""Domestic_animals_and_pets"", ""Animal"", ""dog_bark"", ""Growling""]","audios/train\372533.wav"
"372534.wav","/m/0bt9lr","[""/m/0ghcn6"", ""/m/0bt9lr"", ""/m/068hy"", ""/m/0jbk""]","dog_bark","[""Domestic_animals_and_pets"", ""Animal"", ""dog_bark"", ""Growling""]","audios/train\372534.wav"
"372535.wav","/m/0bt9lr","[""/m/0ghcn6"", ""/m/0bt9lr"", ""/m/068hy"", ""/m/0jbk""]","dog_bark","[""Domestic_animals_and_pets"", ""Animal"", ""dog_bark"", ""Growling""]","audios/train\372535.wav"
"372536.wav","/m/0bt9lr","[""/m/0ghcn6"", ""/m/0bt9lr"", ""/m/068hy"", ""/m/0jbk""]","dog_bark","[""Domestic_animals_and_pets"", ""Animal"", ""dog_bark"", ""Growling""]","audios/train\372536.wav"
"372537.wav","/m/0bt9lr","[""/m/0ghcn6"", ""/m/0bt9lr"", ""/m/068hy"", ""/m/0jbk""]","dog_bark","[""Domestic_animals_and_pets"", ""Animal"", ""dog_bark"", ""Growling""]","audios/train\372537.wav"
"399184.wav","/m/0bt9lr","[""/m/0bt9lr"", ""/m/068hy"", ""/m/0jbk""]","dog_bark","[""Domestic_animals_and_pets"", ""Animal"", ""dog_bark""]","audios/train\399184.wav"
"399186.wav","/m/0bt9lr","[""/m/0bt9lr"", ""/m/068hy"", ""/m/0jbk""]","dog_bark","[""Domestic_animals_and_pets"", ""Animal"", ""dog_bark""]","audios/train\399186.wav"
"325465.wav","/m/0bt9lr","[""/m/0bt9lr"", ""/m/068hy"", ""/m/0jbk""]","dog_bark","[""Domestic_animals_and_pets"", ""Animal"", ""dog_bark""]","audios/train\325465.wav"
"159578.wav","/m/0bt9lr","[""/m/0bt9lr"", ""/m/068hy"", ""/m/0jbk""]","dog_bark","[""Domestic_animals_and_pets"", ""Animal"", ""dog_bark""]","audios/train\159578.wav"
"325467.wav","/m/0bt9lr","[""/m/0bt9lr"", ""/m/068hy"", ""/m/0jbk""]","dog_bark","[""Domestic_animals_and_pets"", ""Animal"", ""dog_bark""]","audios/train\325467.wav"
"325468.wav","/m/0bt9lr","[""/m/0bt9lr"", ""/m/068hy"", ""/m/0jbk""]","dog_bark","[""Domestic_animals_and_pets"", ""Animal"", ""dog_bark""]","audios/train\325468.wav"
"427871.wav","/m/0bt9lr","[""/m/0ghcn6"", ""/m/0bt9lr"", ""/m/068hy"", ""/m/0jbk""]","dog_bark","[""Domestic_animals_and_pets"", ""Animal"", ""dog_bark"", ""Growling""]","audios/train\427871.wav"
"325471.wav","/m/0bt9lr","[""/m/0bt9lr"", ""/m/068hy"", ""/m/0jbk""]","dog_bark","[""Domestic_animals_and_pets"", ""Animal"", ""dog_bark""]","audios/train\325471.wav"
"325472.wav","/m/0bt9lr","[""/m/0bt9lr"", ""/m/068hy"", ""/m/0jbk""]","dog_bark","[""Domestic_animals_and_pets"", ""Animal"", ""dog_bark""]","audios/train\325472.wav"
"325475.wav","/m/0bt9lr","[""/m/0bt9lr"", ""/m/068hy"", ""/m/0jbk""]","dog_bark","[""Domestic_animals_and_pets"", ""Animal"", ""dog_bark""]","audios/train\325475.wav"
"325476.wav","/m/0bt9lr","[""/m/0bt9lr"", ""/m/068hy"", ""/m/0jbk""]","dog_bark","[""Domestic_animals_and_pets"", ""Animal"", ""dog_bark""]","audios/train\325476.wav"
"18282.wav","/m/0bt9lr","[""/m/0bt9lr"", ""/m/068hy"", ""/m/0jbk""]","dog_bark","[""Domestic_animals_and_pets"", ""Animal"", ""dog_bark""]","audios/train\18282.wav"
"55154.wav","/m/0bt9lr","[""/m/0bt9lr"", ""/m/068hy"", ""/m/0jbk""]","dog_bark","[""Domestic_animals_and_pets"", ""Animal"", ""dog_bark""]","audios/train\55154.wav"
"55155.wav","/m/0bt9lr","[""/m/0bt9lr"", ""/m/068hy"", ""/m/0jbk""]","dog_bark","[""Domestic_animals_and_pets"", ""Animal"", ""dog_bark""]","audios/train\55155.wav"
"55156.wav","/m/0bt9lr","[""/m/0bt9lr"", ""/m/068hy"", ""/m/0jbk""]","dog_bark","[""Domestic_animals_and_pets"", ""Animal"", ""dog_bark""]","audios/train\55156.wav"
"55157.wav","/m/0bt9lr","[""/m/0bt9lr"", ""/m/068hy"", ""/m/0jbk""]","dog_bark","[""Domestic_animals_and_pets"", ""Animal"", ""dog_bark""]","audios/train\55157.wav"
"55158.wav","/m/0bt9lr","[""/m/0bt9lr"", ""/m/068hy"", ""/m/0jbk""]","dog_bark","[""Domestic_animals_and_pets"", ""Animal"", ""dog_bark""]","audios/train\55158.wav"
"262007.wav","/m/0bt9lr","[""/m/0bt9lr"", ""/m/068hy"", ""/m/0jbk""]","dog_bark","[""Domestic_animals_and_pets"", ""Animal"", ""dog_bark""]","audios/train\262007.wav"
"155617.wav","/m/0bt9lr","[""/m/0bt9lr"", ""/m/068hy"", ""/m/0jbk""]","dog_bark","[""Domestic_animals_and_pets"", ""Animal"", ""dog_bark""]","audios/train\155617.wav"
"81904.wav","/m/0bt9lr","[""/m/0bt9lr"", ""/m/068hy"", ""/m/0jbk""]","dog_bark","[""Domestic_animals_and_pets"", ""Animal"", ""dog_bark""]","audios/train\81904.wav"
"231415.wav","/m/0bt9lr","[""/m/0bt9lr"", ""/m/068hy"", ""/m/0jbk""]","dog_bark","[""Domestic_animals_and_pets"", ""Animal"", ""dog_bark""]","audios/train\231415.wav"
"231416.wav","/m/0bt9lr","[""/m/0bt9lr"", ""/m/068hy"", ""/m/0jbk""]","dog_bark","[""Domestic_animals_and_pets"", ""Animal"", ""dog_bark""]","audios/train\231416.wav"
"231419.wav","/m/0bt9lr","[""/m/0bt9lr"", ""/m/068hy"", ""/m/0jbk""]","dog_bark","[""Domestic_animals_and_pets"", ""Animal"", ""dog_bark""]","audios/train\231419.wav"
"323015.wav","/m/0bt9lr","[""/m/0bt9lr"", ""/m/068hy"", ""/m/0jbk""]","dog_bark","[""Domestic_animals_and_pets"", ""Animal"", ""dog_bark""]","audios/train\323015.wav"
"269121.wav","/m/0bt9lr","[""/m/0bt9lr"", ""/m/068hy"", ""/m/0jbk""]","dog_bark","[""Domestic_animals_and_pets"", ""Animal"", ""dog_bark""]","audios/train\269121.wav"
"40966.wav","/m/07p6fty","[""/m/07sr1lc"", ""/m/07p6fty"", ""/m/09l8g""]","shout","[""Human_voice"", ""Yell"", ""shout""]","audios/train\40966.wav"
"431628.wav","/m/07p6fty","[""/m/07sr1lc"", ""/m/07p6fty"", ""/m/09l8g""]","shout","[""Human_voice"", ""Yell"", ""shout""]","audios/train\431628.wav"
"195089.wav","/m/07p6fty","[""/m/07sr1lc"", ""/m/07p6fty"", ""/m/09l8g""]","shout","[""Human_voice"", ""Yell"", ""shout""]","audios/train\195089.wav"
"127004.wav","/m/07p6fty","[""/m/07sr1lc"", ""/m/07p6fty"", ""/m/09l8g""]","shout","[""Human_voice"", ""Yell"", ""shout""]","audios/train\127004.wav"
"100896.wav","/m/07p6fty","[""/m/07sr1lc"", ""/m/07p6fty"", ""/m/09l8g""]","shout","[""Human_voice"", ""Yell"", ""shout""]","audios/train\100896.wav"
"382016.wav","/m/07p6fty","[""/m/07sr1lc"", ""/m/07p6fty"", ""/m/09l8g""]","shout","[""Human_voice"", ""Yell"", ""shout""]","audios/train\382016.wav"
"379969.wav","/m/07p6fty","[""/m/07sr1lc"", ""/m/07p6fty"", ""/m/09l8g""]","shout","[""Human_voice"", ""Yell"", ""shout""]","audios/train\379969.wav"
"188488.wav","/m/07p6fty","[""/m/07sr1lc"", ""/m/07p6fty"", ""/m/09l8g""]","shout","[""Human_voice"", ""Yell"", ""shout""]","audios/train\188488.wav"
"188489.wav","/m/07p6fty","[""/m/07sr1lc"", ""/m/07p6fty"", ""/m/09l8g""]","shout","[""Human_voice"", ""Yell"", ""shout""]","audios/train\188489.wav"
"188490.wav","/m/07p6fty","[""/m/07sr1lc"", ""/m/07p6fty"", ""/m/09l8g""]","shout","[""Human_voice"", ""Yell"", ""shout""]","audios/train\188490.wav"
"161358.wav","/m/07p6fty","[""/m/07sr1lc"", ""/m/07p6fty"", ""/m/09l8g""]","shout","[""Human_voice"", ""Yell"", ""shout""]","audios/train\161358.wav"
"161369.wav","/m/07p6fty","[""/m/07sr1lc"", ""/m/07p6fty"", ""/m/09l8g""]","shout","[""Human_voice"", ""Yell"", ""shout""]","audios/train\161369.wav"
"161370.wav","/m/07p6fty","[""/m/07sr1lc"", ""/m/07p6fty"", ""/m/09l8g""]","shout","[""Human_voice"", ""Yell"", ""shout""]","audios/train\161370.wav"
"161371.wav","/m/07p6fty","[""/m/07sr1lc"", ""/m/07p6fty"", ""/m/09l8g""]","shout","[""Human_voice"", ""Yell"", ""shout""]","audios/train\161371.wav"
"39517.wav","/m/07p6fty","[""/m/07sr1lc"", ""/m/07p6fty"", ""/m/09l8g""]","shout","[""Human_voice"", ""Yell"", ""shout""]","audios/train\39517.wav"
"39518.wav","/m/07p6fty","[""/m/07sr1lc"", ""/m/07p6fty"", ""/m/09l8g""]","shout","[""Human_voice"", ""Yell"", ""shout""]","audios/train\39518.wav"
"39519.wav","/m/07p6fty","[""/m/07sr1lc"", ""/m/07p6fty"", ""/m/09l8g""]","shout","[""Human_voice"", ""Yell"", ""shout""]","audios/train\39519.wav"
"39520.wav","/m/07p6fty","[""/m/07sr1lc"", ""/m/07p6fty"", ""/m/09l8g""]","shout","[""Human_voice"", ""Yell"", ""shout""]","audios/train\39520.wav"
"39521.wav","/m/07p6fty","[""/m/07sr1lc"", ""/m/07p6fty"", ""/m/09l8g""]","shout","[""Human_voice"", ""Yell"", ""shout""]","audios/train\39521.wav"
"39523.wav","/m/07p6fty","[""/m/07sr1lc"", ""/m/07p6fty"", ""/m/09l8g""]","shout","[""Human_voice"", ""Yell"", ""shout""]","audios/train\39523.wav"
"259681.wav","/m/07p6fty","[""/m/07sr1lc"", ""/m/07p6fty"", ""/m/09l8g""]","shout","[""Human_voice"", ""Yell"", ""shout""]","audios/train\259681.wav"
"256635.wav","/m/07p6fty","[""/m/07sr1lc"", ""/m/07p6fty"", ""/m/09l8g""]","shout","[""Human_voice"", ""Yell"", ""shout""]","audios/train\256635.wav"
"179332.wav","/m/07p6fty","[""/m/07sr1lc"", ""/m/07p6fty"", ""/m/09l8g""]","shout","[""Human_voice"", ""Yell"", ""shout""]","audios/train\179332.wav"
"192133.wav","/m/07p6fty","[""/m/07sr1lc"", ""/m/07p6fty"", ""/m/09l8g""]","shout","[""Human_voice"", ""Yell"", ""shout""]","audios/train\192133.wav"
"334468.wav","/m/07p6fty","[""/m/07sr1lc"", ""/m/07p6fty"", ""/m/09l8g""]","shout","[""Human_voice"", ""Yell"", ""shout""]","audios/train\334468.wav"
"112270.wav","/m/07p6fty","[""/m/07sr1lc"", ""/m/07p6fty"", ""/m/09l8g""]","shout","[""Human_voice"", ""Yell"", ""shout""]","audios/train\112270.wav"
"368276.wav","/m/07p6fty","[""/m/07sr1lc"", ""/m/07p6fty"", ""/m/09l8g""]","shout","[""Human_voice"", ""Yell"", ""shout""]","audios/train\368276.wav"
"264351.wav","/m/07p6fty","[""/m/07sr1lc"", ""/m/07p6fty"", ""/m/09l8g""]","shout","[""Human_voice"", ""Yell"", ""shout""]","audios/train\264351.wav"
"362666.wav","/m/07p6fty","[""/m/07sr1lc"", ""/m/07p6fty"", ""/m/09l8g""]","shout","[""Human_voice"", ""Yell"", ""shout""]","audios/train\362666.wav"
"267451.wav","/m/07p6fty","[""/m/07sr1lc"", ""/m/07p6fty"", ""/m/09l8g""]","shout","[""Human_voice"", ""Yell"", ""shout""]","audios/train\267451.wav"
"267984.wav","/m/07p6fty","[""/m/07sr1lc"", ""/m/07p6fty"", ""/m/09l8g""]","shout","[""Human_voice"", ""Yell"", ""shout""]","audios/train\267984.wav"
"47829.wav","/m/07p6fty","[""/m/07sr1lc"", ""/m/07p6fty"", ""/m/09l8g""]","shout","[""Human_voice"", ""Yell"", ""shout""]","audios/train\47829.wav"
"165596.wav","/m/07p6fty","[""/m/07sr1lc"", ""/m/07p6fty"", ""/m/09l8g""]","shout","[""Human_voice"", ""Yell"", ""shout""]","audios/train\165596.wav"
"261854.wav","/m/07p6fty","[""/m/07sr1lc"", ""/m/07p6fty"", ""/m/09l8g""]","shout","[""Human_voice"", ""Yell"", ""shout""]","audios/train\261854.wav"
"316645.wav","/m/07p6fty","[""/m/07sr1lc"", ""/m/07p6fty"", ""/m/09l8g""]","shout","[""Human_voice"", ""Yell"", ""shout""]","audios/train\316645.wav"
"316648.wav","/m/07p6fty","[""/m/07sr1lc"", ""/m/07p6fty"", ""/m/09l8g""]","shout","[""Human_voice"", ""Yell"", ""shout""]","audios/train\316648.wav"
"326889.wav","/m/07p6fty","[""/m/07sr1lc"", ""/m/07p6fty"", ""/m/09l8g""]","shout","[""Human_voice"", ""Yell"", ""shout""]","audios/train\326889.wav"
"168688.wav","/m/07p6fty","[""/m/07sr1lc"", ""/m/07p6fty"", ""/m/09l8g""]","shout","[""Human_voice"", ""Yell"", ""shout""]","audios/train\168688.wav"
"350448.wav","/m/07p6fty","[""/m/07sr1lc"", ""/m/07p6fty"", ""/m/09l8g""]","shout","[""Human_voice"", ""Yell"", ""shout""]","audios/train\350448.wav"
"19188.wav","/m/07p6fty","[""/m/07sr1lc"", ""/m/07p6fty"", ""/m/09l8g""]","shout","[""Human_voice"", ""Yell"", ""shout""]","audios/train\19188.wav"
"387829.wav","/m/07p6fty","[""/m/07sr1lc"", ""/m/07p6fty"", ""/m/09l8g""]","shout","[""Human_voice"", ""Yell"", ""shout""]","audios/train\387829.wav"
"194813.wav","/m/07p6fty","[""/m/07sr1lc"", ""/m/07p6fty"", ""/m/09l8g""]","shout","[""Human_voice"", ""Yell"", ""shout""]","audios/train\194813.wav"
"67332.wav","/m/07p6fty","[""/m/07sr1lc"", ""/m/07p6fty"", ""/m/09l8g""]","shout","[""Human_voice"", ""Yell"", ""shout""]","audios/train\67332.wav"
"77061.wav","/m/07p6fty","[""/m/07sr1lc"", ""/m/07p6fty"", ""/m/09l8g""]","shout","[""Human_voice"", ""Yell"", ""shout""]","audios/train\77061.wav"
"223526.wav","/m/07p6fty","[""/m/07sr1lc"", ""/m/07p6fty"", ""/m/09l8g""]","shout","[""Human_voice"", ""Yell"", ""shout""]","audios/train\223526.wav"
"258342.wav","/m/07p6fty","[""/m/07sr1lc"", ""/m/07p6fty"", ""/m/09l8g""]","shout","[""Human_voice"", ""Yell"", ""shout""]","audios/train\258342.wav"
"210731.wav","/m/07p6fty","[""/m/07sr1lc"", ""/m/07p6fty"", ""/m/09l8g""]","shout","[""Human_voice"", ""Yell"", ""shout""]","audios/train\210731.wav"
"267569.wav","/m/07p6fty","[""/m/07sr1lc"", ""/m/07p6fty"", ""/m/09l8g""]","shout","[""Human_voice"", ""Yell"", ""shout""]","audios/train\267569.wav"
"167227.wav","/m/07p6fty","[""/m/07sr1lc"", ""/m/07p6fty"", ""/m/09l8g""]","shout","[""Human_voice"", ""Yell"", ""shout""]","audios/train\167227.wav"
"241471.wav","/m/07p6fty","[""/m/07sr1lc"", ""/m/07p6fty"", ""/m/09l8g""]","shout","[""Human_voice"", ""Yell"", ""shout""]","audios/train\241471.wav"
"343872.wav","/m/07p6fty","[""/m/07sr1lc"", ""/m/07p6fty"", ""/m/09l8g""]","shout","[""Human_voice"", ""Yell"", ""shout""]","audios/train\343872.wav"
"343877.wav","/m/07p6fty","[""/m/07sr1lc"", ""/m/07p6fty"", ""/m/09l8g""]","shout","[""Human_voice"", ""Yell"", ""shout""]","audios/train\343877.wav"
"343887.wav","/m/07p6fty","[""/m/07sr1lc"", ""/m/07p6fty"", ""/m/09l8g""]","shout","[""Human_voice"", ""Yell"", ""shout""]","audios/train\343887.wav"
"343891.wav","/m/07p6fty","[""/m/07sr1lc"", ""/m/07p6fty"", ""/m/09l8g""]","shout","[""Human_voice"", ""Yell"", ""shout""]","audios/train\343891.wav"
"364897.wav","/m/07p6fty","[""/m/07sr1lc"", ""/m/07p6fty"", ""/m/09l8g""]","shout","[""Human_voice"", ""Yell"", ""shout""]","audios/train\364897.wav"
"245604.wav","/m/07p6fty","[""/m/07sr1lc"", ""/m/07p6fty"", ""/m/09l8g""]","shout","[""Human_voice"", ""Yell"", ""shout""]","audios/train\245604.wav"
"278895.wav","/m/07p6fty","[""/m/07sr1lc"", ""/m/07p6fty"", ""/m/09l8g""]","shout","[""Human_voice"", ""Yell"", ""shout""]","audios/train\278895.wav"
"33653.wav","/m/07p6fty","[""/m/07sr1lc"", ""/m/07p6fty"", ""/m/09l8g""]","shout","[""Human_voice"", ""Yell"", ""shout""]","audios/train\33653.wav"
"254334.wav","/m/07p6fty","[""/m/07sr1lc"", ""/m/07p6fty"", ""/m/09l8g""]","shout","[""Human_voice"", ""Yell"", ""shout""]","audios/train\254334.wav"
"254336.wav","/m/07p6fty","[""/m/07sr1lc"", ""/m/07p6fty"", ""/m/09l8g""]","shout","[""Human_voice"", ""Yell"", ""shout""]","audios/train\254336.wav"
"254337.wav","/m/07p6fty","[""/m/07sr1lc"", ""/m/07p6fty"", ""/m/09l8g""]","shout","[""Human_voice"", ""Yell"", ""shout""]","audios/train\254337.wav"
"326539.wav","/m/07p6fty","[""/m/07sr1lc"", ""/m/07p6fty"", ""/m/09l8g""]","shout","[""Human_voice"", ""Yell"", ""shout""]","audios/train\326539.wav"
"343952.wav","/m/07p6fty","[""/m/07sr1lc"", ""/m/07p6fty"", ""/m/09l8g""]","shout","[""Human_voice"", ""Yell"", ""shout""]","audios/train\343952.wav"
"343955.wav","/m/07p6fty","[""/m/07sr1lc"", ""/m/07p6fty"", ""/m/09l8g""]","shout","[""Human_voice"", ""Yell"", ""shout""]","audios/train\343955.wav"
"343957.wav","/m/07p6fty","[""/m/07sr1lc"", ""/m/07p6fty"", ""/m/09l8g""]","shout","[""Human_voice"", ""Yell"", ""shout""]","audios/train\343957.wav"
"343960.wav","/m/07p6fty","[""/m/07sr1lc"", ""/m/07p6fty"", ""/m/09l8g""]","shout","[""Human_voice"", ""Yell"", ""shout""]","audios/train\343960.wav"
"33691.wav","/m/07p6fty","[""/m/07sr1lc"", ""/m/07p6fty"", ""/m/09l8g""]","shout","[""Human_voice"", ""Yell"", ""shout""]","audios/train\33691.wav"
"343965.wav","/m/07p6fty","[""/m/07sr1lc"", ""/m/07p6fty"", ""/m/09l8g""]","shout","[""Human_voice"", ""Yell"", ""shout""]","audios/train\343965.wav"
"343966.wav","/m/07p6fty","[""/m/07sr1lc"", ""/m/07p6fty"", ""/m/09l8g""]","shout","[""Human_voice"", ""Yell"", ""shout""]","audios/train\343966.wav"
"343967.wav","/m/07p6fty","[""/m/07sr1lc"", ""/m/07p6fty"", ""/m/09l8g""]","shout","[""Human_voice"", ""Yell"", ""shout""]","audios/train\343967.wav"
"343985.wav","/m/07p6fty","[""/m/07sr1lc"", ""/m/07p6fty"", ""/m/09l8g""]","shout","[""Human_voice"", ""Yell"", ""shout""]","audios/train\343985.wav"
"266716.wav","/m/07p6fty","[""/m/07sr1lc"", ""/m/07p6fty"", ""/m/09l8g""]","shout","[""Human_voice"", ""Yell"", ""shout""]","audios/train\266716.wav"
"187359.wav","/m/07p6fty","[""/m/07sr1lc"", ""/m/07p6fty"", ""/m/09l8g""]","shout","[""Human_voice"", ""Yell"", ""shout""]","audios/train\187359.wav"
"344047.wav","/m/07p6fty","[""/m/07sr1lc"", ""/m/07p6fty"", ""/m/09l8g""]","shout","[""Human_voice"", ""Yell"", ""shout""]","audios/train\344047.wav"
"344051.wav","/m/07p6fty","[""/m/07sr1lc"", ""/m/07p6fty"", ""/m/09l8g""]","shout","[""Human_voice"", ""Yell"", ""shout""]","audios/train\344051.wav"
"344057.wav","/m/07p6fty","[""/m/07sr1lc"", ""/m/07p6fty"", ""/m/09l8g""]","shout","[""Human_voice"", ""Yell"", ""shout""]","audios/train\344057.wav"
"140342.wav","/m/07p6fty","[""/m/07sr1lc"", ""/m/0btp2"", ""/m/07p6fty"", ""/m/09l8g"", ""/m/012f08"", ""/m/07yv9""]","shout","[""shout"", ""Yell"", ""traffic_noise"", ""Motor_vehicle_(road)"", ""Human_voice"", ""Vehicle""]","audios/train\140342.wav"
"140344.wav","/m/07p6fty","[""/m/07sr1lc"", ""/m/0btp2"", ""/m/07p6fty"", ""/m/09l8g"", ""/m/012f08"", ""/m/07yv9""]","shout","[""shout"", ""Yell"", ""traffic_noise"", ""Motor_vehicle_(road)"", ""Human_voice"", ""Vehicle""]","audios/train\140344.wav"
"323079.wav","/m/07p6fty","[""/m/07p6fty"", ""/m/09l8g""]","shout","[""Human_voice"", ""shout""]","audios/train\323079.wav"
"323081.wav","/m/07p6fty","[""/m/07p6fty"", ""/m/09l8g""]","shout","[""Human_voice"", ""shout""]","audios/train\323081.wav"
"323082.wav","/m/07p6fty","[""/m/07p6fty"", ""/m/09l8g""]","shout","[""Human_voice"", ""shout""]","audios/train\323082.wav"
"246304.wav","/m/07p6fty","[""/m/07p6fty"", ""/m/09l8g""]","shout","[""Human_voice"", ""shout""]","audios/train\246304.wav"
"395810.wav","/m/07p6fty","[""/m/07p6fty"", ""/m/09l8g""]","shout","[""Human_voice"", ""shout""]","audios/train\395810.wav"
"134696.wav","/m/07p6fty","[""/m/07p6fty"", ""/m/09l8g""]","shout","[""Human_voice"", ""shout""]","audios/train\134696.wav"
"161340.wav","/m/07p6fty","[""/m/07p6fty"", ""/m/09l8g""]","shout","[""Human_voice"", ""shout""]","audios/train\161340.wav"
"334915.wav","/m/07p6fty","[""/m/07p6fty"", ""/m/09l8g""]","shout","[""Human_voice"", ""shout""]","audios/train\334915.wav"
"60521.wav","/m/07p6fty","[""/m/07p6fty"", ""/m/09l8g""]","shout","[""Human_voice"", ""shout""]","audios/train\60521.wav"
"215674.wav","/m/07p6fty","[""/m/07p6fty"", ""/m/09l8g""]","shout","[""Human_voice"", ""shout""]","audios/train\215674.wav"
"362123.wav","/m/07p6fty","[""/m/07p6fty"", ""/m/09l8g""]","shout","[""Human_voice"", ""shout""]","audios/train\362123.wav"
"18593.wav","/m/07p6fty","[""/m/07p6fty"", ""/m/0ch8v"", ""/m/09l8g"", ""/m/0jbk""]","shout","[""Human_voice"", ""shout"", ""Animal"", ""Livestock_and_farm_animals_and_working_animals""]","audios/train\18593.wav"
"362665.wav","/m/07p6fty","[""/m/07p6fty"", ""/m/09l8g""]","shout","[""Human_voice"", ""shout""]","audios/train\362665.wav"
"161967.wav","/m/07p6fty","[""/m/07p6fty"", ""/m/09l8g""]","shout","[""Human_voice"", ""shout""]","audios/train\161967.wav"
"16086.wav","/m/07p6fty","[""/m/07p6fty"", ""/m/09l8g""]","shout","[""Human_voice"", ""shout""]","audios/train\16086.wav"
"36052.wav","/m/07p6fty","[""/m/07p6fty"", ""/m/09l8g""]","shout","[""Human_voice"", ""shout""]","audios/train\36052.wav"
"50924.wav","/m/07p6fty","[""/m/07p6fty"", ""/m/09l8g""]","shout","[""Human_voice"", ""shout""]","audios/train\50924.wav"
"432884.wav","/m/07p6fty","[""/m/07p6fty"", ""/m/09l8g""]","shout","[""Human_voice"", ""shout""]","audios/train\432884.wav"
"63754.wav","/m/07p6fty","[""/m/07p6fty"", ""/m/0199g"", ""/m/09l8g"", ""/m/07yv9""]","shout","[""Human_voice"", ""shout"", ""Vehicle"", ""Bicycle""]","audios/train\63754.wav"
"69390.wav","/m/07p6fty","[""/m/07p6fty"", ""/m/09l8g""]","shout","[""Human_voice"", ""shout""]","audios/train\69390.wav"
"195414.wav","/m/07p6fty","[""/m/07p6fty"", ""/m/09l8g""]","shout","[""Human_voice"", ""shout""]","audios/train\195414.wav"
"157018.wav","/m/07p6fty","[""/m/07p6fty"", ""/m/09l8g""]","shout","[""Human_voice"", ""shout""]","audios/train\157018.wav"
"394608.wav","/m/07p6fty","[""/m/07p6fty"", ""/m/09l8g""]","shout","[""Human_voice"", ""shout""]","audios/train\394608.wav"
"76662.wav","/m/07p6fty","[""/m/07p6fty"", ""/m/09l8g""]","shout","[""Human_voice"", ""shout""]","audios/train\76662.wav"
"187294.wav","/m/07p6fty","[""/m/07p6fty"", ""/m/09l8g""]","shout","[""Human_voice"", ""shout""]","audios/train\187294.wav"
"191944.wav","/m/07p6fty","[""/m/07p6fty"", ""/m/09l8g""]","shout","[""Human_voice"", ""shout""]","audios/train\191944.wav"
"216534.wav","/m/07p6fty","[""/m/07p6fty"", ""/m/09l8g""]","shout","[""Human_voice"", ""shout""]","audios/train\216534.wav"
"400356.wav","/m/07p6fty","[""/m/07p6fty"", ""/m/09l8g""]","shout","[""Human_voice"", ""shout""]","audios/train\400356.wav"
"160743.wav","/m/07p6fty","[""/m/07p6fty"", ""/m/09l8g""]","shout","[""Human_voice"", ""shout""]","audios/train\160743.wav"
"421873.wav","/m/07p6fty","[""/m/07p6fty"", ""/m/09l8g""]","shout","[""Human_voice"", ""shout""]","audios/train\421873.wav"
"421874.wav","/m/07p6fty","[""/m/07p6fty"", ""/m/09l8g""]","shout","[""Human_voice"", ""shout""]","audios/train\421874.wav"
"419320.wav","/m/07p6fty","[""/m/07p6fty"", ""/m/09l8g""]","shout","[""Human_voice"", ""shout""]","audios/train\419320.wav"
"249807.wav","/m/07p6fty","[""/m/07p6fty"", ""/m/09l8g""]","shout","[""Human_voice"", ""shout""]","audios/train\249807.wav"
"63276.wav","/m/07p6fty","[""/m/0ytgt"", ""/m/07p6fty"", ""/m/09l8g"", ""/m/09x0r""]","shout","[""Human_voice"", ""shout"", ""Child_speech_and_kid_speaking"", ""Speech""]","audios/train\63276.wav"
"155769.wav","/m/07pp_mv","[""/m/0195fx"", ""/m/03wwcy"", ""/m/06d_3"", ""/m/07yv9"", ""/m/02dgv"", ""/t/dd00071"", ""/m/07pp_mv""]","alarm","[""alarm"", ""doorbell"", ""Domestic_sounds_and_home_sounds"", ""Subway_and_metro_and_underground"", ""Rail_transport"", ""Door"", ""Vehicle""]","audios/train\155769.wav"
"155770.wav","/m/07pp_mv","[""/m/0195fx"", ""/m/03wwcy"", ""/m/06d_3"", ""/m/07yv9"", ""/m/02dgv"", ""/t/dd00071"", ""/m/07pp_mv""]","alarm","[""alarm"", ""doorbell"", ""Domestic_sounds_and_home_sounds"", ""Subway_and_metro_and_underground"", ""Rail_transport"", ""Door"", ""Vehicle""]","audios/train\155770.wav"
"155776.wav","/m/07pp_mv","[""/m/0195fx"", ""/m/03wwcy"", ""/m/06d_3"", ""/m/07yv9"", ""/m/02dgv"", ""/t/dd00071"", ""/m/07pp_mv""]","alarm","[""alarm"", ""doorbell"", ""Domestic_sounds_and_home_sounds"", ""Subway_and_metro_and_underground"", ""Rail_transport"", ""Door"", ""Vehicle""]","audios/train\155776.wav"
"100634.wav","/m/07pp_mv","[""/m/0195fx"", ""/m/03wwcy"", ""/m/06d_3"", ""/m/07yv9"", ""/m/02dgv"", ""/t/dd00071"", ""/m/07pp_mv""]","alarm","[""alarm"", ""doorbell"", ""Domestic_sounds_and_home_sounds"", ""Subway_and_metro_and_underground"", ""Rail_transport"", ""Door"", ""Vehicle""]","audios/train\100634.wav"
"187306.wav","/m/07pp_mv","[""/m/0195fx"", ""/m/03wwcy"", ""/m/06d_3"", ""/m/07yv9"", ""/m/02dgv"", ""/t/dd00071"", ""/m/07pp_mv""]","alarm","[""alarm"", ""doorbell"", ""Domestic_sounds_and_home_sounds"", ""Subway_and_metro_and_underground"", ""Rail_transport"", ""Door"", ""Vehicle""]","audios/train\187306.wav"
"187314.wav","/m/07pp_mv","[""/m/0195fx"", ""/m/03wwcy"", ""/m/06d_3"", ""/m/07yv9"", ""/m/02dgv"", ""/t/dd00071"", ""/m/07pp_mv""]","alarm","[""alarm"", ""doorbell"", ""Domestic_sounds_and_home_sounds"", ""Subway_and_metro_and_underground"", ""Rail_transport"", ""Door"", ""Vehicle""]","audios/train\187314.wav"
"71740.wav","/m/02mk9","[""/m/07q2z82"", ""/m/0k4j"", ""/m/012f08"", ""/m/07yv9"", ""/m/02mk9""]","engine","[""Car"", ""Accelerating_and_revving_and_vroom"", ""Motor_vehicle_(road)"", ""engine"", ""Vehicle""]","audios/train\71740.wav"
"401554.wav","/m/02mk9","[""/t/dd00130"", ""/m/0k4j"", ""/m/012f08"", ""/m/07yv9"", ""/m/02mk9""]","engine","[""Engine_starting"", ""Car"", ""Motor_vehicle_(road)"", ""engine"", ""Vehicle""]","audios/train\401554.wav"
"401558.wav","/m/02mk9","[""/t/dd00130"", ""/m/0k4j"", ""/m/012f08"", ""/m/07yv9"", ""/m/02mk9""]","engine","[""Engine_starting"", ""Car"", ""Motor_vehicle_(road)"", ""engine"", ""Vehicle""]","audios/train\401558.wav"
"379032.wav","/m/02mk9","[""/t/dd00130"", ""/m/0k4j"", ""/m/012f08"", ""/m/07yv9"", ""/m/02mk9""]","engine","[""Engine_starting"", ""Car"", ""Motor_vehicle_(road)"", ""engine"", ""Vehicle""]","audios/train\379032.wav"
"325821.wav","/m/02mk9","[""/t/dd00130"", ""/m/0k4j"", ""/m/012f08"", ""/m/07yv9"", ""/m/02mk9""]","engine","[""Engine_starting"", ""Car"", ""Motor_vehicle_(road)"", ""engine"", ""Vehicle""]","audios/train\325821.wav"
"106785.wav","/m/0btp2","[""/m/0btp2"", ""/m/0k4j"", ""/m/012f08"", ""/m/07yv9""]","traffic_noise","[""Car"", ""traffic_noise"", ""Motor_vehicle_(road)"", ""Vehicle""]","audios/train\106785.wav"
"364856.wav","/m/0btp2","[""/t/dd00134"", ""/m/0btp2"", ""/m/0k4j"", ""/m/012f08"", ""/m/07yv9""]","traffic_noise","[""Car"", ""Car_passing_by"", ""traffic_noise"", ""Motor_vehicle_(road)"", ""Vehicle""]","audios/train\364856.wav"
"369054.wav","/m/07pb8fc","[""/m/07pb8fc"", ""/m/0k4j"", ""/m/012f08"", ""/m/07yv9"", ""/m/02mk9""]","engine","[""Car"", ""engine"", ""Motor_vehicle_(road)"", ""Vehicle""]","audios/train\369054.wav"
"410132.wav","/m/02mk9","[""/m/07q2z82"", ""/m/0k4j"", ""/m/012f08"", ""/m/07yv9"", ""/m/02mk9""]","engine","[""Car"", ""Accelerating_and_revving_and_vroom"", ""Motor_vehicle_(road)"", ""engine"", ""Vehicle""]","audios/train\410132.wav"
"410135.wav","/m/07pb8fc","[""/m/07pb8fc"", ""/t/dd00130"", ""/m/0k4j"", ""/m/012f08"", ""/m/07yv9"", ""/m/02mk9""]","engine","[""Engine_starting"", ""Car"", ""Motor_vehicle_(road)"", ""engine"", ""Vehicle""]","audios/train\410135.wav"
"410136.wav","/m/02mk9","[""/t/dd00130"", ""/m/0k4j"", ""/m/012f08"", ""/m/07yv9"", ""/m/02mk9""]","engine","[""Engine_starting"", ""Car"", ""Motor_vehicle_(road)"", ""engine"", ""Vehicle""]","audios/train\410136.wav"
"410137.wav","/m/07pb8fc","[""/m/07pb8fc"", ""/t/dd00130"", ""/m/0k4j"", ""/m/012f08"", ""/m/07yv9"", ""/m/02mk9""]","engine","[""Engine_starting"", ""Car"", ""Motor_vehicle_(road)"", ""engine"", ""Vehicle""]","audios/train\410137.wav"
"410139.wav","/m/07pb8fc","[""/m/07pb8fc"", ""/t/dd00130"", ""/m/0k4j"", ""/m/012f08"", ""/m/07yv9"", ""/m/02mk9""]","engine","[""Engine_starting"", ""Car"", ""Motor_vehicle_(road)"", ""engine"", ""Vehicle""]","audios/train\410139.wav"
"410140.wav","/m/02mk9","[""/t/dd00130"", ""/m/0k4j"", ""/m/012f08"", ""/m/07yv9"", ""/m/02mk9""]","engine","[""Engine_starting"", ""Car"", ""Motor_vehicle_(road)"", ""engine"", ""Vehicle""]","audios/train\410140.wav"
"186959.wav","/m/02mk9","[""/t/dd00130"", ""/m/0k4j"", ""/m/012f08"", ""/m/07yv9"", ""/m/02mk9""]","engine","[""Engine_starting"", ""Car"", ""Motor_vehicle_(road)"", ""engine"", ""Vehicle""]","audios/train\186959.wav"
"162500.wav","/m/02mk9","[""/m/07q2z82"", ""/m/0k4j"", ""/m/07yv9"", ""/m/012f08"", ""/m/02mk9""]","engine","[""Car"", ""Accelerating_and_revving_and_vroom"", ""Motor_vehicle_(road)"", ""engine"", ""Vehicle""]","audios/train\162500.wav"
"162501.wav","/m/02mk9","[""/m/07q2z82"", ""/m/0k4j"", ""/m/07yv9"", ""/m/012f08"", ""/m/02mk9""]","engine","[""Car"", ""Accelerating_and_revving_and_vroom"", ""Motor_vehicle_(road)"", ""engine"", ""Vehicle""]","audios/train\162501.wav"
"205510.wav","/m/02mk9","[""/t/dd00130"", ""/m/0k4j"", ""/m/012f08"", ""/m/07yv9"", ""/m/02mk9""]","engine","[""Engine_starting"", ""Car"", ""Motor_vehicle_(road)"", ""engine"", ""Vehicle""]","audios/train\205510.wav"
"162523.wav","/m/02mk9","[""/t/dd00130"", ""/m/0k4j"", ""/m/012f08"", ""/m/07yv9"", ""/m/02mk9""]","engine","[""Engine_starting"", ""Car"", ""Motor_vehicle_(road)"", ""engine"", ""Vehicle""]","audios/train\162523.wav"
"162524.wav","/m/02mk9","[""/t/dd00130"", ""/m/07q2z82"", ""/m/0k4j"", ""/m/07yv9"", ""/m/012f08"", ""/m/02mk9""]","engine","[""Engine_starting"", ""Car"", ""Accelerating_and_revving_and_vroom"", ""Motor_vehicle_(road)"", ""engine"", ""Vehicle""]","audios/train\162524.wav"
"162525.wav","/m/02mk9","[""/t/dd00130"", ""/m/07q2z82"", ""/m/0k4j"", ""/m/07yv9"", ""/m/012f08"", ""/m/02mk9""]","engine","[""Engine_starting"", ""Car"", ""Accelerating_and_revving_and_vroom"", ""Motor_vehicle_(road)"", ""engine"", ""Vehicle""]","audios/train\162525.wav"
"162526.wav","/m/02mk9","[""/t/dd00130"", ""/m/07q2z82"", ""/m/0k4j"", ""/m/07yv9"", ""/m/012f08"", ""/m/02mk9""]","engine","[""Engine_starting"", ""Car"", ""Accelerating_and_revving_and_vroom"", ""Motor_vehicle_(road)"", ""engine"", ""Vehicle""]","audios/train\162526.wav"
"162527.wav","/m/02mk9","[""/t/dd00130"", ""/m/0k4j"", ""/m/012f08"", ""/m/07yv9"", ""/m/02mk9""]","engine","[""Engine_starting"", ""Car"", ""Motor_vehicle_(road)"", ""engine"", ""Vehicle""]","audios/train\162527.wav"
"162528.wav","/m/02mk9","[""/t/dd00130"", ""/m/07q2z82"", ""/m/0k4j"", ""/m/07yv9"", ""/m/012f08"", ""/m/02mk9""]","engine","[""Engine_starting"", ""Car"", ""Accelerating_and_revving_and_vroom"", ""Motor_vehicle_(road)"", ""engine"", ""Vehicle""]","audios/train\162528.wav"
"404299.wav","/m/02mk9","[""/t/dd00130"", ""/m/0k4j"", ""/m/012f08"", ""/m/07yv9"", ""/m/02mk9""]","engine","[""Engine_starting"", ""Car"", ""Motor_vehicle_(road)"", ""engine"", ""Vehicle""]","audios/train\404299.wav"
"2933.wav","/m/02mk9","[""/t/dd00130"", ""/m/0k4j"", ""/m/012f08"", ""/m/07yv9"", ""/m/02mk9""]","engine","[""Engine_starting"", ""Car"", ""Motor_vehicle_(road)"", ""engine"", ""Vehicle""]","audios/train\2933.wav"
"173062.wav","/m/02mk9","[""/t/dd00130"", ""/m/0k4j"", ""/m/012f08"", ""/m/07yv9"", ""/m/02mk9""]","engine","[""Engine_starting"", ""Car"", ""Motor_vehicle_(road)"", ""engine"", ""Vehicle""]","audios/train\173062.wav"
"338954.wav","/m/02mk9","[""/t/dd00130"", ""/m/0k4j"", ""/m/012f08"", ""/m/07yv9"", ""/m/02mk9""]","engine","[""Engine_starting"", ""Car"", ""Motor_vehicle_(road)"", ""engine"", ""Vehicle""]","audios/train\338954.wav"
"62485.wav","/m/02mk9","[""/t/dd00130"", ""/m/0k4j"", ""/m/012f08"", ""/m/07yv9"", ""/m/02mk9""]","engine","[""Engine_starting"", ""Car"", ""Motor_vehicle_(road)"", ""engine"", ""Vehicle""]","audios/train\62485.wav"
"273432.wav","/m/0btp2","[""/m/0btp2"", ""/m/0k4j"", ""/m/012f08"", ""/m/07yv9""]","traffic_noise","[""Car"", ""traffic_noise"", ""Motor_vehicle_(road)"", ""Vehicle""]","audios/train\273432.wav"
"68662.wav","/m/02mk9","[""/m/07q2z82"", ""/m/0k4j"", ""/m/012f08"", ""/m/07yv9"", ""/m/02mk9""]","engine","[""Car"", ""Accelerating_and_revving_and_vroom"", ""Motor_vehicle_(road)"", ""engine"", ""Vehicle""]","audios/train\68662.wav"
"152657.wav","/m/02mk9","[""/m/07q2z82"", ""/m/0k4j"", ""/m/012f08"", ""/m/07yv9"", ""/m/02mk9""]","engine","[""Car"", ""Accelerating_and_revving_and_vroom"", ""Motor_vehicle_(road)"", ""engine"", ""Vehicle""]","audios/train\152657.wav"
"371832.wav","/m/02mk9","[""/t/dd00130"", ""/m/0k4j"", ""/m/012f08"", ""/m/07yv9"", ""/m/02mk9""]","engine","[""Engine_starting"", ""Car"", ""Motor_vehicle_(road)"", ""engine"", ""Vehicle""]","audios/train\371832.wav"
"421000.wav","/m/02mk9","[""/t/dd00130"", ""/m/0k4j"", ""/m/012f08"", ""/m/07yv9"", ""/m/02mk9""]","engine","[""Engine_starting"", ""Car"", ""Motor_vehicle_(road)"", ""engine"", ""Vehicle""]","audios/train\421000.wav"
"185726.wav","/m/02mk9","[""/m/07q2z82"", ""/m/0k4j"", ""/m/012f08"", ""/m/07yv9"", ""/m/02mk9""]","engine","[""Car"", ""Accelerating_and_revving_and_vroom"", ""Motor_vehicle_(road)"", ""engine"", ""Vehicle""]","audios/train\185726.wav"
"17910.wav","/m/02mk9","[""/t/dd00130"", ""/m/0k4j"", ""/m/012f08"", ""/m/07yv9"", ""/m/02mk9""]","engine","[""Engine_starting"", ""Car"", ""Motor_vehicle_(road)"", ""engine"", ""Vehicle""]","audios/train\17910.wav"
"126550.wav","/m/02mk9","[""/t/dd00130"", ""/m/0k4j"", ""/m/012f08"", ""/m/07yv9"", ""/m/02mk9""]","engine","[""Engine_starting"", ""Car"", ""Motor_vehicle_(road)"", ""engine"", ""Vehicle""]","audios/train\126550.wav"
"32416.wav","/m/02mk9","[""/t/dd00130"", ""/m/0k4j"", ""/m/012f08"", ""/m/07yv9"", ""/m/02mk9""]","engine","[""Engine_starting"", ""Car"", ""Motor_vehicle_(road)"", ""engine"", ""Vehicle""]","audios/train\32416.wav"
"335554.wav","/m/02mk9","[""/m/07q2z82"", ""/m/0k4j"", ""/m/07yv9"", ""/m/012f08"", ""/m/02mk9""]","engine","[""Car"", ""Accelerating_and_revving_and_vroom"", ""Motor_vehicle_(road)"", ""engine"", ""Vehicle""]","audios/train\335554.wav"
"50896.wav","/m/02mk9","[""/t/dd00130"", ""/m/0k4j"", ""/m/012f08"", ""/m/07yv9"", ""/m/02mk9""]","engine","[""Engine_starting"", ""Car"", ""Motor_vehicle_(road)"", ""engine"", ""Vehicle""]","audios/train\50896.wav"
"50898.wav","/m/07pb8fc","[""/m/07pb8fc"", ""/t/dd00130"", ""/m/0k4j"", ""/m/012f08"", ""/m/07yv9"", ""/m/02mk9""]","engine","[""Engine_starting"", ""Car"", ""Motor_vehicle_(road)"", ""engine"", ""Vehicle""]","audios/train\50898.wav"
"44766.wav","/m/02mk9","[""/m/07q2z82"", ""/m/0k4j"", ""/m/012f08"", ""/m/07yv9"", ""/m/02mk9""]","engine","[""Car"", ""Accelerating_and_revving_and_vroom"", ""Motor_vehicle_(road)"", ""engine"", ""Vehicle""]","audios/train\44766.wav"
"419703.wav","/m/02mk9","[""/t/dd00130"", ""/m/0k4j"", ""/m/012f08"", ""/m/07yv9"", ""/m/02mk9""]","engine","[""Engine_starting"", ""Car"", ""Motor_vehicle_(road)"", ""engine"", ""Vehicle""]","audios/train\419703.wav"
"116600.wav","/m/02mk9","[""/t/dd00130"", ""/m/0k4j"", ""/m/012f08"", ""/m/07yv9"", ""/m/02mk9""]","engine","[""Engine_starting"", ""Car"", ""Motor_vehicle_(road)"", ""engine"", ""Vehicle""]","audios/train\116600.wav"
"36830.wav","/m/02mk9","[""/m/07q2z82"", ""/m/0k4j"", ""/m/012f08"", ""/m/07yv9"", ""/m/02mk9""]","engine","[""Car"", ""Accelerating_and_revving_and_vroom"", ""Motor_vehicle_(road)"", ""engine"", ""Vehicle""]","audios/train\36830.wav"
"36831.wav","/m/02mk9","[""/m/07q2z82"", ""/m/0k4j"", ""/m/012f08"", ""/m/07yv9"", ""/m/02mk9""]","engine","[""Car"", ""Accelerating_and_revving_and_vroom"", ""Motor_vehicle_(road)"", ""engine"", ""Vehicle""]","audios/train\36831.wav"
"36832.wav","/m/02mk9","[""/m/07q2z82"", ""/m/0k4j"", ""/m/012f08"", ""/m/07yv9"", ""/m/02mk9""]","engine","[""Car"", ""Accelerating_and_revving_and_vroom"", ""Motor_vehicle_(road)"", ""engine"", ""Vehicle""]","audios/train\36832.wav"
"36836.wav","/m/02mk9","[""/t/dd00130"", ""/m/0k4j"", ""/m/012f08"", ""/m/07yv9"", ""/m/02mk9""]","engine","[""Engine_starting"", ""Car"", ""Motor_vehicle_(road)"", ""engine"", ""Vehicle""]","audios/train\36836.wav"
"36837.wav","/m/02mk9","[""/t/dd00130"", ""/m/0k4j"", ""/m/012f08"", ""/m/07yv9"", ""/m/02mk9""]","engine","[""Engine_starting"", ""Car"", ""Motor_vehicle_(road)"", ""engine"", ""Vehicle""]","audios/train\36837.wav"
"343369.wav","/m/02mk9","[""/m/07q2z82"", ""/m/0k4j"", ""/m/012f08"", ""/m/07yv9"", ""/m/02mk9""]","engine","[""Car"", ""Accelerating_and_revving_and_vroom"", ""Motor_vehicle_(road)"", ""engine"", ""Vehicle""]","audios/train\343369.wav"
"346759.wav","/m/02mk9","[""/m/04_sv"", ""/m/0btp2"", ""/m/07q2z82"", ""/m/0k4j"", ""/m/012f08"", ""/m/07yv9"", ""/m/02mk9""]","engine","[""Car"", ""Motorcycle"", ""Accelerating_and_revving_and_vroom"", ""traffic_noise"", ""Motor_vehicle_(road)"", ""engine"", ""Vehicle""]","audios/train\346759.wav"
"262203.wav","/m/02mk9","[""/t/dd00130"", ""/m/0k4j"", ""/m/012f08"", ""/m/07yv9"", ""/m/02mk9""]","engine","[""Engine_starting"", ""Car"", ""Motor_vehicle_(road)"", ""engine"", ""Vehicle""]","audios/train\262203.wav"
"269771.wav","/m/07pb8fc","[""/m/07pb8fc"", ""/m/0k4j"", ""/m/012f08"", ""/m/07yv9"", ""/m/02mk9""]","engine","[""Car"", ""engine"", ""Motor_vehicle_(road)"", ""Vehicle""]","audios/train\269771.wav"
"210582.wav","/m/02mk9","[""/m/07q2z82"", ""/m/0k4j"", ""/m/012f08"", ""/m/07yv9"", ""/m/02mk9""]","engine","[""Car"", ""Accelerating_and_revving_and_vroom"", ""Motor_vehicle_(road)"", ""engine"", ""Vehicle""]","audios/train\210582.wav"
"106486.wav","/m/07pb8fc","[""/m/07pb8fc"", ""/m/0k4j"", ""/m/012f08"", ""/m/07yv9"", ""/m/02mk9""]","engine","[""Car"", ""engine"", ""Motor_vehicle_(road)"", ""Vehicle""]","audios/train\106486.wav"
"106487.wav","/m/07pb8fc","[""/m/07pb8fc"", ""/m/0k4j"", ""/m/012f08"", ""/m/07yv9"", ""/m/02mk9""]","engine","[""Car"", ""engine"", ""Motor_vehicle_(road)"", ""Vehicle""]","audios/train\106487.wav"
"11704.wav","/m/07pb8fc","[""/m/07pb8fc"", ""/m/07q2z82"", ""/m/0k4j"", ""/m/012f08"", ""/m/07yv9"", ""/m/02mk9""]","engine","[""Car"", ""Accelerating_and_revving_and_vroom"", ""Motor_vehicle_(road)"", ""engine"", ""Vehicle""]","audios/train\11704.wav"
"49643.wav","/m/07pb8fc","[""/m/07pb8fc"", ""/m/0k4j"", ""/m/012f08"", ""/m/07yv9"", ""/m/02mk9""]","engine","[""Car"", ""engine"", ""Motor_vehicle_(road)"", ""Vehicle""]","audios/train\49643.wav"
"157142.wav","/m/07pb8fc","[""/m/07pb8fc"", ""/m/0k4j"", ""/m/012f08"", ""/m/07yv9"", ""/m/02mk9""]","engine","[""Car"", ""engine"", ""Motor_vehicle_(road)"", ""Vehicle""]","audios/train\157142.wav"
"386792.wav","/m/07pb8fc","[""/m/07pb8fc"", ""/m/0k4j"", ""/m/012f08"", ""/m/07yv9"", ""/m/02mk9""]","engine","[""Car"", ""engine"", ""Motor_vehicle_(road)"", ""Vehicle""]","audios/train\386792.wav"
"386793.wav","/m/07pb8fc","[""/m/07pb8fc"", ""/m/0k4j"", ""/m/012f08"", ""/m/07yv9"", ""/m/02mk9""]","engine","[""Car"", ""engine"", ""Motor_vehicle_(road)"", ""Vehicle""]","audios/train\386793.wav"
"423606.wav","/m/02mk9","[""/t/dd00130"", ""/m/0k4j"", ""/m/012f08"", ""/m/07yv9"", ""/m/02mk9""]","engine","[""Engine_starting"", ""Car"", ""Motor_vehicle_(road)"", ""engine"", ""Vehicle""]","audios/train\423606.wav"
"423607.wav","/m/07pb8fc","[""/m/07pb8fc"", ""/m/0k4j"", ""/m/012f08"", ""/m/07yv9"", ""/m/02mk9""]","engine","[""Car"", ""engine"", ""Motor_vehicle_(road)"", ""Vehicle""]","audios/train\423607.wav"
"94710.wav","/m/07pb8fc","[""/m/07pb8fc"", ""/t/dd00130"", ""/m/07q2z82"", ""/m/0k4j"", ""/m/012f08"", ""/m/07yv9"", ""/m/02mk9""]","engine","[""Engine_starting"", ""Car"", ""Accelerating_and_revving_and_vroom"", ""Motor_vehicle_(road)"", ""engine"", ""Vehicle""]","audios/train\94710.wav"
"424865.wav","/m/07pb8fc","[""/m/07pb8fc"", ""/m/07q2z82"", ""/m/0k4j"", ""/m/012f08"", ""/m/07yv9"", ""/m/02mk9""]","engine","[""Car"", ""Accelerating_and_revving_and_vroom"", ""Motor_vehicle_(road)"", ""engine"", ""Vehicle""]","audios/train\424865.wav"
"345925.wav","/m/07pb8fc","[""/m/07pb8fc"", ""/m/0k4j"", ""/m/012f08"", ""/m/07yv9"", ""/m/02mk9""]","engine","[""Car"", ""engine"", ""Motor_vehicle_(road)"", ""Vehicle""]","audios/train\345925.wav"
"161388.wav","/m/07pb8fc","[""/m/07pb8fc"", ""/m/0k4j"", ""/m/012f08"", ""/m/07yv9"", ""/m/02mk9""]","engine","[""Car"", ""engine"", ""Motor_vehicle_(road)"", ""Vehicle""]","audios/train\161388.wav"
"143970.wav","/m/07pb8fc","[""/m/07pb8fc"", ""/t/dd00130"", ""/m/0k4j"", ""/m/012f08"", ""/m/07yv9"", ""/m/02mk9""]","engine","[""Engine_starting"", ""Car"", ""Motor_vehicle_(road)"", ""engine"", ""Vehicle""]","audios/train\143970.wav"
"328224.wav","/m/07pb8fc","[""/m/07pb8fc"", ""/t/dd00130"", ""/m/0k4j"", ""/m/012f08"", ""/m/07yv9"", ""/m/02mk9""]","engine","[""Engine_starting"", ""Car"", ""Motor_vehicle_(road)"", ""engine"", ""Vehicle""]","audios/train\328224.wav"
"326052.wav","/m/07pb8fc","[""/m/07pb8fc"", ""/t/dd00130"", ""/m/0k4j"", ""/m/012f08"", ""/m/07yv9"", ""/m/02mk9""]","engine","[""Engine_starting"", ""Car"", ""Motor_vehicle_(road)"", ""engine"", ""Vehicle""]","audios/train\326052.wav"
"83674.wav","/m/07pb8fc","[""/m/07pb8fc"", ""/t/dd00130"", ""/m/07q2z82"", ""/m/0k4j"", ""/m/012f08"", ""/m/07yv9"", ""/m/02mk9""]","engine","[""Engine_starting"", ""Car"", ""Accelerating_and_revving_and_vroom"", ""Motor_vehicle_(road)"", ""engine"", ""Vehicle""]","audios/train\83674.wav"
"326414.wav","/m/07pb8fc","[""/m/07pb8fc"", ""/m/0k4j"", ""/m/012f08"", ""/m/07yv9"", ""/m/02mk9""]","engine","[""Car"", ""engine"", ""Motor_vehicle_(road)"", ""Vehicle""]","audios/train\326414.wav"
"326425.wav","/m/02mk9","[""/m/07q2z82"", ""/m/0k4j"", ""/m/012f08"", ""/m/07yv9"", ""/m/02mk9""]","engine","[""Car"", ""Accelerating_and_revving_and_vroom"", ""Motor_vehicle_(road)"", ""engine"", ""Vehicle""]","audios/train\326425.wav"
"384107.wav","/m/07pb8fc","[""/m/07pb8fc"", ""/m/0k4j"", ""/m/012f08"", ""/m/07yv9"", ""/m/02mk9""]","engine","[""Car"", ""engine"", ""Motor_vehicle_(road)"", ""Vehicle""]","audios/train\384107.wav"
"433866.wav","/m/07pb8fc","[""/m/07pb8fc"", ""/m/07q2z82"", ""/m/0k4j"", ""/m/012f08"", ""/m/07yv9"", ""/m/02mk9""]","engine","[""Car"", ""Accelerating_and_revving_and_vroom"", ""Motor_vehicle_(road)"", ""engine"", ""Vehicle""]","audios/train\433866.wav"
"424743.wav","/m/07pb8fc","[""/m/07pb8fc"", ""/t/dd00130"", ""/m/07q2z82"", ""/m/0k4j"", ""/m/012f08"", ""/m/07yv9"", ""/m/02mk9""]","engine","[""Engine_starting"", ""Car"", ""Accelerating_and_revving_and_vroom"", ""Motor_vehicle_(road)"", ""engine"", ""Vehicle""]","audios/train\424743.wav"
"332385.wav","/m/07pb8fc","[""/m/07pb8fc"", ""/m/07q2z82"", ""/m/0k4j"", ""/m/012f08"", ""/m/07yv9"", ""/m/02mk9""]","engine","[""Car"", ""Accelerating_and_revving_and_vroom"", ""Motor_vehicle_(road)"", ""engine"", ""Vehicle""]","audios/train\332385.wav"
"332386.wav","/m/07pb8fc","[""/m/07pb8fc"", ""/m/07q2z82"", ""/m/0k4j"", ""/m/012f08"", ""/m/07yv9"", ""/m/02mk9""]","engine","[""Car"", ""Accelerating_and_revving_and_vroom"", ""Motor_vehicle_(road)"", ""engine"", ""Vehicle""]","audios/train\332386.wav"
"332387.wav","/m/07pb8fc","[""/m/07pb8fc"", ""/m/07q2z82"", ""/m/0k4j"", ""/m/012f08"", ""/m/07yv9"", ""/m/02mk9""]","engine","[""Car"", ""Accelerating_and_revving_and_vroom"", ""Motor_vehicle_(road)"", ""engine"", ""Vehicle""]","audios/train\332387.wav"
"389539.wav","/m/0btp2","[""/m/07r5v4s"", ""/m/07pqc89"", ""/m/0btp2"", ""/m/04k94"", ""/m/07prgkl"", ""/m/012f08"", ""/m/07yv9""]","traffic_noise","[""Trickle_and_dribble"", ""Drip"", ""traffic_noise"", ""Liquid"", ""Pour"", ""Motor_vehicle_(road)"", ""Vehicle""]","audios/train\389539.wav"
"420864.wav","/m/02mk9","[""/m/07q2z82"", ""/m/07yv9"", ""/m/02mk9""]","engine","[""engine"", ""Accelerating_and_revving_and_vroom"", ""Vehicle""]","audios/train\420864.wav"
"420865.wav","/m/02mk9","[""/m/07q2z82"", ""/m/07yv9"", ""/m/02mk9""]","engine","[""engine"", ""Accelerating_and_revving_and_vroom"", ""Vehicle""]","audios/train\420865.wav"
"376994.wav","/m/0btp2","[""/m/0btp2"", ""/m/07yv9"", ""/m/012f08""]","traffic_noise","[""traffic_noise"", ""Motor_vehicle_(road)"", ""Vehicle""]","audios/train\376994.wav"
"143601.wav","/m/02mk9","[""/m/07q2z82"", ""/m/07yv9"", ""/m/02mk9""]","engine","[""engine"", ""Accelerating_and_revving_and_vroom"", ""Vehicle""]","audios/train\143601.wav"
"319942.wav","/m/0btp2","[""/m/0btp2"", ""/m/07yv9"", ""/m/0199g"", ""/m/012f08""]","traffic_noise","[""traffic_noise"", ""Motor_vehicle_(road)"", ""Vehicle"", ""Bicycle""]","audios/train\319942.wav"
"386801.wav","/m/02mk9","[""/m/07q2z82"", ""/m/07yv9"", ""/m/02mk9""]","engine","[""engine"", ""Accelerating_and_revving_and_vroom"", ""Vehicle""]","audios/train\386801.wav"
"324331.wav","/m/02mk9","[""/m/07q2z82"", ""/m/07yv9"", ""/m/02mk9""]","engine","[""engine"", ""Accelerating_and_revving_and_vroom"", ""Vehicle""]","audios/train\324331.wav"
"426965.wav","/m/0btp2","[""/m/07pqc89"", ""/m/0btp2"", ""/m/07prgkl"", ""/m/04k94"", ""/m/012f08"", ""/m/07yv9""]","traffic_noise","[""Trickle_and_dribble"", ""traffic_noise"", ""Motor_vehicle_(road)"", ""Liquid"", ""Pour"", ""Vehicle""]","audios/train\426965.wav"
"57884.wav","/m/07pp_mv","[""/m/01s0vc"", ""/m/07cx4"", ""/t/dd00071"", ""/m/07pp_mv""]","alarm","[""Zipper_(clothing)"", ""telephone"", ""Domestic_sounds_and_home_sounds"", ""alarm""]","audios/train\57884.wav"
"168709.wav","/m/07pp_mv","[""/m/0gy1t2s"", ""/m/07pp_mv"", ""/m/0199g"", ""/m/07yv9"", ""/m/0395lw""]","alarm","[""alarm"", ""Bell"", ""Bicycle"", ""Bicycle_bell"", ""Vehicle""]","audios/train\168709.wav"
"364805.wav","/m/07pp_mv","[""/m/0gy1t2s"", ""/m/07pp_mv"", ""/m/0199g"", ""/m/07yv9"", ""/m/0395lw""]","alarm","[""alarm"", ""Bell"", ""Bicycle"", ""Bicycle_bell"", ""Vehicle""]","audios/train\364805.wav"
"364806.wav","/m/07pp_mv","[""/m/0gy1t2s"", ""/m/07pp_mv"", ""/m/0199g"", ""/m/07yv9"", ""/m/0395lw""]","alarm","[""alarm"", ""Bell"", ""Bicycle"", ""Bicycle_bell"", ""Vehicle""]","audios/train\364806.wav"
"158500.wav","/m/07pp_mv","[""/m/0gy1t2s"", ""/m/07pp_mv"", ""/m/0199g"", ""/m/07yv9"", ""/m/0395lw""]","alarm","[""alarm"", ""Bell"", ""Bicycle"", ""Bicycle_bell"", ""Vehicle""]","audios/train\158500.wav"
"158501.wav","/m/07pp_mv","[""/m/0gy1t2s"", ""/m/07pp_mv"", ""/m/0199g"", ""/m/07yv9"", ""/m/0395lw""]","alarm","[""alarm"", ""Bell"", ""Bicycle"", ""Bicycle_bell"", ""Vehicle""]","audios/train\158501.wav"
"158502.wav","/m/07pp_mv","[""/m/0gy1t2s"", ""/m/0199g"", ""/m/07yv9"", ""/m/07pp_mv"", ""/m/0395lw""]","alarm","[""alarm"", ""Bell"", ""Bicycle"", ""Bicycle_bell"", ""Vehicle""]","audios/train\158502.wav"
"158503.wav","/m/07pp_mv","[""/m/0gy1t2s"", ""/m/07pp_mv"", ""/m/0199g"", ""/m/07yv9"", ""/m/0395lw""]","alarm","[""alarm"", ""Bell"", ""Bicycle"", ""Bicycle_bell"", ""Vehicle""]","audios/train\158503.wav"
"158504.wav","/m/07pp_mv","[""/m/0gy1t2s"", ""/m/0199g"", ""/m/07yv9"", ""/m/07pp_mv"", ""/m/0395lw""]","alarm","[""alarm"", ""Bell"", ""Bicycle"", ""Bicycle_bell"", ""Vehicle""]","audios/train\158504.wav"
"158505.wav","/m/07pp_mv","[""/m/0gy1t2s"", ""/m/07pp_mv"", ""/m/0199g"", ""/m/07yv9"", ""/m/0395lw""]","alarm","[""alarm"", ""Bell"", ""Bicycle"", ""Bicycle_bell"", ""Vehicle""]","audios/train\158505.wav"
"158507.wav","/m/07pp_mv","[""/m/0gy1t2s"", ""/m/07pp_mv"", ""/m/0199g"", ""/m/07yv9"", ""/m/0395lw""]","alarm","[""alarm"", ""Bell"", ""Bicycle"", ""Bicycle_bell"", ""Vehicle""]","audios/train\158507.wav"
"158509.wav","/m/07pp_mv","[""/m/0gy1t2s"", ""/m/07pp_mv"", ""/m/0199g"", ""/m/07yv9"", ""/m/0395lw""]","alarm","[""alarm"", ""Bell"", ""Bicycle"", ""Bicycle_bell"", ""Vehicle""]","audios/train\158509.wav"
"323122.wav","/m/07pp_mv","[""/m/0gy1t2s"", ""/m/07pp_mv"", ""/m/0199g"", ""/m/07yv9"", ""/m/0395lw""]","alarm","[""alarm"", ""Bell"", ""Bicycle"", ""Bicycle_bell"", ""Vehicle""]","audios/train\323122.wav"
"323123.wav","/m/07pp_mv","[""/m/0gy1t2s"", ""/m/07pp_mv"", ""/m/0199g"", ""/m/07yv9"", ""/m/0395lw""]","alarm","[""alarm"", ""Bell"", ""Bicycle"", ""Bicycle_bell"", ""Vehicle""]","audios/train\323123.wav"
"323125.wav","/m/07pp_mv","[""/m/0gy1t2s"", ""/m/0199g"", ""/m/07yv9"", ""/m/07pp_mv"", ""/m/0395lw""]","alarm","[""alarm"", ""Bell"", ""Bicycle"", ""Bicycle_bell"", ""Vehicle""]","audios/train\323125.wav"
"323126.wav","/m/07pp_mv","[""/m/0gy1t2s"", ""/m/07pp_mv"", ""/m/0199g"", ""/m/07yv9"", ""/m/0395lw""]","alarm","[""alarm"", ""Bell"", ""Bicycle"", ""Bicycle_bell"", ""Vehicle""]","audios/train\323126.wav"
"323127.wav","/m/07pp_mv","[""/m/0gy1t2s"", ""/m/07pp_mv"", ""/m/0199g"", ""/m/07yv9"", ""/m/0395lw""]","alarm","[""alarm"", ""Bell"", ""Bicycle"", ""Bicycle_bell"", ""Vehicle""]","audios/train\323127.wav"
"323128.wav","/m/07pp_mv","[""/m/0gy1t2s"", ""/m/0199g"", ""/m/07yv9"", ""/m/07pp_mv"", ""/m/0395lw""]","alarm","[""alarm"", ""Bell"", ""Bicycle"", ""Bicycle_bell"", ""Vehicle""]","audios/train\323128.wav"
"323129.wav","/m/07pp_mv","[""/m/0gy1t2s"", ""/m/07pp_mv"", ""/m/0199g"", ""/m/07yv9"", ""/m/0395lw""]","alarm","[""alarm"", ""Bell"", ""Bicycle"", ""Bicycle_bell"", ""Vehicle""]","audios/train\323129.wav"
"323130.wav","/m/07pp_mv","[""/m/0gy1t2s"", ""/m/07pp_mv"", ""/m/0199g"", ""/m/07yv9"", ""/m/0395lw""]","alarm","[""alarm"", ""Bell"", ""Bicycle"", ""Bicycle_bell"", ""Vehicle""]","audios/train\323130.wav"
"323131.wav","/m/07pp_mv","[""/m/0gy1t2s"", ""/m/07pp_mv"", ""/m/0199g"", ""/m/07yv9"", ""/m/0395lw""]","alarm","[""alarm"", ""Bell"", ""Bicycle"", ""Bicycle_bell"", ""Vehicle""]","audios/train\323131.wav"
"323132.wav","/m/07pp_mv","[""/m/0gy1t2s"", ""/m/07pp_mv"", ""/m/0199g"", ""/m/07yv9"", ""/m/0395lw""]","alarm","[""alarm"", ""Bell"", ""Bicycle"", ""Bicycle_bell"", ""Vehicle""]","audios/train\323132.wav"
"158517.wav","/m/07pp_mv","[""/m/0gy1t2s"", ""/m/07pp_mv"", ""/m/0199g"", ""/m/07yv9"", ""/m/0395lw""]","alarm","[""alarm"", ""Bell"", ""Bicycle"", ""Bicycle_bell"", ""Vehicle""]","audios/train\158517.wav"
"158519.wav","/m/07pp_mv","[""/m/0gy1t2s"", ""/m/07pp_mv"", ""/m/0199g"", ""/m/07yv9"", ""/m/0395lw""]","alarm","[""alarm"", ""Bell"", ""Bicycle"", ""Bicycle_bell"", ""Vehicle""]","audios/train\158519.wav"
"383593.wav","/m/07pp_mv","[""/m/0gy1t2s"", ""/m/07pp_mv"", ""/m/0199g"", ""/m/07yv9"", ""/m/0395lw""]","alarm","[""alarm"", ""Bell"", ""Bicycle"", ""Bicycle_bell"", ""Vehicle""]","audios/train\383593.wav"
"383594.wav","/m/07pp_mv","[""/m/0gy1t2s"", ""/m/07pp_mv"", ""/m/0199g"", ""/m/07yv9"", ""/m/0395lw""]","alarm","[""alarm"", ""Bell"", ""Bicycle"", ""Bicycle_bell"", ""Vehicle""]","audios/train\383594.wav"
"383596.wav","/m/07pp_mv","[""/m/0gy1t2s"", ""/m/0199g"", ""/m/07yv9"", ""/m/07pp_mv"", ""/m/0395lw""]","alarm","[""alarm"", ""Bell"", ""Bicycle"", ""Bicycle_bell"", ""Vehicle""]","audios/train\383596.wav"
"383597.wav","/m/07pp_mv","[""/m/0gy1t2s"", ""/m/07pp_mv"", ""/m/0199g"", ""/m/07yv9"", ""/m/0395lw""]","alarm","[""alarm"", ""Bell"", ""Bicycle"", ""Bicycle_bell"", ""Vehicle""]","audios/train\383597.wav"
"383598.wav","/m/07pp_mv","[""/m/0gy1t2s"", ""/m/07pp_mv"", ""/m/0199g"", ""/m/07yv9"", ""/m/0395lw""]","alarm","[""alarm"", ""Bell"", ""Bicycle"", ""Bicycle_bell"", ""Vehicle""]","audios/train\383598.wav"
"383599.wav","/m/07pp_mv","[""/m/0gy1t2s"", ""/m/07pp_mv"", ""/m/0199g"", ""/m/07yv9"", ""/m/0395lw""]","alarm","[""alarm"", ""Bell"", ""Bicycle"", ""Bicycle_bell"", ""Vehicle""]","audios/train\383599.wav"
"383600.wav","/m/07pp_mv","[""/m/0gy1t2s"", ""/m/07pp_mv"", ""/m/0199g"", ""/m/07yv9"", ""/m/0395lw""]","alarm","[""alarm"", ""Bell"", ""Bicycle"", ""Bicycle_bell"", ""Vehicle""]","audios/train\383600.wav"
"383601.wav","/m/07pp_mv","[""/m/0gy1t2s"", ""/m/07pp_mv"", ""/m/0199g"", ""/m/07yv9"", ""/m/0395lw""]","alarm","[""alarm"", ""Bell"", ""Bicycle"", ""Bicycle_bell"", ""Vehicle""]","audios/train\383601.wav"
"383602.wav","/m/07pp_mv","[""/m/0gy1t2s"", ""/m/0199g"", ""/m/07yv9"", ""/m/07pp_mv"", ""/m/0395lw""]","alarm","[""alarm"", ""Bell"", ""Bicycle"", ""Bicycle_bell"", ""Vehicle""]","audios/train\383602.wav"
"193395.wav","/m/07pp_mv","[""/m/0gy1t2s"", ""/m/0199g"", ""/m/07yv9"", ""/m/07pp_mv"", ""/m/0395lw""]","alarm","[""alarm"", ""Bell"", ""Bicycle"", ""Bicycle_bell"", ""Vehicle""]","audios/train\193395.wav"
"328823.wav","/m/07pp_mv","[""/m/0gy1t2s"", ""/m/07pp_mv"", ""/m/0199g"", ""/m/07yv9"", ""/m/0395lw""]","alarm","[""alarm"", ""Bell"", ""Bicycle"", ""Bicycle_bell"", ""Vehicle""]","audios/train\328823.wav"
"78968.wav","/m/07pp_mv","[""/m/0gy1t2s"", ""/m/07pp_mv"", ""/m/0199g"", ""/m/07yv9"", ""/m/0395lw""]","alarm","[""alarm"", ""Bell"", ""Bicycle"", ""Bicycle_bell"", ""Vehicle""]","audios/train\78968.wav"
"328825.wav","/m/07pp_mv","[""/m/0gy1t2s"", ""/m/0199g"", ""/m/07yv9"", ""/m/07pp_mv"", ""/m/0395lw""]","alarm","[""alarm"", ""Bell"", ""Bicycle"", ""Bicycle_bell"", ""Vehicle""]","audios/train\328825.wav"
"328826.wav","/m/07pp_mv","[""/m/0gy1t2s"", ""/m/07pp_mv"", ""/m/0199g"", ""/m/07yv9"", ""/m/0395lw""]","alarm","[""alarm"", ""Bell"", ""Bicycle"", ""Bicycle_bell"", ""Vehicle""]","audios/train\328826.wav"
"328824.wav","/m/07pp_mv","[""/m/0gy1t2s"", ""/m/07pp_mv"", ""/m/0199g"", ""/m/07yv9"", ""/m/0395lw""]","alarm","[""alarm"", ""Bell"", ""Bicycle"", ""Bicycle_bell"", ""Vehicle""]","audios/train\328824.wav"
"78969.wav","/m/07pp_mv","[""/m/0gy1t2s"", ""/m/07pp_mv"", ""/m/0199g"", ""/m/07yv9"", ""/m/0395lw""]","alarm","[""alarm"", ""Bell"", ""Bicycle"", ""Bicycle_bell"", ""Vehicle""]","audios/train\78969.wav"
"328827.wav","/m/07pp_mv","[""/m/0gy1t2s"", ""/m/07pp_mv"", ""/m/0199g"", ""/m/07yv9"", ""/m/0395lw""]","alarm","[""alarm"", ""Bell"", ""Bicycle"", ""Bicycle_bell"", ""Vehicle""]","audios/train\328827.wav"
"267900.wav","/m/07pp_mv","[""/m/0gy1t2s"", ""/m/0199g"", ""/m/07yv9"", ""/m/07pp_mv"", ""/m/0395lw""]","alarm","[""alarm"", ""Bell"", ""Bicycle"", ""Bicycle_bell"", ""Vehicle""]","audios/train\267900.wav"
"267901.wav","/m/07pp_mv","[""/m/0gy1t2s"", ""/m/07pp_mv"", ""/m/0199g"", ""/m/07yv9"", ""/m/0395lw""]","alarm","[""alarm"", ""Bell"", ""Bicycle"", ""Bicycle_bell"", ""Vehicle""]","audios/train\267901.wav"
"383623.wav","/m/07pp_mv","[""/m/0gy1t2s"", ""/m/0199g"", ""/m/07yv9"", ""/m/07pp_mv"", ""/m/0395lw""]","alarm","[""alarm"", ""Bell"", ""Bicycle"", ""Bicycle_bell"", ""Vehicle""]","audios/train\383623.wav"
"383624.wav","/m/07pp_mv","[""/m/0gy1t2s"", ""/m/07pp_mv"", ""/m/0199g"", ""/m/07yv9"", ""/m/0395lw""]","alarm","[""alarm"", ""Bell"", ""Bicycle"", ""Bicycle_bell"", ""Vehicle""]","audios/train\383624.wav"
"78985.wav","/m/07pp_mv","[""/m/0gy1t2s"", ""/m/07pp_mv"", ""/m/0199g"", ""/m/07yv9"", ""/m/0395lw""]","alarm","[""alarm"", ""Bell"", ""Bicycle"", ""Bicycle_bell"", ""Vehicle""]","audios/train\78985.wav"
"383626.wav","/m/07pp_mv","[""/m/0gy1t2s"", ""/m/07pp_mv"", ""/m/0199g"", ""/m/07yv9"", ""/m/0395lw""]","alarm","[""alarm"", ""Bell"", ""Bicycle"", ""Bicycle_bell"", ""Vehicle""]","audios/train\383626.wav"
"383627.wav","/m/07pp_mv","[""/m/0gy1t2s"", ""/m/07pp_mv"", ""/m/0199g"", ""/m/07yv9"", ""/m/0395lw""]","alarm","[""alarm"", ""Bell"", ""Bicycle"", ""Bicycle_bell"", ""Vehicle""]","audios/train\383627.wav"
"383628.wav","/m/07pp_mv","[""/m/0gy1t2s"", ""/m/0199g"", ""/m/07yv9"", ""/m/07pp_mv"", ""/m/0395lw""]","alarm","[""alarm"", ""Bell"", ""Bicycle"", ""Bicycle_bell"", ""Vehicle""]","audios/train\383628.wav"
"383630.wav","/m/07pp_mv","[""/m/0gy1t2s"", ""/m/07pp_mv"", ""/m/0199g"", ""/m/07yv9"", ""/m/0395lw""]","alarm","[""alarm"", ""Bell"", ""Bicycle"", ""Bicycle_bell"", ""Vehicle""]","audios/train\383630.wav"
"383631.wav","/m/07pp_mv","[""/m/0gy1t2s"", ""/m/07pp_mv"", ""/m/0199g"", ""/m/07yv9"", ""/m/0395lw""]","alarm","[""alarm"", ""Bell"", ""Bicycle"", ""Bicycle_bell"", ""Vehicle""]","audios/train\383631.wav"
"383625.wav","/m/07pp_mv","[""/m/0gy1t2s"", ""/m/07pp_mv"", ""/m/0199g"", ""/m/07yv9"", ""/m/0395lw""]","alarm","[""alarm"", ""Bell"", ""Bicycle"", ""Bicycle_bell"", ""Vehicle""]","audios/train\383625.wav"
"265644.wav","/m/07pp_mv","[""/m/0gy1t2s"", ""/m/07pp_mv"", ""/m/0199g"", ""/m/07yv9"", ""/m/0395lw""]","alarm","[""alarm"", ""Bell"", ""Bicycle"", ""Bicycle_bell"", ""Vehicle""]","audios/train\265644.wav"
"326353.wav","/m/07pp_mv","[""/m/0gy1t2s"", ""/m/07pp_mv"", ""/m/0199g"", ""/m/07yv9"", ""/m/0395lw""]","alarm","[""alarm"", ""Bell"", ""Bicycle"", ""Bicycle_bell"", ""Vehicle""]","audios/train\326353.wav"
"156121.wav","/m/07pp_mv","[""/m/0gy1t2s"", ""/m/07pp_mv"", ""/m/0199g"", ""/m/07yv9"", ""/m/0395lw""]","alarm","[""alarm"", ""Bell"", ""Bicycle"", ""Bicycle_bell"", ""Vehicle""]","audios/train\156121.wav"
"156122.wav","/m/07pp_mv","[""/m/0gy1t2s"", ""/m/07pp_mv"", ""/m/0199g"", ""/m/07yv9"", ""/m/0395lw""]","alarm","[""alarm"", ""Bell"", ""Bicycle"", ""Bicycle_bell"", ""Vehicle""]","audios/train\156122.wav"
"156123.wav","/m/07pp_mv","[""/m/0gy1t2s"", ""/m/07pp_mv"", ""/m/0199g"", ""/m/07yv9"", ""/m/0395lw""]","alarm","[""alarm"", ""Bell"", ""Bicycle"", ""Bicycle_bell"", ""Vehicle""]","audios/train\156123.wav"
"156124.wav","/m/07pp_mv","[""/m/0gy1t2s"", ""/m/07pp_mv"", ""/m/0199g"", ""/m/07yv9"", ""/m/0395lw""]","alarm","[""alarm"", ""Bell"", ""Bicycle"", ""Bicycle_bell"", ""Vehicle""]","audios/train\156124.wav"
"156125.wav","/m/07pp_mv","[""/m/0gy1t2s"", ""/m/07pp_mv"", ""/m/0199g"", ""/m/07yv9"", ""/m/0395lw""]","alarm","[""alarm"", ""Bell"", ""Bicycle"", ""Bicycle_bell"", ""Vehicle""]","audios/train\156125.wav"
"156126.wav","/m/07pp_mv","[""/m/0gy1t2s"", ""/m/07pp_mv"", ""/m/0199g"", ""/m/07yv9"", ""/m/0395lw""]","alarm","[""alarm"", ""Bell"", ""Bicycle"", ""Bicycle_bell"", ""Vehicle""]","audios/train\156126.wav"
"318193.wav","/m/07pp_mv","[""/m/0gy1t2s"", ""/m/07pp_mv"", ""/m/0199g"", ""/m/07yv9"", ""/m/0395lw""]","alarm","[""alarm"", ""Bell"", ""Bicycle"", ""Bicycle_bell"", ""Vehicle""]","audios/train\318193.wav"
"262648.wav","/m/07pp_mv","[""/m/0gy1t2s"", ""/m/07pp_mv"", ""/m/0199g"", ""/m/07yv9"", ""/m/0395lw""]","alarm","[""alarm"", ""Bell"", ""Bicycle"", ""Bicycle_bell"", ""Vehicle""]","audios/train\262648.wav"
"404098.wav","/m/07pp_mv","[""/m/0gy1t2s"", ""/m/07pp_mv"", ""/m/0199g"", ""/m/07yv9"", ""/m/0395lw""]","alarm","[""alarm"", ""Bell"", ""Bicycle"", ""Bicycle_bell"", ""Vehicle""]","audios/train\404098.wav"
"404099.wav","/m/07pp_mv","[""/m/0gy1t2s"", ""/m/07pp_mv"", ""/m/0199g"", ""/m/07yv9"", ""/m/0395lw""]","alarm","[""alarm"", ""Bell"", ""Bicycle"", ""Bicycle_bell"", ""Vehicle""]","audios/train\404099.wav"
"404100.wav","/m/07pp_mv","[""/m/0gy1t2s"", ""/m/07pp_mv"", ""/m/0199g"", ""/m/07yv9"", ""/m/0395lw""]","alarm","[""alarm"", ""Bell"", ""Bicycle"", ""Bicycle_bell"", ""Vehicle""]","audios/train\404100.wav"
"173000.wav","/m/07pp_mv","[""/m/0gy1t2s"", ""/m/07pp_mv"", ""/m/0199g"", ""/m/07yv9"", ""/m/0395lw""]","alarm","[""alarm"", ""Bell"", ""Bicycle"", ""Bicycle_bell"", ""Vehicle""]","audios/train\173000.wav"
"173001.wav","/m/07pp_mv","[""/m/0gy1t2s"", ""/m/07pp_mv"", ""/m/0199g"", ""/m/07yv9"", ""/m/0395lw""]","alarm","[""alarm"", ""Bell"", ""Bicycle"", ""Bicycle_bell"", ""Vehicle""]","audios/train\173001.wav"
"360842.wav","/m/07pp_mv","[""/m/0gy1t2s"", ""/m/07pp_mv"", ""/m/0199g"", ""/m/07yv9"", ""/m/0395lw""]","alarm","[""alarm"", ""Bell"", ""Bicycle"", ""Bicycle_bell"", ""Vehicle""]","audios/train\360842.wav"
"393655.wav","/m/0btp2","[""/m/07pggtn"", ""/m/0btp2"", ""/m/020bb7"", ""/m/015p6"", ""/m/01280g"", ""/m/0jbk"", ""/m/012f08"", ""/m/07yv9""]","traffic_noise","[""Wild_animals"", ""Vehicle"", ""Bird"", ""Bird_vocalization_and_bird_call_and_bird_song"", ""traffic_noise"", ""Motor_vehicle_(road)"", ""Animal"", ""Chirp_and_tweet""]","audios/train\393655.wav"
"408890.wav","/m/0btp2","[""/m/07pggtn"", ""/m/0btp2"", ""/m/020bb7"", ""/m/015p6"", ""/m/01280g"", ""/m/0jbk"", ""/m/012f08"", ""/m/07yv9""]","traffic_noise","[""Wild_animals"", ""Vehicle"", ""Bird"", ""Bird_vocalization_and_bird_call_and_bird_song"", ""traffic_noise"", ""Motor_vehicle_(road)"", ""Animal"", ""Chirp_and_tweet""]","audios/train\408890.wav"
"377005.wav","/m/0btp2","[""/m/07pggtn"", ""/m/0btp2"", ""/m/020bb7"", ""/m/015p6"", ""/m/01280g"", ""/m/0jbk"", ""/m/012f08"", ""/m/07yv9""]","traffic_noise","[""Wild_animals"", ""Vehicle"", ""Bird"", ""Bird_vocalization_and_bird_call_and_bird_song"", ""traffic_noise"", ""Motor_vehicle_(road)"", ""Animal"", ""Chirp_and_tweet""]","audios/train\377005.wav"
"271184.wav","/m/0btp2","[""/m/07pggtn"", ""/m/0btp2"", ""/m/020bb7"", ""/m/015p6"", ""/m/01280g"", ""/m/0jbk"", ""/m/012f08"", ""/m/07yv9""]","traffic_noise","[""Wild_animals"", ""Vehicle"", ""Bird"", ""Bird_vocalization_and_bird_call_and_bird_song"", ""traffic_noise"", ""Motor_vehicle_(road)"", ""Animal"", ""Chirp_and_tweet""]","audios/train\271184.wav"
"253982.wav","/m/07pp_mv","[""/m/02y_763"", ""/m/03wwcy"", ""/m/02dgv"", ""/t/dd00071"", ""/m/07pp_mv""]","alarm","[""alarm"", ""Sliding_door"", ""Domestic_sounds_and_home_sounds"", ""Door"", ""doorbell""]","audios/train\253982.wav"
"3180.wav","/m/0btp2","[""/t/dd00134"", ""/m/0btp2"", ""/m/0k4j"", ""/m/012f08"", ""/m/07yv9""]","traffic_noise","[""Car"", ""Car_passing_by"", ""traffic_noise"", ""Motor_vehicle_(road)"", ""Vehicle""]","audios/train\3180.wav"
"3181.wav","/m/0btp2","[""/t/dd00134"", ""/m/0btp2"", ""/m/0k4j"", ""/m/012f08"", ""/m/07yv9""]","traffic_noise","[""Car"", ""Car_passing_by"", ""traffic_noise"", ""Motor_vehicle_(road)"", ""Vehicle""]","audios/train\3181.wav"
"3182.wav","/m/0btp2","[""/t/dd00134"", ""/m/0btp2"", ""/m/0k4j"", ""/m/012f08"", ""/m/07yv9""]","traffic_noise","[""Car"", ""Car_passing_by"", ""traffic_noise"", ""Motor_vehicle_(road)"", ""Vehicle""]","audios/train\3182.wav"
"3183.wav","/m/0btp2","[""/t/dd00134"", ""/m/0btp2"", ""/m/0k4j"", ""/m/012f08"", ""/m/07yv9""]","traffic_noise","[""Car"", ""Car_passing_by"", ""traffic_noise"", ""Motor_vehicle_(road)"", ""Vehicle""]","audios/train\3183.wav"
"425860.wav","/m/07pb8fc","[""/t/dd00134"", ""/m/07pb8fc"", ""/m/0k4j"", ""/m/012f08"", ""/m/07yv9"", ""/m/02mk9""]","engine","[""Car"", ""Car_passing_by"", ""Motor_vehicle_(road)"", ""engine"", ""Vehicle""]","audios/train\425860.wav"
"425383.wav","/m/02mk9","[""/t/dd00134"", ""/m/07q2z82"", ""/m/0k4j"", ""/m/012f08"", ""/m/07yv9"", ""/m/02mk9""]","engine","[""Car"", ""Accelerating_and_revving_and_vroom"", ""Car_passing_by"", ""Motor_vehicle_(road)"", ""engine"", ""Vehicle""]","audios/train\425383.wav"
"50869.wav","/m/0btp2","[""/t/dd00134"", ""/m/0btp2"", ""/m/0k4j"", ""/m/012f08"", ""/m/07yv9""]","traffic_noise","[""Car"", ""Car_passing_by"", ""traffic_noise"", ""Motor_vehicle_(road)"", ""Vehicle""]","audios/train\50869.wav"
"413908.wav","/m/02mk9","[""/t/dd00134"", ""/m/07q2z82"", ""/m/0k4j"", ""/m/012f08"", ""/m/07yv9"", ""/m/02mk9""]","engine","[""Car"", ""Accelerating_and_revving_and_vroom"", ""Car_passing_by"", ""Motor_vehicle_(road)"", ""engine"", ""Vehicle""]","audios/train\413908.wav"
"429405.wav","/m/07pb8fc","[""/t/dd00134"", ""/m/07pb8fc"", ""/m/07q2z82"", ""/m/0k4j"", ""/m/012f08"", ""/m/07yv9"", ""/m/02mk9""]","engine","[""Car"", ""Accelerating_and_revving_and_vroom"", ""Car_passing_by"", ""Motor_vehicle_(road)"", ""engine"", ""Vehicle""]","audios/train\429405.wav"
"400130.wav","/m/02mk9","[""/t/dd00134"", ""/m/0ltv"", ""/m/07q2z82"", ""/m/0k4j"", ""/m/012f08"", ""/m/07yv9"", ""/m/02mk9""]","engine","[""Car"", ""Accelerating_and_revving_and_vroom"", ""Car_passing_by"", ""Motor_vehicle_(road)"", ""Race_car_and_auto_racing"", ""engine"", ""Vehicle""]","audios/train\400130.wav"
"263527.wav","/m/0btp2","[""/m/03w41f"", ""/m/0btp2"", ""/m/0395lw"", ""/m/012f08"", ""/m/07yv9""]","traffic_noise","[""Bell"", ""traffic_noise"", ""Motor_vehicle_(road)"", ""Church_bell"", ""Vehicle""]","audios/train\263527.wav"
"172143.wav","/m/0btp2","[""/m/09xqv"", ""/m/0btp2"", ""/m/03vt0"", ""/m/01280g"", ""/m/0jbk"", ""/m/012f08"", ""/m/07yv9""]","traffic_noise","[""Wild_animals"", ""Vehicle"", ""Insect"", ""traffic_noise"", ""Cricket"", ""Motor_vehicle_(road)"", ""Animal""]","audios/train\172143.wav"
"130971.wav","/m/0btp2","[""/m/09xqv"", ""/m/0btp2"", ""/m/03vt0"", ""/m/01280g"", ""/m/0jbk"", ""/m/012f08"", ""/m/07yv9""]","traffic_noise","[""Wild_animals"", ""Vehicle"", ""Insect"", ""traffic_noise"", ""Cricket"", ""Motor_vehicle_(road)"", ""Animal""]","audios/train\130971.wav"
"125967.wav","/m/07pp_mv","[""/m/03wwcy"", ""/m/02dgv"", ""/t/dd00071"", ""/m/07pp_mv""]","alarm","[""Domestic_sounds_and_home_sounds"", ""Door"", ""alarm"", ""doorbell""]","audios/train\125967.wav"
"347677.wav","/m/07pp_mv","[""/m/03wwcy"", ""/m/02dgv"", ""/t/dd00071"", ""/m/07pp_mv""]","alarm","[""Domestic_sounds_and_home_sounds"", ""Door"", ""alarm"", ""doorbell""]","audios/train\347677.wav"
"29726.wav","/m/07pp_mv","[""/m/03wwcy"", ""/m/02dgv"", ""/t/dd00071"", ""/m/07pp_mv""]","alarm","[""Domestic_sounds_and_home_sounds"", ""Door"", ""alarm"", ""doorbell""]","audios/train\29726.wav"
"426019.wav","/m/07pp_mv","[""/m/03wwcy"", ""/m/02dgv"", ""/t/dd00071"", ""/m/07pp_mv""]","alarm","[""Domestic_sounds_and_home_sounds"", ""Door"", ""alarm"", ""doorbell""]","audios/train\426019.wav"
"418867.wav","/m/07pp_mv","[""/m/03wwcy"", ""/m/02dgv"", ""/t/dd00071"", ""/m/07pp_mv""]","alarm","[""Domestic_sounds_and_home_sounds"", ""Door"", ""alarm"", ""doorbell""]","audios/train\418867.wav"
"332858.wav","/m/07pp_mv","[""/m/03wwcy"", ""/m/02dgv"", ""/t/dd00071"", ""/m/07pp_mv""]","alarm","[""Domestic_sounds_and_home_sounds"", ""Door"", ""alarm"", ""doorbell""]","audios/train\332858.wav"
"69182.wav","/m/07pp_mv","[""/m/03wwcy"", ""/m/02dgv"", ""/t/dd00071"", ""/m/07pp_mv""]","alarm","[""Domestic_sounds_and_home_sounds"", ""Door"", ""alarm"", ""doorbell""]","audios/train\69182.wav"
"69185.wav","/m/07pp_mv","[""/m/03wwcy"", ""/m/02dgv"", ""/t/dd00071"", ""/m/07pp_mv""]","alarm","[""Domestic_sounds_and_home_sounds"", ""Door"", ""alarm"", ""doorbell""]","audios/train\69185.wav"
"417858.wav","/m/07pp_mv","[""/m/03wwcy"", ""/m/02dgv"", ""/t/dd00071"", ""/m/07pp_mv""]","alarm","[""Domestic_sounds_and_home_sounds"", ""Door"", ""alarm"", ""doorbell""]","audios/train\417858.wav"
"319041.wav","/m/07pp_mv","[""/m/03wwcy"", ""/m/02dgv"", ""/t/dd00071"", ""/m/07pp_mv""]","alarm","[""Domestic_sounds_and_home_sounds"", ""Door"", ""alarm"", ""doorbell""]","audios/train\319041.wav"
"77892.wav","/m/07pp_mv","[""/m/03wwcy"", ""/m/02dgv"", ""/t/dd00071"", ""/m/07pp_mv""]","alarm","[""Domestic_sounds_and_home_sounds"", ""Door"", ""alarm"", ""doorbell""]","audios/train\77892.wav"
"371782.wav","/m/07pp_mv","[""/m/03wwcy"", ""/m/02dgv"", ""/t/dd00071"", ""/m/07pp_mv""]","alarm","[""Domestic_sounds_and_home_sounds"", ""Door"", ""alarm"", ""doorbell""]","audios/train\371782.wav"
"347216.wav","/m/07pp_mv","[""/m/03wwcy"", ""/m/02dgv"", ""/t/dd00071"", ""/m/07pp_mv""]","alarm","[""Domestic_sounds_and_home_sounds"", ""Door"", ""alarm"", ""doorbell""]","audios/train\347216.wav"
"347217.wav","/m/07pp_mv","[""/m/03wwcy"", ""/m/02dgv"", ""/t/dd00071"", ""/m/07pp_mv""]","alarm","[""Domestic_sounds_and_home_sounds"", ""Door"", ""alarm"", ""doorbell""]","audios/train\347217.wav"
"110165.wav","/m/07pp_mv","[""/m/03wwcy"", ""/m/02dgv"", ""/t/dd00071"", ""/m/07pp_mv""]","alarm","[""Domestic_sounds_and_home_sounds"", ""Door"", ""alarm"", ""doorbell""]","audios/train\110165.wav"
"407637.wav","/m/07pp_mv","[""/m/03wwcy"", ""/m/02dgv"", ""/t/dd00071"", ""/m/07pp_mv""]","alarm","[""Domestic_sounds_and_home_sounds"", ""Door"", ""alarm"", ""doorbell""]","audios/train\407637.wav"
"275564.wav","/m/07pp_mv","[""/m/03wwcy"", ""/m/02dgv"", ""/t/dd00071"", ""/m/07pp_mv""]","alarm","[""Domestic_sounds_and_home_sounds"", ""Door"", ""alarm"", ""doorbell""]","audios/train\275564.wav"
"275565.wav","/m/07pp_mv","[""/m/03wwcy"", ""/m/02dgv"", ""/t/dd00071"", ""/m/07pp_mv""]","alarm","[""Domestic_sounds_and_home_sounds"", ""Door"", ""alarm"", ""doorbell""]","audios/train\275565.wav"
"275566.wav","/m/07pp_mv","[""/m/03wwcy"", ""/m/02dgv"", ""/t/dd00071"", ""/m/07pp_mv""]","alarm","[""Domestic_sounds_and_home_sounds"", ""Door"", ""alarm"", ""doorbell""]","audios/train\275566.wav"
"87151.wav","/m/07pp_mv","[""/m/03wwcy"", ""/m/02dgv"", ""/t/dd00071"", ""/m/07pp_mv""]","alarm","[""Domestic_sounds_and_home_sounds"", ""Door"", ""alarm"", ""doorbell""]","audios/train\87151.wav"
"275567.wav","/m/07pp_mv","[""/m/03wwcy"", ""/m/02dgv"", ""/t/dd00071"", ""/m/07pp_mv""]","alarm","[""Domestic_sounds_and_home_sounds"", ""Door"", ""alarm"", ""doorbell""]","audios/train\275567.wav"
"275569.wav","/m/07pp_mv","[""/m/03wwcy"", ""/m/02dgv"", ""/t/dd00071"", ""/m/07pp_mv""]","alarm","[""Domestic_sounds_and_home_sounds"", ""Door"", ""alarm"", ""doorbell""]","audios/train\275569.wav"
"275568.wav","/m/07pp_mv","[""/m/03wwcy"", ""/m/02dgv"", ""/t/dd00071"", ""/m/07pp_mv""]","alarm","[""Domestic_sounds_and_home_sounds"", ""Door"", ""alarm"", ""doorbell""]","audios/train\275568.wav"
"275570.wav","/m/07pp_mv","[""/m/03wwcy"", ""/m/02dgv"", ""/t/dd00071"", ""/m/07pp_mv""]","alarm","[""Domestic_sounds_and_home_sounds"", ""Door"", ""alarm"", ""doorbell""]","audios/train\275570.wav"
"275571.wav","/m/07pp_mv","[""/m/03wwcy"", ""/m/02dgv"", ""/t/dd00071"", ""/m/07pp_mv""]","alarm","[""Domestic_sounds_and_home_sounds"", ""Door"", ""alarm"", ""doorbell""]","audios/train\275571.wav"
"275068.wav","/m/07pp_mv","[""/m/03wwcy"", ""/m/02dgv"", ""/t/dd00071"", ""/m/07pp_mv""]","alarm","[""Domestic_sounds_and_home_sounds"", ""Door"", ""alarm"", ""doorbell""]","audios/train\275068.wav"
"275069.wav","/m/07pp_mv","[""/m/03wwcy"", ""/m/02dgv"", ""/t/dd00071"", ""/m/07pp_mv""]","alarm","[""Domestic_sounds_and_home_sounds"", ""Door"", ""alarm"", ""doorbell""]","audios/train\275069.wav"
"76925.wav","/m/07pp_mv","[""/m/03wwcy"", ""/m/02dgv"", ""/t/dd00071"", ""/m/07pp_mv""]","alarm","[""Domestic_sounds_and_home_sounds"", ""Door"", ""alarm"", ""doorbell""]","audios/train\76925.wav"
"205949.wav","/m/07pp_mv","[""/m/03wwcy"", ""/m/02dgv"", ""/t/dd00071"", ""/m/07pp_mv""]","alarm","[""Domestic_sounds_and_home_sounds"", ""Door"", ""alarm"", ""doorbell""]","audios/train\205949.wav"
"275072.wav","/m/07pp_mv","[""/m/03wwcy"", ""/m/02dgv"", ""/t/dd00071"", ""/m/07pp_mv""]","alarm","[""Domestic_sounds_and_home_sounds"", ""Door"", ""alarm"", ""doorbell""]","audios/train\275072.wav"
"275070.wav","/m/07pp_mv","[""/m/03wwcy"", ""/m/02dgv"", ""/t/dd00071"", ""/m/07pp_mv""]","alarm","[""Domestic_sounds_and_home_sounds"", ""Door"", ""alarm"", ""doorbell""]","audios/train\275070.wav"
"275071.wav","/m/07pp_mv","[""/m/03wwcy"", ""/m/02dgv"", ""/t/dd00071"", ""/m/07pp_mv""]","alarm","[""Domestic_sounds_and_home_sounds"", ""Door"", ""alarm"", ""doorbell""]","audios/train\275071.wav"
"41629.wav","/m/07pp_mv","[""/m/03wwcy"", ""/m/02dgv"", ""/t/dd00071"", ""/m/07pp_mv""]","alarm","[""Domestic_sounds_and_home_sounds"", ""Door"", ""alarm"", ""doorbell""]","audios/train\41629.wav"
"212127.wav","/m/07pp_mv","[""/m/03wwcy"", ""/m/02dgv"", ""/t/dd00071"", ""/m/07pp_mv""]","alarm","[""Domestic_sounds_and_home_sounds"", ""Door"", ""alarm"", ""doorbell""]","audios/train\212127.wav"
"212128.wav","/m/07pp_mv","[""/m/03wwcy"", ""/m/02dgv"", ""/t/dd00071"", ""/m/07pp_mv""]","alarm","[""Domestic_sounds_and_home_sounds"", ""Door"", ""alarm"", ""doorbell""]","audios/train\212128.wav"
"212129.wav","/m/07pp_mv","[""/m/03wwcy"", ""/m/02dgv"", ""/t/dd00071"", ""/m/07pp_mv""]","alarm","[""Domestic_sounds_and_home_sounds"", ""Door"", ""alarm"", ""doorbell""]","audios/train\212129.wav"
"203943.wav","/m/07pp_mv","[""/m/03wwcy"", ""/m/02dgv"", ""/t/dd00071"", ""/m/07pp_mv""]","alarm","[""Domestic_sounds_and_home_sounds"", ""Door"", ""alarm"", ""doorbell""]","audios/train\203943.wav"
"203944.wav","/m/07pp_mv","[""/m/03wwcy"", ""/m/02dgv"", ""/t/dd00071"", ""/m/07pp_mv""]","alarm","[""Domestic_sounds_and_home_sounds"", ""Door"", ""alarm"", ""doorbell""]","audios/train\203944.wav"
"203946.wav","/m/07pp_mv","[""/m/03wwcy"", ""/m/02dgv"", ""/t/dd00071"", ""/m/07pp_mv""]","alarm","[""Domestic_sounds_and_home_sounds"", ""Door"", ""alarm"", ""doorbell""]","audios/train\203946.wav"
"203948.wav","/m/07pp_mv","[""/m/03wwcy"", ""/m/02dgv"", ""/t/dd00071"", ""/m/07pp_mv""]","alarm","[""Domestic_sounds_and_home_sounds"", ""Door"", ""alarm"", ""doorbell""]","audios/train\203948.wav"
"81072.wav","/m/07pp_mv","[""/m/03wwcy"", ""/m/02dgv"", ""/t/dd00071"", ""/m/07pp_mv""]","alarm","[""Domestic_sounds_and_home_sounds"", ""Door"", ""alarm"", ""doorbell""]","audios/train\81072.wav"
"88243.wav","/m/07pp_mv","[""/m/03wwcy"", ""/m/02dgv"", ""/t/dd00071"", ""/m/07pp_mv""]","alarm","[""Domestic_sounds_and_home_sounds"", ""Door"", ""alarm"", ""doorbell""]","audios/train\88243.wav"
"218317.wav","/m/07pp_mv","[""/m/03wwcy"", ""/m/02dgv"", ""/t/dd00071"", ""/m/07pp_mv""]","alarm","[""Domestic_sounds_and_home_sounds"", ""Door"", ""alarm"", ""doorbell""]","audios/train\218317.wav"
"177875.wav","/m/07pp_mv","[""/m/03wwcy"", ""/m/02dgv"", ""/t/dd00071"", ""/m/07pp_mv""]","alarm","[""Domestic_sounds_and_home_sounds"", ""Door"", ""alarm"", ""doorbell""]","audios/train\177875.wav"
"370919.wav","/m/07pp_mv","[""/m/03wwcy"", ""/m/02dgv"", ""/t/dd00071"", ""/m/07pp_mv""]","alarm","[""Domestic_sounds_and_home_sounds"", ""Door"", ""alarm"", ""doorbell""]","audios/train\370919.wav"
"171755.wav","/m/07pp_mv","[""/m/03wwcy"", ""/m/02dgv"", ""/t/dd00071"", ""/m/07pp_mv""]","alarm","[""Domestic_sounds_and_home_sounds"", ""Door"", ""alarm"", ""doorbell""]","audios/train\171755.wav"
"422668.wav","/m/07pp_mv","[""/m/03wwcy"", ""/m/02dgv"", ""/t/dd00071"", ""/m/07pp_mv""]","alarm","[""Domestic_sounds_and_home_sounds"", ""Door"", ""alarm"", ""doorbell""]","audios/train\422668.wav"
"196368.wav","/m/07pp_mv","[""/m/03wwcy"", ""/m/02dgv"", ""/t/dd00071"", ""/m/07pp_mv""]","alarm","[""Domestic_sounds_and_home_sounds"", ""Door"", ""alarm"", ""doorbell""]","audios/train\196368.wav"
"196370.wav","/m/07pp_mv","[""/m/03wwcy"", ""/m/02dgv"", ""/t/dd00071"", ""/m/07pp_mv""]","alarm","[""Domestic_sounds_and_home_sounds"", ""Door"", ""alarm"", ""doorbell""]","audios/train\196370.wav"
"196371.wav","/m/07pp_mv","[""/m/03wwcy"", ""/m/02dgv"", ""/t/dd00071"", ""/m/07pp_mv""]","alarm","[""Domestic_sounds_and_home_sounds"", ""Door"", ""alarm"", ""doorbell""]","audios/train\196371.wav"
"196372.wav","/m/07pp_mv","[""/m/03wwcy"", ""/m/02dgv"", ""/t/dd00071"", ""/m/07pp_mv""]","alarm","[""Domestic_sounds_and_home_sounds"", ""Door"", ""alarm"", ""doorbell""]","audios/train\196372.wav"
"196373.wav","/m/07pp_mv","[""/m/03wwcy"", ""/m/02dgv"", ""/t/dd00071"", ""/m/07pp_mv""]","alarm","[""Domestic_sounds_and_home_sounds"", ""Door"", ""alarm"", ""doorbell""]","audios/train\196373.wav"
"196374.wav","/m/07pp_mv","[""/m/03wwcy"", ""/m/02dgv"", ""/t/dd00071"", ""/m/07pp_mv""]","alarm","[""Domestic_sounds_and_home_sounds"", ""Door"", ""alarm"", ""doorbell""]","audios/train\196374.wav"
"196375.wav","/m/07pp_mv","[""/m/03wwcy"", ""/m/02dgv"", ""/t/dd00071"", ""/m/07pp_mv""]","alarm","[""Domestic_sounds_and_home_sounds"", ""Door"", ""alarm"", ""doorbell""]","audios/train\196375.wav"
"196376.wav","/m/07pp_mv","[""/m/03wwcy"", ""/m/02dgv"", ""/t/dd00071"", ""/m/07pp_mv""]","alarm","[""Domestic_sounds_and_home_sounds"", ""Door"", ""alarm"", ""doorbell""]","audios/train\196376.wav"
"196377.wav","/m/07pp_mv","[""/m/03wwcy"", ""/m/02dgv"", ""/t/dd00071"", ""/m/07pp_mv""]","alarm","[""Domestic_sounds_and_home_sounds"", ""Door"", ""alarm"", ""doorbell""]","audios/train\196377.wav"
"418074.wav","/m/07pp_mv","[""/m/03wwcy"", ""/m/02dgv"", ""/t/dd00071"", ""/m/07pp_mv""]","alarm","[""Domestic_sounds_and_home_sounds"", ""Door"", ""alarm"", ""doorbell""]","audios/train\418074.wav"
"268074.wav","/m/07pp_mv","[""/m/03wwcy"", ""/m/02dgv"", ""/t/dd00071"", ""/m/07pp_mv""]","alarm","[""Domestic_sounds_and_home_sounds"", ""Door"", ""alarm"", ""doorbell""]","audios/train\268074.wav"
"268076.wav","/m/07pp_mv","[""/m/03wwcy"", ""/m/02dgv"", ""/t/dd00071"", ""/m/07pp_mv""]","alarm","[""Domestic_sounds_and_home_sounds"", ""Door"", ""alarm"", ""doorbell""]","audios/train\268076.wav"
"331569.wav","/m/07pp_mv","[""/m/03wwcy"", ""/m/02dgv"", ""/t/dd00071"", ""/m/07pp_mv""]","alarm","[""Domestic_sounds_and_home_sounds"", ""Door"", ""alarm"", ""doorbell""]","audios/train\331569.wav"
"106803.wav","/m/07pp_mv","[""/m/03wwcy"", ""/m/02dgv"", ""/t/dd00071"", ""/m/07pp_mv""]","alarm","[""Domestic_sounds_and_home_sounds"", ""Door"", ""alarm"", ""doorbell""]","audios/train\106803.wav"
"273719.wav","/m/07pp_mv","[""/m/03wwcy"", ""/m/02dgv"", ""/t/dd00071"", ""/m/07pp_mv""]","alarm","[""Domestic_sounds_and_home_sounds"", ""Door"", ""alarm"", ""doorbell""]","audios/train\273719.wav"
"20285.wav","/m/07pp_mv","[""/m/03wwcy"", ""/m/02dgv"", ""/t/dd00071"", ""/m/07pp_mv""]","alarm","[""Domestic_sounds_and_home_sounds"", ""Door"", ""alarm"", ""doorbell""]","audios/train\20285.wav"
"242494.wav","/m/07pp_mv","[""/m/03wwcy"", ""/m/02dgv"", ""/t/dd00071"", ""/m/07pp_mv""]","alarm","[""Domestic_sounds_and_home_sounds"", ""Door"", ""alarm"", ""doorbell""]","audios/train\242494.wav"
"79180.wav","/m/07pp_mv","[""/m/03wwcy"", ""/m/02dgv"", ""/t/dd00071"", ""/m/07pp_mv""]","alarm","[""Domestic_sounds_and_home_sounds"", ""Door"", ""alarm"", ""doorbell""]","audios/train\79180.wav"
"151893.wav","/m/07pp_mv","[""/m/03wwcy"", ""/m/02dgv"", ""/t/dd00071"", ""/m/07pp_mv""]","alarm","[""Domestic_sounds_and_home_sounds"", ""Door"", ""alarm"", ""doorbell""]","audios/train\151893.wav"
"399205.wav","/m/07pp_mv","[""/m/03wwcy"", ""/m/02dgv"", ""/t/dd00071"", ""/m/07pp_mv""]","alarm","[""Domestic_sounds_and_home_sounds"", ""Door"", ""alarm"", ""doorbell""]","audios/train\399205.wav"
"335224.wav","/m/07pp_mv","[""/m/03wwcy"", ""/m/02dgv"", ""/t/dd00071"", ""/m/07pp_mv""]","alarm","[""Domestic_sounds_and_home_sounds"", ""Door"", ""alarm"", ""doorbell""]","audios/train\335224.wav"
"411515.wav","/m/07pp_mv","[""/m/03wwcy"", ""/m/02dgv"", ""/t/dd00071"", ""/m/07pp_mv""]","alarm","[""Domestic_sounds_and_home_sounds"", ""Door"", ""alarm"", ""doorbell""]","audios/train\411515.wav"
"411517.wav","/m/07pp_mv","[""/m/03wwcy"", ""/m/02dgv"", ""/t/dd00071"", ""/m/07pp_mv""]","alarm","[""Domestic_sounds_and_home_sounds"", ""Door"", ""alarm"", ""doorbell""]","audios/train\411517.wav"
"411519.wav","/m/07pp_mv","[""/m/03wwcy"", ""/m/02dgv"", ""/t/dd00071"", ""/m/07pp_mv""]","alarm","[""Domestic_sounds_and_home_sounds"", ""Door"", ""alarm"", ""doorbell""]","audios/train\411519.wav"
"411521.wav","/m/07pp_mv","[""/m/03wwcy"", ""/m/02dgv"", ""/t/dd00071"", ""/m/07pp_mv""]","alarm","[""Domestic_sounds_and_home_sounds"", ""Door"", ""alarm"", ""doorbell""]","audios/train\411521.wav"
"163730.wav","/m/07pp_mv","[""/m/03wwcy"", ""/m/02dgv"", ""/t/dd00071"", ""/m/07pp_mv""]","alarm","[""Domestic_sounds_and_home_sounds"", ""Door"", ""alarm"", ""doorbell""]","audios/train\163730.wav"
"31133.wav","/m/07pp_mv","[""/m/03wwcy"", ""/m/02dgv"", ""/t/dd00071"", ""/m/07pp_mv""]","alarm","[""Domestic_sounds_and_home_sounds"", ""Door"", ""alarm"", ""doorbell""]","audios/train\31133.wav"
"223671.wav","/m/07pp_mv","[""/m/03wwcy"", ""/m/02dgv"", ""/t/dd00071"", ""/m/07pp_mv""]","alarm","[""Domestic_sounds_and_home_sounds"", ""Door"", ""alarm"", ""doorbell""]","audios/train\223671.wav"
"223673.wav","/m/07pp_mv","[""/m/03wwcy"", ""/m/02dgv"", ""/t/dd00071"", ""/m/07pp_mv""]","alarm","[""Domestic_sounds_and_home_sounds"", ""Door"", ""alarm"", ""doorbell""]","audios/train\223673.wav"
"415164.wav","/m/07pp_mv","[""/m/03wwcy"", ""/m/02dgv"", ""/t/dd00071"", ""/m/07pp_mv""]","alarm","[""Domestic_sounds_and_home_sounds"", ""Door"", ""alarm"", ""doorbell""]","audios/train\415164.wav"
"93646.wav","/m/07pp_mv","[""/m/03wwcy"", ""/m/02dgv"", ""/t/dd00071"", ""/m/07pp_mv""]","alarm","[""Domestic_sounds_and_home_sounds"", ""Door"", ""alarm"", ""doorbell""]","audios/train\93646.wav"
"249303.wav","/m/07pp_mv","[""/m/03wwcy"", ""/m/02dgv"", ""/t/dd00071"", ""/m/07pp_mv""]","alarm","[""Domestic_sounds_and_home_sounds"", ""Door"", ""alarm"", ""doorbell""]","audios/train\249303.wav"
"123350.wav","/m/07pp_mv","[""/m/03wwcy"", ""/m/02dgv"", ""/t/dd00071"", ""/m/07pp_mv""]","alarm","[""Domestic_sounds_and_home_sounds"", ""Door"", ""alarm"", ""doorbell""]","audios/train\123350.wav"
"21985.wav","/m/07pp_mv","[""/m/03wwcy"", ""/m/02dgv"", ""/t/dd00071"", ""/m/07pp_mv""]","alarm","[""Domestic_sounds_and_home_sounds"", ""Door"", ""alarm"", ""doorbell""]","audios/train\21985.wav"
"383976.wav","/m/07pp_mv","[""/m/03wwcy"", ""/m/02dgv"", ""/t/dd00071"", ""/m/07pp_mv""]","alarm","[""Domestic_sounds_and_home_sounds"", ""Door"", ""alarm"", ""doorbell""]","audios/train\383976.wav"
"403439.wav","/m/07pp_mv","[""/m/03wwcy"", ""/m/02dgv"", ""/t/dd00071"", ""/m/07pp_mv""]","alarm","[""Domestic_sounds_and_home_sounds"", ""Door"", ""alarm"", ""doorbell""]","audios/train\403439.wav"
"390786.wav","/m/07pb8fc","[""/m/07pb8fc"", ""/m/02mk9""]","engine","[""engine""]","audios/train\390786.wav"
"390787.wav","/m/07pb8fc","[""/m/07pb8fc"", ""/m/02mk9""]","engine","[""engine""]","audios/train\390787.wav"
"390788.wav","/m/07pb8fc","[""/m/07pb8fc"", ""/m/02mk9""]","engine","[""engine""]","audios/train\390788.wav"
"427013.wav","/m/07pb8fc","[""/m/07pb8fc"", ""/m/07q2z82"", ""/m/02mk9""]","engine","[""engine"", ""Accelerating_and_revving_and_vroom""]","audios/train\427013.wav"
"401550.wav","/m/07pb8fc","[""/m/07pb8fc"", ""/m/02mk9""]","engine","[""engine""]","audios/train\401550.wav"
"401552.wav","/m/07pb8fc","[""/m/07pb8fc"", ""/m/02mk9""]","engine","[""engine""]","audios/train\401552.wav"
"425493.wav","/m/07pb8fc","[""/m/07pb8fc"", ""/t/dd00130"", ""/m/02mk9""]","engine","[""engine"", ""Engine_starting""]","audios/train\425493.wav"
"369049.wav","/m/07pb8fc","[""/m/07pb8fc"", ""/m/02mk9""]","engine","[""engine""]","audios/train\369049.wav"
"369053.wav","/m/07pb8fc","[""/m/07pb8fc"", ""/m/02mk9""]","engine","[""engine""]","audios/train\369053.wav"
"430632.wav","/m/07pb8fc","[""/m/07pb8fc"", ""/t/dd00071"", ""/m/02mk9""]","engine","[""engine"", ""Domestic_sounds_and_home_sounds""]","audios/train\430632.wav"
"46504.wav","/m/07pb8fc","[""/m/07pb8fc"", ""/m/02mk9""]","engine","[""engine""]","audios/train\46504.wav"
"432304.wav","/m/07pb8fc","[""/m/07pb8fc"", ""/m/04_sv"", ""/m/02mk9"", ""/m/012f08"", ""/m/07yv9""]","engine","[""engine"", ""Vehicle"", ""Motor_vehicle_(road)"", ""Motorcycle""]","audios/train\432304.wav"
"186936.wav","/m/07pb8fc","[""/m/07pb8fc"", ""/m/02mk9""]","engine","[""engine""]","audios/train\186936.wav"
"186938.wav","/m/07pb8fc","[""/m/07pb8fc"", ""/m/02mk9""]","engine","[""engine""]","audios/train\186938.wav"
"186939.wav","/m/07pb8fc","[""/m/07pb8fc"", ""/m/02mk9""]","engine","[""engine""]","audios/train\186939.wav"
"186940.wav","/m/07pb8fc","[""/m/07pb8fc"", ""/m/01bjv"", ""/m/02mk9"", ""/m/012f08"", ""/m/07yv9""]","engine","[""engine"", ""Vehicle"", ""Bus"", ""Motor_vehicle_(road)""]","audios/train\186940.wav"
"426817.wav","/m/07pb8fc","[""/m/07pb8fc"", ""/m/02mk9""]","engine","[""engine""]","audios/train\426817.wav"
"426818.wav","/m/07pb8fc","[""/m/07pb8fc"", ""/m/02mk9""]","engine","[""engine""]","audios/train\426818.wav"
"143556.wav","/m/07pb8fc","[""/m/07pb8fc"", ""/m/0k5j"", ""/m/02mk9"", ""/m/07yv9""]","engine","[""engine"", ""Vehicle"", ""Aircraft""]","audios/train\143556.wav"
"14276.wav","/m/07pb8fc","[""/m/07pb8fc"", ""/m/02mk9""]","engine","[""engine""]","audios/train\14276.wav"
"405322.wav","/m/07pb8fc","[""/m/07pb8fc"", ""/t/dd00130"", ""/m/02mk9""]","engine","[""engine"", ""Engine_starting""]","audios/train\405322.wav"
"387019.wav","/m/07pb8fc","[""/m/07pb8fc"", ""/m/02mk9""]","engine","[""engine""]","audios/train\387019.wav"
"387020.wav","/m/07pb8fc","[""/m/07pb8fc"", ""/m/02mk9""]","engine","[""engine""]","audios/train\387020.wav"
"186962.wav","/m/07pb8fc","[""/m/07pb8fc"", ""/m/07q2z82"", ""/m/02mk9""]","engine","[""engine"", ""Accelerating_and_revving_and_vroom""]","audios/train\186962.wav"
"370898.wav","/m/07pb8fc","[""/m/07pb8fc"", ""/m/02mk9""]","engine","[""engine""]","audios/train\370898.wav"
"387670.wav","/m/07pb8fc","[""/m/07pb8fc"", ""/m/02mk9""]","engine","[""engine""]","audios/train\387670.wav"
"387671.wav","/m/07pb8fc","[""/m/07pb8fc"", ""/t/dd00130"", ""/m/02mk9""]","engine","[""engine"", ""Engine_starting""]","audios/train\387671.wav"
"387674.wav","/m/07pb8fc","[""/m/07pb8fc"", ""/t/dd00130"", ""/m/02mk9""]","engine","[""engine"", ""Engine_starting""]","audios/train\387674.wav"
"387675.wav","/m/07pb8fc","[""/m/07pb8fc"", ""/m/02mk9""]","engine","[""engine""]","audios/train\387675.wav"
"387676.wav","/m/07pb8fc","[""/m/07pb8fc"", ""/m/02mk9""]","engine","[""engine""]","audios/train\387676.wav"
"387677.wav","/m/07pb8fc","[""/m/07pb8fc"", ""/m/02mk9""]","engine","[""engine""]","audios/train\387677.wav"
"387679.wav","/m/07pb8fc","[""/m/07pb8fc"", ""/m/02mk9""]","engine","[""engine""]","audios/train\387679.wav"
"69608.wav","/m/07pb8fc","[""/m/07pb8fc"", ""/m/0k5j"", ""/m/02mk9"", ""/m/07yv9""]","engine","[""engine"", ""Vehicle"", ""Aircraft""]","audios/train\69608.wav"
"379915.wav","/m/07pb8fc","[""/m/07pb8fc"", ""/t/dd00130"", ""/m/04_sv"", ""/m/07q2z82"", ""/m/02mk9"", ""/m/012f08"", ""/m/07yv9""]","engine","[""Engine_starting"", ""Motorcycle"", ""Accelerating_and_revving_and_vroom"", ""Motor_vehicle_(road)"", ""engine"", ""Vehicle""]","audios/train\379915.wav"
"164306.wav","/m/07pb8fc","[""/m/07pb8fc"", ""/m/02mk9""]","engine","[""engine""]","audios/train\164306.wav"
"43159.wav","/m/07pb8fc","[""/m/07pb8fc"", ""/m/0ltv"", ""/m/07q2z82"", ""/m/02mk9"", ""/m/0k4j"", ""/m/012f08"", ""/m/07yv9""]","engine","[""Car"", ""Accelerating_and_revving_and_vroom"", ""Motor_vehicle_(road)"", ""Race_car_and_auto_racing"", ""engine"", ""Vehicle""]","audios/train\43159.wav"
"264913.wav","/m/07pb8fc","[""/m/07pb8fc"", ""/m/0ltv"", ""/m/07q2z82"", ""/m/02mk9"", ""/m/0k4j"", ""/m/012f08"", ""/m/07yv9""]","engine","[""Car"", ""Accelerating_and_revving_and_vroom"", ""Motor_vehicle_(road)"", ""Race_car_and_auto_racing"", ""engine"", ""Vehicle""]","audios/train\264913.wav"
"5307.wav","/m/07pb8fc","[""/m/07pb8fc"", ""/m/07q2z82"", ""/m/02mk9""]","engine","[""engine"", ""Accelerating_and_revving_and_vroom""]","audios/train\5307.wav"
"370277.wav","/m/07pb8fc","[""/m/07pb8fc"", ""/m/0ltv"", ""/m/07q2z82"", ""/m/02mk9"", ""/m/0k4j"", ""/m/012f08"", ""/m/07yv9""]","engine","[""Car"", ""Accelerating_and_revving_and_vroom"", ""Motor_vehicle_(road)"", ""Race_car_and_auto_racing"", ""engine"", ""Vehicle""]","audios/train\370277.wav"
"12812.wav","/m/07pb8fc","[""/m/07pb8fc"", ""/m/02mk9""]","engine","[""engine""]","audios/train\12812.wav"
"12815.wav","/m/07pb8fc","[""/m/07pb8fc"", ""/t/dd00130"", ""/m/0k5j"", ""/m/02mk9"", ""/m/07yv9""]","engine","[""engine"", ""Engine_starting"", ""Vehicle"", ""Aircraft""]","audios/train\12815.wav"
"386789.wav","/m/07pb8fc","[""/m/07pb8fc"", ""/m/02mk9""]","engine","[""engine""]","audios/train\386789.wav"
"216563.wav","/m/07pb8fc","[""/m/07pb8fc"", ""/m/02mk9""]","engine","[""engine""]","audios/train\216563.wav"
"195655.wav","/m/07pb8fc","[""/m/07pb8fc"", ""/m/04_sv"", ""/m/02mk9"", ""/m/012f08"", ""/m/07yv9""]","engine","[""engine"", ""Vehicle"", ""Motor_vehicle_(road)"", ""Motorcycle""]","audios/train\195655.wav"
"165281.wav","/m/07pb8fc","[""/m/07pb8fc"", ""/m/01bjv"", ""/m/02mk9"", ""/m/012f08"", ""/m/07yv9""]","engine","[""engine"", ""Vehicle"", ""Bus"", ""Motor_vehicle_(road)""]","audios/train\165281.wav"
"51834.wav","/m/07pb8fc","[""/m/07pb8fc"", ""/m/01bjv"", ""/m/02mk9"", ""/m/012f08"", ""/m/07yv9""]","engine","[""engine"", ""Vehicle"", ""Bus"", ""Motor_vehicle_(road)""]","audios/train\51834.wav"
"83680.wav","/m/07pb8fc","[""/m/07pb8fc"", ""/m/01bjv"", ""/m/02mk9"", ""/m/012f08"", ""/m/07yv9""]","engine","[""engine"", ""Vehicle"", ""Bus"", ""Motor_vehicle_(road)""]","audios/train\83680.wav"
"361113.wav","/m/07pb8fc","[""/m/07pb8fc"", ""/m/01bjv"", ""/m/02mk9"", ""/m/012f08"", ""/m/07yv9""]","engine","[""engine"", ""Vehicle"", ""Bus"", ""Motor_vehicle_(road)""]","audios/train\361113.wav"
"398675.wav","/m/07pb8fc","[""/m/07pb8fc"", ""/m/02mk9""]","engine","[""engine""]","audios/train\398675.wav"
"162442.wav","/m/07pb8fc","[""/m/07pb8fc"", ""/m/01280g"", ""/m/02mk9"", ""/m/0jbk""]","engine","[""engine"", ""Wild_animals"", ""Animal""]","audios/train\162442.wav"
"23218.wav","/m/07pb8fc","[""/m/07pb8fc"", ""/t/dd00130"", ""/m/04_sv"", ""/m/02mk9"", ""/m/012f08"", ""/m/07yv9""]","engine","[""Engine_starting"", ""Motorcycle"", ""Motor_vehicle_(road)"", ""engine"", ""Vehicle""]","audios/train\23218.wav"
"400871.wav","/m/07pb8fc","[""/m/07pb8fc"", ""/m/0ltv"", ""/t/dd00130"", ""/m/07q2z82"", ""/m/02mk9"", ""/m/0k4j"", ""/m/012f08"", ""/m/07yv9""]","engine","[""Engine_starting"", ""Car"", ""Accelerating_and_revving_and_vroom"", ""Motor_vehicle_(road)"", ""Race_car_and_auto_racing"", ""engine"", ""Vehicle""]","audios/train\400871.wav"
"62222.wav","/m/07pb8fc","[""/m/07pb8fc"", ""/t/dd00130"", ""/m/04_sv"", ""/m/02mk9"", ""/m/012f08"", ""/m/07yv9""]","engine","[""Engine_starting"", ""Motorcycle"", ""Motor_vehicle_(road)"", ""engine"", ""Vehicle""]","audios/train\62222.wav"
"44289.wav","/m/02mk9","[""/m/0ltv"", ""/m/07q2z82"", ""/m/0k4j"", ""/m/012f08"", ""/m/07yv9"", ""/m/02mk9""]","engine","[""Car"", ""Accelerating_and_revving_and_vroom"", ""Motor_vehicle_(road)"", ""Race_car_and_auto_racing"", ""engine"", ""Vehicle""]","audios/train\44289.wav"
"317458.wav","/m/02mk9","[""/m/0ltv"", ""/m/07q2z82"", ""/m/0k4j"", ""/m/012f08"", ""/m/07yv9"", ""/m/02mk9""]","engine","[""Car"", ""Accelerating_and_revving_and_vroom"", ""Motor_vehicle_(road)"", ""Race_car_and_auto_racing"", ""engine"", ""Vehicle""]","audios/train\317458.wav"
"44186.wav","/m/02mk9","[""/m/0ltv"", ""/m/07q2z82"", ""/m/0k4j"", ""/m/012f08"", ""/m/07yv9"", ""/m/02mk9""]","engine","[""Car"", ""Accelerating_and_revving_and_vroom"", ""Motor_vehicle_(road)"", ""Race_car_and_auto_racing"", ""engine"", ""Vehicle""]","audios/train\44186.wav"
"44187.wav","/m/02mk9","[""/m/0ltv"", ""/m/07q2z82"", ""/m/0k4j"", ""/m/012f08"", ""/m/07yv9"", ""/m/02mk9""]","engine","[""Car"", ""Accelerating_and_revving_and_vroom"", ""Motor_vehicle_(road)"", ""Race_car_and_auto_racing"", ""engine"", ""Vehicle""]","audios/train\44187.wav"
"101338.wav","/m/02mk9","[""/m/0ltv"", ""/m/07q2z82"", ""/m/0k4j"", ""/m/012f08"", ""/m/07yv9"", ""/m/02mk9""]","engine","[""Car"", ""Accelerating_and_revving_and_vroom"", ""Motor_vehicle_(road)"", ""Race_car_and_auto_racing"", ""engine"", ""Vehicle""]","audios/train\101338.wav"
"60073.wav","/m/02mk9","[""/m/0ltv"", ""/m/07q2z82"", ""/m/0k4j"", ""/m/012f08"", ""/m/07yv9"", ""/m/02mk9""]","engine","[""Car"", ""Accelerating_and_revving_and_vroom"", ""Motor_vehicle_(road)"", ""Race_car_and_auto_racing"", ""engine"", ""Vehicle""]","audios/train\60073.wav"
"59448.wav","/m/02mk9","[""/m/0ltv"", ""/m/07q2z82"", ""/m/0k4j"", ""/m/012f08"", ""/m/07yv9"", ""/m/02mk9""]","engine","[""Car"", ""Accelerating_and_revving_and_vroom"", ""Motor_vehicle_(road)"", ""Race_car_and_auto_racing"", ""engine"", ""Vehicle""]","audios/train\59448.wav"
"48990.wav","/m/02mk9","[""/m/0ltv"", ""/m/07q2z82"", ""/m/0k4j"", ""/m/012f08"", ""/m/07yv9"", ""/m/02mk9""]","engine","[""Car"", ""Accelerating_and_revving_and_vroom"", ""Motor_vehicle_(road)"", ""Race_car_and_auto_racing"", ""engine"", ""Vehicle""]","audios/train\48990.wav"
"44765.wav","/m/02mk9","[""/m/0ltv"", ""/m/07q2z82"", ""/m/0k4j"", ""/m/012f08"", ""/m/07yv9"", ""/m/02mk9""]","engine","[""Car"", ""Accelerating_and_revving_and_vroom"", ""Motor_vehicle_(road)"", ""Race_car_and_auto_racing"", ""engine"", ""Vehicle""]","audios/train\44765.wav"
"95946.wav","/m/02mk9","[""/m/0ltv"", ""/m/07q2z82"", ""/m/0k4j"", ""/m/012f08"", ""/m/07yv9"", ""/m/02mk9""]","engine","[""Car"", ""Accelerating_and_revving_and_vroom"", ""Motor_vehicle_(road)"", ""Race_car_and_auto_racing"", ""engine"", ""Vehicle""]","audios/train\95946.wav"
"48989.wav","/m/02mk9","[""/m/0ltv"", ""/m/07q2z82"", ""/m/0k4j"", ""/m/012f08"", ""/m/07yv9"", ""/m/02mk9""]","engine","[""Car"", ""Accelerating_and_revving_and_vroom"", ""Motor_vehicle_(road)"", ""Race_car_and_auto_racing"", ""engine"", ""Vehicle""]","audios/train\48989.wav"
"95953.wav","/m/02mk9","[""/m/0ltv"", ""/m/07q2z82"", ""/m/0k4j"", ""/m/012f08"", ""/m/07yv9"", ""/m/02mk9""]","engine","[""Car"", ""Accelerating_and_revving_and_vroom"", ""Motor_vehicle_(road)"", ""Race_car_and_auto_racing"", ""engine"", ""Vehicle""]","audios/train\95953.wav"
"95954.wav","/m/02mk9","[""/m/0ltv"", ""/m/07q2z82"", ""/m/0k4j"", ""/m/012f08"", ""/m/07yv9"", ""/m/02mk9""]","engine","[""Car"", ""Accelerating_and_revving_and_vroom"", ""Motor_vehicle_(road)"", ""Race_car_and_auto_racing"", ""engine"", ""Vehicle""]","audios/train\95954.wav"
"95955.wav","/m/02mk9","[""/m/0ltv"", ""/m/07q2z82"", ""/m/0k4j"", ""/m/012f08"", ""/m/07yv9"", ""/m/02mk9""]","engine","[""Car"", ""Accelerating_and_revving_and_vroom"", ""Motor_vehicle_(road)"", ""Race_car_and_auto_racing"", ""engine"", ""Vehicle""]","audios/train\95955.wav"
"95957.wav","/m/02mk9","[""/m/0ltv"", ""/m/07q2z82"", ""/m/0k4j"", ""/m/012f08"", ""/m/07yv9"", ""/m/02mk9""]","engine","[""Car"", ""Accelerating_and_revving_and_vroom"", ""Motor_vehicle_(road)"", ""Race_car_and_auto_racing"", ""engine"", ""Vehicle""]","audios/train\95957.wav"
"95959.wav","/m/02mk9","[""/m/0ltv"", ""/m/07q2z82"", ""/m/0k4j"", ""/m/012f08"", ""/m/07yv9"", ""/m/02mk9""]","engine","[""Car"", ""Accelerating_and_revving_and_vroom"", ""Motor_vehicle_(road)"", ""Race_car_and_auto_racing"", ""engine"", ""Vehicle""]","audios/train\95959.wav"
"95960.wav","/m/02mk9","[""/m/0ltv"", ""/m/07q2z82"", ""/m/0k4j"", ""/m/012f08"", ""/m/07yv9"", ""/m/02mk9""]","engine","[""Car"", ""Accelerating_and_revving_and_vroom"", ""Motor_vehicle_(road)"", ""Race_car_and_auto_racing"", ""engine"", ""Vehicle""]","audios/train\95960.wav"
"44764.wav","/m/02mk9","[""/m/0ltv"", ""/m/07q2z82"", ""/m/0k4j"", ""/m/012f08"", ""/m/07yv9"", ""/m/02mk9""]","engine","[""Car"", ""Accelerating_and_revving_and_vroom"", ""Motor_vehicle_(road)"", ""Race_car_and_auto_racing"", ""engine"", ""Vehicle""]","audios/train\44764.wav"
"44763.wav","/m/02mk9","[""/m/0ltv"", ""/m/07q2z82"", ""/m/0k4j"", ""/m/012f08"", ""/m/07yv9"", ""/m/02mk9""]","engine","[""Car"", ""Accelerating_and_revving_and_vroom"", ""Motor_vehicle_(road)"", ""Race_car_and_auto_racing"", ""engine"", ""Vehicle""]","audios/train\44763.wav"
"44767.wav","/m/02mk9","[""/m/0ltv"", ""/m/07q2z82"", ""/m/0k4j"", ""/m/012f08"", ""/m/07yv9"", ""/m/02mk9""]","engine","[""Car"", ""Accelerating_and_revving_and_vroom"", ""Motor_vehicle_(road)"", ""Race_car_and_auto_racing"", ""engine"", ""Vehicle""]","audios/train\44767.wav"
"95958.wav","/m/02mk9","[""/m/0ltv"", ""/m/07q2z82"", ""/m/0k4j"", ""/m/012f08"", ""/m/07yv9"", ""/m/02mk9""]","engine","[""Car"", ""Accelerating_and_revving_and_vroom"", ""Motor_vehicle_(road)"", ""Race_car_and_auto_racing"", ""engine"", ""Vehicle""]","audios/train\95958.wav"
"44768.wav","/m/02mk9","[""/m/0ltv"", ""/m/07q2z82"", ""/m/0k4j"", ""/m/012f08"", ""/m/07yv9"", ""/m/02mk9""]","engine","[""Car"", ""Accelerating_and_revving_and_vroom"", ""Motor_vehicle_(road)"", ""Race_car_and_auto_racing"", ""engine"", ""Vehicle""]","audios/train\44768.wav"
"44769.wav","/m/02mk9","[""/m/0ltv"", ""/m/07q2z82"", ""/m/0k4j"", ""/m/012f08"", ""/m/07yv9"", ""/m/02mk9""]","engine","[""Car"", ""Accelerating_and_revving_and_vroom"", ""Motor_vehicle_(road)"", ""Race_car_and_auto_racing"", ""engine"", ""Vehicle""]","audios/train\44769.wav"
"44771.wav","/m/02mk9","[""/m/0ltv"", ""/m/07q2z82"", ""/m/0k4j"", ""/m/012f08"", ""/m/07yv9"", ""/m/02mk9""]","engine","[""Car"", ""Accelerating_and_revving_and_vroom"", ""Motor_vehicle_(road)"", ""Race_car_and_auto_racing"", ""engine"", ""Vehicle""]","audios/train\44771.wav"
"44770.wav","/m/02mk9","[""/m/0ltv"", ""/m/07q2z82"", ""/m/0k4j"", ""/m/012f08"", ""/m/07yv9"", ""/m/02mk9""]","engine","[""Car"", ""Accelerating_and_revving_and_vroom"", ""Motor_vehicle_(road)"", ""Race_car_and_auto_racing"", ""engine"", ""Vehicle""]","audios/train\44770.wav"
"53803.wav","/m/02mk9","[""/m/0ltv"", ""/m/07q2z82"", ""/m/0k4j"", ""/m/012f08"", ""/m/07yv9"", ""/m/02mk9""]","engine","[""Car"", ""Accelerating_and_revving_and_vroom"", ""Motor_vehicle_(road)"", ""Race_car_and_auto_racing"", ""engine"", ""Vehicle""]","audios/train\53803.wav"
"339136.wav","/m/02mk9","[""/m/0ltv"", ""/m/07q2z82"", ""/m/0k4j"", ""/m/012f08"", ""/m/07yv9"", ""/m/02mk9""]","engine","[""Car"", ""Accelerating_and_revving_and_vroom"", ""Motor_vehicle_(road)"", ""Race_car_and_auto_racing"", ""engine"", ""Vehicle""]","audios/train\339136.wav"
"339137.wav","/m/02mk9","[""/m/0ltv"", ""/m/07q2z82"", ""/m/0k4j"", ""/m/012f08"", ""/m/07yv9"", ""/m/02mk9""]","engine","[""Car"", ""Accelerating_and_revving_and_vroom"", ""Motor_vehicle_(road)"", ""Race_car_and_auto_racing"", ""engine"", ""Vehicle""]","audios/train\339137.wav"
"339700.wav","/m/02mk9","[""/m/0ltv"", ""/m/07q2z82"", ""/m/0k4j"", ""/m/012f08"", ""/m/07yv9"", ""/m/02mk9""]","engine","[""Car"", ""Accelerating_and_revving_and_vroom"", ""Motor_vehicle_(road)"", ""Race_car_and_auto_racing"", ""engine"", ""Vehicle""]","audios/train\339700.wav"
"339703.wav","/m/02mk9","[""/m/0ltv"", ""/m/07q2z82"", ""/m/0k4j"", ""/m/012f08"", ""/m/07yv9"", ""/m/02mk9""]","engine","[""Car"", ""Accelerating_and_revving_and_vroom"", ""Motor_vehicle_(road)"", ""Race_car_and_auto_racing"", ""engine"", ""Vehicle""]","audios/train\339703.wav"
"274436.wav","/m/07pp_mv","[""/m/07cx4"", ""/m/07pp_mv""]","alarm","[""telephone"", ""alarm""]","audios/train\274436.wav"
"69652.wav","/m/07pp_mv","[""/m/07cx4"", ""/m/07pp_mv""]","alarm","[""telephone"", ""alarm""]","audios/train\69652.wav"
"360473.wav","/m/07pp_mv","[""/m/07cx4"", ""/m/07pp_mv""]","alarm","[""telephone"", ""alarm""]","audios/train\360473.wav"
"36896.wav","/m/07pp_mv","[""/m/07cx4"", ""/m/07pp_mv""]","alarm","[""telephone"", ""alarm""]","audios/train\36896.wav"
"360480.wav","/m/07pp_mv","[""/m/07cx4"", ""/m/07pp_mv""]","alarm","[""telephone"", ""alarm""]","audios/train\360480.wav"
"391215.wav","/m/07pp_mv","[""/m/07cx4"", ""/m/07pp_mv""]","alarm","[""telephone"", ""alarm""]","audios/train\391215.wav"
"88112.wav","/m/07pp_mv","[""/m/07cx4"", ""/m/07pp_mv""]","alarm","[""telephone"", ""alarm""]","audios/train\88112.wav"
"55356.wav","/m/07pp_mv","[""/m/07cx4"", ""/m/07pp_mv""]","alarm","[""telephone"", ""alarm""]","audios/train\55356.wav"
"55357.wav","/m/07pp_mv","[""/m/07cx4"", ""/m/07pp_mv""]","alarm","[""telephone"", ""alarm""]","audios/train\55357.wav"
"90189.wav","/m/07pp_mv","[""/m/07cx4"", ""/m/07pp_mv""]","alarm","[""telephone"", ""alarm""]","audios/train\90189.wav"
"90190.wav","/m/07pp_mv","[""/m/07cx4"", ""/m/07pp_mv""]","alarm","[""telephone"", ""alarm""]","audios/train\90190.wav"
"90191.wav","/m/07pp_mv","[""/m/07cx4"", ""/m/07pp_mv""]","alarm","[""telephone"", ""alarm""]","audios/train\90191.wav"
"90192.wav","/m/07pp_mv","[""/m/07cx4"", ""/m/07pp_mv""]","alarm","[""telephone"", ""alarm""]","audios/train\90192.wav"
"90193.wav","/m/07pp_mv","[""/m/07cx4"", ""/m/07pp_mv""]","alarm","[""telephone"", ""alarm""]","audios/train\90193.wav"
"360528.wav","/m/07pp_mv","[""/m/07cx4"", ""/m/07pp_mv""]","alarm","[""telephone"", ""alarm""]","audios/train\360528.wav"
"22622.wav","/m/07pp_mv","[""/m/07cx4"", ""/m/07pp_mv""]","alarm","[""telephone"", ""alarm""]","audios/train\22622.wav"
"45155.wav","/m/07pp_mv","[""/m/07cx4"", ""/m/07pp_mv""]","alarm","[""telephone"", ""alarm""]","audios/train\45155.wav"
"122989.wav","/m/07pp_mv","[""/m/07cx4"", ""/m/07pp_mv""]","alarm","[""telephone"", ""alarm""]","audios/train\122989.wav"
"122990.wav","/m/07pp_mv","[""/m/07cx4"", ""/m/07pp_mv""]","alarm","[""telephone"", ""alarm""]","audios/train\122990.wav"
"344178.wav","/m/07pp_mv","[""/m/07cx4"", ""/m/07pp_mv""]","alarm","[""telephone"", ""alarm""]","audios/train\344178.wav"
"256127.wav","/m/07pp_mv","[""/m/07cx4"", ""/m/07pp_mv""]","alarm","[""telephone"", ""alarm""]","audios/train\256127.wav"
"258176.wav","/m/07pp_mv","[""/m/07cx4"", ""/m/07pp_mv""]","alarm","[""telephone"", ""alarm""]","audios/train\258176.wav"
"258177.wav","/m/07pp_mv","[""/m/07cx4"", ""/m/07pp_mv""]","alarm","[""telephone"", ""alarm""]","audios/train\258177.wav"
"258178.wav","/m/07pp_mv","[""/m/07cx4"", ""/m/07pp_mv""]","alarm","[""telephone"", ""alarm""]","audios/train\258178.wav"
"258175.wav","/m/07pp_mv","[""/m/07cx4"", ""/m/07pp_mv""]","alarm","[""telephone"", ""alarm""]","audios/train\258175.wav"
"256159.wav","/m/07pp_mv","[""/m/07cx4"", ""/m/07pp_mv""]","alarm","[""telephone"", ""alarm""]","audios/train\256159.wav"
"256160.wav","/m/07pp_mv","[""/m/07cx4"", ""/m/07pp_mv""]","alarm","[""telephone"", ""alarm""]","audios/train\256160.wav"
"24735.wav","/m/07pp_mv","[""/m/07cx4"", ""/m/07pp_mv""]","alarm","[""telephone"", ""alarm""]","audios/train\24735.wav"
"24736.wav","/m/07pp_mv","[""/m/07cx4"", ""/m/07pp_mv""]","alarm","[""telephone"", ""alarm""]","audios/train\24736.wav"
"428206.wav","/m/07pp_mv","[""/m/07cx4"", ""/m/07pp_mv""]","alarm","[""telephone"", ""alarm""]","audios/train\428206.wav"
"178355.wav","/m/07pp_mv","[""/m/07cx4"", ""/m/07pp_mv""]","alarm","[""telephone"", ""alarm""]","audios/train\178355.wav"
"168117.wav","/m/07pp_mv","[""/m/07cx4"", ""/m/07pp_mv""]","alarm","[""telephone"", ""alarm""]","audios/train\168117.wav"
"432313.wav","/m/07pp_mv","[""/m/07cx4"", ""/m/07pp_mv""]","alarm","[""telephone"", ""alarm""]","audios/train\432313.wav"
"250047.wav","/m/07pp_mv","[""/m/07cx4"", ""/m/07pp_mv""]","alarm","[""telephone"", ""alarm""]","audios/train\250047.wav"
"250048.wav","/m/07pp_mv","[""/m/07cx4"", ""/m/07pp_mv""]","alarm","[""telephone"", ""alarm""]","audios/train\250048.wav"
"250049.wav","/m/07pp_mv","[""/m/07cx4"", ""/m/07pp_mv""]","alarm","[""telephone"", ""alarm""]","audios/train\250049.wav"
"250050.wav","/m/07pp_mv","[""/m/07cx4"", ""/m/07pp_mv""]","alarm","[""telephone"", ""alarm""]","audios/train\250050.wav"
"250051.wav","/m/07pp_mv","[""/m/07cx4"", ""/m/07pp_mv""]","alarm","[""telephone"", ""alarm""]","audios/train\250051.wav"
"250052.wav","/m/07pp_mv","[""/m/07cx4"", ""/m/07pp_mv""]","alarm","[""telephone"", ""alarm""]","audios/train\250052.wav"
"256210.wav","/m/07pp_mv","[""/m/07cx4"", ""/m/07pp_mv""]","alarm","[""telephone"", ""alarm""]","audios/train\256210.wav"
"256211.wav","/m/07pp_mv","[""/m/07cx4"", ""/m/07pp_mv""]","alarm","[""telephone"", ""alarm""]","audios/train\256211.wav"
"26834.wav","/m/07pp_mv","[""/m/07cx4"", ""/m/07pp_mv""]","alarm","[""telephone"", ""alarm""]","audios/train\26834.wav"
"102623.wav","/m/07pp_mv","[""/m/07cx4"", ""/m/07pp_mv""]","alarm","[""telephone"", ""alarm""]","audios/train\102623.wav"
"162022.wav","/m/07pp_mv","[""/m/07cx4"", ""/m/07pp_mv""]","alarm","[""telephone"", ""alarm""]","audios/train\162022.wav"
"254186.wav","/m/07pp_mv","[""/m/07cx4"", ""/m/07pp_mv""]","alarm","[""telephone"", ""alarm""]","audios/train\254186.wav"
"106744.wav","/m/07pp_mv","[""/m/07cx4"", ""/m/07pp_mv""]","alarm","[""telephone"", ""alarm""]","audios/train\106744.wav"
"178435.wav","/m/07pp_mv","[""/m/07cx4"", ""/m/07pp_mv""]","alarm","[""telephone"", ""alarm""]","audios/train\178435.wav"
"178437.wav","/m/07pp_mv","[""/m/07cx4"", ""/m/07pp_mv""]","alarm","[""telephone"", ""alarm""]","audios/train\178437.wav"
"178439.wav","/m/07pp_mv","[""/m/07cx4"", ""/m/07pp_mv""]","alarm","[""telephone"", ""alarm""]","audios/train\178439.wav"
"178440.wav","/m/07pp_mv","[""/m/07cx4"", ""/m/07pp_mv""]","alarm","[""telephone"", ""alarm""]","audios/train\178440.wav"
"178441.wav","/m/07pp_mv","[""/m/07cx4"", ""/m/07pp_mv""]","alarm","[""telephone"", ""alarm""]","audios/train\178441.wav"
"366862.wav","/m/07pp_mv","[""/m/07cx4"", ""/m/07pp_mv""]","alarm","[""telephone"", ""alarm""]","audios/train\366862.wav"
"223505.wav","/m/07pp_mv","[""/m/07cx4"", ""/m/07pp_mv""]","alarm","[""telephone"", ""alarm""]","audios/train\223505.wav"
"223506.wav","/m/07pp_mv","[""/m/07cx4"", ""/m/07pp_mv""]","alarm","[""telephone"", ""alarm""]","audios/train\223506.wav"
"188693.wav","/m/07pp_mv","[""/m/07cx4"", ""/m/07pp_mv""]","alarm","[""telephone"", ""alarm""]","audios/train\188693.wav"
"188694.wav","/m/07pp_mv","[""/m/07cx4"", ""/m/07pp_mv""]","alarm","[""telephone"", ""alarm""]","audios/train\188694.wav"
"188695.wav","/m/07pp_mv","[""/m/07cx4"", ""/m/07pp_mv""]","alarm","[""telephone"", ""alarm""]","audios/train\188695.wav"
"332073.wav","/m/07pp_mv","[""/m/07cx4"", ""/m/07pp_mv""]","alarm","[""telephone"", ""alarm""]","audios/train\332073.wav"
"414008.wav","/m/07pp_mv","[""/m/07cx4"", ""/m/07pp_mv""]","alarm","[""telephone"", ""alarm""]","audios/train\414008.wav"
"223562.wav","/m/07pp_mv","[""/m/07cx4"", ""/m/07pp_mv""]","alarm","[""telephone"", ""alarm""]","audios/train\223562.wav"
"241998.wav","/m/07pp_mv","[""/m/07cx4"", ""/m/07pp_mv""]","alarm","[""telephone"", ""alarm""]","audios/train\241998.wav"
"242000.wav","/m/07pp_mv","[""/m/07cx4"", ""/m/07pp_mv""]","alarm","[""telephone"", ""alarm""]","audios/train\242000.wav"
"26974.wav","/m/07pp_mv","[""/m/07cx4"", ""/m/07pp_mv""]","alarm","[""telephone"", ""alarm""]","audios/train\26974.wav"
"188770.wav","/m/07pp_mv","[""/m/07cx4"", ""/m/07pp_mv""]","alarm","[""telephone"", ""alarm""]","audios/train\188770.wav"
"344424.wav","/m/07pp_mv","[""/m/07cx4"", ""/m/07pp_mv""]","alarm","[""telephone"", ""alarm""]","audios/train\344424.wav"
"178537.wav","/m/07pp_mv","[""/m/07cx4"", ""/m/07pp_mv""]","alarm","[""telephone"", ""alarm""]","audios/train\178537.wav"
"96637.wav","/m/07pp_mv","[""/m/07cx4"", ""/m/07pp_mv""]","alarm","[""telephone"", ""alarm""]","audios/train\96637.wav"
"317851.wav","/m/07pp_mv","[""/m/07cx4"", ""/m/07pp_mv""]","alarm","[""telephone"", ""alarm""]","audios/train\317851.wav"
"188828.wav","/m/07pp_mv","[""/m/07cx4"", ""/m/07pp_mv""]","alarm","[""telephone"", ""alarm""]","audios/train\188828.wav"
"59805.wav","/m/07pp_mv","[""/m/07cx4"", ""/m/07pp_mv""]","alarm","[""telephone"", ""alarm""]","audios/train\59805.wav"
"59806.wav","/m/07pp_mv","[""/m/07cx4"", ""/m/07pp_mv""]","alarm","[""telephone"", ""alarm""]","audios/train\59806.wav"
"59807.wav","/m/07pp_mv","[""/m/07cx4"", ""/m/07pp_mv""]","alarm","[""telephone"", ""alarm""]","audios/train\59807.wav"
"135584.wav","/m/07pp_mv","[""/m/07cx4"", ""/m/07pp_mv""]","alarm","[""telephone"", ""alarm""]","audios/train\135584.wav"
"364974.wav","/m/07pp_mv","[""/m/07cx4"", ""/m/07pp_mv""]","alarm","[""telephone"", ""alarm""]","audios/train\364974.wav"
"217527.wav","/m/07pp_mv","[""/m/07cx4"", ""/m/07pp_mv""]","alarm","[""telephone"", ""alarm""]","audios/train\217527.wav"
"426425.wav","/m/07pp_mv","[""/m/07cx4"", ""/m/07pp_mv""]","alarm","[""telephone"", ""alarm""]","audios/train\426425.wav"
"98746.wav","/m/07pp_mv","[""/m/07cx4"", ""/m/07pp_mv""]","alarm","[""telephone"", ""alarm""]","audios/train\98746.wav"
"80341.wav","/m/07pp_mv","[""/m/07cx4"", ""/m/07pp_mv""]","alarm","[""telephone"", ""alarm""]","audios/train\80341.wav"
"152025.wav","/m/07pp_mv","[""/m/07cx4"", ""/m/07pp_mv""]","alarm","[""telephone"", ""alarm""]","audios/train\152025.wav"
"80345.wav","/m/07pp_mv","[""/m/07cx4"", ""/m/07pp_mv""]","alarm","[""telephone"", ""alarm""]","audios/train\80345.wav"
"80355.wav","/m/07pp_mv","[""/m/07cx4"", ""/m/07pp_mv""]","alarm","[""telephone"", ""alarm""]","audios/train\80355.wav"
"389604.wav","/m/07pp_mv","[""/m/07cx4"", ""/m/07pp_mv""]","alarm","[""telephone"", ""alarm""]","audios/train\389604.wav"
"125420.wav","/m/07pp_mv","[""/m/07cx4"", ""/m/07pp_mv""]","alarm","[""telephone"", ""alarm""]","audios/train\125420.wav"
"367087.wav","/m/07pp_mv","[""/m/07cx4"", ""/m/07pp_mv""]","alarm","[""telephone"", ""alarm""]","audios/train\367087.wav"
"207352.wav","/m/07pp_mv","[""/m/07cx4"", ""/m/07pp_mv""]","alarm","[""telephone"", ""alarm""]","audios/train\207352.wav"
"211451.wav","/m/07pp_mv","[""/m/07cx4"", ""/m/07pp_mv""]","alarm","[""telephone"", ""alarm""]","audios/train\211451.wav"
"328188.wav","/m/07pp_mv","[""/m/07cx4"", ""/m/07pp_mv""]","alarm","[""telephone"", ""alarm""]","audios/train\328188.wav"
"188930.wav","/m/07pp_mv","[""/m/07cx4"", ""/m/07pp_mv""]","alarm","[""telephone"", ""alarm""]","audios/train\188930.wav"
"188931.wav","/m/07pp_mv","[""/m/07cx4"", ""/m/07pp_mv""]","alarm","[""telephone"", ""alarm""]","audios/train\188931.wav"
"268805.wav","/m/07pp_mv","[""/m/07cx4"", ""/m/07pp_mv""]","alarm","[""telephone"", ""alarm""]","audios/train\268805.wav"
"135691.wav","/m/07pp_mv","[""/m/07cx4"", ""/m/07pp_mv""]","alarm","[""telephone"", ""alarm""]","audios/train\135691.wav"
"315919.wav","/m/07pp_mv","[""/m/07cx4"", ""/m/07pp_mv""]","alarm","[""telephone"", ""alarm""]","audios/train\315919.wav"
"137774.wav","/m/07pp_mv","[""/m/07cx4"", ""/m/07pp_mv""]","alarm","[""telephone"", ""alarm""]","audios/train\137774.wav"
"432689.wav","/m/07pp_mv","[""/m/07cx4"", ""/m/07pp_mv""]","alarm","[""telephone"", ""alarm""]","audios/train\432689.wav"
"426548.wav","/m/07pp_mv","[""/m/07cx4"", ""/m/07pp_mv""]","alarm","[""telephone"", ""alarm""]","audios/train\426548.wav"
"426549.wav","/m/07pp_mv","[""/m/07cx4"", ""/m/07pp_mv""]","alarm","[""telephone"", ""alarm""]","audios/train\426549.wav"
"164404.wav","/m/07pp_mv","[""/m/07cx4"", ""/m/07pp_mv""]","alarm","[""telephone"", ""alarm""]","audios/train\164404.wav"
"31299.wav","/m/07pp_mv","[""/m/07cx4"", ""/m/07pp_mv""]","alarm","[""telephone"", ""alarm""]","audios/train\31299.wav"
"182857.wav","/m/07pp_mv","[""/m/07cx4"", ""/m/07pp_mv""]","alarm","[""telephone"", ""alarm""]","audios/train\182857.wav"
"170573.wav","/m/07pp_mv","[""/m/07cx4"", ""/m/07pp_mv""]","alarm","[""telephone"", ""alarm""]","audios/train\170573.wav"
"346711.wav","/m/07pp_mv","[""/m/07cx4"", ""/m/07pp_mv""]","alarm","[""telephone"", ""alarm""]","audios/train\346711.wav"
"316001.wav","/m/07pp_mv","[""/m/07cx4"", ""/m/07pp_mv""]","alarm","[""telephone"", ""alarm""]","audios/train\316001.wav"
"326252.wav","/m/07pp_mv","[""/m/07cx4"", ""/m/07pp_mv""]","alarm","[""telephone"", ""alarm""]","audios/train\326252.wav"
"275053.wav","/m/07pp_mv","[""/m/07cx4"", ""/m/07pp_mv""]","alarm","[""telephone"", ""alarm""]","audios/train\275053.wav"
"268916.wav","/m/07pp_mv","[""/m/07cx4"", ""/m/07pp_mv""]","alarm","[""telephone"", ""alarm""]","audios/train\268916.wav"
"268917.wav","/m/07pp_mv","[""/m/07cx4"", ""/m/07pp_mv""]","alarm","[""telephone"", ""alarm""]","audios/train\268917.wav"
"426615.wav","/m/07pp_mv","[""/m/07cx4"", ""/m/07pp_mv""]","alarm","[""telephone"", ""alarm""]","audios/train\426615.wav"
"41596.wav","/m/07pp_mv","[""/m/07cx4"", ""/m/07pp_mv""]","alarm","[""telephone"", ""alarm""]","audios/train\41596.wav"
"178817.wav","/m/07pp_mv","[""/m/07cx4"", ""/m/07pp_mv""]","alarm","[""telephone"", ""alarm""]","audios/train\178817.wav"
"178819.wav","/m/07pp_mv","[""/m/07cx4"", ""/m/07pp_mv""]","alarm","[""telephone"", ""alarm""]","audios/train\178819.wav"
"178820.wav","/m/07pp_mv","[""/m/07cx4"", ""/m/07pp_mv""]","alarm","[""telephone"", ""alarm""]","audios/train\178820.wav"
"178821.wav","/m/07pp_mv","[""/m/07cx4"", ""/m/07pp_mv""]","alarm","[""telephone"", ""alarm""]","audios/train\178821.wav"
"98950.wav","/m/07pp_mv","[""/m/07cx4"", ""/m/07pp_mv""]","alarm","[""telephone"", ""alarm""]","audios/train\98950.wav"
"178823.wav","/m/07pp_mv","[""/m/07cx4"", ""/m/07pp_mv""]","alarm","[""telephone"", ""alarm""]","audios/train\178823.wav"
"266891.wav","/m/07pp_mv","[""/m/07cx4"", ""/m/07pp_mv""]","alarm","[""telephone"", ""alarm""]","audios/train\266891.wav"
"45720.wav","/m/07pp_mv","[""/m/07cx4"", ""/m/07pp_mv""]","alarm","[""telephone"", ""alarm""]","audios/train\45720.wav"
"45721.wav","/m/07pp_mv","[""/m/07cx4"", ""/m/07pp_mv""]","alarm","[""telephone"", ""alarm""]","audios/train\45721.wav"
"66210.wav","/m/07pp_mv","[""/m/07cx4"", ""/m/07pp_mv""]","alarm","[""telephone"", ""alarm""]","audios/train\66210.wav"
"371369.wav","/m/07pp_mv","[""/m/07cx4"", ""/m/07pp_mv""]","alarm","[""telephone"", ""alarm""]","audios/train\371369.wav"
"133813.wav","/m/07pp_mv","[""/m/07cx4"", ""/m/07pp_mv""]","alarm","[""telephone"", ""alarm""]","audios/train\133813.wav"
"352958.wav","/m/07pp_mv","[""/m/07cx4"", ""/m/0316dw"", ""/m/07pp_mv"", ""/t/dd00071""]","alarm","[""Typing"", ""telephone"", ""alarm"", ""Domestic_sounds_and_home_sounds""]","audios/train\352958.wav"
"361153.wav","/m/07pp_mv","[""/m/07cx4"", ""/m/07pp_mv""]","alarm","[""telephone"", ""alarm""]","audios/train\361153.wav"
"361154.wav","/m/07pp_mv","[""/m/07cx4"", ""/m/07pp_mv""]","alarm","[""telephone"", ""alarm""]","audios/train\361154.wav"
"62164.wav","/m/07pp_mv","[""/m/07cx4"", ""/m/07pp_mv""]","alarm","[""telephone"", ""alarm""]","audios/train\62164.wav"
"144084.wav","/m/07pp_mv","[""/m/07cx4"", ""/m/07pp_mv""]","alarm","[""telephone"", ""alarm""]","audios/train\144084.wav"
"94933.wav","/m/07pp_mv","[""/m/07cx4"", ""/m/07pp_mv""]","alarm","[""telephone"", ""alarm""]","audios/train\94933.wav"
"62167.wav","/m/07pp_mv","[""/m/07cx4"", ""/m/07pp_mv""]","alarm","[""telephone"", ""alarm""]","audios/train\62167.wav"
"176859.wav","/m/07pp_mv","[""/m/07cx4"", ""/m/07pp_mv""]","alarm","[""telephone"", ""alarm""]","audios/train\176859.wav"
"158427.wav","/m/07pp_mv","[""/m/07cx4"", ""/m/07pp_mv""]","alarm","[""telephone"", ""alarm""]","audios/train\158427.wav"
"78565.wav","/m/07pp_mv","[""/m/07cx4"", ""/m/07pp_mv""]","alarm","[""telephone"", ""alarm""]","audios/train\78565.wav"
"66288.wav","/m/07pp_mv","[""/m/07cx4"", ""/m/07pp_mv""]","alarm","[""telephone"", ""alarm""]","audios/train\66288.wav"
"82673.wav","/m/07pp_mv","[""/m/07cx4"", ""/m/07pp_mv""]","alarm","[""telephone"", ""alarm""]","audios/train\82673.wav"
"66289.wav","/m/07pp_mv","[""/m/07cx4"", ""/m/07pp_mv""]","alarm","[""telephone"", ""alarm""]","audios/train\66289.wav"
"66290.wav","/m/07pp_mv","[""/m/07cx4"", ""/m/07pp_mv""]","alarm","[""telephone"", ""alarm""]","audios/train\66290.wav"
"66291.wav","/m/07pp_mv","[""/m/07cx4"", ""/m/07pp_mv""]","alarm","[""telephone"", ""alarm""]","audios/train\66291.wav"
"66292.wav","/m/07pp_mv","[""/m/07cx4"", ""/m/07pp_mv""]","alarm","[""telephone"", ""alarm""]","audios/train\66292.wav"
"66293.wav","/m/07pp_mv","[""/m/07cx4"", ""/m/07pp_mv""]","alarm","[""telephone"", ""alarm""]","audios/train\66293.wav"
"66294.wav","/m/07pp_mv","[""/m/07cx4"", ""/m/07pp_mv""]","alarm","[""telephone"", ""alarm""]","audios/train\66294.wav"
"66295.wav","/m/07pp_mv","[""/m/07cx4"", ""/m/07pp_mv""]","alarm","[""telephone"", ""alarm""]","audios/train\66295.wav"
"422649.wav","/m/07pp_mv","[""/m/07cx4"", ""/m/07pp_mv""]","alarm","[""telephone"", ""alarm""]","audios/train\422649.wav"
"66296.wav","/m/07pp_mv","[""/m/07cx4"", ""/m/07pp_mv""]","alarm","[""telephone"", ""alarm""]","audios/train\66296.wav"
"422651.wav","/m/07pp_mv","[""/m/07cx4"", ""/m/07pp_mv""]","alarm","[""telephone"", ""alarm""]","audios/train\422651.wav"
"66297.wav","/m/07pp_mv","[""/m/07cx4"", ""/m/07pp_mv""]","alarm","[""telephone"", ""alarm""]","audios/train\66297.wav"
"66298.wav","/m/07pp_mv","[""/m/07cx4"", ""/m/07pp_mv""]","alarm","[""telephone"", ""alarm""]","audios/train\66298.wav"
"66300.wav","/m/07pp_mv","[""/m/07cx4"", ""/m/07pp_mv""]","alarm","[""telephone"", ""alarm""]","audios/train\66300.wav"
"262911.wav","/m/07pp_mv","[""/m/07cx4"", ""/m/07pp_mv""]","alarm","[""telephone"", ""alarm""]","audios/train\262911.wav"
"66303.wav","/m/07pp_mv","[""/m/07cx4"", ""/m/07pp_mv""]","alarm","[""telephone"", ""alarm""]","audios/train\66303.wav"
"66301.wav","/m/07pp_mv","[""/m/07cx4"", ""/m/07pp_mv""]","alarm","[""telephone"", ""alarm""]","audios/train\66301.wav"
"66302.wav","/m/07pp_mv","[""/m/07cx4"", ""/m/07pp_mv""]","alarm","[""telephone"", ""alarm""]","audios/train\66302.wav"
"66299.wav","/m/07pp_mv","[""/m/07cx4"", ""/m/07pp_mv""]","alarm","[""telephone"", ""alarm""]","audios/train\66299.wav"
"414471.wav","/m/07pp_mv","[""/m/07cx4"", ""/m/07pp_mv""]","alarm","[""telephone"", ""alarm""]","audios/train\414471.wav"
"414472.wav","/m/07pp_mv","[""/m/07cx4"", ""/m/07pp_mv""]","alarm","[""telephone"", ""alarm""]","audios/train\414472.wav"
"215818.wav","/m/07pp_mv","[""/m/07cx4"", ""/m/07pp_mv""]","alarm","[""telephone"", ""alarm""]","audios/train\215818.wav"
"215819.wav","/m/07pp_mv","[""/m/07cx4"", ""/m/07pp_mv""]","alarm","[""telephone"", ""alarm""]","audios/train\215819.wav"
"215820.wav","/m/07pp_mv","[""/m/07cx4"", ""/m/07pp_mv""]","alarm","[""telephone"", ""alarm""]","audios/train\215820.wav"
"215821.wav","/m/07pp_mv","[""/m/07cx4"", ""/m/07pp_mv""]","alarm","[""telephone"", ""alarm""]","audios/train\215821.wav"
"215822.wav","/m/07pp_mv","[""/m/07cx4"", ""/m/07pp_mv""]","alarm","[""telephone"", ""alarm""]","audios/train\215822.wav"
"68381.wav","/m/07pp_mv","[""/m/07cx4"", ""/m/07pp_mv""]","alarm","[""telephone"", ""alarm""]","audios/train\68381.wav"
"271152.wav","/m/07pp_mv","[""/m/07cx4"", ""/m/07pp_mv""]","alarm","[""telephone"", ""alarm""]","audios/train\271152.wav"
"138042.wav","/m/07pp_mv","[""/m/07cx4"", ""/m/07pp_mv""]","alarm","[""telephone"", ""alarm""]","audios/train\138042.wav"
"273213.wav","/m/07pp_mv","[""/m/07cx4"", ""/m/07pp_mv""]","alarm","[""telephone"", ""alarm""]","audios/train\273213.wav"
"179012.wav","/m/07pp_mv","[""/m/07cx4"", ""/m/07pp_mv""]","alarm","[""telephone"", ""alarm""]","audios/train\179012.wav"
"242502.wav","/m/07pp_mv","[""/m/07cx4"", ""/m/07pp_mv""]","alarm","[""telephone"", ""alarm""]","audios/train\242502.wav"
"164690.wav","/m/07pp_mv","[""/m/07cx4"", ""/m/07pp_mv""]","alarm","[""telephone"", ""alarm""]","audios/train\164690.wav"
"197472.wav","/m/07pp_mv","[""/m/07cx4"", ""/m/07pp_mv""]","alarm","[""telephone"", ""alarm""]","audios/train\197472.wav"
"144236.wav","/m/07pp_mv","[""/m/07cx4"", ""/m/07pp_mv""]","alarm","[""telephone"", ""alarm""]","audios/train\144236.wav"
"265080.wav","/m/07pp_mv","[""/m/07cx4"", ""/m/07pp_mv""]","alarm","[""telephone"", ""alarm""]","audios/train\265080.wav"
"265083.wav","/m/07pp_mv","[""/m/07cx4"", ""/m/07pp_mv""]","alarm","[""telephone"", ""alarm""]","audios/train\265083.wav"
"265085.wav","/m/07pp_mv","[""/m/07cx4"", ""/m/07pp_mv""]","alarm","[""telephone"", ""alarm""]","audios/train\265085.wav"
"265088.wav","/m/07pp_mv","[""/m/07cx4"", ""/m/07pp_mv""]","alarm","[""telephone"", ""alarm""]","audios/train\265088.wav"
"156546.wav","/m/07pp_mv","[""/m/07cx4"", ""/m/07pp_mv""]","alarm","[""telephone"", ""alarm""]","audios/train\156546.wav"
"25480.wav","/m/07pp_mv","[""/m/07cx4"", ""/m/07pp_mv""]","alarm","[""telephone"", ""alarm""]","audios/train\25480.wav"
"95112.wav","/m/07pp_mv","[""/m/07cx4"", ""/m/07pp_mv""]","alarm","[""telephone"", ""alarm""]","audios/train\95112.wav"
"95114.wav","/m/07pp_mv","[""/m/07cx4"", ""/m/07pp_mv""]","alarm","[""telephone"", ""alarm""]","audios/train\95114.wav"
"7056.wav","/m/07pp_mv","[""/m/07cx4"", ""/m/07pp_mv""]","alarm","[""telephone"", ""alarm""]","audios/train\7056.wav"
"121750.wav","/m/07pp_mv","[""/m/07cx4"", ""/m/07pp_mv""]","alarm","[""telephone"", ""alarm""]","audios/train\121750.wav"
"121754.wav","/m/07pp_mv","[""/m/07cx4"", ""/m/07pp_mv""]","alarm","[""telephone"", ""alarm""]","audios/train\121754.wav"
"349084.wav","/m/07pp_mv","[""/m/07cx4"", ""/m/07pp_mv""]","alarm","[""telephone"", ""alarm""]","audios/train\349084.wav"
"121756.wav","/m/07pp_mv","[""/m/07cx4"", ""/m/07pp_mv""]","alarm","[""telephone"", ""alarm""]","audios/train\121756.wav"
"121758.wav","/m/07pp_mv","[""/m/07cx4"", ""/m/07pp_mv""]","alarm","[""telephone"", ""alarm""]","audios/train\121758.wav"
"121759.wav","/m/07pp_mv","[""/m/07cx4"", ""/m/07pp_mv""]","alarm","[""telephone"", ""alarm""]","audios/train\121759.wav"
"158621.wav","/m/07pp_mv","[""/m/07cx4"", ""/m/07pp_mv""]","alarm","[""telephone"", ""alarm""]","audios/train\158621.wav"
"175039.wav","/m/07pp_mv","[""/m/07cx4"", ""/m/07pp_mv""]","alarm","[""telephone"", ""alarm""]","audios/train\175039.wav"
"267199.wav","/m/07pp_mv","[""/m/07cx4"", ""/m/07pp_mv""]","alarm","[""telephone"", ""alarm""]","audios/train\267199.wav"
"273345.wav","/m/07pp_mv","[""/m/07cx4"", ""/m/07pp_mv""]","alarm","[""telephone"", ""alarm""]","audios/train\273345.wav"
"273344.wav","/m/07pp_mv","[""/m/07cx4"", ""/m/07pp_mv""]","alarm","[""telephone"", ""alarm""]","audios/train\273344.wav"
"273348.wav","/m/07pp_mv","[""/m/07cx4"", ""/m/07pp_mv""]","alarm","[""telephone"", ""alarm""]","audios/train\273348.wav"
"273349.wav","/m/07pp_mv","[""/m/07cx4"", ""/m/07pp_mv""]","alarm","[""telephone"", ""alarm""]","audios/train\273349.wav"
"103391.wav","/m/07pp_mv","[""/m/07cx4"", ""/m/07pp_mv""]","alarm","[""telephone"", ""alarm""]","audios/train\103391.wav"
"365539.wav","/m/07pp_mv","[""/m/07cx4"", ""/m/07pp_mv""]","alarm","[""telephone"", ""alarm""]","audios/train\365539.wav"
"166888.wav","/m/07pp_mv","[""/m/07cx4"", ""/m/07pp_mv""]","alarm","[""telephone"", ""alarm""]","audios/train\166888.wav"
"164843.wav","/m/07pp_mv","[""/m/07cx4"", ""/m/07pp_mv""]","alarm","[""telephone"", ""alarm""]","audios/train\164843.wav"
"29679.wav","/m/07pp_mv","[""/m/07cx4"", ""/m/07pp_mv""]","alarm","[""telephone"", ""alarm""]","audios/train\29679.wav"
"390136.wav","/m/07pp_mv","[""/m/07cx4"", ""/m/07pp_mv""]","alarm","[""telephone"", ""alarm""]","audios/train\390136.wav"
"17405.wav","/m/07pp_mv","[""/m/07cx4"", ""/m/07pp_mv""]","alarm","[""telephone"", ""alarm""]","audios/train\17405.wav"
"384004.wav","/m/07pp_mv","[""/m/07cx4"", ""/m/07pp_mv""]","alarm","[""telephone"", ""alarm""]","audios/train\384004.wav"
"214020.wav","/m/07pp_mv","[""/m/07cx4"", ""/m/07pp_mv""]","alarm","[""telephone"", ""alarm""]","audios/train\214020.wav"
"130054.wav","/m/07pp_mv","[""/m/07cx4"", ""/m/07pp_mv""]","alarm","[""telephone"", ""alarm""]","audios/train\130054.wav"
"160775.wav","/m/07pp_mv","[""/m/07cx4"", ""/m/07pp_mv""]","alarm","[""telephone"", ""alarm""]","audios/train\160775.wav"
"384009.wav","/m/07pp_mv","[""/m/07cx4"", ""/m/07pp_mv""]","alarm","[""telephone"", ""alarm""]","audios/train\384009.wav"
"212006.wav","/m/07pp_mv","[""/m/07cx4"", ""/m/07pp_mv""]","alarm","[""telephone"", ""alarm""]","audios/train\212006.wav"
"271399.wav","/m/07pp_mv","[""/m/07cx4"", ""/m/07pp_mv""]","alarm","[""telephone"", ""alarm""]","audios/train\271399.wav"
"60463.wav","/m/07pp_mv","[""/m/07cx4"", ""/m/07pp_mv""]","alarm","[""telephone"", ""alarm""]","audios/train\60463.wav"
"31799.wav","/m/07pp_mv","[""/m/07cx4"", ""/m/07pp_mv""]","alarm","[""telephone"", ""alarm""]","audios/train\31799.wav"
"369720.wav","/m/07pp_mv","[""/m/07cx4"", ""/m/07pp_mv""]","alarm","[""telephone"", ""alarm""]","audios/train\369720.wav"
"177209.wav","/m/07pp_mv","[""/m/07cx4"", ""/m/07pp_mv""]","alarm","[""telephone"", ""alarm""]","audios/train\177209.wav"
"31802.wav","/m/07pp_mv","[""/m/07cx4"", ""/m/07pp_mv""]","alarm","[""telephone"", ""alarm""]","audios/train\31802.wav"
"269379.wav","/m/07pp_mv","[""/m/07cx4"", ""/m/07pp_mv""]","alarm","[""telephone"", ""alarm""]","audios/train\269379.wav"
"269380.wav","/m/07pp_mv","[""/m/07cx4"", ""/m/07pp_mv""]","alarm","[""telephone"", ""alarm""]","audios/train\269380.wav"
"326730.wav","/m/07pp_mv","[""/m/07cx4"", ""/m/07pp_mv""]","alarm","[""telephone"", ""alarm""]","audios/train\326730.wav"
"324693.wav","/m/07pp_mv","[""/m/07cx4"", ""/m/07pp_mv""]","alarm","[""telephone"", ""alarm""]","audios/train\324693.wav"
"117848.wav","/m/07pp_mv","[""/m/07cx4"", ""/m/07pp_mv""]","alarm","[""telephone"", ""alarm""]","audios/train\117848.wav"
"347234.wav","/m/07pp_mv","[""/m/07cx4"", ""/m/07pp_mv""]","alarm","[""telephone"", ""alarm""]","audios/train\347234.wav"
"334947.wav","/m/07pp_mv","[""/m/07cx4"", ""/m/07pp_mv""]","alarm","[""telephone"", ""alarm""]","audios/train\334947.wav"
"334948.wav","/m/07pp_mv","[""/m/07cx4"", ""/m/07pp_mv""]","alarm","[""telephone"", ""alarm""]","audios/train\334948.wav"
"179301.wav","/m/07pp_mv","[""/m/07cx4"", ""/m/07pp_mv""]","alarm","[""telephone"", ""alarm""]","audios/train\179301.wav"
"171113.wav","/m/07pp_mv","[""/m/07cx4"", ""/m/07pp_mv""]","alarm","[""telephone"", ""alarm""]","audios/train\171113.wav"
"351343.wav","/m/07pp_mv","[""/m/07cx4"", ""/m/07pp_mv""]","alarm","[""telephone"", ""alarm""]","audios/train\351343.wav"
"15482.wav","/m/07pp_mv","[""/m/07cx4"", ""/m/07pp_mv""]","alarm","[""telephone"", ""alarm""]","audios/train\15482.wav"
"76927.wav","/m/07pp_mv","[""/m/07cx4"", ""/m/07pp_mv""]","alarm","[""telephone"", ""alarm""]","audios/train\76927.wav"
"410756.wav","/m/07pp_mv","[""/m/07cx4"", ""/m/07pp_mv""]","alarm","[""telephone"", ""alarm""]","audios/train\410756.wav"
"70789.wav","/m/07pp_mv","[""/m/07cx4"", ""/m/07pp_mv""]","alarm","[""telephone"", ""alarm""]","audios/train\70789.wav"
"189579.wav","/m/07pp_mv","[""/m/07cx4"", ""/m/07pp_mv""]","alarm","[""telephone"", ""alarm""]","audios/train\189579.wav"
"201877.wav","/m/07pp_mv","[""/m/07cx4"", ""/m/07pp_mv""]","alarm","[""telephone"", ""alarm""]","audios/train\201877.wav"
"201878.wav","/m/07pp_mv","[""/m/07cx4"", ""/m/07pp_mv""]","alarm","[""telephone"", ""alarm""]","audios/train\201878.wav"
"117922.wav","/m/07pp_mv","[""/m/07cx4"", ""/m/07pp_mv""]","alarm","[""telephone"", ""alarm""]","audios/train\117922.wav"
"369839.wav","/m/07pp_mv","[""/m/07cx4"", ""/m/07pp_mv""]","alarm","[""telephone"", ""alarm""]","audios/train\369839.wav"
"9392.wav","/m/07pp_mv","[""/m/07cx4"", ""/m/07pp_mv""]","alarm","[""telephone"", ""alarm""]","audios/train\9392.wav"
"9393.wav","/m/07pp_mv","[""/m/07cx4"", ""/m/07pp_mv""]","alarm","[""telephone"", ""alarm""]","audios/train\9393.wav"
"369840.wav","/m/07pp_mv","[""/m/07cx4"", ""/m/07pp_mv""]","alarm","[""telephone"", ""alarm""]","audios/train\369840.wav"
"369841.wav","/m/07pp_mv","[""/m/07cx4"", ""/m/07pp_mv""]","alarm","[""telephone"", ""alarm""]","audios/train\369841.wav"
"369842.wav","/m/07pp_mv","[""/m/07cx4"", ""/m/07pp_mv""]","alarm","[""telephone"", ""alarm""]","audios/train\369842.wav"
"21680.wav","/m/07pp_mv","[""/m/07cx4"", ""/m/07pp_mv""]","alarm","[""telephone"", ""alarm""]","audios/train\21680.wav"
"369844.wav","/m/07pp_mv","[""/m/07cx4"", ""/m/07pp_mv""]","alarm","[""telephone"", ""alarm""]","audios/train\369844.wav"
"404678.wav","/m/07pp_mv","[""/m/07cx4"", ""/m/07pp_mv""]","alarm","[""telephone"", ""alarm""]","audios/train\404678.wav"
"165063.wav","/m/07pp_mv","[""/m/07cx4"", ""/m/07pp_mv""]","alarm","[""telephone"", ""alarm""]","audios/train\165063.wav"
"85205.wav","/m/07pp_mv","[""/m/07cx4"", ""/m/07pp_mv""]","alarm","[""telephone"", ""alarm""]","audios/train\85205.wav"
"25821.wav","/m/07pp_mv","[""/m/07cx4"", ""/m/07pp_mv""]","alarm","[""telephone"", ""alarm""]","audios/train\25821.wav"
"77031.wav","/m/07pp_mv","[""/m/07cx4"", ""/m/07pp_mv""]","alarm","[""telephone"", ""alarm""]","audios/train\77031.wav"
"363771.wav","/m/07pp_mv","[""/m/07cx4"", ""/m/07pp_mv""]","alarm","[""telephone"", ""alarm""]","audios/train\363771.wav"
"29950.wav","/m/07pp_mv","[""/m/07cx4"", ""/m/07pp_mv""]","alarm","[""telephone"", ""alarm""]","audios/train\29950.wav"
"29951.wav","/m/07pp_mv","[""/m/07cx4"", ""/m/07pp_mv""]","alarm","[""telephone"", ""alarm""]","audios/train\29951.wav"
"201984.wav","/m/07pp_mv","[""/m/07cx4"", ""/m/07pp_mv""]","alarm","[""telephone"", ""alarm""]","audios/train\201984.wav"
"236799.wav","/m/07pp_mv","[""/m/07cx4"", ""/m/07pp_mv""]","alarm","[""telephone"", ""alarm""]","audios/train\236799.wav"
"29962.wav","/m/07pp_mv","[""/m/07cx4"", ""/m/07pp_mv""]","alarm","[""telephone"", ""alarm""]","audios/train\29962.wav"
"349483.wav","/m/07pp_mv","[""/m/07cx4"", ""/m/07pp_mv""]","alarm","[""telephone"", ""alarm""]","audios/train\349483.wav"
"79147.wav","/m/07pp_mv","[""/m/07cx4"", ""/m/07pp_mv""]","alarm","[""telephone"", ""alarm""]","audios/train\79147.wav"
"390448.wav","/m/07pp_mv","[""/m/07cx4"", ""/m/07pp_mv""]","alarm","[""telephone"", ""alarm""]","audios/train\390448.wav"
"73011.wav","/m/07pp_mv","[""/m/07cx4"", ""/m/07pp_mv""]","alarm","[""telephone"", ""alarm""]","audios/train\73011.wav"
"351540.wav","/m/07pp_mv","[""/m/07cx4"", ""/m/07pp_mv""]","alarm","[""telephone"", ""alarm""]","audios/train\351540.wav"
"351541.wav","/m/07pp_mv","[""/m/07cx4"", ""/m/07pp_mv""]","alarm","[""telephone"", ""alarm""]","audios/train\351541.wav"
"351542.wav","/m/07pp_mv","[""/m/07cx4"", ""/m/07pp_mv""]","alarm","[""telephone"", ""alarm""]","audios/train\351542.wav"
"351543.wav","/m/07pp_mv","[""/m/07cx4"", ""/m/07pp_mv""]","alarm","[""telephone"", ""alarm""]","audios/train\351543.wav"
"351545.wav","/m/07pp_mv","[""/m/07cx4"", ""/m/07pp_mv""]","alarm","[""telephone"", ""alarm""]","audios/train\351545.wav"
"351547.wav","/m/07pp_mv","[""/m/07cx4"", ""/m/07pp_mv""]","alarm","[""telephone"", ""alarm""]","audios/train\351547.wav"
"351548.wav","/m/07pp_mv","[""/m/07cx4"", ""/m/07pp_mv""]","alarm","[""telephone"", ""alarm""]","audios/train\351548.wav"
"345421.wav","/m/07pp_mv","[""/m/07cx4"", ""/m/07pp_mv""]","alarm","[""telephone"", ""alarm""]","audios/train\345421.wav"
"38229.wav","/m/07pp_mv","[""/m/07cx4"", ""/m/07pp_mv""]","alarm","[""telephone"", ""alarm""]","audios/train\38229.wav"
"85344.wav","/m/07pp_mv","[""/m/07cx4"", ""/m/07pp_mv""]","alarm","[""telephone"", ""alarm""]","audios/train\85344.wav"
"249191.wav","/m/07pp_mv","[""/m/07cx4"", ""/m/07pp_mv""]","alarm","[""telephone"", ""alarm""]","audios/train\249191.wav"
"155009.wav","/m/07pp_mv","[""/m/07cx4"", ""/m/07pp_mv""]","alarm","[""telephone"", ""alarm""]","audios/train\155009.wav"
"30085.wav","/m/07pp_mv","[""/m/07cx4"", ""/m/07pp_mv""]","alarm","[""telephone"", ""alarm""]","audios/train\30085.wav"
"19880.wav","/m/07pp_mv","[""/m/07cx4"", ""/m/07pp_mv""]","alarm","[""telephone"", ""alarm""]","audios/train\19880.wav"
"87466.wav","/m/07pp_mv","[""/m/07cx4"", ""/m/07pp_mv""]","alarm","[""telephone"", ""alarm""]","audios/train\87466.wav"
"339370.wav","/m/07pp_mv","[""/m/07cx4"", ""/m/07pp_mv""]","alarm","[""telephone"", ""alarm""]","audios/train\339370.wav"
"60844.wav","/m/07pp_mv","[""/m/07cx4"", ""/m/07pp_mv""]","alarm","[""telephone"", ""alarm""]","audios/train\60844.wav"
"32217.wav","/m/07pp_mv","[""/m/07cx4"", ""/m/07pp_mv""]","alarm","[""telephone"", ""alarm""]","audios/train\32217.wav"
"32218.wav","/m/07pp_mv","[""/m/07cx4"", ""/m/07pp_mv""]","alarm","[""telephone"", ""alarm""]","audios/train\32218.wav"
"32219.wav","/m/07pp_mv","[""/m/07cx4"", ""/m/07pp_mv""]","alarm","[""telephone"", ""alarm""]","audios/train\32219.wav"
"36316.wav","/m/07pp_mv","[""/m/07cx4"", ""/m/07pp_mv""]","alarm","[""telephone"", ""alarm""]","audios/train\36316.wav"
"36317.wav","/m/07pp_mv","[""/m/07cx4"", ""/m/07pp_mv""]","alarm","[""telephone"", ""alarm""]","audios/train\36317.wav"
"351721.wav","/m/07pp_mv","[""/m/07cx4"", ""/m/07pp_mv""]","alarm","[""telephone"", ""alarm""]","audios/train\351721.wav"
"89593.wav","/m/07pp_mv","[""/m/07cx4"", ""/m/07pp_mv""]","alarm","[""telephone"", ""alarm""]","audios/train\89593.wav"
"97786.wav","/m/07pp_mv","[""/m/07cx4"", ""/m/07pp_mv""]","alarm","[""telephone"", ""alarm""]","audios/train\97786.wav"
"97789.wav","/m/07pp_mv","[""/m/07cx4"", ""/m/07pp_mv""]","alarm","[""telephone"", ""alarm""]","audios/train\97789.wav"
"175620.wav","/m/07pp_mv","[""/m/07cx4"", ""/m/07pp_mv""]","alarm","[""telephone"", ""alarm""]","audios/train\175620.wav"
"175621.wav","/m/07pp_mv","[""/m/07cx4"", ""/m/07pp_mv""]","alarm","[""telephone"", ""alarm""]","audios/train\175621.wav"
"50700.wav","/m/07pp_mv","[""/m/07cx4"", ""/m/07pp_mv""]","alarm","[""telephone"", ""alarm""]","audios/train\50700.wav"
"87574.wav","/m/07pp_mv","[""/m/07cx4"", ""/m/07pp_mv""]","alarm","[""telephone"", ""alarm""]","audios/train\87574.wav"
"265755.wav","/m/07pp_mv","[""/m/07cx4"", ""/m/07pp_mv""]","alarm","[""telephone"", ""alarm""]","audios/train\265755.wav"
"185887.wav","/m/07pp_mv","[""/m/07cx4"", ""/m/07pp_mv""]","alarm","[""telephone"", ""alarm""]","audios/train\185887.wav"
"93733.wav","/m/07pp_mv","[""/m/07cx4"", ""/m/07pp_mv""]","alarm","[""telephone"", ""alarm""]","audios/train\93733.wav"
"126504.wav","/m/07pp_mv","[""/m/07cx4"", ""/m/07pp_mv""]","alarm","[""telephone"", ""alarm""]","audios/train\126504.wav"
"130604.wav","/m/07pp_mv","[""/m/07cx4"", ""/m/07pp_mv""]","alarm","[""telephone"", ""alarm""]","audios/train\130604.wav"
"212531.wav","/m/07pp_mv","[""/m/07cx4"", ""/m/07pp_mv""]","alarm","[""telephone"", ""alarm""]","audios/train\212531.wav"
"87604.wav","/m/07pp_mv","[""/m/07cx4"", ""/m/07pp_mv""]","alarm","[""telephone"", ""alarm""]","audios/train\87604.wav"
"212533.wav","/m/07pp_mv","[""/m/07cx4"", ""/m/07pp_mv""]","alarm","[""telephone"", ""alarm""]","audios/train\212533.wav"
"212534.wav","/m/07pp_mv","[""/m/07cx4"", ""/m/07pp_mv""]","alarm","[""telephone"", ""alarm""]","audios/train\212534.wav"
"212535.wav","/m/07pp_mv","[""/m/07cx4"", ""/m/07pp_mv""]","alarm","[""telephone"", ""alarm""]","audios/train\212535.wav"
"212532.wav","/m/07pp_mv","[""/m/07cx4"", ""/m/07pp_mv""]","alarm","[""telephone"", ""alarm""]","audios/train\212532.wav"
"431669.wav","/m/07pp_mv","[""/m/07cx4"", ""/m/07pp_mv""]","alarm","[""telephone"", ""alarm""]","audios/train\431669.wav"
"93755.wav","/m/07pp_mv","[""/m/07cx4"", ""/m/07pp_mv""]","alarm","[""telephone"", ""alarm""]","audios/train\93755.wav"
"319036.wav","/m/07pp_mv","[""/m/07cx4"", ""/m/07pp_mv""]","alarm","[""telephone"", ""alarm""]","audios/train\319036.wav"
"339518.wav","/m/07pp_mv","[""/m/07cx4"", ""/m/07pp_mv""]","alarm","[""telephone"", ""alarm""]","audios/train\339518.wav"
"245311.wav","/m/07pp_mv","[""/m/07cx4"", ""/m/07pp_mv""]","alarm","[""telephone"", ""alarm""]","audios/train\245311.wav"
"319040.wav","/m/07pp_mv","[""/m/07cx4"", ""/m/07pp_mv""]","alarm","[""telephone"", ""alarm""]","audios/train\319040.wav"
"245313.wav","/m/07pp_mv","[""/m/07cx4"", ""/m/07pp_mv""]","alarm","[""telephone"", ""alarm""]","audios/train\245313.wav"
"71234.wav","/m/07pp_mv","[""/m/07cx4"", ""/m/07pp_mv""]","alarm","[""telephone"", ""alarm""]","audios/train\71234.wav"
"429635.wav","/m/07pp_mv","[""/m/07cx4"", ""/m/07pp_mv""]","alarm","[""telephone"", ""alarm""]","audios/train\429635.wav"
"161347.wav","/m/07pp_mv","[""/m/07cx4"", ""/m/07pp_mv""]","alarm","[""telephone"", ""alarm""]","audios/train\161347.wav"
"153159.wav","/m/07pp_mv","[""/m/07cx4"", ""/m/07pp_mv""]","alarm","[""telephone"", ""alarm""]","audios/train\153159.wav"
"3659.wav","/m/07pp_mv","[""/m/07cx4"", ""/m/07pp_mv""]","alarm","[""telephone"", ""alarm""]","audios/train\3659.wav"
"3660.wav","/m/07pp_mv","[""/m/07cx4"", ""/m/07pp_mv""]","alarm","[""telephone"", ""alarm""]","audios/train\3660.wav"
"34381.wav","/m/07pp_mv","[""/m/07cx4"", ""/m/07pp_mv""]","alarm","[""telephone"", ""alarm""]","audios/train\34381.wav"
"77392.wav","/m/07pp_mv","[""/m/07cx4"", ""/m/07pp_mv""]","alarm","[""telephone"", ""alarm""]","audios/train\77392.wav"
"79440.wav","/m/07pp_mv","[""/m/07cx4"", ""/m/07pp_mv""]","alarm","[""telephone"", ""alarm""]","audios/train\79440.wav"
"28242.wav","/m/07pp_mv","[""/m/07cx4"", ""/m/07pp_mv""]","alarm","[""telephone"", ""alarm""]","audios/train\28242.wav"
"71255.wav","/m/07pp_mv","[""/m/07cx4"", ""/m/07pp_mv""]","alarm","[""telephone"", ""alarm""]","audios/train\71255.wav"
"345699.wav","/m/07pp_mv","[""/m/07cx4"", ""/m/07pp_mv""]","alarm","[""telephone"", ""alarm""]","audios/train\345699.wav"
"20069.wav","/m/07pp_mv","[""/m/07cx4"", ""/m/07pp_mv""]","alarm","[""telephone"", ""alarm""]","audios/train\20069.wav"
"345702.wav","/m/07pp_mv","[""/m/07cx4"", ""/m/07pp_mv""]","alarm","[""telephone"", ""alarm""]","audios/train\345702.wav"
"151147.wav","/m/07pp_mv","[""/m/07cx4"", ""/m/07pp_mv""]","alarm","[""telephone"", ""alarm""]","audios/train\151147.wav"
"323186.wav","/m/07pp_mv","[""/m/07cx4"", ""/m/07pp_mv""]","alarm","[""telephone"", ""alarm""]","audios/train\323186.wav"
"157299.wav","/m/07pp_mv","[""/m/07cx4"", ""/m/07pp_mv""]","alarm","[""telephone"", ""alarm""]","audios/train\157299.wav"
"118391.wav","/m/07pp_mv","[""/m/07cx4"", ""/m/07pp_mv""]","alarm","[""telephone"", ""alarm""]","audios/train\118391.wav"
"20101.wav","/m/07pp_mv","[""/m/07cx4"", ""/m/07pp_mv""]","alarm","[""telephone"", ""alarm""]","audios/train\20101.wav"
"63124.wav","/m/07pp_mv","[""/m/07cx4"", ""/m/07pp_mv""]","alarm","[""telephone"", ""alarm""]","audios/train\63124.wav"
"251540.wav","/m/07pp_mv","[""/m/07cx4"", ""/m/07pp_mv""]","alarm","[""telephone"", ""alarm""]","audios/train\251540.wav"
"56986.wav","/m/07pp_mv","[""/m/07cx4"", ""/m/07pp_mv""]","alarm","[""telephone"", ""alarm""]","audios/train\56986.wav"
"56987.wav","/m/07pp_mv","[""/m/07cx4"", ""/m/07pp_mv""]","alarm","[""telephone"", ""alarm""]","audios/train\56987.wav"
"153252.wav","/m/07pp_mv","[""/m/07cx4"", ""/m/07pp_mv""]","alarm","[""telephone"", ""alarm""]","audios/train\153252.wav"
"249509.wav","/m/07pp_mv","[""/m/07cx4"", ""/m/07pp_mv""]","alarm","[""telephone"", ""alarm""]","audios/train\249509.wav"
"249510.wav","/m/07pp_mv","[""/m/07cx4"", ""/m/07pp_mv""]","alarm","[""telephone"", ""alarm""]","audios/train\249510.wav"
"153255.wav","/m/07pp_mv","[""/m/07cx4"", ""/m/07pp_mv""]","alarm","[""telephone"", ""alarm""]","audios/train\153255.wav"
"249511.wav","/m/07pp_mv","[""/m/07cx4"", ""/m/07pp_mv""]","alarm","[""telephone"", ""alarm""]","audios/train\249511.wav"
"249513.wav","/m/07pp_mv","[""/m/07cx4"", ""/m/07pp_mv""]","alarm","[""telephone"", ""alarm""]","audios/train\249513.wav"
"186022.wav","/m/07pp_mv","[""/m/07cx4"", ""/m/07pp_mv""]","alarm","[""telephone"", ""alarm""]","audios/train\186022.wav"
"249515.wav","/m/07pp_mv","[""/m/07cx4"", ""/m/07pp_mv""]","alarm","[""telephone"", ""alarm""]","audios/train\249515.wav"
"186040.wav","/m/07pp_mv","[""/m/07cx4"", ""/m/07pp_mv""]","alarm","[""telephone"", ""alarm""]","audios/train\186040.wav"
"251583.wav","/m/07pp_mv","[""/m/07cx4"", ""/m/07pp_mv""]","alarm","[""telephone"", ""alarm""]","audios/train\251583.wav"
"267967.wav","/m/07pp_mv","[""/m/07cx4"", ""/m/07pp_mv""]","alarm","[""telephone"", ""alarm""]","audios/train\267967.wav"
"267969.wav","/m/07pp_mv","[""/m/07cx4"", ""/m/07pp_mv""]","alarm","[""telephone"", ""alarm""]","audios/train\267969.wav"
"77508.wav","/m/07pp_mv","[""/m/07cx4"", ""/m/07pp_mv""]","alarm","[""telephone"", ""alarm""]","audios/train\77508.wav"
"134862.wav","/m/07pp_mv","[""/m/07cx4"", ""/m/07pp_mv""]","alarm","[""telephone"", ""alarm""]","audios/train\134862.wav"
"24271.wav","/m/07pp_mv","[""/m/07cx4"", ""/m/07pp_mv""]","alarm","[""telephone"", ""alarm""]","audios/train\24271.wav"
"134863.wav","/m/07pp_mv","[""/m/07cx4"", ""/m/07pp_mv""]","alarm","[""telephone"", ""alarm""]","audios/train\134863.wav"
"79568.wav","/m/07pp_mv","[""/m/07cx4"", ""/m/07pp_mv""]","alarm","[""telephone"", ""alarm""]","audios/train\79568.wav"
"421596.wav","/m/07pp_mv","[""/m/07cx4"", ""/m/07pp_mv""]","alarm","[""telephone"", ""alarm""]","audios/train\421596.wav"
"26348.wav","/m/07pp_mv","[""/m/07cx4"", ""/m/07pp_mv""]","alarm","[""telephone"", ""alarm""]","audios/train\26348.wav"
"337655.wav","/m/07pp_mv","[""/m/07cx4"", ""/m/07pp_mv""]","alarm","[""telephone"", ""alarm""]","audios/train\337655.wav"
"337656.wav","/m/07pp_mv","[""/m/07cx4"", ""/m/07pp_mv""]","alarm","[""telephone"", ""alarm""]","audios/train\337656.wav"
"337657.wav","/m/07pp_mv","[""/m/07cx4"", ""/m/07pp_mv""]","alarm","[""telephone"", ""alarm""]","audios/train\337657.wav"
"337658.wav","/m/07pp_mv","[""/m/07cx4"", ""/m/07pp_mv""]","alarm","[""telephone"", ""alarm""]","audios/train\337658.wav"
"83704.wav","/m/07pp_mv","[""/m/07cx4"", ""/m/07pp_mv""]","alarm","[""telephone"", ""alarm""]","audios/train\83704.wav"
"151292.wav","/m/07pp_mv","[""/m/07cx4"", ""/m/07pp_mv""]","alarm","[""telephone"", ""alarm""]","audios/train\151292.wav"
"26373.wav","/m/07pp_mv","[""/m/07cx4"", ""/m/07pp_mv""]","alarm","[""telephone"", ""alarm""]","audios/train\26373.wav"
"257806.wav","/m/07pp_mv","[""/m/07cx4"", ""/m/07pp_mv""]","alarm","[""telephone"", ""alarm""]","audios/train\257806.wav"
"253713.wav","/m/07pp_mv","[""/m/07cx4"", ""/m/07pp_mv""]","alarm","[""telephone"", ""alarm""]","audios/train\253713.wav"
"79633.wav","/m/07pp_mv","[""/m/07cx4"", ""/m/07pp_mv""]","alarm","[""telephone"", ""alarm""]","audios/train\79633.wav"
"79638.wav","/m/07pp_mv","[""/m/07cx4"", ""/m/07pp_mv""]","alarm","[""telephone"", ""alarm""]","audios/train\79638.wav"
"79639.wav","/m/07pp_mv","[""/m/07cx4"", ""/m/07pp_mv""]","alarm","[""telephone"", ""alarm""]","audios/train\79639.wav"
"79650.wav","/m/07pp_mv","[""/m/07cx4"", ""/m/07pp_mv""]","alarm","[""telephone"", ""alarm""]","audios/train\79650.wav"
"139055.wav","/m/07pp_mv","[""/m/07cx4"", ""/m/07pp_mv""]","alarm","[""telephone"", ""alarm""]","audios/train\139055.wav"
"208699.wav","/m/07pp_mv","[""/m/07cx4"", ""/m/07pp_mv""]","alarm","[""telephone"", ""alarm""]","audios/train\208699.wav"
"208700.wav","/m/07pp_mv","[""/m/07cx4"", ""/m/07pp_mv""]","alarm","[""telephone"", ""alarm""]","audios/train\208700.wav"
"20284.wav","/m/07pp_mv","[""/m/07cx4"", ""/m/07pp_mv""]","alarm","[""telephone"", ""alarm""]","audios/train\20284.wav"
"112455.wav","/m/07pp_mv","[""/m/07cx4"", ""/m/07pp_mv""]","alarm","[""telephone"", ""alarm""]","audios/train\112455.wav"
"274252.wav","/m/07pp_mv","[""/m/07cx4"", ""/m/07pp_mv""]","alarm","[""telephone"", ""alarm""]","audios/train\274252.wav"
"259926.wav","/m/07pp_mv","[""/m/07cx4"", ""/m/07pp_mv""]","alarm","[""telephone"", ""alarm""]","audios/train\259926.wav"
"259927.wav","/m/07pp_mv","[""/m/07cx4"", ""/m/07pp_mv""]","alarm","[""telephone"", ""alarm""]","audios/train\259927.wav"
"415576.wav","/m/07pp_mv","[""/m/07cx4"", ""/m/07pp_mv""]","alarm","[""telephone"", ""alarm""]","audios/train\415576.wav"
"415577.wav","/m/07pp_mv","[""/m/07cx4"", ""/m/07pp_mv""]","alarm","[""telephone"", ""alarm""]","audios/train\415577.wav"
"397158.wav","/m/07pp_mv","[""/m/07cx4"", ""/m/07pp_mv""]","alarm","[""telephone"", ""alarm""]","audios/train\397158.wav"
"397159.wav","/m/07pp_mv","[""/m/07cx4"", ""/m/07pp_mv""]","alarm","[""telephone"", ""alarm""]","audios/train\397159.wav"
"397161.wav","/m/07pp_mv","[""/m/07cx4"", ""/m/07pp_mv""]","alarm","[""telephone"", ""alarm""]","audios/train\397161.wav"
"397162.wav","/m/07pp_mv","[""/m/07cx4"", ""/m/07pp_mv""]","alarm","[""telephone"", ""alarm""]","audios/train\397162.wav"
"274288.wav","/m/07pp_mv","[""/m/07cx4"", ""/m/07pp_mv""]","alarm","[""telephone"", ""alarm""]","audios/train\274288.wav"
"274289.wav","/m/07pp_mv","[""/m/07cx4"", ""/m/07pp_mv""]","alarm","[""telephone"", ""alarm""]","audios/train\274289.wav"
"122740.wav","/m/07pp_mv","[""/m/07cx4"", ""/m/07pp_mv""]","alarm","[""telephone"", ""alarm""]","audios/train\122740.wav"
"186244.wav","/m/07pp_mv","[""/m/07cx4"", ""/m/07pp_mv""]","alarm","[""telephone"", ""alarm""]","audios/train\186244.wav"
"3977.wav","/m/07pp_mv","[""/m/07cx4"", ""/m/07pp_mv""]","alarm","[""telephone"", ""alarm""]","audios/train\3977.wav"
"22410.wav","/m/07pp_mv","[""/m/07cx4"", ""/m/07pp_mv""]","alarm","[""telephone"", ""alarm""]","audios/train\22410.wav"
"22411.wav","/m/07pp_mv","[""/m/07cx4"", ""/m/07pp_mv""]","alarm","[""telephone"", ""alarm""]","audios/train\22411.wav"
"157590.wav","/m/07pp_mv","[""/m/07cx4"", ""/m/07pp_mv""]","alarm","[""telephone"", ""alarm""]","audios/train\157590.wav"
"157591.wav","/m/07pp_mv","[""/m/07cx4"", ""/m/07pp_mv""]","alarm","[""telephone"", ""alarm""]","audios/train\157591.wav"
"157592.wav","/m/07pp_mv","[""/m/07cx4"", ""/m/07pp_mv""]","alarm","[""telephone"", ""alarm""]","audios/train\157592.wav"
"157593.wav","/m/07pp_mv","[""/m/07cx4"", ""/m/07pp_mv""]","alarm","[""telephone"", ""alarm""]","audios/train\157593.wav"
"259992.wav","/m/07pp_mv","[""/m/07cx4"", ""/m/07pp_mv""]","alarm","[""telephone"", ""alarm""]","audios/train\259992.wav"
"77723.wav","/m/07pp_mv","[""/m/07cx4"", ""/m/07pp_mv""]","alarm","[""telephone"", ""alarm""]","audios/train\77723.wav"
"257949.wav","/m/07pp_mv","[""/m/07cx4"", ""/m/07pp_mv""]","alarm","[""telephone"", ""alarm""]","audios/train\257949.wav"
"257950.wav","/m/07pp_mv","[""/m/07cx4"", ""/m/07pp_mv""]","alarm","[""telephone"", ""alarm""]","audios/train\257950.wav"
"92066.wav","/m/07pp_mv","[""/m/07cx4"", ""/m/07pp_mv""]","alarm","[""telephone"", ""alarm""]","audios/train\92066.wav"
"147386.wav","/m/07pp_mv","[""/m/07cx4"", ""/m/07pp_mv""]","alarm","[""telephone"", ""alarm""]","audios/train\147386.wav"
"411581.wav","/m/07pp_mv","[""/m/07cx4"", ""/m/07pp_mv""]","alarm","[""telephone"", ""alarm""]","audios/train\411581.wav"
"178112.wav","/m/07pp_mv","[""/m/07cx4"", ""/m/07pp_mv""]","alarm","[""telephone"", ""alarm""]","audios/train\178112.wav"
"24520.wav","/m/07pp_mv","[""/m/07cx4"", ""/m/07pp_mv""]","alarm","[""telephone"", ""alarm""]","audios/train\24520.wav"
"434124.wav","/m/07pp_mv","[""/m/07cx4"", ""/m/07pp_mv""]","alarm","[""telephone"", ""alarm""]","audios/train\434124.wav"
"223182.wav","/m/07pp_mv","[""/m/07cx4"", ""/m/07pp_mv""]","alarm","[""telephone"", ""alarm""]","audios/train\223182.wav"
"223183.wav","/m/07pp_mv","[""/m/07cx4"", ""/m/07pp_mv""]","alarm","[""telephone"", ""alarm""]","audios/train\223183.wav"
"69585.wav","/m/07pp_mv","[""/m/07cx4"", ""/m/07pp_mv""]","alarm","[""telephone"", ""alarm""]","audios/train\69585.wav"
"88021.wav","/m/07pp_mv","[""/m/07cx4"", ""/m/07pp_mv""]","alarm","[""telephone"", ""alarm""]","audios/train\88021.wav"
"98269.wav","/m/07pp_mv","[""/m/07cx4"", ""/m/07pp_mv""]","alarm","[""telephone"", ""alarm""]","audios/train\98269.wav"
"94175.wav","/m/07pp_mv","[""/m/07cx4"", ""/m/07pp_mv""]","alarm","[""telephone"", ""alarm""]","audios/train\94175.wav"
"274400.wav","/m/07pp_mv","[""/m/07cx4"", ""/m/07pp_mv""]","alarm","[""telephone"", ""alarm""]","audios/train\274400.wav"
"51169.wav","/m/07pp_mv","[""/m/07cx4"", ""/m/07pp_mv""]","alarm","[""telephone"", ""alarm""]","audios/train\51169.wav"
"407521.wav","/m/07pp_mv","[""/m/07cx4"", ""/m/07pp_mv""]","alarm","[""telephone"", ""alarm""]","audios/train\407521.wav"
"352230.wav","/m/07pp_mv","[""/m/07cx4"", ""/m/07pp_mv""]","alarm","[""telephone"", ""alarm""]","audios/train\352230.wav"
"391143.wav","/m/07pp_mv","[""/m/07cx4"", ""/m/07pp_mv""]","alarm","[""telephone"", ""alarm""]","audios/train\391143.wav"
"169958.wav","/m/07pp_mv","[""/m/07cx4"", ""/m/07pp_mv""]","alarm","[""telephone"", ""alarm""]","audios/train\169958.wav"
"253928.wav","/m/07pp_mv","[""/m/07cx4"", ""/m/07pp_mv""]","alarm","[""telephone"", ""alarm""]","audios/train\253928.wav"
"352234.wav","/m/07pp_mv","[""/m/07cx4"", ""/m/07pp_mv""]","alarm","[""telephone"", ""alarm""]","audios/train\352234.wav"
"352235.wav","/m/07pp_mv","[""/m/07cx4"", ""/m/07pp_mv""]","alarm","[""telephone"", ""alarm""]","audios/train\352235.wav"
"110570.wav","/m/07pp_mv","[""/m/07cx4"", ""/m/07pp_mv""]","alarm","[""telephone"", ""alarm""]","audios/train\110570.wav"
"65514.wav","/m/07pp_mv","[""/m/07cx4"", ""/m/07pp_mv""]","alarm","[""telephone"", ""alarm""]","audios/train\65514.wav"
"251894.wav","/m/07pp_mv","[""/m/07cx4"", ""/m/07pp_mv""]","alarm","[""telephone"", ""alarm""]","audios/train\251894.wav"
"142903.wav","/m/07pp_mv","[""/m/07cx4"", ""/m/07pp_mv""]","alarm","[""telephone"", ""alarm""]","audios/train\142903.wav"
"95739.wav","/m/07pp_mv","[""/m/07cx4"", ""/m/07pp_mv""]","alarm","[""telephone"", ""alarm""]","audios/train\95739.wav"
"175416.wav","/m/07pp_mv","[""/m/07cx4"", ""/m/07pp_mv""]","alarm","[""telephone"", ""alarm""]","audios/train\175416.wav"
"176555.wav","/m/07pp_mv","[""/m/07cx4"", ""/m/07pp_mv""]","alarm","[""telephone"", ""alarm""]","audios/train\176555.wav"
"75828.wav","/m/07pp_mv","[""/m/07cx4"", ""/m/07pp_mv""]","alarm","[""telephone"", ""alarm""]","audios/train\75828.wav"
"202128.wav","/m/07pp_mv","[""/m/07cx4"", ""/m/07pp_mv""]","alarm","[""telephone"", ""alarm""]","audios/train\202128.wav"
"391976.wav","/m/07pp_mv","[""/m/07cx4"", ""/m/07pp_mv""]","alarm","[""telephone"", ""alarm""]","audios/train\391976.wav"
"391978.wav","/m/07pp_mv","[""/m/07cx4"", ""/m/07pp_mv""]","alarm","[""telephone"", ""alarm""]","audios/train\391978.wav"
"391980.wav","/m/07pp_mv","[""/m/07cx4"", ""/m/07pp_mv""]","alarm","[""telephone"", ""alarm""]","audios/train\391980.wav"
"38031.wav","/m/07pp_mv","[""/m/07cx4"", ""/m/07pp_mv""]","alarm","[""telephone"", ""alarm""]","audios/train\38031.wav"
"176066.wav","/m/07pp_mv","[""/m/07cx4"", ""/m/0316dw"", ""/m/07pp_mv"", ""/t/dd00071""]","alarm","[""Typing"", ""telephone"", ""alarm"", ""Domestic_sounds_and_home_sounds""]","audios/train\176066.wav"
"345696.wav","/m/0btp2","[""/m/0btp2"", ""/m/0199g"", ""/m/07yv9"", ""/m/012f08""]","traffic_noise","[""traffic_noise"", ""Motor_vehicle_(road)"", ""Vehicle"", ""Bicycle""]","audios/train\345696.wav"
"387522.wav","/m/0btp2","[""/m/0btp2"", ""/m/0199g"", ""/m/07yv9"", ""/m/012f08""]","traffic_noise","[""traffic_noise"", ""Motor_vehicle_(road)"", ""Vehicle"", ""Bicycle""]","audios/train\387522.wav"
"14599.wav","/m/02mk9","[""/t/dd00130"", ""/m/02mk9""]","engine","[""engine"", ""Engine_starting""]","audios/train\14599.wav"
"96520.wav","/m/02mk9","[""/t/dd00130"", ""/m/02mk9""]","engine","[""engine"", ""Engine_starting""]","audios/train\96520.wav"
"96519.wav","/m/02mk9","[""/t/dd00130"", ""/m/02mk9""]","engine","[""engine"", ""Engine_starting""]","audios/train\96519.wav"
"345357.wav","/m/02mk9","[""/t/dd00130"", ""/m/02mk9""]","engine","[""engine"", ""Engine_starting""]","audios/train\345357.wav"
"274962.wav","/m/02mk9","[""/t/dd00130"", ""/m/04_sv"", ""/m/02mk9"", ""/m/012f08"", ""/m/07yv9""]","engine","[""Engine_starting"", ""Motorcycle"", ""Motor_vehicle_(road)"", ""engine"", ""Vehicle""]","audios/train\274962.wav"
"256808.wav","/m/02mk9","[""/t/dd00130"", ""/m/02mk9""]","engine","[""engine"", ""Engine_starting""]","audios/train\256808.wav"
"322552.wav","/m/02mk9","[""/t/dd00130"", ""/m/02mk9""]","engine","[""engine"", ""Engine_starting""]","audios/train\322552.wav"
"216379.wav","/m/02mk9","[""/t/dd00130"", ""/m/02mk9""]","engine","[""engine"", ""Engine_starting""]","audios/train\216379.wav"
"32316.wav","/m/02mk9","[""/t/dd00130"", ""/m/02mk9""]","engine","[""engine"", ""Engine_starting""]","audios/train\32316.wav"
"107583.wav","/m/02mk9","[""/t/dd00130"", ""/m/04_sv"", ""/m/02mk9"", ""/m/012f08"", ""/m/07yv9""]","engine","[""Engine_starting"", ""Motorcycle"", ""Motor_vehicle_(road)"", ""engine"", ""Vehicle""]","audios/train\107583.wav"
"46918.wav","/m/02mk9","[""/t/dd00130"", ""/m/02mk9""]","engine","[""engine"", ""Engine_starting""]","audios/train\46918.wav"
"19025.wav","/m/02mk9","[""/t/dd00130"", ""/m/02mk9""]","engine","[""engine"", ""Engine_starting""]","audios/train\19025.wav"
"152658.wav","/m/02mk9","[""/t/dd00130"", ""/m/02mk9""]","engine","[""engine"", ""Engine_starting""]","audios/train\152658.wav"
"57939.wav","/m/02mk9","[""/t/dd00130"", ""/m/02mk9""]","engine","[""engine"", ""Engine_starting""]","audios/train\57939.wav"
"336740.wav","/m/02mk9","[""/t/dd00130"", ""/m/02mk9""]","engine","[""engine"", ""Engine_starting""]","audios/train\336740.wav"
"334437.wav","/m/02mk9","[""/t/dd00130"", ""/m/02mk9""]","engine","[""engine"", ""Engine_starting""]","audios/train\334437.wav"
"334438.wav","/m/02mk9","[""/t/dd00130"", ""/m/02mk9""]","engine","[""engine"", ""Engine_starting""]","audios/train\334438.wav"
"421482.wav","/m/02mk9","[""/t/dd00130"", ""/m/02mk9""]","engine","[""engine"", ""Engine_starting""]","audios/train\421482.wav"
"334954.wav","/m/02mk9","[""/t/dd00130"", ""/m/02mk9""]","engine","[""engine"", ""Engine_starting""]","audios/train\334954.wav"
"421483.wav","/m/02mk9","[""/t/dd00130"", ""/m/02mk9""]","engine","[""engine"", ""Engine_starting""]","audios/train\421483.wav"
"138099.wav","/m/02mk9","[""/t/dd00130"", ""/m/02mk9""]","engine","[""engine"", ""Engine_starting""]","audios/train\138099.wav"
"116601.wav","/m/02mk9","[""/t/dd00130"", ""/m/02mk9""]","engine","[""engine"", ""Engine_starting""]","audios/train\116601.wav"
"164217.wav","/m/02mk9","[""/t/dd00130"", ""/m/02mk9""]","engine","[""engine"", ""Engine_starting""]","audios/train\164217.wav"
"116602.wav","/m/02mk9","[""/t/dd00130"", ""/m/02mk9""]","engine","[""engine"", ""Engine_starting""]","audios/train\116602.wav"
"195455.wav","/m/02mk9","[""/t/dd00130"", ""/m/02mk9""]","engine","[""engine"", ""Engine_starting""]","audios/train\195455.wav"
"195456.wav","/m/02mk9","[""/t/dd00130"", ""/m/02mk9""]","engine","[""engine"", ""Engine_starting""]","audios/train\195456.wav"
"185740.wav","/m/02mk9","[""/t/dd00130"", ""/m/02mk9""]","engine","[""engine"", ""Engine_starting""]","audios/train\185740.wav"
"250009.wav","/m/02mk9","[""/t/dd00130"", ""/m/02mk9""]","engine","[""engine"", ""Engine_starting""]","audios/train\250009.wav"
"215958.wav","/m/02mk9","[""/t/dd00130"", ""/m/02mk9""]","engine","[""engine"", ""Engine_starting""]","audios/train\215958.wav"
"215960.wav","/m/02mk9","[""/t/dd00130"", ""/m/02mk9""]","engine","[""engine"", ""Engine_starting""]","audios/train\215960.wav"
"425386.wav","/m/02mk9","[""/t/dd00130"", ""/m/02mk9""]","engine","[""engine"", ""Engine_starting""]","audios/train\425386.wav"
"148398.wav","/m/02mk9","[""/t/dd00130"", ""/m/02mk9""]","engine","[""engine"", ""Engine_starting""]","audios/train\148398.wav"
"319152.wav","/m/02mk9","[""/t/dd00130"", ""/m/02mk9""]","engine","[""engine"", ""Engine_starting""]","audios/train\319152.wav"
"79282.wav","/m/02mk9","[""/t/dd00130"", ""/m/02mk9""]","engine","[""engine"", ""Engine_starting""]","audios/train\79282.wav"
"147379.wav","/m/02mk9","[""/t/dd00130"", ""/m/02mk9""]","engine","[""engine"", ""Engine_starting""]","audios/train\147379.wav"
"425652.wav","/m/02mk9","[""/t/dd00130"", ""/m/02mk9""]","engine","[""engine"", ""Engine_starting""]","audios/train\425652.wav"
"401331.wav","/m/02mk9","[""/t/dd00130"", ""/m/02mk9""]","engine","[""engine"", ""Engine_starting""]","audios/train\401331.wav"
"401330.wav","/m/02mk9","[""/t/dd00130"", ""/m/02mk9""]","engine","[""engine"", ""Engine_starting""]","audios/train\401330.wav"
"79286.wav","/m/02mk9","[""/t/dd00130"", ""/m/02mk9""]","engine","[""engine"", ""Engine_starting""]","audios/train\79286.wav"
"79287.wav","/m/02mk9","[""/t/dd00130"", ""/m/02mk9""]","engine","[""engine"", ""Engine_starting""]","audios/train\79287.wav"
"160442.wav","/m/02mk9","[""/t/dd00130"", ""/m/02mk9""]","engine","[""engine"", ""Engine_starting""]","audios/train\160442.wav"
"351421.wav","/m/02mk9","[""/t/dd00130"", ""/m/02mk9""]","engine","[""engine"", ""Engine_starting""]","audios/train\351421.wav"
"156358.wav","/m/02mk9","[""/t/dd00130"", ""/m/02mk9""]","engine","[""engine"", ""Engine_starting""]","audios/train\156358.wav"
"425158.wav","/m/02mk9","[""/t/dd00130"", ""/m/02mk9""]","engine","[""engine"", ""Engine_starting""]","audios/train\425158.wav"
"404430.wav","/m/02mk9","[""/t/dd00130"", ""/m/02mk9""]","engine","[""engine"", ""Engine_starting""]","audios/train\404430.wav"
"338127.wav","/m/02mk9","[""/t/dd00130"", ""/m/04_sv"", ""/m/02mk9"", ""/m/012f08"", ""/m/07yv9""]","engine","[""Engine_starting"", ""Motorcycle"", ""Motor_vehicle_(road)"", ""engine"", ""Vehicle""]","audios/train\338127.wav"
"338128.wav","/m/02mk9","[""/t/dd00130"", ""/m/04_sv"", ""/m/02mk9"", ""/m/012f08"", ""/m/07yv9""]","engine","[""Engine_starting"", ""Motorcycle"", ""Motor_vehicle_(road)"", ""engine"", ""Vehicle""]","audios/train\338128.wav"
"404431.wav","/m/02mk9","[""/t/dd00130"", ""/m/02mk9""]","engine","[""engine"", ""Engine_starting""]","audios/train\404431.wav"
"377298.wav","/m/02mk9","[""/t/dd00130"", ""/m/02mk9""]","engine","[""engine"", ""Engine_starting""]","audios/train\377298.wav"
"274142.wav","/m/02mk9","[""/t/dd00130"", ""/m/02mk9""]","engine","[""engine"", ""Engine_starting""]","audios/train\274142.wav"
"274141.wav","/m/02mk9","[""/t/dd00130"", ""/m/02mk9""]","engine","[""engine"", ""Engine_starting""]","audios/train\274141.wav"
"119774.wav","/m/02mk9","[""/t/dd00130"", ""/m/02mk9""]","engine","[""engine"", ""Engine_starting""]","audios/train\119774.wav"
"434660.wav","/m/02mk9","[""/t/dd00130"", ""/m/02mk9""]","engine","[""engine"", ""Engine_starting""]","audios/train\434660.wav"
"199675.wav","/m/02mk9","[""/t/dd00130"", ""/m/02mk9""]","engine","[""engine"", ""Engine_starting""]","audios/train\199675.wav"
"78880.wav","/m/02mk9","[""/m/04_sv"", ""/m/07q2z82"", ""/m/012f08"", ""/m/07yv9"", ""/m/02mk9""]","engine","[""Motorcycle"", ""Accelerating_and_revving_and_vroom"", ""Motor_vehicle_(road)"", ""engine"", ""Vehicle""]","audios/train\78880.wav"
"156203.wav","/m/02mk9","[""/m/04_sv"", ""/m/07q2z82"", ""/m/012f08"", ""/m/07yv9"", ""/m/02mk9""]","engine","[""Motorcycle"", ""Accelerating_and_revving_and_vroom"", ""Motor_vehicle_(road)"", ""engine"", ""Vehicle""]","audios/train\156203.wav"
"156204.wav","/m/02mk9","[""/m/04_sv"", ""/m/07q2z82"", ""/m/012f08"", ""/m/07yv9"", ""/m/02mk9""]","engine","[""Motorcycle"", ""Accelerating_and_revving_and_vroom"", ""Motor_vehicle_(road)"", ""engine"", ""Vehicle""]","audios/train\156204.wav"
"68709.wav","/m/02mk9","[""/m/04_sv"", ""/m/07q2z82"", ""/m/012f08"", ""/m/07yv9"", ""/m/02mk9""]","engine","[""Motorcycle"", ""Accelerating_and_revving_and_vroom"", ""Motor_vehicle_(road)"", ""engine"", ""Vehicle""]","audios/train\68709.wav"
"3186.wav","/m/0btp2","[""/m/04_sv"", ""/m/0btp2"", ""/m/012f08"", ""/m/07yv9""]","traffic_noise","[""Motorcycle"", ""traffic_noise"", ""Motor_vehicle_(road)"", ""Vehicle""]","audios/train\3186.wav"
"3189.wav","/m/0btp2","[""/m/04_sv"", ""/m/0btp2"", ""/m/012f08"", ""/m/07yv9""]","traffic_noise","[""Motorcycle"", ""traffic_noise"", ""Motor_vehicle_(road)"", ""Vehicle""]","audios/train\3189.wav"
"3191.wav","/m/0btp2","[""/m/04_sv"", ""/m/0btp2"", ""/m/012f08"", ""/m/07yv9""]","traffic_noise","[""Motorcycle"", ""traffic_noise"", ""Motor_vehicle_(road)"", ""Vehicle""]","audios/train\3191.wav"
"155773.wav","/m/0btp2","[""/m/04_sv"", ""/m/0btp2"", ""/m/012f08"", ""/m/07yv9""]","traffic_noise","[""Motorcycle"", ""traffic_noise"", ""Motor_vehicle_(road)"", ""Vehicle""]","audios/train\155773.wav"
"343686.wav","/m/02mk9","[""/m/04_sv"", ""/m/07q2z82"", ""/m/012f08"", ""/m/07yv9"", ""/m/02mk9""]","engine","[""Motorcycle"", ""Accelerating_and_revving_and_vroom"", ""Motor_vehicle_(road)"", ""engine"", ""Vehicle""]","audios/train\343686.wav"
"362234.wav","/m/02mk9","[""/m/04_sv"", ""/m/07q2z82"", ""/m/012f08"", ""/m/07yv9"", ""/m/02mk9""]","engine","[""Motorcycle"", ""Accelerating_and_revving_and_vroom"", ""Motor_vehicle_(road)"", ""engine"", ""Vehicle""]","audios/train\362234.wav"
"362235.wav","/m/02mk9","[""/m/04_sv"", ""/m/07q2z82"", ""/m/012f08"", ""/m/07yv9"", ""/m/02mk9""]","engine","[""Motorcycle"", ""Accelerating_and_revving_and_vroom"", ""Motor_vehicle_(road)"", ""engine"", ""Vehicle""]","audios/train\362235.wav"
"406386.wav","/m/02mk9","[""/m/04_sv"", ""/m/07q2z82"", ""/m/012f08"", ""/m/07yv9"", ""/m/02mk9""]","engine","[""Motorcycle"", ""Accelerating_and_revving_and_vroom"", ""Motor_vehicle_(road)"", ""engine"", ""Vehicle""]","audios/train\406386.wav"
"361403.wav","/m/02mk9","[""/m/04_sv"", ""/m/07q2z82"", ""/m/012f08"", ""/m/07yv9"", ""/m/02mk9""]","engine","[""Motorcycle"", ""Accelerating_and_revving_and_vroom"", ""Motor_vehicle_(road)"", ""engine"", ""Vehicle""]","audios/train\361403.wav"
"361404.wav","/m/02mk9","[""/m/04_sv"", ""/m/07q2z82"", ""/m/012f08"", ""/m/07yv9"", ""/m/02mk9""]","engine","[""Motorcycle"", ""Accelerating_and_revving_and_vroom"", ""Motor_vehicle_(road)"", ""engine"", ""Vehicle""]","audios/train\361404.wav"
"361406.wav","/m/02mk9","[""/m/04_sv"", ""/m/07q2z82"", ""/m/012f08"", ""/m/07yv9"", ""/m/02mk9""]","engine","[""Motorcycle"", ""Accelerating_and_revving_and_vroom"", ""Motor_vehicle_(road)"", ""engine"", ""Vehicle""]","audios/train\361406.wav"
"349152.wav","/m/02mk9","[""/m/04_sv"", ""/m/07q2z82"", ""/m/012f08"", ""/m/07yv9"", ""/m/02mk9""]","engine","[""Motorcycle"", ""Accelerating_and_revving_and_vroom"", ""Motor_vehicle_(road)"", ""engine"", ""Vehicle""]","audios/train\349152.wav"
"110854.wav","/m/0btp2","[""/m/0btp2"", ""/m/012f08"", ""/m/07yv9""]","traffic_noise","[""traffic_noise"", ""Motor_vehicle_(road)"", ""Vehicle""]","audios/train\110854.wav"
"336651.wav","/m/0btp2","[""/m/0btp2"", ""/m/01bjv"", ""/m/012f08"", ""/m/07yv9""]","traffic_noise","[""traffic_noise"", ""Bus"", ""Motor_vehicle_(road)"", ""Vehicle""]","audios/train\336651.wav"
"63244.wav","/m/0btp2","[""/m/0btp2"", ""/m/012f08"", ""/m/07yv9""]","traffic_noise","[""traffic_noise"", ""Motor_vehicle_(road)"", ""Vehicle""]","audios/train\63244.wav"
"63245.wav","/m/0btp2","[""/m/0btp2"", ""/m/012f08"", ""/m/07yv9""]","traffic_noise","[""traffic_noise"", ""Motor_vehicle_(road)"", ""Vehicle""]","audios/train\63245.wav"
"103185.wav","/m/0btp2","[""/m/0btp2"", ""/m/012f08"", ""/m/07yv9""]","traffic_noise","[""traffic_noise"", ""Motor_vehicle_(road)"", ""Vehicle""]","audios/train\103185.wav"
"364830.wav","/m/0btp2","[""/m/0btp2"", ""/m/012f08"", ""/m/07yv9""]","traffic_noise","[""traffic_noise"", ""Motor_vehicle_(road)"", ""Vehicle""]","audios/train\364830.wav"
"184609.wav","/m/0btp2","[""/m/0btp2"", ""/m/012f08"", ""/m/07yv9""]","traffic_noise","[""traffic_noise"", ""Motor_vehicle_(road)"", ""Vehicle""]","audios/train\184609.wav"
"156195.wav","/m/0btp2","[""/m/0btp2"", ""/m/012f08"", ""/m/07yv9""]","traffic_noise","[""traffic_noise"", ""Motor_vehicle_(road)"", ""Vehicle""]","audios/train\156195.wav"
"20782.wav","/m/0btp2","[""/m/0btp2"", ""/m/012f08"", ""/m/07yv9""]","traffic_noise","[""traffic_noise"", ""Motor_vehicle_(road)"", ""Vehicle""]","audios/train\20782.wav"
"78385.wav","/m/0btp2","[""/m/0btp2"", ""/m/012f08"", ""/m/07yv9""]","traffic_noise","[""traffic_noise"", ""Motor_vehicle_(road)"", ""Vehicle""]","audios/train\78385.wav"
"321077.wav","/m/0btp2","[""/m/0btp2"", ""/m/012f08"", ""/m/07yv9""]","traffic_noise","[""traffic_noise"", ""Motor_vehicle_(road)"", ""Vehicle""]","audios/train\321077.wav"
"211512.wav","/m/0btp2","[""/m/0btp2"", ""/m/012f08"", ""/m/07yv9""]","traffic_noise","[""traffic_noise"", ""Motor_vehicle_(road)"", ""Vehicle""]","audios/train\211512.wav"
"396088.wav","/m/0btp2","[""/m/0btp2"", ""/m/012f08"", ""/m/07yv9""]","traffic_noise","[""traffic_noise"", ""Motor_vehicle_(road)"", ""Vehicle""]","audios/train\396088.wav"
"73022.wav","/m/0btp2","[""/m/0btp2"", ""/m/012f08"", ""/m/07yv9""]","traffic_noise","[""traffic_noise"", ""Motor_vehicle_(road)"", ""Vehicle""]","audios/train\73022.wav"
"323391.wav","/m/0btp2","[""/m/0btp2"", ""/m/012f08"", ""/m/07yv9""]","traffic_noise","[""traffic_noise"", ""Motor_vehicle_(road)"", ""Vehicle""]","audios/train\323391.wav"
"350534.wav","/m/0btp2","[""/m/0btp2"", ""/m/012f08"", ""/m/07yv9""]","traffic_noise","[""traffic_noise"", ""Motor_vehicle_(road)"", ""Vehicle""]","audios/train\350534.wav"
"335184.wav","/m/0btp2","[""/m/0btp2"", ""/m/012f08"", ""/m/07yv9""]","traffic_noise","[""traffic_noise"", ""Motor_vehicle_(road)"", ""Vehicle""]","audios/train\335184.wav"
"263523.wav","/m/0btp2","[""/m/0btp2"", ""/m/012f08"", ""/m/07yv9""]","traffic_noise","[""traffic_noise"", ""Motor_vehicle_(road)"", ""Vehicle""]","audios/train\263523.wav"
"221813.wav","/m/0btp2","[""/m/0btp2"", ""/m/012f08"", ""/m/07yv9""]","traffic_noise","[""traffic_noise"", ""Motor_vehicle_(road)"", ""Vehicle""]","audios/train\221813.wav"
"425077.wav","/m/0btp2","[""/m/0btp2"", ""/m/012f08"", ""/m/07yv9""]","traffic_noise","[""traffic_noise"", ""Motor_vehicle_(road)"", ""Vehicle""]","audios/train\425077.wav"
"101239.wav","/m/0btp2","[""/m/0btp2"", ""/m/012f08"", ""/m/07yv9""]","traffic_noise","[""traffic_noise"", ""Motor_vehicle_(road)"", ""Vehicle""]","audios/train\101239.wav"
"427384.wav","/m/0btp2","[""/m/0btp2"", ""/m/012f08"", ""/m/07yv9""]","traffic_noise","[""traffic_noise"", ""Motor_vehicle_(road)"", ""Vehicle""]","audios/train\427384.wav"
"101241.wav","/m/0btp2","[""/m/0btp2"", ""/m/012f08"", ""/m/07yv9""]","traffic_noise","[""traffic_noise"", ""Motor_vehicle_(road)"", ""Vehicle""]","audios/train\101241.wav"
"101242.wav","/m/0btp2","[""/m/0btp2"", ""/m/012f08"", ""/m/07yv9""]","traffic_noise","[""traffic_noise"", ""Motor_vehicle_(road)"", ""Vehicle""]","audios/train\101242.wav"
"325246.wav","/m/0btp2","[""/m/0btp2"", ""/m/01bjv"", ""/m/012f08"", ""/m/07yv9""]","traffic_noise","[""traffic_noise"", ""Bus"", ""Motor_vehicle_(road)"", ""Vehicle""]","audios/train\325246.wav"
"101243.wav","/m/0btp2","[""/m/0btp2"", ""/m/012f08"", ""/m/07yv9""]","traffic_noise","[""traffic_noise"", ""Motor_vehicle_(road)"", ""Vehicle""]","audios/train\101243.wav"
"101244.wav","/m/0btp2","[""/m/0btp2"", ""/m/012f08"", ""/m/07yv9""]","traffic_noise","[""traffic_noise"", ""Motor_vehicle_(road)"", ""Vehicle""]","audios/train\101244.wav"
"319360.wav","/m/0btp2","[""/m/0btp2"", ""/m/012f08"", ""/m/07yv9""]","traffic_noise","[""traffic_noise"", ""Motor_vehicle_(road)"", ""Vehicle""]","audios/train\319360.wav"
"274563.wav","/m/0btp2","[""/m/0btp2"", ""/m/012f08"", ""/m/07yv9""]","traffic_noise","[""traffic_noise"", ""Motor_vehicle_(road)"", ""Vehicle""]","audios/train\274563.wav"
"266899.wav","/m/0btp2","[""/m/0btp2"", ""/m/012f08"", ""/m/07yv9""]","traffic_noise","[""traffic_noise"", ""Motor_vehicle_(road)"", ""Vehicle""]","audios/train\266899.wav"
"322202.wav","/m/0btp2","[""/m/0btp2"", ""/m/012f08"", ""/m/07yv9""]","traffic_noise","[""traffic_noise"", ""Motor_vehicle_(road)"", ""Vehicle""]","audios/train\322202.wav"
"64162.wav","/m/0btp2","[""/m/0btp2"", ""/m/012f08"", ""/m/07yv9""]","traffic_noise","[""traffic_noise"", ""Motor_vehicle_(road)"", ""Vehicle""]","audios/train\64162.wav"
"162726.wav","/m/0btp2","[""/m/0btp2"", ""/m/012f08"", ""/m/07yv9""]","traffic_noise","[""traffic_noise"", ""Motor_vehicle_(road)"", ""Vehicle""]","audios/train\162726.wav"
"59054.wav","/m/0btp2","[""/m/0btp2"", ""/m/012f08"", ""/m/07yv9""]","traffic_noise","[""traffic_noise"", ""Motor_vehicle_(road)"", ""Vehicle""]","audios/train\59054.wav"
"59056.wav","/m/0btp2","[""/m/0btp2"", ""/m/012f08"", ""/m/07yv9""]","traffic_noise","[""traffic_noise"", ""Motor_vehicle_(road)"", ""Vehicle""]","audios/train\59056.wav"
"93110.wav","/m/0btp2","[""/m/0btp2"", ""/m/012f08"", ""/m/07yv9""]","traffic_noise","[""traffic_noise"", ""Motor_vehicle_(road)"", ""Vehicle""]","audios/train\93110.wav"
"121287.wav","/m/0btp2","[""/m/0btp2"", ""/m/012f08"", ""/m/07yv9""]","traffic_noise","[""traffic_noise"", ""Motor_vehicle_(road)"", ""Vehicle""]","audios/train\121287.wav"
"319184.wav","/m/0btp2","[""/m/0btp2"", ""/m/012f08"", ""/m/07yv9""]","traffic_noise","[""traffic_noise"", ""Motor_vehicle_(road)"", ""Vehicle""]","audios/train\319184.wav"
"270289.wav","/m/0btp2","[""/m/0btp2"", ""/m/012f08"", ""/m/07yv9""]","traffic_noise","[""traffic_noise"", ""Motor_vehicle_(road)"", ""Vehicle""]","audios/train\270289.wav"
"393941.wav","/m/0btp2","[""/m/0btp2"", ""/m/012f08"", ""/m/07yv9""]","traffic_noise","[""traffic_noise"", ""Motor_vehicle_(road)"", ""Vehicle""]","audios/train\393941.wav"
"180951.wav","/m/0btp2","[""/m/0btp2"", ""/m/012f08"", ""/m/07yv9""]","traffic_noise","[""traffic_noise"", ""Motor_vehicle_(road)"", ""Vehicle""]","audios/train\180951.wav"
"161238.wav","/m/0btp2","[""/m/0btp2"", ""/m/012f08"", ""/m/07yv9""]","traffic_noise","[""traffic_noise"", ""Motor_vehicle_(road)"", ""Vehicle""]","audios/train\161238.wav"
"212194.wav","/m/0btp2","[""/m/0btp2"", ""/m/012f08"", ""/m/07yv9""]","traffic_noise","[""traffic_noise"", ""Motor_vehicle_(road)"", ""Vehicle""]","audios/train\212194.wav"
"212197.wav","/m/0btp2","[""/m/0btp2"", ""/m/012f08"", ""/m/07yv9""]","traffic_noise","[""traffic_noise"", ""Motor_vehicle_(road)"", ""Vehicle""]","audios/train\212197.wav"
"50920.wav","/m/0btp2","[""/m/0btp2"", ""/m/012f08"", ""/m/07yv9""]","traffic_noise","[""traffic_noise"", ""Motor_vehicle_(road)"", ""Vehicle""]","audios/train\50920.wav"
"101868.wav","/m/0btp2","[""/m/0btp2"", ""/m/012f08"", ""/m/07yv9""]","traffic_noise","[""traffic_noise"", ""Motor_vehicle_(road)"", ""Vehicle""]","audios/train\101868.wav"
"262654.wav","/m/0btp2","[""/m/0btp2"", ""/m/012f08"", ""/m/07yv9""]","traffic_noise","[""traffic_noise"", ""Motor_vehicle_(road)"", ""Vehicle""]","audios/train\262654.wav"
"136418.wav","/m/02mk9","[""/m/01bjv"", ""/m/07q2z82"", ""/m/012f08"", ""/m/07yv9"", ""/m/02mk9""]","engine","[""Bus"", ""Accelerating_and_revving_and_vroom"", ""Motor_vehicle_(road)"", ""engine"", ""Vehicle""]","audios/train\136418.wav"
"427012.wav","/m/02mk9","[""/m/07q2z82"", ""/m/02mk9""]","engine","[""Accelerating_and_revving_and_vroom"", ""engine""]","audios/train\427012.wav"
"427014.wav","/m/02mk9","[""/m/07q2z82"", ""/m/02mk9""]","engine","[""Accelerating_and_revving_and_vroom"", ""engine""]","audios/train\427014.wav"
"427015.wav","/m/02mk9","[""/m/07q2z82"", ""/m/02mk9""]","engine","[""Accelerating_and_revving_and_vroom"", ""engine""]","audios/train\427015.wav"
"131591.wav","/m/02mk9","[""/m/07q2z82"", ""/m/02mk9""]","engine","[""Accelerating_and_revving_and_vroom"", ""engine""]","audios/train\131591.wav"
"410131.wav","/m/02mk9","[""/m/07q2z82"", ""/m/02mk9""]","engine","[""Accelerating_and_revving_and_vroom"", ""engine""]","audios/train\410131.wav"
"386554.wav","/m/02mk9","[""/m/07q2z82"", ""/m/02mk9""]","engine","[""Accelerating_and_revving_and_vroom"", ""engine""]","audios/train\386554.wav"
"410143.wav","/m/02mk9","[""/m/07q2z82"", ""/m/02mk9""]","engine","[""Accelerating_and_revving_and_vroom"", ""engine""]","audios/train\410143.wav"
"90404.wav","/m/02mk9","[""/m/07q2z82"", ""/m/02mk9""]","engine","[""Accelerating_and_revving_and_vroom"", ""engine""]","audios/train\90404.wav"
"19024.wav","/m/02mk9","[""/m/07q2z82"", ""/m/02mk9""]","engine","[""Accelerating_and_revving_and_vroom"", ""engine""]","audios/train\19024.wav"
"186960.wav","/m/02mk9","[""/m/07q2z82"", ""/m/02mk9""]","engine","[""Accelerating_and_revving_and_vroom"", ""engine""]","audios/train\186960.wav"
"152660.wav","/m/02mk9","[""/m/07q2z82"", ""/m/02mk9""]","engine","[""Accelerating_and_revving_and_vroom"", ""engine""]","audios/train\152660.wav"
"152661.wav","/m/02mk9","[""/m/07q2z82"", ""/m/02mk9""]","engine","[""Accelerating_and_revving_and_vroom"", ""engine""]","audios/train\152661.wav"
"18772.wav","/m/02mk9","[""/m/07q2z82"", ""/m/02mk9""]","engine","[""Accelerating_and_revving_and_vroom"", ""engine""]","audios/train\18772.wav"
"18773.wav","/m/02mk9","[""/m/07q2z82"", ""/m/02mk9""]","engine","[""Accelerating_and_revving_and_vroom"", ""engine""]","audios/train\18773.wav"
"18774.wav","/m/02mk9","[""/m/07q2z82"", ""/m/02mk9""]","engine","[""Accelerating_and_revving_and_vroom"", ""engine""]","audios/train\18774.wav"
"161886.wav","/m/02mk9","[""/m/07q2z82"", ""/m/02mk9""]","engine","[""Accelerating_and_revving_and_vroom"", ""engine""]","audios/train\161886.wav"
"62932.wav","/m/02mk9","[""/m/07q2z82"", ""/m/02mk9""]","engine","[""Accelerating_and_revving_and_vroom"", ""engine""]","audios/train\62932.wav"
"75362.wav","/m/02mk9","[""/m/07q2z82"", ""/m/02mk9""]","engine","[""Accelerating_and_revving_and_vroom"", ""engine""]","audios/train\75362.wav"
"20839.wav","/m/02mk9","[""/m/07q2z82"", ""/m/02mk9""]","engine","[""Accelerating_and_revving_and_vroom"", ""engine""]","audios/train\20839.wav"
"62933.wav","/m/02mk9","[""/m/07q2z82"", ""/m/02mk9""]","engine","[""Accelerating_and_revving_and_vroom"", ""engine""]","audios/train\62933.wav"
"386948.wav","/m/02mk9","[""/m/07q2z82"", ""/m/02mk9""]","engine","[""Accelerating_and_revving_and_vroom"", ""engine""]","audios/train\386948.wav"
"58760.wav","/m/02mk9","[""/m/07q2z82"", ""/m/02mk9""]","engine","[""Accelerating_and_revving_and_vroom"", ""engine""]","audios/train\58760.wav"
"340623.wav","/m/02mk9","[""/m/07q2z82"", ""/m/02mk9""]","engine","[""Accelerating_and_revving_and_vroom"", ""engine""]","audios/train\340623.wav"
"62934.wav","/m/02mk9","[""/m/07q2z82"", ""/m/02mk9""]","engine","[""Accelerating_and_revving_and_vroom"", ""engine""]","audios/train\62934.wav"
"340628.wav","/m/02mk9","[""/m/07q2z82"", ""/m/02mk9""]","engine","[""Accelerating_and_revving_and_vroom"", ""engine""]","audios/train\340628.wav"
"369048.wav","/m/02mk9","[""/m/07q2z82"", ""/m/02mk9""]","engine","[""Accelerating_and_revving_and_vroom"", ""engine""]","audios/train\369048.wav"
"44189.wav","/m/02mk9","[""/m/07q2z82"", ""/m/02mk9""]","engine","[""Accelerating_and_revving_and_vroom"", ""engine""]","audios/train\44189.wav"
"428457.wav","/m/02mk9","[""/m/07q2z82"", ""/m/02mk9""]","engine","[""Accelerating_and_revving_and_vroom"", ""engine""]","audios/train\428457.wav"
"428459.wav","/m/02mk9","[""/m/07q2z82"", ""/m/02mk9""]","engine","[""Accelerating_and_revving_and_vroom"", ""engine""]","audios/train\428459.wav"
"425656.wav","/m/02mk9","[""/m/07q2z82"", ""/m/02mk9""]","engine","[""Accelerating_and_revving_and_vroom"", ""engine""]","audios/train\425656.wav"
"162499.wav","/m/02mk9","[""/m/07q2z82"", ""/m/02mk9""]","engine","[""Accelerating_and_revving_and_vroom"", ""engine""]","audios/train\162499.wav"
"112076.wav","/m/02mk9","[""/m/07q2z82"", ""/m/02mk9""]","engine","[""Accelerating_and_revving_and_vroom"", ""engine""]","audios/train\112076.wav"
"413904.wav","/m/02mk9","[""/m/07q2z82"", ""/m/02mk9""]","engine","[""Accelerating_and_revving_and_vroom"", ""engine""]","audios/train\413904.wav"
"62931.wav","/m/02mk9","[""/m/07q2z82"", ""/m/02mk9""]","engine","[""Accelerating_and_revving_and_vroom"", ""engine""]","audios/train\62931.wav"
"44762.wav","/m/02mk9","[""/m/07q2z82"", ""/m/02mk9""]","engine","[""Accelerating_and_revving_and_vroom"", ""engine""]","audios/train\44762.wav"
"340703.wav","/m/02mk9","[""/m/07q2z82"", ""/m/02mk9""]","engine","[""Accelerating_and_revving_and_vroom"", ""engine""]","audios/train\340703.wav"
"77036.wav","/m/02mk9","[""/m/07q2z82"", ""/m/02mk9""]","engine","[""Accelerating_and_revving_and_vroom"", ""engine""]","audios/train\77036.wav"
"127980.wav","/m/02mk9","[""/m/07q2z82"", ""/m/02mk9""]","engine","[""Accelerating_and_revving_and_vroom"", ""engine""]","audios/train\127980.wav"
"127981.wav","/m/02mk9","[""/m/07q2z82"", ""/m/02mk9""]","engine","[""Accelerating_and_revving_and_vroom"", ""engine""]","audios/train\127981.wav"
"143602.wav","/m/02mk9","[""/m/07q2z82"", ""/m/02mk9""]","engine","[""Accelerating_and_revving_and_vroom"", ""engine""]","audios/train\143602.wav"
"322550.wav","/m/02mk9","[""/m/07q2z82"", ""/m/02mk9""]","engine","[""Accelerating_and_revving_and_vroom"", ""engine""]","audios/train\322550.wav"
"176639.wav","/m/02mk9","[""/m/07q2z82"", ""/m/02mk9""]","engine","[""Accelerating_and_revving_and_vroom"", ""engine""]","audios/train\176639.wav"
